draw,staker_count,staker_tvl,initial_player_threshold,player_threshold,activation_threshold_pct,funding_minutes,threshold_decay_steps,cycle_minutes,pending_withdrawn_count,pending_withdrawn_tvl,player_position_count,player_tvl,bootstrap_player_tvl,countdown_player_tvl,player_effective_wallet_count,player_largest_share,player_gini,median_player_profit_multiple,target_player_probability,activated,activation_reason,winner_mode,winner_id,gross_prize,protocol_fee,winner_profit,staker_jackpot_paid,staker_pro_rata_paid,staker_erosion_paid,protocol_revenue_cumulative,value_conservation_error,staker_cumulative_pnl,player_cumulative_pnl,activation_floor,minutes_at_floor,funding_staker_withdrawal_count,funding_staker_withdrawal_tvl,queued_staker_withdrawal_count,queued_staker_withdrawal_tvl,queued_staker_withdrawal_minutes,funding_clock_resets
1,98,476.321087854,4.763210879,3.125142657,0.006561,40,4,45,0,0,8,6.312433037,3.914717507,2.39771553,7.170657,0.205553,0.178251,8.200817654,0.9,True,activated,player,player_00018,6.312433037,0.297552283,5.653493376,0.0,0.0,0.333424761,0.297552283,-0.0,-0.333424761,0.035872479,0.476321088,0,1,2.217012986,0,0,0,0
2,101,479.629968524,4.796299685,3.885002745,0.0081,20,2,25,0,0,7,7.123378949,4.594422862,2.528956087,3.270067,0.497245,0.502351,8.627696659,0.9,True,activated,player,player_00019,7.123378949,0.359566072,6.831755365,0.0,0.0,0.335740978,0.657118355,0.0,-0.669165739,0.012047385,0.479629969,0,0,0.0,0,0,0,0
3,100,476.330250781,4.763302508,3.472447528,0.00729,30,3,35,0,0,8,7.921470861,4.600394015,3.321076846,5.735771,0.245813,0.347112,9.47590625,0.9,True,activated,player,player_00021,7.921470861,0.315385077,5.992316456,0.0,0.0,0.333431176,0.972503431,-0.0,-1.002596915,0.030093484,0.476330251,0,1,2.567297021,0,0,0,0
4,99,484.788127977,4.84788128,3.926783837,0.0081,20,2,25,0,0,3,5.975176378,5.975176378,0,2.648204,0.505148,0.172124,3.100024021,0.9,True,activated,player,player_00013,5.975176378,0.241667563,4.591683694,0.0,0.0,0.33935169,1.214170994,0.0,-1.341948605,0.12777761,0.484788128,0,1,1.14280569,0,0,0,0
5,100,487.280633101,4.872806331,3.197048234,0.006561,40,4,45,0,0,6,6.294082496,5.488358949,0.805723547,4.111181,0.412546,0.309894,6.759127567,0.9,True,activated,staker,staker_00102,6.294082496,0.314704125,1.888224749,1.888224749,4.091153622,0.0,1.528875119,0.0,4.637429767,-6.166304886,0.487280633,0,0,0.0,0,0,0,0
6,100,495.575660317,4.955756603,3.612746564,0.00729,30,3,35,0,0,6,4.953744106,4.090309206,0.8634349,3.264069,0.466227,0.230629,5.509066208,0.9,True,activated,player,player_00034,4.953744106,0.204804332,3.891282303,0.0,0.0,0.346762087,1.733679451,0.0,4.290667679,-6.02434713,0.49557566,0,0,0.0,0,0,0,0
7,100,489.271894085,4.892718941,3.963102342,0.0081,20,2,25,0,0,3,4.278838994,4.278838994,0,1.480873,0.806032,0.511508,5.599718835,0.9,True,activated,player,player_00036,4.278838994,0.19571463,3.718577972,0.0,0.0,0.29951873,1.929394081,-0.0,3.99114895,-5.92054303,0.489271894,0,0,0.0,1,1.938690566,5,0
8,102,492.321743022,4.92321743,2.90711066,0.0059049,50,5,55,0,0,11,9.098365845,3.524589382,5.573776463,6.325787,0.283979,0.424484,15.115965056,0.9,True,activated,player,player_00038,9.098365845,0.457844404,8.699043682,0.0,0.0,0.34462522,2.387238485,0.0,3.646523729,-6.033762215,0.492321743,0,0,0.0,0,0,0,0
9,104,520.701949357,5.207019494,2.767223647,0.00531441,60,6,65,0,0,11,16.781204461,3.778400837,13.002803624,1.777214,0.743812,0.734861,37.17825086,0.9,True,activated,player,player_00049,16.781204461,0.233181986,4.430457732,0.0,0.0,0.364491365,2.620420471,0.0,3.282032365,-5.902452836,0.520701949,0,0,0.0,0,0,0,0
10,103,519.747885263,5.197478853,3.069059288,0.0059049,50,5,55,0,0,6,3.360946207,3.360946207,0,4.732329,0.297041,0.28859,6.518662664,0.9,True,activated,player,player_00034,3.360946207,0.129893647,2.467979288,0.0,0.0,0.235266234,2.750314118,0.0,3.04676613,-5.797080248,0.519747885,0,0,0.0,0,0,0,0
11,104,521.089519535,5.210895195,2.492355018,0.004782969,70,7,75,0,0,11,10.82865535,3.079232544,7.749422806,2.838821,0.56893,0.594263,15.32783254,0.9,True,activated,player,player_00052,10.82865535,0.251633323,4.781033136,0.0,0.0,0.364762664,3.001947441,-0.0,2.682003467,-5.683950907,0.52108952,0,0,0.0,0,0,0,0
12,105,530.650963016,5.30650963,3.481600968,0.006561,40,4,45,0,0,10,22.199219368,3.676380866,18.522838502,2.942139,0.4542,0.68809,54.632277757,0.9,True,activated,staker,staker_00044,22.199219368,1.109960968,6.65976581,6.65976581,14.429492589,0.0,4.111908409,-0.0,23.771261866,-27.883170275,0.530650963,0,0,0.0,0,0,0,0
13,103,543.032489065,5.430324891,2.597307561,0.004782969,70,7,75,1,0.226229191,8,7.332710856,3.216822262,4.115888594,2.819143,0.561305,0.57952,13.892142339,0.9,True,activated,player,player_00015,7.332710856,0.356622252,6.775822779,0.0,0.0,0.380122742,4.468530661,0.0,23.391139124,-27.859669785,0.543032489,0,3,24.382317288,0,0,0,0
14,103,563.914037526,5.639140375,2.69718336,0.004782969,70,7,75,0,0,13,6.812721215,3.070648259,3.742072956,7.319244,0.283523,0.35868,16.508822815,0.9,True,activated,player,player_00046,6.812721215,0.35022113,6.654201478,0.0,0.0,0.394739826,4.818751791,-0.0,22.996399298,-27.815151089,0.563914038,0,0,0.0,0,0,0,0
15,102,561.492849578,5.614928496,4.093282873,0.00729,30,3,35,0,0,9,7.768843445,4.841780055,2.92706339,6.465723,0.243199,0.305909,6.970479293,0.9,True,activated,player,player_00013,7.768843445,0.313625862,5.958891369,0.0,0.0,0.393044995,5.132377653,0.0,22.603354303,-27.735731956,0.56149285,0,0,0.0,0,0,0,0
16,106,589.947086481,5.899470865,4.7785714,0.0081,20,2,25,0,0,4,8.879407032,5.423599421,3.455807611,2.88455,0.409131,0.333883,3.395982736,0.9,True,activated,player,player_00030,8.879407032,0.282976278,5.376549273,0.0,0.0,0.412962961,5.41535393,-0.0,22.190391343,-27.605745273,0.589947086,0,0,0.0,0,0,0,0
17,107,594.604213569,5.946042136,3.511078421,0.0059049,50,5,55,0,0,8,5.166238314,3.555247491,1.610990823,5.251411,0.272279,0.396993,10.09854143,0.9,True,activated,player,player_00069,5.166238314,0.206060888,3.915156864,0.0,0.0,0.361636682,5.621414818,0.0,21.828754661,-27.450169478,0.594604214,0,0,0.0,0,0,0,0
18,109,632.217616577,6.322176166,3.733181804,0.0059049,50,5,55,0,0,11,15.059121726,4.743902983,10.315218743,4.616582,0.357459,0.53767,12.006879685,0.9,True,activated,player,player_00065,15.059121726,0.684415846,13.003901082,0.0,0.0,0.442552332,6.305830664,-0.0,21.386202329,-27.692032993,0.632217617,0,1,3.339993428,0,0,0,0
19,109,631.775064245,6.317750642,3.730568577,0.0059049,50,5,55,1,1.061141731,5,4.734929524,4.734929524,0,4.690172,0.300755,0.120282,4.730463065,0.9,True,activated,player,player_00066,4.734929524,0.210953734,4.008120944,0.0,0.0,0.331445067,6.516784398,0.0,21.054757262,-27.57154166,0.631775064,0,0,0.0,0,0,0,0
20,110,626.650360835,6.266503608,4.111453017,0.006561,40,4,45,0,0,6,15.079325152,4.449672054,10.629653098,1.927796,0.704916,0.606774,13.093315538,0.9,True,activated,player,player_00078,15.079325152,0.244416365,4.643910941,0.0,0.0,0.438655253,6.761200763,-0.0,20.61610201,-27.377302773,0.626650361,0,0,0.0,1,2.979459723,5,0
21,110,626.019709289,6.260197093,5.070759645,0.0081,20,2,25,0,0,6,10.60422147,5.295486775,5.308734695,3.854959,0.355382,0.401957,7.660917778,0.9,True,activated,player,player_00071,10.60422147,0.384926297,7.313599646,0.0,0.0,0.438213797,7.14612706,-0.0,20.177888213,-27.324015274,0.626019709,0,0,0.0,0,0,0,0
22,111,629.299675064,6.292996751,2.708928754,0.004304672,80,8,85,0,0,14,6.821967743,3.613806806,3.208160937,8.659688,0.162851,0.411244,24.268621854,0.9,True,activated,player,player_00031,6.821967743,0.309233162,5.87543008,0.0,0.0,0.440509773,7.455360223,0.0,19.737378441,-27.192738663,0.629299675,0,1,1.013680885,0,0,0,0
23,112,639.940734755,6.399407348,3.778786045,0.0059049,50,5,55,1,0.443504113,9,10.477793127,4.100125028,6.377668099,3.282122,0.45605,0.507185,21.005187697,0.9,True,activated,player,player_00089,10.477793127,0.307367624,5.839984856,0.0,0.0,0.447958514,7.762727847,-0.0,19.289419926,-27.052147773,0.639940735,0,0,0.0,0,0,0,0
24,113,681.038388646,6.810383886,4.021463581,0.0059049,50,5,55,0,0,6,4.39639023,4.39639023,0,4.290302,0.314397,0.353822,5.658277631,0.9,True,activated,player,player_00064,4.39639023,0.166096314,3.155829962,0.0,0.0,0.307747316,7.92882416,0.0,18.98167261,-26.910496771,0.681038389,0,1,18.162701367,0,0,0,0
25,113,680.73064133,6.807306413,5.513918195,0.0081,20,2,25,0,0,3,6.689262459,6.689262459,0,1.953205,0.607276,0.395121,1.738232455,0.9,True,activated,player,player_00078,6.689262459,0.154764155,2.940518939,0.0,0.0,0.468248372,8.083588315,-0.0,18.513424238,-26.597012553,0.680730641,0,0,0.0,0,0,0,0
26,111,672.879854031,6.72879854,3.218363483,0.004782969,70,7,75,0,0,11,8.387148266,5.627195839,2.759952427,6.327239,0.274853,0.383549,11.477334506,0.9,True,activated,staker,staker_00075,8.387148266,0.419357413,2.51614448,2.51614448,5.451646373,0.0,8.502945728,0.0,26.481215091,-34.984160819,0.672879854,0,0,0.0,0,0,0,0
27,111,680.847644884,6.808476449,4.020337258,0.0059049,50,5,55,0,0,7,5.907240813,5.564885845,0.342354968,3.970507,0.426347,0.420484,8.887989553,0.9,True,activated,player,player_00030,5.907240813,0.190110731,3.61210389,0.0,0.0,0.413506857,8.693056459,0.0,26.067708234,-34.760764693,0.680847645,0,0,0.0,0,0,0,0
28,110,676.488572042,6.76488572,4.438441521,0.006561,40,4,45,0,0,5,4.737513252,4.737513252,0,1.819301,0.724559,0.588048,12.175340183,0.9,True,activated,player,player_00065,4.737513252,0.081826623,1.55470584,0.0,0.0,0.331625928,8.774883083,0.0,25.736082306,-34.510965389,0.676488572,0,0,0.0,0,0,0,0
29,109,673.541793599,6.735417936,3.579477243,0.00531441,60,6,65,0,0,11,7.349023101,3.909611228,3.439411873,4.638769,0.376964,0.524542,20.154350599,0.9,True,activated,player,player_00065,7.349023101,0.252509094,4.797672787,0.0,0.0,0.471479256,9.027392177,-0.0,25.264603051,-34.291995227,0.673541794,0,0,0.0,0,0,0,0
30,108,669.836866637,6.698368666,3.559787742,0.00531441,60,6,65,0,0,11,9.542777034,4.979921126,4.562855908,7.147282,0.264531,0.377478,10.110246393,0.9,True,activated,player,player_00064,9.542777034,0.441163127,8.382099404,0.0,0.0,0.468885807,9.468555303,-0.0,24.795717244,-34.264272547,0.669836867,0,0,0.0,1,0.616840731,5,0
31,106,667.790949573,6.677909496,3.5489149,0.00531441,60,6,65,1,2.38645061,8,7.932508425,3.953301794,3.979206631,4.379878,0.383551,0.463999,9.339612221,0.9,True,activated,player,player_00101,7.932508425,0.373163869,7.090113513,0.0,0.0,0.467453665,9.841719172,-0.0,24.328263579,-34.169982752,0.66779095,0,1,0.960622315,0,0,0,0
32,107,667.727176643,6.677271766,4.867731118,0.00729,30,3,35,0,0,4,5.194048784,5.194048784,0,1.937892,0.673471,0.526326,11.990357529,0.9,True,activated,staker,staker_00004,5.194048784,0.259702439,1.558214635,1.558214635,3.37613171,0.0,10.101421612,0.0,29.262609924,-39.364031536,0.667727177,0,0,0.0,0,0,0,0
33,106,658.732731707,6.587327317,4.321945453,0.006561,40,4,45,0,0,9,8.033187617,4.880964267,3.15222335,5.611867,0.323379,0.388329,9.321178557,0.9,True,activated,staker,staker_00135,8.033187617,0.401659381,2.409956285,2.409956285,5.221571951,0.0,10.503080992,-0.0,36.89413816,-47.397219153,0.658732732,0,1,13.417466101,0,0,0,0
34,105,642.419958687,6.424199587,3.414083053,0.00531441,60,6,65,1,0.183195217,6,4.670681457,4.670681457,0,4.916272,0.325922,0.240352,6.458324639,0.9,True,activated,player,player_00109,4.670681457,0.173767668,3.3015857,0.0,0.0,0.326947702,10.676848661,-0.0,36.567190458,-47.244039119,0.642419959,0,0,0.0,0,0,0,0
35,103,636.558767419,6.365587674,5.156126016,0.0081,20,2,25,0,0,3,5.36199552,5.36199552,0,2.791474,0.407467,0.134974,1.673049211,0.9,True,activated,staker,staker_00123,5.36199552,0.268099776,1.608598656,1.608598656,3.485297088,0.0,10.944948437,0.0,41.661086202,-52.606034639,0.636558767,0,1,3.931729861,0,0,0,0
36,106,650.995424055,6.509954241,4.745756641,0.00729,30,3,35,0,0,4,5.270285577,5.270285577,0,2.380762,0.596748,0.407299,4.86960845,0.9,True,activated,player,player_00040,5.270285577,0.236023978,4.484455584,0.0,0.0,0.36891999,11.180972415,-0.0,41.292166212,-52.473138627,0.650995424,0,0,0.0,0,0,0,0
37,104,649.032679999,6.4903268,3.832473072,0.0059049,50,5,55,0,0,11,11.849318104,4.865363977,6.983954127,5.809428,0.235782,0.451553,6.324875289,0.9,True,activated,player,player_00063,11.849318104,0.534847621,10.162104795,0.0,0.0,0.454322876,11.715820036,0.0,40.837843336,-52.553663372,0.64903268,0,1,0.766125382,0,0,0,0
38,105,673.126954157,6.731269542,3.974747352,0.0059049,50,5,55,0,0,9,10.388548577,4.932605185,5.455943392,3.268605,0.465646,0.556207,17.286763177,0.9,True,activated,player,player_00021,10.388548577,0.407127542,7.735423304,0.0,0.0,0.471188868,12.122947578,-0.0,40.366654468,-52.489602046,0.673126954,0,2,2.215705548,0,0,0,0
39,103,664.258535728,6.642585357,4.358200253,0.006561,40,4,45,0,0,8,7.392999442,5.219308419,2.173691023,4.123116,0.407264,0.465909,17.3649694,0.9,True,activated,player,player_00120,7.392999442,0.318560038,6.05264073,0.0,0.0,0.464980975,12.441507616,0.0,39.901673493,-52.343181109,0.664258536,0,0,0.0,0,0,0,0
40,103,663.798849243,6.637988492,4.35518425,0.006561,40,4,45,0,0,6,6.66642968,6.494888611,0.171541069,3.52361,0.399966,0.450349,11.213350988,0.9,True,activated,player,player_00121,6.66642968,0.276830272,5.259775165,0.0,0.0,0.464659194,12.718337888,-0.0,39.437014299,-52.155352187,0.663798849,0,0,0.0,0,0,0,0
41,103,665.818297638,6.658182976,3.931590466,0.0059049,50,5,55,1,0.098790302,9,9.792314616,4.648648909,5.143665707,6.083262,0.264631,0.37929,12.860589513,0.9,True,activated,player,player_00123,9.792314616,0.4443663,8.442959707,0.0,0.0,0.466072808,13.162704189,0.0,38.97094149,-52.133645679,0.665818298,0,0,0.0,1,2.309819039,5,0
42,102,655.947090302,6.559470903,4.781854288,0.00729,30,3,35,0,0,6,7.078639428,4.925248792,2.153390636,5.433647,0.276604,0.165651,5.583600865,0.9,True,activated,player,player_00046,7.078639428,0.315539755,5.995255353,0.0,0.0,0.459162963,13.478243944,-0.0,38.511778527,-51.990022471,0.65594709,0,0,0.0,1,2.932704242,5,0
43,101,648.115490658,6.481154907,3.827057161,0.0059049,50,5,55,0,0,9,10.445676548,4.427222794,6.018453754,5.443508,0.333745,0.408122,10.231748024,0.9,True,activated,player,player_00065,10.445676548,0.370658269,7.042507113,0.0,0.0,0.453680843,13.848902213,0.0,38.058097684,-51.906999897,0.648115491,0,1,6.473103121,0,0,0,0
44,102,653.88410658,6.538841066,4.766815137,0.00729,30,3,35,0,0,5,5.38652209,4.840757996,0.545764094,2.525961,0.529365,0.52631,9.082539269,0.9,True,activated,player,player_00078,5.38652209,0.201201221,3.822823195,0.0,0.0,0.377056546,14.050103434,-0.0,37.681041137,-51.731144571,0.653884107,0,0,0.0,0,0,0,0
45,100,644.135965771,6.441359658,4.226176071,0.006561,40,4,45,0,0,9,9.320482855,6.099214772,3.221268083,5.858453,0.245608,0.402112,12.655149231,0.9,True,activated,player,player_00133,9.320482855,0.37410963,7.108082974,0.0,0.0,0.450895176,14.424213064,0.0,37.230145961,-51.654359025,0.644135966,0,0,0.0,0,0,0,0
46,99,636.874560843,6.368745608,6.368745608,0.01,0,0,5,0,0,6,18.08570964,9.91774779,8.16796185,2.748091,0.548375,0.526767,12.455865823,0.9,True,activated,player,player_00138,18.08570964,0.815322957,15.491136184,0.0,0.0,0.445812193,15.239536021,-0.0,36.784333769,-52.02386979,0.636874561,0,0,0.0,0,0,0,0
47,98,633.609536046,6.33609536,3.741400949,0.0059049,50,5,55,0,0,10,7.814164956,3.90329118,3.910873776,5.251335,0.281802,0.502337,24.087454557,0.9,True,activated,player,player_00013,7.814164956,0.302782286,5.752863438,0.0,0.0,0.443526675,15.542318307,-0.0,36.340807093,-51.883125401,0.633609536,0,0,0.0,0,0,0,0
48,97,630.837131162,6.308371312,4.138922418,0.006561,40,4,45,0,0,10,8.556358012,6.405707966,2.150650046,5.357388,0.33016,0.463777,14.616873064,0.9,True,activated,player,player_00081,8.556358012,0.308648821,5.8643276,0.0,0.0,0.441585992,15.850967128,0.0,35.899221102,-51.75018823,0.630837131,0,0,0.0,0,0,0,0
49,96,628.815348987,6.28815349,4.125657505,0.006561,40,4,45,0,0,10,12.373750784,4.658525209,7.715225575,5.487976,0.302339,0.483701,16.367775938,0.9,True,activated,player,player_00069,12.373750784,0.523787642,9.951965191,0.0,0.0,0.440170744,16.37475477,0.0,35.459050357,-51.833805127,0.628815349,0,2,6.253657468,0,0,0,0
50,96,628.375178243,6.283751782,3.71049259,0.0059049,50,5,55,1,0.583908141,7,5.836554948,4.828495836,1.008059112,3.434998,0.47583,0.480747,13.56675813,0.9,True,activated,player,player_00150,5.836554948,0.291821175,5.544602328,0.0,0.0,0.408558846,16.666575945,0.0,35.050491511,-51.717067456,0.628375178,0,0,0.0,0,0,0,0
51,96,626.332421107,6.263324211,4.56596335,0.00729,30,3,35,0,0,7,6.286650142,5.045634777,1.241015365,3.871164,0.378868,0.483234,7.492671486,0.9,True,activated,player,player_00130,6.286650142,0.289684464,5.504004817,0.0,0.0,0.438432695,16.956260409,-0.0,34.612058816,-51.568319225,0.626332421,0,1,2.512368702,0,0,0,0
52,98,628.755107191,6.287551072,5.658795965,0.009,10,1,15,0,0,7,10.019730773,5.931514979,4.088215794,4.329413,0.312023,0.439017,5.886471731,0.9,True,activated,staker,staker_00102,10.019730773,0.500986539,3.005919232,3.005919232,6.512825002,0.0,17.457246948,0.0,44.13080305,-61.588049998,0.628755107,0,0,0.0,0,0,0,0
53,98,582.656213727,5.826562137,3.822807418,0.006561,40,4,45,0,0,5,4.02216001,4.02216001,0,2.537209,0.452857,0.503814,16.470641816,0.9,True,activated,staker,staker_00039,4.02216001,0.201108001,1.206648003,1.206648003,2.614404007,0.0,17.658354948,0.0,47.95185506,-65.610210008,0.582656214,0,0,0.0,0,0,0,0
54,95,521.61339201,5.21613392,2.772067427,0.00531441,60,6,65,1,2.640966206,10,6.665704965,4.313797194,2.351907771,7.398442,0.205382,0.331257,10.458226705,0.9,True,activated,player,player_00011,6.665704965,0.283091077,5.378730467,0.0,0.0,0.365129374,17.941446026,-0.0,47.586725686,-65.528171711,0.521613392,0,1,60.24636287,0,0,0,0
55,94,520.140446137,5.201404461,4.681264015,0.009,10,1,15,0,0,3,6.066956222,5.377039719,0.689916503,1.424002,0.828217,0.513434,7.905422042,0.9,True,activated,staker,staker_00102,6.066956222,0.303347811,1.820086867,1.820086867,3.943521544,0.0,18.244793837,-0.0,53.350334096,-71.595127933,0.520140446,0,0,0.0,0,0,0,0
56,93,519.698265389,5.196982654,2.761889659,0.00531441,60,6,65,1,0.304477917,9,5.975856183,4.398745506,1.577110677,4.698921,0.357056,0.417276,9.862407561,0.9,True,activated,player,player_00055,5.975856183,0.292762799,5.562493177,0.0,0.0,0.363788786,18.537556635,0.0,52.986545311,-71.524101946,0.519698265,0,0,0.0,0,0,0,0
57,92,503.275575272,5.032755753,4.07653216,0.0081,20,2,25,0,0,7,12.747632727,6.045617982,6.702014745,3.51037,0.411412,0.516918,25.502960537,0.9,True,activated,player,player_00099,12.747632727,0.392769878,7.462627683,0.0,0.0,0.352292903,18.930326514,-0.0,52.634252408,-71.564578922,0.503275575,0,0,0.0,0,0,0,0
58,95,514.200777078,5.142007771,3.748523665,0.00729,30,3,35,0,0,6,4.323558722,3.784474888,0.539083834,4.202986,0.323333,0.346694,7.446069618,0.9,True,activated,player,player_00038,4.323558722,0.161412934,3.066845752,0.0,0.0,0.302649111,19.091739448,0.0,52.331603297,-71.423342745,0.514200777,0,0,0.0,0,0,0,0
59,94,513.599175393,5.135991754,3.36972419,0.006561,40,4,45,0,0,6,3.859164337,3.518122061,0.341042276,3.171641,0.412812,0.49003,10.322629401,0.9,True,activated,player,player_00011,3.859164337,0.126809772,2.409385674,0.0,0.0,0.270141504,19.21854922,0.0,52.061461794,-71.280011014,0.513599175,0,0,0.0,0,0,0,0
60,92,509.691085121,5.096910851,3.715648011,0.00729,30,3,35,0,0,7,8.33559554,4.871387161,3.464208379,4.348518,0.339011,0.421399,11.794836778,0.9,True,activated,player,player_00113,8.33559554,0.331598433,6.300370224,0.0,0.0,0.35678376,19.550147653,-0.0,51.704678034,-71.254825687,0.509691085,0,1,1.099876693,0,0,0,0
61,91,497.814450343,4.978144503,3.629067343,0.00729,30,3,35,0,0,6,5.807329148,3.883844721,1.923484427,3.414235,0.462208,0.429396,9.985777055,0.9,True,activated,player,player_00114,5.807329148,0.173580155,3.298022948,0.0,0.0,0.348470115,19.723727808,-0.0,51.356207919,-71.079935727,0.49781445,0,0,0.0,0,0,0,0
62,92,521.614067674,5.216140677,3.422309898,0.006561,40,4,45,0,0,6,5.583844871,5.281745173,0.302099698,3.163683,0.494055,0.46862,10.436886787,0.9,True,activated,player,player_00173,5.583844871,0.159512519,3.030737854,0.0,0.0,0.365129847,19.883240327,0.0,50.991078072,-70.874318398,0.521614068,0,0,0.0,1,24.048708236,5,0
63,92,498.754687594,4.987546876,3.635921673,0.00729,30,3,35,0,0,5,6.528048187,6.173728043,0.354320144,2.804759,0.438307,0.467069,9.523722103,0.9,True,activated,player,player_00021,6.528048187,0.200794471,3.815094942,0.0,0.0,0.349128281,20.084034797,-0.0,50.64194979,-70.725984588,0.498754688,0,0,0.0,0,0,0,0
64,93,507.262480376,5.072624804,2.695800798,0.00531441,60,6,65,0,0,12,8.656774977,2.852437848,5.804337129,6.277138,0.304172,0.474285,15.304610236,0.9,True,activated,player,player_00019,8.656774977,0.422256385,8.02287132,0.0,0.0,0.355083736,20.506291183,-0.0,50.286866054,-70.793157237,0.50726248,0,0,0.0,0,0,0,0
65,96,523.142367477,5.231423675,3.432337073,0.006561,40,4,45,0,0,7,5.230025364,3.51833808,1.711687284,5.1161,0.287577,0.339235,6.07577598,0.9,True,activated,player,player_00182,5.230025364,0.232056396,4.409071518,0.0,0.0,0.366101775,20.738347578,0.0,49.920764279,-70.659111857,0.523142367,0,0,0.0,0,0,0,0
66,99,532.862011051,5.328620111,4.795758099,0.009,10,1,15,0,0,5,5.671516871,4.948717728,0.722799143,1.491143,0.812132,0.654396,15.806099583,0.9,True,activated,player,player_00052,5.671516871,0.071925065,1.366576229,0.0,0.0,0.373003408,20.810272643,0.0,49.547760871,-70.358033514,0.532862011,0,1,4.849943541,0,0,0,0
67,100,533.281716663,5.332817167,3.148975209,0.0059049,50,5,55,0,0,9,8.477920754,4.478830372,3.999090382,3.760093,0.445944,0.562266,22.195871174,0.9,True,activated,player,player_00069,8.477920754,0.253526991,4.817012835,0.0,0.0,0.373297202,21.063799634,-0.0,49.174463669,-70.238263304,0.533281717,0,0,0.0,0,0,0,0
68,100,535.280070537,5.352800705,3.511972543,0.006561,40,4,45,1,0.169586507,5,4.433455592,4.294564874,0.138890718,2.572238,0.561288,0.498144,7.279884778,0.9,True,activated,staker,staker_00156,4.433455592,0.22167278,1.330036678,1.330036678,2.881746135,0.0,21.285472414,0.0,53.386246482,-74.671718896,0.535280071,0,0,0.0,0,0,0,0
69,100,538.998446589,5.389984466,4.365887417,0.0081,20,2,25,0,0,5,6.722748322,5.921909491,0.800838831,2.831909,0.466206,0.443263,15.437989101,0.9,True,activated,staker,staker_00181,6.722748322,0.336137416,2.016824497,2.016824497,4.369786409,0.0,21.62160983,0.0,59.772857388,-81.394467218,0.538998447,0,0,0.0,2,5.833898201,5,0
70,96,530.189606209,5.301896062,3.478574006,0.006561,40,4,45,0,0,6,9.471458382,7.620959033,1.850499349,3.017257,0.507796,0.498794,10.340674405,0.9,True,activated,player,player_00119,9.471458382,0.251651199,4.781372772,0.0,0.0,0.371132724,21.873261029,-0.0,59.401724663,-81.274985692,0.530189606,0,0,0.0,0,0,0,0
71,96,529.818473484,5.298184735,4.291529635,0.0081,20,2,25,0,0,5,5.974280519,4.589274885,1.385005634,3.18569,0.477453,0.393394,4.773085112,0.9,True,activated,player,player_00180,5.974280519,0.25685239,4.880195411,0.0,0.0,0.370872931,22.130113419,0.0,59.030851732,-81.16096515,0.529818473,0,0,0.0,0,0,0,0
72,98,537.70346104,5.37703461,3.919858231,0.00729,30,3,35,0,0,4,4.364512775,4.364512775,0,3.313961,0.392195,0.248365,3.700476691,0.9,True,activated,player,player_00194,4.364512775,0.208231145,3.956391764,0.0,0.0,0.305515894,22.338344564,-0.0,58.725335837,-81.063680402,0.537703461,0,0,0.0,0,0,0,0
73,98,540.678958401,5.406789584,3.547394646,0.006561,40,4,45,0,0,6,6.879425721,6.520326963,0.359098758,2.70418,0.556985,0.532484,12.368509454,0.9,True,activated,player,player_00148,6.879425721,0.349040184,6.631763497,0.0,0.0,0.378475271,22.687384748,-0.0,58.346860567,-81.034245315,0.540678958,0,1,4.07724292,0,0,0,0
74,96,541.558455358,5.415584554,2.878063671,0.00531441,60,6,65,1,0.773871354,11,5.059554836,2.982168347,2.077386489,8.230471,0.170844,0.330514,11.389077289,0.9,True,activated,player,player_00148,5.059554836,0.227466429,4.321862149,0.0,0.0,0.354168839,22.914851177,-0.0,57.992691728,-80.907542905,0.541558455,0,2,4.027445505,0,0,0,0
75,96,535.008636075,5.350086361,3.900212957,0.00729,30,3,35,0,0,4,4.471699303,4.471699303,0,2.311035,0.594021,0.4431,7.658921006,0.9,True,activated,player,player_00113,4.471699303,0.106421813,2.022014451,0.0,0.0,0.313018951,23.02127299,0.0,57.679672777,-80.700945767,0.535008636,0,0,0.0,0,0,0,0
76,97,536.19143609,5.361914361,2.564587017,0.004782969,70,7,75,1,0.690936786,10,7.313954727,4.075979181,3.237975546,4.866636,0.364523,0.501448,16.935343596,0.9,True,activated,player,player_00160,7.313954727,0.34503307,6.555628327,0.0,0.0,0.375334005,23.36630606,0.0,57.304338772,-80.670644832,0.536191436,0,0,0.0,0,0,0,0
77,96,534.172099268,5.341720993,3.894114604,0.00729,30,3,35,0,0,8,9.296045347,6.606281914,2.689763433,3.115133,0.521781,0.561481,12.589918056,0.9,True,activated,staker,staker_00122,9.296045347,0.464802267,2.788813604,2.788813604,6.042429476,0.0,23.831108327,-0.0,66.135581851,-89.966690179,0.534172099,0,0,0.0,0,0,0,0
78,95,531.174715275,5.311747153,4.780572437,0.009,10,1,15,0,0,3,6.797232394,6.437438708,0.359793686,2.204181,0.508267,0.303557,1.333422977,0.9,True,activated,staker,staker_00131,6.797232394,0.33986162,2.039169718,2.039169718,4.418201056,0.0,24.170969947,0.0,72.592952626,-96.763922573,0.531174715,0,0,0.0,0,0,0,0
79,94,535.745424929,5.357454249,4.339537942,0.0081,20,2,25,0,0,3,5.433444086,5.433444086,0,2.94898,0.393668,0.068588,2.268465282,0.9,True,activated,player,player_00156,5.433444086,0.183474542,3.4860163,0.0,0.0,0.375021797,24.354444489,-0.0,72.217930828,-96.572375317,0.535745425,0,0,0.0,0,0,0,0
80,92,524.552216529,5.245522165,3.441587093,0.006561,40,4,45,0,0,10,5.851876926,4.555239113,1.296637813,3.409185,0.502115,0.562575,20.796072101,0.9,True,activated,staker,staker_00174,5.851876926,0.292593846,1.755563078,1.755563078,3.803720002,0.0,24.647038336,-0.0,77.777213908,-102.424252243,0.524552217,0,1,1.1971782,0,0,0,0
81,94,533.621506243,5.336215062,3.501090702,0.006561,40,4,45,0,0,7,5.211703415,3.985527154,1.226176261,5.651014,0.305419,0.227738,6.686173972,0.9,True,activated,player,player_00031,5.211703415,0.199238546,3.785532368,0.0,0.0,0.364819239,24.846276881,-0.0,77.412394669,-102.25867155,0.533621506,0,0,0.0,0,0,0,0
82,97,539.355515538,5.393555155,3.538711537,0.006561,40,4,45,0,0,10,26.447104427,4.657856999,21.789247428,2.312443,0.640243,0.677651,24.094078431,0.9,True,activated,player,player_00220,26.447104427,0.494604313,9.397481938,0.0,0.0,0.377548861,25.340881194,0.0,77.034845808,-102.375727002,0.539355516,0,0,0.0,0,0,0,0
83,97,535.402230679,5.354022307,3.161496632,0.0059049,50,5,55,0,0,6,5.686728868,5.686728868,0,3.117434,0.451147,0.517911,8.238640354,0.9,True,activated,player,player_00076,5.686728868,0.266777741,5.068777079,0.0,0.0,0.374781561,25.607658935,0.0,76.660064246,-102.267723181,0.535402231,0,1,4.260370254,0,0,0,0
84,94,553.717630914,5.537176309,2.942682515,0.00531441,60,6,65,0,0,11,9.158075328,5.032431079,4.125644249,5.880879,0.289705,0.454282,16.000880227,0.9,True,activated,player,player_00222,9.158075328,0.465406224,8.842718261,0.0,0.0,0.387602342,26.073065159,-0.0,76.272461905,-102.345527064,0.553717631,0,2,3.508045856,0,0,0,0
85,93,569.3174118,5.693174118,3.735291539,0.006561,40,4,45,0,0,7,4.479515616,4.175299564,0.304216052,4.356798,0.341773,0.422433,9.809631555,0.9,True,activated,player,player_00130,4.479515616,0.163105143,3.098997716,0.0,0.0,0.313566093,26.236170302,0.0,75.958895812,-102.195066114,0.569317412,0,0,0.0,0,0,0,0
86,93,565.760867981,5.65760868,3.711957055,0.006561,40,4,45,0,0,6,5.410042911,3.950796387,1.459246524,4.723814,0.269729,0.289933,5.710949055,0.9,True,activated,player,player_00224,5.410042911,0.21647497,4.113024421,0.0,0.0,0.378703004,26.452645272,0.0,75.580192808,-102.032838079,0.565760868,0,1,2.141082069,0,0,0,0
87,93,563.072156058,5.630721561,2.992396297,0.00531441,60,6,65,0,0,8,4.266639519,3.546118426,0.720521093,6.36381,0.208009,0.276771,5.864540148,0.9,True,activated,player,player_00228,4.266639519,0.19223916,3.652544033,0.0,0.0,0.298664766,26.644884431,0.0,75.281528042,-101.926412473,0.563072156,0,0,0.0,0,0,0,0
88,96,589.273785028,5.89273785,3.479602773,0.0059049,50,5,55,1,0.343325288,5,3.708070424,3.708070424,0,4.224886,0.332974,0.240192,4.356537036,0.9,True,activated,player,player_00016,3.708070424,0.174506186,3.315617534,0.0,0.0,0.25956493,26.819390617,-0.0,75.021963112,-101.841353729,0.589273785,0,0,0.0,0,0,0,0
89,95,586.877793733,5.868777937,4.278339116,0.00729,30,3,35,0,0,6,7.19879204,7.015665103,0.183126937,2.960422,0.508922,0.523814,7.32369614,0.9,True,activated,player,player_00139,7.19879204,0.305846974,5.811092507,0.0,0.0,0.410814456,27.125237591,0.0,74.611148656,-101.736386247,0.586877794,0,1,2.136426365,0,0,0,0
90,95,578.698047342,5.786980473,2.767894821,0.004782969,70,7,75,0,0,12,9.555018562,3.342422876,6.212595686,3.02149,0.545424,0.636956,30.428578733,0.9,True,activated,player,player_00119,9.555018562,0.237428672,4.511144761,0.0,0.0,0.405088633,27.362666263,-0.0,74.206060023,-101.568726286,0.578698047,0,1,12.96217385,0,0,0,0
91,96,583.516162833,5.835161628,3.828449544,0.006561,40,4,45,0,0,6,7.282604403,4.59352454,2.689079863,3.594977,0.369247,0.398633,12.291029991,0.9,True,activated,player,player_00234,7.282604403,0.257515233,4.892789432,0.0,0.0,0.408461314,27.620181496,-0.0,73.797598709,-101.417780205,0.583516163,0,0,0.0,0,0,0,0
92,94,579.453551548,5.794535515,3.079453749,0.00531441,60,6,65,1,1.516328909,9,9.311753576,3.580688756,5.73106482,3.546025,0.448287,0.581009,29.521446168,0.9,True,activated,player,player_00177,9.311753576,0.418224432,7.946264199,0.0,0.0,0.405617486,28.038405928,-0.0,73.391981223,-101.430387151,0.579453552,0,0,0.0,1,4.570981835,5,0
93,92,572.93388109,5.729338811,3.383117274,0.0059049,50,5,55,0,0,9,5.746568397,4.029741922,1.716826475,6.560683,0.274084,0.314767,9.134907703,0.9,True,activated,player,player_00239,5.746568397,0.280318508,5.326051648,0.0,0.0,0.401053717,28.318724435,0.0,72.990927506,-101.309651942,0.572933881,0,0,0.0,0,0,0,0
94,93,582.693319983,5.8269332,4.247834303,0.00729,30,3,35,0,0,7,7.609020449,4.597059451,3.011960998,5.02961,0.315322,0.324604,9.803268836,0.9,True,activated,player,player_00138,7.609020449,0.345611723,6.566622745,0.0,0.0,0.407885324,28.664336159,-0.0,72.583042182,-101.247378341,0.58269332,0,0,0.0,0,0,0,0
95,95,611.405741682,6.114057417,3.249260788,0.00531441,60,6,65,0,0,8,5.048488719,4.354084402,0.694404317,5.331657,0.349311,0.316482,10.232036663,0.9,True,activated,staker,staker_00217,5.048488719,0.252424436,1.514546616,1.514546616,3.281517667,0.0,28.916760595,-0.0,77.379106465,-106.29586706,0.611405742,0,0,0.0,0,0,0,0
96,94,617.700215475,6.177002155,3.282712202,0.00531441,60,6,65,0,0,8,4.692344342,3.898812399,0.793531943,7.080013,0.179241,0.200709,7.240089023,0.9,True,activated,player,player_00036,4.692344342,0.208987466,3.970761847,0.0,0.0,0.328464104,29.12574806,0.0,77.050642361,-106.176390422,0.617700215,0,0,0.0,0,0,0,0
97,93,617.467744031,6.17467744,3.646085282,0.0059049,50,5,55,0,0,11,10.679586404,3.785355906,6.894230498,4.215944,0.442013,0.504051,20.772648989,0.9,True,activated,player,player_00250,10.679586404,0.521291487,9.904538258,0.0,0.0,0.432227421,29.647039548,0.0,76.618414941,-106.265454488,0.617467744,0,1,2.914968108,0,0,0,0
98,96,656.322886615,6.563228866,3.875521013,0.0059049,50,5,55,0,0,9,5.876472298,4.406270066,1.470202232,5.215854,0.353546,0.405022,14.298892642,0.9,True,activated,player,player_00036,5.876472298,0.210511179,3.9997124,0.0,0.0,0.411353061,29.857550727,0.0,76.20706188,-106.064612606,0.656322887,0,0,0.0,0,0,0,0
99,97,660.834351118,6.608343511,3.511944684,0.00531441,60,6,65,0,0,11,18.441404172,4.330753973,14.110650199,2.487552,0.619022,0.632806,26.798143428,0.9,True,activated,player,player_00220,18.441404172,0.37441727,7.113928133,0.0,0.0,0.462584046,30.231967997,-0.0,75.744477834,-105.976445831,0.660834351,0,0,0.0,1,22.122994451,5,0
100,95,633.327130011,6.3332713,3.73973337,0.0059049,50,5,55,0,0,11,9.285901693,4.239899589,5.046002104,6.844616,0.228706,0.418819,11.019584677,0.9,True,activated,player,player_00064,9.285901693,0.38027459,7.225217214,0.0,0.0,0.443328991,30.612242587,0.0,75.301148843,-105.91339143,0.63332713,0,0,0.0,0,0,0,0
101,97,644.74384118,6.447438412,4.700182602,0.00729,30,3,35,0,0,7,9.243129297,6.121922544,3.121206753,5.588501,0.292134,0.266522,6.910270052,0.9,True,activated,player,player_00249,9.243129297,0.426138459,8.096630728,0.0,0.0,0.451320689,31.038381046,-0.0,74.849828154,-105.8882092,0.644743841,0,0,0.0,0,0,0,0
102,97,644.292520492,6.442925205,3.804482904,0.0059049,50,5,55,0,0,8,5.547435811,3.812845931,1.73458988,6.493312,0.21888,0.26865,6.649089008,0.9,True,activated,player,player_00054,5.547435811,0.23607676,4.485458447,0.0,0.0,0.388320507,31.274457807,0.0,74.461507647,-105.735965454,0.64429252,0,0,0.0,0,0,0,0
103,95,642.46388898,6.42463889,3.072884865,0.004782969,70,7,75,0,0,12,8.743063266,3.925250648,4.817812618,7.301492,0.19862,0.440481,20.249646714,0.9,True,activated,player,player_00164,8.743063266,0.438568395,8.332799502,0.0,0.0,0.449724722,31.713026202,-0.0,74.011782925,-105.724809127,0.642463889,0,0,0.0,0,0,0,0
104,97,651.997855431,6.519978554,5.281182629,0.0081,20,2,25,0,0,8,10.947779785,5.438153966,5.509625819,6.254626,0.229729,0.298839,7.560481207,0.9,True,activated,player,player_00167,10.947779785,0.459899126,8.738083402,0.0,0.0,0.456398499,32.172925328,0.0,73.555384426,-105.728309754,0.651997855,0,0,0.0,0,0,0,0
105,96,641.207144837,6.412071448,3.78626407,0.0059049,50,5,55,0,0,11,12.498016196,6.927939252,5.570076944,4.72212,0.362594,0.565936,21.869818647,0.9,True,activated,player,player_00279,12.498016196,0.511548307,9.719417838,0.0,0.0,0.448845001,32.684473635,0.0,73.106539425,-105.79101306,0.641207145,0,1,10.334312095,0,0,0,0
106,96,625.695604993,6.25695605,4.105188864,0.006561,40,4,45,0,0,8,24.963533627,22.825494924,2.138038703,1.593414,0.778381,0.739721,33.360535788,0.9,True,activated,player,player_00220,24.963533627,0.298519588,5.671872172,0.0,0.0,0.437986923,32.982993223,-0.0,72.668552501,-105.651545725,0.625695605,0,1,3.421718786,0,0,0,0
107,97,626.288523588,6.262885236,5.636596712,0.009,10,1,15,0,0,7,9.358573022,6.294052221,3.064520801,2.822802,0.55791,0.530681,8.193161126,0.9,True,activated,player,player_00099,9.358573022,0.228786564,4.346944714,0.0,0.0,0.438401967,33.211779787,0.0,72.230150535,-105.441930322,0.626288524,0,0,0.0,0,0,0,0
108,100,642.805766261,6.428057663,4.217448632,0.006561,40,4,45,0,0,5,5.439657011,5.439657011,0,3.916955,0.316803,0.285304,3.818067729,0.9,True,activated,player,player_00180,5.439657011,0.206420171,3.92198325,0.0,0.0,0.380775991,33.418199958,-0.0,71.849374544,-105.267574502,0.642805766,0,0,0.0,0,0,0,0
109,103,649.350708668,6.493507087,3.834351,0.0059049,50,5,55,0,0,9,7.890780062,6.817037202,1.07374286,3.838444,0.393193,0.55528,19.935470686,0.9,True,activated,player,player_00224,7.890780062,0.300472732,5.708981912,0.0,0.0,0.454545496,33.71867269,-0.0,71.394829048,-105.113501738,0.649350709,0,0,0.0,0,0,0,0
110,105,657.624667027,6.57624667,3.883207896,0.0059049,50,5,55,0,0,6,7.252998771,7.252998771,0,1.666796,0.765379,0.657374,16.541898721,0.9,True,activated,player,player_00288,7.252998771,0.361180078,6.862421475,0.0,0.0,0.460337267,34.079852768,-0.0,70.934491781,-105.014344549,0.657624667,0,0,0.0,2,26.40342452,5,0
111,103,630.337829995,6.3033783,5.105736423,0.0081,20,2,25,0,0,4,6.118036635,5.86695521,0.251081425,2.09446,0.655098,0.468016,5.805882176,0.9,True,activated,player,player_00133,6.118036635,0.126919389,2.411468392,0.0,0.0,0.428262564,34.206772157,-0.0,70.506229217,-104.713001374,0.63033783,0,0,0.0,0,0,0,0
112,104,624.237784508,6.242377845,3.686061694,0.0059049,50,5,55,0,0,8,8.940917236,4.424714633,4.516202603,3.731509,0.450451,0.467444,15.985720853,0.9,True,activated,player,player_00150,8.940917236,0.446977038,8.492563715,0.0,0.0,0.436966449,34.653749195,0.0,70.069262767,-104.723011962,0.624237785,0,0,0.0,0,0,0,0
113,101,595.830803627,5.958308036,3.909245903,0.006561,40,4,45,0,0,10,15.734511164,7.423405474,8.31110569,4.653686,0.378519,0.523903,12.855017883,0.9,True,activated,player,player_00099,15.734511164,0.509788986,9.685990741,0.0,0.0,0.417081563,35.163538181,-0.0,69.652181205,-104.815719386,0.595830804,0,1,0.625680695,0,0,0,0
114,98,591.58759952,5.915875995,4.312673601,0.00729,30,3,35,1,0.306997835,3,5.035339011,5.035339011,0,1.89214,0.676098,0.407636,2.970798548,0.9,True,activated,player,player_00298,5.035339011,0.099171545,1.884259351,0.0,0.0,0.352473731,35.262709726,0.0,69.299707474,-104.5624172,0.5915876,0,0,0.0,0,0,0,0
115,98,591.235125789,5.912351258,4.789004519,0.0081,20,2,25,0,0,5,11.59894224,5.656266553,5.942675687,2.977659,0.435199,0.453236,4.733906289,0.9,True,activated,player,player_00030,11.59894224,0.348247671,6.616705756,0.0,0.0,0.413864588,35.610957397,-0.0,68.885842886,-104.496800283,0.591235126,0,0,0.0,0,0,0,0
116,97,595.003805758,5.950038058,3.513437973,0.0059049,50,5,55,0,0,10,7.587194659,3.564277081,4.022917578,5.904794,0.333484,0.373832,13.327270866,0.9,True,activated,player,player_00300,7.587194659,0.273674526,5.199815989,0.0,0.0,0.416502664,35.884631923,0.0,68.469340222,-104.353972145,0.595003806,0,1,3.900970467,0,0,0,0
117,100,593.29669213,5.932966921,5.339670229,0.009,10,1,15,0,0,2,5.669199333,5.669199333,0,1.788073,0.672135,0.172135,1.356354724,0.9,True,activated,player,player_00251,5.669199333,0.11277868,2.142794929,0.0,0.0,0.396843953,35.997410604,-0.0,68.072496269,-104.069906872,0.593296692,0,0,0.0,0,0,0,0
118,98,590.575831183,5.905758312,2.542235303,0.004304672,80,8,85,0,0,10,2.894757074,2.669102325,0.225654749,7.043963,0.220003,0.352485,12.719627657,0.9,True,activated,player,player_00259,2.894757074,0.124992768,2.374862583,0.0,0.0,0.202632995,36.122403371,0.0,67.869863274,-103.992266645,0.590575831,0,1,3.641227071,0,0,0,0
119,96,586.241400432,5.862414004,3.461696845,0.0059049,50,5,55,0,0,9,12.587917481,5.082395417,7.505522064,4.522394,0.396657,0.477891,9.953400031,0.9,True,activated,player,player_00308,12.587917481,0.400259835,7.604936859,0.0,0.0,0.41036898,36.522663206,0.0,67.459494293,-103.982157499,0.5862414,0,0,0.0,0,0,0,0
120,96,587.262185833,5.872621858,3.467724481,0.0059049,50,5,55,0,0,11,6.866075298,4.738432694,2.127642604,5.971927,0.289547,0.461775,11.94279653,0.9,True,activated,player,player_00312,6.866075298,0.347865655,6.609447441,0.0,0.0,0.41108353,36.870528861,-0.0,67.048410763,-103.918939624,0.587262186,0,0,0.0,1,1.986193936,5,0
121,95,598.259591543,5.982595915,4.845902691,0.0081,20,2,25,0,0,3,5.411933515,5.411933515,0,1.173822,0.92053,0.604741,14.439366522,0.9,True,activated,player,player_00313,5.411933515,0.040446156,0.76847696,0.0,0.0,0.378835346,36.910975016,0.0,66.669575417,-103.580550434,0.598259592,0,0,0.0,0,0,0,0
122,97,609.378888815,6.093788888,3.99813489,0.006561,40,4,45,0,0,9,6.220272117,4.073576473,2.146695644,6.282432,0.296737,0.319532,7.991033983,0.9,True,activated,player,player_00010,6.220272117,0.29333369,5.573340115,0.0,0.0,0.426565222,37.204308707,-0.0,66.243010195,-103.447318902,0.609378889,0,0,0.0,0,0,0,0
123,98,610.655943728,6.106559437,2.920748449,0.004782969,70,7,75,0,0,10,5.082523935,4.572993861,0.509530074,3.764648,0.459018,0.547473,11.226345056,0.9,True,activated,player,player_00176,5.082523935,0.155266498,2.950063461,0.0,0.0,0.355776675,37.359575205,-0.0,65.88723352,-103.246808724,0.610655944,0,1,2.09993003,1,10.026980108,5,0
124,97,640.186531242,6.401865312,3.402213703,0.00531441,60,6,65,0,0,9,7.85698766,3.900495541,3.956492119,3.495863,0.466276,0.588256,25.981047101,0.9,True,activated,player,player_00250,7.85698766,0.333329981,6.333269646,0.0,0.0,0.448130572,37.692905186,-0.0,65.439102948,-103.132008134,0.640186531,0,1,1.762815451,0,0,0,0
125,96,634.903525893,6.349035259,4.165602033,0.006561,40,4,45,1,0.688720319,5,8.284342788,4.167994833,4.116347955,3.086183,0.496883,0.386245,5.163126157,0.9,True,activated,player,player_00067,8.284342788,0.375737441,7.139011383,0.0,0.0,0.444432468,38.068642627,0.0,64.99467048,-103.063313107,0.634903526,0,0,0.0,0,0,0,0
126,96,626.568362994,6.26568363,4.567683366,0.00729,30,3,35,1,0.201711016,7,9.614242894,6.138914552,3.475328342,3.885694,0.333134,0.480401,15.655955301,0.9,True,activated,player,player_00284,9.614242894,0.342500395,6.507507503,0.0,0.0,0.438597854,38.411143022,0.0,64.556072625,-102.967215647,0.626568363,0,0,0.0,0,0,0,0
127,95,616.678432956,6.16678433,3.641424479,0.0059049,50,5,55,0,0,8,14.107428023,11.95871957,2.148708453,2.322589,0.633732,0.626646,24.659571577,0.9,True,activated,player,player_00327,14.107428023,0.279938938,5.31883983,0.0,0.0,0.431674903,38.69108196,0.0,64.124397722,-102.815479683,0.616678433,0,0,0.0,0,0,0,0
128,95,612.558516177,6.125585162,4.018996425,0.006561,40,4,45,0,0,7,5.410561418,4.733852854,0.676708564,4.983479,0.31716,0.345163,8.601887181,0.9,True,activated,player,player_00182,5.410561418,0.230332682,4.376320964,0.0,0.0,0.378739299,38.921414643,-0.0,63.745658423,-102.667073066,0.612558516,0,0,0.0,0,0,0,0
129,94,610.468576907,6.104685769,4.005284333,0.006561,40,4,45,0,0,7,5.314459491,4.279004862,1.035454629,5.041341,0.270178,0.351677,6.189583031,0.9,True,activated,player,player_00111,5.314459491,0.216743612,4.118128621,0.0,0.0,0.372012164,39.138158254,-0.0,63.373646259,-102.511804513,0.610468577,0,0,0.0,0,0,0,0
130,90,584.963809894,5.849638099,4.264386174,0.00729,30,3,35,0,0,8,6.198930264,4.378561454,1.82036881,4.868786,0.299636,0.44346,9.092965661,0.9,True,activated,player,player_00156,6.198930264,0.237549005,4.513431088,0.0,0.0,0.409474667,39.375707259,0.0,62.964171592,-102.339878851,0.58496381,0,2,19.210369731,1,2.467792163,5,0
131,88,581.333696048,5.81333696,4.708802938,0.0081,20,2,25,0,0,5,7.24636138,5.960096109,1.286265271,2.499767,0.583843,0.49215,6.958951835,0.9,True,activated,player,player_00335,7.24636138,0.171128,3.251432002,0.0,0.0,0.406933587,39.546835259,0.0,62.557238005,-102.104073264,0.581333696,0,0,0.0,0,0,0,0
132,90,578.415422725,5.784154227,3.794983589,0.006561,40,4,45,0,0,5,3.938083697,3.938083697,0,3.664487,0.402879,0.325093,3.716399079,0.9,True,activated,player,player_00124,3.938083697,0.167795067,3.188106282,0.0,0.0,0.275665859,39.714630327,-0.0,62.281572146,-101.996202472,0.578415423,0,1,10.122756115,0,0,0,0
133,90,589.005896777,5.890058968,2.817196945,0.004782969,70,7,75,0,0,8,3.85650735,3.85650735,0,5.825361,0.246215,0.347118,8.685524979,0.9,True,activated,player,player_00287,3.85650735,0.165548687,3.145425057,0.0,0.0,0.269955514,39.880179014,-0.0,62.011616631,-101.891795645,0.589005897,0,1,0.543253012,0,0,0,0
134,91,583.285193212,5.832851932,3.444240737,0.0059049,50,5,55,0,0,8,4.680547608,3.456162867,1.224384741,5.471337,0.315971,0.346809,11.62516975,0.9,True,activated,player,player_00340,4.680547608,0.226974524,4.312515948,0.0,0.0,0.327638333,40.107153537,0.0,61.683978299,-101.791131836,0.583285193,0,0,0.0,0,0,0,0
135,93,585.686345143,5.856863451,3.84268811,0.006561,40,4,45,0,0,7,13.998291921,11.335332805,2.662959116,2.318459,0.624031,0.625329,19.664538171,0.9,True,activated,player,player_00342,13.998291921,0.597391516,11.350438797,0.0,0.0,0.409980442,40.704545053,0.0,61.273997857,-101.97854291,0.585686345,0,0,0.0,0,0,0,0
136,93,585.276364701,5.852763647,5.267487282,0.009,10,1,15,0,0,5,12.501761202,6.494238986,6.007522216,3.292895,0.428361,0.369443,9.819288551,0.9,True,activated,player,player_00019,12.501761202,0.588624301,11.183861717,0.0,0.0,0.409693455,41.293169354,0.0,60.864304402,-102.157473756,0.585276365,0,0,0.0,0,0,0,0
137,92,581.882495316,5.818824953,3.817731052,0.006561,40,4,45,0,0,7,7.553288253,4.23104338,3.322244873,5.060023,0.253746,0.348679,5.471825134,0.9,True,activated,player,player_00347,7.553288253,0.317391188,6.030432572,0.0,0.0,0.407317747,41.610560542,-0.0,60.456986655,-102.067547197,0.581882495,0,0,0.0,0,0,0,0
138,92,579.319018852,5.793190189,4.223235647,0.00729,30,3,35,0,0,9,8.391510606,4.326392269,4.065118337,3.261047,0.421106,0.608324,23.810930674,0.9,True,activated,player,player_00138,8.391510606,0.295004948,5.605094012,0.0,0.0,0.405523313,41.90556549,0.0,60.051463342,-101.957028832,0.579319019,0,0,0.0,0,0,0,0
139,92,579.706644676,5.797066447,3.08079879,0.00531441,60,6,65,0,0,7,4.042252444,4.042252444,0,2.892506,0.478906,0.587434,19.828732785,0.9,True,activated,player,player_00183,4.042252444,0.19943156,3.789199638,0.0,0.0,0.282957671,42.10499705,0.0,59.768505671,-101.873502721,0.579706645,0,0,0.0,0,0,0,0
140,91,573.77483841,5.737748384,3.388083043,0.0059049,50,5,55,1,0.100618319,9,13.792665291,4.76366455,9.029000741,2.804954,0.508445,0.685794,37.804383449,0.9,True,activated,player,player_00274,13.792665291,0.631190009,11.99261017,0.0,0.0,0.401642387,42.736187059,0.0,59.366863284,-102.103050343,0.573774838,0,1,1.273285525,0,0,0,0
141,88,535.011801215,5.350118012,2.55894486,0.004782969,70,7,75,0,0,13,10.67141169,3.426914108,7.244497582,5.963946,0.311482,0.488625,21.545166974,0.9,True,activated,player,player_00352,10.67141169,0.440167729,8.363186854,0.0,0.0,0.374508261,43.176354788,-0.0,58.992355023,-102.168709811,0.535011801,0,2,14.896303637,0,0,0,0
142,88,533.664207979,5.33664208,3.501370869,0.006561,40,4,45,0,0,7,4.3178363,3.895936758,0.421899542,4.187893,0.351391,0.42144,13.567716725,0.9,True,activated,player,player_00296,4.3178363,0.215887951,4.101871071,0.0,0.0,0.302248541,43.392242739,-0.0,58.690106482,-102.082349221,0.533664208,0,0,0.0,0,0,0,0
143,87,532.170568289,5.321705683,3.491571099,0.006561,40,4,45,0,0,7,5.451111246,3.555349345,1.895761901,4.722289,0.308423,0.369203,13.686657945,0.9,True,activated,player,player_00356,5.451111246,0.207119121,3.935263306,0.0,0.0,0.372519398,43.59936186,0.0,58.317587084,-101.916948945,0.532170568,0,0,0.0,0,0,0,0
144,86,525.446540849,5.254465408,3.447454755,0.006561,40,4,45,0,0,6,5.119088589,4.342610934,0.776477655,4.734633,0.282538,0.291564,4.897095104,0.9,True,activated,player,player_00123,5.119088589,0.221759673,4.213433783,0.0,0.0,0.358336201,43.821121533,0.0,57.959250883,-101.780372416,0.525446541,0,0,0.0,0,0,0,0
145,86,526.760770483,5.267607705,3.840086017,0.00729,30,3,35,0,0,4,4.552530785,4.552530785,0,1.176229,0.920732,0.683607,30.858301412,0.9,True,activated,player,player_00284,4.552530785,0.033977318,0.645569036,0.0,0.0,0.318677155,43.855098851,-0.0,57.640573728,-101.495672579,0.52676077,0,0,0.0,0,0,0,0
146,88,526.591324034,5.26591324,3.454965677,0.006561,40,4,45,0,0,7,4.123970273,3.966178362,0.157791911,4.022482,0.322966,0.468426,12.331966606,0.9,True,activated,player,player_00274,4.123970273,0.154037291,2.926708521,0.0,0.0,0.288677919,44.009136142,0.0,57.351895809,-101.361031951,0.526591324,0,0,0.0,0,0,0,0
147,86,515.306458777,5.153064588,3.756584084,0.00729,30,3,35,0,0,7,6.745953622,4.62484356,2.121110062,2.908134,0.521082,0.559076,15.417862095,0.9,True,activated,player,player_00363,6.745953622,0.273364874,5.193932606,0.0,0.0,0.360714521,44.282501016,-0.0,56.991181288,-101.273682303,0.515306459,0,0,0.0,0,0,0,0
148,89,519.543667205,5.195436672,4.675893005,0.009,10,1,15,0,0,7,11.158086469,4.937865417,6.220221052,4.283967,0.382072,0.403606,9.012697563,0.9,True,activated,player,player_00224,11.158086469,0.445995665,8.473917637,0.0,0.0,0.363680567,44.728496681,0.0,56.627500721,-101.355997401,0.519543667,0,0,0.0,0,0,0,0
149,88,479.588686035,4.79588686,3.146581369,0.006561,40,4,45,0,0,9,6.591097057,4.464591315,2.126505742,7.301323,0.193677,0.27621,8.230929914,0.9,True,activated,player,player_00107,6.591097057,0.282513131,5.367749497,0.0,0.0,0.33571208,45.011009812,0.0,56.291788641,-101.302798453,0.479588686,0,1,6.737299145,0,0,0,0
150,88,480.469727183,4.804697272,3.502624311,0.00729,30,3,35,0,0,9,6.877593122,4.259220987,2.618372135,6.228817,0.217879,0.377054,10.615722661,0.9,True,activated,player,player_00371,6.877593122,0.299263768,5.686011591,0.0,0.0,0.336328809,45.31027358,-0.0,55.955459832,-101.265733412,0.480469727,0,0,0.0,0,0,0,0
151,90,482.801679758,4.828016798,3.167661821,0.006561,40,4,45,0,0,5,3.967785056,3.967785056,0,4.637069,0.294648,0.147933,4.349693194,0.9,True,activated,player,player_00061,3.967785056,0.153821599,2.922610383,0.0,0.0,0.277744954,45.464095179,0.0,55.677714878,-101.141810057,0.48280168,0,0,0.0,0,0,0,0
152,89,480.899881899,4.808998819,3.505760139,0.00729,30,3,35,0,0,9,15.958856751,9.045367928,6.913488823,4.525118,0.403719,0.45839,12.022739112,0.9,True,activated,player,player_00374,15.958856751,0.69675639,13.238371413,0.0,0.0,0.336629917,46.160851569,-0.0,55.34108496,-101.50193653,0.480899882,0,0,0.0,0,0,0,0
153,86,472.212474523,4.722124745,2.788367441,0.0059049,50,5,55,0,0,11,6.594576252,3.62346579,2.971110462,6.742401,0.251307,0.390294,13.791976748,0.9,True,activated,player,player_00127,6.594576252,0.318062069,6.043179303,0.0,0.0,0.330548732,46.478913638,0.0,55.010536228,-101.489449866,0.472212475,0,2,3.65768382,0,0,0,0
154,89,488.00651676,4.880065168,3.557567507,0.00729,30,3,35,0,0,7,5.820494176,4.210488563,1.610005613,3.894064,0.390772,0.465596,18.102552162,0.9,True,activated,player,player_00377,5.820494176,0.236050144,4.484952734,0.0,0.0,0.341604562,46.714963782,-0.0,54.668931666,-101.383895448,0.488006517,0,0,0.0,0,0,0,0
155,92,513.017439339,5.130174393,5.130174393,0.01,0,0,5,0,0,4,7.156966478,5.858599063,1.298367415,1.448148,0.818587,0.628248,26.621743688,0.9,True,activated,player,player_00322,7.156966478,0.082873981,1.574605641,0.0,0.0,0.359112208,46.797837763,0.0,54.309819459,-101.107657222,0.513017439,0,0,0.0,0,0,0,0
156,92,496.378048029,4.96378048,3.61859597,0.00729,30,3,35,0,0,8,7.556712377,4.451399715,3.105312662,4.81234,0.283533,0.450088,10.749705112,0.9,True,activated,player,player_00111,7.556712377,0.310025882,5.890491759,0.0,0.0,0.347464634,47.107863645,0.0,53.962354825,-101.07021847,0.496378048,0,1,20.697876834,0,0,0,0
157,91,489.64666049,4.896466605,2.891314566,0.0059049,50,5,55,0,0,6,2.912702283,2.912702283,0,5.335131,0.283009,0.186171,5.543250764,0.9,True,activated,player,player_00194,2.912702283,0.114613527,2.177657013,0.0,0.0,0.20388916,47.222477172,-0.0,53.758465665,-100.980942837,0.48964666,0,0,0.0,0,0,0,0
158,90,481.929803589,4.819298036,2.845747297,0.0059049,50,5,55,0,0,8,10.567749263,10.020429807,0.547319456,1.326595,0.866221,0.779907,52.57950283,0.9,True,activated,player,player_00220,10.567749263,0.087554677,1.663538856,0.0,0.0,0.337350863,47.310031848,0.0,53.421114803,-100.731146651,0.481929804,0,0,0.0,0,0,0,0
159,90,478.727972685,4.787279727,3.489926921,0.00729,30,3,35,0,0,8,6.232547839,3.790463481,2.442084358,6.061076,0.23062,0.316388,8.454498133,0.9,True,activated,player,player_00209,6.232547839,0.256515212,4.873789027,0.0,0.0,0.335109581,47.56654706,0.0,53.086005222,-100.652552282,0.478727973,0,0,0.0,0,0,0,0
160,89,477.942568646,4.779425686,2.822203074,0.0059049,50,5,55,0,0,9,8.023165237,4.608096253,3.415068984,5.426776,0.317308,0.426269,9.855362036,0.9,True,activated,player,player_00046,8.023165237,0.338827142,6.437715698,0.0,0.0,0.334559798,47.905374202,-0.0,52.751445424,-100.656819626,0.477942569,0,0,0.0,0,0,0,0
161,88,469.022021042,4.69022021,3.07725348,0.006561,40,4,45,0,0,9,8.207300786,4.156224063,4.051076723,5.803881,0.253797,0.408158,9.898193161,0.9,True,activated,player,player_00347,8.207300786,0.322631333,6.129995321,0.0,0.0,0.328315415,48.228005535,0.0,52.423130009,-100.651135544,0.469022021,0,0,0.0,0,0,0,0
162,89,474.861136485,4.748611365,3.461737685,0.00729,30,3,35,0,0,4,3.912788114,3.912788114,0,1.944474,0.694066,0.469242,8.312362239,0.9,True,activated,player,player_00388,3.912788114,0.07354757,1.397403829,0.0,0.0,0.273895168,48.301553105,0.0,52.149234841,-100.450787946,0.474861136,0,0,0.0,0,0,0,0
163,91,491.779558589,4.917795586,4.917795586,0.01,0,0,5,0,0,3,7.314413576,5.354628236,1.95978534,1.747045,0.732065,0.410094,5.637063671,0.9,True,activated,player,player_00030,7.314413576,0.115201552,2.188829479,0.0,0.0,0.344245691,48.416754657,0.0,51.80498915,-100.221743807,0.491779559,0,0,0.0,0,0,0,0
164,88,477.815864936,4.778158649,2.821454901,0.0059049,50,5,55,0,0,6,8.951233235,8.951233235,0,1.885588,0.710315,0.637825,14.647559368,0.9,True,activated,player,player_00065,8.951233235,0.146375438,2.781133316,0.0,0.0,0.334471105,48.563130094,0.0,51.470518045,-100.033648139,0.477815865,0,1,1.068945258,0,0,0,0
165,89,481.255967108,4.812559671,3.1575204,0.006561,40,4,45,0,0,9,5.732975267,4.224277575,1.508697692,6.681253,0.250623,0.312821,11.005610805,0.9,True,activated,player,player_00197,5.732975267,0.279377009,5.308163163,0.0,0.0,0.336879177,48.842507103,0.0,51.133638868,-99.976145971,0.481255967,0,0,0.0,1,0.503713144,5,0
166,87,479.527648784,4.795276488,3.884173955,0.0081,20,2,25,0,0,3,5.337405453,5.337405453,0,1.134573,0.9377,0.610474,24.098072446,0.9,True,activated,player,player_00392,5.337405453,0.033409609,0.634782571,0.0,0.0,0.335669354,48.875916712,0.0,50.797969514,-99.673886226,0.479527649,0,0,0.0,0,0,0,0
167,86,480.867458388,4.808674584,3.154971394,0.006561,40,4,45,0,0,10,7.800658209,4.729939637,3.070718572,4.931591,0.328297,0.509333,27.709744471,0.9,True,activated,player,player_00394,7.800658209,0.391663452,7.441605582,0.0,0.0,0.336607221,49.267580164,-0.0,50.461362293,-99.728942456,0.480867458,0,0,0.0,0,0,0,0
168,87,481.86637238,4.818663724,3.512805855,0.00729,30,3,35,0,0,4,4.137939553,4.137939553,0,1.287548,0.877902,0.649627,18.575729478,0.9,True,activated,player,player_00274,4.137939553,0.039744487,0.755145257,0.0,0.0,0.289655769,49.307324651,-0.0,50.171706524,-99.479031175,0.481866372,0,0,0.0,0,0,0,0
169,89,488.360283745,4.883602837,4.395242554,0.009,10,1,15,0,0,5,12.144225604,4.817651266,7.326574338,3.310919,0.377428,0.38924,2.830949846,0.9,True,activated,staker,staker_00295,12.144225604,0.60721128,3.643267681,3.643267681,7.893746643,0.0,49.914535931,0.0,61.708720848,-111.623256779,0.488360284,0,0,0.0,0,0,0,0
170,89,492.888689262,4.928886893,3.992398383,0.0081,20,2,25,0,0,8,12.909714115,6.271909038,6.637805077,3.547907,0.407974,0.55412,30.068168795,0.9,True,activated,player,player_00401,12.909714115,0.64829745,12.317651549,0.0,0.0,0.345022082,50.562833381,0.0,61.363698765,-111.926532146,0.492888689,0,0,0.0,0,0,0,0
171,89,490.191553051,4.901915531,3.21614678,0.006561,40,4,45,0,0,5,3.91317586,3.91317586,0,3.521573,0.449686,0.308944,7.324246026,0.9,True,activated,player,player_00404,3.91317586,0.186816304,3.549509769,0.0,0.0,0.27392231,50.749649684,0.0,61.089776455,-111.83942614,0.490191553,0,0,0.0,0,0,0,0
172,90,491.42902967,4.914290297,3.582517626,0.00729,30,3,35,0,0,4,16.395060813,16.395060813,0,1.154851,0.929524,0.689856,37.931921386,0.9,True,activated,player,player_00220,16.395060813,0.07497327,1.424492134,0.0,0.0,0.344000321,50.824622955,-0.0,60.745776134,-111.570399089,0.49142903,0,0,0.0,1,10.995937817,5,0
173,88,455.839954963,4.55839955,3.323073272,0.00729,30,3,35,0,0,4,3.956813984,3.956813984,0,3.047611,0.401246,0.304589,2.847041253,0.9,True,activated,player,player_00330,3.956813984,0.168255114,3.196847173,0.0,0.0,0.276976979,50.992878069,0.0,60.468799156,-111.461677225,0.455839955,0,0,0.0,0,0,0,0
174,90,473.690372718,4.736903727,2.797094282,0.0059049,50,5,55,0,0,6,3.295456047,3.295456047,0,3.320786,0.393667,0.455323,12.888720359,0.9,True,activated,player,player_00296,3.295456047,0.111441326,2.117385187,0.0,0.0,0.230681923,51.104319395,0.0,60.238117232,-111.342436627,0.473690373,0,1,1.202744177,0,0,0,0
175,86,434.152622184,4.341526222,2.848475354,0.006561,40,4,45,0,0,6,3.082213263,2.887970774,0.194242489,3.045801,0.52414,0.448579,9.415327101,0.9,True,activated,player,player_00168,3.082213263,0.143211858,2.721025294,0.0,0.0,0.215754928,51.247531252,-0.0,60.022362304,-111.269893556,0.434152622,0,2,31.063082419,0,0,0,0
176,87,437.163697348,4.371636973,3.541025949,0.0081,20,2,25,0,0,8,10.25418794,5.639970373,4.614217567,3.581668,0.462434,0.526641,15.419702718,0.9,True,activated,player,player_00342,10.25418794,0.428194546,8.135696371,0.0,0.0,0.306014588,51.675725798,-0.0,59.716347716,-111.392073514,0.437163697,0,0,0.0,0,0,0,0
177,85,428.017943254,4.280179433,2.808225726,0.006561,40,4,45,0,0,10,7.437710738,4.182529409,3.255181329,6.504542,0.241849,0.396184,13.031002368,0.9,True,activated,player,player_00412,7.437710738,0.363702948,6.910356004,0.0,0.0,0.29961256,52.039428746,0.0,59.416735155,-111.456163901,0.428017943,0,0,0.0,0,0,0,0
178,85,427.718330694,4.277183307,3.118066631,0.00729,30,3,35,0,0,6,7.519558655,3.233591119,4.285967536,3.62627,0.40877,0.438518,7.785722105,0.9,True,activated,player,player_00398,7.519558655,0.289805626,5.506306889,0.0,0.0,0.299402831,52.329234371,0.0,59.117332324,-111.446566695,0.427718331,0,0,0.0,0,0,0,0
179,83,421.625379976,4.2162538,2.489655706,0.0059049,50,5,55,0,0,11,10.40309137,2.538178978,7.864912392,2.71163,0.579066,0.677826,34.350828611,0.9,True,activated,player,player_00422,10.40309137,0.476047665,9.044905643,0.0,0.0,0.295137766,52.805282037,0.0,58.822194558,-111.627476595,0.42162538,0,0,0.0,0,0,0,0
180,82,423.04870154,4.230487015,2.24825425,0.00531441,60,6,65,0,0,9,4.232764136,2.42845129,1.804312846,5.330487,0.306958,0.415655,13.587466752,0.9,True,activated,staker,staker_00135,4.232764136,0.211638207,1.269829241,1.269829241,2.751296688,0.0,53.016920244,0.0,62.843320487,-115.860240731,0.423048702,0,1,6.412461835,0,0,0,0
181,80,422.992543146,4.229925431,2.497728668,0.0059049,50,5,55,0,0,8,3.434031319,2.57463657,0.859394749,7.508981,0.173554,0.141267,6.657130743,0.9,True,activated,player,player_00190,3.434031319,0.161519426,3.068869094,0.0,0.0,0.240382192,53.17843967,-0.0,62.602938295,-115.781377964,0.422992543,0,1,5.106600806,0,0,0,0
182,80,423.335592837,4.233355928,2.499754342,0.0059049,50,5,55,0,0,6,3.145600855,3.145600855,0,4.473735,0.346544,0.3136,5.559349103,0.9,True,activated,player,player_00360,3.145600855,0.137369089,2.610012686,0.0,0.0,0.22019206,53.315808758,0.0,62.382746235,-115.698554993,0.423335593,0,0,0.0,0,0,0,0
183,82,424.996110739,4.249961107,3.098221647,0.00729,30,3,35,0,0,7,8.273524872,4.340567647,3.932957225,6.207898,0.23512,0.19644,7.094092546,0.9,True,activated,player,player_00412,8.273524872,0.379302783,7.206752873,0.0,0.0,0.297497278,53.695111541,-0.0,62.085248958,-115.780360499,0.424996111,0,0,0.0,0,0,0,0
184,82,422.694339824,4.226943398,2.773297564,0.006561,40,4,45,0,0,7,7.273099599,3.289724466,3.983375133,2.874083,0.528624,0.564025,12.938815827,0.9,True,activated,staker,staker_00270,7.273099599,0.36365498,2.18192988,2.18192988,4.727514739,0.0,54.058766521,-0.0,68.994693577,-123.053460098,0.42269434,0,1,2.58565903,1,44.15254018,5,0
185,79,380.469205909,3.804692059,2.773620511,0.00729,30,3,35,0,0,5,3.79799612,2.807046176,0.990949944,3.365367,0.445898,0.366197,7.266634205,0.9,True,activated,player,player_00436,3.79799612,0.153645295,2.919260609,0.0,0.0,0.265859728,54.212411816,-0.0,68.728833848,-122.941245664,0.380469206,0,0,0.0,0,0,0,0
186,78,373.67852995,3.736785299,2.451704835,0.006561,40,4,45,0,0,10,12.001619605,3.267847806,8.733771799,3.11692,0.542478,0.527728,17.292813576,0.9,True,activated,player,player_00342,12.001619605,0.287628985,5.464950707,0.0,0.0,0.261574971,54.500040801,0.0,68.467258877,-122.967299678,0.37367853,0,0,0.0,0,0,0,0
187,77,375.6197887,3.756197887,2.73826826,0.00729,30,3,35,0,0,5,3.47722281,3.031803887,0.445418923,3.068797,0.454626,0.426075,6.985444149,0.9,True,activated,player,player_00038,3.47722281,0.106989569,2.032801807,0.0,0.0,0.243405597,54.60703037,0.0,68.223853281,-122.83088365,0.375619789,0,1,3.412677637,0,0,0,0
188,75,349.449343996,3.49449344,2.063463431,0.0059049,50,5,55,0,0,7,3.078655749,2.952027648,0.126628101,4.076954,0.294461,0.433839,21.968090159,0.9,True,activated,staker,staker_00193,3.078655749,0.153932787,0.923596725,0.923596725,2.001126237,0.0,54.760963157,-0.0,71.148576242,-125.909539399,0.349449344,0,2,25.927039108,0,0,0,0
189,76,354.261247275,3.542612473,2.091877239,0.0059049,50,5,55,0,0,6,2.242320041,2.242320041,0,4.178209,0.4023,0.312416,6.125857773,0.9,True,activated,player,player_00372,2.242320041,0.102601585,1.949430109,0.0,0.0,0.156962403,54.863564742,0.0,70.991613839,-125.855178581,0.354261247,0,0,0.0,0,0,0,0
190,77,346.911545324,3.469115453,2.276086649,0.006561,40,4,45,0,0,9,6.59113352,3.299525276,3.291608244,4.781506,0.362554,0.479723,10.971692468,0.9,True,activated,staker,staker_00135,6.59113352,0.329556676,1.977340056,1.977340056,4.284236788,0.0,55.193121418,0.0,77.253190683,-132.446312101,0.346911545,0,0,0.0,0,0,0,0
191,77,353.341298845,3.533412988,2.862064521,0.0081,20,2,25,0,0,8,11.844323973,2.931946337,8.912377636,3.678741,0.453716,0.522824,13.820072986,0.9,True,activated,player,player_00182,11.844323973,0.496456985,9.432682707,0.0,0.0,0.247338909,55.689578402,-0.0,77.005851774,-132.695430176,0.353341299,0,0,0.0,0,0,0,0
192,77,353.093959936,3.530939599,2.574054968,0.00729,30,3,35,0,0,4,3.220032781,3.220032781,0,2.243485,0.62747,0.427721,5.641177211,0.9,True,activated,staker,staker_00282,3.220032781,0.161001639,0.966009834,0.966009834,2.093021308,0.0,55.850580041,0.0,80.064882916,-135.915462957,0.35309396,0,0,0.0,0,0,0,0
193,77,356.152991078,3.561529911,2.884839228,0.0081,20,2,25,0,0,7,6.528844508,4.641899835,1.886944673,4.058158,0.383567,0.453264,11.061294086,0.9,True,activated,staker,staker_00334,6.528844508,0.326442225,1.958653352,1.958653352,4.24374893,0.0,56.177022267,-0.0,86.267285199,-142.444307465,0.356152991,0,0,0.0,0,0,0,0
194,77,363.117615721,3.631176157,2.941252687,0.0081,20,2,25,0,0,8,7.554854703,3.076072154,4.478782549,5.470627,0.267426,0.382836,7.265297856,0.9,True,activated,staker,staker_00277,7.554854703,0.377742735,2.266456411,2.266456411,4.910655557,0.0,56.554765002,-0.0,93.444397166,-149.999162168,0.363117616,0,0,0.0,0,0,0,0
195,78,373.109075781,3.731090758,3.022183514,0.0081,20,2,25,0,0,7,4.691978816,3.625127477,1.066851339,2.876923,0.540429,0.562069,11.052601079,0.9,True,activated,player,player_00454,4.691978816,0.21102674,4.009508068,0.0,0.0,0.261176353,56.765791742,0.0,93.183220813,-149.949012556,0.373109076,0,1,3.454245141,0,0,0,0
196,80,381.912618927,3.819126189,3.093492213,0.0081,20,2,25,0,0,7,15.979938567,4.45009341,11.529845157,2.405525,0.582504,0.656042,18.660433339,0.9,True,activated,player,player_00417,15.979938567,0.605565894,11.505751992,0.0,0.0,0.267338833,57.371357637,-0.0,92.91588198,-150.287239617,0.381912619,0,0,0.0,1,0.376806587,5,0
197,77,375.328562405,3.753285624,1.795184879,0.004782969,70,7,75,0,0,13,17.980616928,3.383037614,14.597579314,3.536314,0.456744,0.685898,62.904559955,0.9,True,activated,player,player_00342,17.980616928,0.501540527,9.529270015,0.0,0.0,0.262729994,57.872898164,0.0,92.653151986,-150.52605015,0.375328562,0,1,3.42925382,0,0,0,0
198,76,370.167437501,3.701674375,2.698520619,0.00729,30,3,35,0,0,4,3.212446351,3.212446351,0,2.497857,0.527853,0.337919,2.353823501,0.9,True,activated,player,player_00353,3.212446351,0.087080951,1.654538063,0.0,0.0,0.224871245,57.959979114,-0.0,92.428280742,-150.388259856,0.370167438,0,1,4.898394911,0,0,0,0
199,77,371.324519993,3.7132452,2.436260176,0.006561,40,4,45,0,0,5,2.811219302,2.811219302,0,3.157583,0.464747,0.410638,5.576797689,0.9,True,activated,player,player_00464,2.811219302,0.128508912,2.441669328,0.0,0.0,0.196785351,58.088488026,-0.0,92.231495391,-150.319983417,0.37132452,0,0,0.0,0,0,0,0
200,78,374.194825247,3.741948252,3.030978085,0.0081,20,2,25,0,0,3,3.771120985,3.771120985,0,2.13729,0.562555,0.340512,1.684415988,0.9,True,activated,staker,staker_00135,3.771120985,0.188556049,1.131336295,1.131336295,2.45122864,0.0,58.277044076,0.0,95.814060326,-154.091104402,0.374194825,0,0,0.0,0,0,0,0
201,78,377.777390183,3.777773902,2.478597457,0.006561,40,4,45,0,0,10,15.846106021,5.470749005,10.375357016,3.473201,0.488945,0.554531,19.272275352,0.9,True,activated,player,player_00156,15.846106021,0.660053227,12.541011307,0.0,0.0,0.264444173,58.937097302,0.0,95.549616153,-154.486713456,0.37777739,0,0,0.0,0,0,0,0
202,77,375.78544055,3.757854406,2.739475862,0.00729,30,3,35,1,0.932837995,8,10.916112051,4.801789098,6.114322953,5.473986,0.292699,0.371297,6.118010541,0.9,True,activated,player,player_00330,10.916112051,0.487525615,9.262986691,0.0,0.0,0.263049808,59.424622918,0.0,95.286566345,-154.711189263,0.375785441,0,0,0.0,0,0,0,0
203,76,376.22001366,3.762200137,2.7426439,0.00729,30,3,35,0,0,9,7.613050354,2.922876908,4.690173446,4.317538,0.289624,0.548233,15.789882488,0.9,True,activated,player,player_00472,7.613050354,0.283574152,5.387908881,0.0,0.0,0.26335401,59.708197069,-0.0,95.023212335,-154.731409405,0.376220014,0,1,1.496616931,1,45.828284134,5,0
204,77,333.861833989,3.33861834,3.004756506,0.009,10,1,15,0,0,7,13.71212942,3.375587495,10.336541925,3.167997,0.449754,0.563757,33.249404865,0.9,True,activated,player,player_00477,13.71212942,0.388937166,7.389806158,0.0,0.0,0.233703284,60.097134236,-0.0,94.789509052,-154.886643287,0.333861834,0,0,0.0,0,0,0,0
205,79,336.923416828,3.369234168,2.210554538,0.006561,40,4,45,0,0,8,10.624770873,2.341537507,8.283233366,1.898655,0.714536,0.671576,29.165568379,0.9,True,activated,player,player_00447,10.624770873,0.16344192,3.105396475,0.0,0.0,0.235846392,60.260576155,0.0,94.55366266,-154.814238815,0.336923417,0,0,0.0,0,0,0,0
206,79,336.687570437,3.366875704,3.030188134,0.009,10,1,15,0,0,5,16.490817467,3.165818954,13.324998513,1.942522,0.695994,0.567497,8.187502421,0.9,True,activated,player,player_00481,16.490817467,0.262449568,4.986541784,0.0,0.0,0.235681299,60.523025723,-0.0,94.317981361,-154.841007083,0.33668757,0,0,0.0,0,0,0,0
207,78,333.693620607,3.336936206,3.003242585,0.009,10,1,15,0,0,5,13.395006632,5.932683536,7.462323096,3.504913,0.416838,0.361373,4.258508001,0.9,True,activated,player,player_00250,13.395006632,0.597832613,11.358819646,0.0,0.0,0.233585534,61.120858336,-0.0,94.084395826,-155.205254162,0.333693621,0,0,0.0,0,0,0,0
208,78,334.89842212,3.348984221,1.977541693,0.0059049,50,5,55,0,0,9,10.17757223,2.057585686,8.119986544,2.593751,0.590777,0.628743,19.723273371,0.9,True,activated,player,player_00071,10.17757223,0.219966404,4.179361674,0.0,0.0,0.234428895,61.34082474,0.0,93.849966931,-155.19079167,0.334898422,0,0,0.0,0,0,0,0
209,77,333.628405611,3.336284056,2.432151077,0.00729,30,3,35,0,0,8,5.084952489,3.54712625,1.537826239,5.45856,0.323175,0.337996,9.922944752,0.9,True,activated,player,player_00088,5.084952489,0.218575331,4.152931291,0.0,0.0,0.233539884,61.559400071,0.0,93.616427047,-155.175827117,0.333628406,0,0,0.0,0,0,0,0
210,75,324.995434962,3.24995435,2.924958915,0.009,10,1,15,0,0,5,7.726112964,3.147058861,4.579054103,2.465011,0.531257,0.530986,13.960854192,0.9,True,activated,player,player_00488,7.726112964,0.192453072,3.656608375,0.0,0.0,0.227496804,61.751853143,-0.0,93.388930242,-155.140783385,0.324995435,0,1,4.650223447,0,0,0,0
211,74,321.680265039,3.21680265,2.895122385,0.009,10,1,15,0,0,3,3.388813763,3.16896489,0.219848873,1.796334,0.707616,0.428494,3.503111076,0.9,True,activated,staker,staker_00255,3.388813763,0.169440688,1.016644129,1.016644129,2.202728946,0.0,61.921293831,0.0,96.608303317,-158.529597148,0.321680265,0,0,0.0,0,0,0,0
212,73,306.667139026,3.06667139,1.810838789,0.0059049,50,5,55,0,0,9,3.618125119,2.506105163,1.112019956,6.242128,0.23665,0.373612,7.008489067,0.9,True,activated,player,player_00369,3.618125119,0.16007575,3.04143925,0.0,0.0,0.214666997,62.081369581,0.0,96.39363632,-158.475005901,0.306667139,0,1,11.771944209,1,3.078827445,5,0
213,72,303.375799763,3.033757998,2.457343978,0.0081,20,2,25,0,0,5,3.199285504,2.473334346,0.725951158,3.726049,0.39519,0.320569,4.439760987,0.9,True,activated,player,player_00135,3.199285504,0.147471176,2.801952353,0.0,0.0,0.21236306,62.228840758,-0.0,96.18127326,-158.410114018,0.3033758,0,0,0.0,0,0,0,0
214,76,328.332118707,3.283321187,2.154187031,0.006561,40,4,45,0,0,5,2.32147519,2.32147519,0,3.552675,0.421899,0.331125,4.295439753,0.9,True,activated,player,player_00237,2.32147519,0.101705294,1.932400577,0.0,0.0,0.162503263,62.330546051,0.0,96.018769997,-158.349316048,0.328332119,0,0,0.0,0,0,0,0
215,77,328.459259773,3.284592598,2.956133338,0.009,10,1,15,0,0,5,7.21932433,5.458620008,1.760704322,2.374806,0.610788,0.496061,5.795298957,0.9,True,activated,player,player_00030,7.21932433,0.151988443,2.887780411,0.0,0.0,0.229921482,62.482534494,-0.0,95.788848515,-158.271383009,0.32845926,0,0,0.0,0,0,0,0
216,76,327.852414147,3.278524141,1.742342148,0.00531441,60,6,65,0,0,7,3.231538838,3.231538838,0,4.319696,0.412796,0.340113,7.887751512,0.9,True,activated,player,player_00221,3.231538838,0.10618894,2.017589863,0.0,0.0,0.226207719,62.588723434,-0.0,95.562640796,-158.15136423,0.327852414,0,0,0.0,0,0,0,0
217,75,324.177347748,3.241773477,2.91759613,0.009,10,1,15,0,0,2,3.008863507,3.008863507,0,1.200719,0.907943,0.407943,5.130794712,0.9,True,activated,player,player_00133,3.008863507,0.024380428,0.463228132,0.0,0.0,0.210620445,62.613103862,0.0,95.352020351,-157.965124213,0.324177348,0,0,0.0,0,0,0,0
218,73,317.822671473,3.178226715,2.085234548,0.006561,40,4,45,0,0,9,3.435159147,2.369996532,1.065162615,7.505456,0.168331,0.24465,6.44979479,0.9,True,activated,staker,staker_00002,3.435159147,0.171757957,1.030547744,1.030547744,2.232853446,0.0,62.78486182,0.0,98.61542154,-161.40028336,0.317822671,0,2,3.94026817,0,0,0,0
219,76,328.860087005,3.28860087,2.959740783,0.009,10,1,15,0,0,2,2.988205436,2.988205436,0,1.376343,0.836573,0.336573,2.767493721,0.9,True,activated,player,player_00502,2.988205436,0.034876356,0.662650764,0.0,0.0,0.209174381,62.819738175,0.0,98.40624716,-161.225985335,0.328860087,0,1,1.308357065,0,0,0,0
220,75,307.612532336,3.076125323,2.491661512,0.0081,20,2,25,0,0,6,6.727897968,3.171620069,3.556277899,3.301733,0.437587,0.462109,11.018129945,0.9,True,activated,player,player_00488,6.727897968,0.244491145,4.645331754,0.0,0.0,0.215328773,63.06422932,0.0,98.190918387,-161.255147708,0.307612532,0,0,0.0,1,0.447083474,5,0
221,74,304.072860984,3.04072861,2.216691157,0.00729,30,3,35,0,0,8,8.521374895,2.648365587,5.873009308,4.965156,0.331608,0.419011,7.002056229,0.9,True,activated,player,player_00379,8.521374895,0.375360968,7.131858393,0.0,0.0,0.212851003,63.439590288,0.0,97.978067384,-161.417657673,0.304072861,0,0,0.0,0,0,0,0
222,73,303.121412912,3.031214129,1.449820321,0.004782969,70,7,75,1,0.424331901,9,6.200082072,1.881200934,4.318881138,2.421911,0.617994,0.643277,27.557270034,0.9,True,activated,player,player_00326,6.200082072,0.276812068,5.259429288,0.0,0.0,0.212184989,63.716402356,0.0,97.765882395,-161.482284752,0.303121413,0,0,0.0,0,0,0,0
223,76,323.113781829,3.231137818,2.908024036,0.009,10,1,15,0,0,2,4.994715031,4.994715031,0,1.602409,0.749059,0.249059,1.691433842,0.9,True,activated,player,player_00064,4.994715031,0.073978017,1.405582318,0.0,0.0,0.226179647,63.790380373,0.0,97.539702748,-161.330083121,0.323113782,0,0,0.0,0,0,0,0
224,76,317.657828055,3.176578281,2.08415301,0.006561,40,4,45,0,0,7,3.157128918,2.508340951,0.648787967,4.996854,0.256171,0.357132,5.534738321,0.9,True,activated,player,player_00054,3.157128918,0.144161979,2.739077598,0.0,0.0,0.220999024,63.934542352,-0.0,97.318703724,-161.253246076,0.317657828,0,0,0.0,0,0,0,0
225,76,309.004662016,3.09004662,2.502937762,0.0081,20,2,25,0,0,3,8.652627031,8.652627031,0,1.129771,0.939726,0.613582,22.845946055,0.9,True,activated,player,player_00447,8.652627031,0.036891377,0.700936171,0.0,0.0,0.216303263,63.971433729,0.0,97.10240046,-161.07383419,0.309004662,0,0,0.0,0,0,0,0
226,77,307.030281164,3.070302812,2.76327253,0.009,10,1,15,0,0,3,6.881805593,3.532142869,3.349662724,2.382924,0.486742,0.259885,1.403026322,0.9,True,activated,player,player_00243,6.881805593,0.321489184,6.108294496,0.0,0.0,0.214921197,64.292922913,0.0,96.887479264,-161.180402177,0.307030281,0,0,0.0,0,0,0,0
227,78,308.536618036,3.08536618,2.776829562,0.009,10,1,15,0,0,4,10.040161165,5.271596604,4.768564561,3.126427,0.407479,0.275743,4.435389505,0.9,True,activated,player,player_00093,10.040161165,0.453784658,8.621908505,0.0,0.0,0.215975633,64.746707571,-0.0,96.671503631,-161.418211202,0.308536618,0,0,0.0,0,0,0,0
228,78,307.356778206,3.073567782,1.81491104,0.0059049,50,5,55,0,0,10,6.958151442,2.180422525,4.777728917,3.553562,0.49595,0.523505,16.790074344,0.9,True,activated,player,player_00512,6.958151442,0.325781268,6.189844089,0.0,0.0,0.215149745,65.072488839,0.0,96.456353886,-161.528842725,0.307356778,0,0,0.0,0,0,0,0
229,76,300.672428738,3.006724287,2.191902005,0.00729,30,3,35,0,0,4,2.331228047,2.331228047,0,2.373498,0.600867,0.409291,5.91762799,0.9,True,activated,player,player_00066,2.331228047,0.101513912,1.928764319,0.0,0.0,0.163185963,65.174002751,0.0,96.293167923,-161.467170674,0.300672429,0,0,0.0,0,0,0,0
230,77,304.181329538,3.041813295,1.995733703,0.006561,40,4,45,0,0,9,6.087291358,2.357873901,3.729417457,4.588681,0.292081,0.492794,26.881941162,0.9,True,activated,player,player_00428,6.087291358,0.243164319,4.620122055,0.0,0.0,0.212926931,65.417167069,0.0,96.080240992,-161.497408062,0.30418133,0,0,0.0,0,0,0,0
231,75,301.5137031,3.015137031,1.602367439,0.00531441,60,6,65,0,0,12,6.644056843,2.95451035,3.689546493,7.124223,0.253891,0.43196,14.694963731,0.9,True,activated,player,player_00464,6.644056843,0.310929019,5.907651362,0.0,0.0,0.211059592,65.728096089,0.0,95.8691814,-161.597277489,0.301513703,0,2,2.263383449,0,0,0,0
232,76,303.231600841,3.032316008,2.456175967,0.0081,20,2,25,0,0,7,7.456391815,3.263731728,4.192660087,4.186903,0.326728,0.416066,9.415955065,0.9,True,activated,player,player_00078,7.456391815,0.261622089,4.970819693,0.0,0.0,0.212262121,65.989718178,-0.0,95.65691928,-161.646637457,0.303231601,0,0,0.0,0,0,0,0
233,76,303.126258281,3.031262583,2.455322692,0.0081,20,2,25,0,0,8,6.165618767,2.612501754,3.553117013,7.026529,0.188486,0.203834,7.042660108,0.9,True,activated,player,player_00404,6.165618767,0.287673157,5.465789974,0.0,0.0,0.212188381,66.277391334,0.0,95.444730899,-161.722122233,0.303126258,0,0,0.0,0,0,0,0
234,79,307.205876238,3.072058762,2.015577754,0.006561,40,4,45,0,0,7,6.889792412,5.160189105,1.729603307,3.569937,0.43869,0.506333,11.701070204,0.9,True,activated,player,player_00119,6.889792412,0.204117833,3.878238829,0.0,0.0,0.215044113,66.481509167,0.0,95.229686785,-161.711195953,0.307205876,0,0,0.0,0,0,0,0
235,79,310.166704059,3.101667041,2.035003745,0.006561,40,4,45,0,0,5,3.87232238,3.87232238,0,2.672675,0.488367,0.479819,15.278571532,0.9,True,activated,player,player_00194,3.87232238,0.109916177,2.088407354,0.0,0.0,0.217116693,66.591425344,0.0,95.012570093,-161.603995436,0.310166704,0,1,0.48675379,0,0,0,0
236,78,306.842238783,3.068422388,2.236879921,0.00729,30,3,35,0,0,6,6.45292069,2.467757948,3.985162742,3.489836,0.463499,0.415358,5.86245366,0.9,True,activated,player,player_00124,6.45292069,0.289723958,5.5047552,0.0,0.0,0.214789567,66.881149302,0.0,94.797780525,-161.678929827,0.306842239,0,0,0.0,0,0,0,0
237,80,307.933678266,3.079336783,2.244836515,0.00729,30,3,35,0,0,5,4.159443866,3.860002174,0.299441692,2.295955,0.614813,0.528641,12.929989593,0.9,True,activated,player,player_00148,4.159443866,0.090885849,1.726831125,0.0,0.0,0.215553575,66.97203515,0.0,94.582226951,-161.554262101,0.307933678,0,0,0.0,0,0,0,0
238,79,301.326612001,3.01326612,2.440745557,0.0081,20,2,25,0,0,6,8.332216455,6.844686284,1.487530171,2.284757,0.636936,0.543189,13.681187338,0.9,True,activated,player,player_00535,8.332216455,0.403955112,7.675147122,0.0,0.0,0.210928628,67.375990262,-0.0,94.371298322,-161.747288584,0.301326612,0,0,0.0,0,0,0,0
239,81,306.794137079,3.067941371,2.48503251,0.0081,20,2,25,0,0,3,7.26625499,7.26625499,0,1.426947,0.827941,0.505241,8.640893831,0.9,True,activated,player,player_00537,7.26625499,0.073249164,1.391734116,0.0,0.0,0.214755896,67.449239426,-0.0,94.156542426,-161.605781852,0.306794137,0,0,0.0,1,4.097994933,5,0
240,78,287.632437021,2.87632437,1.887156419,0.006561,40,4,45,0,0,7,5.563910537,2.567311652,2.996598885,3.141434,0.510058,0.519422,9.39243696,0.9,True,activated,player,player_00274,5.563910537,0.146366887,2.780970845,0.0,0.0,0.201342706,67.595606313,0.0,93.95519972,-161.550806033,0.287632437,0,1,1.227397682,1,0.232746249,5,0
241,80,306.560375112,3.065603751,2.483139038,0.0081,20,2,25,0,0,7,5.930753437,3.499657573,2.431095864,5.231881,0.262621,0.326339,7.20041846,0.9,True,activated,staker,staker_00326,5.930753437,0.296537672,1.779226031,1.779226031,3.854989734,0.0,67.892143985,-0.0,99.589415485,-167.48155947,0.306560375,0,0,0.0,0,0,0,0
242,80,318.003380908,3.180033809,2.575827385,0.0081,20,2,25,0,0,4,4.13464129,3.95097545,0.18366584,2.386284,0.559424,0.442891,6.560737945,0.9,True,activated,player,player_00356,4.13464129,0.102211221,1.94201319,0.0,0.0,0.222602367,67.994355205,-0.0,99.366813119,-167.361168324,0.318003381,0,0,0.0,0,0,0,0
243,79,352.010239527,3.520102395,2.566154646,0.00729,30,3,35,0,0,8,9.999954403,6.677524181,3.322430222,3.565508,0.408875,0.567915,26.226507347,0.9,True,activated,player,player_00535,9.999954403,0.404630652,7.687982393,0.0,0.0,0.246407168,68.398985857,0.0,99.120405951,-167.519391809,0.35201024,0,1,2.730950307,0,0,0,0
244,81,357.497176889,3.574971769,3.574971769,0.01,0,0,5,0,0,4,6.050533867,3.596288442,2.454245425,2.444622,0.594375,0.365841,5.919208358,0.9,True,activated,player,player_00061,6.050533867,0.267182635,5.076470072,0.0,0.0,0.250248024,68.666168493,-0.0,98.870157927,-167.53632642,0.357497177,0,0,0.0,0,0,0,0
245,77,351.866784967,3.51866785,2.565108862,0.00729,30,3,35,0,0,8,7.444889345,5.979103133,1.465786212,2.736143,0.572993,0.57063,16.31835201,0.9,True,activated,player,player_00251,7.444889345,0.171266386,3.254061327,0.0,0.0,0.246306749,68.837434878,0.0,98.623851178,-167.461286056,0.351866785,0,1,1.856478878,0,0,0,0
246,78,351.034077691,3.510340777,3.159306699,0.009,10,1,15,0,0,5,7.840856027,4.86575589,2.975100137,2.66703,0.560831,0.452579,8.112863635,0.9,True,activated,player,player_00224,7.840856027,0.184459388,3.504728364,0.0,0.0,0.245723854,69.021894266,-0.0,98.378127323,-167.400021589,0.351034078,0,0,0.0,0,0,0,0
247,77,350.454250524,3.504542505,1.357731571,0.003874205,90,9,95,1,0.07359896,12,5.932170401,3.639153778,2.293016623,5.100319,0.362001,0.535978,27.026869807,0.9,True,activated,player,player_00127,5.932170401,0.274868253,5.222496807,0.0,0.0,0.245317975,69.296762519,0.0,98.132809348,-167.429571867,0.350454251,0,2,1.609348215,0,0,0,0
248,76,350.370288302,3.503702883,3.153332595,0.009,10,1,15,0,0,5,4.453930208,3.448435455,1.005494753,1.694566,0.754293,0.617762,18.853457434,0.9,True,activated,player,player_00071,4.453930208,0.066981157,1.272641984,0.0,0.0,0.245259202,69.363743676,-0.0,97.887550146,-167.251293822,0.350370288,0,1,1.692709953,0,0,0,0
249,76,350.1250291,3.501250291,2.297170316,0.006561,40,4,45,0,0,6,3.589110095,2.764055122,0.825054973,4.498506,0.27848,0.32227,4.790545688,0.9,True,activated,staker,staker_00002,3.589110095,0.179455505,1.076733029,1.076733029,2.332921562,0.0,69.543199181,0.0,101.297204737,-170.840403917,0.350125029,0,0,0.0,0,0,0,0
250,75,352.507795269,3.525077953,2.312803645,0.006561,40,4,45,0,0,9,5.405593058,3.022860105,2.382732953,7.858674,0.167767,0.211653,6.633689004,0.9,True,activated,player,player_00525,5.405593058,0.243428561,4.625142663,0.0,0.0,0.246755457,69.786627742,-0.0,101.05044928,-170.837077022,0.352507795,0,1,1.026888421,0,0,0,0
251,75,348.336818434,3.483368184,3.483368184,0.01,0,0,5,0,0,6,8.869741329,4.575676815,4.294064514,3.08461,0.515875,0.460013,8.220086243,0.9,True,activated,player,player_00557,8.869741329,0.42343472,8.045259686,0.0,0.0,0.243835773,70.210062462,0.0,100.806613507,-171.016675969,0.348336818,0,0,0.0,0,0,0,0
252,76,353.83862883,3.538386288,2.321535244,0.006561,50,4,55,1,2.121965981,5,3.646162494,3.646162494,0,3.001452,0.444404,0.450053,5.938404325,0.9,True,activated,player,player_00067,3.646162494,0.113674037,2.159806698,0.0,0.0,0.24768704,70.323736499,0.0,100.558926467,-170.882662966,0.353838629,0,1,6.031256286,0,0,0,1
253,74,348.864224059,3.488642241,2.543220193,0.00729,30,3,35,0,0,9,5.076332625,2.904839684,2.171492941,6.458206,0.248136,0.332304,10.641385829,0.9,True,activated,player,player_00145,5.076332625,0.203045746,3.857869175,0.0,0.0,0.244204957,70.526782245,-0.0,100.31472151,-170.841503755,0.348864224,0,0,0.0,0,0,0,0
254,76,351.000691749,3.510006917,2.558795043,0.00729,30,3,35,0,0,6,5.26017834,2.726697123,2.533481217,4.416802,0.312521,0.331919,4.258266869,0.9,True,activated,player,player_00031,5.26017834,0.21763198,4.135007621,0.0,0.0,0.245700484,70.744414225,0.0,100.069021026,-170.813435251,0.351000692,0,0,0.0,0,0,0,0
255,77,344.27917448,3.442791745,2.788661313,0.0081,20,2,25,0,0,4,4.695443627,2.79850658,1.896937047,3.53851,0.403995,0.176107,3.842821922,0.9,True,activated,player,player_00564,4.695443627,0.1519751,2.887526902,0.0,0.0,0.240995422,70.896389325,-0.0,99.828025604,-170.724414929,0.344279174,0,1,10.607824827,0,0,0,0
256,78,352.722890627,3.527228906,2.571349873,0.00729,30,3,35,0,0,4,2.693121088,2.693121088,0,3.070392,0.422329,0.306285,3.123005729,0.9,True,activated,player,player_00326,2.693121088,0.087212819,1.657043558,0.0,0.0,0.188518476,70.983602144,0.0,99.639507127,-170.623109271,0.352722891,0,0,0.0,0,0,0,0
257,80,355.339196867,3.553391969,2.331380471,0.006561,40,4,45,1,0.259017996,6,3.172843034,2.346901343,0.825941691,2.814296,0.550079,0.488595,10.944526387,0.9,True,activated,player,player_00565,3.172843034,0.082481408,1.567146756,0.0,0.0,0.222099012,71.066083552,-0.0,99.417408115,-170.483491667,0.355339197,0,0,0.0,0,0,0,0
258,82,368.35030311,3.683503031,3.315152728,0.009,10,1,15,0,0,2,5.741849242,5.741849242,0,1.187076,0.913767,0.413767,5.348860269,0.9,True,activated,player,player_00513,5.741849242,0.037649106,0.715333015,0.0,0.0,0.257845212,71.103732658,-0.0,99.159562903,-170.263295561,0.368350303,0,0,0.0,0,0,0,0
259,81,360.520129231,3.605201292,2.920213047,0.0081,20,2,25,0,0,6,7.244838397,3.49471988,3.750118517,4.719322,0.314862,0.279267,6.907829529,0.9,True,activated,player,player_00326,7.244838397,0.283844585,5.393047108,0.0,0.0,0.25236409,71.387577243,0.0,98.907198812,-170.294776055,0.360520129,0,0,0.0,0,0,0,0
260,80,318.35523772,3.183552377,2.578677426,0.0081,20,2,25,0,0,5,5.402838256,3.421885489,1.980952767,3.826298,0.373953,0.302935,3.499547787,0.9,True,activated,player,player_00570,5.402838256,0.180264027,3.425016504,0.0,0.0,0.222848666,71.567841269,-0.0,98.684350146,-170.252191415,0.318355238,0,0,0.0,0,0,0,0
261,83,326.628104884,3.266281049,2.64568765,0.0081,20,2,25,0,0,8,12.994045238,6.30502792,6.689017318,3.484956,0.435288,0.566566,18.282750574,0.9,True,activated,staker,staker_00334,12.994045238,0.649702262,3.898213571,3.898213571,8.446129405,0.0,72.217543531,0.0,111.028693122,-183.246236653,0.326628105,0,0,0.0,0,0,0,0
262,84,336.84799251,3.368479925,2.728468739,0.0081,30,2,35,1,0.168914856,8,7.654603581,4.942061975,2.712541606,2.607385,0.584605,0.615595,19.367489847,0.9,True,activated,player,player_00578,7.654603581,0.331045235,6.289859462,0.0,0.0,0.235793595,72.548588766,-0.0,110.792899527,-183.341488294,0.336847993,0,0,0.0,0,0,0,1
263,85,338.747065234,3.387470652,2.743851228,0.0081,20,2,25,0,0,6,5.509656839,3.179473671,2.330183168,3.243072,0.462393,0.489958,7.900715777,0.9,True,activated,player,player_00379,5.509656839,0.159957711,3.039196502,0.0,0.0,0.237122946,72.708546477,0.0,110.555776582,-183.264323059,0.338747065,0,0,0.0,0,0,0,0
264,86,339.132337416,3.391323374,2.002542539,0.0059049,50,5,55,0,0,7,4.295781654,2.454283664,1.84149799,3.7595,0.428676,0.478359,9.000862317,0.9,True,activated,player,player_00279,4.295781654,0.134583815,2.557092485,0.0,0.0,0.237392636,72.843130292,-0.0,110.318383945,-183.161514237,0.339132337,0,0,0.0,0,0,0,0
265,87,331.796004129,3.317960041,2.687547633,0.0081,20,2,25,0,0,5,3.352423648,2.779463658,0.57295999,3.894845,0.329339,0.297919,4.232303626,0.9,True,activated,player,player_00031,3.352423648,0.124029848,2.356567103,0.0,0.0,0.232257203,72.967160139,0.0,110.086126743,-183.053286882,0.331796004,0,0,0.0,0,0,0,0
266,86,330.23369975,3.302336997,2.674892968,0.0081,20,2,25,0,0,4,4.352981307,2.832238355,1.520742952,3.039209,0.405579,0.308457,2.964797315,0.9,True,activated,player,player_00585,4.352981307,0.153170097,2.910231848,0.0,0.0,0.23116359,73.120330237,0.0,109.854963153,-182.975293389,0.3302337,0,1,0.618648672,0,0,0,0
267,86,330.00253616,3.300025362,1.948631976,0.0059049,50,5,55,0,0,8,3.705450815,2.591228876,1.114221939,5.028659,0.331401,0.413251,7.483911668,0.9,True,activated,player,player_00587,3.705450815,0.172424478,3.27606509,0.0,0.0,0.231001775,73.292754715,0.0,109.623961377,-182.916716093,0.330002536,0,0,0.0,0,0,0,0
268,86,327.263612389,3.272636124,2.65083526,0.0081,20,2,25,0,0,6,9.373305111,3.036189866,6.337115245,2.972366,0.517335,0.490235,10.596291919,0.9,True,activated,player,player_00590,9.373305111,0.237662584,4.515589087,0.0,0.0,0.229084529,73.530417299,-0.0,109.394876849,-182.925294147,0.327263612,0,0,0.0,0,0,0,0
269,84,323.54742801,3.23547428,2.620734167,0.0081,20,2,25,0,0,7,6.657821634,3.071560638,3.586260996,4.352987,0.373493,0.410162,8.518037017,0.9,True,activated,staker,staker_00415,6.657821634,0.332891082,1.99734649,1.99734649,4.327584062,0.0,73.86330838,0.0,115.719807401,-189.583115781,0.323547428,0,0,0.0,1,3.745141424,5,0
270,82,323.675574553,3.236755746,2.359594938,0.00729,30,3,35,0,0,9,7.638131035,4.763226357,2.874904678,5.639667,0.324855,0.38497,9.177332996,0.9,True,activated,player,player_00596,7.638131035,0.334356722,6.352777718,0.0,0.0,0.226572902,74.197665102,-0.0,115.493234499,-189.690899601,0.323675575,0,0,0.0,0,0,0,0
271,84,327.071255088,3.270712551,2.38434945,0.00729,30,3,35,0,0,8,4.397908409,2.630937063,1.766971346,4.356395,0.362029,0.457012,15.117142524,0.9,True,activated,staker,staker_00119,4.397908409,0.21989542,1.319372523,1.319372523,2.858640466,0.0,74.417560523,-0.0,119.671247487,-194.08880801,0.327071255,0,0,0.0,0,0,0,0
272,85,368.619530153,3.686195302,2.687236375,0.00729,30,3,35,0,0,4,2.932545687,2.932545687,0,2.453545,0.541741,0.427211,6.776334837,0.9,True,activated,player,player_00605,2.932545687,0.077457116,1.471685209,0.0,0.0,0.205278198,74.495017639,0.0,119.465969289,-193.960986928,0.36861953,0,0,0.0,1,6.86043334,5,0
273,85,364.303488076,3.643034881,2.655772428,0.00729,30,3,35,0,0,7,8.783137156,7.048499568,1.734637588,3.45926,0.47655,0.479877,8.773123396,0.9,True,activated,player,player_00164,8.783137156,0.407753756,7.747321364,0.0,0.0,0.255012442,74.902771395,0.0,119.210956848,-194.113728243,0.364303488,0,0,0.0,0,0,0,0
274,85,365.096817824,3.650968178,2.1558602,0.0059049,50,5,55,0,0,6,2.912803326,2.912803326,0,4.187818,0.306108,0.359065,4.088656238,0.9,True,activated,player,player_00611,2.912803326,0.121362869,2.305894508,0.0,0.0,0.203896233,75.024134264,-0.0,119.007060615,-194.031194879,0.365096818,0,0,0.0,0,0,0,0
275,85,364.892921591,3.648929216,2.394062459,0.006561,40,4,45,0,0,7,6.117262936,4.836265565,1.280997371,3.381606,0.498077,0.442836,10.827580898,0.9,True,activated,staker,staker_00119,6.117262936,0.305863147,1.835178881,1.835178881,3.976220908,0.0,75.329997411,0.0,124.818460404,-200.148457815,0.364892922,0,0,0.0,0,0,0,0
276,87,331.906525399,3.319065254,2.688442856,0.0081,20,2,25,0,0,8,11.521932566,3.04522046,8.476712106,2.480174,0.607643,0.610699,24.544809585,0.9,True,activated,player,player_00616,11.521932566,0.518215798,9.846100171,0.0,0.0,0.232334568,75.848213209,-0.0,124.586125836,-200.434339045,0.331906525,0,1,42.647735497,0,0,0,0
277,89,334.332816544,3.343328165,2.708095814,0.0081,20,2,25,0,0,8,4.597217122,2.844432596,1.752784526,4.902024,0.333981,0.426456,9.336532427,0.9,True,activated,player,player_00464,4.597217122,0.164793278,3.131072275,0.0,0.0,0.234032972,76.013006487,0.0,124.352092865,-200.365099351,0.334332817,0,0,0.0,0,0,0,0
278,88,316.296001141,3.162960011,1.867696257,0.0059049,50,5,55,0,0,6,5.169079102,5.169079102,0,2.340751,0.626371,0.543317,9.468404351,0.9,True,activated,player,player_00455,5.169079102,0.240125252,4.562379793,0.0,0.0,0.221407201,76.253131739,-0.0,124.130685664,-200.383817403,0.316296001,0,2,30.012059078,0,0,0,0
279,87,311.899591776,3.118995918,2.526386693,0.0081,20,2,25,0,0,6,5.396099028,3.170783103,2.225315925,4.922687,0.295185,0.257234,6.403211585,0.9,True,activated,player,player_00623,5.396099028,0.21871162,4.155520776,0.0,0.0,0.218329714,76.471843359,0.0,123.91235595,-200.384199308,0.311899592,0,0,0.0,0,0,0,0
280,86,311.144419003,3.11144419,2.520269794,0.0081,20,2,25,0,0,7,8.323711284,2.757214653,5.566496631,2.904526,0.527548,0.562047,11.464253961,0.9,True,activated,player,player_00401,8.323711284,0.334061215,6.347163089,0.0,0.0,0.217801093,76.805904574,0.0,123.694554856,-200.50045943,0.311144419,0,1,0.536843059,0,0,0,0
281,86,307.535531948,3.075355319,2.017740625,0.006561,40,4,45,0,0,7,4.355446632,2.775492897,1.579953735,5.55988,0.264076,0.285197,5.650682557,0.9,True,activated,player,player_00590,4.355446632,0.171027532,3.249523113,0.0,0.0,0.215274872,76.976932106,0.0,123.479279984,-200.45621209,0.307535532,0,0,0.0,0,0,0,0
282,87,307.781844799,3.077818448,2.243729649,0.00729,30,3,35,0,0,6,4.471628189,4.319982866,0.151645323,2.470174,0.477726,0.58695,27.22771962,0.9,True,activated,player,player_00357,4.471628189,0.141266869,2.684070504,0.0,0.0,0.215447291,77.118198975,-0.0,123.263832693,-200.382031668,0.307781845,0,0,0.0,0,0,0,0
283,88,319.730399872,3.197303999,2.097751154,0.006561,40,4,45,0,0,9,7.120477789,2.325988301,4.794489488,5.855757,0.275178,0.405269,7.167389142,0.9,True,activated,player,player_00623,7.120477789,0.299292129,5.686550445,0.0,0.0,0.22381128,77.417491104,-0.0,123.040021413,-200.457512516,0.3197304,0,0,0.0,0,0,0,0
284,89,320.342284497,3.203422845,2.594772504,0.0081,20,2,25,0,0,3,2.81352224,2.81352224,0,2.183699,0.621387,0.29369,4.190039238,0.9,True,activated,staker,staker_00326,2.81352224,0.140676112,0.844056672,0.844056672,1.828789456,0.0,77.558167216,0.0,125.712867541,-203.271034756,0.320342284,0,0,0.0,0,0,0,0
285,89,324.587067129,3.245870671,2.366239719,0.00729,30,3,35,0,0,6,4.444186797,2.960258217,1.48392858,4.661043,0.34548,0.279884,5.608592203,0.9,True,activated,player,player_00585,4.444186797,0.156800927,2.979217619,0.0,0.0,0.227210947,77.714968143,-0.0,125.485656594,-203.200624737,0.324587067,0,0,0.0,0,0,0,0
286,88,314.186592095,3.141865921,2.290420256,0.00729,30,3,35,0,0,4,3.407518588,3.407518588,0,1.747263,0.735152,0.548831,9.206394293,0.9,True,activated,player,player_00630,3.407518588,0.056120276,1.066285248,0.0,0.0,0.219930614,77.771088419,0.0,125.265725979,-203.036814398,0.314186592,0,1,10.173264087,0,0,0,0
287,86,312.333450169,3.123334502,1.84429779,0.0059049,50,5,55,0,0,10,3.68579389,2.772132891,0.913660999,4.679392,0.394372,0.478113,16.885197543,0.9,True,activated,player,player_00608,3.68579389,0.180036627,3.42069591,0.0,0.0,0.218633415,77.951125046,-0.0,125.047092564,-202.99821761,0.31233345,0,1,1.044722105,0,0,0,0
288,85,310.768791522,3.107687915,2.26550449,0.00729,30,3,35,0,0,6,5.951220382,2.824923066,3.126297316,2.897664,0.496062,0.535449,13.129645923,0.9,True,activated,player,player_00469,5.951220382,0.223834268,4.25285109,0.0,0.0,0.217538154,78.174959314,0.0,124.82955441,-203.004513724,0.310768792,0,0,0.0,0,0,0,0
289,86,312.313860957,3.12313861,2.810824749,0.009,10,1,15,0,0,5,5.651545854,3.207251252,2.444294602,3.898551,0.402502,0.260304,5.030359523,0.9,True,activated,player,player_00621,5.651545854,0.246883512,4.690786723,0.0,0.0,0.218619703,78.421842826,0.0,124.610934707,-203.032777533,0.312313861,0,0,0.0,0,0,0,0
290,86,308.250029446,3.082500294,1.820185599,0.0059049,50,5,55,1,0.763375083,10,10.928471206,2.10703371,8.821437496,3.644104,0.480904,0.551501,18.168857617,0.9,True,activated,player,player_00348,10.928471206,0.52935794,10.057800866,0.0,0.0,0.215775021,78.951200766,-0.0,124.395159687,-203.346360453,0.308250029,0,1,8.225791528,0,0,0,0
291,88,312.885113937,3.128851139,2.052839233,0.006561,40,4,45,1,0.151415963,9,15.582425132,3.979513705,11.602911427,4.335399,0.390848,0.515562,23.346516917,0.9,True,activated,player,player_00417,15.582425132,0.485554534,9.225536152,0.0,0.0,0.21901958,79.4367553,0.0,124.176140107,-203.612895407,0.312885114,0,0,0.0,0,0,0,0
292,86,333.500541127,3.335005411,2.431218945,0.00729,30,3,35,0,0,6,4.372726586,2.473452009,1.899274577,5.10517,0.288015,0.23283,5.4306747,0.9,True,activated,player,player_00527,4.372726586,0.19336685,3.673970158,0.0,0.0,0.233450379,79.630122151,0.0,123.942689728,-203.572811879,0.333500541,0,1,1.102599189,1,1.324595595,5,0
293,85,331.822687432,3.318226874,2.687763768,0.0081,20,2,25,0,0,8,7.367054625,3.089566982,4.277487643,6.683631,0.215306,0.244419,8.579874058,0.9,True,activated,player,player_00470,7.367054625,0.300657978,5.712501578,0.0,0.0,0.232275881,79.930780129,0.0,123.710413847,-203.641193976,0.331822687,0,1,1.757677468,0,0,0,0
294,86,351.590411551,3.515904116,2.5630941,0.00729,30,3,35,0,0,5,4.191123663,2.657149502,1.533974161,3.838304,0.366005,0.309685,3.876299084,0.9,True,activated,player,player_00570,4.191123663,0.178190962,3.385628277,0.0,0.0,0.246113288,80.108971091,0.0,123.464300559,-203.573271649,0.351590412,0,0,0.0,0,0,0,0
295,87,354.207828371,3.542078284,2.582175069,0.00729,30,3,35,0,0,9,9.684461818,2.6551125,7.029349318,4.755243,0.357562,0.480661,17.153045875,0.9,True,activated,player,player_00401,9.684461818,0.323480696,6.146133216,0.0,0.0,0.24794548,80.432451786,-0.0,123.216355079,-203.648806865,0.354207828,0,0,0.0,0,0,0,0
296,87,355.406787631,3.554067876,3.554067876,0.01,0,0,5,0,0,6,8.415609552,4.331758257,4.083851295,2.880897,0.514729,0.535937,11.218840846,0.9,True,activated,player,player_00078,8.415609552,0.216631802,4.116004244,0.0,0.0,0.248784751,80.649083588,0.0,122.967570328,-203.616653916,0.355406788,0,0,0.0,0,0,0,0
297,86,349.898402901,3.498984029,2.834177063,0.0081,20,2,25,0,0,7,7.106484383,3.173096613,3.93338777,3.16383,0.396581,0.52492,20.930734713,0.9,True,activated,player,player_00045,7.106484383,0.342663889,6.510613884,0.0,0.0,0.244928882,80.991747477,0.0,122.722641446,-203.714388923,0.349898403,0,0,0.0,0,0,0,0
298,85,349.596083965,3.49596084,3.146364756,0.009,10,1,15,0,0,5,4.420854141,3.700077901,0.72077624,1.662377,0.76464,0.612934,12.913142948,0.9,True,activated,player,player_00064,4.420854141,0.064260562,1.220950683,0.0,0.0,0.244717259,81.056008039,-0.0,122.477924187,-203.533932226,0.349596084,0,0,0.0,0,0,0,0
299,84,343.681999269,3.436819993,2.505441775,0.00729,30,3,35,1,0.448279595,4,3.160474667,2.710458592,0.450016075,3.363914,0.382744,0.227378,4.131417838,0.9,True,activated,player,player_00629,3.160474667,0.146454658,2.782638498,0.0,0.0,0.221233227,81.202462697,0.0,122.25669096,-203.459153657,0.343681999,0,0,0.0,0,0,0,0
300,81,326.118327044,3.26118327,2.139662344,0.006561,40,4,45,0,0,5,2.686977186,2.686977186,0,3.248017,0.398454,0.400735,6.714311046,0.9,True,activated,player,player_00172,2.686977186,0.130830424,2.485778061,0.0,0.0,0.188088403,81.333293121,-0.0,122.068602557,-203.401895679,0.326118327,0,1,2.168762283,0,0,0,0
301,79,326.801752352,3.268017524,2.941215771,0.009,10,1,15,0,0,3,7.054984052,5.728389343,1.326594709,1.701425,0.739705,0.444965,4.266030162,0.9,True,activated,player,player_00040,7.054984052,0.338698206,6.435265916,0.0,0.0,0.228761227,81.671991327,0.0,121.839841331,-203.511832658,0.326801752,0,0,0.0,0,0,0,0
302,78,331.844448143,3.318444481,2.419146027,0.00729,30,3,35,0,0,5,5.300051535,4.812038672,0.488012863,2.783972,0.472624,0.477322,9.819645464,0.9,True,activated,player,player_00662,5.300051535,0.151370524,2.876039959,0.0,0.0,0.232291114,81.823361852,0.0,121.607550217,-203.430912069,0.331844448,0,1,1.450557899,0,0,0,0
303,78,332.715207485,3.327152075,3.327152075,0.01,0,0,5,0,0,6,11.67410521,5.972656614,5.701448596,2.534062,0.511616,0.578438,21.863413931,0.9,True,activated,player,player_00668,11.67410521,0.38645409,7.342627718,0.0,0.0,0.232900645,82.209815942,-0.0,121.374649572,-203.584465514,0.332715207,0,0,0.0,0,0,0,0
304,78,309.620410247,3.096204102,2.507925323,0.0081,20,2,25,0,0,5,3.863421396,2.600362804,1.263058592,3.347083,0.470931,0.342979,6.236296689,0.9,True,activated,player,player_00438,3.863421396,0.167823877,3.188653658,0.0,0.0,0.216734287,82.377639819,0.0,121.157915284,-203.535555103,0.30962041,0,2,3.649095637,0,0,0,0
305,80,320.796657811,3.207966578,2.338607635,0.00729,30,3,35,0,0,9,9.03233446,6.627957448,2.404377012,3.342307,0.502675,0.55648,18.487180696,0.9,True,activated,player,player_00553,9.03233446,0.448434525,8.52025597,0.0,0.0,0.22455766,82.826074343,-0.0,120.933357624,-203.759431968,0.320796658,0,0,0.0,0,0,0,0
306,81,322.175924991,3.22175925,2.609624992,0.0081,20,2,25,0,0,3,5.05450336,5.05450336,0,1.544303,0.785132,0.494027,4.861031164,0.9,True,activated,player,player_00133,5.05450336,0.065578629,1.245993959,0.0,0.0,0.225523147,82.891652973,0.0,120.707834477,-203.599487449,0.322175925,0,0,0.0,0,0,0,0
307,82,330.867893997,3.30867894,2.680029941,0.0081,30,2,35,1,1.366527056,8,9.245857685,5.475140866,3.770716819,4.327495,0.356986,0.498985,11.246515709,0.9,True,activated,player,player_00674,9.245857685,0.425151971,8.077887443,0.0,0.0,0.231607526,83.316804944,-0.0,120.476226951,-203.793031894,0.330867894,0,1,2.507786472,0,0,0,1
308,83,331.302484089,3.313024841,2.683550121,0.0081,20,2,25,0,0,7,10.52397923,2.984808875,7.539170355,4.596234,0.317513,0.399614,6.727006599,0.9,True,activated,player,player_00681,10.52397923,0.421826245,8.014698657,0.0,0.0,0.231911739,83.738631189,0.0,120.244315212,-203.982946401,0.331302484,0,0,0.0,0,0,0,0
309,83,325.203986301,3.252039863,1.920297019,0.0059049,50,5,55,0,0,10,4.081038649,2.127219414,1.953819235,7.530736,0.190923,0.317928,12.471414312,0.9,True,activated,player,player_00683,4.081038649,0.203914919,3.874383467,0.0,0.0,0.22764279,83.942546108,0.0,120.016672421,-203.959218529,0.325203986,0,1,7.946277834,0,0,0,0
310,84,329.381501966,3.29381502,2.964433518,0.009,10,1,15,0,0,4,4.072481264,2.995627255,1.076854009,2.143705,0.636684,0.477171,6.378781411,0.9,True,activated,player,player_00688,4.072481264,0.085508132,1.624654514,0.0,0.0,0.230567051,84.02805424,0.0,119.78610537,-203.81415961,0.329381502,0,0,0.0,1,1.114190583,5,0
311,81,318.498211962,3.18498212,2.579835517,0.0081,20,2,25,0,0,7,3.800293814,2.748646382,1.051647432,3.464716,0.454359,0.503114,10.402376276,0.9,True,activated,player,player_00183,3.800293814,0.155225146,2.949277779,0.0,0.0,0.222948748,84.183279387,-0.0,119.563156622,-203.746436008,0.318498212,0,1,4.331657672,0,0,0,0
312,81,318.560854968,3.18560855,2.090077769,0.006561,40,4,45,0,0,9,11.115139653,2.326035251,8.789104402,3.504379,0.485873,0.556206,13.439273524,0.9,True,activated,player,player_00537,11.115139653,0.296879275,5.640706224,0.0,0.0,0.222992598,84.480158662,-0.0,119.340164023,-203.820322685,0.318560855,0,0,0.0,0,0,0,0
313,81,318.337862369,3.183378624,2.865040761,0.009,10,1,15,0,0,2,6.800914752,6.800914752,0,1.924537,0.599009,0.099009,1.092336889,0.9,True,activated,player,player_00574,6.800914752,0.214832238,4.081812525,0.0,0.0,0.222836504,84.6949909,-0.0,119.11732752,-203.812318419,0.318337862,0,0,0.0,0,0,0,0
314,83,351.044396615,3.510443966,2.559113651,0.00729,30,3,35,0,0,6,7.015069161,4.392153028,2.622916133,4.40816,0.293853,0.335013,4.549814343,0.9,True,activated,player,player_00696,7.015069161,0.283763364,5.391503911,0.0,0.0,0.245731078,84.978754263,0.0,118.871596442,-203.850350705,0.351044397,0,1,1.243907483,0,0,0,0
315,82,350.044480887,3.500444809,2.296641839,0.006561,40,4,45,0,0,6,3.802344697,3.488464206,0.313880491,3.943937,0.379516,0.380544,8.860738104,0.9,True,activated,staker,staker_00481,3.802344697,0.190117235,1.140703409,1.140703409,2.471524053,0.0,85.168871498,-0.0,122.483823904,-207.652695402,0.350044481,0,1,2.020134054,0,0,0,0
316,81,346.118478198,3.461184782,1.839415502,0.00531441,60,6,65,0,0,9,3.803582519,2.739060419,1.0645221,6.518944,0.213917,0.347243,10.290752322,0.9,True,activated,player,player_00331,3.803582519,0.161610807,3.070605335,0.0,0.0,0.242282935,85.330482305,-0.0,122.241540969,-207.572023275,0.346118478,0,1,1.916527734,0,0,0,0
317,82,346.830905757,3.468309058,2.275557573,0.006561,40,4,45,0,0,5,5.702601684,5.702601684,0,1.904666,0.701892,0.576516,18.224575945,0.9,True,activated,player,player_00673,5.702601684,0.097138696,1.845635228,0.0,0.0,0.242781634,85.427621002,0.0,121.998759335,-207.426380337,0.346830906,0,0,0.0,0,0,0,0
318,84,341.746817587,3.417468176,2.4913343,0.00729,30,3,35,0,0,5,3.982502133,2.881592383,1.10090975,3.51176,0.415109,0.356238,5.690621,0.9,True,activated,staker,staker_00334,3.982502133,0.199125107,1.19475064,1.19475064,2.588626386,0.0,85.626746108,-0.0,125.782136362,-211.40888247,0.341746818,0,0,0.0,0,0,0,0
319,84,345.530194613,3.455301946,3.109771752,0.009,10,1,15,0,0,5,4.717021993,3.207300134,1.509721859,2.107346,0.652551,0.558535,15.46188795,0.9,True,activated,player,player_00704,4.717021993,0.094039725,1.786754774,0.0,0.0,0.241871136,85.720785833,0.0,125.540265225,-211.261051059,0.345530195,0,0,0.0,0,0,0,0
320,83,343.238287452,3.432382875,3.089144587,0.009,10,1,15,0,0,4,4.166795946,3.419033101,0.747762845,1.620407,0.773577,0.552028,10.533138723,0.9,True,activated,player,player_00065,4.166795946,0.059186346,1.124540583,0.0,0.0,0.240266801,85.77997218,0.0,125.299998424,-211.079970604,0.343238287,0,0,0.0,0,0,0,0
321,86,378.481770486,3.784817705,2.759132107,0.00729,30,3,35,0,0,5,3.396306855,2.87319342,0.523113435,3.977728,0.359805,0.279071,5.436378634,0.9,True,activated,player,player_00621,3.396306855,0.137205083,2.606896586,0.0,0.0,0.23774148,85.917177263,-0.0,125.062256944,-210.979434208,0.37848177,0,1,0.848130761,0,0,0,0
322,85,371.916657274,3.719166573,2.711272432,0.00729,30,3,35,0,0,5,3.049576572,2.826851131,0.222725441,3.057129,0.410346,0.399033,12.96800852,0.9,True,activated,player,player_00205,3.049576572,0.105300396,2.000707515,0.0,0.0,0.21347036,86.022477659,0.0,124.848786584,-210.871264243,0.371916657,0,1,6.327371732,0,0,0,0
323,86,369.981185255,3.699811853,2.427446556,0.006561,40,4,45,0,0,5,2.52765885,2.52765885,0,2.487469,0.590363,0.485216,6.523852568,0.9,True,activated,player,player_00518,2.52765885,0.060617886,1.151739838,0.0,0.0,0.17693612,86.083095545,-0.0,124.671850465,-210.75494601,0.369981185,0,0,0.0,0,0,0,0
324,86,369.804249135,3.698042491,1.9652914,0.00531441,60,6,65,0,0,9,3.840356086,3.059430829,0.780925257,6.470166,0.271252,0.32648,11.747541387,0.9,True,activated,player,player_00712,3.840356086,0.192778271,3.662787143,0.0,0.0,0.258862974,86.275873816,0.0,124.41298749,-210.688861306,0.369804249,0,0,0.0,0,0,0,0
325,86,369.545386161,3.695453862,2.993317628,0.0081,20,2,25,0,0,5,12.644925186,11.691297391,0.953627795,1.805559,0.722265,0.607428,19.934576653,0.9,True,activated,player,player_00049,12.644925186,0.188531193,3.582092665,0.0,0.0,0.25868177,86.464405009,-0.0,124.15430572,-210.618710729,0.369545386,0,0,0.0,0,0,0,0
326,86,369.28670439,3.692867044,2.180601061,0.0059049,50,5,55,1,0.499779181,8,10.2859624,2.548983028,7.736979372,2.163517,0.661009,0.655697,17.800866785,0.9,True,activated,staker,staker_00377,10.2859624,0.51429812,3.08578872,3.08578872,6.68587556,0.0,86.978703129,0.0,133.92597,-220.904673129,0.369286704,0,0,0.0,0,0,0,0
327,85,378.236622934,3.782366229,2.233449435,0.0059049,50,5,55,0,0,11,7.392158839,2.941179032,4.450979807,6.582818,0.223283,0.44507,16.901132261,0.9,True,activated,player,player_00041,7.392158839,0.320831907,6.095806237,0.0,0.0,0.264765636,87.299535036,0.0,133.661204364,-220.9607394,0.378236623,0,1,0.821745736,0,0,0,0
328,84,374.641967388,3.746419674,3.034599936,0.0081,20,2,25,0,0,3,3.374071302,3.374071302,0,2.054702,0.646588,0.350262,3.427364649,0.9,True,activated,player,player_00470,3.374071302,0.071431184,1.357192489,0.0,0.0,0.236184991,87.370966219,0.0,133.425019373,-220.795985592,0.374641967,0,1,7.964204386,0,0,0,0
329,83,371.300343394,3.713003434,2.192491398,0.0059049,50,5,55,0,0,9,4.912465147,2.234681862,2.677783285,4.491235,0.4086,0.451304,13.727594632,0.9,True,activated,player,player_00435,4.912465147,0.224995101,4.274906918,0.0,0.0,0.25991024,87.59596132,0.0,133.165109133,-220.761070453,0.371300343,0,1,2.741330667,1,1.617369787,5,0
330,85,374.89366116,3.748936612,2.459677311,0.006561,40,4,45,0,0,5,3.216282644,3.216282644,0,2.054435,0.666138,0.571044,10.995053309,0.9,True,activated,player,player_00618,3.216282644,0.164692286,3.12915343,0.0,0.0,0.225139785,87.760653606,0.0,132.939969347,-220.700622954,0.374893661,0,0,0.0,0,0,0,0
331,83,372.161429935,3.721614299,3.014507582,0.0081,20,2,25,0,0,7,4.34268963,3.103372119,1.239317511,3.877124,0.392622,0.438703,11.816253904,0.9,True,activated,staker,staker_00506,4.34268963,0.217134482,1.302806889,1.302806889,2.82274826,0.0,87.977788088,-0.0,137.065524496,-225.043312584,0.37216143,0,0,0.0,0,0,0,0
332,84,389.821617077,3.898216171,2.301857667,0.0059049,50,5,55,0,0,6,7.449666742,7.449666742,0,1.729449,0.750935,0.628764,19.104172976,0.9,True,activated,player,player_00638,7.449666742,0.106416227,2.021908307,0.0,0.0,0.272875132,88.084204314,-0.0,136.792649364,-224.876853678,0.389821617,0,1,2.317861656,0,0,0,0
333,82,388.270199171,3.882701992,2.830489752,0.00729,30,3,35,0,0,4,3.39634103,3.39634103,0,1.651842,0.765479,0.53706,11.391009299,0.9,True,activated,player,player_00699,3.39634103,0.163881757,3.11375338,0.0,0.0,0.237743872,88.248086071,0.0,136.554905492,-224.802991563,0.388270199,0,0,0.0,0,0,0,0
334,80,377.618001677,3.776180017,2.752835232,0.00729,30,3,35,0,0,8,6.366607411,4.055207491,2.31139992,3.116911,0.507712,0.585316,17.094056424,0.9,True,activated,player,player_00308,6.366607411,0.169926874,3.228610599,0.0,0.0,0.264332601,88.418012945,0.0,136.290572891,-224.708585836,0.377618002,0,0,0.0,0,0,0,0
335,76,357.007692132,3.570076921,2.342327468,0.006561,40,4,45,0,0,8,4.256949389,2.675110814,1.581838575,5.232395,0.290604,0.404281,8.853481626,0.9,True,activated,player,player_00560,4.256949389,0.215938635,4.102834062,0.0,0.0,0.249905384,88.63395158,-0.0,136.040667506,-224.674619086,0.357007692,0,1,2.719711797,0,0,0,0
336,77,360.605856777,3.606058568,2.129341524,0.0059049,50,5,55,0,0,7,4.371564504,2.776928778,1.594635726,4.432441,0.364775,0.406616,8.981089813,0.9,True,activated,player,player_00736,4.371564504,0.151467644,2.877885234,0.0,0.0,0.2524241,88.785419224,0.0,135.788243407,-224.57366263,0.360605857,0,1,1.450008086,0,0,0,0
337,76,364.39052327,3.643905233,2.656406915,0.00729,30,3,35,0,0,7,4.801675174,2.921482561,1.880192613,5.580231,0.263663,0.280063,6.307633643,0.9,True,activated,player,player_00738,4.801675174,0.217310669,4.128902713,0.0,0.0,0.255073366,89.002729893,-0.0,135.53317004,-224.535899933,0.364390523,0,1,0.381736233,0,0,0,0
338,77,363.914764627,3.639147646,1.933992264,0.00531441,60,6,65,1,0.223730271,6,2.539415039,2.539415039,0,3.568978,0.342633,0.441074,12.723279432,0.9,True,activated,player,player_00076,2.539415039,0.093744663,1.781148599,0.0,0.0,0.177759053,89.096474556,-0.0,135.355410988,-224.451885543,0.363914765,0,0,0.0,0,0,0,0
339,78,364.587494733,3.645874947,2.657842837,0.00729,30,3,35,0,0,7,4.271051874,3.024096334,1.24695554,3.355426,0.491123,0.483069,9.054552157,0.9,True,activated,player,player_00099,4.271051874,0.121432629,2.307219957,0.0,0.0,0.255211246,89.217907185,0.0,135.100199741,-224.318106926,0.364587495,0,0,0.0,0,0,0,0
340,78,365.20259683,3.652025968,2.396094238,0.006561,40,4,45,0,0,7,4.524778834,3.441942285,1.082836549,3.734028,0.450321,0.438069,12.707828474,0.9,True,activated,player,player_00635,4.524778834,0.20392106,3.874500148,0.0,0.0,0.255641818,89.421828245,-0.0,134.844557923,-224.266386169,0.365202597,0,1,4.25191685,0,0,0,0
341,80,368.337646431,3.683376464,2.174996968,0.0059049,50,5,55,0,0,7,2.722609798,2.457845819,0.264763979,4.686197,0.370392,0.342718,8.428876621,0.9,True,activated,player,player_00465,2.722609798,0.124396315,2.363529978,0.0,0.0,0.190582686,89.54622456,0.0,134.653975238,-224.200199798,0.368337646,0,0,0.0,0,0,0,0
342,80,368.147063746,3.681470637,2.981991216,0.0081,20,2,25,0,0,7,8.48053323,4.448375984,4.032157246,3.554055,0.411079,0.404267,8.324076345,0.9,True,activated,player,player_00652,8.48053323,0.392156277,7.450969263,0.0,0.0,0.257702945,89.938380837,0.0,134.396272293,-224.33465313,0.368147064,0,0,0.0,0,0,0,0
343,81,369.505500983,3.69505501,2.181893033,0.0059049,50,5,55,0,0,11,8.812037461,3.262645491,5.54939197,5.029841,0.383823,0.478645,16.67044345,0.9,True,activated,player,player_00431,8.812037461,0.398340125,7.568462375,0.0,0.0,0.258653851,90.336720962,-0.0,134.137618442,-224.474339404,0.369505501,0,0,0.0,0,0,0,0
344,81,363.049518283,3.630495183,2.646630988,0.00729,30,3,35,0,0,5,3.619100827,3.155523789,0.463577038,3.061708,0.49663,0.408215,6.985716589,0.9,True,activated,staker,staker_00517,3.619100827,0.180955041,1.085730248,1.085730248,2.352415538,0.0,90.517676003,-0.0,137.575764228,-228.093440231,0.363049518,0,1,1.349388581,0,0,0,0
345,81,366.487664069,3.664876641,3.298388977,0.009,10,1,15,0,0,5,5.394540007,3.355207703,2.039332304,3.129301,0.506346,0.348134,6.199333149,0.9,True,activated,player,player_00470,5.394540007,0.14597899,2.773600818,0.0,0.0,0.256541365,90.663654994,0.0,137.319222863,-227.982877857,0.366487664,0,0,0.0,1,6.162950545,5,0
346,81,361.342808897,3.613428089,2.370770169,0.006561,40,4,45,0,0,6,2.834870483,2.54943129,0.285439193,3.995337,0.386618,0.384192,6.707391251,0.9,True,activated,player,player_00644,2.834870483,0.124059907,2.357138235,0.0,0.0,0.198440934,90.787714901,0.0,137.120781929,-227.90849683,0.361342809,0,0,0.0,0,0,0,0
347,83,365.95173025,3.659517302,2.667788114,0.00729,30,3,35,0,0,5,5.164227193,3.991336673,1.17289052,2.200285,0.629234,0.541443,18.307125731,0.9,True,activated,player,player_00100,5.164227193,0.108544392,2.06234345,0.0,0.0,0.256166211,90.896259293,-0.0,136.864615718,-227.760875011,0.36595173,0,0,0.0,0,0,0,0
348,85,370.496876232,3.704968762,2.700922228,0.00729,30,3,35,0,0,5,3.434878561,2.786802392,0.648076169,3.839749,0.340919,0.302594,4.437567425,0.9,True,activated,player,player_00690,3.434878561,0.130705155,2.483397949,0.0,0.0,0.240441499,91.026964448,0.0,136.624174219,-227.651138667,0.370496876,0,1,1.622307206,0,0,0,0
349,87,371.126140003,3.7112614,2.191462744,0.0059049,50,5,55,0,0,6,2.781552006,2.781552006,0,3.248164,0.443614,0.486687,11.448329423,0.9,True,activated,player,player_00759,2.781552006,0.087116246,1.655208681,0.0,0.0,0.19470864,91.114080695,-0.0,136.429465578,-227.543546273,0.37112614,0,0,0.0,0,0,0,0
350,87,367.335086165,3.673350862,2.677872778,0.00729,30,3,35,0,0,8,7.78713858,6.138604596,1.648533984,2.440373,0.611964,0.626354,23.820925387,0.9,True,activated,player,player_00461,7.78713858,0.163941065,3.114880241,0.0,0.0,0.25713456,91.27802176,-0.0,136.172331018,-227.450352778,0.367335086,0,1,6.276217807,0,0,0,0
351,87,365.934260581,3.659342606,2.160805215,0.0059049,50,5,55,1,0.907870355,7,5.485386471,2.409864386,3.075522085,3.937816,0.438894,0.39812,9.046491721,0.9,True,activated,player,player_00693,5.485386471,0.259795134,4.936107551,0.0,0.0,0.256153982,91.537816894,0.0,135.916177036,-227.45399393,0.365934261,0,0,0.0,0,0,0,0
352,88,366.546227946,3.665462279,2.969024446,0.0081,20,2,25,0,0,4,4.340461419,3.21567551,1.124785909,3.537804,0.377193,0.19565,3.074990128,0.9,True,activated,player,player_00414,4.340461419,0.203326468,3.863202888,0.0,0.0,0.25658236,91.741143362,-0.0,135.659594676,-227.400738038,0.366546228,0,0,0.0,0,0,0,0
353,89,366.693123486,3.666931235,2.67319287,0.00729,30,3,35,0,0,8,8.555132899,3.779748543,4.775384356,5.737897,0.230005,0.352206,6.94652201,0.9,True,activated,player,player_00611,8.555132899,0.393162573,7.470088888,0.0,0.0,0.256685186,92.134305935,0.0,135.40290949,-227.537215425,0.366693123,0,0,0.0,0,0,0,0
354,89,367.947044668,3.679470447,2.682333956,0.00729,30,3,35,0,0,9,7.316180505,3.583448188,3.732732317,6.918906,0.204024,0.312022,7.17994756,0.9,True,activated,player,player_00306,7.316180505,0.315258198,5.989905765,0.0,0.0,0.257562931,92.449564133,0.0,135.145346558,-227.594910692,0.367947045,0,1,1.232170601,1,7.576342524,5,0
355,90,367.488114458,3.674881145,2.678988354,0.00729,30,3,35,0,0,8,6.169393791,2.893925066,3.275468725,4.387639,0.320328,0.450274,13.490820009,0.9,True,activated,player,player_00558,6.169393791,0.311375704,5.916138384,0.0,0.0,0.25724168,92.760939838,-0.0,134.888104878,-227.649044716,0.367488114,0,0,0.0,0,0,0,0
356,93,370.472388072,3.704723881,3.000826343,0.0081,20,2,25,0,0,7,11.407224404,3.259437318,8.147787086,4.861635,0.312136,0.372157,6.500193014,0.9,True,activated,player,player_00259,11.407224404,0.508945605,9.669966493,0.0,0.0,0.259330672,93.269885443,0.0,134.628774207,-227.898659649,0.370472388,0,0,0.0,0,0,0,0
357,93,341.298284395,3.412982844,3.07168456,0.009,10,1,15,0,0,7,9.172972828,3.114872216,6.058100612,3.336113,0.422767,0.537147,16.121980977,0.9,True,activated,player,player_00671,9.172972828,0.444829434,8.451759249,0.0,0.0,0.238908799,93.714714877,-0.0,134.389865408,-228.104580284,0.341298284,0,1,30.341928984,1,1.160397626,5,0
358,91,337.681143318,3.376811433,2.461695535,0.00729,30,3,35,0,0,7,5.668027523,3.72916998,1.938857543,3.666731,0.408651,0.50405,10.219050045,0.9,True,activated,player,player_00779,5.668027523,0.270109826,5.132086692,0.0,0.0,0.2363768,93.984824703,-0.0,134.153488607,-228.13831331,0.337681143,0,1,1.200176383,0,0,0,0
359,88,332.930053636,3.329300536,2.427060091,0.00729,30,3,35,0,0,8,4.247744293,2.846602076,1.401142217,6.11123,0.262955,0.307225,7.474973536,0.9,True,activated,player,player_00545,4.247744293,0.187120338,3.555286418,0.0,0.0,0.233051038,94.17194504,0.0,133.92043757,-228.09238261,0.332930054,0,1,1.716285102,0,0,0,0
360,89,334.277055447,3.342770554,3.008493499,0.009,10,1,15,0,0,2,4.27995445,4.27995445,0,1.436673,0.813092,0.313092,2.346421094,0.9,True,activated,player,player_00785,4.27995445,0.185699439,3.528289337,0.0,0.0,0.233993939,94.357644479,0.0,133.686443631,-228.04408811,0.334277055,0,0,0.0,0,0,0,0
361,90,336.199159403,3.361991594,1.786700175,0.00531441,60,6,65,1,1.493207289,10,8.975696889,3.445213337,5.530483552,4.733272,0.394874,0.463267,13.649602039,0.9,True,activated,player,player_00788,8.975696889,0.283338429,5.383430157,0.0,0.0,0.235339412,94.640982909,-0.0,133.451104219,-228.092087128,0.336199159,0,0,0.0,0,0,0,0
362,91,336.501097874,3.365010979,3.365010979,0.01,0,0,5,0,0,5,8.015976111,4.759130555,3.256845556,2.44762,0.593706,0.500789,7.413619917,0.9,True,activated,player,player_00133,8.015976111,0.174619816,3.317776508,0.0,0.0,0.235550769,94.815602725,-0.0,133.215553451,-228.031156175,0.336501098,0,0,0.0,0,0,0,0
363,91,335.020477534,3.350204775,2.713665868,0.0081,20,2,25,0,0,6,4.821074172,3.048573489,1.772500683,2.605499,0.545458,0.558594,15.526469632,0.9,True,activated,player,player_00078,4.821074172,0.121294641,2.304598183,0.0,0.0,0.234514334,94.936897366,-0.0,132.981039116,-227.917936482,0.335020478,0,0,0.0,0,0,0,0
364,92,341.330514203,3.413305142,2.488299449,0.00729,30,3,35,0,0,5,2.830340336,2.52813561,0.302204726,3.580454,0.380309,0.356042,4.02696816,0.9,True,activated,staker,staker_00426,2.830340336,0.141517017,0.849102101,0.849102101,1.839721218,0.0,95.078414383,0.0,135.669862436,-230.748276818,0.341330514,0,0,0.0,0,0,0,0
365,94,353.890821824,3.538908218,2.321877682,0.006561,40,4,45,0,0,6,3.015075404,2.840940113,0.174135291,5.146611,0.249481,0.225879,5.472697202,0.9,True,activated,player,player_00016,3.015075404,0.123696284,2.350229392,0.0,0.0,0.211055278,95.202110667,-0.0,135.458807157,-230.660917824,0.353890822,0,0,0.0,0,0,0,0
366,94,354.783746356,3.547837464,2.094962544,0.0059049,50,5,55,0,0,10,6.622033172,2.666106284,3.955926888,3.992179,0.453905,0.500894,17.043081108,0.9,True,activated,player,player_00799,6.622033172,0.315161327,5.98806521,0.0,0.0,0.248348622,95.517271993,0.0,135.210458535,-230.727730528,0.354783746,0,1,0.314303068,1,1.733391054,5,0
367,93,353.900886066,3.539008861,2.321943713,0.006561,40,4,45,0,0,9,4.437146634,2.724264717,1.712881917,7.559833,0.206538,0.236872,8.420876627,0.9,True,activated,player,player_00803,4.437146634,0.203875248,3.873629714,0.0,0.0,0.24773062,95.721147242,0.0,134.962727915,-230.683875156,0.353900886,0,1,0.822208074,0,0,0,0
368,93,352.092447149,3.520924471,2.079070691,0.0059049,50,5,55,0,0,11,10.157933546,3.990591562,6.167341984,5.561095,0.246981,0.52146,25.632747453,0.9,True,activated,player,player_00810,10.157933546,0.394778899,7.500799089,0.0,0.0,0.246464713,96.115926141,0.0,134.716263202,-230.832189343,0.352092447,0,0,0.0,0,0,0,0
369,92,332.578698117,3.325786981,2.424498709,0.00729,30,3,35,0,0,5,5.422146748,2.917327066,2.504819682,3.257218,0.461961,0.388219,5.999966769,0.9,True,activated,player,player_00797,5.422146748,0.244098456,4.637870657,0.0,0.0,0.232805089,96.360024597,-0.0,134.483458113,-230.84348271,0.332578698,0,0,0.0,0,0,0,0
370,94,332.541177362,3.325411774,2.693583537,0.0081,20,2,25,0,0,8,5.746963118,3.236392789,2.510570329,3.261412,0.466297,0.56125,19.785520298,0.9,True,activated,player,player_00279,5.746963118,0.164997653,3.134955411,0.0,0.0,0.232778824,96.52502225,-0.0,134.250679289,-230.775701539,0.332541177,0,0,0.0,0,0,0,0
371,96,339.552757288,3.395527573,2.227805641,0.006561,40,4,45,0,0,7,5.037921846,2.260192551,2.777729295,4.062877,0.432899,0.371873,9.561725927,0.9,True,activated,player,player_00572,5.037921846,0.239941212,4.558883031,0.0,0.0,0.23768693,96.764963462,0.0,134.012992359,-230.777955821,0.339552757,0,0,0.0,0,0,0,0
372,97,344.714106463,3.447141065,3.102426958,0.009,10,1,15,0,0,7,14.692361813,12.769938458,1.922423355,1.343576,0.860119,0.757315,41.941997953,0.9,True,activated,player,player_00078,14.692361813,0.114824088,2.181657667,0.0,0.0,0.241299875,96.87978755,-0.0,133.771692484,-230.651480034,0.344714106,0,0,0.0,0,0,0,0
373,96,312.623664409,3.126236644,1.846011476,0.0059049,50,5,55,0,0,11,9.348269827,2.870979368,6.477290459,6.258973,0.279647,0.450239,15.76305306,0.9,True,activated,player,player_00298,9.348269827,0.414087821,7.867668606,0.0,0.0,0.218836565,97.293875371,-0.0,133.552855919,-230.84673129,0.312623664,0,1,34.333731635,0,0,0,0
374,96,311.163371458,3.111633715,2.04154288,0.006561,40,4,45,0,0,6,10.251881295,2.841438274,7.410443021,1.844936,0.722837,0.620673,16.861748844,0.9,True,activated,player,player_00823,10.251881295,0.152962632,2.906290002,0.0,0.0,0.21781436,97.446838003,-0.0,133.335041559,-230.781879562,0.311163371,0,0,0.0,0,0,0,0
375,94,309.016793241,3.090167932,3.090167932,0.01,0,0,5,0,0,2,4.585995708,3.574683852,1.011311856,1.523888,0.779478,0.279478,1.94370649,0.9,True,activated,player,player_00442,4.585995708,0.061381181,1.166242431,0.0,0.0,0.216311755,97.508219183,0.0,133.118729804,-230.626948987,0.309016793,0,0,0.0,0,0,0,0
376,89,295.339137348,2.953391373,2.392247013,0.0081,20,2,25,0,0,6,5.845181589,2.399200059,3.44598153,3.196838,0.48171,0.486421,7.533578129,0.9,True,activated,player,player_00824,5.845181589,0.256610621,4.875601807,0.0,0.0,0.206737396,97.764829805,-0.0,132.911992408,-230.676822212,0.295339137,0,1,4.267023935,0,0,0,0
377,86,289.170851827,2.891708518,1.707524963,0.0059049,50,5,55,0,0,11,7.378132052,3.826091332,3.55204072,6.44296,0.290005,0.422361,16.192817145,0.9,True,activated,player,player_00829,7.378132052,0.334134363,6.348552901,0.0,0.0,0.202419596,98.098964168,0.0,132.709572811,-230.808536979,0.289170852,0,3,5.961548125,0,0,0,0
378,86,288.395353666,2.883953537,1.892161915,0.006561,40,4,45,0,0,6,2.569432197,2.404942973,0.164489224,2.804601,0.548992,0.505086,9.767697647,0.9,True,activated,staker,staker_00411,2.569432197,0.12847161,0.770829659,0.770829659,1.670130928,0.0,98.227435778,-0.0,135.150533399,-233.377969176,0.288395354,0,0,0.0,0,0,0,0
379,88,297.560354095,2.975603541,2.410238868,0.0081,20,2,25,0,0,7,17.743137583,10.659060784,7.084076799,3.009614,0.523809,0.54802,9.907660052,0.9,True,activated,player,player_00832,17.743137583,0.841322512,15.985127735,0.0,0.0,0.208292248,99.06875829,-0.0,134.942241151,-234.010999441,0.297560354,0,0,0.0,0,0,0,0
380,90,301.715322748,3.017153227,1.979554233,0.006561,40,4,45,0,0,6,5.185127871,5.017061623,0.168066248,1.771542,0.741273,0.614289,17.519642249,0.9,True,activated,player,player_00660,5.185127871,0.077636627,1.475095914,0.0,0.0,0.211200726,99.146394917,0.0,134.731040425,-233.877435342,0.301715323,0,0,0.0,1,1.007550422,5,0
381,88,298.205381459,2.982053815,2.173917231,0.00729,30,3,35,0,0,8,5.824993055,3.481391484,2.343601571,6.505977,0.244136,0.259954,7.453776329,0.9,True,activated,player,player_00837,5.824993055,0.267715847,5.086601085,0.0,0.0,0.208743767,99.414110764,0.0,134.522296658,-233.936407421,0.298205381,0,0,0.0,0,0,0,0
382,87,288.886605016,2.88886605,1.705846514,0.0059049,50,5,55,0,0,10,4.347946269,1.826063555,2.521882714,6.224402,0.264661,0.409312,11.40746366,0.9,True,activated,player,player_00776,4.347946269,0.20402049,3.876389315,0.0,0.0,0.202220624,99.618131254,0.0,134.320076034,-233.938207288,0.288886605,0,1,6.544875303,0,0,0,0
383,89,328.507907589,3.285079076,2.660914051,0.0081,20,2,25,0,0,4,3.385944721,2.80351224,0.582432481,2.452039,0.589524,0.38274,5.316990574,0.9,True,activated,player,player_00843,3.385944721,0.080990224,1.538814263,0.0,0.0,0.229955535,99.699121478,-0.0,134.090120499,-233.789241977,0.328507908,0,0,0.0,0,0,0,0
384,90,332.882139595,3.328821396,2.426710798,0.00729,30,3,35,0,0,5,3.334937817,2.639876905,0.695060912,3.385916,0.456666,0.356641,4.925633088,0.9,True,activated,player,player_00575,3.334937817,0.167023455,3.173445636,0.0,0.0,0.233017498,99.866144933,-0.0,133.857103001,-233.723247934,0.33288214,0,0,0.0,0,0,0,0
385,89,324.449994587,3.244499946,2.128716414,0.006561,40,4,45,0,0,7,8.75110946,6.934238443,1.816871017,2.353175,0.613805,0.631108,20.125658741,0.9,True,activated,staker,staker_00600,8.75110946,0.437555473,2.625332838,2.625332838,5.688221149,0.0,100.303700406,0.0,142.170656988,-242.474357394,0.324449995,0,1,1.79590912,0,0,0,0
386,89,333.670523294,3.336705233,2.702731239,0.0081,20,2,25,0,0,8,5.359867103,3.625804842,1.734062261,5.049807,0.316315,0.416924,9.363749545,0.9,True,activated,player,player_00121,5.359867103,0.194901591,3.703130233,0.0,0.0,0.233569366,100.498601997,-0.0,141.937087622,-242.435689619,0.333670523,0,0,0.0,0,0,0,0
387,90,337.658518149,3.376585181,2.215377538,0.006561,40,4,45,0,0,7,4.182064349,3.148636052,1.033428297,2.72954,0.561896,0.572285,8.58614787,0.9,True,activated,player,player_00425,4.182064349,0.191258235,3.633906456,0.0,0.0,0.236360963,100.689860232,0.0,141.700726659,-242.390586891,0.337658518,0,1,0.962122739,0,0,0,0
388,87,333.968997763,3.339689978,2.191170594,0.006561,40,4,45,0,0,9,15.029705083,10.352036363,4.67766872,2.758688,0.557803,0.656336,45.107215622,0.9,True,activated,staker,staker_00541,15.029705083,0.751485254,4.508911525,4.508911525,9.769308304,0.0,101.441345486,0.0,155.978946488,-257.420291974,0.333968998,0,0,0.0,0,0,0,0
389,89,351.129433688,3.511294337,2.073384193,0.0059049,50,5,55,1,0.838430887,6,4.08767289,2.948366871,1.139306019,3.815452,0.388023,0.406701,7.992614523,0.9,True,activated,player,player_00319,4.08767289,0.199145145,3.783757753,0.0,0.0,0.245790604,101.640490631,-0.0,155.733155884,-257.373646515,0.351129434,0,1,0.76911791,0,0,0,0
390,91,362.904649701,3.629046497,2.645574896,0.00729,30,3,35,0,0,9,9.153425322,3.418974535,5.734450787,5.225351,0.326963,0.439301,13.58058365,0.9,True,activated,player,player_00862,9.153425322,0.320731283,6.093894373,0.0,0.0,0.254033255,101.961221913,0.0,155.47912263,-257.440344543,0.36290465,0,0,0.0,0,0,0,0
391,90,361.776889306,3.617768893,2.930392803,0.0081,20,2,25,0,0,8,5.5726182,2.982599234,2.590018966,4.309851,0.41115,0.43253,11.928426024,0.9,True,activated,player,player_00535,5.5726182,0.176734065,3.357947229,0.0,0.0,0.253243823,102.137955978,0.0,155.225878807,-257.363834785,0.361776889,0,0,0.0,0,0,0,0
392,90,361.523645484,3.615236455,2.371956638,0.006561,40,4,45,0,0,7,3.41738562,2.945850512,0.471535108,3.913763,0.341432,0.458307,12.082468789,0.9,True,activated,player,player_00868,3.41738562,0.169502754,3.220552321,0.0,0.0,0.239216993,102.307458732,-0.0,154.986661814,-257.294120546,0.361523645,0,0,0.0,0,0,0,0
393,93,369.046162831,3.690461628,2.421311874,0.006561,40,4,45,0,0,7,6.1827236,4.693091912,1.489631688,4.919083,0.337901,0.34302,7.817926996,0.9,True,activated,player,player_00602,6.1827236,0.293896941,5.584041883,0.0,0.0,0.258332314,102.601355673,0.0,154.7283295,-257.329685173,0.369046163,0,0,0.0,0,0,0,0
394,93,368.787830517,3.687878305,2.419616956,0.006561,40,4,45,0,0,5,2.954936708,2.954936708,0,3.332513,0.457906,0.352746,4.972692523,0.9,True,activated,player,player_00547,2.954936708,0.132731617,2.52190072,0.0,0.0,0.20684557,102.73408729,-0.0,154.52148393,-257.25557122,0.368787831,0,0,0.0,0,0,0,0
395,96,374.336270355,3.743362704,2.210418243,0.0059049,50,5,55,0,0,8,3.193427651,2.494626742,0.698800909,5.143354,0.302408,0.387941,13.223610416,0.9,True,activated,staker,staker_00481,3.193427651,0.159671383,0.958028295,0.958028295,2.075727973,0.0,102.893758672,0.0,157.555240199,-260.448998871,0.37433627,0,0,0.0,0,0,0,0
396,96,375.979201892,3.759792019,3.759792019,0.01,0,0,5,0,0,6,8.622232477,4.541736586,4.080495891,2.880087,0.526747,0.514095,12.705971519,0.9,True,activated,player,player_00875,8.622232477,0.360960471,6.858248946,0.0,0.0,0.263185441,103.254719143,-0.0,157.292054757,-260.546773901,0.375979202,0,0,0.0,0,0,0,0
397,95,374.124185445,3.741241854,1.988249312,0.00531441,60,6,65,0,0,8,3.5208221,2.412454589,1.108367511,3.828616,0.378298,0.502927,19.539152921,0.9,True,activated,player,player_00876,3.5208221,0.121767951,2.313591078,0.0,0.0,0.246457547,103.376487095,0.0,157.04559721,-260.422084305,0.374124185,0,1,0.806001553,0,0,0,0
398,95,373.877727898,3.738777279,3.028409596,0.0081,20,2,25,0,0,7,6.352370476,3.37999013,2.972380346,4.922659,0.295567,0.361538,9.093453521,0.9,True,activated,player,player_00880,6.352370476,0.320721024,6.093699464,0.0,0.0,0.26171441,103.697208119,-0.0,156.783882801,-260.48109092,0.373877728,0,0,0.0,0,0,0,0
399,93,377.096845024,3.77096845,2.4741324,0.006561,40,4,45,0,0,9,9.667454139,2.705220948,6.962233191,4.333486,0.41675,0.465923,17.199017016,0.9,True,activated,player,player_00511,9.667454139,0.422294784,8.023600904,0.0,0.0,0.263967792,104.119502904,0.0,156.519915009,-260.639417913,0.377096845,0,1,2.434845225,0,0,0,0
400,93,394.467112996,3.94467113,3.550204017,0.009,10,1,15,0,0,4,4.698218895,3.932238028,0.765980867,2.632295,0.507465,0.389486,5.730193272,0.9,True,activated,player,player_00332,4.698218895,0.233340918,4.433477446,0.0,0.0,0.276126979,104.352843822,0.0,156.24378803,-260.596631852,0.394467113,0,0,0.0,0,0,0,0
401,91,391.847210056,3.918472101,3.173962401,0.0081,20,2,25,0,0,7,4.79475484,3.381167017,1.413587823,2.694147,0.576985,0.540465,9.244892033,0.9,True,activated,player,player_00592,4.79475484,0.115127214,2.187417071,0.0,0.0,0.274293047,104.467971036,-0.0,155.969494983,-260.437466019,0.39184721,0,1,0.702516405,0,0,0,0
402,92,415.279183418,4.152791834,2.724646722,0.006561,40,4,45,0,0,8,9.04472698,5.387679654,3.657047326,5.375234,0.289562,0.389808,7.262220653,0.9,True,activated,player,player_00890,9.04472698,0.444989918,8.454808436,0.0,0.0,0.290695428,104.912960954,-0.0,155.678799555,-260.591760508,0.415279183,0,0,0.0,0,0,0,0
403,92,414.31282693,4.143128269,2.718306457,0.006561,40,4,45,0,0,7,5.005325186,4.071003339,0.934321847,4.315732,0.379223,0.417411,7.659667923,0.9,True,activated,player,player_00738,5.005325186,0.212377562,4.035173674,0.0,0.0,0.290018979,105.125338515,-0.0,155.388780576,-260.514119091,0.414312827,0,0,0.0,0,0,0,0
404,94,403.411999614,4.034119996,3.630707997,0.009,10,1,15,0,0,2,4.090801596,4.090801596,0,1.15089,0.929472,0.429472,6.796163046,0.9,True,activated,player,player_00506,4.090801596,0.028545188,0.542358566,0.0,0.0,0.2823884,105.153883703,0.0,155.106392176,-260.260275879,0.403412,0,0,0.0,0,0,0,0
405,94,400.148885047,4.00148885,2.362839151,0.0059049,50,5,55,0,0,11,10.158966279,2.983882362,7.175083917,3.6312,0.486633,0.565932,18.213812386,0.9,True,activated,player,player_00896,10.158966279,0.274768985,5.22061071,0.0,0.0,0.28010422,105.428652688,-0.0,154.826287957,-260.254940645,0.400148885,0,0,0.0,0,0,0,0
406,94,402.174036475,4.021740365,2.638663853,0.006561,40,4,45,0,0,6,3.821807862,2.77951322,1.042294642,4.368008,0.288466,0.340859,4.63170917,0.9,True,activated,staker,staker_00541,3.821807862,0.191090393,1.146542359,1.146542359,2.48417511,0.0,105.619743081,-0.0,158.457005426,-264.076748507,0.402174036,0,0,0.0,0,0,0,0
407,96,409.905950635,4.099059506,2.98821438,0.00729,30,3,35,0,0,7,6.947115612,3.305361919,3.641753693,2.719388,0.447606,0.606263,19.737479963,0.9,True,activated,player,player_00903,6.947115612,0.206223996,3.91825592,0.0,0.0,0.286934165,105.825967077,0.0,158.17007126,-263.996038337,0.409905951,0,0,0.0,0,0,0,0
408,93,401.497209648,4.014972096,4.014972096,0.01,0,0,5,0,0,3,5.948475636,5.38021417,0.568261466,1.215614,0.904469,0.571685,19.525943674,0.9,True,activated,player,player_00905,5.948475636,0.042465476,0.806844037,0.0,0.0,0.281048047,105.868432552,0.0,157.889023213,-263.757455766,0.40149721,0,0,0.0,0,0,0,0
409,92,398.502974498,3.985029745,2.614578016,0.006561,40,4,45,0,0,10,8.953034441,3.041285041,5.9117494,5.618013,0.293476,0.470479,16.315110379,0.9,True,activated,player,player_00906,8.953034441,0.330224468,6.274264885,0.0,0.0,0.278952082,106.19865702,0.0,157.610071131,-263.808728151,0.398502974,0,0,0.0,1,1.210420709,5,0
410,95,406.581219566,4.065812196,3.659230976,0.009,10,1,15,0,0,2,4.064108393,4.064108393,0,1.018017,0.991071,0.491071,56.48456712,0.9,True,activated,player,player_00461,4.064108393,0.016038786,0.304736926,0.0,0.0,0.284487588,106.214695806,0.0,157.325583544,-263.540279349,0.40658122,0,0,0.0,0,0,0,0
411,95,412.884709403,4.128847094,2.438042921,0.0059049,50,5,55,0,0,7,4.01951119,3.858211607,0.161299583,2.838587,0.549734,0.553365,13.422820579,0.9,True,activated,player,player_00909,4.01951119,0.184298568,3.501672798,0.0,0.0,0.281365783,106.398994374,0.0,157.04421776,-263.443212134,0.412884709,0,1,1.655976218,1,1.877886836,5,0
412,92,407.653670377,4.076536704,2.407154158,0.0059049,50,5,55,0,0,7,6.444218636,3.168636162,3.275582474,3.109728,0.508298,0.53552,11.965122036,0.9,True,activated,player,player_00398,6.444218636,0.276698655,5.257274439,0.0,0.0,0.285357569,106.675693029,-0.0,156.758860191,-263.43455322,0.40765367,0,1,1.960924883,0,0,0,0
413,91,408.68100325,4.086810033,2.17189841,0.00531441,60,6,65,1,0.901833955,10,9.723055629,6.364296516,3.358759113,3.251273,0.509956,0.601454,24.018987345,0.9,True,activated,staker,staker_00600,9.723055629,0.486152781,2.916916689,2.916916689,6.319986159,0.0,107.16184581,-0.0,165.995763039,-273.157608849,0.408681003,0,1,0.420523493,0,0,0,0
414,92,418.985789187,4.189857892,2.748965763,0.006561,40,4,45,0,0,10,9.040888976,2.883973608,6.156915368,5.138348,0.28941,0.509336,19.468397139,0.9,True,activated,player,player_00913,9.040888976,0.424221096,8.060200833,0.0,0.0,0.293290052,107.586066907,0.0,165.702472986,-273.288539893,0.418985789,0,0,0.0,0,0,0,0
415,94,422.088829217,4.220888292,3.077027565,0.00729,30,3,35,0,0,9,6.083843587,3.787899187,2.2959444,6.655876,0.252093,0.320422,8.153525296,0.9,True,activated,player,player_00330,6.083843587,0.242280491,4.60332933,0.0,0.0,0.29546218,107.828347398,0.0,165.407010806,-273.235358203,0.422088829,0,0,0.0,0,0,0,0
416,98,431.683052599,4.316830526,2.549045257,0.0059049,50,5,55,0,0,6,3.220595417,3.220595417,0,3.600274,0.435127,0.429495,8.256658988,0.9,True,activated,player,player_00660,3.220595417,0.102233431,1.942435186,0.0,0.0,0.225441679,107.930580828,0.0,165.181569127,-273.112149955,0.431683053,0,0,0.0,0,0,0,0
417,96,421.204595098,4.212045951,2.487171014,0.0059049,50,5,55,1,0.230163613,5,4.736139822,4.736139822,0,2.089396,0.669453,0.517569,9.239231444,0.9,True,activated,player,player_00030,4.736139822,0.093018056,1.767343071,0.0,0.0,0.294843217,108.023598885,-0.0,164.88672591,-272.910324795,0.421204595,0,1,9.523011866,0,0,0,0
418,97,423.398539169,4.233985392,3.429528167,0.0081,20,2,25,0,0,8,6.91620756,3.612212083,3.303995477,3.12908,0.510788,0.585016,15.198030245,0.9,True,activated,player,player_00923,6.91620756,0.308279544,5.85731134,0.0,0.0,0.296378977,108.331878429,-0.0,164.590346933,-272.922225362,0.423398539,0,0,0.0,0,0,0,0
419,97,423.102160191,4.231021602,2.248538351,0.00531441,60,6,65,0,0,7,2.886199026,2.886199026,0,4.291933,0.33001,0.408032,11.258696543,0.9,True,activated,player,player_00797,2.886199026,0.11030301,2.095757196,0.0,0.0,0.202033932,108.442181439,-0.0,164.388313001,-272.83049444,0.42310216,0,0,0.0,1,20.196891017,5,0
420,95,401.795626701,4.017956267,2.636181107,0.006561,40,4,45,0,0,10,7.123691832,4.822215313,2.301476519,5.102019,0.363918,0.461196,15.098995107,0.9,True,activated,player,player_00926,7.123691832,0.339528736,6.451045978,0.0,0.0,0.281256939,108.781710175,0.0,164.107056062,-272.888766237,0.401795627,0,0,0.0,0,0,0,0
421,94,392.963181459,3.929631815,2.864701593,0.00729,30,3,35,0,0,6,3.901073345,3.560591543,0.340481802,3.499864,0.417928,0.453395,11.292218727,0.9,True,activated,staker,staker_00600,3.901073345,0.195053667,1.170322004,1.170322004,2.535697674,0.0,108.976763842,-0.0,167.81307574,-276.789839582,0.392963181,0,1,8.551188304,0,0,0,0
422,92,392.80104368,3.928010437,2.863519608,0.00729,30,3,35,0,0,4,3.526759991,3.526759991,0,2.713122,0.517405,0.362056,5.848464171,0.9,True,activated,staker,staker_00651,3.526759991,0.176338,1.058027997,1.058027997,2.292393994,0.0,109.153101842,0.0,171.163497731,-280.316599573,0.392801044,0,0,0.0,0,0,0,0
423,92,393.940420621,3.939404206,3.190917407,0.0081,20,2,25,0,0,7,10.495596765,6.595413781,3.900182984,2.78399,0.548504,0.577598,16.24034567,0.9,True,activated,staker,staker_00600,10.495596765,0.524779838,3.148679029,3.148679029,6.822137897,0.0,109.67788168,0.0,181.134314658,-290.812196338,0.393940421,0,0,0.0,0,0,0,0
424,94,402.409881372,4.024098814,2.933568035,0.00729,40,3,45,1,2.502749409,4,3.109673042,3.109673042,0,3.374207,0.371287,0.234593,3.34191873,0.9,True,activated,player,player_00937,3.109673042,0.108638393,2.064129469,0.0,0.0,0.217677113,109.786520073,-0.0,180.916637545,-290.703157618,0.402409881,0,0,0.0,0,0,0,1
425,93,399.007773069,3.990077731,2.908766666,0.00729,30,3,35,0,0,6,4.808814362,4.030554259,0.778260103,3.809957,0.380069,0.420754,7.340256852,0.9,True,activated,player,player_00081,4.808814362,0.187503977,3.562575557,0.0,0.0,0.279305441,109.97402405,-0.0,180.637332104,-290.611356154,0.399007773,0,1,3.184431189,0,0,0,0
426,94,399.370326319,3.993703263,2.35824184,0.0059049,50,5,55,0,0,8,4.992249089,4.281623595,0.710625494,3.125048,0.533599,0.49248,13.182260679,0.9,True,activated,player,player_00382,4.992249089,0.24864035,4.724166659,0.0,0.0,0.279559228,110.2226644,0.0,180.357772876,-290.580437276,0.399370326,0,0,0.0,0,0,0,0
427,95,400.447378089,4.004473781,2.364601723,0.0059049,50,5,55,0,0,10,11.466984477,2.615695821,8.851288656,2.602711,0.603238,0.583979,18.962946654,0.9,True,activated,staker,staker_00627,11.466984477,0.573349224,3.440095343,3.440095343,7.45353991,0.0,110.796013624,-0.0,191.251408129,-302.047421753,0.400447378,0,0,0.0,0,0,0,0
428,95,406.303445267,4.063034453,2.665756904,0.006561,40,4,45,0,0,7,4.438997852,3.612901176,0.826096676,4.501581,0.338105,0.412263,5.541672605,0.9,True,activated,player,player_00947,4.438997852,0.201431379,3.827196196,0.0,0.0,0.284412412,110.997445003,0.0,190.966995717,-301.96444072,0.406303445,0,0,0.0,0,0,0,0
429,96,415.301015484,4.153010155,2.452310966,0.0059049,50,5,55,0,0,10,9.633408482,3.287301716,6.346106766,3.152094,0.515665,0.617126,23.540245059,0.9,True,activated,player,player_00271,9.633408482,0.403750648,7.671262307,0.0,0.0,0.290710711,111.401195651,0.0,190.676285006,-302.077480657,0.415301015,0,0,0.0,0,0,0,0
430,97,459.918389523,4.599183895,2.715772098,0.0059049,50,5,55,0,0,9,5.405487238,2.739325833,2.666161405,3.750966,0.386543,0.556218,22.839540904,0.9,True,activated,player,player_00921,5.405487238,0.274935685,5.223778007,0.0,0.0,0.321942873,111.676131335,-0.0,190.354342134,-302.030473469,0.45991839,0,0,0.0,1,0.997617156,5,0
431,95,455.927273472,4.559272735,3.693010915,0.0081,20,2,25,0,0,6,8.49072688,3.726325355,4.764401525,4.259265,0.313054,0.340397,7.115750357,0.9,True,activated,player,player_00872,8.49072688,0.308290655,5.857522452,0.0,0.0,0.319149091,111.984421991,0.0,190.035193042,-302.019615033,0.455927273,0,0,0.0,0,0,0,0
432,93,451.86827915,4.518682791,2.668237002,0.0059049,50,5,55,0,0,7,5.207150891,3.213974154,1.993176737,3.7923,0.382777,0.504434,8.133792177,0.9,True,activated,player,player_00957,5.207150891,0.247290252,4.69851478,0.0,0.0,0.316307795,112.231712242,0.0,189.718885247,-301.950597489,0.451868279,0,1,1.484889837,0,0,0,0
433,96,456.571804225,4.565718042,3.698231614,0.0081,20,2,25,0,0,6,7.911652132,5.99963691,1.912015222,2.234795,0.643239,0.568039,11.647322857,0.9,True,activated,player,player_00823,7.911652132,0.157108345,2.985058557,0.0,0.0,0.319600263,112.388820587,0.0,189.399284984,-301.788105571,0.456571804,0,0,0.0,0,0,0,0
434,97,470.543226759,4.705432268,3.811400137,0.0081,20,2,25,0,0,7,10.55400164,4.177827905,6.376173735,5.22589,0.261427,0.315313,4.868638902,0.9,True,activated,player,player_00676,10.55400164,0.44206442,8.399223984,0.0,0.0,0.329380259,112.830885008,0.0,189.069904725,-301.900789733,0.470543227,0,0,0.0,0,0,0,0
435,96,469.92180771,4.699218077,3.425729978,0.00729,30,3,35,0,0,4,4.073442616,4.073442616,0,3.126662,0.467946,0.273534,4.28710792,0.9,True,activated,player,player_00963,4.073442616,0.169008541,3.211162281,0.0,0.0,0.285140983,112.999893549,0.0,188.784763742,-301.784657291,0.469921808,0,0,0.0,0,0,0,0
436,100,483.478455576,4.834784556,3.172102147,0.006561,40,4,45,0,0,10,11.96334129,7.021153982,4.942187308,3.745916,0.464785,0.550544,18.554152566,0.9,True,activated,player,player_00965,11.96334129,0.585426345,11.123100555,0.0,0.0,0.338434919,113.585319894,-0.0,188.446328823,-302.031648717,0.483478456,0,0,0.0,0,0,0,0
437,100,475.610014959,4.75610015,4.75610015,0.01,0,0,5,0,0,3,11.132911988,8.708644407,2.424267581,1.54422,0.782243,0.500469,4.304125971,0.9,True,activated,player,player_00078,11.132911988,0.13785973,2.619334862,0.0,0.0,0.33292701,113.723179623,0.0,188.113401813,-301.836581436,0.475610015,0,0,0.0,0,0,0,0
438,100,476.125629969,4.7612563,3.856617603,0.0081,20,2,25,0,0,4,5.192991366,4.378734929,0.814256437,2.870103,0.5211,0.285488,5.155040715,0.9,True,activated,player,player_00824,5.192991366,0.141010625,2.679201873,0.0,0.0,0.333287941,113.864190248,0.0,187.780113872,-301.64430412,0.47612563,0,0,0.0,0,0,0,0
439,102,480.188850464,4.801888505,3.150519048,0.006561,40,4,45,0,0,9,6.143765282,3.659774348,2.483990934,5.451236,0.317692,0.426715,8.388753291,0.9,True,activated,player,player_00133,6.143765282,0.226403491,4.301666326,0.0,0.0,0.336132195,114.090593739,0.0,187.443981676,-301.534575415,0.48018885,0,0,0.0,0,0,0,0
440,100,472.481254287,4.724812543,3.82709816,0.0081,20,2,25,0,0,8,6.475394935,3.910331194,2.565063741,6.287103,0.242541,0.290324,8.914922958,0.9,True,activated,player,player_00405,6.475394935,0.261779086,4.973802629,0.0,0.0,0.330736878,114.352372825,-0.0,187.113244798,-301.465617623,0.472481254,0,0,0.0,0,0,0,0
441,102,475.95435066,4.759543507,3.85523024,0.0081,20,2,25,0,0,8,7.626369877,4.366769805,3.259600072,3.880289,0.429558,0.504973,10.599358589,0.9,True,activated,player,player_00343,7.626369877,0.23417851,4.449391686,0.0,0.0,0.333168045,114.586551334,-0.0,186.780076753,-301.366628087,0.475954351,0,0,0.0,0,0,0,0
442,102,467.750509244,4.677505092,4.209754583,0.009,10,1,15,0,0,5,11.772881496,7.026042834,4.746838662,2.592048,0.557779,0.489798,4.20693311,0.9,True,activated,player,player_00071,11.772881496,0.276682038,5.256958719,0.0,0.0,0.327425356,114.863233372,0.0,186.452651396,-301.315884769,0.467750509,0,0,0.0,0,0,0,0
443,101,470.028105103,4.700281051,3.083854398,0.006561,40,4,45,0,0,6,4.614288502,3.667929608,0.946358894,3.72907,0.388358,0.426101,9.615342143,0.9,True,activated,player,player_00422,4.614288502,0.157264616,2.988027711,0.0,0.0,0.323000195,115.020497989,0.0,186.129651201,-301.15014919,0.470028105,0,0,0.0,0,0,0,0
444,101,471.104178385,4.711041784,2.781823063,0.0059049,50,5,55,0,0,10,5.016776946,3.26614885,1.750628096,4.814685,0.399458,0.431406,14.964802817,0.9,True,activated,player,player_00253,5.016776946,0.167127979,3.1754316,0.0,0.0,0.329772925,115.187625968,-0.0,185.799878276,-300.987504244,0.471104178,0,0,0.0,1,4.171579949,5,0
445,102,470.479420024,4.7047942,3.086815475,0.006561,40,4,45,0,0,7,4.297173311,3.89204135,0.405131961,2.471399,0.606245,0.58825,13.034163324,0.9,True,activated,player,player_00981,4.297173311,0.099641737,1.893193005,0.0,0.0,0.300802132,115.287267705,-0.0,185.499076145,-300.786343849,0.47047942,0,0,0.0,0,0,0,0
446,103,470.804777874,4.708047779,3.813518701,0.0081,20,2,25,0,0,6,16.593189647,15.909245485,0.683944162,1.51294,0.798611,0.729376,56.594116769,0.9,True,activated,player,player_00668,16.593189647,0.721823673,13.714649796,0.0,0.0,0.329563345,116.009091378,0.0,185.1695128,-301.178604178,0.470804778,0,0,0.0,0,0,0,0
447,103,470.475214529,4.704752145,3.086787883,0.006561,40,4,45,0,0,5,3.492665408,3.492665408,0,1.8654,0.71646,0.560147,10.014908932,0.9,True,activated,staker,staker_00541,3.492665408,0.17463327,1.047799622,1.047799622,2.270232515,0.0,116.183724649,0.0,188.487544938,-304.671269586,0.470475215,0,0,0.0,0,0,0,0
448,104,475.885372188,4.758853722,3.122283927,0.006561,40,4,45,1,0.487734175,6,7.776576372,3.662510063,4.114066309,3.927842,0.393745,0.388879,5.213144026,0.9,True,activated,player,player_00987,7.776576372,0.328495958,6.24142321,0.0,0.0,0.333119761,116.512220607,-0.0,188.154425177,-304.666645784,0.475885372,0,1,2.209028505,0,0,0,0
449,103,470.036364159,4.700363642,3.083908585,0.006561,40,4,45,0,0,8,5.436273515,3.557523259,1.878750256,5.347025,0.266938,0.38866,10.054285999,0.9,True,activated,player,player_00991,5.436273515,0.22429276,4.261562447,0.0,0.0,0.329025455,116.736513367,0.0,187.825399722,-304.561913089,0.470036364,0,1,1.838645356,0,0,0,0
450,101,489.74581111,4.897458111,2.602710036,0.00531441,60,6,65,0,0,7,3.854750055,3.854750055,0,3.921349,0.376665,0.475383,13.306347755,0.9,True,activated,staker,staker_00456,3.854750055,0.192737503,1.156425016,1.156425016,2.505587536,0.0,116.92925087,0.0,191.487412274,-308.416663144,0.489745811,0,1,0.766422716,0,0,0,0
451,102,452.604241719,4.526042417,3.299484922,0.00729,30,3,35,0,0,9,8.788713436,3.629417932,5.159295504,5.741072,0.288786,0.245014,7.140321682,0.9,True,activated,player,player_00010,8.788713436,0.37567938,7.137908218,0.0,0.0,0.316822969,117.30493025,-0.0,191.170589305,-308.475519555,0.452604242,0,1,42.328597659,0,0,0,0
452,104,455.926502171,4.559265022,2.692200403,0.0059049,50,5,55,0,0,7,3.267719936,3.082998185,0.184721751,5.745404,0.267202,0.257844,6.252856623,0.9,True,activated,player,player_00337,3.267719936,0.154140943,2.928677925,0.0,0.0,0.228740396,117.459071193,-0.0,190.94184891,-308.400920103,0.455926502,0,0,0.0,0,0,0,0
453,103,453.806554301,4.538065543,2.679682322,0.0059049,50,5,55,0,0,6,2.849381456,2.849381456,0,4.792046,0.336619,0.253602,6.943998502,0.9,True,activated,player,player_00559,2.849381456,0.135008062,2.565153175,0.0,0.0,0.199456702,117.594079255,0.0,190.742392208,-308.336471463,0.453806554,0,1,1.507543514,0,0,0,0
454,104,459.125857828,4.591258578,3.012324753,0.006561,40,4,45,0,0,6,5.537910138,3.272840973,2.265069165,3.669971,0.409012,0.427512,8.097839783,0.9,True,activated,player,player_00958,5.537910138,0.217863,4.139396992,0.0,0.0,0.3213881,117.811942255,-0.0,190.421004107,-308.232946362,0.459125858,0,1,1.722050223,1,1.709965225,5,0
455,102,450.739282284,4.507392823,3.285889368,0.00729,30,3,35,1,0.719244209,8,15.24600556,10.005465149,5.240540411,3.081977,0.526106,0.556464,13.712103896,0.9,True,activated,player,player_00536,15.24600556,0.731757484,13.903392203,0.0,0.0,0.315517498,118.543699739,0.0,190.10548661,-308.649186349,0.450739282,0,1,6.356419194,0,0,0,0
456,102,453.048621938,4.530486219,2.675206808,0.0059049,50,5,55,0,0,10,8.37300937,4.397258124,3.975751246,5.711316,0.309798,0.428003,13.780577617,0.9,True,activated,player,player_00846,8.37300937,0.41534463,7.89154797,0.0,0.0,0.317134035,118.959044369,0.0,189.788352574,-308.747396944,0.453048622,0,2,3.119138513,0,0,0,0
457,101,451.27640912,4.512764091,3.289805022,0.00729,30,3,35,0,0,7,5.788891468,3.390215278,2.39867619,4.16095,0.326821,0.445192,11.077755745,0.9,True,activated,player,player_01009,5.788891468,0.294669998,5.598729956,0.0,0.0,0.315893486,119.253714367,-0.0,189.472459088,-308.726173455,0.451276409,0,1,1.925777863,0,0,0,0
458,101,452.026451582,4.520264516,3.661414258,0.0081,20,2,25,0,0,7,9.885560494,4.366039731,5.519520763,4.248634,0.335111,0.400372,10.715949205,0.9,True,activated,player,player_00111,9.885560494,0.356977536,6.782573189,0.0,0.0,0.316418516,119.610691903,0.0,189.156040572,-308.766732475,0.452026452,0,0,0.0,0,0,0,0
459,102,453.408642616,4.534086426,2.677332694,0.0059049,50,5,55,0,0,9,5.814165614,4.785896912,1.028268702,4.595594,0.385696,0.468341,9.200842081,0.9,True,activated,player,player_00369,5.814165614,0.277848979,5.279130607,0.0,0.0,0.31738605,119.888540882,0.0,188.838654522,-308.727195404,0.453408643,0,0,0.0,1,2.978270308,5,0
460,101,453.039485348,4.530394853,2.675152857,0.0059049,50,5,55,0,0,10,5.955562092,3.315029949,2.640532143,5.177212,0.344916,0.472902,15.783680049,0.9,True,activated,player,player_00902,5.955562092,0.210926104,4.007595974,0.0,0.0,0.31712764,120.099466986,0.0,188.521526882,-308.620993869,0.453039485,0,0,0.0,0,0,0,0
461,104,462.841902642,4.628419026,3.749019411,0.0081,20,2,25,0,0,4,6.693723837,3.939916712,2.753807125,3.039685,0.411401,0.307356,3.491337952,0.9,True,activated,staker,staker_00708,6.693723837,0.334686192,2.008117151,2.008117151,4.350920494,0.0,120.434153178,-0.0,194.880564527,-315.314717706,0.462841903,0,0,0.0,0,0,0,0
462,103,460.18602049,4.601860205,2.717352432,0.0059049,50,5,55,0,0,8,6.202454025,3.400469038,2.801984987,4.393207,0.353707,0.484235,10.9284448,0.9,True,activated,player,player_00632,6.202454025,0.295822466,5.62062685,0.0,0.0,0.322130214,120.729975644,0.0,194.558434313,-315.288409957,0.46018602,0,2,10.915888372,0,0,0,0
463,105,465.043722016,4.65043722,3.05115186,0.006561,40,4,45,0,0,6,10.513557157,4.875466525,5.638090632,2.961414,0.536269,0.453304,9.995152157,0.9,True,activated,player,player_00756,10.513557157,0.461354939,8.765743834,0.0,0.0,0.325530605,121.191330583,0.0,194.232903708,-315.42423429,0.465043722,0,0,0.0,0,0,0,0
464,103,455.801330502,4.558013305,3.691990777,0.0081,20,2,25,0,0,3,5.695368949,5.695368949,0,1.42158,0.830062,0.497045,10.79120747,0.9,True,activated,staker,staker_00709,5.695368949,0.284768447,1.708610685,1.708610685,3.701989817,0.0,121.47609903,0.0,199.643504209,-321.119603239,0.455801331,0,0,0.0,0,0,0,0
465,104,475.599141956,4.75599142,3.467117745,0.00729,30,3,35,0,0,4,4.280061165,4.280061165,0,1.576263,0.786622,0.551721,12.222787374,0.9,True,activated,player,player_00019,4.280061165,0.060643817,1.152232524,0.0,0.0,0.299604282,121.536742847,0.0,199.343899928,-320.880642775,0.475599142,0,1,0.637098191,0,0,0,0
466,105,479.409290757,4.794092908,3.49489373,0.00729,30,3,35,0,0,7,5.762470707,3.566024709,2.196445998,3.790836,0.441303,0.450285,8.053238963,0.9,True,activated,staker,staker_00726,5.762470707,0.288123535,1.728741212,1.728741212,3.74560596,0.0,121.824866382,-0.0,204.818247099,-326.643113482,0.479409291,0,1,0.301811362,0,0,0,0
467,103,488.598031746,4.885980317,3.205691686,0.006561,40,4,45,0,0,9,9.891797826,5.054157661,4.837640165,5.412129,0.318174,0.428039,12.073248392,0.9,True,activated,player,player_00113,9.891797826,0.414127381,7.868420235,0.0,0.0,0.342018622,122.238993763,0.0,204.476228477,-326.71522224,0.488598032,0,0,0.0,0,0,0,0
468,101,483.871003049,4.83871003,3.527419612,0.00729,30,3,35,0,0,8,7.267237074,4.80401226,2.463224814,3.818958,0.460422,0.452136,12.44355951,0.9,True,activated,player,player_01021,7.267237074,0.212997587,4.046954154,0.0,0.0,0.338709702,122.45199135,-0.0,204.137518775,-326.589510125,0.483871003,0,0,0.0,0,0,0,0
469,104,488.186578833,4.881865788,4.393679209,0.009,10,1,15,0,0,5,8.606389831,7.148951621,1.45743821,1.702805,0.753471,0.611838,11.846752297,0.9,True,activated,player,player_00537,8.606389831,0.123172784,2.340282892,0.0,0.0,0.341730605,122.575164134,-0.0,203.79578817,-326.370952304,0.488186579,0,0,0.0,0,0,0,0
470,104,487.844848228,4.878448482,3.200750049,0.006561,40,4,45,0,0,7,5.061349676,3.386987605,1.674362071,4.301934,0.38857,0.404856,7.13911271,0.9,True,activated,player,player_01032,5.061349676,0.17180766,3.264345535,0.0,0.0,0.341491394,122.746971794,0.0,203.454296776,-326.20126857,0.487844848,0,0,0.0,1,2.355842464,5,0
471,104,486.447375712,4.864473757,3.191581232,0.006561,40,4,45,0,0,7,8.673375285,7.25938787,1.413987415,2.082549,0.674574,0.619567,18.584165368,0.9,True,activated,staker,staker_00541,8.673375285,0.433668764,2.602012586,2.602012586,5.637693935,0.0,123.180640558,0.0,211.694003297,-334.874643855,0.486447376,0,0,0.0,1,0.88426429,5,0
472,103,491.35246445,4.913524644,4.42217218,0.009,10,1,15,0,0,3,5.65951102,5.55152378,0.10798724,1.242148,0.892698,0.582412,10.472840272,0.9,True,activated,player,player_01035,5.65951102,0.294773525,5.60069698,0.0,0.0,0.343946725,123.475414083,-0.0,211.350056572,-334.825470655,0.491352464,0,0,0.0,0,0,0,0
473,103,528.216524782,5.282165248,3.465628619,0.006561,40,4,45,0,0,6,5.313083398,5.207076981,0.106006417,3.429974,0.437948,0.464871,6.41475143,0.9,True,activated,player,player_00505,5.313083398,0.249688128,4.744074425,0.0,0.0,0.369751567,123.725102211,0.0,210.980305004,-334.705407215,0.528216525,0,0,0.0,0,0,0,0
474,105,583.366788144,5.833667881,3.827469497,0.006561,40,4,45,0,0,8,5.912079052,4.513363353,1.398715699,4.588229,0.342738,0.455688,14.332208593,0.9,True,activated,player,player_01037,5.912079052,0.214707083,4.079434579,0.0,0.0,0.408356752,123.939809294,0.0,210.571948253,-334.511757547,0.583366788,0,0,0.0,0,0,0,0
475,102,555.190331766,5.551903318,3.27834339,0.0059049,50,5,55,1,0.662863952,5,4.32251697,4.32251697,0,3.796865,0.337447,0.310412,3.354577313,0.9,True,activated,player,player_00287,4.32251697,0.158323544,3.008147329,0.0,0.0,0.302576188,124.098132838,-0.0,210.269372065,-334.367504902,0.555190332,0,1,1.704682449,0,0,0,0
476,104,561.652933447,5.616529334,2.686368569,0.004782969,70,7,75,1,0.077078111,8,3.168852985,3.014788053,0.154064932,3.943491,0.432009,0.4867,13.487483597,0.9,True,activated,player,player_00419,3.168852985,0.101085003,1.920615061,0.0,0.0,0.221819709,124.199217841,0.0,210.047552356,-334.246770197,0.561652933,0,0,0.0,0,0,0,0
477,105,563.395440559,5.633954406,2.994114363,0.00531441,60,6,65,1,1.1991607,8,4.370795368,3.661430521,0.709364847,4.674904,0.365836,0.4366,9.330660641,0.9,True,activated,staker,staker_00667,4.370795368,0.218539768,1.31123861,1.31123861,2.841016989,0.0,124.417757609,-0.0,214.199807955,-338.617565565,0.563395441,0,0,0.0,0,0,0,0
478,107,573.786533471,5.737865335,4.182903829,0.00729,30,3,35,0,0,4,4.634570737,4.634570737,0,3.095276,0.359563,0.269429,2.375087848,0.9,True,activated,player,player_00054,4.634570737,0.183882095,3.493759797,0.0,0.0,0.324419952,124.601639704,-0.0,213.875388004,-338.477027708,0.573786533,0,0,0.0,0,0,0,0
479,107,571.319802351,5.713198024,2.732604904,0.004782969,70,7,75,1,0.642175998,10,5.609865012,4.513064782,1.09680023,5.249438,0.341139,0.33594,12.45328652,0.9,True,activated,player,player_00974,5.609865012,0.278311518,5.287918834,0.0,0.0,0.392690551,124.879951221,0.0,213.482697453,-338.362648674,0.571319802,0,0,0.0,0,0,0,0
480,104,558.988283179,5.589882832,3.300769913,0.0059049,50,5,55,0,0,6,3.907819538,3.907819538,0,3.546081,0.418173,0.43311,10.077272495,0.9,True,activated,player,player_00588,3.907819538,0.127361159,2.419862021,0.0,0.0,0.273547368,125.00731238,-0.0,213.209150085,-338.216462466,0.558988283,0,2,4.819008551,0,0,0,0
481,102,553.094979084,5.530949791,4.032062398,0.00729,30,3,35,0,0,4,5.005862631,5.005862631,0,3.407215,0.355029,0.20939,2.626059741,0.9,True,activated,player,player_00744,5.005862631,0.248675637,4.724837111,0.0,0.0,0.350410384,125.255988018,0.0,212.858739701,-338.114727719,0.553094979,0,1,1.275744904,0,0,0,0
482,101,543.132962181,5.431329622,3.207145828,0.0059049,50,5,55,0,0,10,8.669793021,3.559717901,5.11007512,5.102177,0.341011,0.50112,16.292539388,0.9,True,activated,player,player_00557,8.669793021,0.400079844,7.601517045,0.0,0.0,0.380193074,125.656067862,-0.0,212.478546628,-338.13461449,0.543132962,0,2,10.97593285,0,0,0,0
483,100,541.815279091,5.418152791,3.199365042,0.0059049,50,5,55,0,0,10,5.30784925,3.525287809,1.782561441,7.326044,0.216448,0.326216,12.209454775,0.9,True,activated,player,player_00229,5.30784925,0.266711846,5.067525071,0.0,0.0,0.371549448,125.922779708,-0.0,212.10699718,-338.029776888,0.541815279,0,1,0.937490017,0,0,0,0
484,100,539.782164438,5.397821644,3.935011979,0.00729,30,3,35,0,0,7,8.945716183,4.585079877,4.360636306,4.742253,0.283502,0.37978,6.089866065,0.9,True,activated,player,player_00565,8.945716183,0.339510545,6.450700353,0.0,0.0,0.377847515,126.262290253,0.0,211.729149665,-337.991439918,0.539782164,0,0,0.0,0,0,0,0
485,98,539.453906726,5.394539067,3.539357082,0.006561,40,4,45,1,0.181587876,8,9.389897063,3.983051672,5.406845391,4.269159,0.409256,0.448667,7.99923347,0.9,True,activated,player,player_00869,9.389897063,0.4371393,8.305646692,0.0,0.0,0.377617735,126.699429553,0.0,211.35153193,-338.050961483,0.539453907,0,1,1.792634704,0,0,0,0
486,97,537.728963389,5.377289634,3.175235756,0.0059049,50,5,55,0,0,6,3.751350703,3.751350703,0,4.050002,0.374417,0.366022,7.753198095,0.9,True,activated,player,player_00957,3.751350703,0.150510607,2.859701532,0.0,0.0,0.262594549,126.84994016,0.0,211.088937381,-337.938877541,0.537728963,0,0,0.0,1,1.471916656,5,0
487,100,545.521041769,5.455210418,2.89912248,0.00531441,60,6,65,0,0,10,12.45687049,3.762388432,8.694482058,4.618591,0.349108,0.554476,11.201580209,0.9,True,activated,player,player_01058,12.45687049,0.492955721,9.3661587,0.0,0.0,0.381864729,127.342895881,0.0,210.707072652,-338.049968532,0.545521042,0,0,0.0,0,0,0,0
488,100,541.489197293,5.414891973,3.197439561,0.0059049,50,5,55,0,0,9,12.152483203,8.508209416,3.644273787,3.970237,0.409527,0.564392,16.017890248,0.9,True,activated,player,player_00119,12.152483203,0.507490491,9.642319331,0.0,0.0,0.379042438,127.850386372,-0.0,210.328030214,-338.178416585,0.541489197,0,1,4.03333811,0,0,0,0
489,98,533.759632593,5.337596326,3.891107722,0.00729,30,3,35,0,0,7,11.066234354,5.094480364,5.97175399,3.945123,0.378782,0.480459,5.770599735,0.9,True,activated,player,player_00167,11.066234354,0.491138372,9.33162907,0.0,0.0,0.373631743,128.341524744,0.0,209.954398471,-338.295923215,0.533759633,0,0,0.0,0,0,0,0
490,97,532.744497354,5.327444974,3.495336647,0.006561,40,4,45,0,0,7,4.401861371,3.689871628,0.711989743,4.013054,0.433056,0.392447,9.124237328,0.9,True,activated,player,player_00724,4.401861371,0.199713383,3.794554277,0.0,0.0,0.308130296,128.541238127,0.0,209.646268175,-338.187506302,0.532744497,0,1,0.641503496,0,0,0,0
491,96,531.217708977,5.31217709,3.872577098,0.00729,30,3,35,0,0,9,7.289191482,4.337536421,2.951655061,3.674748,0.469107,0.523554,18.886474071,0.9,True,activated,player,player_00810,7.289191482,0.21208152,4.029548886,0.0,0.0,0.371852396,128.753319647,0.0,209.274415779,-338.027735426,0.531217709,0,0,0.0,0,0,0,0
492,98,538.676313896,5.386763139,4.363278143,0.0081,20,2,25,0,0,4,6.674584527,6.475637798,0.198946729,2.67375,0.515316,0.3868,3.645515106,0.9,True,activated,player,player_01074,6.674584527,0.261550368,4.969456993,0.0,0.0,0.37707342,129.014870015,0.0,208.897342359,-337.912212374,0.538676314,0,0,0.0,0,0,0,0
493,97,507.039140987,5.07039141,3.326683804,0.006561,40,4,45,0,0,6,8.718008603,4.982641615,3.735366988,3.611325,0.428466,0.434158,7.650792069,0.9,True,activated,player,player_01076,8.718008603,0.266878451,5.070690563,0.0,0.0,0.354927399,129.281748466,-0.0,208.54241496,-337.824163426,0.507039141,0,1,38.190341249,0,0,0,0
494,97,503.108793364,5.031087934,3.300896793,0.006561,40,4,45,0,0,8,7.465419697,3.59245002,3.872969677,5.169368,0.334546,0.380953,10.129275348,0.9,True,activated,player,player_01078,7.465419697,0.266003617,5.054068723,0.0,0.0,0.352176155,129.547752083,-0.0,208.190238805,-337.737990888,0.503108793,0,1,4.250899352,0,0,0,0
495,97,502.756617209,5.027566172,4.072328599,0.0081,20,2,25,0,0,3,5.709289406,5.709289406,0,2.100208,0.513161,0.324591,1.239839356,0.9,True,activated,player,player_00061,5.709289406,0.171586511,3.260143715,0.0,0.0,0.351929632,129.719338594,0.0,207.838309173,-337.557647767,0.502756617,0,0,0.0,0,0,0,0
496,100,509.568800771,5.095688008,3.343280902,0.006561,40,4,45,0,0,5,3.772925153,3.772925153,0,1.753277,0.738355,0.604997,22.036058229,0.9,True,activated,player,player_00133,3.772925153,0.062563519,1.188706865,0.0,0.0,0.264104761,129.781902113,-0.0,207.574204412,-337.356106525,0.509568801,0,0,0.0,0,0,0,0
497,98,507.229343438,5.072293434,4.565064091,0.009,10,1,15,0,0,7,8.289032578,5.252312049,3.036720529,3.902255,0.335536,0.493887,6.353470074,0.9,True,activated,player,player_00469,8.289032578,0.308652504,5.864397567,0.0,0.0,0.35506054,130.090554617,-0.0,207.219143872,-337.309698489,0.507229343,0,0,0.0,0,0,0,0
498,96,497.396183839,4.973961838,2.937074726,0.0059049,50,5,55,0,0,11,8.499569272,3.427410726,5.072158546,6.459606,0.233441,0.460948,15.921120527,0.9,True,activated,player,player_01085,8.499569272,0.388759503,7.38643055,0.0,0.0,0.348177329,130.47931412,-0.0,206.870966543,-337.350280663,0.497396184,0,3,11.034603963,0,0,0,0
499,96,496.243453035,4.96243453,2.373517052,0.004782969,70,7,75,2,0.586163736,9,6.780969574,3.059211911,3.721757663,5.384981,0.316721,0.434542,11.42152222,0.9,True,activated,player,player_00972,6.780969574,0.288807223,5.487337244,0.0,0.0,0.347370417,130.768121343,0.0,206.523596126,-337.291717469,0.496243453,0,0,0.0,1,1.0952271,5,0
500,96,497.998071166,4.979980712,2.646565929,0.00531441,60,6,65,1,0.162408761,11,6.562262556,2.806598364,3.755664192,6.637693,0.277562,0.420717,15.080880708,0.9,True,activated,player,player_01099,6.562262556,0.2544712,4.834952797,0.0,0.0,0.34859865,131.022592543,0.0,206.174997476,-337.197590019,0.497998071,0,0,0.0,0,0,0,0
501,97,499.038479566,4.990384796,3.637990516,0.00729,30,3,35,0,0,9,8.910911799,5.730744361,3.180167438,5.73115,0.277675,0.421737,9.932471754,0.9,True,activated,staker,staker_00736,8.910911799,0.44554559,2.67327354,2.67327354,5.792092669,0.0,131.468138133,-0.0,214.640363685,-346.108501818,0.49903848,0,0,0.0,0,0,0,0
502,98,508.985863117,5.089858631,4.580872768,0.009,10,1,15,0,0,2,4.697444008,4.697444008,0,1.204883,0.906175,0.406175,5.027869652,0.9,True,activated,player,player_00461,4.697444008,0.038477955,0.731081146,0.0,0.0,0.328821081,131.506616088,0.0,214.311542605,-345.818158692,0.508985863,0,0,0.0,0,0,0,0
503,98,544.220673766,5.442206738,3.570631841,0.006561,40,4,45,0,0,6,5.682410754,3.773451401,1.908959353,4.12503,0.335942,0.380409,5.468509451,0.9,True,activated,staker,staker_00730,5.682410754,0.284120538,1.704723226,1.704723226,3.69356699,0.0,131.790736625,0.0,219.709832821,-351.500569446,0.544220674,0,0,0.0,0,0,0,0
504,95,520.441533043,5.20441533,3.414616898,0.006561,40,4,45,0,0,7,5.093993871,4.060465032,1.033528839,3.70879,0.370235,0.489175,20.882633775,0.9,True,activated,staker,staker_00772,5.093993871,0.254699694,1.528198161,1.528198161,3.311096016,0.0,132.045436319,-0.0,224.549126998,-356.594563317,0.520441533,0,2,27.901131717,1,1.788037301,5,0
505,92,518.169664793,5.181696648,4.663526983,0.009,10,1,15,0,0,6,13.859153502,4.867183334,8.991970168,2.757703,0.540861,0.539202,12.607299757,0.9,True,activated,player,player_00885,13.859153502,0.336299684,6.389693989,0.0,0.0,0.362718765,132.381736003,0.0,224.186408233,-356.568144236,0.518169665,0,1,3.533488924,0,0,0,0
506,91,522.8902914,5.228902914,4.23541136,0.0081,20,2,25,1,0.537893925,4,13.029039404,8.048060094,4.98097931,2.122662,0.589102,0.499569,15.351704712,0.9,True,activated,player,player_01115,13.029039404,0.285981304,5.433644781,0.0,0.0,0.366023204,132.667717307,-0.0,223.820385029,-356.488102336,0.522890291,0,1,2.525702866,0,0,0,0
507,91,523.187931966,5.23187932,3.089372419,0.0059049,50,5,55,1,0.59307299,10,9.661091738,4.455436986,5.205654752,5.523302,0.285488,0.474781,18.461270497,0.9,True,activated,player,player_00666,9.661091738,0.493995423,9.38591304,0.0,0.0,0.366231552,133.16171273,0.0,223.454153477,-356.615866207,0.523187932,0,1,1.287023898,0,0,0,0
508,91,528.242412866,5.282424129,2.807296761,0.00531441,60,6,65,0,0,11,10.174411724,4.304336955,5.870074769,4.531823,0.414082,0.520016,18.118339204,0.9,True,activated,player,player_00662,10.174411724,0.46404587,8.816871522,0.0,0.0,0.369769689,133.6257586,0.0,223.084383788,-356.710142387,0.528242413,0,1,2.894610629,0,0,0,0
509,92,531.826857832,5.318268578,3.877017794,0.00729,30,3,35,0,0,7,7.364721767,5.895715146,1.469006621,3.238475,0.478995,0.528703,12.329780201,0.9,True,activated,player,player_00405,7.364721767,0.210466674,3.998866804,0.0,0.0,0.3722788,133.836225273,-0.0,222.712104987,-356.548330261,0.531826858,0,0,0.0,0,0,0,0
510,93,538.650835544,5.386508355,2.318715223,0.004304672,80,8,85,0,0,11,3.192280424,2.912842213,0.279438211,9.122934,0.181876,0.241148,12.199817569,0.9,True,activated,player,player_00582,3.192280424,0.158275733,3.007238933,0.0,0.0,0.22345963,133.994501007,0.0,222.488645357,-356.483146364,0.538650836,0,2,4.034738457,0,0,0,0
511,91,533.102723557,5.331027236,4.318132061,0.0081,20,2,25,0,0,5,5.2626244,4.61245018,0.65017422,2.669943,0.556183,0.466517,7.652660714,0.9,True,activated,player,player_01133,5.2626244,0.228368975,4.339010518,0.0,0.0,0.368383708,134.222869981,-0.0,222.120261649,-356.343131631,0.533102724,0,1,0.974232821,0,0,0,0
512,92,615.439731835,6.154397318,3.270699065,0.00531441,60,6,65,1,0.296957051,6,5.674876017,5.674876017,0,3.739533,0.444153,0.369746,6.466732481,0.9,True,activated,player,player_00387,5.674876017,0.266535508,5.06417465,0.0,0.0,0.397241321,134.489405489,0.0,221.723020328,-356.212425818,0.615439732,0,0,0.0,0,0,0,0
513,93,615.830145255,6.158301453,4.489401759,0.00729,30,3,35,0,0,9,12.157740266,7.78316082,4.374579446,3.614494,0.460908,0.571066,18.506998582,0.9,True,activated,player,player_00167,12.157740266,0.349261156,6.635961963,0.0,0.0,0.431081102,134.838666645,0.0,221.291939227,-356.130605872,0.615830145,0,1,2.910213832,0,0,0,0
514,93,612.805056966,6.12805057,4.020613979,0.006561,40,4,45,0,0,6,6.578615236,6.382602372,0.196012864,3.8604,0.331863,0.418045,5.576532537,0.9,True,activated,player,player_01016,6.578615236,0.285693889,5.428183898,0.0,0.0,0.42896354,135.124360535,0.0,220.862975687,-355.987336221,0.612805057,0,1,1.861518294,0,0,0,0
515,94,614.827208132,6.148272081,2.940699477,0.004782969,70,7,75,0,0,8,3.448697985,3.448697985,0,5.452166,0.285865,0.37585,9.645656895,0.9,True,activated,player,player_00679,3.448697985,0.135212214,2.569032075,0.0,0.0,0.241408859,135.259572749,-0.0,220.621566828,-355.881139577,0.614827208,0,2,12.186163282,0,0,0,0
516,94,614.585799273,6.145857993,2.939544826,0.004782969,70,7,75,0,0,8,5.85919716,5.85919716,0,3.256358,0.511062,0.52764,11.678743746,0.9,True,activated,player,player_00575,5.85919716,0.273268005,5.192092099,0.0,0.0,0.410143801,135.532840754,0.0,220.211423027,-355.744263781,0.614585799,0,0,0.0,1,3.079254481,5,0
517,91,602.364808081,6.023648081,3.952115506,0.006561,40,4,45,0,0,7,4.628278577,4.343258744,0.285019833,4.079105,0.340065,0.455345,14.572399578,0.9,True,activated,player,player_01143,4.628278577,0.185820926,3.530597591,0.0,0.0,0.3239795,135.71866168,-0.0,219.887443526,-355.606105206,0.602364808,0,0,0.0,0,0,0,0
518,89,596.483264111,5.964832641,3.169956624,0.00531441,60,6,65,1,0.114067941,7,7.355192705,3.664103252,3.691089453,3.162466,0.501834,0.511838,17.533274255,0.9,True,activated,player,player_00417,7.355192705,0.204082077,3.87755946,0.0,0.0,0.417538285,135.922743757,-0.0,219.469905241,-355.392648998,0.596483264,0,1,0.682969244,0,0,0,0
519,92,622.242189883,6.222421899,4.536145564,0.00729,30,3,35,1,0.128175759,8,8.622219362,5.774721923,2.847497439,2.991557,0.521317,0.597365,22.279140793,0.9,True,activated,staker,staker_00726,8.622219362,0.431110968,2.586665809,2.586665809,5.604442585,0.0,136.353854725,0.0,227.661013635,-364.01486836,0.62224219,0,0,0.0,0,0,0,0
520,93,634.399428618,6.343994286,4.624771835,0.00729,30,3,35,0,0,9,9.721809532,5.915050789,3.806758743,4.953846,0.384013,0.391745,11.279472924,0.9,True,activated,player,player_01149,9.721809532,0.32162952,6.110960874,0.0,0.0,0.4440796,136.675484245,-0.0,227.216934035,-363.89241828,0.634399429,0,0,0.0,0,0,0,0
521,93,636.178958512,6.361789585,3.756573132,0.0059049,50,5,55,0,0,9,6.621384929,4.807644756,1.813740173,4.925254,0.359785,0.460666,12.629976849,0.9,True,activated,player,player_01121,6.621384929,0.330175334,6.273331347,0.0,0.0,0.445325271,137.005659579,0.0,226.771608764,-363.777268343,0.636178959,0,1,0.51203836,0,0,0,0
522,93,635.733633241,6.357336332,4.634498186,0.00729,30,3,35,0,0,4,6.651406335,6.651406335,0,2.982232,0.427175,0.319942,2.843306303,0.9,True,activated,player,player_01156,6.651406335,0.212755327,4.04235122,0.0,0.0,0.445013543,137.218414906,0.0,226.326595221,-363.545010127,0.635733633,0,0,0.0,0,0,0,0
523,91,629.05823285,6.290582328,3.714525959,0.0059049,50,5,55,0,0,7,4.27844236,4.121109305,0.157333055,4.675992,0.278785,0.376735,12.583382083,0.9,True,activated,player,player_00109,4.27844236,0.172380583,3.275231083,0.0,0.0,0.299490965,137.39079549,-0.0,226.027104256,-363.417899745,0.629058233,0,1,3.454163832,0,0,0,0
524,89,624.831747597,6.248317476,4.099521096,0.006561,40,4,45,0,0,5,4.586529016,4.586529016,0,3.152837,0.389921,0.389507,9.50754315,0.9,True,activated,player,player_00632,4.586529016,0.15735337,2.989714038,0.0,0.0,0.321057031,137.54814886,0.0,225.706047225,-363.254196084,0.624831748,0,3,5.125774141,0,0,0,0
525,90,625.163253641,6.251632536,6.251632536,0.01,0,0,5,0,0,2,7.842578023,7.429224842,0.413353181,1.110934,0.947294,0.447294,9.094494708,0.9,True,activated,player,player_01080,7.842578023,0.042548373,0.808419086,0.0,0.0,0.437614278,137.590697233,-0.0,225.268432947,-362.85913018,0.625163254,0,0,0.0,0,0,0,0
526,92,629.553506012,6.29553506,3.011134903,0.004782969,70,7,75,0,0,9,3.880511128,3.473290874,0.407220254,6.642754,0.258026,0.317042,11.514315111,0.9,True,activated,player,player_00880,3.880511128,0.177868472,3.379500966,0.0,0.0,0.271635779,137.768565705,0.0,224.996797168,-362.765362873,0.629553506,0,0,0.0,0,0,0,0
527,90,620.362224487,6.203622245,2.967173288,0.004782969,70,7,75,1,0.176704831,10,7.389104008,2.980439814,4.408664194,5.375188,0.299137,0.474397,17.176514675,0.9,True,activated,player,player_01162,7.389104008,0.280650001,5.332350017,0.0,0.0,0.434253557,138.049215706,-0.0,224.562543611,-362.611759317,0.620362224,0,1,0.987665527,0,0,0,0
528,90,616.79431734,6.167943173,4.496430573,0.00729,30,3,35,0,0,6,7.251061317,4.938966793,2.312094524,3.569797,0.435747,0.420298,9.048970215,0.9,True,activated,player,player_00578,7.251061317,0.292753186,5.562310525,0.0,0.0,0.431756022,138.341968891,0.0,224.130787589,-362.47275648,0.616794317,0,0,0.0,0,0,0,0
529,90,603.952636586,6.039526366,3.962533249,0.006561,40,4,45,0,0,6,7.588768322,5.31249673,2.276271592,3.809952,0.349763,0.421659,7.388640344,0.9,True,activated,player,player_01123,7.588768322,0.267863385,5.089404324,0.0,0.0,0.422766846,138.609832277,-0.0,223.708020743,-362.31785302,0.603952637,0,0,0.0,0,0,0,0
530,91,603.750561128,6.037505611,3.20857802,0.00531441,60,6,65,0,0,8,3.582882398,3.400054749,0.182827649,6.361336,0.222232,0.285836,8.047377074,0.9,True,activated,player,player_01071,3.582882398,0.17065756,3.24249364,0.0,0.0,0.250801768,138.780489837,-0.0,223.457218975,-362.237708812,0.603750561,0,0,0.0,0,0,0,0
531,91,601.029724733,6.010297247,3.943356024,0.006561,40,4,45,0,0,7,4.715630228,3.951105087,0.764525141,3.443986,0.479881,0.480287,9.194605009,0.9,True,activated,staker,staker_00600,4.715630228,0.235781511,1.414689068,1.414689068,3.065159648,0.0,139.016271348,0.0,227.937067692,-366.95333904,0.601029725,0,0,0.0,0,0,0,0
532,91,605.628702475,6.056287025,2.896703309,0.004782969,70,7,75,1,0.183805016,11,6.581928544,3.828685647,2.753242897,7.415349,0.225113,0.372722,12.890824621,0.9,True,activated,player,player_00366,6.581928544,0.304217887,5.780139844,0.0,0.0,0.423940092,139.320489235,0.0,227.5131276,-366.833616835,0.605628702,0,0,0.0,0,0,0,0
533,90,604.096608647,6.040966086,3.567130064,0.0059049,50,5,55,0,0,10,6.245874127,3.808597089,2.437277038,5.792695,0.290534,0.427211,14.436547432,0.9,True,activated,player,player_01176,6.245874127,0.261825612,4.974686619,0.0,0.0,0.422867626,139.582314846,-0.0,227.090259974,-366.67257482,0.604096609,0,0,0.0,0,0,0,0
534,86,589.525102856,5.895251029,3.48108678,0.0059049,50,5,55,0,0,9,6.081372622,3.544521379,2.536851243,7.149563,0.228225,0.280551,9.542074187,0.9,True,activated,player,player_00455,6.081372622,0.291900451,5.546108564,0.0,0.0,0.412667572,139.874215297,0.0,226.677592402,-366.551807699,0.589525103,0,1,1.352664352,0,0,0,0
535,87,595.139443034,5.95139443,3.514238897,0.0059049,50,5,55,0,0,10,6.51155933,4.116994821,2.394564509,6.531522,0.266362,0.353621,13.833295246,0.9,True,activated,player,player_00127,6.51155933,0.259686349,4.934040626,0.0,0.0,0.41659761,140.133901646,-0.0,226.260994792,-366.394896438,0.595139443,0,0,0.0,1,9.187585435,5,0
536,85,587.285471594,5.872854716,4.75701232,0.0081,20,2,25,0,0,8,9.23531917,5.245955403,3.989363767,4.249122,0.383583,0.495717,10.37209508,0.9,True,activated,player,player_01188,9.23531917,0.384038239,7.296726544,0.0,0.0,0.41109983,140.517939885,-0.0,225.849894962,-366.367834847,0.587285472,0,0,0.0,0,0,0,0
537,85,585.958554127,5.859585541,2.52235944,0.004304672,80,8,85,1,0.917992137,8,3.277332039,3.277332039,0,4.437957,0.37843,0.450995,14.510362967,0.9,True,activated,player,player_01193,3.277332039,0.113325239,2.153179533,0.0,0.0,0.229413243,140.631265123,0.0,225.620481719,-366.251746842,0.585958554,0,0,0.0,0,0,0,0
538,84,562.783669728,5.627836697,3.323181291,0.0059049,50,5,55,0,0,11,6.554471174,3.748174324,2.80629685,7.616969,0.200788,0.369576,17.852358942,0.9,True,activated,player,player_00726,6.554471174,0.30638857,5.821382836,0.0,0.0,0.393948569,140.937653694,-0.0,225.22653315,-366.164186844,0.56278367,0,1,23.930771178,0,0,0,0
539,85,568.829164989,5.68829165,5.119462485,0.009,10,1,15,0,0,3,6.158605751,5.564622439,0.593983312,1.231912,0.895759,0.591977,9.536737139,0.9,True,activated,player,player_00461,6.158605751,0.052008125,0.988154376,0.0,0.0,0.398180415,140.989661819,0.0,224.828352735,-365.818014554,0.568829165,0,0,0.0,0,0,0,0
540,82,553.705118325,5.537051183,2.942616018,0.00531441,60,6,65,0,0,7,3.626140564,3.626140564,0,4.018607,0.409368,0.434273,8.402637831,0.9,True,activated,player,player_00098,3.626140564,0.174293,3.311566999,0.0,0.0,0.253829839,141.163954819,0.0,224.574522895,-365.738477714,0.553705118,0,1,6.008479777,0,0,0,0
541,83,558.93531878,5.589353188,4.074638474,0.00729,30,3,35,0,0,7,7.24440046,5.816623765,1.427776695,4.162708,0.39194,0.398949,11.106277573,0.9,True,activated,player,player_01204,7.24440046,0.359696878,6.834240677,0.0,0.0,0.391254723,141.523651696,-0.0,224.183268172,-365.706919869,0.558935319,0,0,0.0,0,0,0,0
542,85,564.0193411,5.640193411,3.700530897,0.006561,40,4,45,0,0,6,5.596130386,5.242177559,0.353952827,1.548102,0.798152,0.65738,26.042399066,0.9,True,activated,player,player_00885,5.596130386,0.076064921,1.445233491,0.0,0.0,0.391729127,141.599716617,0.0,223.791539045,-365.391255662,0.564019341,0,0,0.0,0,0,0,0
543,84,561.65325457,5.616532546,5.616532546,0.01,0,0,5,0,0,5,10.541389641,7.190220805,3.351168836,1.874342,0.682094,0.638678,25.514350041,0.9,True,activated,player,player_01115,10.541389641,0.187216306,3.557109808,0.0,0.0,0.393157278,141.786932923,-0.0,223.398381767,-365.18531469,0.561653255,0,0,0.0,0,0,0,0
544,87,565.850401866,5.658504019,3.341290038,0.0059049,50,5,55,0,0,6,6.561491958,6.561491958,0,2.553452,0.537799,0.568929,20.80785646,0.9,True,activated,player,player_00111,6.561491958,0.171441203,3.257382859,0.0,0.0,0.396095281,141.958374126,0.0,223.002286486,-364.960660612,0.565850402,0,0,0.0,0,0,0,0
545,86,564.855441598,5.648554416,3.335414897,0.0059049,50,5,55,0,0,7,9.128477629,7.215655274,1.912822355,3.505811,0.460431,0.498054,10.007043627,0.9,True,activated,player,player_00181,9.128477629,0.422264372,8.023023069,0.0,0.0,0.395398809,142.380638498,-0.0,222.606887677,-364.987526174,0.564855442,0,1,0.598864987,0,0,0,0
546,86,564.254234562,5.642542346,4.11341337,0.00729,30,3,35,0,0,9,10.259512129,6.884301504,3.375210625,4.044145,0.407102,0.546721,11.735810397,0.9,True,activated,player,player_01212,10.259512129,0.413603732,7.858470909,0.0,0.0,0.394977964,142.79424223,0.0,222.211909712,-365.006151942,0.564254235,0,0,0.0,1,3.88362054,5,0
547,88,581.842995425,5.818429954,3.435724704,0.0059049,50,5,55,0,0,11,19.664224449,3.472752326,16.191472123,2.754776,0.576805,0.658295,27.577921733,0.9,True,activated,player,player_01217,19.664224449,0.436454421,8.292633993,0.0,0.0,0.407290097,143.230696651,-0.0,221.804619616,-365.035316266,0.581842995,0,0,0.0,0,0,0,0
548,86,579.239541311,5.792395413,3.800390631,0.006561,40,4,45,0,0,8,5.229686129,4.685487038,0.544199091,3.138303,0.513859,0.55338,14.219064419,0.9,True,activated,player,player_00724,5.229686129,0.145422145,2.763020746,0.0,0.0,0.366078029,143.376118795,0.0,221.438541587,-364.814660382,0.579239541,0,1,1.161414436,0,0,0,0
549,86,575.617168539,5.756171685,4.662499065,0.0081,20,2,25,0,0,3,7.909167894,7.909167894,0,2.061085,0.578053,0.362114,1.629401695,0.9,True,activated,player,player_01164,7.909167894,0.18700921,3.553174982,0.0,0.0,0.402932018,143.563128005,-0.0,221.035609569,-364.598737573,0.575617169,0,1,3.167824669,0,0,0,0
550,86,573.170235265,5.731702353,4.642678906,0.0081,30,2,35,1,0.263637483,5,8.827286293,5.902749398,2.924536895,4.078275,0.355716,0.261684,5.093361779,0.9,True,activated,player,player_01221,8.827286293,0.350491888,6.659345875,0.0,0.0,0.401219165,143.913619893,0.0,220.634390404,-364.548010297,0.573170235,0,0,0.0,0,0,0,1
551,87,580.097762683,5.800977627,3.425419279,0.0059049,50,5,55,0,0,7,5.37017642,4.416763836,0.953412584,5.060943,0.330536,0.318694,6.770997761,0.9,True,activated,player,player_00603,5.37017642,0.19855257,3.772498826,0.0,0.0,0.375912349,144.112172463,-0.0,220.258478055,-364.370650517,0.580097763,0,0,0.0,0,0,0,0
552,88,580.646842525,5.806468425,5.806468425,0.01,0,0,5,0,0,5,17.543842308,6.738912431,10.804929877,3.066606,0.397035,0.420247,8.118138821,0.9,True,activated,player,player_01222,17.543842308,0.549239113,10.435543141,0.0,0.0,0.40645279,144.661411575,0.0,219.852025265,-364.51343684,0.580646843,0,0,0.0,0,0,0,0
553,88,578.305898609,5.783058986,4.215850001,0.00729,30,3,35,0,0,4,4.674405533,4.674405533,0,2.506602,0.501032,0.420895,5.662344964,0.9,True,activated,player,player_00130,4.674405533,0.163401583,3.104630086,0.0,0.0,0.327208387,144.824813159,0.0,219.524816877,-364.349630036,0.578305899,0,0,0.0,0,0,0,0
554,88,578.088468303,5.780884683,4.682516593,0.0081,20,2,25,0,0,8,18.976509881,5.996805987,12.979703894,4.294346,0.364654,0.497657,12.536292353,0.9,True,activated,staker,staker_00786,18.976509881,0.948825494,5.692952964,5.692952964,12.334731423,0.0,145.773638653,-0.0,237.552501264,-383.326139917,0.578088468,0,0,0.0,0,0,0,0
555,91,601.28604066,6.012860407,6.012860407,0.01,0,0,5,0,0,6,10.1422065,7.339660096,2.802546404,1.824046,0.723675,0.6534,18.284679524,0.9,True,activated,player,player_00506,10.1422065,0.161172332,3.062274301,0.0,0.0,0.420900228,145.934810984,0.0,237.131601036,-383.06641202,0.601286041,0,0,0.0,0,0,0,0
556,91,593.874812181,5.938748122,3.896412643,0.006561,40,4,45,0,0,7,5.753375128,4.516506305,1.236868823,5.214762,0.291456,0.325582,6.459707953,0.9,True,activated,player,player_01188,5.753375128,0.223962813,4.255293456,0.0,0.0,0.402736259,146.158773798,-0.0,236.728864777,-382.887638575,0.593874812,0,1,3.148914905,0,0,0,0
557,92,596.811227059,5.968112271,2.569076638,0.004304672,80,8,85,1,0.980158808,10,3.634535418,2.7846771,0.849858318,5.610562,0.288053,0.467791,16.616489012,0.9,True,activated,player,player_00805,3.634535418,0.185843655,3.53102944,0.0,0.0,0.254417479,146.344617453,-0.0,236.474447298,-382.81906475,0.596811227,0,0,0.0,0,0,0,0
558,93,612.337527011,6.12337527,4.017546515,0.006561,40,4,45,0,0,9,9.926169042,5.617230593,4.308938449,4.955408,0.323034,0.481911,10.311198802,0.9,True,activated,player,player_01235,9.926169042,0.357415698,6.790898258,0.0,0.0,0.428636269,146.70203315,0.0,236.045811029,-382.747844179,0.612337527,0,0,0.0,0,0,0,0
559,93,604.124651115,6.041246511,5.43712186,0.009,10,1,15,0,0,7,8.893883148,5.471024728,3.42285842,2.499133,0.600647,0.588718,12.652624091,0.9,True,activated,player,player_01235,8.893883148,0.198734295,3.775951596,0.0,0.0,0.422887256,146.900767445,-0.0,235.622923773,-382.523691218,0.604124651,0,0,0.0,0,0,0,0
560,94,606.733749531,6.067337495,3.582702118,0.0059049,50,5,55,0,0,11,10.274869814,3.85858681,6.416283004,4.928612,0.369731,0.534186,13.933543796,0.9,True,activated,player,player_00727,10.274869814,0.523121672,9.939311765,0.0,0.0,0.424713625,147.423889117,0.0,235.198210148,-382.622099265,0.60673375,0,0,0.0,0,0,0,0
561,89,550.59565606,5.505956561,2.926091061,0.00531441,60,6,65,0,0,12,6.309307326,3.059879171,3.249428155,7.87491,0.199015,0.405774,12.796731383,0.9,True,activated,player,player_00692,6.309307326,0.306502793,5.823553065,0.0,0.0,0.385416959,147.73039191,0.0,234.812793189,-382.543185099,0.550595656,0,3,51.319637353,0,0,0,0
562,90,552.798056502,5.527980565,3.626908049,0.006561,40,4,45,0,0,7,6.679813011,3.773622097,2.906190914,5.058841,0.277562,0.346507,6.636353212,0.9,True,activated,player,player_00936,6.679813011,0.270024472,5.130464971,0.0,0.0,0.38695864,148.000416382,-0.0,234.42583455,-382.426250931,0.552798057,0,0,0.0,0,0,0,0
563,90,552.411097863,5.524110979,4.971699881,0.009,10,1,15,0,0,3,12.750737949,8.988897413,3.761840536,2.328672,0.569159,0.288898,2.367672377,0.9,True,activated,player,player_01252,12.750737949,0.468779259,8.906805922,0.0,0.0,0.386687769,148.469195641,0.0,234.039146781,-382.508342422,0.552411098,0,0,0.0,0,0,0,0
564,91,557.106766318,5.571067663,4.061308326,0.00729,30,3,35,0,0,8,12.502364021,7.375906736,5.126457285,3.216345,0.465263,0.576642,18.107112599,0.9,True,activated,player,player_00167,12.502364021,0.353772847,6.721684097,0.0,0.0,0.389974736,148.822968488,0.0,233.649172045,-382.472140533,0.557106766,0,0,0.0,0,0,0,0
565,91,560.910798433,5.609107984,4.089039721,0.00729,30,3,35,0,0,5,8.476354076,7.43230198,1.044052096,2.22152,0.640868,0.512392,7.120039882,0.9,True,activated,player,player_01222,8.476354076,0.171838579,3.264933005,0.0,0.0,0.392637559,148.994807067,0.0,233.256534486,-382.251341553,0.560910798,0,0,0.0,0,0,0,0
566,89,556.150779114,5.561507791,3.284014736,0.0059049,50,5,55,0,0,11,5.993516349,3.3184381,2.675078249,7.368912,0.204479,0.371269,13.469438963,0.9,True,activated,player,player_00661,5.993516349,0.298115031,5.664185592,0.0,0.0,0.389305545,149.292922099,-0.0,232.86722894,-382.160151039,0.556150779,0,1,0.221527594,0,0,0,0
567,89,558.726306355,5.587263064,3.665803296,0.006561,40,4,45,0,0,9,9.361079678,4.391852064,4.969227614,3.320585,0.429867,0.589488,21.187430452,0.9,True,activated,player,player_00862,9.361079678,0.286408529,5.441762047,0.0,0.0,0.391108414,149.579330627,-0.0,232.476120526,-382.055451153,0.558726306,0,0,0.0,0,0,0,0
568,89,558.665080892,5.586650809,4.07266844,0.00729,30,3,35,0,0,8,11.207383236,7.904946082,3.302437154,4.906114,0.31177,0.43287,10.908699705,0.9,True,activated,player,player_00903,11.207383236,0.482542589,9.168309198,0.0,0.0,0.391065557,150.061873217,-0.0,232.085054969,-382.146928186,0.558665081,0,0,0.0,0,0,0,0
569,88,557.490202637,5.574902026,4.515670641,0.0081,20,2,25,0,0,4,5.24241225,4.925211688,0.317200562,3.09377,0.399497,0.296334,3.220234831,0.9,True,activated,player,player_01118,5.24241225,0.18763103,3.564989573,0.0,0.0,0.366968858,150.249504247,0.0,231.718086112,-381.967590359,0.557490203,0,0,0.0,0,0,0,0
570,89,559.519665896,5.595196659,4.532109294,0.0081,20,2,25,0,0,3,13.859967631,13.859967631,0,1.080001,0.961668,0.637578,28.623650763,0.9,True,activated,player,player_01217,13.859967631,0.046147116,0.8767952,0.0,0.0,0.391663766,150.295651363,-0.0,231.326422346,-381.622073708,0.559519666,0,0,0.0,0,0,0,0
571,90,561.704932389,5.617049324,4.094828957,0.00729,30,3,35,0,0,8,10.536158118,4.176758321,6.359399797,4.951639,0.318956,0.416646,10.553865393,0.9,True,activated,player,player_01269,10.536158118,0.378439141,7.190343672,0.0,0.0,0.393193453,150.674090503,0.0,230.933228893,-381.607319396,0.561704932,0,0,0.0,0,0,0,0
572,88,500.592378097,5.005923781,2.394317826,0.004782969,70,7,75,2,1.111458246,9,8.10173113,3.306574278,4.795156852,3.973324,0.43461,0.532701,16.701927107,0.9,True,activated,player,player_00348,8.10173113,0.353887356,6.723859755,0.0,0.0,0.350414665,151.027977859,0.0,230.582814228,-381.610792087,0.500592378,0,1,4.708955929,0,0,0,0
573,88,503.572197558,5.035721976,2.973543469,0.0059049,50,5,55,0,0,11,9.289268575,3.322699771,5.966568804,4.448045,0.416055,0.534257,15.945581228,0.9,True,activated,staker,staker_00726,9.289268575,0.464463429,2.786780573,2.786780573,6.038024574,0.0,151.492441288,-0.0,239.407619375,-390.900060662,0.503572198,0,0,0.0,0,0,0,0
574,86,507.561242118,5.075612421,3.33010931,0.006561,40,4,45,0,0,5,5.927715434,5.927715434,0,3.2104,0.458034,0.406915,5.47487301,0.9,True,activated,player,player_00173,5.927715434,0.178395728,3.389518836,0.0,0.0,0.355292869,151.670837016,-0.0,239.052326505,-390.723163521,0.507561242,0,2,4.835760586,0,0,0,0
575,85,489.485053089,4.894850531,2.89036029,0.0059049,50,5,55,0,0,11,9.045222976,5.197644949,3.847578027,5.159179,0.341371,0.487404,16.503824261,0.9,True,activated,player,player_01282,9.045222976,0.36559225,6.946252744,0.0,0.0,0.342639537,152.036429266,0.0,238.709686968,-390.746116233,0.489485053,0,1,20.015144227,0,0,0,0
576,87,489.965130677,4.899651307,2.8931951,0.0059049,50,5,55,0,0,11,8.701454093,3.311758163,5.38969593,6.365224,0.277776,0.441676,16.083425677,0.9,True,activated,staker,staker_00774,8.701454093,0.435072705,2.610436228,2.610436228,5.65594516,0.0,152.47150197,-0.0,246.976068356,-399.447570326,0.489965131,0,0,0.0,0,0,0,0
577,88,495.905416334,4.959054163,4.016833872,0.0081,20,2,25,0,0,8,6.34042606,4.068850544,2.271575516,3.838301,0.458624,0.449105,9.995651389,0.9,True,activated,player,player_01289,6.34042606,0.313279074,5.952302397,0.0,0.0,0.347133791,152.784781044,-0.0,246.628934565,-399.413715609,0.495905416,0,0,0.0,0,0,0,0
578,91,505.987176607,5.059871766,2.987803679,0.0059049,50,5,55,1,0.611966545,9,4.102567249,3.13531799,0.967249259,5.219878,0.284,0.463704,12.64645306,0.9,True,activated,player,player_00022,4.102567249,0.215091806,4.086744322,0.0,0.0,0.287179707,152.99987285,0.0,246.341754857,-399.341627708,0.505987177,0,1,1.080232065,0,0,0,0
579,94,511.085198421,5.110851984,3.725811096,0.00729,30,3,35,0,0,9,7.457711874,3.780361362,3.677350512,6.474377,0.249742,0.345079,7.701547118,0.9,True,activated,player,player_00312,7.457711874,0.297648315,5.655317992,0.0,0.0,0.357759639,153.297521166,0.0,245.983995218,-399.281516384,0.511085198,0,0,0.0,0,0,0,0
580,91,473.555440376,4.735554404,3.106997244,0.006561,40,4,45,0,0,8,13.757329043,4.240677399,9.516651644,3.223241,0.520134,0.503307,11.93790699,0.9,True,activated,player,player_01300,13.757329043,0.346658115,6.58650418,0.0,0.0,0.331488808,153.64417928,0.0,245.65250641,-399.29668569,0.47355544,0,1,2.4900918,0,0,0,0
581,89,466.669551307,4.666695513,3.402021029,0.00729,30,3,35,0,0,7,6.814685623,3.659375445,3.155310178,4.029359,0.379069,0.457197,11.349463054,0.9,True,activated,player,player_01279,6.814685623,0.227905812,4.330210432,0.0,0.0,0.326668686,153.872085092,-0.0,245.325837724,-399.197922817,0.466669551,0,0,0.0,0,0,0,0
582,89,465.81689733,4.658168973,2.750602197,0.0059049,50,5,55,0,0,7,3.85707225,3.447487115,0.409585135,5.481803,0.24559,0.288158,8.62240292,0.9,True,activated,player,player_01095,3.85707225,0.165821667,3.150611673,0.0,0.0,0.269995058,154.037906759,0.0,245.055842667,-399.093749426,0.465816897,0,0,0.0,0,0,0,0
583,87,458.633359958,4.5863336,2.708184127,0.0059049,50,5,55,0,0,11,11.883311066,2.785840567,9.097470499,3.794308,0.467328,0.579641,18.595607043,0.9,True,activated,player,player_00545,11.883311066,0.575646553,10.937284505,0.0,0.0,0.321043352,154.613553312,0.0,244.734799315,-399.348352627,0.45863336,0,0,0.0,0,0,0,0
584,91,488.83077358,4.888307736,3.207218705,0.006561,40,4,45,0,0,5,3.547412212,3.547412212,0,2.534991,0.525457,0.530265,7.707710551,0.9,True,activated,player,player_01078,3.547412212,0.096585858,1.835131299,0.0,0.0,0.248318855,154.71013917,-0.0,244.48648046,-399.19661963,0.488830774,0,0,0.0,0,0,0,0
585,90,482.193343417,4.821933434,2.562573126,0.00531441,60,6,65,1,0.562937933,6,3.214572229,3.214572229,0,2.905548,0.525927,0.512845,8.681619477,0.9,True,activated,player,player_01308,3.214572229,0.138605175,2.633498322,0.0,0.0,0.225020056,154.848744345,0.0,244.261460404,-399.110204749,0.482193343,0,1,6.389111308,0,0,0,0
586,89,495.091010705,4.950910107,4.455819096,0.009,10,1,15,0,0,6,7.909217649,4.766229075,3.142988574,2.348413,0.575788,0.600373,28.026847429,0.9,True,activated,staker,staker_00786,7.909217649,0.395460882,2.372765295,2.372765295,5.140991472,0.0,155.244205227,0.0,251.775217171,-407.019422398,0.495091011,0,1,1.943573165,0,0,0,0
587,90,504.319017454,5.043190175,3.676485637,0.00729,30,3,35,0,0,8,6.61455799,3.761638277,2.852919713,5.814843,0.273538,0.337275,7.679931644,0.9,True,activated,player,player_01314,6.61455799,0.281333582,5.345338066,0.0,0.0,0.353023312,155.52553881,-0.0,251.422193858,-406.947732668,0.504319017,0,0,0.0,0,0,0,0
588,92,510.819827092,5.108198271,3.351488886,0.006561,40,4,45,0,0,7,6.063951249,5.134658812,0.929292437,4.528523,0.371465,0.381009,8.770368494,0.9,True,activated,player,player_00872,6.063951249,0.208449081,3.960532539,0.0,0.0,0.357573879,155.733987891,0.0,251.064619979,-406.79860787,0.510819827,0,0,0.0,0,0,0,0
589,93,511.932798391,5.119327984,3.35879109,0.006561,40,4,45,0,0,8,8.831297687,5.231751514,3.599546173,3.46076,0.445807,0.549438,16.551116426,0.9,True,activated,player,player_01063,8.831297687,0.262629694,4.989964188,0.0,0.0,0.358352959,155.996617585,0.0,250.70626702,-406.702884605,0.511932798,0,0,0.0,0,0,0,0
590,90,505.924712217,5.059247122,3.688191152,0.00729,30,3,35,0,0,8,8.805850362,4.203207101,4.602643261,5.429821,0.252484,0.383355,9.575000096,0.9,True,activated,player,player_00702,8.805850362,0.431582652,8.200070388,0.0,0.0,0.354147299,156.428200237,-0.0,250.352119722,-406.780319959,0.505924712,0,1,3.248998656,0,0,0,0
591,92,512.276489934,5.122764899,3.734495612,0.00729,30,3,35,0,0,9,8.235437379,4.19222053,4.043216849,3.602508,0.364729,0.496845,17.246694264,0.9,True,activated,player,player_01328,8.235437379,0.28545608,5.423665524,0.0,0.0,0.358593543,156.713656317,0.0,249.993526179,-406.707182496,0.51227649,0,0,0.0,0,0,0,0
592,91,509.1876728,5.091876728,2.70603206,0.00531441,60,6,65,0,0,11,9.11475364,3.593007624,5.521746016,3.435237,0.437599,0.655295,39.835802398,0.9,True,activated,player,player_00297,9.11475364,0.467487441,8.88226138,0.0,0.0,0.356431371,157.181143758,-0.0,249.637094808,-406.818238566,0.509187673,0,0,0.0,0,0,0,0
593,90,508.340931965,5.08340932,4.117561549,0.0081,20,2,25,0,0,4,7.383777969,7.128641237,0.255136732,1.479468,0.812413,0.60276,16.54723299,0.9,True,activated,player,player_00065,7.383777969,0.087047043,1.653893826,0.0,0.0,0.355838652,157.268190802,0.0,249.281256156,-406.549446957,0.508340932,0,0,0.0,0,0,0,0
594,89,498.049925365,4.980499254,2.940935004,0.0059049,50,5,55,0,0,11,11.631248406,5.081651781,6.549596625,5.025392,0.341156,0.545246,23.50870766,0.9,True,activated,staker,staker_00874,11.631248406,0.58156242,3.489374522,3.489374522,7.560311464,0.0,157.849753222,0.0,260.330942141,-418.180695363,0.498049925,0,0,0.0,0,0,0,0
595,91,526.234320652,5.262343207,3.10736104,0.0059049,50,5,55,0,0,6,3.121581181,3.121581181,0,3.640712,0.409354,0.439007,7.527975981,0.9,True,activated,player,player_01177,3.121581181,0.103112941,1.959145879,0.0,0.0,0.218510683,157.952866163,-0.0,260.112431459,-418.065297622,0.526234321,0,0,0.0,0,0,0,0
596,92,526.322475467,5.263224755,2.797093427,0.00531441,60,6,65,0,0,8,5.254380311,4.182818187,1.071562124,4.232333,0.401271,0.47027,10.552853963,0.9,True,activated,player,player_00537,5.254380311,0.17568774,3.33806706,0.0,0.0,0.367806622,158.128553903,0.0,259.744624837,-417.87317874,0.526322475,0,0,0.0,0,0,0,0
597,93,526.357821953,5.26357822,3.837148522,0.00729,30,3,35,0,0,7,10.65046953,8.832398645,1.818070885,2.241821,0.650758,0.563506,16.254462616,0.9,True,activated,player,player_00133,10.65046953,0.204402185,3.883641508,0.0,0.0,0.368450475,158.332956088,0.0,259.376174362,-417.709130449,0.526357822,0,0,0.0,0,0,0,0
598,91,522.998417966,5.22998418,3.43139262,0.006561,40,4,45,0,0,5,4.643943144,4.643943144,0,3.247364,0.445917,0.40133,6.102990173,0.9,True,activated,player,player_00197,4.643943144,0.183319319,3.483067061,0.0,0.0,0.32507602,158.516275407,-0.0,259.051098341,-417.567373748,0.522998418,0,1,0.709159076,0,0,0,0
599,90,518.468525123,5.184685251,3.779635548,0.00729,30,3,35,0,0,5,4.930799246,4.059573709,0.871225537,3.775257,0.345441,0.315714,4.802996464,0.9,True,activated,player,player_00465,4.930799246,0.185774605,3.529717501,0.0,0.0,0.345155947,158.702050012,-0.0,258.705942394,-417.407992406,0.518468525,0,1,4.204816824,0,0,0,0
600,91,622.030329234,6.220303292,5.598272963,0.009,10,1,15,0,0,6,8.021389728,6.51379773,1.507591998,1.630349,0.770845,0.682997,35.621070792,0.9,True,activated,player,player_01062,8.021389728,0.371721454,7.062707625,0.0,0.0,0.43542123,159.073771466,0.0,258.270521164,-417.34429263,0.622030329,0,0,0.0,0,0,0,0
601,92,628.072799089,6.280727991,3.337836364,0.00531441,60,6,65,0,0,7,3.841630671,3.841630671,0,4.02605,0.419441,0.42344,9.60646832,0.9,True,activated,player,player_00450,3.841630671,0.176072053,3.345369013,0.0,0.0,0.268914147,159.249843519,-0.0,258.001607017,-417.251450536,0.628072799,0,0,0.0,0,0,0,0
602,94,721.708212178,7.217082122,5.261252867,0.00729,30,3,35,0,0,9,8.505678535,5.438313331,3.067365204,5.995867,0.237644,0.400526,9.363835533,0.9,True,activated,player,player_01346,8.505678535,0.385308303,7.320857752,0.0,0.0,0.505195749,159.635151822,0.0,257.496411268,-417.13156309,0.721708212,0,0,0.0,0,0,0,0
603,93,723.560751566,7.235607516,2.522900342,0.003486784,100,10,105,0,0,15,13.12004424,2.986695773,10.133348467,3.772635,0.4769,0.650263,32.282592661,0.9,True,activated,staker,staker_00906,13.12004424,0.656002212,3.936013272,3.936013272,8.528028756,0.0,160.291154034,-0.0,269.960453296,-430.25160733,0.723560752,0,0,0.0,0,0,0,0
604,95,738.828879453,7.388288795,5.984513924,0.0081,20,2,25,0,0,3,6.864387446,6.864387446,0,1.372352,0.844924,0.536335,7.915688514,0.9,True,activated,player,player_01305,6.864387446,0.0772505,1.467759504,0.0,0.0,0.480507121,160.368404534,0.0,269.479946175,-429.848350709,0.738828879,0,0,0.0,0,0,0,0
605,92,725.375027146,7.253750271,5.287983948,0.00729,30,3,35,0,0,8,9.434065161,6.369044313,3.065020848,5.758485,0.298272,0.326035,9.133111261,0.9,True,activated,player,player_00896,9.434065161,0.35639537,6.771512028,0.0,0.0,0.507762519,160.724799904,-0.0,268.972183656,-429.69698356,0.725375027,0,0,0.0,0,0,0,0
606,92,724.596028901,7.245960289,4.754074546,0.006561,40,4,45,0,0,6,5.280476233,4.899443879,0.381032354,1.732593,0.74998,0.631344,15.715220171,0.9,True,activated,player,player_01255,5.280476233,0.084492998,1.605366958,0.0,0.0,0.369633336,160.809292902,0.0,268.60255032,-429.411843221,0.724596029,0,1,3.871743736,0,0,0,0
607,93,687.416018683,6.874160187,5.011262776,0.00729,30,3,35,0,0,9,9.693279273,5.640342219,4.052937054,3.828152,0.414019,0.567378,22.872292564,0.9,True,activated,player,player_00804,9.693279273,0.491220601,9.333191415,0.0,0.0,0.481191213,161.300513502,0.0,268.121359107,-429.421872609,0.687416019,0,0,0.0,0,0,0,0
608,89,670.034471298,6.700344713,3.560837895,0.00531441,60,6,65,0,0,11,5.293637159,4.269189257,1.024447902,8.187969,0.181979,0.32953,9.372897708,0.9,True,activated,staker,staker_00906,5.293637159,0.264681858,1.588091148,1.588091148,3.440864153,0.0,161.56519536,0.0,273.150314408,-434.715509768,0.670034471,0,1,10.314294404,0,0,0,0
609,89,668.93838458,6.689383846,2.879560401,0.004304672,80,8,85,1,0.260546428,13,11.910401271,6.741208713,5.169192558,5.855881,0.304428,0.520714,12.965810639,0.9,True,activated,player,player_01123,11.910401271,0.437640156,8.315162956,0.0,0.0,0.468256869,162.002835516,0.0,272.682057538,-434.684893054,0.668938385,0,0,0.0,0,0,0,0
610,88,663.856341534,6.638563415,4.355561457,0.006561,40,4,45,0,0,9,9.483330515,5.321755038,4.161575477,4.557454,0.31065,0.499956,13.615932229,0.9,True,activated,player,player_00417,9.483330515,0.350101866,6.651935447,0.0,0.0,0.464699439,162.352937382,-0.0,272.217358099,-434.570295481,0.663856342,0,2,4.890469217,0,0,0,0
611,88,663.391642095,6.633916421,5.373472301,0.0081,20,2,25,0,0,8,10.830015908,6.214005549,4.616010359,3.458545,0.476716,0.541444,14.233219411,0.9,True,activated,player,player_01375,10.830015908,0.468182965,8.89547633,0.0,0.0,0.464374149,162.821120346,-0.0,271.75298395,-434.574104296,0.663391642,0,0,0.0,0,0,0,0
612,87,660.142523707,6.601425237,3.508268029,0.00531441,60,6,65,0,0,10,6.315396713,3.702365191,2.613031522,6.86693,0.235058,0.377191,10.683169256,0.9,True,activated,player,player_01003,6.315396713,0.279327885,5.307229814,0.0,0.0,0.44207777,163.100448231,-0.0,271.31090618,-434.411354411,0.660142524,0,1,2.784744239,0,0,0,0
613,88,662.362482269,6.623624823,3.911184222,0.0059049,50,5,55,1,0.127807028,6,5.424291259,4.191677229,1.23261403,3.974138,0.386826,0.388019,7.060036238,0.9,True,activated,player,player_00575,5.424291259,0.238819754,4.537575324,0.0,0.0,0.379700388,163.339267985,0.0,270.931205792,-434.270473777,0.662362482,0,0,0.0,0,0,0,0
614,91,672.514783578,6.725147836,4.412369495,0.006561,40,4,45,0,0,5,5.019185599,5.019185599,0,2.059196,0.669174,0.558149,8.564250982,0.9,True,activated,player,player_01379,5.019185599,0.100590907,1.911227242,0.0,0.0,0.351342992,163.439858893,0.0,270.5798628,-434.019721693,0.672514784,0,0,0.0,1,0.406032763,5,0
615,89,670.600494259,6.706004943,3.959828859,0.0059049,50,5,55,0,0,10,16.529827219,6.688996001,9.840831218,3.682518,0.449469,0.589243,27.159905804,0.9,True,activated,player,player_00592,16.529827219,0.66567663,12.647855978,0.0,0.0,0.469420346,164.105535523,-0.0,270.110442454,-434.215977977,0.670600494,0,0,0.0,0,0,0,0
616,89,670.131073913,6.701310739,4.396729976,0.006561,40,4,45,0,0,7,7.798697572,5.560115996,2.238581576,5.179622,0.298691,0.321202,9.930974096,0.9,True,activated,player,player_00150,7.798697572,0.37729711,7.16864509,0.0,0.0,0.469091752,164.482832633,-0.0,269.641350702,-434.124183335,0.670131074,0,0,0.0,0,0,0,0
617,89,669.503628052,6.695036281,4.392613304,0.006561,40,4,45,0,0,9,9.08117964,5.159779142,3.921400498,6.129854,0.27371,0.374536,10.384970277,0.9,True,activated,player,player_01390,9.08117964,0.426824874,8.109672602,0.0,0.0,0.46865254,164.909657507,0.0,269.172698163,-434.08235567,0.669503628,0,1,2.554803085,0,0,0,0
618,91,677.781382085,6.777813821,3.241807339,0.004782969,70,7,75,0,0,12,6.826058357,3.593530322,3.232528035,7.19952,0.282381,0.377982,16.494456345,0.9,True,activated,player,player_01398,6.826058357,0.268647897,5.10431004,0.0,0.0,0.474446967,165.178305404,0.0,268.698251195,-433.876556599,0.677781382,0,0,0.0,0,0,0,0
619,88,668.774989672,6.687749897,3.949049437,0.0059049,50,5,55,0,0,11,6.512061847,4.670087436,1.841974411,6.609754,0.310417,0.359707,11.8506283,0.9,True,activated,player,player_00291,6.512061847,0.247322594,4.699129279,0.0,0.0,0.455844329,165.425627997,0.0,268.242406866,-433.668034863,0.66877499,0,3,8.602996386,0,0,0,0
620,88,668.319145343,6.683191453,3.551721949,0.00531441,60,6,65,0,0,7,3.735139643,3.735139643,0,5.093802,0.253327,0.342897,5.213410717,0.9,True,activated,player,player_01383,3.735139643,0.190601857,3.621435286,0.0,0.0,0.261459775,165.616229854,0.0,267.980947091,-433.597176945,0.668319145,0,0,0.0,0,0,0,0
621,90,670.682513407,6.706825134,4.40034797,0.006561,40,4,45,0,0,9,12.546290251,7.802530265,4.743759986,3.823711,0.423749,0.57673,31.5832673,0.9,True,activated,player,player_00611,12.546290251,0.566045863,10.754871401,0.0,0.0,0.469477759,166.182275718,-0.0,267.511469331,-433.693745049,0.670682513,0,0,0.0,0,0,0,0
622,94,676.229648137,6.762296481,5.47746015,0.0081,20,2,25,0,0,3,5.971134341,5.971134341,0,2.182451,0.510353,0.30856,1.349073482,0.9,True,activated,player,player_00205,5.971134341,0.167086414,3.174641857,0.0,0.0,0.417979404,166.349362131,-0.0,267.093489928,-433.442852059,0.676229648,0,0,0.0,0,0,0,0
623,91,689.869796842,6.898697968,2.969663267,0.004304672,80,8,85,1,0.305297802,9,8.115822326,4.805060411,3.310761915,4.022601,0.407939,0.546683,11.571292422,0.9,True,activated,staker,staker_00738,8.115822326,0.405791116,2.434746698,2.434746698,5.275284512,0.0,166.755153248,0.0,274.803521137,-441.558674385,0.689869797,0,2,10.030343899,0,0,0,0
624,88,690.237402289,6.902374023,4.528647596,0.006561,40,4,45,0,0,10,8.603358147,5.252161273,3.351196874,5.300622,0.337434,0.477417,13.955898834,0.9,True,activated,player,player_01410,8.603358147,0.309173045,5.874287846,0.0,0.0,0.483166182,167.064326292,-0.0,274.320354956,-441.384681248,0.690237402,0,0,0.0,0,0,0,0
625,92,694.442644596,6.944426446,4.100614372,0.0059049,50,5,55,0,0,8,6.753399869,4.842220087,1.911179782,5.408239,0.301232,0.35663,11.362308628,0.9,True,activated,player,player_00727,6.753399869,0.259589816,4.932206502,0.0,0.0,0.472737991,167.323916108,0.0,273.847616965,-441.171533073,0.694442645,0,0,0.0,0,0,0,0
626,88,570.199775773,5.701997758,2.727247851,0.004782969,70,7,75,1,0.225195346,10,9.051710189,2.788930967,6.262779222,2.474487,0.619428,0.618626,19.559289568,0.9,True,activated,player,player_00579,9.051710189,0.4416848,8.392011204,0.0,0.0,0.399139843,167.765600908,0.0,273.448477122,-441.21407803,0.570199776,0,3,123.032982593,0,0,0,0
627,88,565.744161847,5.657441618,3.006596431,0.00531441,60,6,65,0,0,10,5.609800456,3.246765455,2.363035001,6.366858,0.234058,0.42186,12.084807209,0.9,True,activated,player,player_00952,5.609800456,0.249956317,4.749170028,0.0,0.0,0.392686032,168.015557225,-0.0,273.05579109,-441.071348315,0.565744162,0,1,5.411493793,0,0,0,0
628,92,571.272779996,5.7127278,3.373308639,0.0059049,50,5,55,0,0,6,3.423797802,3.423797802,0,4.731438,0.288942,0.28912,5.454802113,0.9,True,activated,player,player_00945,3.423797802,0.143553857,2.727523276,0.0,0.0,0.239665846,168.159111082,0.0,272.816125244,-440.975236326,0.57127278,0,0,0.0,0,0,0,0
629,93,580.325366254,5.803253663,3.08408693,0.00531441,60,6,65,0,0,9,4.622446306,3.395403689,1.227042617,6.583491,0.219706,0.33412,10.361691914,0.9,True,activated,player,player_00382,4.622446306,0.200494613,3.809397643,0.0,0.0,0.323571241,168.359605695,0.0,272.492554002,-440.852159697,0.580325366,0,1,1.472230081,0,0,0,0
630,93,582.055417602,5.820554176,3.818865595,0.006561,40,4,45,0,0,5,4.520744466,4.520744466,0,3.312275,0.422103,0.395341,4.200526915,0.9,True,activated,player,player_00072,4.520744466,0.146448824,2.782527655,0.0,0.0,0.316452113,168.506054519,-0.0,272.17610189,-440.682156409,0.582055418,0,0,0.0,0,0,0,0
631,93,584.253432321,5.842534323,3.833286769,0.006561,40,4,45,0,0,9,6.509419858,4.229409738,2.28001012,4.089016,0.423989,0.524989,14.058099806,0.9,True,activated,player,player_00493,6.509419858,0.333526322,6.337000127,0.0,0.0,0.408977403,168.839580841,0.0,271.767124487,-440.606705328,0.584253432,0,0,0.0,0,0,0,0
632,93,579.084525377,5.790845254,4.22152619,0.00729,30,3,35,0,0,5,6.761370901,6.507986109,0.253384792,1.616123,0.777763,0.610739,13.768669025,0.9,True,activated,staker,staker_00951,6.761370901,0.338068545,2.02841127,2.02841127,4.394891086,0.0,169.177649386,-0.0,278.190426843,-447.368076229,0.579084525,0,0,0.0,0,0,0,0
633,92,582.588581278,5.825885813,3.096114582,0.00531441,60,6,65,0,0,9,9.559713144,8.374274873,1.185438271,2.563465,0.597906,0.638567,25.344433571,0.9,True,activated,player,player_01032,9.559713144,0.212585761,4.039129452,0.0,0.0,0.407812007,169.390235147,-0.0,277.782614836,-447.172849983,0.582588581,0,0,0.0,0,0,0,0
634,94,584.469119223,5.844691192,4.260779879,0.00729,30,3,35,0,0,6,7.782644161,6.474101865,1.308542296,2.911132,0.537315,0.483828,7.762006965,0.9,True,activated,player,player_01437,7.782644161,0.200502013,3.809538243,0.0,0.0,0.409128383,169.59073716,0.0,277.373486453,-446.964223612,0.584469119,0,0,0.0,0,0,0,0
635,94,541.844134714,5.418441347,3.555039368,0.006561,40,4,45,0,0,6,8.718246769,8.425323393,0.292923376,1.938713,0.69323,0.646182,21.371965824,0.9,True,activated,player,player_00506,8.718246769,0.152689201,2.901094815,0.0,0.0,0.379290894,169.74342636,-0.0,276.994195558,-446.737621919,0.541844135,0,1,37.734097722,0,0,0,0
636,95,555.708558919,5.557085589,4.051115395,0.00729,30,3,35,0,0,9,13.083472363,4.445643872,8.637828491,3.235878,0.496311,0.61448,26.878374589,0.9,True,activated,player,player_01441,13.083472363,0.549101503,10.432928557,0.0,0.0,0.388995991,170.292527864,0.0,276.605199567,-446.897727431,0.555708559,0,0,0.0,0,0,0,0
637,93,550.65449157,5.506544916,4.955890424,0.009,10,1,15,0,0,6,7.730753651,6.142818283,1.587935368,1.940391,0.698644,0.628153,18.232136799,0.9,True,activated,player,player_00392,7.730753651,0.135758178,2.579405381,0.0,0.0,0.385458144,170.428286041,0.0,276.219741423,-446.648027465,0.550654492,0,0,0.0,0,0,0,0
638,93,549.507667664,5.495076677,4.005910897,0.00729,30,3,35,0,0,4,4.835105458,4.835105458,0,3.598113,0.344217,0.182954,3.161070188,0.9,True,activated,player,player_00884,4.835105458,0.209466358,3.979860806,0.0,0.0,0.338457382,170.6377524,0.0,275.881284041,-446.519036441,0.549507668,0,0,0.0,0,0,0,0
639,91,547.96494464,5.479649446,2.620899343,0.004782969,70,7,75,0,0,8,2.828301235,2.828301235,0,5.432276,0.300082,0.368129,7.652379291,0.9,True,activated,player,player_00812,2.828301235,0.137050051,2.603950963,0.0,0.0,0.197981086,170.77480245,-0.0,275.683302955,-446.458105405,0.547964945,0,0,0.0,0,0,0,0
640,91,549.962402394,5.499624024,3.24747299,0.0059049,50,5,55,0,0,9,5.425224766,3.37640747,2.048817296,7.233178,0.235898,0.264094,9.685532755,0.9,True,activated,player,player_01068,5.425224766,0.267683883,5.085993785,0.0,0.0,0.379765734,171.042486334,-0.0,275.303537221,-446.346023555,0.549962402,0,1,1.608341993,0,0,0,0
641,93,551.660036126,5.516600361,2.931747613,0.00531441,60,6,65,0,0,11,4.387025575,3.303579053,1.083446522,4.872651,0.405594,0.428543,12.799385669,0.9,True,activated,player,player_01452,4.387025575,0.145738325,2.769028171,0.0,0.0,0.30709179,171.188224659,0.0,274.996445431,-446.184670089,0.551660036,0,0,0.0,0,0,0,0
642,91,545.698207874,5.456982079,4.420155484,0.0081,20,2,25,0,0,3,9.352091062,9.352091062,0,1.307158,0.868837,0.553999,9.645250128,0.9,True,activated,staker,staker_00920,9.352091062,0.467604553,2.805627319,2.805627319,6.07885919,0.0,171.655829212,0.0,283.88093194,-455.536761151,0.545698208,0,0,0.0,0,0,0,0
643,89,551.856791403,5.518567914,3.258659168,0.0059049,50,5,55,1,0.314450443,8,6.005324678,3.999555758,2.00576892,3.590029,0.445587,0.534599,15.675480163,0.9,True,activated,staker,staker_00906,6.005324678,0.300266234,1.801597403,1.801597403,3.903461041,0.0,171.956095446,-0.0,289.585990384,-461.542085829,0.551856791,0,1,2.373998634,0,0,0,0
644,91,564.656150838,5.646561508,2.700732865,0.004782969,70,7,75,0,0,8,3.001279429,3.001279429,0,5.905772,0.286004,0.317423,8.45388326,0.9,True,activated,player,player_01455,3.001279429,0.14067406,2.672807133,0.0,0.0,0.21008956,172.096769505,0.0,289.375900824,-461.472670329,0.564656151,0,0,0.0,0,0,0,0
645,91,564.446061278,5.644460613,4.572013096,0.0081,20,2,25,0,0,4,5.452967056,4.747802792,0.705164264,2.421049,0.574948,0.429892,4.990644484,0.9,True,activated,player,player_01459,5.452967056,0.134975096,2.564526819,0.0,0.0,0.381707694,172.231744601,0.0,288.99419313,-461.225937731,0.564446061,0,0,0.0,0,0,0,0
646,93,569.125660791,5.691256608,3.360630114,0.0059049,50,5,55,0,0,10,10.622994191,3.884578225,6.738415966,6.841698,0.238634,0.346757,12.899618561,0.9,True,activated,player,player_00759,10.622994191,0.436613791,8.295662036,0.0,0.0,0.398387963,172.668358392,0.0,288.595805167,-461.26416356,0.569125661,0,0,0.0,0,0,0,0
647,91,566.290077052,5.662900771,3.715429196,0.006561,40,4,45,0,0,5,3.745576349,3.745576349,0,4.02621,0.355823,0.269696,4.570581865,0.9,True,activated,player,player_00806,3.745576349,0.133750144,2.541252736,0.0,0.0,0.262190344,172.802108536,0.0,288.333614823,-461.135723359,0.566290077,0,2,2.437195777,0,0,0,0
648,90,563.757502013,5.63757502,3.698812971,0.006561,40,4,45,0,0,6,4.330279187,4.0155221,0.314757087,4.85342,0.248891,0.262034,4.293579819,0.9,True,activated,player,player_00563,4.330279187,0.177781594,3.377850283,0.0,0.0,0.303119543,172.97989013,0.0,288.03049528,-461.01038541,0.563757502,0,2,3.282214286,0,0,0,0
649,91,569.241474249,5.692414742,3.361313981,0.0059049,50,5,55,0,0,7,5.451240543,4.230412655,1.220827888,5.462668,0.275275,0.290748,9.149297387,0.9,True,activated,player,player_00560,5.451240543,0.264207847,5.019949087,0.0,0.0,0.381586838,173.244097977,-0.0,287.648908442,-460.893006419,0.569241474,0,0,0.0,0,0,0,0
650,90,567.312476891,5.673124769,3.349923445,0.0059049,50,5,55,0,0,9,6.510313253,5.874307995,0.636005258,2.041304,0.687462,0.676738,25.631088882,0.9,True,activated,player,player_01469,6.510313253,0.121591863,2.310245395,0.0,0.0,0.397118734,173.36568984,-0.0,287.251789708,-460.617479548,0.567312477,0,0,0.0,0,0,0,0
651,91,570.510036526,5.705100365,3.74311635,0.006561,40,4,45,0,0,9,9.805856225,6.050117581,3.755738644,5.137898,0.330171,0.454617,14.292802248,0.9,True,activated,player,player_01439,9.805856225,0.348380158,6.619223002,0.0,0.0,0.399357026,173.714069998,0.0,286.852432682,-460.56650268,0.570510037,0,1,1.38284247,0,0,0,0
652,90,552.633001041,5.52633001,3.263242608,0.0059049,50,5,55,0,0,6,5.42524621,5.42524621,0,3.531653,0.447687,0.428487,8.566807081,0.9,True,activated,player,player_00769,5.42524621,0.228797792,4.347158049,0.0,0.0,0.379767235,173.94286779,-0.0,286.472665448,-460.415533237,0.552633001,0,0,0.0,0,0,0,0
653,88,545.887981099,5.458879811,3.22341394,0.0059049,50,5,55,0,0,11,10.710941194,3.359306986,7.351634208,4.553792,0.327261,0.585863,32.158739914,0.9,True,activated,player,player_00371,10.710941194,0.481537045,9.149203864,0.0,0.0,0.382121587,174.424404835,0.0,286.090543861,-460.514948696,0.545887981,0,0,0.0,0,0,0,0
654,87,543.86666861,5.438666686,3.211478291,0.0059049,50,5,55,0,0,9,5.723073241,3.255363909,2.467709332,5.354745,0.312279,0.420567,16.450490936,0.9,True,activated,staker,staker_00738,5.723073241,0.286153662,1.716921972,1.716921972,3.719997607,0.0,174.710558497,-0.0,291.52746344,-466.238021937,0.543866669,0,0,0.0,0,0,0,0
655,87,560.482349787,5.604823498,3.309592227,0.0059049,50,5,55,0,0,8,9.198963415,4.571339042,4.627624373,4.366244,0.414195,0.40831,10.94400335,0.9,True,activated,player,player_01482,9.198963415,0.289056772,5.492078663,0.0,0.0,0.392337645,174.999615269,0.0,291.135125795,-466.134741064,0.56048235,0,1,6.45894003,0,0,0,0
656,89,595.67115873,5.956711587,4.342442747,0.00729,30,3,35,0,0,7,6.551881646,4.775003564,1.776878082,3.640847,0.447568,0.473672,9.51818058,0.9,True,activated,player,player_00477,6.551881646,0.201821883,3.834615776,0.0,0.0,0.416969811,175.201437152,0.0,290.718155984,-465.919593136,0.595671159,0,0,0.0,0,0,0,0
657,88,593.266555766,5.932665558,4.805459102,0.0081,20,2,25,0,0,5,6.059558617,5.650949498,0.408609119,1.235664,0.89784,0.716824,44.887683437,0.9,True,activated,player,player_01488,6.059558617,0.051716465,0.982612842,0.0,0.0,0.415286589,175.253153617,0.0,290.302869395,-465.556023012,0.593266556,0,1,1.133700474,0,0,0,0
658,87,587.476527852,5.874765279,3.468990149,0.0059049,50,5,55,0,0,7,4.523771333,4.00275552,0.521015813,3.918965,0.411026,0.466228,7.875861798,0.9,True,activated,player,player_00902,4.523771333,0.149052283,2.831993375,0.0,0.0,0.316663993,175.4022059,-0.0,289.986205401,-465.388411302,0.587476528,0,1,5.374741326,0,0,0,0
659,88,588.856832753,5.888568328,2.816483976,0.004782969,70,7,75,1,0.124133848,10,5.781518599,3.804727814,1.976790785,5.467053,0.295452,0.439027,15.140994486,0.9,True,activated,player,player_00702,5.781518599,0.235069943,4.466328911,0.0,0.0,0.404706302,175.637275843,-0.0,289.5814991,-465.218774943,0.588856833,0,0,0.0,0,0,0,0
660,90,592.148586218,5.921485862,4.316763194,0.00729,30,3,35,0,0,4,5.198245657,5.198245657,0,3.230159,0.400037,0.258347,2.815579361,0.9,True,activated,player,player_00694,5.198245657,0.206266674,3.91906681,0.0,0.0,0.363877196,175.843542517,-0.0,289.217621904,-465.061164421,0.592148586,0,0,0.0,0,0,0,0
661,88,590.12899408,5.901289941,3.136187427,0.00531441,60,6,65,0,0,12,7.10841177,4.219816565,2.888595205,4.59138,0.345173,0.532927,23.217280354,0.9,True,activated,player,player_00646,7.10841177,0.253393357,4.814473788,0.0,0.0,0.413090296,176.096935874,0.0,288.804531608,-464.901467482,0.590128994,0,0,0.0,0,0,0,0
662,89,596.795570867,5.967955709,3.524018166,0.0059049,50,5,55,0,0,7,4.276991322,3.701352185,0.575639137,3.400361,0.487854,0.472901,8.018361587,0.9,True,activated,player,player_01435,4.276991322,0.216424598,4.112067353,0.0,0.0,0.299389393,176.313360472,0.0,288.505142215,-464.818502687,0.596795571,0,0,0.0,1,1.435011942,5,0
663,88,590.247965775,5.902479658,2.54082395,0.004304672,80,8,85,0,0,11,5.264728021,3.569350517,1.695377504,6.484474,0.245319,0.358477,12.594772615,0.9,True,activated,player,player_01223,5.264728021,0.261907741,4.976247079,0.0,0.0,0.368530961,176.575268213,0.0,288.136611254,-464.711879467,0.590247966,0,1,5.283006864,0,0,0,0
664,90,611.036038711,6.110360387,3.247296034,0.00531441,60,6,65,0,0,10,5.046120635,3.556030808,1.490089827,7.004203,0.209132,0.350922,13.450324469,0.9,True,activated,player,player_01271,5.046120635,0.218958538,4.160212218,0.0,0.0,0.353228444,176.794226751,-0.0,287.783382809,-464.57760956,0.611036039,0,0,0.0,0,0,0,0
665,91,612.339447491,6.123394475,4.463954572,0.00729,30,3,35,0,0,8,18.273807883,6.008578495,12.265229388,3.308933,0.488103,0.55735,15.829334608,0.9,True,activated,player,player_00626,18.273807883,0.747238864,14.197538423,0.0,0.0,0.428637613,177.541465615,-0.0,287.354745196,-464.896210811,0.612339447,0,0,0.0,0,0,0,0
666,92,612.80306545,6.128030654,3.618540821,0.0059049,50,5,55,0,0,11,8.889156834,4.440055921,4.449100913,8.189243,0.229088,0.298321,13.47168758,0.9,True,activated,player,player_00641,8.889156834,0.442840637,8.4139721,0.0,0.0,0.428962146,177.984306252,-0.0,286.92578305,-464.910089302,0.612803065,0,0,0.0,0,0,0,0
667,90,610.797738571,6.107977386,4.452715514,0.00729,30,3,35,0,0,6,6.841858387,4.970730834,1.871127553,3.797471,0.428642,0.37957,8.169934271,0.9,True,activated,player,player_01517,6.841858387,0.216835433,4.119873224,0.0,0.0,0.427558417,178.201141685,0.0,286.498224633,-464.699366318,0.610797739,0,2,1.576364733,0,0,0,0
668,89,610.057688551,6.100576886,3.602329645,0.0059049,50,5,55,0,0,9,8.622606954,4.299611111,4.322995843,4.042459,0.434549,0.513865,8.968028141,0.9,True,activated,player,player_00352,8.622606954,0.265135076,5.037566437,0.0,0.0,0.427040382,178.46627676,-0.0,286.071184251,-464.537461012,0.610057689,0,1,0.312491603,0,0,0,0
669,89,609.630648169,6.096306482,3.599808014,0.0059049,50,5,55,0,0,11,11.828558172,8.222399263,3.606158909,3.753768,0.457373,0.609258,21.702525557,0.9,True,activated,player,player_00004,11.828558172,0.608674992,11.564824854,0.0,0.0,0.426741454,179.074951753,0.0,285.644442797,-464.71939455,0.609630648,0,0,0.0,0,0,0,0
670,89,603.737817116,6.037378171,3.565011436,0.0059049,50,5,55,0,0,10,10.162255233,3.593429881,6.568825352,5.654242,0.310236,0.449786,12.361696358,0.9,True,activated,player,player_01417,10.162255233,0.520635614,9.892076664,0.0,0.0,0.422616472,179.595587367,0.0,285.221826325,-464.817413692,0.603737817,0,1,1.940148523,0,0,0,0
671,89,602.893403543,6.028934035,4.883436569,0.0081,20,2,25,0,0,5,9.58304353,9.008426251,0.574617279,1.196449,0.912803,0.732979,60.124160724,0.9,True,activated,player,player_00417,9.58304353,0.062882016,1.194758304,0.0,0.0,0.422025382,179.658469383,-0.0,284.799800943,-464.458270326,0.602893404,0,0,0.0,0,0,0,0
672,89,602.47137816,6.024713782,3.557533241,0.0059049,50,5,55,0,0,10,6.138142359,4.31605805,1.822084309,7.788534,0.192059,0.304099,9.577875664,0.9,True,activated,player,player_00316,6.138142359,0.301050533,5.719960126,0.0,0.0,0.421729965,179.959519916,0.0,284.378070978,-464.337590894,0.602471378,0,0,0.0,0,0,0,0
673,89,599.02719414,5.990271941,3.930217421,0.006561,40,4,45,0,0,9,7.725601009,4.346839273,3.378761736,5.997838,0.234213,0.395837,10.402790412,0.9,True,activated,player,player_01182,7.725601009,0.353586613,6.718145653,0.0,0.0,0.419319036,180.313106529,-0.0,283.958751942,-464.271858471,0.599027194,0,0,0.0,0,0,0,0
674,89,598.607875104,5.986078751,5.986078751,0.01,0,0,5,0,0,6,14.994830705,7.667126407,7.327704298,2.402615,0.511318,0.600064,30.141219759,0.9,True,activated,player,player_00392,14.994830705,0.478316226,9.088008303,0.0,0.0,0.419025513,180.791422755,0.0,283.53972643,-464.331149185,0.598607875,0,0,0.0,0,0,0,0
675,88,595.734257339,5.957342573,5.957342573,0.01,0,0,5,0,0,2,11.64638511,10.317892793,1.328492317,1.253313,0.885931,0.385931,3.918603354,0.9,True,activated,player,player_01300,11.64638511,0.087275315,1.658230982,0.0,0.0,0.41701398,180.87869807,0.0,283.12271245,-464.00141052,0.595734257,0,0,0.0,0,0,0,0
676,89,596.700791773,5.967007918,3.523458505,0.0059049,50,5,55,0,0,9,7.047120686,4.353074966,2.69404572,5.310521,0.294579,0.41039,12.34287401,0.9,True,activated,staker,staker_00738,7.047120686,0.352356034,2.114136206,2.114136206,4.580628446,0.0,181.231054105,-0.0,289.817477101,-471.048531206,0.596700792,0,0,0.0,0,0,0,0
677,90,606.397849172,6.063978492,3.978576288,0.006561,40,4,45,0,0,10,8.394553983,4.582729204,3.811824779,5.869121,0.266805,0.449999,13.338956638,0.9,True,activated,player,player_01153,8.394553983,0.399607499,7.592542475,0.0,0.0,0.424478494,181.630661603,-0.0,289.392998607,-471.02366021,0.606397849,0,0,0.0,0,0,0,0
678,92,610.404296209,6.104042962,4.449847319,0.00729,30,3,35,0,0,5,8.293698045,8.269208508,0.024489537,2.169534,0.546958,0.588064,31.154993435,0.9,True,activated,player,player_01439,8.293698045,0.269942546,5.128908365,0.0,0.0,0.427283007,181.900604149,0.0,288.9657156,-470.866319748,0.610404296,0,1,0.311857865,0,0,0,0
679,92,611.243148277,6.112431483,4.010366296,0.006561,40,4,45,0,0,6,4.59528482,4.134521027,0.460763793,4.00148,0.351407,0.385505,7.423601272,0.9,True,activated,player,player_01390,4.59528482,0.177730783,3.376884868,0.0,0.0,0.321669937,182.078334931,0.0,288.644045662,-470.722380594,0.611243148,0,1,0.953282166,0,0,0,0
680,94,613.077772965,6.13077773,4.022403268,0.006561,40,4,45,0,0,10,10.254322011,4.232714685,6.021607326,5.044494,0.368083,0.471786,12.269330652,0.9,True,activated,player,player_01547,10.254322011,0.345451902,6.563586147,0.0,0.0,0.429154441,182.423786834,-0.0,288.214891221,-470.638678055,0.613077773,0,0,0.0,0,0,0,0
681,93,595.605801668,5.956058017,3.907769665,0.006561,40,4,45,0,0,8,5.465127421,4.547783933,0.917343488,3.418603,0.500234,0.481014,11.540949205,0.9,True,activated,player,player_00832,5.465127421,0.15569216,2.958151045,0.0,0.0,0.382558919,182.579478994,0.0,287.832332302,-470.411811296,0.595605802,0,1,21.141654569,0,0,0,0
682,93,595.449624733,5.954496247,3.516070489,0.0059049,50,5,55,1,2.149627502,7,7.217869519,4.612218674,2.605650845,5.281403,0.297826,0.308073,8.191270142,0.9,True,activated,player,player_00884,7.217869519,0.344979332,6.554607301,0.0,0.0,0.416814737,182.924458326,0.0,287.415517564,-470.33997589,0.595449625,0,0,0.0,0,0,0,0
683,94,597.488481939,5.974884819,2.857768887,0.004782969,70,7,75,0,0,8,4.445804002,4.445804002,0,4.441824,0.320964,0.464786,13.341987766,0.9,True,activated,player,player_01557,4.445804002,0.171055452,3.250053585,0.0,0.0,0.31120628,183.095513778,-0.0,287.104311284,-470.199825062,0.597488482,0,0,0.0,0,0,0,0
684,93,666.992417655,6.669924177,3.938523527,0.0059049,50,5,55,0,0,6,4.038391576,4.038391576,0,3.182792,0.496795,0.464044,8.000236636,0.9,True,activated,player,player_00319,4.038391576,0.181212577,3.443038969,0.0,0.0,0.28268741,183.276726355,0.0,286.821623874,-470.098350229,0.666992418,0,0,0.0,0,0,0,0
685,94,672.844922382,6.728449224,3.575773784,0.00531441,60,6,65,0,0,12,10.163947161,3.67034194,6.493605221,4.320023,0.422927,0.574762,24.411477591,0.9,True,activated,player,player_01328,10.163947161,0.316816756,6.019518373,0.0,0.0,0.470991446,183.593543111,-0.0,286.350632428,-469.94417554,0.672844922,0,1,5.094671061,0,0,0,0
686,93,678.350481347,6.783504813,3.244529323,0.004782969,70,7,75,0,0,11,15.652940332,11.926813055,3.726127277,2.555051,0.598992,0.679651,43.010711639,0.9,True,activated,player,player_00071,15.652940332,0.337590361,6.414216867,0.0,0.0,0.474845337,183.931133473,-0.0,285.875787091,-469.806920564,0.678350481,0,1,1.38966815,0,0,0,0
687,94,683.091700505,6.830917005,4.481764647,0.006561,40,4,45,0,0,9,7.873287474,5.288171529,2.585115945,3.80574,0.46078,0.501905,14.627717298,0.9,True,activated,player,player_01565,7.873287474,0.236179764,4.487415507,0.0,0.0,0.47816419,184.167313236,0.0,285.397622901,-469.564936137,0.683091701,0,0,0.0,0,0,0,0
688,95,684.06001263,6.840600126,5.540886102,0.0081,20,2,25,0,0,4,21.219352236,7.721863853,13.497488383,1.898904,0.636093,0.557362,59.845570119,0.9,True,activated,player,player_01568,21.219352236,0.410035293,7.790670569,0.0,0.0,0.478842009,184.577348529,0.0,284.918780892,-469.496129421,0.684060013,0,0,0.0,0,0,0,0
689,98,688.383055557,6.883830556,4.064833105,0.0059049,50,5,55,0,0,7,5.300297933,5.114836647,0.185461286,4.126474,0.391146,0.434272,5.706019622,0.9,True,activated,player,player_01569,5.300297933,0.236826411,4.499701809,0.0,0.0,0.371020855,184.81417494,0.0,284.547760037,-469.361934977,0.688383056,0,0,0.0,1,1.946430389,5,0
690,98,696.988305715,6.969883057,4.115646246,0.0059049,50,5,55,0,0,6,4.546273978,4.546273978,0,4.434036,0.301857,0.333202,5.313052667,0.9,True,activated,player,player_00192,4.546273978,0.205399904,3.902598175,0.0,0.0,0.318239178,185.019574844,-0.0,284.229520858,-469.249095703,0.696988306,0,0,0.0,0,0,0,0
691,98,697.087505745,6.970875057,4.116232013,0.0059049,50,5,55,1,1.492325951,7,8.057522802,6.370871656,1.686651146,4.717197,0.294456,0.387017,4.593894544,0.9,True,activated,player,player_01133,8.057522802,0.308645021,5.864255392,0.0,0.0,0.487961254,185.328219865,-0.0,283.741559604,-469.069779469,0.697087506,0,0,0.0,0,0,0,0
692,98,694.953638955,6.94953639,5.066212028,0.00729,30,3,35,0,0,8,10.10514366,5.844723106,4.260420554,3.327048,0.469242,0.549561,21.422816133,0.9,True,activated,player,player_01060,10.10514366,0.292492582,5.557359066,0.0,0.0,0.486467547,185.620712447,0.0,283.255092057,-468.875804504,0.694953639,0,0,0.0,0,0,0,0
693,97,692.885380624,6.928853806,3.682276996,0.00531441,60,6,65,0,0,11,8.432435801,5.846758585,2.585677216,5.521984,0.307864,0.509527,15.642788799,0.9,True,activated,player,player_01578,8.432435801,0.316070708,6.005343449,0.0,0.0,0.485019766,185.936783155,0.0,282.770072291,-468.706855446,0.692885381,0,1,1.579781031,0,0,0,0
694,97,689.603506524,6.896035065,4.072039746,0.0059049,50,5,55,0,0,10,10.33783682,5.290863643,5.046973177,5.049544,0.330901,0.509027,20.802524304,0.9,True,activated,player,player_01580,10.33783682,0.450451436,8.558577286,0.0,0.0,0.482722455,186.387234591,-0.0,282.287349836,-468.674584427,0.689603507,0,0,0.0,0,0,0,0
695,97,689.394799914,6.893947999,4.070807354,0.0059049,50,5,55,0,0,10,14.343966254,4.793105796,9.550860458,5.027299,0.355792,0.498963,13.803335666,0.9,True,activated,player,player_01585,14.343966254,0.486153416,9.236914896,0.0,0.0,0.48257636,186.873388007,0.0,281.804773476,-468.678161483,0.6893948,0,1,1.671244612,0,0,0,0
696,97,692.417528689,6.924175287,5.608581982,0.0081,20,2,25,0,0,4,7.844920721,6.119849572,1.725071149,1.66895,0.741669,0.59326,24.56611909,0.9,True,activated,player,player_00279,7.844920721,0.125563735,2.385710972,0.0,0.0,0.48469227,186.998951742,-0.0,281.320081206,-468.319032948,0.692417529,0,0,0.0,0,0,0,0
697,98,693.511823546,6.935118235,3.68560617,0.00531441,60,6,65,0,0,9,4.969559276,4.053070558,0.916488718,6.360994,0.243164,0.35942,11.351716549,0.9,True,activated,player,player_00194,4.969559276,0.205450517,3.90355982,0.0,0.0,0.347869149,187.204402259,0.0,280.972212057,-468.176614316,0.693511824,0,1,2.486830509,0,0,0,0
698,98,730.863648767,7.308636488,4.7951964,0.006561,40,4,45,0,0,9,13.211383924,5.674619209,7.536764715,5.416882,0.341817,0.397351,9.649111533,0.9,True,activated,player,player_00461,13.211383924,0.460355659,8.746757514,0.0,0.0,0.511604554,187.664757918,0.0,280.460607503,-468.12536542,0.730863649,0,2,5.966111953,1,3.59412171,5,0
699,98,732.160074308,7.321600743,3.890998821,0.00531441,60,6,65,0,0,10,12.972856252,4.377845492,8.59501076,4.183071,0.423816,0.545817,14.419985198,0.9,True,activated,player,player_01575,12.972856252,0.565229739,10.739365033,0.0,0.0,0.512512052,188.229987656,-0.0,279.948095451,-468.178083107,0.732160074,0,0,0.0,0,0,0,0
700,98,729.962498076,7.299624981,3.879319999,0.00531441,60,6,65,1,0.349182129,6,4.267065439,4.267065439,0,4.141969,0.400965,0.328089,7.193805184,0.9,True,activated,player,player_00671,4.267065439,0.142740861,2.712076362,0.0,0.0,0.298694581,188.372728517,0.0,279.64940087,-468.022129387,0.729962498,0,0,0.0,1,23.276241944,5,0
701,99,719.501618677,7.195016187,3.097218544,0.004304672,80,8,85,1,0.048636273,10,7.152040574,4.809039945,2.343000629,6.253639,0.215015,0.435791,9.930764343,0.9,True,activated,player,player_00909,7.152040574,0.321631526,6.110998991,0.0,0.0,0.50064284,188.694360043,-0.0,279.14875803,-467.843118073,0.719501619,0,0,0.0,0,0,0,0
702,99,757.758198812,7.577581988,4.474486388,0.0059049,50,5,55,0,0,6,4.496038246,4.496038246,0,4.05221,0.412122,0.337295,6.527707077,0.9,True,activated,player,player_00850,4.496038246,0.205610117,3.90659222,0.0,0.0,0.314722677,188.89997016,0.0,278.834035352,-467.734005513,0.757758199,0,1,1.025041766,0,0,0,0
703,97,754.156428069,7.541564281,4.948020325,0.006561,40,4,45,0,0,10,14.325276761,5.415425092,8.909851669,5.570715,0.31532,0.463632,12.861313976,0.9,True,activated,player,player_01602,14.325276761,0.647783267,12.307882076,0.0,0.0,0.5279095,189.547753427,-0.0,278.306125853,-467.85387928,0.754156428,0,1,1.935900147,0,0,0,0
704,98,755.61949135,7.556194913,5.508466092,0.00729,30,3,35,0,0,4,7.102829177,7.102829177,0,3.02317,0.437726,0.315934,3.723195809,0.9,True,activated,player,player_01604,7.102829177,0.224546601,4.266385428,0.0,0.0,0.497198042,189.772300029,0.0,277.80892781,-467.581227839,0.755619491,0,1,2.196680105,0,0,0,0
705,99,760.283206753,7.602832068,5.542464577,0.00729,30,3,35,0,0,5,7.233793895,7.014440088,0.219353807,2.995513,0.392916,0.442865,4.734580791,0.9,True,activated,player,player_00680,7.233793895,0.244894474,4.652994998,0.0,0.0,0.506365573,190.017194502,-0.0,277.302562238,-467.31975674,0.760283207,0,0,0.0,0,0,0,0
706,101,763.283976114,7.632839761,6.869555785,0.009,10,1,15,0,0,2,7.433486267,7.433486267,0,1.608454,0.746693,0.246693,1.737128128,0.9,True,activated,player,player_01385,7.433486267,0.120164822,2.283131622,0.0,0.0,0.520344039,190.137359325,0.0,276.782218199,-466.919577524,0.763283976,0,0,0.0,0,0,0,0
707,96,716.104220436,7.161042204,4.69835979,0.006561,40,4,45,0,0,6,4.965882531,4.786499006,0.179383525,4.05979,0.305314,0.370895,8.14557942,0.9,True,activated,player,player_00413,4.965882531,0.203246079,3.861675499,0.0,0.0,0.347611777,190.340605404,0.0,276.434606422,-466.775211825,0.71610422,0,0,0.0,0,0,0,0
708,96,711.541939418,7.115419394,3.062954735,0.004304672,80,8,85,1,1.647859708,10,5.00743368,3.178734129,1.828699551,5.025363,0.340158,0.491736,19.88681076,0.9,True,activated,player,player_00289,5.00743368,0.261535264,4.969170011,0.0,0.0,0.350520358,190.602140667,-0.0,276.084086064,-466.686226731,0.711541939,0,1,5.370485597,0,0,0,0
709,97,712.818998872,7.128189989,3.788212416,0.00531441,60,6,65,0,0,7,3.800634189,3.800634189,0,4.279438,0.380597,0.422472,7.977148311,0.9,True,activated,staker,staker_00979,3.800634189,0.190031709,1.140190257,1.140190257,2.470412223,0.0,190.792172377,0.0,279.694688544,-470.48686092,0.712818999,0,0,0.0,0,0,0,0
710,99,722.200927366,7.222009274,3.454264647,0.004782969,70,7,75,1,0.629532808,8,4.229729583,3.856609652,0.373119931,4.847084,0.365102,0.396486,11.677980546,0.9,True,activated,player,player_01532,4.229729583,0.195904023,3.722176439,0.0,0.0,0.296081071,190.9880764,-0.0,279.398607473,-470.386683873,0.722200927,0,1,0.782973443,0,0,0,0
711,98,724.277209684,7.242772097,4.276784495,0.0059049,50,5,55,0,0,9,8.25869783,5.132984838,3.125712992,5.686613,0.263866,0.409884,12.898421575,0.9,True,activated,player,player_01125,8.25869783,0.345690886,6.568126839,0.0,0.0,0.506994047,191.333767286,0.0,278.891613426,-470.225380712,0.72427721,0,1,3.810928151,0,0,0,0
712,98,727.748212825,7.277482128,3.86755238,0.00531441,60,6,65,0,0,12,7.966225461,3.90665131,4.059574151,6.391702,0.28731,0.475367,22.079710137,0.9,True,activated,player,player_01622,7.966225461,0.373940242,7.104864597,0.0,0.0,0.509423749,191.707707528,0.0,278.382189677,-470.089897205,0.727748213,0,1,2.84708502,0,0,0,0
713,99,728.101847836,7.281018478,4.299368601,0.0059049,50,5,55,0,0,6,4.888595926,4.888595926,0,2.790829,0.550585,0.492649,12.866593337,0.9,True,activated,player,player_01280,4.888595926,0.213729337,4.0608574,0.0,0.0,0.342201715,191.921436865,-0.0,278.039987962,-469.961424827,0.728101848,0,0,0.0,0,0,0,0
714,99,724.859062357,7.248590624,3.85219825,0.00531441,60,6,65,0,0,12,7.218484495,4.381212811,2.837271684,7.904255,0.215611,0.384965,16.290287859,0.9,True,activated,player,player_01626,7.218484495,0.364756973,6.930382479,0.0,0.0,0.505293915,192.286193837,0.0,277.534694048,-469.820887885,0.724859062,0,1,6.401542432,0,0,0,0
715,97,716.552693909,7.165526939,3.08452439,0.004304672,80,8,85,1,0.069299369,12,7.747795435,3.370440298,4.377355137,6.86919,0.295044,0.411386,12.535353542,0.9,True,activated,player,player_01631,7.747795435,0.366200142,6.957802707,0.0,0.0,0.501586886,192.65239398,0.0,277.033107162,-469.685501142,0.716552694,0,2,7.801074533,0,0,0,0
716,94,647.789451812,6.477894518,3.825131934,0.0059049,50,5,55,0,0,11,9.565633998,4.679581844,4.886052154,5.695272,0.303352,0.49733,21.887651109,0.9,True,activated,player,player_00792,9.565633998,0.492356913,9.354781351,0.0,0.0,0.453452616,193.144750893,-0.0,276.579654546,-469.724405439,0.647789452,0,1,2.276493446,0,0,0,0
717,94,647.335999196,6.473359992,4.247171491,0.006561,40,4,45,0,0,8,5.806942299,4.70887934,1.098062959,3.902559,0.44837,0.463016,10.407635159,0.9,True,activated,staker,staker_00874,5.806942299,0.290347115,1.74208269,1.74208269,3.774512494,0.0,193.435098008,-0.0,282.09624973,-475.531347738,0.647335999,0,0,0.0,0,0,0,0
718,92,651.556575079,6.515565751,3.84737642,0.0059049,50,5,55,0,0,7,17.629903447,7.693542048,9.936361399,2.408141,0.563608,0.654258,21.356720495,0.9,True,activated,player,player_00400,17.629903447,0.889596145,16.902326747,0.0,0.0,0.456089603,194.324694153,0.0,281.640160127,-475.96485428,0.651556575,0,1,0.672320742,0,0,0,0
719,93,657.771586475,6.577715865,4.315639379,0.006561,40,4,45,0,0,8,5.842352172,5.132161523,0.710190649,5.688406,0.277661,0.352235,7.259575653,0.9,True,activated,player,player_01640,5.842352172,0.231456028,4.397664535,0.0,0.0,0.408964652,194.556150181,-0.0,281.231195475,-475.787345656,0.657771586,0,1,1.005925835,0,0,0,0
720,94,658.593773787,6.585937738,4.32103375,0.006561,40,4,45,0,0,8,6.183816676,4.384271118,1.799545558,4.59614,0.341275,0.460188,15.168139591,0.9,True,activated,player,player_01435,6.183816676,0.293827723,5.582726741,0.0,0.0,0.432867167,194.849977904,-0.0,280.798328308,-475.648306212,0.658593774,0,0,0.0,0,0,0,0
721,95,659.362614635,6.593626146,3.504123273,0.00531441,60,6,65,0,0,9,9.085915175,4.16947976,4.916435415,4.170912,0.427505,0.492202,16.869714346,0.9,True,activated,player,player_01578,9.085915175,0.283159911,5.380038315,0.0,0.0,0.46155383,195.133137815,0.0,280.336774478,-475.469912293,0.659362615,0,0,0.0,0,0,0,0
722,94,649.263594608,6.492635946,2.794866881,0.004304672,80,8,85,0,0,13,7.232929828,3.754283593,3.478646235,5.626779,0.348593,0.524369,25.212235229,0.9,True,activated,player,player_01647,7.232929828,0.339020517,6.441389825,0.0,0.0,0.454484516,195.472158332,0.0,279.882289961,-475.354448294,0.649263595,0,2,10.215572996,0,0,0,0
723,95,723.132595623,7.231325956,2.801563838,0.003874205,90,9,95,1,0.551154864,14,9.170935858,3.549429219,5.621506639,5.816122,0.31712,0.565476,37.936749301,0.9,True,activated,player,player_01655,9.170935858,0.399510961,7.590708259,0.0,0.0,0.506192817,195.871669293,0.0,279.376097144,-475.247766438,0.723132596,0,1,2.18177587,1,0.421114601,5,0
724,94,721.413541858,7.214135419,4.259874823,0.0059049,50,5,55,0,0,6,4.66885422,4.66885422,0,3.680348,0.379392,0.42943,7.99101721,0.9,True,activated,player,player_00192,4.66885422,0.161217451,3.063131569,0.0,0.0,0.326819795,196.032886744,0.0,279.049277349,-475.082164094,0.721413542,0,1,2.659135624,0,0,0,0
725,90,701.337618954,7.01337619,4.601476118,0.006561,40,4,45,0,0,9,18.139227954,13.111362202,5.027865752,2.462589,0.592251,0.689104,32.419051311,0.9,True,activated,staker,staker_01074,18.139227954,0.906961398,5.441768386,5.441768386,11.79049817,0.0,196.939848142,-0.0,296.281543905,-493.221392048,0.701337619,0,2,14.614994085,0,0,0,0
726,91,716.787016174,7.167870162,5.225377348,0.00729,30,3,35,0,0,4,5.253889015,5.253889015,0,2.209458,0.48667,0.456619,18.987308321,0.9,True,activated,player,player_01306,5.253889015,0.159422804,3.02903328,0.0,0.0,0.367772231,197.099270946,0.0,295.913771674,-493.013042621,0.716787016,0,1,3.446400314,0,0,0,0
727,92,720.661965285,7.206619653,4.728263154,0.006561,40,4,45,0,0,6,8.187302862,7.244655893,0.942646969,4.127834,0.336645,0.373697,5.591515003,0.9,True,activated,player,player_00573,8.187302862,0.339095704,6.44281837,0.0,0.0,0.504463376,197.43836665,0.0,295.409308299,-492.847674949,0.720661965,0,0,0.0,1,0.875989157,5,0
728,94,726.83484888,7.268348489,4.768763443,0.006561,40,4,45,0,0,7,5.438020639,4.843013716,0.595006923,3.972616,0.422589,0.430768,10.153181726,0.9,True,activated,player,player_00646,5.438020639,0.238054846,4.523042069,0.0,0.0,0.380661445,197.676421496,0.0,295.028646854,-492.70506835,0.726834849,0,0,0.0,0,0,0,0
729,95,737.523267306,7.375232673,5.973938465,0.0081,20,2,25,0,0,5,13.043794996,6.939283797,6.104511199,2.264822,0.472501,0.554747,22.267248706,0.9,True,activated,player,player_01665,13.043794996,0.369842802,7.027013239,0.0,0.0,0.516266287,198.046264298,-0.0,294.512380567,-492.558644865,0.737523267,0,1,2.940625745,0,0,0,0
730,92,730.704594105,7.307045941,4.314737558,0.0059049,50,5,55,0,0,8,7.841818853,4.405953991,3.435864862,4.235528,0.33623,0.484351,14.417060326,0.9,True,activated,player,player_01667,7.841818853,0.297959019,5.66122136,0.0,0.0,0.511493216,198.344223317,-0.0,294.000887351,-492.345110668,0.730704594,0,1,1.590854683,0,0,0,0
731,93,732.330783559,7.323307836,4.804822271,0.006561,40,4,45,0,0,9,7.448437805,5.114083269,2.334354536,5.452862,0.29938,0.429453,11.998302883,0.9,True,activated,player,player_00829,7.448437805,0.286557852,5.444599195,0.0,0.0,0.512631548,198.630781169,0.0,293.488255802,-492.119036972,0.732330784,0,0,0.0,0,0,0,0
732,91,722.422477715,7.224224777,4.265832489,0.0059049,50,5,55,0,0,6,5.083298443,5.083298443,0,4.709705,0.284601,0.284569,4.226696088,0.9,True,activated,player,player_00804,5.083298443,0.19962085,3.792796146,0.0,0.0,0.355830891,198.830402019,0.0,293.132424911,-491.96282693,0.722422478,0,1,3.955504983,0,0,0,0
733,91,711.827581828,7.118275818,4.203270688,0.0059049,50,5,55,0,0,11,7.817715851,4.654261269,3.163454582,5.906628,0.235423,0.459578,21.436927497,0.9,True,activated,player,player_01674,7.817715851,0.397389094,7.550392792,0.0,0.0,0.498279307,199.227791113,0.0,292.634145604,-491.861936717,0.711827582,0,0,0.0,0,0,0,0
734,91,711.329302521,7.113293025,5.185590615,0.00729,30,3,35,0,0,9,11.597205844,5.204087218,6.393118626,5.210879,0.309763,0.467673,9.465408951,0.9,True,activated,player,player_00203,11.597205844,0.425137412,8.077610825,0.0,0.0,0.497930512,199.652928525,-0.0,292.136215092,-491.789143617,0.711329303,0,0,0.0,0,0,0,0
735,92,716.22282312,7.162228231,5.221264381,0.00729,30,3,35,0,0,6,7.902606947,7.023335634,0.879271313,3.064269,0.45584,0.515272,9.755990502,0.9,True,activated,player,player_01679,7.902606947,0.240081774,4.561553712,0.0,0.0,0.501355976,199.893010299,-0.0,291.634859116,-491.527869416,0.716222823,0,0,0.0,0,0,0,0
736,89,711.872621059,7.118726211,4.20353664,0.0059049,50,5,55,0,0,7,8.051539631,6.19780314,1.853736491,3.64054,0.420538,0.496507,19.01484087,0.9,True,activated,player,player_00306,8.051539631,0.258193747,4.905681198,0.0,0.0,0.498310835,200.151204047,0.0,291.136548281,-491.287752328,0.711872621,0,2,2.696070734,0,0,0,0
737,90,713.389102425,7.133891024,3.412117962,0.004782969,70,7,75,0,0,11,8.090274036,4.429116725,3.661157311,4.852677,0.382074,0.512564,19.286401469,0.9,True,activated,player,player_01684,8.090274036,0.274928232,5.223636399,0.0,0.0,0.499372372,200.426132278,0.0,290.63717591,-491.063308188,0.713389102,0,0,0.0,0,0,0,0
738,91,715.697403919,7.156974039,4.695690667,0.006561,40,4,45,1,0.353017183,4,5.053571051,5.053571051,0,2.823577,0.513789,0.33643,4.779783477,0.9,True,activated,player,player_01687,5.053571051,0.235349737,4.471645006,0.0,0.0,0.353749974,200.661482015,0.0,290.283425936,-490.944907952,0.715697404,0,0,0.0,0,0,0,0
739,93,716.806585731,7.168065857,3.428463679,0.004782969,70,7,75,0,0,10,6.864405396,4.612123792,2.252281604,6.841128,0.218692,0.380144,10.302798956,0.9,True,activated,player,player_00745,6.864405396,0.329691273,6.26413418,0.0,0.0,0.480508378,200.991173288,-0.0,289.802917558,-490.794090847,0.716806586,0,0,0.0,0,0,0,0
740,91,701.57646635,7.015764664,3.728464989,0.00531441,60,6,65,0,0,11,7.431577981,4.368051026,3.063526955,6.428261,0.222856,0.464547,21.419413342,0.9,True,activated,staker,staker_00906,7.431577981,0.371578899,2.229473394,2.229473394,4.830525688,0.0,201.362752187,0.0,296.86291664,-498.225668828,0.701576466,0,1,10.880993748,0,0,0,0
741,91,711.688013337,7.116880133,5.764672908,0.0081,20,2,25,0,0,5,11.734062396,6.396423587,5.337638809,2.896805,0.474079,0.461996,6.005806723,0.9,True,activated,player,player_00885,11.734062396,0.333468763,6.335906495,0.0,0.0,0.498181609,201.69622095,-1e-12,296.364735031,-498.060955981,0.711688013,0,0,0.0,0,0,0,0
742,91,711.189831728,7.111898317,5.760637637,0.0081,20,2,25,0,0,5,11.454110266,9.82441728,1.629692986,2.532432,0.574898,0.49762,7.168108794,0.9,True,activated,player,player_00417,11.454110266,0.268349952,5.098649085,0.0,0.0,0.497832882,201.964570902,0.0,295.866902149,-497.831473051,0.711189832,0,0,0.0,0,0,0,0
743,93,715.849410862,7.158494109,4.696687985,0.006561,40,4,45,0,0,10,10.138996899,4.932407512,5.206589387,5.289474,0.2715,0.512582,21.68387862,0.9,True,activated,player,player_00120,10.138996899,0.451425576,8.577085949,0.0,0.0,0.501094588,202.415996478,0.0,295.365807561,-497.781804039,0.715849411,0,0,0.0,1,1.38458784,5,0
744,93,717.25711681,7.172571168,5.228804382,0.00729,30,3,35,0,0,9,7.969739367,5.823753125,2.145986242,4.043763,0.434171,0.51382,15.562011247,0.9,True,activated,player,player_00034,7.969739367,0.376800284,7.159205402,0.0,0.0,0.502079982,202.792796763,-0.0,294.863727579,-497.656524342,0.717257117,0,0,0.0,0,0,0,0
745,92,729.797835589,7.297978356,3.878444915,0.00531441,60,6,65,0,0,9,12.823415831,11.986875455,0.836540376,2.2045,0.656834,0.656919,28.173253962,0.9,True,activated,player,player_01710,12.823415831,0.616589454,11.715199631,0.0,0.0,0.510858485,203.409386217,-0.0,294.352869095,-497.762255311,0.729797836,0,0,0.0,0,0,0,0
746,91,725.042844576,7.250428446,4.757006103,0.006561,40,4,45,0,0,7,10.640335882,5.161475211,5.478860671,5.101226,0.301077,0.34073,7.009716148,0.9,True,activated,player,player_01713,10.640335882,0.443628067,8.42893327,0.0,0.0,0.507529991,203.853014284,0.0,293.845339103,-497.698353387,0.725042845,0,1,4.523881578,0,0,0,0
747,90,714.513796951,7.14513797,4.687925022,0.006561,40,4,45,0,0,5,5.578084734,5.578084734,0,2.326589,0.625194,0.47324,8.321776996,0.9,True,activated,player,player_01038,5.578084734,0.124058229,2.357106348,0.0,0.0,0.390465931,203.977072512,0.0,293.454873172,-497.431945684,0.714513797,0,1,10.021517634,0,0,0,0
748,91,717.705678288,7.177056783,4.708866955,0.006561,40,4,45,0,0,9,7.615295533,5.057210894,2.558084639,5.370338,0.346121,0.392427,8.655262149,0.9,True,activated,player,player_01715,7.615295533,0.350219009,6.65416117,0.0,0.0,0.502393975,204.327291521,0.0,292.952479197,-497.279770719,0.717705678,0,0,0.0,0,0,0,0
749,92,740.66142176,7.406614218,3.54256062,0.004782969,70,7,75,0,0,12,5.030585743,3.544983145,1.485602598,7.669171,0.273104,0.340969,12.723094873,0.9,True,activated,player,player_00729,5.030585743,0.245369094,4.662012794,0.0,0.0,0.352141002,204.572660616,0.0,292.600338195,-497.172998811,0.740661422,0,0,0.0,0,0,0,0
750,94,743.29959822,7.432995982,3.950198818,0.00531441,60,6,65,0,0,11,11.078432377,4.019825979,7.058606398,3.247622,0.477409,0.666718,40.655366634,0.9,True,activated,player,player_00274,11.078432377,0.315490051,5.994310966,0.0,0.0,0.520309719,204.888150667,-0.0,292.080028476,-496.968179143,0.743299598,0,0,0.0,0,0,0,0
751,94,770.13506371,7.701350637,4.547570538,0.0059049,50,5,55,1,0.174501006,7,6.335674771,5.740743076,0.594931695,4.123368,0.352961,0.44511,13.956635509,0.9,True,activated,player,player_01125,6.335674771,0.249108101,4.733053912,0.0,0.0,0.443497234,205.137258767,0.0,291.636531242,-496.77379001,0.770135064,0,0,0.0,0,0,0,0
752,95,777.412440566,7.774124406,4.59054272,0.0059049,50,5,55,0,0,7,6.772892175,4.753847601,2.019044574,4.322963,0.318252,0.422831,11.869766553,0.9,True,activated,player,player_01727,6.772892175,0.261397503,4.966552551,0.0,0.0,0.474102452,205.39865627,0.0,291.16242879,-496.56108506,0.777412441,0,0,0.0,1,0.497959266,5,0
753,96,785.873295019,7.85873295,5.156114689,0.006561,40,4,45,0,0,9,10.539507592,6.600050822,3.93945677,4.348883,0.363454,0.534586,11.061897716,0.9,True,activated,player,player_00507,10.539507592,0.510628016,9.701932303,0.0,0.0,0.550111307,205.909284286,-0.0,290.612317484,-496.52160177,0.785873295,0,0,0.0,1,7.565872128,5,0
754,94,774.087534513,7.740875345,3.702436681,0.004782969,70,7,75,1,0.066579203,11,11.984877496,3.869411032,8.115466464,5.671527,0.319352,0.473471,20.545961333,0.9,True,activated,player,player_00486,11.984877496,0.595544686,11.315349041,0.0,0.0,0.541861274,206.504828972,-0.0,290.07045621,-496.575285182,0.774087535,0,0,0.0,0,0,0,0
755,94,766.959208679,7.669592087,4.075935688,0.00531441,60,6,65,0,0,12,10.662561809,5.988264692,4.674297117,7.094269,0.22357,0.448699,20.730636542,0.9,True,activated,player,player_01738,10.662561809,0.495108086,9.407053638,0.0,0.0,0.536871446,206.999937058,0.0,289.533584763,-496.533521822,0.766959209,0,0,0.0,0,0,0,0
756,94,766.422337233,7.664223372,4.073082533,0.00531441,60,6,65,1,0.876331549,7,4.383524226,4.29995849,0.083565736,3.588024,0.384296,0.494239,12.423751983,0.9,True,activated,player,player_00890,4.383524226,0.161389062,3.066392171,0.0,0.0,0.306846696,207.16132612,-0.0,289.226738068,-496.388064188,0.766422337,0,0,0.0,1,18.405572088,5,0
757,97,756.683469729,7.566834697,4.964600245,0.006561,40,4,45,1,1.567496803,5,8.309932347,6.772984108,1.536948239,2.794287,0.51202,0.474686,4.513834125,0.9,True,activated,player,player_00401,8.309932347,0.229237936,4.355520778,0.0,0.0,0.529678429,207.390564056,-0.0,288.697059639,-496.087623695,0.75668347,0,0,0.0,0,0,0,0
758,101,763.248632617,7.632486326,5.564082532,0.00729,30,3,35,0,0,5,7.592715641,7.202392425,0.390323216,2.284802,0.624646,0.510812,12.079059489,0.9,True,activated,player,player_00401,7.592715641,0.169072303,3.212373748,0.0,0.0,0.531490095,207.559636358,0.0,288.165569544,-495.725205902,0.763248633,0,0,0.0,0,0,0,0
759,101,764.471968043,7.64471968,4.514130524,0.0059049,50,5,55,0,0,8,6.963901516,4.535108257,2.428793259,2.752895,0.510384,0.636603,29.963688078,0.9,True,activated,player,player_01330,6.963901516,0.349579273,6.64200618,0.0,0.0,0.487473106,207.909215631,0.0,287.678096438,-495.587312069,0.764471968,0,2,2.869825109,0,0,0,0
760,100,762.925064192,7.629250642,4.05449659,0.00531441,60,6,65,2,0.391404456,10,8.807259103,4.239177805,4.568081298,6.941705,0.208696,0.376174,10.311263512,0.9,True,activated,player,player_01749,8.807259103,0.380000924,7.220017562,0.0,0.0,0.534047545,208.289216555,0.0,287.144048893,-495.433265448,0.762925064,0,1,1.059430745,0,0,0,0
761,102,766.023233094,7.660232331,5.584309369,0.00729,30,3,35,0,0,9,11.535847751,6.51724702,5.018600731,4.385947,0.322931,0.412361,9.979289997,0.9,True,activated,staker,staker_01112,11.535847751,0.576792388,3.460754325,3.460754325,7.498301038,0.0,208.866008943,-0.0,298.103104256,-506.969113199,0.766023233,0,0,0.0,0,0,0,0
762,102,776.982288458,7.769822885,3.344653979,0.004304672,80,8,85,0,0,11,5.267471213,3.695458834,1.572012379,5.069127,0.276258,0.547597,20.443011378,0.9,True,activated,player,player_00415,5.267471213,0.215723422,4.098745016,0.0,0.0,0.368722985,209.081732365,0.0,297.734381271,-506.816113636,0.776982288,0,0,0.0,0,0,0,0
763,100,769.330186044,7.69330186,4.088536034,0.00531441,60,6,65,0,0,8,6.131110696,5.008376775,1.122733921,4.254722,0.394803,0.475965,13.022002704,0.9,True,activated,player,player_01126,6.131110696,0.283549467,5.387439882,0.0,0.0,0.429177749,209.365281832,-0.0,297.305203523,-506.670485355,0.769330186,0,1,0.970201705,0,0,0,0
764,99,755.967356131,7.559673561,4.017520477,0.00531441,60,6,65,0,0,12,24.449890563,4.196726992,20.253163571,1.93969,0.711243,0.702399,34.97920356,0.9,True,activated,player,player_00295,24.449890563,1.216682296,23.116963621,0.0,0.0,0.529177149,210.581964128,-0.0,296.776026373,-507.357990501,0.755967356,0,0,0.0,0,0,0,0
765,101,757.247186187,7.572471862,4.47146891,0.0059049,50,5,55,0,0,10,7.319971137,5.518840651,1.801130486,3.344488,0.513751,0.554914,18.868191577,0.9,True,activated,player,player_01498,7.319971137,0.203586203,3.868137853,0.0,0.0,0.51239798,210.785550331,0.0,296.263628394,-507.049178725,0.757247186,0,0,0.0,0,0,0,0
766,103,760.51570533,7.605157053,5.544159492,0.00729,30,3,35,0,0,9,7.723977023,6.083000033,1.64097699,2.531838,0.607683,0.605159,18.007613551,0.9,True,activated,player,player_00016,7.723977023,0.370362095,7.036879805,0.0,0.0,0.532360994,211.155912426,-0.0,295.7312674,-506.887179826,0.760515705,0,0,0.0,0,0,0,0
767,104,763.059208949,7.630592089,5.00643147,0.006561,40,4,45,0,0,9,15.265604152,5.105151101,10.160453051,4.645708,0.294288,0.528876,11.434368876,0.9,True,activated,player,player_00461,15.265604152,0.582832825,11.073823674,0.0,0.0,0.534141446,211.738745251,0.0,295.197125954,-506.935871205,0.763059209,0,0,0.0,0,0,0,0
768,105,767.798990055,7.677989901,5.597254637,0.00729,30,3,35,0,0,8,27.01255591,6.143074896,20.869481014,2.474248,0.606094,0.635204,19.655344008,0.9,True,activated,player,player_01769,27.01255591,0.558893805,10.618982297,0.0,0.0,0.537459293,212.297639056,0.0,294.659666661,-506.957305717,0.76779899,0,0,0.0,0,0,0,0
769,105,762.295470642,7.622954706,4.501278525,0.0059049,50,5,55,0,0,10,8.482131714,6.246770253,2.235361461,3.891457,0.388924,0.60279,33.648886363,0.9,True,activated,player,player_00703,8.482131714,0.445450733,8.463563929,0.0,0.0,0.533606829,212.743089789,0.0,294.126059831,-506.86914962,0.762295471,0,2,7.167823005,0,0,0,0
770,103,758.637545274,7.586375453,5.530467705,0.00729,30,3,35,0,0,5,8.548239192,7.478095806,1.070143386,2.650383,0.523095,0.502583,7.10996777,0.9,True,activated,player,player_01228,8.548239192,0.328403441,6.239665388,0.0,0.0,0.531046282,213.07149323,-0.0,293.59501355,-506.66650678,0.758637545,0,0,0.0,0,0,0,0
771,103,758.978807588,7.589788076,5.532955507,0.00729,30,3,35,0,0,5,6.492763617,5.868528865,0.624234752,3.071365,0.486926,0.416249,7.06853616,0.9,True,activated,player,player_01776,6.492763617,0.266935151,5.071767869,0.0,0.0,0.454493453,213.338428381,0.0,293.140520096,-506.478948478,0.758978808,0,0,0.0,1,0.452417152,5,0
772,101,756.48051003,7.5648051,4.020247587,0.00531441,60,6,65,0,0,10,7.605159306,5.377836898,2.227322408,7.019321,0.230246,0.363882,9.465110262,0.9,True,activated,player,player_01778,7.605159306,0.362565259,6.88873992,0.0,0.0,0.529536357,213.70099364,0.0,292.610983739,-506.31197738,0.75648051,0,1,0.579766858,0,0,0,0
773,97,748.22141342,7.482214134,2.347998078,0.003138106,110,11,115,1,0.644172612,15,11.517803369,2.396062211,9.121741158,5.866933,0.27641,0.593117,34.519794614,0.9,True,activated,player,player_01723,11.517803369,0.586432995,11.142226908,0.0,0.0,0.523754989,214.287426636,-0.0,292.08722875,-506.374655386,0.748221413,0,3,6.016873678,0,0,0,0
774,97,747.697658431,7.476976584,5.45071593,0.00729,30,3,35,0,0,6,7.604231267,5.770891262,1.833340005,3.136883,0.449539,0.513616,10.53322585,0.9,True,activated,player,player_00308,7.604231267,0.235460924,4.473757564,0.0,0.0,0.523388361,214.52288756,0.0,291.563840389,-506.086727949,0.747697658,0,0,0.0,0,0,0,0
775,97,744.260115902,7.442601159,5.425656245,0.00729,30,3,35,0,0,5,7.704690781,6.234886624,1.469804157,2.984043,0.475276,0.447725,4.366619348,0.9,True,activated,player,player_00477,7.704690781,0.22819109,4.335630708,0.0,0.0,0.520982081,214.75107865,0.0,291.042858308,-505.793936958,0.744260116,0,0,0.0,0,0,0,0
776,95,742.181474609,7.421814746,3.549830985,0.004782969,70,7,75,0,0,13,7.115874235,3.679332509,3.436541726,8.659069,0.19364,0.389965,16.651610089,0.9,True,activated,player,player_00957,7.115874235,0.311803205,5.924260898,0.0,0.0,0.498111196,215.062881855,-0.0,290.544747112,-505.607628967,0.742181475,0,1,1.096063487,0,0,0,0
777,91,731.690555683,7.316905557,3.888503606,0.00531441,60,6,65,1,0.679064701,10,8.224180206,4.391398175,3.832782031,5.812653,0.253261,0.456195,21.469940549,0.9,True,activated,player,player_00445,8.224180206,0.408221427,7.756207115,0.0,0.0,0.512183389,215.471103282,0.0,290.032563723,-505.503667005,0.731690556,0,1,0.812841772,0,0,0,0
778,92,741.60140986,7.416014099,4.86564685,0.006561,40,4,45,0,0,10,16.071078096,7.677526031,8.393552065,3.899468,0.418988,0.59877,37.301992339,0.9,True,activated,player,player_00502,16.071078096,0.492830304,9.363775767,0.0,0.0,0.519120987,215.963933586,-0.0,289.513442736,-505.477376321,0.74160141,0,0,0.0,0,0,0,0
779,92,742.278300818,7.422783008,3.944771225,0.00531441,60,6,65,0,0,12,12.018966089,6.033998585,5.984967504,6.871507,0.244197,0.454221,19.157638982,0.9,True,activated,player,player_01459,12.018966089,0.517090142,9.824712707,0.0,0.0,0.519594811,216.481023728,-0.0,288.993847925,-505.474871653,0.742278301,0,0,0.0,0,0,0,0
780,92,744.292391345,7.442923913,3.203934691,0.004304672,80,8,85,1,0.969018893,9,4.120107564,3.828775276,0.291332288,7.400502,0.18608,0.263036,8.506178594,0.9,True,activated,player,player_01238,4.120107564,0.19828103,3.767339579,0.0,0.0,0.288407529,216.679304759,0.0,288.705440396,-505.384745154,0.744292391,0,0,0.0,0,0,0,0
781,92,741.432354805,7.414323548,5.405041867,0.00729,30,3,35,0,0,9,12.377080561,6.574946995,5.802133566,3.74607,0.403921,0.600184,23.358536692,0.9,True,activated,player,player_01805,12.377080561,0.511623941,9.720854879,0.0,0.0,0.519002648,217.1909287,-0.0,288.186437747,-505.377366447,0.741432355,0,0,0.0,0,0,0,0
782,92,738.878075039,7.38878075,5.386421167,0.00729,30,3,35,0,0,6,7.524121843,5.79908613,1.725035713,2.413325,0.600967,0.564438,16.365780195,0.9,True,activated,player,player_00352,7.524121843,0.175979212,3.343605029,0.0,0.0,0.517214653,217.366907912,0.0,287.669223095,-505.036131006,0.738878075,0,0,0.0,1,2.651820021,5,0
783,92,736.81047572,7.368104757,3.91571296,0.00531441,60,6,65,0,0,8,5.850185749,5.179155016,0.671030733,3.811916,0.452197,0.483745,11.616035274,0.9,True,activated,player,player_01021,5.850185749,0.180713097,3.433548838,0.0,0.0,0.409513002,217.547621008,0.0,287.259710092,-504.807331101,0.736810476,0,0,0.0,0,0,0,0
784,92,707.852848907,7.078528489,5.160247269,0.00729,30,3,35,0,0,5,7.818636718,5.981410835,1.837225883,3.160326,0.470083,0.411697,5.05571412,0.9,True,activated,player,player_01807,7.818636718,0.231936459,4.406792716,0.0,0.0,0.495496994,217.779557467,-0.0,286.764213098,-504.543770565,0.707852849,0,1,30.607667779,0,0,0,0
785,92,705.859705484,7.058597055,3.37610509,0.004782969,70,7,75,0,0,12,10.176634334,6.251694438,3.924939896,5.995936,0.286942,0.507629,18.980769033,0.9,True,activated,player,player_01667,10.176634334,0.426311277,8.099914259,0.0,0.0,0.494101794,218.205868744,0.0,286.270111304,-504.475980048,0.705859705,0,0,0.0,0,0,0,0
786,92,674.484440449,6.744844404,3.982763172,0.0059049,50,5,55,0,0,9,6.254416609,4.399966253,1.854450356,4.309297,0.38949,0.500529,14.810299468,0.9,True,activated,player,player_01811,6.254416609,0.314441575,5.974389927,0.0,0.0,0.437809163,218.520310319,-0.0,285.832302142,-504.352612461,0.67448444,0,0,0.0,0,0,0,0
787,91,675.607631404,6.756076314,3.231410357,0.004782969,70,7,75,0,0,9,6.272967237,3.260344732,3.012622505,3.647925,0.480255,0.498796,14.659187088,0.9,True,activated,player,player_01723,6.272967237,0.184972622,3.514479817,0.0,0.0,0.439107707,218.705282941,0.0,285.393194435,-504.098477376,0.675607631,0,0,0.0,0,0,0,0
788,91,673.187855704,6.731878557,3.577596272,0.00531441,60,6,65,0,0,9,5.486398995,4.664158302,0.822240693,3.888516,0.445657,0.504157,16.212532369,0.9,True,activated,player,player_01067,5.486398995,0.277117592,5.265234245,0.0,0.0,0.38404793,218.982400533,-0.0,285.009146505,-503.991547038,0.673187856,0,0,0.0,0,0,0,0
789,92,562.924280648,5.629242806,3.324011585,0.0059049,50,5,55,0,0,11,10.402079209,3.735310023,6.666769186,6.890998,0.223665,0.383703,10.319066396,0.9,True,activated,player,player_00734,10.402079209,0.49429979,9.391696016,0.0,0.0,0.394046996,219.476700323,0.0,284.615099509,-504.091799832,0.562924281,0,2,114.13189776,0,0,0,0
790,92,563.029902493,5.630299025,3.69403919,0.006561,40,4,45,0,0,7,10.670556486,4.540360023,6.130196463,3.039106,0.503382,0.551394,12.902188036,0.9,True,activated,player,player_01632,10.670556486,0.504294434,9.58159424,0.0,0.0,0.394120932,219.980994757,0.0,284.220978577,-504.201973334,0.563029902,0,1,0.964788518,0,0,0,0
791,90,559.465601679,5.594656017,4.531671374,0.0081,20,2,25,0,0,3,4.71436011,4.71436011,0,2.048202,0.591729,0.368696,1.800385007,0.9,True,activated,player,player_00981,4.71436011,0.165100516,3.136909808,0.0,0.0,0.330005208,220.146095273,-0.0,283.890973369,-504.037068643,0.559465602,0,0,0.0,0,0,0,0
792,89,554.482295225,5.544822952,2.946746255,0.00531441,60,6,65,0,0,9,5.199140703,4.297304475,0.901836228,5.63258,0.313503,0.404633,9.901384093,0.9,True,activated,player,player_00635,5.199140703,0.196656705,3.736477388,0.0,0.0,0.363939849,220.342751978,0.0,283.52703352,-503.869785498,0.554482295,0,1,9.878340286,0,0,0,0
793,90,559.030208979,5.59030209,3.301017481,0.0059049,50,5,55,0,0,6,7.665536174,7.665536174,0,2.834228,0.532385,0.528099,7.057447588,0.9,True,activated,player,player_00870,7.665536174,0.340277609,6.465274562,0.0,0.0,0.391321146,220.683029586,-0.0,283.135712374,-503.81874196,0.559030209,0,1,3.310728001,0,0,0,0
794,90,563.258410909,5.632584109,4.106153816,0.00729,30,3,35,0,0,6,7.721230982,5.02492282,2.696308162,4.173978,0.298865,0.35862,7.242544285,0.9,True,activated,player,player_01833,7.721230982,0.291338729,5.53543585,0.0,0.0,0.394280888,220.974368315,0.0,282.741431486,-503.715799801,0.563258411,0,1,0.658756673,1,1.772204948,5,0
795,88,558.991702836,5.589917028,4.075049514,0.00729,30,3,35,0,0,9,11.664607111,6.593898361,5.07070875,5.129775,0.316906,0.473555,10.820486011,0.9,True,activated,player,player_00506,11.664607111,0.417965727,7.941348812,0.0,0.0,0.391294192,221.392334042,-0.0,282.350137294,-503.742471336,0.558991703,0,0,0.0,0,0,0,0
796,86,555.671377675,5.556713777,4.050844343,0.00729,30,3,35,0,0,8,8.636395147,5.53169653,3.104698617,2.848721,0.541278,0.603779,22.989925268,0.9,True,activated,staker,staker_00911,8.636395147,0.431819757,2.590918544,2.590918544,5.613656846,0.0,221.824153799,-0.0,290.554712684,-512.378866483,0.555671378,0,1,1.951471333,0,0,0,0
797,86,562.082057728,5.620820577,2.688421058,0.004782969,70,7,75,0,0,11,7.658824012,3.009264232,4.64955978,4.704417,0.359559,0.56264,19.788714945,0.9,True,activated,player,player_01432,7.658824012,0.375354905,7.131743193,0.0,0.0,0.39345744,222.199508704,0.0,290.161255244,-512.360763948,0.562082058,0,1,5.324141812,0,0,0,0
798,86,577.207827172,5.772078272,3.787060554,0.006561,40,4,45,0,0,8,12.420188979,4.932697182,7.487491797,3.300926,0.476629,0.555323,16.630441062,0.9,True,activated,player,player_00903,12.420188979,0.345220737,6.559194005,0.0,0.0,0.404045479,222.544729441,0.0,289.757209765,-512.301939206,0.577207827,0,0,0.0,0,0,0,0
799,88,590.487941658,5.904879417,4.304657095,0.00729,30,3,35,0,0,5,4.49998448,4.471031097,0.028953383,2.158493,0.642042,0.561802,6.188411463,0.9,True,activated,staker,staker_01075,4.49998448,0.224999224,1.349995344,1.349995344,2.924989912,0.0,222.769728665,0.0,294.032195021,-516.801923686,0.590487942,0,1,1.159891277,0,0,0,0
800,87,592.158460795,5.921584608,4.796483532,0.0081,20,2,25,0,0,4,7.298296917,5.654089608,1.644207309,2.439312,0.564216,0.422587,3.763797121,0.9,True,activated,player,player_00563,7.298296917,0.311944846,5.926952065,0.0,0.0,0.414510923,223.081673511,-0.0,293.617684098,-516.699357609,0.592158461,0,0,0.0,0,0,0,0
801,87,590.747412595,5.907474126,4.785054042,0.0081,20,2,25,0,0,5,8.592290791,6.146308528,2.445982263,4.076793,0.296723,0.258017,3.182989672,0.9,True,activated,player,player_01282,8.592290791,0.330491802,6.279344229,0.0,0.0,0.413523189,223.412165312,0.0,293.204160909,-516.616326222,0.590747413,0,1,2.112487886,1,66.174647688,5,0
802,87,533.615246316,5.336152463,2.835850201,0.00531441,60,6,65,0,0,10,7.184626289,3.088353355,4.096272934,5.611028,0.237068,0.473297,15.508775441,0.9,True,activated,player,player_01240,7.184626289,0.362307042,6.883833804,0.0,0.0,0.373530672,223.774472355,-0.0,292.830630237,-516.605102592,0.533615246,0,1,0.839286671,0,0,0,0
803,90,593.931375412,5.939313754,3.896783754,0.006561,40,4,45,0,0,8,6.428858849,4.55149997,1.877358879,4.981468,0.369571,0.355417,9.530789095,0.9,True,activated,staker,staker_01171,6.428858849,0.321442942,1.928657655,1.928657655,4.178758252,0.0,224.095915297,-0.0,298.938046143,-523.033961441,0.593931375,0,0,0.0,0,0,0,0
804,92,604.138786664,6.041387867,3.963754579,0.006561,40,4,45,0,0,5,4.61895053,4.61895053,0,2.035436,0.660966,0.349872,3.907397256,0.9,True,activated,player,player_01747,4.61895053,0.22445913,4.264723477,0.0,0.0,0.323326537,224.320374428,0.0,298.614719606,-522.935094034,0.604138787,0,0,0.0,0,0,0,0
805,93,606.438952873,6.064389529,2.900578712,0.004782969,70,7,75,0,0,11,8.962381391,4.140552378,4.821829013,3.930202,0.455117,0.572448,18.652482929,0.9,True,activated,player,player_01340,8.962381391,0.46237979,8.785216005,0.0,0.0,0.424507267,224.782754217,-0.0,298.190212339,-522.972966557,0.606438953,0,1,2.433825033,0,0,0,0
806,92,604.940973107,6.049409731,3.214904357,0.00531441,60,6,65,1,1.491285274,6,7.043063868,7.043063868,0,2.630438,0.58477,0.481852,10.001041404,0.9,True,activated,player,player_01324,7.043063868,0.167397388,3.180550376,0.0,0.0,0.423458681,224.950151606,0.0,297.766753658,-522.716905264,0.604940973,0,0,0.0,0,0,0,0
807,94,616.478927282,6.164789273,3.640246418,0.0059049,50,5,55,0,0,10,12.096283173,3.977902604,8.118380569,5.52218,0.320184,0.46747,14.212435513,0.9,True,activated,player,player_01863,12.096283173,0.432738961,8.222040262,0.0,0.0,0.431535249,225.382890567,0.0,297.335218409,-522.718108976,0.616478927,0,0,0.0,0,0,0,0
808,94,618.754958232,6.187549582,3.288317538,0.00531441,60,6,65,0,0,12,8.615109239,7.027043911,1.588065328,2.416483,0.628976,0.66913,24.498692539,0.9,True,activated,player,player_01865,8.615109239,0.181477105,3.448064994,0.0,0.0,0.433128471,225.564367672,-0.0,296.902089938,-522.46645761,0.618754958,0,1,1.306742813,0,0,0,0
809,93,611.632751862,6.116327519,4.95422529,0.0081,20,2,25,0,0,3,5.884431358,5.884431358,0,1.566929,0.767877,0.50385,3.670032214,0.9,True,activated,player,player_01282,5.884431358,0.08889098,1.688928618,0.0,0.0,0.411910195,225.653258652,0.0,296.490179743,-522.143438395,0.611632752,0,1,4.263121094,0,0,0,0
810,92,610.047013328,6.100470133,3.602266609,0.0059049,50,5,55,0,0,7,8.497509091,4.55731383,3.940195261,3.365795,0.463688,0.524273,14.1695615,0.9,True,activated,player,player_01869,8.497509091,0.249217337,4.735129402,0.0,0.0,0.427032909,225.902475988,0.0,296.063146834,-521.965622822,0.610047013,0,0,0.0,0,0,0,0
811,92,609.503094101,6.095030941,3.239149338,0.00531441,60,6,65,0,0,9,4.192077772,3.667528014,0.524549758,5.710104,0.284986,0.397868,10.92126414,0.9,True,activated,player,player_00422,4.192077772,0.164542059,3.12629912,0.0,0.0,0.293445444,226.067018047,-0.0,295.76970139,-521.836719437,0.609503094,0,0,0.0,0,0,0,0
812,91,606.990462741,6.069904627,3.225796185,0.00531441,60,6,65,0,0,10,4.542385194,3.570883408,0.971501786,6.839604,0.256307,0.348868,12.878829343,0.9,True,activated,player,player_01872,4.542385194,0.199177239,3.784367549,0.0,0.0,0.317966964,226.266195287,-0.0,295.451734426,-521.717929713,0.606990463,0,0,0.0,0,0,0,0
813,91,584.086298358,5.840862984,4.731099017,0.0081,20,2,25,0,0,6,6.261802421,4.997458908,1.264343513,3.136407,0.511871,0.445359,7.760230076,0.9,True,activated,player,player_00727,6.261802421,0.173271441,3.292157386,0.0,0.0,0.408860409,226.439466728,0.0,295.042874017,-521.482340746,0.584086298,0,1,23.09217762,0,0,0,0
814,91,585.741786069,5.857417861,3.458746673,0.0059049,50,5,55,0,0,10,4.576053991,3.842700239,0.733353752,4.301401,0.354457,0.53776,21.973900795,0.9,True,activated,player,player_00255,4.576053991,0.230672283,4.382773368,0.0,0.0,0.320323779,226.670139011,-0.0,294.722550238,-521.392689249,0.585741786,0,0,0.0,0,0,0,0
815,89,581.323469871,5.813234699,3.432656957,0.0059049,50,5,55,0,0,7,6.224713804,5.13384044,1.090873364,5.120531,0.325366,0.318915,6.357290886,0.9,True,activated,player,player_01879,6.224713804,0.277038343,5.263728525,0.0,0.0,0.406926429,226.947177354,0.0,294.315623809,-521.262801163,0.58132347,0,2,4.148351665,1,0.577636961,5,0
816,89,583.516634944,5.835166349,3.445607378,0.0059049,60,5,65,1,0.187622296,11,6.950505711,4.296829005,2.653676706,7.357557,0.251086,0.371778,11.456922556,0.9,True,activated,player,player_01880,6.950505711,0.342499366,6.507487946,0.0,0.0,0.408461644,227.28967672,0.0,293.907162165,-521.196838884,0.583516635,0,0,0.0,0,0,0,1
817,91,588.035940656,5.880359407,4.286782007,0.00729,30,3,35,0,0,6,7.418674166,5.212068943,2.206605223,4.124683,0.341387,0.3802,6.510443284,0.9,True,activated,player,player_01702,7.418674166,0.264882935,5.03277577,0.0,0.0,0.411625158,227.554559655,0.0,293.495537006,-521.050096661,0.588035941,0,0,0.0,0,0,0,0
818,93,592.69455792,5.926945579,3.499802095,0.0059049,50,5,55,0,0,9,5.77510191,3.608506834,2.166595076,5.96397,0.26519,0.388503,13.921616257,0.9,True,activated,player,player_01887,5.77510191,0.29151572,5.538798688,0.0,0.0,0.404257134,227.846075375,-0.0,293.091279872,-520.937355248,0.592694558,0,0,0.0,0,0,0,0
819,90,523.825045325,5.238250453,3.436816122,0.006561,40,4,45,0,0,9,5.015980631,3.854479433,1.161501198,5.252617,0.319015,0.430958,10.821967171,0.9,True,activated,player,player_00212,5.015980631,0.240453055,4.568608053,0.0,0.0,0.351118644,228.086528431,0.0,292.740161228,-520.826689659,0.523825045,0,1,58.930036678,0,0,0,0
820,91,525.638435397,5.256384354,4.257671327,0.0081,20,2,25,0,0,5,14.863063217,13.424736086,1.438327131,1.389031,0.844023,0.67706,23.023653286,0.9,True,activated,player,player_01894,14.863063217,0.134311935,2.55192676,0.0,0.0,0.367946905,228.220840366,-0.0,292.372214323,-520.593054689,0.525638435,0,0,0.0,0,0,0,0
821,92,526.418847249,5.264188472,3.108450651,0.0059049,50,5,55,0,0,6,4.050343773,4.050343773,0,4.713908,0.304245,0.279241,5.06458126,0.9,True,activated,player,player_01184,4.050343773,0.176425296,3.352080615,0.0,0.0,0.283524064,228.397265661,0.0,292.088690259,-520.48595592,0.526418847,0,1,2.975601786,0,0,0,0
822,92,551.083620985,5.51083621,4.017399597,0.00729,30,3,35,0,0,5,8.312000073,5.003009642,3.308990431,3.642062,0.398098,0.338033,5.311108761,0.9,True,activated,player,player_00255,8.312000073,0.413356509,7.853773666,0.0,0.0,0.385758535,228.81062217,0.0,291.702931725,-520.513553895,0.551083621,0,0,0.0,1,0.718857274,5,0
823,90,548.127910038,5.4812791,2.621678802,0.004782969,70,7,75,0,0,12,5.45473125,3.259330634,2.195400616,8.290083,0.194909,0.354237,11.719995595,0.9,True,activated,player,player_00238,5.45473125,0.285014401,5.415273621,0.0,0.0,0.381831188,229.095636571,-0.0,291.321100537,-520.416737108,0.54812791,0,0,0.0,0,0,0,0
824,91,553.054675705,5.530546757,4.977492081,0.009,10,1,15,0,0,3,5.942776076,5.504628714,0.438147362,2.249372,0.534349,0.307081,1.631849667,0.9,True,activated,player,player_01375,5.942776076,0.157719913,2.996678338,0.0,0.0,0.387138273,229.253356484,0.0,290.933962264,-520.187318748,0.553054676,0,0,0.0,0,0,0,0
825,87,544.205627766,5.442056278,3.570533124,0.006561,40,4,45,0,0,7,4.726023187,4.515215135,0.210808052,2.292631,0.627096,0.633427,19.545056326,0.9,True,activated,player,player_01264,4.726023187,0.10465874,1.988516056,0.0,0.0,0.330821623,229.358015223,-0.0,290.603140641,-519.961155864,0.544205628,0,0,0.0,0,0,0,0
826,84,539.896636557,5.398966366,3.188035649,0.0059049,50,5,55,0,0,8,7.643756283,3.577059184,4.066697099,3.961561,0.450081,0.430707,11.720534255,0.9,True,activated,player,player_01383,7.643756283,0.36976487,7.025532523,0.0,0.0,0.377927646,229.727780093,0.0,290.225212996,-519.952993088,0.539896637,0,1,0.684258552,0,0,0,0
827,85,541.909746425,5.419097464,3.950522051,0.00729,30,3,35,0,0,5,4.861926845,4.633538805,0.22838804,2.580389,0.509445,0.514348,11.112300955,0.9,True,activated,player,player_00102,4.861926845,0.176441375,3.352386125,0.0,0.0,0.340334879,229.904221468,0.0,289.884878116,-519.789099584,0.541909746,0,0,0.0,0,0,0,0
828,85,523.254246505,5.232542465,4.709288219,0.009,10,1,15,0,0,2,7.3601172,7.3601172,0,1.146599,0.931361,0.431361,6.850053982,0.9,True,activated,player,player_00447,7.3601172,0.043573402,0.82789464,0.0,0.0,0.366277973,229.94779487,-0.0,289.518600144,-519.466395014,0.523254247,0,0,0.0,0,0,0,0
829,86,523.458119917,5.234581199,2.781871067,0.00531441,60,6,65,0,0,10,5.787563647,3.084818599,2.702745048,4.748624,0.373802,0.456901,20.300152464,0.9,True,activated,player,player_01760,5.787563647,0.199529166,3.791054147,0.0,0.0,0.366420684,230.147324036,0.0,289.15217946,-519.299503496,0.52345812,0,0,0.0,0,0,0,0
830,85,518.106444638,5.181064446,3.399296383,0.006561,40,4,45,0,0,6,6.611755387,5.834030542,0.777724845,4.418233,0.356789,0.319534,6.155503293,0.9,True,activated,player,player_01906,6.611755387,0.230771534,4.38465914,0.0,0.0,0.362674511,230.378095569,0.0,288.789504949,-519.167600518,0.518106445,0,0,0.0,0,0,0,0
831,84,493.128157009,4.93128157,3.235413838,0.006561,40,4,45,0,0,9,5.397998113,3.412993844,1.985004269,4.773012,0.332195,0.483513,14.229554432,0.9,True,activated,player,player_01404,5.397998113,0.197499893,3.752497969,0.0,0.0,0.34518971,230.575595462,-0.0,288.444315239,-519.019910701,0.493128157,0,1,1.305458658,0,0,0,0
832,83,455.089306863,4.550893069,2.687256848,0.0059049,50,5,55,0,0,9,6.058841673,4.467770768,1.591070905,4.944611,0.357074,0.44544,15.872212591,0.9,True,activated,player,player_01271,6.058841673,0.210697443,4.003251414,0.0,0.0,0.318562515,230.786292905,0.0,288.125752724,-518.912045629,0.455089307,0,0,0.0,0,0,0,0
833,85,470.893501616,4.708935016,3.089532264,0.006561,40,4,45,0,0,7,4.93933612,3.440671089,1.498665031,6.108798,0.228351,0.213726,7.454602002,0.9,True,activated,player,player_01821,4.93933612,0.207053,3.934006991,0.0,0.0,0.329625451,230.993345905,-0.0,287.796127273,-518.789473178,0.470893502,0,1,1.457539068,0,0,0,0
834,87,472.56658536,4.725665854,2.511412587,0.00531441,60,6,65,1,0.623575015,7,8.145324112,4.675013231,3.470310881,3.074832,0.426049,0.578133,24.193263259,0.9,True,activated,player,player_01918,8.145324112,0.250290492,4.755519349,0.0,0.0,0.33079661,231.243636397,0.0,287.465330663,-518.70896706,0.472566585,0,0,0.0,0,0,0,0
835,87,470.155923178,4.701559232,4.231403309,0.009,10,1,15,0,0,3,4.683119114,4.273589237,0.409529877,1.765565,0.723079,0.423754,4.414897413,0.9,True,activated,player,player_00775,4.683119114,0.081233502,1.543436541,0.0,0.0,0.327818338,231.324869899,0.0,287.137512325,-518.462382224,0.470155923,0,0,0.0,1,0.350172575,5,0
836,86,468.615695898,4.686156959,3.795787137,0.0081,20,2,25,0,0,5,8.375951633,6.173844545,2.202107088,2.271808,0.605011,0.562172,7.551990495,0.9,True,activated,player,player_01919,8.375951633,0.181821963,3.454617304,0.0,0.0,0.328030987,231.506691862,0.0,286.809481338,-518.3161732,0.468615696,0,0,0.0,1,1.721499486,5,0
837,86,469.679669393,4.696796694,2.77341148,0.0059049,50,5,55,0,0,6,3.278281474,3.278281474,0,3.345998,0.443832,0.467325,10.833027719,0.9,True,activated,player,player_01234,3.278281474,0.139068976,2.642310551,0.0,0.0,0.229479703,231.645760839,0.0,286.580001635,-518.225762473,0.469679669,0,0,0.0,0,0,0,0
838,86,483.614891513,4.836148915,3.525552559,0.00729,30,3,35,0,0,9,7.16599384,4.513685961,2.652307879,4.692719,0.39376,0.435943,12.66468656,0.9,True,activated,player,player_01926,7.16599384,0.342529837,6.508066907,0.0,0.0,0.338530424,231.988290676,0.0,286.241471211,-518.229761887,0.483614892,0,0,0.0,0,0,0,0
839,87,485.367474744,4.853674747,2.866046402,0.0059049,50,5,55,0,0,6,3.275611357,3.275611357,0,3.182441,0.482822,0.482611,10.281291069,0.9,True,activated,player,player_00892,3.275611357,0.096168329,1.827198249,0.0,0.0,0.229292795,232.084459005,-0.0,286.012178416,-518.096637421,0.485367475,0,0,0.0,0,0,0,0
840,89,489.637646092,4.896376461,4.406738815,0.009,10,1,15,0,0,2,5.523000906,5.523000906,0,1.667498,0.723272,0.223272,1.570502647,0.9,True,activated,player,player_01578,5.523000906,0.093555746,1.777559183,0.0,0.0,0.342746352,232.178014751,0.0,285.669432063,-517.847446815,0.489637646,0,0,0.0,0,0,0,0
841,89,489.29489974,4.892948997,3.566959819,0.00729,30,3,35,0,0,9,8.469950156,4.509365974,3.960584182,4.055552,0.334788,0.555119,31.9214011,0.9,True,activated,player,player_01928,8.469950156,0.421208174,8.002955312,0.0,0.0,0.34250643,232.599222926,-0.0,285.326925634,-517.926148559,0.4892949,0,0,0.0,0,0,0,0
842,90,493.949102866,4.939491029,4.939491029,0.01,0,0,5,0,0,4,8.618577944,5.420248033,3.198329911,2.166806,0.628903,0.469848,7.696724625,0.9,True,activated,player,player_00192,8.618577944,0.345248069,6.55971331,0.0,0.0,0.345764372,232.944470995,0.0,284.981161262,-517.925632256,0.493949103,0,0,0.0,0,0,0,0
843,91,495.645808436,4.956458084,3.251932149,0.006561,40,4,45,0,0,10,8.886102778,4.065423901,4.820678877,6.274289,0.218895,0.410753,14.980535836,0.9,True,activated,player,player_01812,8.886102778,0.438691648,8.335141303,0.0,0.0,0.346952066,233.383162642,0.0,284.634209196,-518.017371838,0.495645808,0,0,0.0,0,0,0,0
844,92,496.369597009,4.96369597,4.020593736,0.0081,20,2,25,0,0,5,7.264716814,6.5653707,0.699346114,1.513786,0.805815,0.643769,15.094511711,0.9,True,activated,player,player_01679,7.264716814,0.087907717,1.670246622,0.0,0.0,0.347458718,233.471070359,-0.0,284.286750478,-517.757820837,0.496369597,0,0,0.0,1,2.363957777,5,0
845,90,489.515160805,4.895151608,2.890538073,0.0059049,50,5,55,0,0,8,4.317927194,3.788809396,0.529117798,5.47674,0.305746,0.365546,7.783161834,0.9,True,activated,player,player_01160,4.317927194,0.220768102,4.194593943,0.0,0.0,0.302254904,233.691838461,0.0,283.984495574,-517.676334036,0.489515161,0,1,6.669960247,0,0,0,0
846,92,494.273382856,4.942733829,3.242927665,0.006561,40,4,45,0,0,5,4.406025148,4.406025148,0,3.612684,0.385133,0.347003,3.638516061,0.9,True,activated,player,player_00587,4.406025148,0.210412195,3.997831711,0.0,0.0,0.30842176,233.902250657,-0.0,283.676073814,-517.57832447,0.494273383,0,0,0.0,0,0,0,0
847,90,423.433677857,4.234336779,3.429812791,0.0081,20,2,25,0,0,6,4.734233894,3.543855022,1.190378872,3.319094,0.458723,0.474934,8.566545773,0.9,True,activated,player,player_00672,4.734233894,0.142946796,2.715989131,0.0,0.0,0.296403574,234.045197453,0.0,283.379670239,-517.424867692,0.423433678,0,0,0.0,0,0,0,0
848,90,417.277106177,4.172771062,2.737755094,0.006561,40,4,45,0,0,7,4.06476856,2.922251888,1.142516672,3.714416,0.449011,0.456149,6.825667129,0.9,True,activated,player,player_01898,4.06476856,0.201183762,3.822491487,0.0,0.0,0.284533799,234.246381215,-0.0,283.09513644,-517.341517656,0.417277106,0,1,6.985948694,1,3.435748307,5,0
849,87,404.894974067,4.048949741,2.656515925,0.006561,40,4,45,1,0.028641893,4,3.574663315,3.574663315,0,2.838594,0.456498,0.357145,3.460385379,0.9,True,activated,player,player_01544,3.574663315,0.131459405,2.497728704,0.0,0.0,0.250226432,234.377840621,0.0,282.844910008,-517.222750629,0.404894974,0,0,0.0,0,0,0,0
850,87,403.682285998,4.03682286,2.942843865,0.00729,30,3,35,0,0,9,9.216134583,3.341642513,5.87449207,3.923451,0.379885,0.553054,12.799681584,0.9,True,activated,player,player_01941,9.216134583,0.336737113,6.398005139,0.0,0.0,0.2825776,234.714577733,-0.0,282.562332408,-517.276910141,0.403682286,0,0,0.0,0,0,0,0
851,90,405.663397473,4.056633975,2.155861616,0.00531441,60,6,65,2,1.171339758,8,4.604534296,2.586377838,2.018156458,5.221581,0.271838,0.396002,10.996439194,0.9,True,activated,player,player_01834,4.604534296,0.213087866,4.048669454,0.0,0.0,0.283964378,234.927665599,0.0,282.27836803,-517.206033629,0.405663397,0,0,0.0,0,0,0,0
852,91,406.459741925,4.064597419,2.963091519,0.00729,30,3,35,0,0,6,5.754356982,3.298205553,2.456151429,4.774692,0.256957,0.278648,4.340859262,0.9,True,activated,player,player_00672,5.754356982,0.231482698,4.398171263,0.0,0.0,0.284521819,235.159148298,0.0,281.99384621,-517.152994508,0.406459742,0,0,0.0,0,0,0,0
853,93,407.526753624,4.075267536,3.300966704,0.0081,20,2,25,0,0,8,11.171474318,3.555751672,7.615722646,4.435891,0.284456,0.467322,18.085725355,0.9,True,activated,player,player_01949,11.171474318,0.427610987,8.124608759,0.0,0.0,0.285268728,235.586759285,0.0,281.708577483,-517.295336768,0.407526754,0,0,0.0,0,0,0,0
854,92,404.859673939,4.048596739,2.656284321,0.006561,40,4,45,0,0,7,3.541718332,2.876119585,0.665598747,3.467464,0.481529,0.464381,8.293263355,0.9,True,activated,player,player_01055,3.541718332,0.104210002,1.979990035,0.0,0.0,0.247920283,235.690969287,0.0,281.4606572,-517.151626486,0.404859674,0,2,4.147445891,0,0,0,0
855,93,405.652620186,4.056526202,2.957207601,0.00729,30,3,35,0,0,5,5.03535941,4.038833318,0.996526092,4.4557,0.276902,0.183781,4.120966503,0.9,True,activated,player,player_01955,5.03535941,0.216139508,4.106650645,0.0,0.0,0.283956834,235.907108794,-0.0,281.176700365,-517.08380916,0.40565262,0,0,0.0,0,0,0,0
856,93,404.964762823,4.049647628,3.280214579,0.0081,20,2,25,0,0,8,15.206865903,6.091837956,9.115027947,3.966194,0.36427,0.518375,11.336485503,0.9,True,activated,player,player_00723,15.206865903,0.764349616,14.522642713,0.0,0.0,0.283475334,236.671458411,0.0,280.893225031,-517.564683442,0.404964763,0,0,0.0,0,0,0,0
857,91,399.047220181,3.990472202,2.618148812,0.006561,40,4,45,0,0,9,6.339527777,2.965177071,3.374350706,5.891211,0.283541,0.390325,10.928837787,0.9,True,activated,player,player_01390,6.339527777,0.268269733,5.097124929,0.0,0.0,0.279333054,236.939728144,-0.0,280.613891977,-517.553620121,0.39904722,0,0,0.0,0,0,0,0
858,92,405.847023283,4.058470233,2.9586248,0.00729,30,3,35,1,0.225219498,7,4.983788225,3.032854247,1.950933978,2.953847,0.527032,0.555728,14.753534269,0.9,True,activated,player,player_00093,4.983788225,0.132063187,2.509200548,0.0,0.0,0.284092916,237.071791331,0.0,280.329799061,-517.401590392,0.405847023,0,0,0.0,0,0,0,0
859,94,410.093418848,4.100934188,2.690622921,0.006561,40,4,45,0,0,5,4.463847258,4.463847258,0,3.978558,0.359444,0.283018,4.741392316,0.9,True,activated,player,player_00774,4.463847258,0.197894816,3.76000151,0.0,0.0,0.287065393,237.269686147,0.0,280.042733668,-517.312419815,0.410093419,0,0,0.0,0,0,0,0
860,94,409.806353455,4.098063535,2.688739485,0.006561,40,4,45,0,0,8,8.428947486,2.762819139,5.666128347,4.094004,0.398153,0.486849,15.17085285,0.9,True,activated,player,player_01288,8.428947486,0.416077235,7.90546746,0.0,0.0,0.286864447,237.685763382,-0.0,279.75586922,-517.441632602,0.409806353,0,0,0.0,0,0,0,0
861,97,419.522162653,4.195221627,3.058316566,0.00729,30,3,35,0,0,7,5.62420647,3.227573835,2.396632635,6.114364,0.221743,0.214938,5.499996631,0.9,True,activated,player,player_01058,5.62420647,0.264305881,5.021811739,0.0,0.0,0.293665514,237.950069263,0.0,279.462203707,-517.412272969,0.419522163,0,0,0.0,0,0,0,0
862,101,434.135596608,4.341355966,3.164848499,0.00729,30,3,35,0,0,6,5.211768774,3.451372539,1.760396235,3.549525,0.408987,0.455154,9.129487333,0.9,True,activated,player,player_00671,5.211768774,0.169205931,3.21491268,0.0,0.0,0.303894918,238.119275193,-0.0,279.158308789,-517.277583982,0.434135597,0,0,0.0,0,0,0,0
863,101,433.83170169,4.338317017,3.514036784,0.0081,20,2,25,0,0,3,9.191906948,9.191906948,0,1.562691,0.776754,0.494314,4.271182964,0.9,True,activated,player,player_00456,9.191906948,0.117786819,2.237949556,0.0,0.0,0.303682191,238.237062012,0.0,278.854626598,-517.09168861,0.433831702,0,0,0.0,0,0,0,0
864,100,425.112912127,4.251129121,2.510249235,0.0059049,50,5,55,0,0,6,2.67404837,2.67404837,0,3.643605,0.394235,0.42328,9.634098284,0.9,True,activated,player,player_01946,2.67404837,0.102427547,1.946123392,0.0,0.0,0.187183386,238.339489559,0.0,278.667443212,-517.006932771,0.425112912,0,0,0.0,1,1.801683217,5,0
865,100,430.280779073,4.302807791,3.136746879,0.00729,30,3,35,0,0,6,8.614068173,4.241729596,4.372338577,3.170417,0.461785,0.496879,11.446629622,0.9,True,activated,player,player_00379,8.614068173,0.24687066,4.690542535,0.0,0.0,0.301196545,238.586360219,-0.0,278.366246666,-516.952606885,0.430280779,0,0,0.0,0,0,0,0
866,102,433.407049563,4.334070496,3.159537391,0.00729,30,3,35,0,0,7,12.36818817,4.429368748,7.938819422,2.563255,0.582137,0.607392,12.506404001,0.9,True,activated,player,player_00049,12.36818817,0.273579852,5.198017192,0.0,0.0,0.303384935,238.859940071,-0.0,278.062861732,-516.922801803,0.43340705,0,2,4.276563095,0,0,0,0
867,104,439.074737486,4.390747375,3.200854836,0.00729,30,3,35,0,0,8,11.356402867,4.222739014,7.133663853,2.424679,0.534718,0.695182,45.036985242,0.9,True,activated,player,player_01526,11.356402867,0.384196415,7.299731892,0.0,0.0,0.307352316,239.244136486,0.0,277.755509416,-516.999645902,0.439074737,0,0,0.0,0,0,0,0
868,108,464.524070683,4.645240707,3.386380475,0.00729,30,3,35,0,0,6,4.997674227,4.119845368,0.877828859,3.563997,0.452578,0.415827,7.966925313,0.9,True,activated,staker,staker_00738,4.997674227,0.249883711,1.499302268,1.499302268,3.248488248,0.0,239.494020197,0.0,282.503299931,-521.997320129,0.464524071,0,0,0.0,0,0,0,0
869,111,478.559793373,4.785597934,2.825847724,0.0059049,50,5,55,0,0,9,4.037650796,3.056211123,0.981439673,4.100791,0.430335,0.490357,18.123586723,0.9,True,activated,player,player_01976,4.037650796,0.186148342,3.53681849,0.0,0.0,0.282635556,239.680168539,-0.0,282.220664375,-521.900832915,0.478559793,0,0,0.0,0,0,0,0
870,113,479.378466288,4.793784663,3.882965577,0.0081,20,2,25,0,0,7,10.644026936,7.349575347,3.294451589,2.404802,0.60672,0.609519,17.325289785,0.9,True,activated,player,player_01557,10.644026936,0.444445951,8.444473065,0.0,0.0,0.335564926,240.12461449,-0.0,281.885099449,-522.009713939,0.479378466,0,0,0.0,0,0,0,0
871,114,479.084871557,4.790848716,3.143275842,0.006561,50,4,55,1,0.194453613,10,6.334740165,4.329072423,2.005667742,4.147605,0.432748,0.526548,20.38575895,0.9,True,activated,player,player_00714,6.334740165,0.29492002,5.603480378,0.0,0.0,0.33535941,240.41953451,0.0,281.549740039,-521.969274549,0.479084872,0,1,1.63668299,0,0,0,1
872,112,467.690823147,4.676908231,2.761667542,0.0059049,50,5,55,0,0,10,11.412600721,3.387385754,8.025214967,4.810544,0.306102,0.517899,15.885510358,0.9,True,activated,player,player_00119,11.412600721,0.41232811,7.834234094,0.0,0.0,0.327383576,240.83186262,0.0,281.222356463,-522.054219083,0.467690823,0,3,18.06997092,0,0,0,0
873,114,475.732363388,4.757323634,3.121280036,0.006561,40,4,45,0,0,10,13.086591337,7.918310831,5.168280506,4.104898,0.422409,0.553701,16.12279791,0.9,True,activated,player,player_01362,13.086591337,0.655365111,12.451937116,0.0,0.0,0.333012654,241.487227731,-0.0,280.889343808,-522.37657154,0.475732363,0,1,3.889760964,0,0,0,0
874,112,460.002565068,4.600025651,3.353418699,0.00729,30,3,35,0,0,5,3.88566408,3.744376098,0.141287982,4.136825,0.284632,0.236026,3.017729649,0.9,True,activated,player,player_02002,3.88566408,0.158109255,3.004075841,0.0,0.0,0.271996486,241.645336986,0.0,280.617347323,-522.262684309,0.460002565,0,0,0.0,0,0,0,0
875,110,437.592912561,4.375929126,2.583942389,0.0059049,50,5,55,0,0,11,8.029132331,2.718758818,5.310373513,5.725597,0.357219,0.386976,14.147520038,0.9,True,activated,staker,staker_01195,8.029132331,0.401456617,2.408739699,2.408739699,5.218936015,0.0,242.046793603,-0.0,288.245023037,-530.29181664,0.437592913,0,1,3.000725565,0,0,0,0
876,110,446.982286396,4.469822864,2.639385703,0.0059049,50,5,55,0,0,8,8.893651681,3.776112198,5.117539483,2.614976,0.558302,0.651588,37.677588049,0.9,True,activated,player,player_01807,8.893651681,0.212059796,4.029136127,0.0,0.0,0.3128876,242.258853399,0.0,287.932135437,-530.190988836,0.446982286,0,1,1.036565589,0,0,0,0
877,109,445.731351577,4.457313516,2.631999058,0.0059049,50,5,55,0,0,6,3.207352543,3.207352543,0,4.506404,0.284756,0.318873,4.431766705,0.9,True,activated,player,player_01251,3.207352543,0.130791118,2.485031242,0.0,0.0,0.224514678,242.389644517,0.0,287.707620759,-530.097265276,0.445731352,0,0,0.0,0,0,0,0
878,109,443.008840195,4.430088402,3.229534445,0.00729,30,3,35,0,0,6,4.520997372,4.085636322,0.43536105,4.331313,0.351611,0.336553,4.958357803,0.9,True,activated,player,player_01926,4.520997372,0.16207359,3.079398211,0.0,0.0,0.310106188,242.551718107,-0.0,287.397514571,-529.949232678,0.44300884,0,1,2.561007551,0,0,0,0
879,113,455.579319829,4.555793198,3.321173242,0.00729,30,3,35,0,0,4,4.862740441,4.862740441,0,2.391746,0.548288,0.439438,7.757828141,0.9,True,activated,player,player_02012,4.862740441,0.178416983,3.389922683,0.0,0.0,0.318905524,242.73013509,0.0,287.078609047,-529.808744137,0.45557932,0,0,0.0,0,0,0,0
880,109,438.496259047,4.38496259,2.58927656,0.0059049,50,5,55,0,0,6,3.070914496,3.070914496,0,4.837072,0.308015,0.26264,5.01501504,0.9,True,activated,staker,staker_01287,3.070914496,0.153545725,0.921274349,0.921274349,1.996094422,0.0,242.883680815,0.0,289.995977818,-532.879658633,0.438496259,0,1,7.489228944,0,0,0,0
881,110,441.563627818,4.415636278,2.346650159,0.00531441,60,6,65,0,0,7,2.492066107,2.492066107,0,4.515595,0.382741,0.362974,8.345675784,0.9,True,activated,player,player_01275,2.492066107,0.116723212,2.217741025,0.0,0.0,0.174444627,243.000404027,-0.0,289.82153319,-532.821937217,0.441563628,0,0,0.0,0,0,0,0
882,110,440.604128599,4.406041286,2.341550987,0.00531441,60,6,65,0,0,8,3.195847027,3.015783319,0.180063708,5.312763,0.313273,0.374211,11.241076342,0.9,True,activated,player,player_00910,3.195847027,0.15742551,2.991084699,0.0,0.0,0.223709292,243.157829537,-0.0,289.597823899,-532.755653436,0.440604129,0,0,0.0,0,0,0,0
883,111,442.633731355,4.426337314,3.226799902,0.00729,30,3,35,0,0,8,5.755034532,3.457922823,2.297111709,4.497871,0.320533,0.345415,7.3082038,0.9,True,activated,player,player_00518,5.755034532,0.211009846,4.009187082,0.0,0.0,0.309843612,243.368839384,0.0,289.287980287,-532.65681967,0.442633731,0,0,0.0,0,0,0,0
884,111,442.323887743,4.423238877,2.902087027,0.006561,40,4,45,0,0,8,5.254248624,3.427477136,1.826771488,3.998568,0.43555,0.4685,10.078556022,0.9,True,activated,player,player_00268,5.254248624,0.240372542,4.567078306,0.0,0.0,0.309626721,243.609211926,-0.0,288.978353565,-532.587565491,0.442323888,0,0,0.0,1,2.873682235,5,0
885,110,435.91122215,4.359112221,3.177792809,0.00729,30,3,35,0,0,9,8.278579116,3.576895492,4.701683624,4.7143,0.302883,0.493917,15.378366392,0.9,True,activated,player,player_01632,8.278579116,0.352937179,6.705806402,0.0,0.0,0.305137856,243.962149105,-0.0,288.67321571,-532.635364815,0.435911222,0,0,0.0,0,0,0,0
886,109,433.988808389,4.339888084,2.562660515,0.0059049,50,5,55,0,0,10,4.211935832,3.227657847,0.984277985,6.510567,0.232108,0.407141,14.097649562,0.9,True,activated,player,player_01948,4.211935832,0.176457444,3.352691434,0.0,0.0,0.294835508,244.138606549,-0.0,288.378380201,-532.516986751,0.433988808,0,0,0.0,0,0,0,0
887,110,434.074966333,4.340749663,2.847965854,0.006561,40,4,45,1,0.071921065,8,9.673702154,7.902348119,1.771354035,2.129454,0.670034,0.633215,21.731908238,0.9,True,activated,player,player_02031,9.673702154,0.174792139,3.32105065,0.0,0.0,0.303852476,244.313398689,0.0,288.074527725,-532.387926414,0.434074966,0,0,0.0,0,0,0,0
888,110,441.971769036,4.41971769,3.579971329,0.0081,20,2,25,0,0,5,11.543661481,3.982059462,7.561602019,3.538726,0.375517,0.357382,3.149542215,0.9,True,activated,player,player_02034,11.543661481,0.455314927,8.65098361,0.0,0.0,0.309380238,244.768713615,-0.0,287.765147487,-532.533861102,0.441971769,0,0,0.0,0,0,0,0
889,108,438.760559323,4.387605593,3.198564477,0.00729,30,3,35,0,0,7,5.127374164,3.216708097,1.910666067,5.513856,0.268492,0.289796,7.604934745,0.9,True,activated,player,player_02028,5.127374164,0.220666965,4.192672338,0.0,0.0,0.307132392,244.989380581,-0.0,287.458015095,-532.447395676,0.438760559,0,0,0.0,0,0,0,0
890,105,432.662130313,4.326621303,2.554826613,0.0059049,50,5,55,0,0,6,3.844890461,3.844890461,0,2.311251,0.628587,0.563547,12.277554892,0.9,True,activated,player,player_00100,3.844890461,0.084859263,1.612325997,0.0,0.0,0.269142332,245.074239844,0.0,287.188872763,-532.263112606,0.43266213,0,0,0.0,0,0,0,0
891,105,432.632643631,4.326326436,3.153891972,0.00729,30,3,35,0,0,8,7.464892524,3.290083169,4.174809355,5.301577,0.324949,0.374469,8.504747531,0.9,True,activated,player,player_01125,7.464892524,0.267101457,5.074927692,0.0,0.0,0.302842851,245.341341301,0.0,286.886029912,-532.227371213,0.432632644,0,0,0.0,0,0,0,0
892,106,433.05990218,4.330599022,3.507785208,0.0081,20,2,25,0,0,5,7.445453433,5.224772499,2.220680934,4.089701,0.3846,0.222581,4.811566757,0.9,True,activated,player,player_01173,7.445453433,0.342078722,6.499495726,0.0,0.0,0.303141932,245.683420023,-0.0,286.582887981,-532.266308004,0.433059902,0,0,0.0,0,0,0,0
893,107,438.807725674,4.388077257,2.879017488,0.006561,40,4,45,0,0,8,4.962381304,3.350791985,1.611589319,5.133564,0.351013,0.362277,8.717332717,0.9,True,activated,player,player_02042,4.962381304,0.233281062,4.432340175,0.0,0.0,0.307165408,245.916701085,0.0,286.275722573,-532.192423658,0.438807726,0,0,0.0,0,0,0,0
894,106,389.279967015,3.89279967,2.83785096,0.00729,30,3,35,0,0,9,8.019593066,3.883245582,4.136347484,5.831908,0.250875,0.409288,9.242243135,0.9,True,activated,player,player_02044,8.019593066,0.320848723,6.09612573,0.0,0.0,0.272495977,246.237549808,-0.0,286.003226596,-532.240776404,0.389279967,0,1,51.062307962,0,0,0,0
895,107,398.472017927,3.984720179,2.61437491,0.006561,40,4,45,0,0,9,4.732442114,3.185700987,1.546741127,4.877583,0.381957,0.420133,10.504024056,0.9,True,activated,player,player_00470,4.732442114,0.160189153,3.043593901,0.0,0.0,0.278930413,246.397738961,0.0,285.724296183,-532.122035144,0.398472018,0,0,0.0,0,0,0,0
896,106,389.414768162,3.894147682,2.83883366,0.00729,30,3,35,0,0,7,10.766236907,5.053837405,5.712399502,5.460646,0.247117,0.290599,8.518803398,0.9,True,activated,player,player_02051,10.766236907,0.44389575,8.434019243,0.0,0.0,0.272590338,246.84163471,-0.0,285.451705846,-532.293340556,0.389414768,0,0,0.0,0,0,0,0
897,106,389.142177824,3.891421778,2.836846476,0.00729,30,3,35,0,0,8,9.008393289,4.273559714,4.734833575,5.623195,0.327312,0.301118,8.330188533,0.9,True,activated,player,player_02054,9.008393289,0.406030958,7.714588196,0.0,0.0,0.272399524,247.247665668,-0.0,285.179306321,-532.426971989,0.389142178,0,0,0.0,0,0,0,0
898,106,383.737152354,3.837371524,3.108270934,0.0081,20,2,25,0,0,7,4.782832494,3.664893982,1.117938512,3.920627,0.417158,0.447299,11.323301957,0.9,True,activated,player,player_02000,4.782832494,0.199759972,3.795439473,0.0,0.0,0.268616007,247.44742564,0.0,284.910690315,-532.358115955,0.383737152,0,1,2.573551288,0,0,0,0
899,104,371.568264258,3.715682643,1.974666099,0.00531441,60,6,65,1,0.976870351,7,2.95606822,2.402488977,0.553579243,5.789688,0.227102,0.256535,6.669657081,0.9,True,activated,player,player_02061,2.95606822,0.125047765,2.375907527,0.0,0.0,0.206924775,247.572473405,-0.0,284.703765539,-532.276238944,0.371568264,0,3,15.852569267,0,0,0,0
900,104,397.050104469,3.970501045,2.605045735,0.006561,40,4,45,0,0,9,5.217913663,3.299340565,1.918573098,5.455533,0.296039,0.4283,13.364305417,0.9,True,activated,player,player_02066,5.217913663,0.218589657,4.15320348,0.0,0.0,0.277935073,247.791063062,0.0,284.425830466,-532.216893528,0.397050104,0,1,0.874752609,0,0,0,0
901,107,403.101676932,4.031016769,2.380275092,0.0059049,50,5,55,0,0,10,3.982493128,2.717609053,1.264884075,4.202679,0.425996,0.528494,13.222195839,0.9,True,activated,player,player_01976,3.982493128,0.179393829,3.408482743,0.0,0.0,0.278774519,247.97045689,-0.0,284.147055947,-532.117512837,0.403101677,0,0,0.0,0,0,0,0
902,105,396.345075298,3.963450753,2.600420039,0.006561,40,4,45,0,0,7,4.21186468,3.258265227,0.953599453,5.104951,0.292604,0.342681,7.734765173,0.9,True,activated,player,player_01643,4.21186468,0.184793431,3.511075184,0.0,0.0,0.277441553,248.155250321,0.0,283.869614394,-532.024864715,0.396345075,0,0,0.0,0,0,0,0
903,108,400.574777362,4.005747774,2.628171114,0.006561,40,4,45,0,0,9,9.454860641,2.709081194,6.745779447,5.21774,0.276362,0.454475,12.505930384,0.9,True,activated,player,player_01669,9.454860641,0.458246607,8.706685531,0.0,0.0,0.280402344,248.613496928,0.0,283.58921205,-532.202708978,0.400574777,0,0,0.0,0,0,0,0
904,108,403.588583922,4.035885839,2.144835206,0.00531441,60,6,65,0,0,8,5.00999284,4.3882566,0.62173624,3.367577,0.504782,0.489761,12.141213465,0.9,True,activated,player,player_02076,5.00999284,0.138177609,2.625374564,0.0,0.0,0.282512009,248.751674537,0.0,283.306700041,-532.058374578,0.403588584,0,0,0.0,0,0,0,0
905,107,401.555793132,4.015557931,2.927341732,0.00729,30,3,35,0,0,7,7.281132774,3.45695906,3.824173714,3.506113,0.451364,0.494518,13.979075522,0.9,True,activated,player,player_01556,7.281132774,0.213788966,4.061990351,0.0,0.0,0.281089055,248.965463502,-0.0,283.025610986,-531.991074489,0.401555793,0,0,0.0,0,0,0,0
906,107,403.547380452,4.035473805,3.268733782,0.0081,20,2,25,0,0,5,9.057440152,3.849502463,5.207937689,2.786887,0.428774,0.481744,5.749871506,0.9,True,activated,player,player_02079,9.057440152,0.272816426,5.183512088,0.0,0.0,0.282483166,249.238279928,-0.0,282.74312782,-531.981407748,0.40354738,0,0,0.0,0,0,0,0
907,109,407.756410538,4.077564105,2.67528981,0.006561,40,4,45,0,0,5,2.687760019,2.687760019,0,2.050633,0.677047,0.526051,8.921535285,0.9,True,activated,player,player_00204,2.687760019,0.129956847,2.469180097,0.0,0.0,0.188143201,249.368236775,0.0,282.554984619,-531.923221394,0.407756411,0,0,0.0,0,0,0,0
908,108,405.983777714,4.059837777,2.95962174,0.00729,30,3,35,0,0,5,5.787099249,3.376241591,2.410857658,3.657949,0.416592,0.323484,5.434524267,0.9,True,activated,player,player_01645,5.787099249,0.23607484,4.485421952,0.0,0.0,0.284188644,249.604311615,0.0,282.270795974,-531.875107589,0.405983778,0,0,0.0,1,3.284172016,5,0
909,103,393.300721583,3.933007216,3.185735845,0.0081,20,2,25,0,0,5,5.863508404,5.033170369,0.830338035,1.871251,0.708396,0.597015,7.421651146,0.9,True,activated,player,player_01575,5.863508404,0.099256629,1.885875959,0.0,0.0,0.275310505,249.703568244,0.0,281.995485469,-531.699053713,0.393300722,0,1,3.849752074,0,0,0,0
910,103,393.025411078,3.930254111,2.32077575,0.0059049,50,5,55,1,0.933489007,9,3.792222997,2.405889712,1.386333285,4.738566,0.308884,0.485829,15.233851173,0.9,True,activated,player,player_00746,3.792222997,0.190974544,3.628516339,0.0,0.0,0.26545561,249.894542788,-0.0,281.730029859,-531.624572648,0.393025411,0,0,0.0,0,0,0,0
911,102,387.74072507,3.877407251,2.289570207,0.0059049,50,5,55,0,0,9,5.735181227,2.362570548,3.372610679,5.187231,0.321921,0.451222,12.049800884,0.9,True,activated,player,player_02090,5.735181227,0.208016154,3.952306929,0.0,0.0,0.271418508,250.102558943,-0.0,281.458611352,-531.561170294,0.387740725,0,0,0.0,0,0,0,0
912,100,373.780614523,3.737806145,2.72486068,0.00729,30,3,35,0,0,5,3.845928982,3.581311525,0.264617457,2.23484,0.628389,0.532846,13.796557864,0.9,True,activated,player,player_01968,3.845928982,0.165457447,3.143691502,0.0,0.0,0.26164643,250.26801639,-0.0,281.196964922,-531.464981312,0.373780615,0,0,0.0,1,1.636865943,5,0
913,101,379.761578761,3.797615788,2.768461909,0.00729,30,3,35,0,0,7,11.107413522,3.093258878,8.014154644,3.701047,0.361719,0.499602,9.340141121,0.9,True,activated,player,player_02093,11.107413522,0.383044086,7.27783764,0.0,0.0,0.265833105,250.651060476,0.0,280.931131816,-531.582192293,0.379761579,0,0,0.0,0,0,0,0
914,101,382.094625019,3.82094625,2.785469816,0.00729,30,3,35,0,0,7,8.176078562,3.11012676,5.065951802,4.948146,0.273703,0.357454,5.085886024,0.9,True,activated,player,player_02095,8.176078562,0.321209304,6.102976785,0.0,0.0,0.267466238,250.972269781,-0.0,280.663665579,-531.63593536,0.382094625,0,0,0.0,0,0,0,0
915,104,393.9773886,3.939773886,3.191216848,0.0081,20,2,25,0,0,3,3.465181393,3.465181393,0,2.573561,0.452116,0.205794,1.563234491,0.9,True,activated,player,player_01710,3.465181393,0.107053981,2.034025638,0.0,0.0,0.242562698,251.079323762,0.0,280.421102881,-531.500426643,0.393977389,0,0,0.0,0,0,0,0
916,103,390.80104753,3.908010475,2.564045673,0.006561,40,4,45,0,0,5,3.134163218,3.134163218,0,2.721103,0.559317,0.429159,7.057774908,0.9,True,activated,player,player_00504,3.134163218,0.141984176,2.697699346,0.0,0.0,0.219391425,251.221307938,0.0,280.201711456,-531.423019394,0.390801048,0,0,0.0,0,0,0,0
917,101,386.096407895,3.860964079,3.127380904,0.0081,20,2,25,0,0,8,16.015602139,4.346237503,11.669364636,3.55178,0.462581,0.536461,15.176258996,0.9,True,activated,player,player_01955,16.015602139,0.772386757,14.675348386,0.0,0.0,0.270267486,251.993694695,0.0,279.931443971,-531.925138666,0.386096408,0,1,4.0011119,0,0,0,0
918,102,405.217041147,4.052170411,2.95403223,0.00729,30,3,35,0,0,8,9.459769479,6.755200462,2.704569017,3.906559,0.445305,0.45656,11.587810745,0.9,True,activated,player,player_00374,9.459769479,0.276546764,5.254388509,0.0,0.0,0.283651929,252.270241459,0.0,279.647792042,-531.918033501,0.405217041,0,0,0.0,0,0,0,0
919,100,391.445934498,3.914459345,2.853640862,0.00729,30,3,35,0,0,6,5.489012547,4.855283459,0.633729088,2.972424,0.440604,0.520312,12.28739599,0.9,True,activated,player,player_01054,5.489012547,0.189437274,3.599308197,0.0,0.0,0.274012154,252.459678732,-0.0,279.373779888,-531.83345862,0.391445934,0,2,13.48745472,0,0,0,0
920,100,387.944072014,3.87944072,2.828112285,0.00729,30,3,35,0,0,9,10.05897439,3.55736959,6.5016048,4.297288,0.410371,0.484925,13.797141142,0.9,True,activated,player,player_01243,10.05897439,0.419849792,7.977146055,0.0,0.0,0.27156085,252.879528525,-0.0,279.102219037,-531.981747562,0.387944072,0,0,0.0,0,0,0,0
921,99,383.236771532,3.832367715,2.793796064,0.00729,30,3,35,0,0,4,3.080460433,3.080460433,0,2.992578,0.450104,0.322883,3.263221885,0.9,True,activated,player,player_02028,3.080460433,0.095478225,1.814086267,0.0,0.0,0.21563223,252.975006749,-0.0,278.886586807,-531.861593556,0.383236772,0,0,0.0,0,0,0,0
922,99,383.488285293,3.834882853,1.83421258,0.004782969,70,7,75,0,0,12,11.279124895,2.597303569,8.681821326,4.307392,0.384203,0.620871,32.727195546,0.9,True,activated,player,player_00049,11.279124895,0.360704625,6.85338787,0.0,0.0,0.2684418,253.335711374,0.0,278.618145007,-531.953856381,0.383488285,0,1,1.201687754,0,0,0,0
923,99,388.262377196,3.882623772,3.494361395,0.009,10,1,15,0,0,7,9.643580974,4.492411541,5.151169433,4.168201,0.413672,0.389208,6.554495047,0.9,True,activated,player,player_02093,9.643580974,0.296304152,5.629778889,0.0,0.0,0.271783664,253.632015526,0.0,278.346361343,-531.978376869,0.388262377,0,0,0.0,0,0,0,0
924,100,366.71289198,3.66712892,2.970374425,0.0081,20,2,25,0,0,5,4.599665882,3.240637499,1.359028383,2.916943,0.527579,0.399957,9.111464866,0.9,True,activated,player,player_01338,4.599665882,0.121483907,2.308194234,0.0,0.0,0.256699024,253.753499433,-0.0,278.089662319,-531.843161752,0.366712892,0,0,0.0,0,0,0,0
925,101,369.613846126,3.696138461,2.993872154,0.0081,20,2,25,0,0,8,8.23638925,4.767628595,3.468760655,4.833245,0.324061,0.430887,12.632874369,0.9,True,activated,player,player_02112,8.23638925,0.327382381,6.220265245,0.0,0.0,0.258729692,254.080881814,0.0,277.830932627,-531.911814441,0.369613846,0,0,0.0,0,0,0,0
926,101,369.355116434,3.693551164,2.991776443,0.0081,20,2,25,0,0,4,3.517385358,3.285256291,0.232129067,2.239541,0.620511,0.447493,6.794464055,0.9,True,activated,player,player_02115,3.517385358,0.149495956,2.840423163,0.0,0.0,0.246216975,254.23037777,-0.0,277.584715652,-531.815093422,0.369355116,0,0,0.0,0,0,0,0
927,102,367.961231219,3.679612312,2.414193638,0.006561,40,4,45,0,0,7,8.011893633,4.483915255,3.527978378,5.352695,0.243224,0.308548,7.112766882,0.9,True,activated,player,player_02118,8.011893633,0.33450874,6.355666052,0.0,0.0,0.257572862,254.56488651,0.0,277.32714279,-531.8920293,0.367961231,0,1,1.081204176,0,0,0,0
928,102,376.277476358,3.762774764,2.743062803,0.00729,30,3,35,0,0,6,3.965625893,3.540156722,0.425469171,2.404581,0.612427,0.546104,13.519047559,0.9,True,activated,staker,staker_01235,3.965625893,0.198281295,1.189687768,1.189687768,2.57765683,0.0,254.763167804,-0.0,281.094487388,-535.857655193,0.376277476,0,1,5.282884728,0,0,0,0
929,100,374.344546129,3.743445461,2.728971741,0.00729,30,3,35,0,0,6,7.500924543,6.606388182,0.894536361,2.518444,0.575048,0.572689,13.2722388,0.9,True,activated,player,player_02122,7.500924543,0.172478667,3.27709468,0.0,0.0,0.262041182,254.935646472,0.0,280.832446206,-535.768092678,0.374344546,0,2,5.700274827,0,0,0,0
930,101,381.910969421,3.819109694,2.029631475,0.00531441,60,6,65,0,0,7,2.805058867,2.805058867,0,5.464152,0.27013,0.297814,5.739955486,0.9,True,activated,staker,staker_01240,2.805058867,0.140252943,0.84151766,0.84151766,1.823288264,0.0,255.075899415,-0.0,283.497252129,-538.573151545,0.381910969,0,0,0.0,0,0,0,0
931,101,382.649097302,3.826490973,3.099457688,0.0081,20,2,25,0,0,5,9.518790485,6.16039463,3.358395855,2.443916,0.55079,0.527096,13.821338097,0.9,True,activated,player,player_02124,9.518790485,0.474925983,9.023593677,0.0,0.0,0.267854368,255.550825398,0.0,283.229397761,-538.780223159,0.382649097,0,0,0.0,0,0,0,0
932,102,390.958575319,3.909585753,2.850088014,0.00729,30,3,35,0,0,5,4.191676593,3.79008577,0.401590823,3.564007,0.421505,0.343948,4.817632786,0.9,True,activated,player,player_00774,4.191676593,0.186492499,3.543357472,0.0,0.0,0.273671003,255.737317897,-0.0,282.955726759,-538.693044655,0.390958575,0,1,0.146836262,0,0,0,0
933,100,387.304306263,3.873043063,2.823448393,0.00729,30,3,35,0,0,9,6.382029364,3.826722969,2.555306395,5.20379,0.328129,0.451758,9.369567908,0.9,True,activated,staker,staker_01294,6.382029364,0.319101468,1.914608809,1.914608809,4.148319087,0.0,256.056419365,-0.0,289.018654654,-545.075074019,0.387304306,0,1,1.485042044,0,0,0,0
934,100,403.605822314,4.036058223,3.269207161,0.0081,20,2,25,0,0,6,7.313033951,3.365919763,3.947114188,4.700088,0.304204,0.298574,5.278553907,0.9,True,activated,player,player_01352,7.313033951,0.344474363,6.545012906,0.0,0.0,0.282524076,256.400893728,0.0,288.736130579,-545.137024307,0.403605822,0,1,1.119189997,0,0,0,0
935,100,404.359472672,4.043594727,2.38770225,0.0059049,50,5,55,1,0.713638698,6,3.527374984,2.810424882,0.716950102,4.592963,0.315545,0.311168,5.241592481,0.9,True,activated,player,player_00319,3.527374984,0.133062246,2.528182677,0.0,0.0,0.246916249,256.533955975,0.0,288.48921433,-545.023170304,0.404359473,0,0,0.0,0,0,0,0
936,102,405.832306235,4.058323062,4.058323062,0.01,0,0,5,0,0,3,8.638284915,7.545413339,1.092871576,1.296819,0.873485,0.545699,12.758722953,0.9,True,activated,player,player_02132,8.638284915,0.06884771,1.308106481,0.0,0.0,0.284082614,256.602803684,-0.0,288.205131715,-544.8079354,0.405832306,0,0,0.0,0,0,0,0
937,100,394.87221957,3.948722196,3.198464979,0.0081,20,2,25,0,0,3,4.919775366,4.919775366,0,2.075927,0.610101,0.363021,2.143682085,0.9,True,activated,player,player_01482,4.919775366,0.18002772,3.420526687,0.0,0.0,0.276410554,256.782831404,-0.0,287.928721162,-544.711552566,0.39487222,0,1,1.394420381,0,0,0,0
938,101,396.360890457,3.963608905,2.600523802,0.006561,40,4,45,0,0,7,10.569672669,3.186926165,7.382746504,2.25476,0.636481,0.621559,21.547475489,0.9,True,activated,player,player_01463,10.569672669,0.451663393,8.581604462,0.0,0.0,0.277452623,257.234494797,0.0,287.651268538,-544.885763336,0.39636089,0,0,0.0,0,0,0,0
939,104,410.142244748,4.101422447,2.989936964,0.00729,30,3,35,0,0,8,9.274419751,6.750496886,2.523922865,3.544803,0.460926,0.540531,16.199119504,0.9,True,activated,player,player_01547,9.274419751,0.26433499,5.022364809,0.0,0.0,0.287099571,257.498829787,-0.0,287.364168967,-544.862998754,0.410142245,0,0,0.0,1,3.213798855,5,0
940,103,406.643595981,4.06643596,2.964431815,0.00729,30,3,35,0,0,5,4.082422397,2.971560658,1.110861739,3.795651,0.378261,0.308251,4.772727966,0.9,True,activated,player,player_01160,4.082422397,0.182105904,3.460012182,0.0,0.0,0.284650517,257.680935691,0.0,287.07951845,-544.760454141,0.406643596,0,0,0.0,0,0,0,0
941,102,401.578484701,4.015784847,2.634756438,0.006561,40,4,45,0,0,9,9.734155863,3.225857842,6.508298021,5.343257,0.317778,0.443945,10.577863966,0.9,True,activated,player,player_00671,9.734155863,0.346098155,6.575864946,0.0,0.0,0.281104939,258.027033847,-0.0,286.798413511,-544.825447357,0.401578485,0,0,0.0,0,0,0,0
942,103,405.708299063,4.057082991,2.9576135,0.00729,30,3,35,0,0,6,8.964677742,4.936061505,4.028616237,3.334501,0.409605,0.485423,13.881158303,0.9,True,activated,player,player_01527,8.964677742,0.326882155,6.210760943,0.0,0.0,0.283995809,258.353916001,-0.0,286.514417701,-544.868333703,0.405708299,0,0,0.0,0,0,0,0
943,104,409.580913816,4.095809138,3.317605402,0.0081,20,2,25,0,0,5,4.45386504,3.788915203,0.664949837,2.185601,0.648954,0.511332,8.055959618,0.9,True,activated,player,player_00848,4.45386504,0.217103575,4.124967934,0.0,0.0,0.28670664,258.571019577,0.0,286.227711062,-544.798730639,0.409580914,0,0,0.0,0,0,0,0
944,105,452.47251182,4.524725118,2.404624442,0.00531441,60,6,65,0,0,7,5.80537254,5.80537254,0,2.027119,0.683898,0.634569,30.279547933,0.9,True,activated,player,player_02147,5.80537254,0.107590889,2.044226885,0.0,0.0,0.316730758,258.678610466,0.0,285.910980303,-544.589590769,0.452472512,0,1,0.701204991,0,0,0,0
945,104,447.995500237,4.479955002,2.939298477,0.006561,40,4,45,0,0,5,3.079698696,3.079698696,0,2.769772,0.532269,0.461593,5.775682973,0.9,True,activated,player,player_01565,3.079698696,0.082802445,1.573246455,0.0,0.0,0.215578909,258.761412911,-0.0,285.695401395,-544.456814305,0.4479955,0,0,0.0,0,0,0,0
946,103,443.758222754,4.437582228,3.594441604,0.0081,20,2,25,0,0,5,8.840133885,3.885623555,4.95451033,2.352932,0.491705,0.552281,13.353332296,0.9,True,activated,player,player_01282,8.840133885,0.240201531,4.563829082,0.0,0.0,0.310630756,259.001614441,-0.0,285.384770639,-544.38638508,0.443758223,0,0,0.0,1,2.847089204,5,0
947,102,443.946994298,4.439469943,3.236373588,0.00729,30,3,35,0,0,6,9.499204431,8.911511623,0.587692808,2.300893,0.622511,0.588434,17.448221487,0.9,True,activated,player,player_01869,9.499204431,0.194830362,3.701776878,0.0,0.0,0.310762896,259.196444803,-0.0,285.074007743,-544.270452546,0.443946994,0,0,0.0,1,41.121673939,5,0
948,102,405.76625374,4.057662537,3.286706655,0.0081,20,2,25,0,0,8,16.70380255,3.54032178,13.16348077,3.067377,0.52953,0.549216,17.543980003,0.9,True,activated,player,player_02154,16.70380255,0.812763599,15.442508384,0.0,0.0,0.284036378,260.009208402,0.0,284.789971365,-544.799179768,0.405766254,0,0,0.0,0,0,0,0
949,102,403.871239667,4.038712397,2.944221337,0.00729,30,3,35,0,0,4,3.113916816,3.113916816,0,1.67208,0.742837,0.592583,17.262062136,0.9,True,activated,player,player_01839,3.113916816,0.050937879,0.967819699,0.0,0.0,0.217974177,260.060146281,-0.0,284.571997188,-544.632143469,0.40387124,0,0,0.0,0,0,0,0
950,103,405.335121357,4.053351214,2.659403731,0.006561,40,4,45,0,0,9,15.473659083,4.115029338,11.358629745,3.510807,0.483828,0.550525,19.221790702,0.9,True,activated,player,player_02162,15.473659083,0.41354032,7.857266078,0.0,0.0,0.283734585,260.473686601,0.0,284.288262603,-544.761949204,0.405335121,0,1,5.695942722,0,0,0,0
951,102,403.153214855,4.031532149,2.645088243,0.006561,40,4,45,0,0,9,5.87272394,2.84011651,3.03260743,5.624739,0.308611,0.386946,11.058173504,0.9,True,activated,player,player_02164,5.87272394,0.281674762,5.351820476,0.0,0.0,0.28220725,260.755361363,0.0,284.006055353,-544.761416716,0.403153215,0,0,0.0,0,0,0,0
952,102,405.858359428,4.058583594,2.95870744,0.00729,30,3,35,0,0,7,7.353894199,3.518511592,3.835382607,4.150067,0.372349,0.446052,7.283297845,0.9,True,activated,staker,staker_01382,7.353894199,0.36769471,2.20616826,2.20616826,4.780031229,0.0,261.123056073,-0.0,290.992254842,-552.115310915,0.405858359,0,0,0.0,0,0,0,0
953,101,403.404429823,4.034044298,2.646736464,0.006561,40,4,45,0,0,10,11.078801527,3.031610313,8.047191214,5.488604,0.313114,0.455608,17.335089648,0.9,True,activated,player,player_02051,11.078801527,0.394612811,7.497643412,0.0,0.0,0.282383101,261.517668884,-0.0,290.709871741,-552.227540625,0.40340443,0,0,0.0,0,0,0,0
954,100,399.469268042,3.99469268,2.620917868,0.006561,40,4,45,0,0,9,13.330484413,2.781091499,10.549392914,2.813659,0.562189,0.623562,17.311937972,0.9,True,activated,player,player_01795,13.330484413,0.64510522,12.256999183,0.0,0.0,0.279628488,262.162774104,-0.0,290.430243253,-552.593017358,0.399469268,0,0,0.0,0,0,0,0
955,99,391.009039565,3.910090396,3.519081356,0.009,10,1,15,0,0,3,7.740732693,5.855511154,1.885221539,1.742218,0.716277,0.450733,3.088632549,0.9,True,activated,player,player_01950,7.740732693,0.123496602,2.346435443,0.0,0.0,0.273706328,262.286270707,0.0,290.156536925,-552.442807632,0.39100904,0,0,0.0,0,0,0,0
956,98,386.997033024,3.86997033,2.539087534,0.006561,40,4,45,0,0,10,4.72831675,3.120544707,1.607772043,7.899556,0.202041,0.285683,10.297523764,0.9,True,activated,player,player_00585,4.72831675,0.202194959,3.841704213,0.0,0.0,0.270897923,262.488465665,-0.0,289.885639002,-552.374104668,0.386997033,0,1,0.650027474,0,0,0,0
957,98,421.194342353,4.211943424,3.070506756,0.00729,30,3,35,0,0,6,5.822291714,4.115779228,1.706512486,3.219181,0.462089,0.486827,12.252716211,0.9,True,activated,player,player_02183,5.822291714,0.296496557,5.633434576,0.0,0.0,0.29483604,262.784962222,0.0,289.590802963,-552.375765185,0.421194342,0,1,4.671515388,0,0,0,0
958,100,428.205027508,4.282050275,2.048091372,0.004782969,70,7,75,1,0.073592682,7,2.072677582,2.072677582,0,6.069138,0.208342,0.216465,4.943202547,0.9,True,activated,player,player_02184,2.072677582,0.101380797,1.926235149,0.0,0.0,0.145087431,262.886343019,-0.0,289.445715532,-552.332058551,0.428205028,0,0,0.0,0,0,0,0
959,101,434.875827059,4.348758271,2.567898271,0.0059049,50,5,55,0,0,7,5.617458836,4.101481993,1.515976843,4.683253,0.269869,0.367363,11.49871503,0.9,True,activated,player,player_00929,5.617458836,0.273497776,5.196457752,0.0,0.0,0.304413079,263.159840796,0.0,289.141302453,-552.301143249,0.434875827,0,0,0.0,0,0,0,0
960,101,434.137693373,4.341376934,2.848377406,0.006561,40,4,45,0,0,7,5.062898612,4.309228384,0.753670228,3.548304,0.472414,0.459409,7.912575811,0.9,True,activated,player,player_00507,5.062898612,0.148750646,2.826262271,0.0,0.0,0.303896385,263.308591441,-0.0,288.837406068,-552.145997509,0.434137693,0,1,2.340635356,0,0,0,0
961,100,433.197653411,4.331976534,3.158010893,0.00729,30,3,35,0,0,5,8.301624221,8.096040297,0.205583924,2.631508,0.566666,0.462564,6.403011662,0.9,True,activated,player,player_02187,8.301624221,0.195030785,3.705584909,0.0,0.0,0.303238357,263.503622226,0.0,288.53416771,-552.037789936,0.433197653,0,1,2.867928404,0,0,0,0
962,102,438.277226779,4.382772268,4.382772268,0.01,0,0,5,0,0,1,4.417257534,4.417257534,0,1.0,1.0,0.0,0.065980838,0.9,True,activated,player,player_00392,4.417257534,0.015339703,0.291454356,0.0,0.0,0.306794059,263.518961929,-0.0,288.227373652,-551.746335581,0.438277227,0,0,0.0,0,0,0,0
963,100,429.797081603,4.297970816,3.133220725,0.00729,30,3,35,0,0,7,6.671555812,3.355245934,3.316309878,3.714789,0.394429,0.499588,15.94415425,0.9,True,activated,player,player_02188,6.671555812,0.285774643,5.429718222,0.0,0.0,0.300857957,263.804736572,0.0,287.926515694,-551.731252267,0.429797082,0,1,5.228207064,0,0,0,0
964,101,430.984457648,4.309844576,2.544920124,0.0059049,50,5,55,0,0,11,10.998879203,5.944629751,5.054249452,5.51856,0.316248,0.508014,16.534887164,0.9,True,activated,player,player_02193,10.998879203,0.522716093,9.931605774,0.0,0.0,0.30168912,264.327452666,0.0,287.624826574,-551.95227924,0.430984458,0,0,0.0,0,0,0,0
965,101,436.039738502,4.360397385,4.360397385,0.01,0,0,5,0,0,4,7.065552069,5.763416414,1.302135655,1.476789,0.815706,0.579736,14.295560304,0.9,True,activated,player,player_01807,7.065552069,0.080368174,1.526995298,0.0,0.0,0.305227817,264.407820839,-0.0,287.319598757,-551.727419596,0.436039739,0,0,0.0,0,0,0,0
966,101,436.130382755,4.361303828,2.861451441,0.006561,40,4,45,0,0,9,9.638525497,8.273804514,1.364720983,2.063589,0.685146,0.648604,24.273309966,0.9,True,activated,player,player_02177,9.638525497,0.469993731,8.929880891,0.0,0.0,0.305291268,264.87781457,-0.0,287.014307489,-551.89212206,0.436130383,0,1,0.522991517,1,2.044095531,5,0
967,99,425.2410804,4.252410804,2.790006729,0.006561,40,4,45,0,0,7,6.171935299,3.310820396,2.861114903,3.665924,0.407045,0.503378,16.191525376,0.9,True,activated,player,player_01635,6.171935299,0.197867408,3.759480759,0.0,0.0,0.297668756,265.075681979,0.0,286.716638733,-551.792320712,0.42524108,0,0,0.0,0,0,0,0
968,100,424.276455452,4.242764555,2.783677824,0.006561,40,4,45,0,0,6,3.239054905,2.78923148,0.449823425,5.352113,0.249606,0.19654,5.40735383,0.9,True,activated,player,player_02109,3.239054905,0.150798266,2.865167057,0.0,0.0,0.226733843,265.226480245,-0.0,286.48990489,-551.716385135,0.424276455,0,0,0.0,0,0,0,0
969,102,436.907047643,4.369070476,3.185052377,0.00729,30,3,35,0,0,6,4.132623304,3.459252619,0.673370685,2.455836,0.611693,0.500274,10.911290601,0.9,True,activated,player,player_01668,4.132623304,0.094700563,1.799310704,0.0,0.0,0.289283631,265.321180808,0.0,286.200621258,-551.521802067,0.436907048,0,0,0.0,0,0,0,0
970,101,434.479448258,4.344794483,3.519283531,0.0081,20,2,25,0,0,3,3.860437633,3.860437633,0,1.373702,0.837609,0.218201,0.263572985,0.9,True,activated,player,player_00787,3.860437633,0.044856493,0.85227337,0.0,0.0,0.270230634,265.366037301,-0.0,285.930390624,-551.296427925,0.434479448,0,0,0.0,0,0,0,0
971,102,445.092751712,4.450927517,3.605251289,0.0081,20,2,25,0,0,4,5.550125287,5.327153594,0.222971693,1.660044,0.760486,0.558167,10.613987067,0.9,True,activated,player,player_01698,5.550125287,0.082044898,1.55885306,0.0,0.0,0.311564926,265.448082199,0.0,285.618825698,-551.066907897,0.445092752,0,0,0.0,0,0,0,0
972,103,446.979542908,4.469795429,2.639369503,0.0059049,50,5,55,0,0,6,3.114418159,3.114418159,0,2.494522,0.603267,0.503833,13.822789926,0.9,True,activated,staker,staker_01401,3.114418159,0.155720908,0.934325448,0.934325448,2.024371803,0.0,265.603803107,0.0,288.577522949,-554.181326056,0.446979543,0,0,0.0,1,0.170679007,5,0
973,103,446.836755666,4.468367557,2.931695954,0.006561,40,4,45,0,0,5,3.331379923,3.331379923,0,3.798879,0.389623,0.303728,4.274039516,0.9,True,activated,player,player_00778,3.331379923,0.15260775,2.899547257,0.0,0.0,0.233196595,265.756410858,-0.0,288.344326354,-554.100737212,0.446836756,0,1,8.009244466,0,0,0,0
974,102,438.684296537,4.386842965,3.198008522,0.00729,30,3,35,0,0,9,6.233315342,3.59711449,2.636200852,5.957674,0.262859,0.395366,8.169669491,0.9,True,activated,player,player_02156,6.233315342,0.271079318,5.150507035,0.0,0.0,0.307079008,266.027490175,-0.0,288.037247347,-554.064737522,0.438684297,0,0,0.0,0,0,0,0
975,101,432.174798067,4.321747981,3.889573183,0.009,10,1,15,0,0,4,5.984701796,4.504007712,1.480694084,1.891087,0.699839,0.511853,8.937260454,0.9,True,activated,player,player_02212,5.984701796,0.104944771,1.993950649,0.0,0.0,0.302522359,266.132434946,0.0,287.734724988,-553.867159934,0.432174798,0,0,0.0,0,0,0,0
976,101,425.620123879,4.256201239,3.447523003,0.0081,20,2,25,0,0,8,9.832699021,3.481196391,6.35150263,4.630951,0.304768,0.447824,15.009144093,0.9,True,activated,player,player_02216,9.832699021,0.421744531,8.013146088,0.0,0.0,0.297934087,266.554179477,-0.0,287.436790901,-553.990970379,0.425620124,0,0,0.0,0,0,0,0
977,100,424.533443011,4.24533443,2.78536392,0.006561,40,4,45,1,0.671278018,6,4.250072382,3.839660783,0.410411599,2.858973,0.545124,0.486096,10.670371162,0.9,True,activated,staker,staker_01370,4.250072382,0.212503619,1.275021715,1.275021715,2.762547048,0.0,266.766683096,0.0,291.474359664,-558.241042761,0.424533443,0,2,2.245688484,0,0,0,0
978,102,436.606159326,4.366061593,2.57811571,0.0059049,50,5,55,0,0,8,9.309078416,3.575923596,5.73315482,3.607959,0.470319,0.509628,11.823905767,0.9,True,activated,player,player_00641,9.309078416,0.417734994,7.936964877,0.0,0.0,0.305624312,267.18441809,0.0,291.168735353,-558.353153443,0.436606159,0,1,1.444748976,0,0,0,0
979,103,456.246411973,4.56246412,2.694089438,0.0059049,50,5,55,0,0,6,4.317221225,4.317221225,0,4.122896,0.343587,0.372614,7.337841277,0.9,True,activated,player,player_02005,4.317221225,0.169222915,3.21523539,0.0,0.0,0.302205486,267.353641005,0.0,290.866529867,-558.220170872,0.456246412,0,0,0.0,0,0,0,0
980,103,455.890899542,4.558908995,3.692716286,0.0081,20,2,25,0,0,5,5.678759403,3.87501509,1.803744313,2.604752,0.531382,0.508575,8.565170731,0.9,True,activated,player,player_00107,5.678759403,0.215709355,4.098477754,0.0,0.0,0.31912363,267.569350361,0.0,290.547406237,-558.116756598,0.4558909,0,0,0.0,0,0,0,0
981,101,452.960859708,4.529608597,2.971876201,0.006561,40,4,45,0,0,6,4.124109514,3.798681662,0.325427852,1.888757,0.715425,0.587352,14.748282309,0.9,True,activated,player,player_01698,4.124109514,0.073115339,1.389191449,0.0,0.0,0.288687666,267.6424657,-0.0,290.258718571,-557.901184271,0.45296086,0,1,2.071757973,0,0,0,0
982,97,438.386075903,4.383860759,2.096787011,0.004782969,70,7,75,0,0,9,3.579808156,2.717059536,0.86274862,7.024428,0.241004,0.277628,6.800805432,0.9,True,activated,player,player_02225,3.579808156,0.148382305,2.819263802,0.0,0.0,0.250586571,267.790848005,-0.0,290.008132,-557.798980006,0.438386076,0,1,0.51279057,1,12.148507008,5,0
983,96,425.993926552,4.259939266,2.515451537,0.0059049,50,5,55,0,0,9,5.748712148,2.668789322,3.079922826,4.862229,0.284084,0.509202,10.825314074,0.9,True,activated,player,player_02228,5.748712148,0.236808829,4.499367751,0.0,0.0,0.298195749,268.027656834,0.0,289.709936252,-557.737593086,0.425993927,0,0,0.0,0,0,0,0
984,95,424.341671814,4.243416718,2.784105709,0.006561,40,4,45,0,0,7,6.196333777,4.522105262,1.674228515,4.222611,0.407535,0.388793,9.754291256,0.9,True,activated,player,player_00878,6.196333777,0.288415174,5.479888315,0.0,0.0,0.29703917,268.316072009,-0.0,289.412897081,-557.72896909,0.424341672,0,1,1.354058989,0,0,0,0
985,94,420.754625231,4.207546252,2.484513987,0.0059049,50,5,55,0,0,7,4.251357106,2.644591498,1.606765608,3.884958,0.377942,0.487553,11.956200886,0.9,True,activated,player,player_01404,4.251357106,0.184735071,3.509966347,0.0,0.0,0.294528238,268.50080708,0.0,289.118368844,-557.619175923,0.420754625,0,0,0.0,0,0,0,0
986,93,423.153867489,4.231538675,3.808384807,0.009,10,1,15,0,0,7,7.875292658,4.043021883,3.832270775,3.417415,0.480647,0.488009,9.85804664,0.9,True,activated,player,player_01655,7.875292658,0.219313192,4.166950641,0.0,0.0,0.296207707,268.720120271,-0.0,288.822161137,-557.542281408,0.423153867,0,1,1.79376165,0,0,0,0
987,92,402.964834219,4.029648342,2.937613641,0.00729,30,3,35,0,0,6,3.467702114,3.111020907,0.356681207,3.876752,0.34049,0.391683,8.791483358,0.9,True,activated,player,player_01726,3.467702114,0.126486105,2.403236001,0.0,0.0,0.242739148,268.846606377,0.0,288.579421989,-557.426028365,0.402964834,0,1,19.892825562,0,0,0,0
988,90,396.597289597,3.965972896,2.891194241,0.00729,30,3,35,0,0,7,9.105623508,7.437899729,1.667723779,3.408074,0.465382,0.510749,11.290981942,0.9,True,activated,player,player_00635,9.105623508,0.36550116,6.944522034,0.0,0.0,0.277618103,269.212107536,-0.0,288.301803886,-557.513911422,0.39659729,0,1,2.70826026,0,0,0,0
989,91,397.107464571,3.971074646,2.894913417,0.00729,30,3,35,0,0,9,6.147783357,3.289059014,2.858724343,5.531999,0.326802,0.402611,10.650476588,0.9,True,activated,player,player_00388,6.147783357,0.220832422,4.195816011,0.0,0.0,0.277975225,269.432939958,-0.0,288.023828661,-557.456768619,0.397107465,0,0,0.0,0,0,0,0
990,88,378.355109251,3.783551093,2.234149085,0.0059049,50,5,55,0,0,9,4.460484644,2.305305854,2.15517879,5.842566,0.271944,0.402735,8.185854437,0.9,True,activated,player,player_01299,4.460484644,0.190293085,3.615568614,0.0,0.0,0.264848576,269.623233043,0.0,287.758980084,-557.382213127,0.378355109,0,2,6.005319063,0,0,0,0
991,89,376.902583577,3.769025836,2.472857851,0.006561,40,4,45,0,0,6,3.349248101,3.073610053,0.275638048,4.281223,0.327532,0.3175,8.985392722,0.9,True,activated,staker,staker_01401,3.349248101,0.167462405,1.00477443,1.00477443,2.177011266,0.0,269.790695448,-0.0,290.94076578,-560.731461228,0.376902584,0,1,5.65364248,0,0,0,0
992,90,389.820448562,3.898204486,2.301850767,0.0059049,50,5,55,0,0,7,5.790727346,2.773858743,3.016868603,2.721821,0.520983,0.616589,23.555928786,0.9,True,activated,player,player_02246,5.790727346,0.273456541,5.195674274,0.0,0.0,0.272874314,270.064151989,0.0,290.667891466,-560.732043455,0.389820449,0,0,0.0,1,0.978139148,5,0
993,89,388.669539853,3.886695399,3.148223273,0.0081,20,2,25,0,0,7,5.96582215,3.660524466,2.305297684,3.924764,0.426547,0.441156,9.001278347,0.9,True,activated,player,player_00145,5.96582215,0.184659368,3.508527994,0.0,0.0,0.272068678,270.248811357,-0.0,290.395822788,-560.644634145,0.38866954,0,0,0.0,0,0,0,0
994,91,394.830860679,3.948308607,3.198129972,0.0081,20,2,25,0,0,8,8.796262995,4.289949644,4.506313351,5.594195,0.261852,0.369703,8.020850848,0.9,True,activated,player,player_02014,8.796262995,0.422163563,8.021107697,0.0,0.0,0.276381602,270.67097492,-0.0,290.119441186,-560.790416105,0.394830861,0,0,0.0,1,20.887956653,5,0
995,93,387.35928655,3.873592866,2.058586066,0.00531441,60,6,65,1,0.208690653,10,9.684927829,2.374489524,7.310438305,4.551204,0.353821,0.541331,13.857869554,0.9,True,activated,player,player_02254,9.684927829,0.464502683,8.825550973,0.0,0.0,0.271151501,271.135477602,0.0,289.848289685,-560.983767288,0.387359287,0,1,1.623551327,0,0,0,0
996,94,387.026702878,3.870267029,3.483240326,0.009,10,1,15,0,0,4,6.452809974,5.013417388,1.439392586,2.755472,0.522769,0.348376,5.118031716,0.9,True,activated,player,player_02258,6.452809974,0.167519881,3.182877742,0.0,0.0,0.270918692,271.302997484,-0.0,289.577370993,-560.880368477,0.387026703,0,0,0.0,0,0,0,0
997,90,375.790184839,3.757901848,2.739510447,0.00729,30,3,35,0,0,7,6.738840778,3.839246177,2.899594601,3.931436,0.37033,0.483332,6.315751231,0.9,True,activated,staker,staker_01347,6.738840778,0.336942039,2.021652233,2.021652233,4.380246506,0.0,271.639939523,0.0,295.979269732,-567.619209255,0.375790185,0,3,8.296752079,1,3.542781185,5,0
998,89,369.846955645,3.698469556,2.995760341,0.0081,20,2,25,0,0,3,3.293978934,3.293978934,0,2.844551,0.41633,0.124852,1.916472233,0.9,True,activated,player,player_00416,3.293978934,0.107658692,2.04551514,0.0,0.0,0.230578525,271.747598214,-0.0,295.748691207,-567.496289421,0.369846956,0,0,0.0,0,0,0,0
999,89,372.819655424,3.728196554,3.355376899,0.009,10,1,15,0,0,7,23.086805707,17.714745759,5.372059948,2.328781,0.627112,0.616905,11.976324015,0.9,True,activated,player,player_02267,23.086805707,0.443488207,8.426275937,0.0,0.0,0.260973759,272.191086421,-0.0,295.487717448,-567.678803869,0.372819655,0,0,0.0,0,0,0,0
1000,90,374.342874731,3.743428747,2.456063601,0.006561,40,4,45,0,0,5,7.181568888,7.181568888,0,1.850444,0.679062,0.642242,55.582973462,0.9,True,activated,player,player_00792,7.181568888,0.271436695,5.157297196,0.0,0.0,0.262040012,272.462523116,0.0,295.225677436,-567.688200552,0.374342875,0,0,0.0,0,0,0,0
