participant_id,mode,archetype,staker_principal,active,active_from_draw,bankroll,cumulative_pnl,wins,losses,entries,withdrawals,fees_paid,pro_rata_received
player_00001,player,persistent_player,0.0,True,1,3.354004272,-7.280170049,0,11,11,0,0.0,0.0
player_00002,player,persistent_player,0.0,True,1,8.563354396,-6.854779462,0,6,6,0,0.0,0.0
player_00003,player,persistent_player,0.0,True,1,2.391210736,-3.319149967,0,8,8,0,0.0,0.0
player_00004,player,persistent_player,0.0,True,1,13.137389043,9.020515872,1,8,9,0,0.608674992,0.0
player_00005,player,persistent_player,0.0,True,1,1.385544692,-2.807164323,0,11,11,0,0.0,0.0
player_00006,player,persistent_player,0.0,True,1,4.565978479,-5.602462702,0,10,10,1,0.0,0.0
player_00007,player,persistent_player,0.0,True,1,1.748081057,-2.412585864,0,8,8,0,0.0,0.0
player_00008,player,persistent_player,0.0,True,1,3.466409936,-3.077683282,0,6,6,0,0.0,0.0
player_00009,player,persistent_player,0.0,True,1,2.088334267,-2.631620999,0,8,8,0,0.0,0.0
player_00010,player,persistent_player,0.0,True,1,20.72096119,-1.153955739,2,7,9,0,0.66901307,0.0
player_00011,player,persistent_player,0.0,True,1,7.590012782,-3.35284188,2,8,10,0,0.40990085,0.0
player_00012,player,persistent_player,0.0,True,1,1.591718641,-1.738063487,0,7,7,0,0.0,0.0
player_00013,player,persistent_player,0.0,True,1,14.377935707,1.32310539,3,11,14,1,0.858075711,0.0
player_00014,player,persistent_player,0.0,True,1,3.032068607,-5.113861038,0,9,9,0,0.0,0.0
player_00015,player,persistent_player,0.0,True,1,4.512004975,-0.327521125,1,9,10,0,0.356622252,0.0
player_00016,player,persistent_player,0.0,True,1,13.585803885,6.941571693,3,9,12,0,0.668564565,0.0
player_00017,player,persistent_player,0.0,True,1,1.174008786,-3.430335064,0,13,13,0,0.0,0.0
player_00018,player,persistent_player,0.0,True,1,6.800300617,-2.966004177,1,7,8,0,0.297552283,0.0
player_00019,player,persistent_player,0.0,True,1,17.602822178,12.727185474,4,14,18,0,1.431090575,0.0
player_00020,player,persistent_player,0.0,True,1,1.614699153,-4.175170181,0,10,10,0,0.0,0.0
player_00021,player,persistent_player,0.0,True,1,19.731611126,-4.436437308,3,11,15,0,0.92330709,0.0
player_00022,player,persistent_player,0.0,True,1,4.077801291,1.577801291,1,14,15,0,0.215091806,0.0
player_00023,player,persistent_player,0.0,True,1,3.159943727,-3.906740368,0,9,9,0,0.0,0.0
player_00024,player,persistent_player,0.0,True,1,0.760883114,-3.677299792,0,16,16,1,0.0,0.0
player_00025,player,opportunistic_player,0.0,True,1,2.755368877,-5.565425939,0,9,9,0,0.0,0.0
player_00026,player,occasional_player,0.0,True,1,0.57502027,-2.400388315,0,14,14,0,0.0,0.0
player_00027,player,occasional_player,0.0,True,1,2.170709844,-6.119943688,0,8,8,0,0.0,0.0
player_00028,player,occasional_player,0.0,True,1,1.12458911,-3.611953511,0,10,10,1,0.0,0.0
player_00029,player,occasional_player,0.0,True,1,2.669902782,-2.447399703,0,4,4,0,0.0,0.0
player_00030,player,occasional_player,0.0,True,1,36.942487496,16.172313045,6,3,9,0,1.181542731,0.0
player_00031,player,occasional_player,0.0,True,1,11.04170324,-2.80992021,4,10,14,0,0.850133535,0.0
player_00032,player,occasional_player,0.0,True,1,0.697529414,-5.679464337,0,14,14,0,0.0,0.0
player_00033,player,occasional_player,0.0,True,1,1.102684804,-6.10946387,0,13,13,1,0.0,0.0
player_00034,player,occasional_player,0.0,True,1,10.459144136,0.673429556,3,8,11,0,0.711498263,0.0
player_00035,player,occasional_player,0.0,True,1,0.693081977,-1.105200576,0,7,7,0,0.0,0.0
player_00036,player,occasional_player,0.0,True,1,12.528692438,3.215827275,3,5,8,1,0.615213275,0.0
player_00037,player,occasional_player,0.0,True,1,0.699328879,-1.564544316,0,8,8,0,0.0,0.0
player_00038,player,occasional_player,0.0,True,1,7.315235928,4.3988951,3,6,9,1,0.726246907,0.0
player_00039,player,opportunistic_player,0.0,True,1,3.987764557,-7.827547772,0,8,8,0,0.0,0.0
player_00040,player,opportunistic_player,0.0,True,1,11.212679686,2.14838425,2,10,12,0,0.574722184,0.0
player_00041,player,occasional_player,0.0,True,1,11.426897543,-6.315739485,1,8,9,0,0.320831907,0.0
player_00042,player,occasional_player,0.0,True,1,0.458939736,-2.145531662,0,13,13,1,0.0,0.0
player_00043,player,occasional_player,0.0,True,1,0.777104987,-2.93503223,0,9,9,0,0.0,0.0
player_00044,player,occasional_player,0.0,True,1,1.406878745,-1.678930702,0,5,5,0,0.0,0.0
player_00045,player,occasional_player,0.0,True,1,4.911832508,-1.543608461,1,11,12,0,0.342663889,0.0
player_00046,player,occasional_player,0.0,True,1,12.896395382,11.743165434,3,6,9,0,1.004588028,0.0
player_00047,player,occasional_player,0.0,True,1,0.409879811,-1.547747791,0,10,10,1,0.0,0.0
player_00048,player,occasional_player,0.0,True,1,0.195820179,-0.852814618,0,11,11,0,0.0,0.0
player_00049,player,player_whale,0.0,True,1,109.849337207,-28.3505349,4,8,12,0,1.055997656,0.0
player_00050,player,occasional_player,0.0,True,1,0.852101112,-0.627481045,0,4,4,1,0.0,0.0
player_00051,player,occasional_player,0.0,True,1,1.035846185,-2.625372229,0,10,10,0,0.0,0.0
player_00052,player,occasional_player,0.0,True,1,5.852793111,-29.147206889,2,15,17,0,0.323558388,0.0
player_00053,player,occasional_player,0.0,True,1,0.726975936,-2.893265883,0,11,11,0,0.0,0.0
player_00054,player,occasional_player,0.0,True,1,9.945559071,0.134874796,3,10,13,1,0.564120834,0.0
player_00055,player,occasional_player,0.0,True,1,3.130954892,-1.668200729,1,9,10,0,0.292762799,0.0
player_00056,player,occasional_player,0.0,True,1,0.565395992,-2.368433541,0,11,11,0,0.0,0.0
player_00057,player,occasional_player,0.0,True,1,0.194992605,-1.59383382,0,14,14,0,0.0,0.0
player_00058,player,occasional_player,0.0,True,1,0.359943371,-1.163202022,0,10,10,0,0.0,0.0
player_00059,player,occasional_player,0.0,True,1,3.36512794,-6.894422671,0,8,8,0,0.0,0.0
player_00060,player,occasional_player,0.0,True,1,0.32415314,-1.697206827,0,12,12,0,0.0,0.0
player_00061,player,occasional_player,0.0,True,1,14.967581623,8.889025328,3,2,5,0,0.592590746,0.0
player_00062,player,occasional_player,0.0,True,1,0.955615164,-1.275895412,0,5,5,1,0.0,0.0
player_00063,player,occasional_player,0.0,True,1,3.460388331,-0.767227265,1,11,14,0,0.534847621,0.0
player_00064,player,opportunistic_player,0.0,True,1,26.70797192,17.515317524,5,2,7,0,1.12577261,0.0
player_00065,player,player_whale,0.0,True,1,65.605929328,14.463238034,7,6,13,0,1.68201866,0.0
player_00066,player,occasional_player,0.0,True,1,3.947860464,-0.559936184,2,8,10,0,0.312467645,0.0
player_00067,player,occasional_player,0.0,True,1,11.959218527,3.246883475,2,5,7,0,0.489411478,0.0
player_00068,player,occasional_player,0.0,True,1,0.571772401,-8.624988623,0,17,17,0,0.0,0.0
player_00069,player,opportunistic_player,0.0,True,1,11.644589867,2.475957177,3,7,10,0,0.983375521,0.0
player_00070,player,occasional_player,0.0,True,1,1.025466527,-1.766208415,0,9,9,0,0.0,0.0
player_00071,player,player_whale,0.0,True,1,102.099494939,4.181648115,5,6,11,0,1.286146257,0.0
player_00072,player,occasional_player,0.0,True,1,15.979058932,-19.020941068,1,8,9,0,0.146448824,0.0
player_00073,player,occasional_player,0.0,True,1,0.72444181,-1.026816177,0,6,6,1,0.0,0.0
player_00074,player,occasional_player,0.0,True,1,1.230955336,-2.350220045,0,7,7,0,0.0,0.0
player_00075,player,occasional_player,0.0,True,1,2.325368437,-4.561983095,0,7,7,0,0.0,0.0
player_00076,player,occasional_player,0.0,True,1,5.978538632,0.546150958,2,7,9,0,0.360522404,0.0
player_00077,player,occasional_player,0.0,True,1,5.726738556,-4.567623734,0,4,4,0,0.0,0.0
player_00078,player,player_whale,0.0,True,1,122.479880365,-9.481294064,8,5,13,0,1.452614091,0.0
player_00079,player,occasional_player,0.0,True,1,1.602315832,-4.233785629,0,8,8,1,0.0,0.0
player_00080,player,occasional_player,0.0,True,1,0.590179982,-2.812513837,0,12,12,2,0.0,0.0
player_00081,player,occasional_player,0.0,True,1,19.444804802,2.635405864,2,3,5,0,0.496152798,0.0
player_00082,player,occasional_player,0.0,True,1,0.840289184,-1.444153662,0,7,7,0,0.0,0.0
player_00083,player,occasional_player,0.0,True,1,1.310467533,-4.465920874,0,10,10,0,0.0,0.0
player_00084,player,occasional_player,0.0,True,1,0.836039298,-1.259888216,0,6,6,1,0.0,0.0
player_00085,player,occasional_player,0.0,True,1,1.309816675,-2.610108013,0,8,8,0,0.0,0.0
player_00086,player,occasional_player,0.0,True,1,0.428282281,-2.444414756,0,12,12,1,0.0,0.0
player_00087,player,opportunistic_player,0.0,True,1,1.207250726,-1.792749274,0,7,7,0,0.0,0.0
player_00088,player,opportunistic_player,0.0,True,1,9.05212713,-3.311962067,1,8,9,0,0.218575331,0.0
player_00089,player,opportunistic_player,0.0,True,1,13.4774247,-6.404528525,1,7,9,0,0.307367624,0.0
player_00090,player,occasional_player,0.0,True,1,0.580073981,-0.816989437,0,7,7,1,0.0,0.0
player_00091,player,occasional_player,0.0,True,1,0.621172278,-0.979560276,0,7,7,0,0.0,0.0
player_00092,player,occasional_player,0.0,True,1,3.192295845,-10.828845784,0,11,11,0,0.0,0.0
player_00093,player,occasional_player,0.0,True,1,16.441989925,4.535857802,2,5,7,0,0.585847845,0.0
player_00094,player,occasional_player,0.0,True,1,1.047959073,-1.619856084,0,7,7,0,0.0,0.0
player_00095,player,occasional_player,0.0,True,1,0.786998748,-1.614209916,0,8,8,0,0.0,0.0
player_00096,player,occasional_player,0.0,True,1,0.858454277,-0.991269613,0,6,6,0,0.0,0.0
player_00097,player,occasional_player,0.0,True,1,0.581817189,-2.974669633,0,12,12,0,0.0,0.0
player_00098,player,occasional_player,0.0,True,1,5.642979584,-0.919961604,1,7,8,1,0.174293,0.0
player_00099,player,occasional_player,0.0,True,1,36.169799533,1.169799533,4,4,8,0,1.252778058,0.0
player_00100,player,opportunistic_player,0.0,True,1,23.518244239,-0.535731773,2,2,4,0,0.193403655,0.0
player_00101,player,occasional_player,0.0,True,1,1.492450365,-3.034142769,1,14,15,0,0.373163869,0.0
player_00102,player,opportunistic_player,0.0,True,1,16.235628308,-20.187353206,1,8,9,0,0.176441375,0.0
player_00103,player,occasional_player,0.0,True,1,1.13388992,-1.170740881,0,5,5,0,0.0,0.0
player_00104,player,occasional_player,0.0,True,1,2.667861289,-2.029556915,0,4,4,0,0.0,0.0
player_00105,player,occasional_player,0.0,True,1,1.43076397,-3.455099241,0,9,9,0,0.0,0.0
player_00106,player,occasional_player,0.0,True,1,0.277973275,-0.876622357,0,8,8,0,0.0,0.0
player_00107,player,occasional_player,0.0,True,1,14.181862993,0.669304729,2,5,7,1,0.498222487,0.0
player_00108,player,occasional_player,0.0,True,1,1.95400698,-2.958167438,0,6,6,0,0.0,0.0
player_00109,player,occasional_player,0.0,True,1,14.088450701,-9.851243164,2,6,8,0,0.346148252,0.0
player_00110,player,occasional_player,0.0,True,1,2.682733944,-2.8136087,0,6,6,0,0.0,0.0
player_00111,player,opportunistic_player,0.0,True,1,22.891397002,9.048338089,4,8,12,0,1.055188233,0.0
player_00112,player,occasional_player,0.0,True,1,0.253066139,-1.289393226,0,11,11,0,0.0,0.0
player_00113,player,player_whale,0.0,True,1,58.804642385,-0.936526814,3,7,10,0,0.852147627,0.0
player_00114,player,player_whale,0.0,True,1,29.004902373,-5.995097627,1,4,5,0,0.173580155,0.0
player_00115,player,occasional_player,0.0,True,1,0.403712006,-3.039417383,0,13,13,0,0.0,0.0
player_00116,player,opportunistic_player,0.0,True,1,4.154743477,-3.517304778,0,4,4,0,0.0,0.0
player_00117,player,occasional_player,0.0,True,1,0.611172966,-0.520131414,0,3,3,0,0.0,0.0
player_00118,player,occasional_player,0.0,True,1,1.099381921,-1.971676742,0,7,7,0,0.0,0.0
player_00119,player,player_whale,0.0,True,1,67.614983743,2.942938062,5,9,14,0,1.613016305,0.0
player_00120,player,occasional_player,0.0,True,1,14.178742158,7.07492164,2,4,6,0,0.769985615,0.0
player_00121,player,occasional_player,0.0,True,1,13.119375405,5.426162898,2,2,4,0,0.471731863,0.0
player_00122,player,occasional_player,0.0,True,1,6.694159949,-6.06325546,0,5,5,0,0.0,0.0
player_00123,player,occasional_player,0.0,True,1,6.710776261,0.244765727,2,8,10,0,0.666125973,0.0
player_00124,player,opportunistic_player,0.0,True,1,14.074347475,5.570207567,2,4,6,0,0.457519025,0.0
player_00125,player,opportunistic_player,0.0,True,1,5.229234755,-7.850266018,0,8,8,0,0.0,0.0
player_00126,player,occasional_player,0.0,True,1,1.419588834,-3.249840914,0,7,7,0,0.0,0.0
player_00127,player,occasional_player,0.0,True,1,14.484085814,10.020174222,3,6,9,0,0.85261667,0.0
player_00128,player,occasional_player,0.0,True,1,3.711504045,-6.110817864,0,7,7,0,0.0,0.0
player_00129,player,occasional_player,0.0,True,1,3.602363586,-4.597064537,0,5,5,0,0.0,0.0
player_00130,player,occasional_player,0.0,True,1,13.511641203,5.229899605,3,5,8,0,0.61619119,0.0
player_00131,player,occasional_player,0.0,True,1,0.940212018,-2.975363056,0,9,9,0,0.0,0.0
player_00132,player,occasional_player,0.0,True,1,2.946378918,-0.693733752,0,2,2,0,0.0,0.0
player_00133,player,opportunistic_player,0.0,True,1,37.817979324,15.579669936,8,2,10,0,1.258977088,0.0
player_00134,player,opportunistic_player,0.0,True,1,2.146153449,-2.93074973,0,8,8,0,0.0,0.0
player_00135,player,opportunistic_player,0.0,True,1,3.647265338,-0.425119513,1,5,6,0,0.147471176,0.0
player_00136,player,occasional_player,0.0,True,1,1.581091747,-2.481414457,0,6,6,0,0.0,0.0
player_00137,player,occasional_player,0.0,True,1,3.288508645,-1.449774945,0,3,3,0,0.0,0.0
player_00138,player,occasional_player,0.0,True,1,31.736880818,19.759315552,3,3,6,0,1.455939628,0.0
player_00139,player,occasional_player,0.0,True,1,10.275496207,-6.80428094,1,6,7,0,0.305846974,0.0
player_00140,player,occasional_player,0.0,True,1,1.636539672,-2.640429679,0,6,6,0,0.0,0.0
player_00141,player,opportunistic_player,0.0,True,1,3.034933316,-1.343555574,0,2,2,0,0.0,0.0
player_00142,player,occasional_player,0.0,True,1,2.171704995,-5.462071295,0,9,9,0,0.0,0.0
player_00143,player,occasional_player,0.0,True,1,0.195215024,-1.708250821,0,17,17,0,0.0,0.0
player_00144,player,occasional_player,0.0,True,1,4.400434099,-4.200466511,0,5,5,0,0.0,0.0
player_00145,player,opportunistic_player,0.0,True,1,21.880212888,-0.721473853,2,3,5,2,0.387705114,0.0
player_00146,player,occasional_player,0.0,True,1,1.500109527,-3.378322694,0,7,7,0,0.0,0.0
player_00147,player,occasional_player,0.0,True,1,1.710838337,-2.079362103,0,5,5,1,0.0,0.0
player_00148,player,occasional_player,0.0,True,1,13.448003203,10.877215948,3,4,7,0,0.667392462,0.0
player_00149,player,occasional_player,0.0,True,1,16.914748925,-8.242002864,0,3,3,0,0.0,0.0
player_00150,player,occasional_player,0.0,True,1,11.101875354,8.826640855,3,9,12,0,1.116095323,0.0
player_00151,player,occasional_player,0.0,True,1,0.785044465,-1.779123264,0,8,8,0,0.0,0.0
player_00152,player,occasional_player,0.0,True,1,2.42334874,-5.555936145,0,8,8,0,0.0,0.0
player_00153,player,occasional_player,0.0,True,1,2.092414964,-3.220560914,0,8,8,0,0.0,0.0
player_00154,player,occasional_player,0.0,True,1,1.303536368,-0.806983488,0,4,4,0,0.0,0.0
player_00155,player,occasional_player,0.0,True,1,14.196072877,-2.805133404,0,1,1,0,0.0,0.0
player_00156,player,player_whale,0.0,True,1,52.414077121,17.414077121,3,1,4,0,1.081076773,0.0
player_00157,player,occasional_player,0.0,True,1,0.600191958,-1.545459931,0,9,9,0,0.0,0.0
player_00158,player,occasional_player,0.0,True,1,3.162979902,-4.403505542,0,6,6,0,0.0,0.0
player_00159,player,occasional_player,0.0,True,1,1.390428406,-1.958054653,0,5,5,0,0.0,0.0
player_00160,player,occasional_player,0.0,True,1,10.487037605,5.236770188,1,2,3,1,0.34503307,0.0
player_00161,player,occasional_player,0.0,True,1,0.791518195,-0.208481805,0,2,2,0,0.0,0.0
player_00162,player,occasional_player,0.0,True,1,0.900482983,-4.441319255,0,11,11,0,0.0,0.0
player_00163,player,opportunistic_player,0.0,True,1,1.980311621,-1.497627789,0,5,5,1,0.0,0.0
player_00164,player,occasional_player,0.0,True,1,8.170052043,4.142046542,2,9,11,0,0.846322151,0.0
player_00165,player,occasional_player,0.0,True,1,0.204830244,-0.795169756,0,10,10,0,0.0,0.0
player_00166,player,occasional_player,0.0,True,1,0.719502485,-1.964303542,0,8,8,0,0.0,0.0
player_00167,player,occasional_player,0.0,True,1,34.76094872,19.193732482,4,6,10,0,1.654071502,0.0
player_00168,player,occasional_player,0.0,True,1,4.683810246,-1.353282567,1,6,7,0,0.143211858,0.0
player_00169,player,opportunistic_player,0.0,True,1,1.167899113,-1.832100887,0,7,7,0,0.0,0.0
player_00170,player,occasional_player,0.0,True,1,1.010278103,-2.031477326,0,8,8,0,0.0,0.0
player_00171,player,occasional_player,0.0,True,1,1.946793886,-1.599118029,0,5,5,0,0.0,0.0
player_00172,player,opportunistic_player,0.0,True,1,4.388216335,0.023330452,1,4,5,0,0.130830424,0.0
player_00173,player,occasional_player,0.0,True,1,21.088119614,-1.595829414,2,5,7,1,0.337908247,0.0
player_00174,player,occasional_player,0.0,True,1,0.571981024,-1.625160595,0,9,9,0,0.0,0.0
player_00175,player,occasional_player,0.0,True,1,3.587134341,-5.773278438,0,7,7,0,0.0,0.0
player_00176,player,opportunistic_player,0.0,True,1,12.348193132,-10.347731304,1,6,7,0,0.155266498,0.0
player_00177,player,occasional_player,0.0,True,1,8.844832487,-0.592923784,1,5,6,0,0.418224432,0.0
player_00178,player,occasional_player,0.0,True,1,1.374596714,-1.283982922,0,4,4,0,0.0,0.0
player_00179,player,occasional_player,0.0,True,1,0.774620543,-0.619066514,0,4,4,0,0.0,0.0
player_00180,player,occasional_player,0.0,True,1,9.605700432,2.20904524,2,5,7,0,0.463272561,0.0
player_00181,player,occasional_player,0.0,True,1,8.042963255,-0.068005749,1,7,8,0,0.422264372,0.0
player_00182,player,occasional_player,0.0,True,1,9.754914097,5.040346217,3,8,11,0,0.958846063,0.0
player_00183,player,occasional_player,0.0,True,1,3.911234451,-0.662727621,2,10,12,0,0.354656706,0.0
player_00184,player,occasional_player,0.0,True,1,0.350540229,-0.649459771,0,8,8,0,0.0,0.0
player_00185,player,occasional_player,0.0,True,1,0.772998897,-0.227001103,0,2,2,2,0.0,0.0
player_00186,player,occasional_player,0.0,True,1,0.505288292,-0.494711708,0,5,5,0,0.0,0.0
player_00187,player,occasional_player,0.0,True,1,1.054867217,-3.178760926,0,7,7,0,0.0,0.0
player_00188,player,occasional_player,0.0,True,1,0.707571216,-1.832112427,0,8,8,1,0.0,0.0
player_00189,player,occasional_player,0.0,True,1,0.421255368,-1.515119536,0,7,7,0,0.0,0.0
player_00190,player,opportunistic_player,0.0,True,1,2.773754526,-1.404540509,1,10,11,1,0.161519426,0.0
player_00191,player,occasional_player,0.0,True,1,3.03113921,-9.115682758,0,11,11,0,0.0,0.0
player_00192,player,occasional_player,0.0,True,1,14.59285902,9.232361294,3,3,6,0,0.711865424,0.0
player_00193,player,occasional_player,0.0,True,1,3.272683563,-4.028390438,0,5,5,0,0.0,0.0
player_00194,player,occasional_player,0.0,True,1,14.405713972,11.029029371,4,1,5,0,0.638211366,0.0
player_00195,player,occasional_player,0.0,True,1,0.355373266,-1.7746977,0,10,10,0,0.0,0.0
player_00196,player,occasional_player,0.0,True,1,0.713883987,-0.79163617,0,6,6,0,0.0,0.0
player_00197,player,occasional_player,0.0,True,1,10.194597199,4.418172021,2,4,6,0,0.462696328,0.0
player_00198,player,occasional_player,0.0,True,1,1.5200805,-2.485022537,0,6,6,0,0.0,0.0
player_00199,player,occasional_player,0.0,True,1,0.884090906,-0.63786329,0,3,3,1,0.0,0.0
player_00200,player,occasional_player,0.0,True,1,0.788351401,-1.400580223,0,6,6,0,0.0,0.0
player_00201,player,occasional_player,0.0,True,1,1.542845368,-3.568520301,0,8,8,0,0.0,0.0
player_00202,player,occasional_player,0.0,True,1,0.755509521,-0.380069625,0,3,3,0,0.0,0.0
player_00203,player,opportunistic_player,0.0,True,1,27.200974891,-3.059401769,1,4,5,0,0.425137412,0.0
player_00204,player,opportunistic_player,0.0,True,1,4.427899102,1.071419762,1,4,5,0,0.129956847,0.0
player_00205,player,occasional_player,0.0,True,1,19.654669515,-3.338776299,2,2,4,0,0.272386809,0.0
player_00206,player,occasional_player,0.0,True,1,3.894587381,-2.264145485,0,4,4,0,0.0,0.0
player_00207,player,occasional_player,0.0,True,1,1.215749451,-3.613927089,0,8,8,1,0.0,0.0
player_00208,player,occasional_player,0.0,True,1,0.964445277,-1.662148204,0,6,6,0,0.0,0.0
player_00209,player,occasional_player,0.0,True,1,11.130214306,0.507145238,1,5,6,0,0.256515212,0.0
player_00210,player,occasional_player,0.0,True,1,1.220807845,-1.65518716,0,6,6,0,0.0,0.0
player_00211,player,occasional_player,0.0,True,1,0.582537429,-0.417462571,0,4,4,0,0.0,0.0
player_00212,player,occasional_player,0.0,True,1,7.205215425,3.679016945,1,2,3,0,0.240453055,0.0
player_00213,player,occasional_player,0.0,True,1,1.591921146,-2.201372802,0,7,7,0,0.0,0.0
player_00214,player,occasional_player,0.0,True,1,1.742226473,-3.243778145,0,6,6,0,0.0,0.0
player_00215,player,occasional_player,0.0,True,1,1.511082064,-1.591378073,0,6,6,0,0.0,0.0
player_00216,player,occasional_player,0.0,True,1,0.327167977,-0.950855123,0,7,7,0,0.0,0.0
player_00217,player,occasional_player,0.0,True,1,0.386950776,-0.658699587,0,7,7,0,0.0,0.0
player_00218,player,occasional_player,0.0,True,1,0.86136856,-0.904443213,0,5,5,0,0.0,0.0
player_00219,player,occasional_player,0.0,True,1,3.234602182,-9.23331885,0,10,10,0,0.0,0.0
player_00220,player,player_whale,0.0,True,1,201.305791918,20.304256712,5,2,7,0,1.330069118,0.0
player_00221,player,occasional_player,0.0,True,1,5.856770905,-3.337956232,1,6,7,0,0.10618894,0.0
player_00222,player,occasional_player,0.0,True,1,6.813172402,4.712029264,1,3,4,0,0.465406224,0.0
player_00223,player,occasional_player,0.0,True,1,6.023816654,-5.807128911,0,5,5,0,0.0,0.0
player_00224,player,occasional_player,0.0,True,1,20.585676354,8.978042535,4,3,7,0,1.147402754,0.0
player_00225,player,occasional_player,0.0,True,1,0.62143142,-0.665583254,0,5,5,0,0.0,0.0
player_00226,player,occasional_player,0.0,True,1,1.658314176,-1.95709562,0,4,4,0,0.0,0.0
player_00227,player,occasional_player,0.0,True,1,1.671824288,-2.641642308,0,6,6,0,0.0,0.0
player_00228,player,occasional_player,0.0,True,1,3.990261946,0.558598641,1,4,5,0,0.19223916,0.0
player_00229,player,occasional_player,0.0,True,1,7.870185995,3.452710666,1,3,4,0,0.266711846,0.0
player_00230,player,occasional_player,0.0,True,1,0.672072857,-1.658360233,0,8,8,0,0.0,0.0
player_00231,player,occasional_player,0.0,True,1,0.354087654,-0.645912346,0,6,6,0,0.0,0.0
player_00232,player,occasional_player,0.0,True,1,1.584889154,-1.883091755,0,4,4,0,0.0,0.0
player_00233,player,occasional_player,0.0,True,1,0.848574481,-2.157384647,0,9,9,0,0.0,0.0
player_00234,player,occasional_player,0.0,True,1,8.927417481,-4.128150645,1,5,6,0,0.257515233,0.0
player_00235,player,opportunistic_player,0.0,True,1,10.154430482,-1.807922201,0,2,2,1,0.0,0.0
player_00236,player,occasional_player,0.0,True,1,0.697301558,-1.478428093,0,7,7,0,0.0,0.0
player_00237,player,opportunistic_player,0.0,True,1,5.600916485,0.13347861,1,4,5,0,0.101705294,0.0
player_00238,player,opportunistic_player,0.0,True,1,7.199677934,2.25389806,1,6,7,0,0.285014401,0.0
player_00239,player,opportunistic_player,0.0,True,1,4.842431588,1.749368006,1,5,6,0,0.280318508,0.0
player_00240,player,occasional_player,0.0,True,1,3.097360871,-3.092335859,0,4,4,0,0.0,0.0
player_00241,player,occasional_player,0.0,True,1,1.656540683,-1.460213401,0,5,5,1,0.0,0.0
player_00242,player,occasional_player,0.0,True,1,2.788394443,-4.087295513,0,6,6,0,0.0,0.0
player_00243,player,occasional_player,0.0,True,1,6.045998939,-2.114301947,1,7,8,0,0.321489184,0.0
player_00244,player,occasional_player,0.0,True,1,0.756910854,-2.399600173,0,9,9,0,0.0,0.0
player_00245,player,occasional_player,0.0,True,1,2.523674232,-1.563893626,0,3,3,0,0.0,0.0
player_00246,player,occasional_player,0.0,True,1,1.009354059,-0.640842137,0,4,4,0,0.0,0.0
player_00247,player,opportunistic_player,0.0,True,1,4.615757958,-1.948012802,0,3,3,1,0.0,0.0
player_00248,player,opportunistic_player,0.0,True,1,1.900804171,-1.099195829,0,4,4,0,0.0,0.0
player_00249,player,opportunistic_player,0.0,True,1,6.671495547,-0.936721298,1,10,11,0,0.426138459,0.0
player_00250,player,occasional_player,0.0,True,1,16.105338589,11.993643008,3,6,9,0,1.452454082,0.0
player_00251,player,opportunistic_player,0.0,True,1,41.167993146,-3.907224651,2,2,4,0,0.284045066,0.0
player_00252,player,occasional_player,0.0,True,1,4.406901631,-1.101901358,0,2,2,0,0.0,0.0
player_00253,player,occasional_player,0.0,True,1,9.861811654,-2.353423044,1,4,5,0,0.167127979,0.0
player_00254,player,occasional_player,0.0,True,1,0.720928729,-1.112627781,0,6,6,0,0.0,0.0
player_00255,player,opportunistic_player,0.0,True,1,14.223914395,9.85753085,2,7,9,0,0.644028791,0.0
player_00256,player,occasional_player,0.0,True,1,2.04345786,-3.467539159,0,8,8,0,0.0,0.0
player_00257,player,occasional_player,0.0,True,1,1.50896515,-2.171346177,0,7,7,0,0.0,0.0
player_00258,player,occasional_player,0.0,True,1,1.580306582,-2.046343612,0,4,4,0,0.0,0.0
player_00259,player,occasional_player,0.0,True,1,8.983798112,2.162714752,2,6,8,0,0.633938372,0.0
player_00260,player,occasional_player,0.0,True,1,2.980789835,-3.907950073,0,5,5,0,0.0,0.0
player_00261,player,occasional_player,0.0,True,1,3.868582145,-9.35862327,0,7,7,0,0.0,0.0
player_00262,player,occasional_player,0.0,True,1,1.707956434,-2.746843666,0,6,6,0,0.0,0.0
player_00263,player,opportunistic_player,0.0,True,1,2.038488142,-2.788210192,0,6,6,1,0.0,0.0
player_00264,player,opportunistic_player,0.0,True,1,10.601384637,-4.313052945,0,4,4,0,0.0,0.0
player_00265,player,occasional_player,0.0,True,1,2.454479501,-1.871118052,0,4,4,0,0.0,0.0
player_00266,player,occasional_player,0.0,True,1,1.38482763,-2.703333442,0,6,6,0,0.0,0.0
player_00267,player,occasional_player,0.0,True,1,1.194297941,-2.182183034,0,6,6,0,0.0,0.0
player_00268,player,occasional_player,0.0,True,1,9.101384481,0.785295336,1,4,5,0,0.240372542,0.0
player_00269,player,occasional_player,0.0,True,1,0.482808136,-0.699636061,0,5,5,0,0.0,0.0
player_00270,player,occasional_player,0.0,True,1,0.475911805,-0.892440954,0,8,8,0,0.0,0.0
player_00271,player,opportunistic_player,0.0,True,1,19.03883215,4.639895065,1,3,4,0,0.403750648,0.0
player_00272,player,occasional_player,0.0,True,1,7.580931174,-1.221815047,0,1,1,0,0.0,0.0
player_00273,player,opportunistic_player,0.0,True,1,5.206333329,-0.948871661,0,2,2,0,0.0,0.0
player_00274,player,opportunistic_player,0.0,True,1,34.153523556,19.2014776,5,3,8,0,1.286828724,0.0
player_00275,player,occasional_player,0.0,True,1,2.468916787,-2.202051481,0,4,4,0,0.0,0.0
player_00276,player,player_whale,0.0,True,1,66.114314042,-13.999743906,0,4,4,0,0.0,0.0
player_00277,player,occasional_player,0.0,True,1,5.819017629,-5.044663227,0,4,4,0,0.0,0.0
player_00278,player,occasional_player,0.0,True,1,2.099011984,-0.194232442,0,1,1,0,0.0,0.0
player_00279,player,occasional_player,0.0,True,1,30.620337725,17.797176706,4,0,4,0,0.936693511,0.0
player_00280,player,occasional_player,0.0,True,1,1.526384846,-1.610914803,0,4,4,0,0.0,0.0
player_00281,player,occasional_player,0.0,True,1,0.864544146,-0.81438436,0,6,6,0,0.0,0.0
player_00282,player,opportunistic_player,0.0,True,1,4.488845577,-3.70768664,0,7,7,1,0.0,0.0
player_00283,player,occasional_player,0.0,True,1,1.576340062,-1.674329512,0,5,5,0,0.0,0.0
player_00284,player,occasional_player,0.0,True,1,11.986101909,-7.359525981,2,7,9,0,0.376477713,0.0
player_00285,player,occasional_player,0.0,True,1,1.334991094,-2.091868374,0,8,8,0,0.0,0.0
player_00286,player,occasional_player,0.0,True,1,0.763018824,-0.606536341,0,4,4,0,0.0,0.0
player_00287,player,occasional_player,0.0,True,1,10.142067171,4.968542841,2,2,4,0,0.323872231,0.0
player_00288,player,occasional_player,0.0,True,1,9.547298221,1.517471726,1,3,4,0,0.361180078,0.0
player_00289,player,occasional_player,0.0,True,1,5.611501227,3.323175257,1,9,10,0,0.261535264,0.0
player_00290,player,occasional_player,0.0,True,1,2.018709457,-1.937591728,0,6,6,0,0.0,0.0
player_00291,player,occasional_player,0.0,True,1,30.316414186,-4.683585814,1,2,3,0,0.247322594,0.0
player_00292,player,occasional_player,0.0,True,1,0.477388603,-0.522611397,0,6,6,0,0.0,0.0
player_00293,player,opportunistic_player,0.0,True,1,2.135723362,-0.96019526,0,4,4,0,0.0,0.0
player_00294,player,occasional_player,0.0,True,1,0.931279291,-2.277125543,0,7,7,0,0.0,0.0
player_00295,player,occasional_player,0.0,True,1,28.480051332,22.600265794,1,1,2,0,1.216682296,0.0
player_00296,player,opportunistic_player,0.0,True,1,9.970811862,2.649670954,2,4,6,0,0.327329277,0.0
player_00297,player,occasional_player,0.0,True,1,8.137504843,6.500225655,1,2,3,1,0.467487441,0.0
player_00298,player,opportunistic_player,0.0,True,1,21.79852241,-4.539968359,2,6,8,0,0.513259366,0.0
player_00299,player,occasional_player,0.0,True,1,6.953059931,-7.335835358,0,5,5,0,0.0,0.0
player_00300,player,opportunistic_player,0.0,True,1,17.218197123,-5.996919339,1,4,5,0,0.273674526,0.0
player_00301,player,occasional_player,0.0,True,1,0.799389062,-1.953272928,0,8,8,0,0.0,0.0
player_00302,player,occasional_player,0.0,True,1,0.943283613,-4.028549056,0,10,10,1,0.0,0.0
player_00303,player,opportunistic_player,0.0,True,1,1.234558651,-1.765441349,0,7,7,0,0.0,0.0
player_00304,player,occasional_player,0.0,True,1,0.476722439,-0.568565669,0,6,6,0,0.0,0.0
player_00305,player,occasional_player,0.0,True,1,0.642238033,-0.492132207,0,5,5,0,0.0,0.0
player_00306,player,occasional_player,0.0,True,1,23.402966163,6.103921596,2,3,5,0,0.573451945,0.0
player_00307,player,opportunistic_player,0.0,True,1,4.473626785,-6.2181884,0,8,8,1,0.0,0.0
player_00308,player,player_whale,0.0,True,1,61.677767054,10.882503035,3,2,5,0,0.805647633,0.0
player_00309,player,occasional_player,0.0,True,1,1.542607467,-1.764595458,0,5,5,0,0.0,0.0
player_00310,player,occasional_player,0.0,True,1,0.527977569,-2.636629503,0,11,11,0,0.0,0.0
player_00311,player,occasional_player,0.0,True,1,2.171104666,-2.807508545,0,6,6,1,0.0,0.0
player_00312,player,occasional_player,0.0,True,1,12.021358462,9.200324227,2,2,4,0,0.64551397,0.0
player_00313,player,player_whale,0.0,True,1,51.443557077,0.76847696,1,0,1,0,0.040446156,0.0
player_00314,player,opportunistic_player,0.0,True,1,4.661269354,-1.724994284,0,3,3,0,0.0,0.0
player_00315,player,occasional_player,0.0,True,1,3.002812991,-3.163834312,0,5,5,0,0.0,0.0
player_00316,player,occasional_player,0.0,True,1,7.896749508,2.473328915,1,4,5,0,0.301050533,0.0
player_00317,player,occasional_player,0.0,True,1,3.256480639,-2.260660773,0,3,3,0,0.0,0.0
player_00318,player,opportunistic_player,0.0,True,1,2.074273142,-1.152966595,0,4,4,0,0.0,0.0
player_00319,player,occasional_player,0.0,True,1,9.859689883,5.406056656,3,5,8,0,0.513419968,0.0
player_00320,player,player_whale,0.0,True,1,83.406177019,-27.05790143,0,5,5,0,0.0,0.0
player_00321,player,occasional_player,0.0,True,1,2.877744747,-0.996983862,0,3,3,0,0.0,0.0
player_00322,player,opportunistic_player,0.0,True,1,30.228507191,-15.927613619,1,4,5,0,0.082873981,0.0
player_00323,player,occasional_player,0.0,True,1,1.449760828,-0.991154357,0,4,4,0,0.0,0.0
player_00324,player,occasional_player,0.0,True,1,2.465389234,-4.309932413,0,7,7,0,0.0,0.0
player_00325,player,opportunistic_player,0.0,True,1,1.73690117,-2.916596323,0,8,8,0,0.0,0.0
player_00326,player,opportunistic_player,0.0,True,1,11.950692425,2.727011489,3,7,10,0,0.647869471,0.0
player_00327,player,player_whale,0.0,True,1,119.129921001,3.415117445,1,1,2,0,0.279938938,0.0
player_00328,player,opportunistic_player,0.0,True,1,4.133110465,-6.277036204,0,7,7,0,0.0,0.0
player_00329,player,occasional_player,0.0,True,1,1.713585609,-2.549139028,0,6,6,0,0.0,0.0
player_00330,player,opportunistic_player,0.0,True,1,14.758846309,9.083170959,3,5,8,0,0.898061221,0.0
player_00331,player,occasional_player,0.0,True,1,7.817477371,2.145206611,1,1,2,0,0.161610807,0.0
player_00332,player,occasional_player,0.0,True,1,6.896161131,1.92504601,1,3,4,0,0.233340918,0.0
player_00333,player,occasional_player,0.0,True,1,0.650381212,-1.786644441,0,8,8,0,0.0,0.0
player_00334,player,occasional_player,0.0,True,1,1.541925678,-3.831916698,0,7,7,0,0.0,0.0
player_00335,player,occasional_player,0.0,True,1,18.453339584,-16.546660416,1,4,5,0,0.171128,0.0
player_00336,player,occasional_player,0.0,True,1,1.367539211,-1.217021685,0,5,5,0,0.0,0.0
player_00337,player,occasional_player,0.0,True,1,3.017393887,-3.752801957,1,8,9,0,0.154140943,0.0
player_00338,player,occasional_player,0.0,True,1,0.783035655,-0.811470718,0,5,5,0,0.0,0.0
player_00339,player,occasional_player,0.0,True,1,1.342026528,-0.550812521,0,2,2,0,0.0,0.0
player_00340,player,opportunistic_player,0.0,True,1,3.689844016,0.689844016,1,5,6,0,0.226974524,0.0
player_00341,player,opportunistic_player,0.0,True,1,2.653516081,-3.758984059,0,6,6,1,0.0,0.0
player_00342,player,opportunistic_player,0.0,True,1,49.934534325,25.067562447,4,2,6,0,1.814755573,0.0
player_00343,player,occasional_player,0.0,True,1,23.442809696,-1.016027551,1,2,3,0,0.23417851,0.0
player_00344,player,opportunistic_player,0.0,True,1,6.671486378,-3.986069871,0,4,4,0,0.0,0.0
player_00345,player,occasional_player,0.0,True,1,1.813014526,-3.180223269,0,8,8,0,0.0,0.0
player_00346,player,occasional_player,0.0,True,1,13.502332077,-1.916618207,0,1,1,0,0.0,0.0
player_00347,player,opportunistic_player,0.0,True,1,35.684865589,12.160427893,2,0,2,0,0.640022521,0.0
player_00348,player,occasional_player,0.0,True,1,18.073531342,13.544528825,2,3,5,0,0.883245296,0.0
player_00349,player,occasional_player,0.0,True,1,0.469357402,-0.530642598,0,6,6,0,0.0,0.0
player_00350,player,occasional_player,0.0,True,1,1.672484897,-2.4876373,0,5,5,0,0.0,0.0
player_00351,player,occasional_player,0.0,True,1,0.687035259,-0.941410433,0,5,5,0,0.0,0.0
player_00352,player,occasional_player,0.0,True,1,27.31988806,15.156703858,3,1,4,0,0.881282017,0.0
player_00353,player,opportunistic_player,0.0,True,1,11.091025069,-0.282117528,1,2,3,0,0.087080951,0.0
player_00354,player,occasional_player,0.0,True,1,0.934756799,-2.095526781,0,8,8,0,0.0,0.0
player_00355,player,occasional_player,0.0,True,1,0.855224377,-1.934312909,0,8,8,0,0.0,0.0
player_00356,player,occasional_player,0.0,True,1,6.684909952,-5.931482615,2,7,9,0,0.309330342,0.0
player_00357,player,player_whale,0.0,True,1,42.959193196,-7.016032247,1,4,5,0,0.141266869,0.0
player_00358,player,occasional_player,0.0,True,1,1.66104944,-3.086221801,0,8,8,0,0.0,0.0
player_00359,player,occasional_player,0.0,True,1,0.578676401,-1.257626396,0,9,9,0,0.0,0.0
player_00360,player,occasional_player,0.0,True,1,8.389118479,0.74371571,1,2,3,0,0.137369089,0.0
player_00361,player,occasional_player,0.0,True,1,0.651912992,-0.348087008,0,3,3,0,0.0,0.0
player_00362,player,occasional_player,0.0,True,1,0.767000979,-0.559294851,0,4,4,0,0.0,0.0
player_00363,player,occasional_player,0.0,True,1,20.245150077,-2.060168098,1,2,3,0,0.273364874,0.0
player_00364,player,opportunistic_player,0.0,True,1,3.813355504,-0.674669839,0,1,1,0,0.0,0.0
player_00365,player,opportunistic_player,0.0,True,1,3.192230607,-2.106410751,0,3,3,0,0.0,0.0
player_00366,player,opportunistic_player,0.0,True,1,16.829727606,-1.09836162,1,4,5,0,0.304217887,0.0
player_00367,player,occasional_player,0.0,True,1,2.933391585,-1.813811888,0,4,4,0,0.0,0.0
player_00368,player,occasional_player,0.0,True,1,1.097225846,-2.98039169,0,8,8,0,0.0,0.0
player_00369,player,occasional_player,0.0,True,1,7.934363779,2.957027512,2,6,8,0,0.437924729,0.0
player_00370,player,occasional_player,0.0,True,1,2.628980269,-2.174437148,0,4,4,0,0.0,0.0
player_00371,player,occasional_player,0.0,True,1,17.58559171,8.23395665,2,4,6,0,0.780800813,0.0
player_00372,player,occasional_player,0.0,True,1,1.66050854,-0.280702624,1,6,7,0,0.102601585,0.0
player_00373,player,occasional_player,0.0,True,1,1.406421203,-1.843604239,0,6,6,0,0.0,0.0
player_00374,player,opportunistic_player,0.0,True,1,29.258869082,14.648022302,2,1,3,0,0.973303154,0.0
player_00375,player,occasional_player,0.0,True,1,2.49204919,-4.626646394,0,6,6,0,0.0,0.0
player_00376,player,occasional_player,0.0,True,1,0.565181164,-0.68122719,0,5,5,0,0.0,0.0
player_00377,player,occasional_player,0.0,True,1,8.935974979,2.311846331,1,3,4,0,0.236050144,0.0
player_00378,player,occasional_player,0.0,True,1,0.283805422,-0.716194578,0,8,8,0,0.0,0.0
player_00379,player,opportunistic_player,0.0,True,1,28.08177712,7.380229392,3,4,7,0,0.782189338,0.0
player_00380,player,occasional_player,0.0,True,1,0.790404911,-0.74314776,0,5,5,0,0.0,0.0
player_00381,player,occasional_player,0.0,True,1,0.158283537,-0.841716463,0,12,12,0,0.0,0.0
player_00382,player,opportunistic_player,0.0,True,1,11.523632135,6.41135443,2,3,5,0,0.449134963,0.0
player_00383,player,occasional_player,0.0,True,1,2.518912208,-1.156506335,0,2,2,0,0.0,0.0
player_00384,player,occasional_player,0.0,True,1,0.990550876,-0.978067595,0,4,4,0,0.0,0.0
player_00385,player,opportunistic_player,0.0,True,1,3.633410115,-2.008356335,0,3,3,0,0.0,0.0
player_00386,player,occasional_player,0.0,True,1,4.137776415,-4.914609547,0,5,5,0,0.0,0.0
player_00387,player,opportunistic_player,0.0,True,1,10.007312957,4.762709267,1,1,2,0,0.266535508,0.0
player_00388,player,occasional_player,0.0,True,1,26.924876329,2.167100192,2,2,4,0,0.294379992,0.0
player_00389,player,opportunistic_player,0.0,True,1,3.815198218,-2.692578434,0,5,5,0,0.0,0.0
player_00390,player,occasional_player,0.0,True,1,2.168766808,-2.703913836,0,5,5,0,0.0,0.0
player_00391,player,occasional_player,0.0,True,1,1.550263589,-0.695918112,0,3,3,0,0.0,0.0
player_00392,player,player_whale,0.0,True,1,68.6584927,6.620993997,4,1,5,0,0.662823716,0.0
player_00393,player,occasional_player,0.0,True,1,2.590049704,-2.210539176,0,3,3,0,0.0,0.0
player_00394,player,occasional_player,0.0,True,1,8.399956759,6.893849645,1,1,2,2,0.391663452,0.0
player_00395,player,occasional_player,0.0,True,1,1.286555169,-1.204105206,0,5,5,0,0.0,0.0
player_00396,player,occasional_player,0.0,True,1,4.491071293,-4.468080208,0,5,5,0,0.0,0.0
player_00397,player,occasional_player,0.0,True,1,1.562903566,-1.572518082,0,4,4,0,0.0,0.0
player_00398,player,player_whale,0.0,True,1,96.434785995,7.626334234,2,1,3,0,0.56650428,0.0
player_00399,player,occasional_player,0.0,True,1,7.503556451,-0.535374165,0,1,1,0,0.0,0.0
player_00400,player,occasional_player,0.0,True,1,19.253986825,16.064307134,1,2,3,0,0.889596145,0.0
player_00401,player,occasional_player,0.0,True,1,28.980524802,27.457847812,5,2,7,0,1.704149599,0.0
player_00402,player,occasional_player,0.0,True,1,4.266368465,-1.786130884,0,3,3,0,0.0,0.0
player_00403,player,occasional_player,0.0,True,1,1.299904791,-0.909437247,0,3,3,0,0.0,0.0
player_00404,player,occasional_player,0.0,True,1,8.562210003,5.782763714,2,2,4,0,0.47448946,0.0
player_00405,player,occasional_player,0.0,True,1,22.2605944,-5.268084228,2,4,6,0,0.47224576,0.0
player_00406,player,occasional_player,0.0,True,1,1.353108994,-1.790018332,0,5,5,0,0.0,0.0
player_00407,player,occasional_player,0.0,True,1,2.704663003,-5.246476126,0,7,7,0,0.0,0.0
player_00408,player,occasional_player,0.0,True,1,1.642801779,-1.017786659,0,4,4,0,0.0,0.0
player_00409,player,occasional_player,0.0,True,1,2.42146985,-2.562301105,0,5,5,0,0.0,0.0
player_00410,player,opportunistic_player,0.0,True,1,1.018603785,-1.981396215,0,8,8,0,0.0,0.0
player_00411,player,opportunistic_player,0.0,True,1,4.746957714,-4.91675691,0,6,6,1,0.0,0.0
player_00412,player,occasional_player,0.0,True,1,14.475025625,10.164684877,2,3,5,0,0.74300573,0.0
player_00413,player,occasional_player,0.0,True,1,10.485531643,0.907242221,1,3,4,0,0.203246079,0.0
player_00414,player,occasional_player,0.0,True,1,6.802907632,1.261160199,1,3,4,0,0.203326468,0.0
player_00415,player,occasional_player,0.0,True,1,10.465324466,1.858807992,1,2,3,0,0.215723422,0.0
player_00416,player,occasional_player,0.0,True,1,8.39304954,-1.346007836,1,4,5,0,0.107658692,0.0
player_00417,player,opportunistic_player,0.0,True,1,52.572898206,23.389871582,6,3,9,0,1.976536339,0.0
player_00418,player,occasional_player,0.0,True,1,1.539592646,-0.54972353,0,3,3,0,0.0,0.0
player_00419,player,occasional_player,0.0,True,1,8.701090383,-2.440463693,1,3,4,0,0.101085003,0.0
player_00420,player,occasional_player,0.0,True,1,0.766758276,-0.57349471,0,4,4,0,0.0,0.0
player_00421,player,opportunistic_player,0.0,True,1,2.675213755,-1.093333198,0,4,4,0,0.0,0.0
player_00422,player,player_whale,0.0,True,1,57.937790246,7.632002518,3,2,5,0,0.797854341,0.0
player_00423,player,occasional_player,0.0,True,1,1.24862141,-0.745768723,0,4,4,0,0.0,0.0
player_00424,player,occasional_player,0.0,True,1,1.445085998,-1.780857454,0,4,4,0,0.0,0.0
player_00425,player,occasional_player,0.0,True,1,6.029105768,1.394090362,1,3,4,0,0.191258235,0.0
player_00426,player,occasional_player,0.0,True,1,2.433718917,-5.86682932,0,9,9,0,0.0,0.0
player_00427,player,occasional_player,0.0,True,1,2.119417946,-3.158786418,0,5,5,0,0.0,0.0
player_00428,player,occasional_player,0.0,True,1,9.491276318,2.033584582,1,2,3,0,0.243164319,0.0
player_00429,player,occasional_player,0.0,True,1,5.666748133,-3.030655303,0,3,3,0,0.0,0.0
player_00430,player,occasional_player,0.0,True,1,5.793483399,-3.836069,0,3,3,0,0.0,0.0
player_00431,player,opportunistic_player,0.0,True,1,14.669792269,0.363779661,1,4,5,0,0.398340125,0.0
player_00432,player,occasional_player,0.0,True,1,3.566779153,-1.285241344,0,3,3,0,0.0,0.0
player_00433,player,opportunistic_player,0.0,True,1,9.13083287,-6.228727835,0,4,4,0,0.0,0.0
player_00434,player,occasional_player,0.0,True,1,1.115021936,-0.568277281,0,2,2,0,0.0,0.0
player_00435,player,opportunistic_player,0.0,True,1,10.403015157,-0.798635678,1,4,5,0,0.224995101,0.0
player_00436,player,occasional_player,0.0,True,1,6.516464649,1.290410339,1,1,2,0,0.153645295,0.0
player_00437,player,occasional_player,0.0,True,1,0.92494934,-1.40221752,0,6,6,0,0.0,0.0
player_00438,player,occasional_player,0.0,True,1,10.256113069,0.818272551,1,2,3,0,0.167823877,0.0
player_00439,player,occasional_player,0.0,True,1,1.040360388,-1.068058828,0,5,5,0,0.0,0.0
player_00440,player,occasional_player,0.0,True,1,3.153495658,-0.445418923,0,1,1,0,0.0,0.0
player_00441,player,occasional_player,0.0,True,1,1.176651108,-1.366601491,0,5,5,0,0.0,0.0
player_00442,player,player_whale,0.0,True,1,46.789444384,-17.98147893,1,5,6,0,0.061381181,0.0
player_00443,player,occasional_player,0.0,True,1,5.817042207,-4.895093903,0,4,4,0,0.0,0.0
player_00444,player,occasional_player,0.0,True,1,2.472073406,-8.125098954,0,8,8,0,0.0,0.0
player_00445,player,occasional_player,0.0,True,1,11.150623781,6.682052827,1,2,3,0,0.408221427,0.0
player_00446,player,occasional_player,0.0,True,1,8.990954967,-3.825759683,0,3,3,0,0.0,0.0
player_00447,player,player_whale,0.0,True,1,92.107498389,-4.871243005,3,2,5,0,0.243906699,0.0
player_00448,player,occasional_player,0.0,True,1,3.408991861,-1.574960268,0,2,2,0,0.0,0.0
player_00449,player,occasional_player,0.0,True,1,0.528170318,-1.526640123,0,8,8,0,0.0,0.0
player_00450,player,occasional_player,0.0,True,1,8.228575454,1.875916504,1,2,3,0,0.176072053,0.0
player_00451,player,occasional_player,0.0,True,1,3.357904057,-1.334774631,0,3,3,0,0.0,0.0
player_00452,player,occasional_player,0.0,True,1,0.591149863,-0.408850137,0,3,3,0,0.0,0.0
player_00453,player,occasional_player,0.0,True,1,0.541133124,-0.458866876,0,5,5,0,0.0,0.0
player_00454,player,occasional_player,0.0,True,1,6.171747365,1.482044549,1,2,3,0,0.21102674,0.0
player_00455,player,occasional_player,0.0,True,1,14.10729226,8.273443362,2,2,4,0,0.532025703,0.0
player_00456,player,player_whale,0.0,True,1,79.0707917,-19.572349956,1,4,5,0,0.117786819,0.0
player_00457,player,occasional_player,0.0,True,1,1.21946079,-0.571467554,0,3,3,0,0.0,0.0
player_00458,player,occasional_player,0.0,True,1,7.1357555,-3.64120906,0,2,2,0,0.0,0.0
player_00459,player,occasional_player,0.0,True,1,0.790130082,-0.570909277,0,4,4,0,0.0,0.0
player_00460,player,occasional_player,0.0,True,1,4.330309379,-2.849009371,0,4,4,0,0.0,0.0
player_00461,player,opportunistic_player,0.0,True,1,49.708172652,16.795733392,6,2,8,0,1.313654415,0.0
player_00462,player,occasional_player,0.0,True,1,1.627101856,-2.345125971,0,7,7,0,0.0,0.0
player_00463,player,opportunistic_player,0.0,True,1,4.920452804,-6.472581375,0,5,5,0,0.0,0.0
player_00464,player,occasional_player,0.0,True,1,14.042205831,10.36606352,3,1,4,0,0.604231209,0.0
player_00465,player,occasional_player,0.0,True,1,10.922263148,4.068006017,2,2,4,0,0.31017092,0.0
player_00466,player,occasional_player,0.0,True,1,1.327341609,-1.479411992,0,6,6,0,0.0,0.0
player_00467,player,opportunistic_player,0.0,True,1,2.298041842,-1.951128871,0,4,4,0,0.0,0.0
player_00468,player,occasional_player,0.0,True,1,3.631214781,-1.296071621,0,2,2,0,0.0,0.0
player_00469,player,occasional_player,0.0,True,1,14.82890817,0.302514897,2,4,6,0,0.532486771,0.0
player_00470,player,occasional_player,0.0,True,1,14.921665998,5.597868457,4,4,8,0,0.678257305,0.0
player_00471,player,occasional_player,0.0,True,1,1.137506515,-2.11507429,0,6,6,0,0.0,0.0
player_00472,player,opportunistic_player,0.0,True,1,26.819675604,0.716360221,1,2,3,0,0.283574152,0.0
player_00473,player,occasional_player,0.0,True,1,0.559131182,-0.440868818,0,4,4,0,0.0,0.0
player_00474,player,occasional_player,0.0,True,1,4.261832536,-5.565555431,0,6,6,0,0.0,0.0
player_00475,player,occasional_player,0.0,True,1,0.9318394,-1.251043615,0,7,7,0,0.0,0.0
player_00476,player,occasional_player,0.0,True,1,3.311286286,-1.311485861,0,3,3,0,0.0,0.0
player_00477,player,occasional_player,0.0,True,1,40.544794149,12.255441301,3,1,4,0,0.818950139,0.0
player_00478,player,occasional_player,0.0,True,1,0.501239963,-1.108384985,0,6,6,0,0.0,0.0
player_00479,player,occasional_player,0.0,True,1,0.883520627,-1.355176919,0,5,5,0,0.0,0.0
player_00480,player,occasional_player,0.0,True,1,1.948184253,-1.750130255,0,6,6,0,0.0,0.0
player_00481,player,player_whale,0.0,True,1,105.173435828,-15.550316527,1,4,5,0,0.262449568,0.0
player_00482,player,occasional_player,0.0,True,1,1.009529849,-0.805544802,0,4,4,0,0.0,0.0
player_00483,player,occasional_player,0.0,True,1,2.770190714,-0.65510522,0,1,1,0,0.0,0.0
player_00484,player,occasional_player,0.0,True,1,1.097957904,-0.865437999,0,4,4,0,0.0,0.0
player_00485,player,occasional_player,0.0,True,1,0.780939582,-1.841817678,0,8,8,0,0.0,0.0
player_00486,player,occasional_player,0.0,True,1,14.246783016,8.271458013,1,6,7,0,0.595544686,0.0
player_00487,player,occasional_player,0.0,True,1,0.769260506,-0.770303277,0,5,5,0,0.0,0.0
player_00488,player,opportunistic_player,0.0,True,1,26.144571099,-0.180350928,2,2,4,0,0.436944217,0.0
player_00489,player,opportunistic_player,0.0,True,1,3.004949586,-1.738978708,0,4,4,0,0.0,0.0
player_00490,player,occasional_player,0.0,True,1,2.673961208,-3.981943813,0,6,6,0,0.0,0.0
player_00491,player,occasional_player,0.0,True,1,0.64333447,-0.934981436,0,5,5,0,0.0,0.0
player_00492,player,occasional_player,0.0,True,1,0.572258263,-0.427741737,0,3,3,0,0.0,0.0
player_00493,player,occasional_player,0.0,True,1,5.706782634,4.265155702,1,3,4,1,0.333526322,0.0
player_00494,player,occasional_player,0.0,True,1,0.66743523,-2.931322577,0,9,9,0,0.0,0.0
player_00495,player,occasional_player,0.0,True,1,0.312920155,-0.687079845,0,8,8,0,0.0,0.0
player_00496,player,occasional_player,0.0,True,1,1.345288005,-1.197204723,0,6,6,1,0.0,0.0
player_00497,player,occasional_player,0.0,True,1,2.180699236,-2.820804535,0,4,4,0,0.0,0.0
player_00498,player,occasional_player,0.0,True,1,2.94353775,-1.921519584,0,3,3,0,0.0,0.0
player_00499,player,occasional_player,0.0,True,1,2.559307678,-1.064880187,0,2,2,1,0.0,0.0
player_00500,player,occasional_player,0.0,True,1,2.040625948,-1.315622751,0,4,4,0,0.0,0.0
player_00501,player,occasional_player,0.0,True,1,3.641004014,-2.667802848,0,5,5,1,0.0,0.0
player_00502,player,player_whale,0.0,True,1,109.320001643,7.008835921,2,1,3,0,0.52770666,0.0
player_00503,player,opportunistic_player,0.0,True,1,16.227157254,-2.944039828,0,1,1,0,0.0,0.0
player_00504,player,occasional_player,0.0,True,1,5.457500349,0.091341126,1,3,4,0,0.141984176,0.0
player_00505,player,occasional_player,0.0,True,1,6.547610538,2.597295765,1,2,3,0,0.249688128,0.0
player_00506,player,opportunistic_player,0.0,True,1,57.895150735,5.256712669,4,2,6,0,0.760372447,0.0
player_00507,player,occasional_player,0.0,True,1,17.250601332,10.868847737,2,3,5,0,0.659378662,0.0
player_00508,player,opportunistic_player,0.0,True,1,6.709586826,-5.549143964,0,5,5,0,0.0,0.0
player_00509,player,occasional_player,0.0,True,1,2.752769012,-5.828508032,0,7,7,0,0.0,0.0
player_00510,player,occasional_player,0.0,True,1,0.566028027,-0.433971973,0,3,3,0,0.0,0.0
player_00511,player,occasional_player,0.0,True,1,12.51669757,3.205468748,1,3,4,0,0.422294784,0.0
player_00512,player,occasional_player,0.0,True,1,8.912339647,5.195602955,1,1,2,0,0.325781268,0.0
player_00513,player,opportunistic_player,0.0,True,1,26.672987564,-9.297093859,1,3,4,0,0.037649106,0.0
player_00514,player,occasional_player,0.0,True,1,0.604207432,-2.003735991,0,10,10,0,0.0,0.0
player_00515,player,occasional_player,0.0,True,1,1.211064757,-1.293760679,0,5,5,0,0.0,0.0
player_00516,player,occasional_player,0.0,True,1,6.486852995,-6.935021273,0,6,6,0,0.0,0.0
player_00517,player,opportunistic_player,0.0,True,1,2.152924441,-0.847075559,0,4,4,0,0.0,0.0
player_00518,player,opportunistic_player,0.0,True,1,13.072671641,0.065972129,2,4,6,0,0.271627733,0.0
player_00519,player,occasional_player,0.0,True,1,1.051329097,-0.357840698,0,2,2,0,0.0,0.0
player_00520,player,occasional_player,0.0,True,1,0.849697781,-0.169294483,0,2,2,0,0.0,0.0
player_00521,player,occasional_player,0.0,True,1,1.657126608,-0.232323092,0,1,1,0,0.0,0.0
player_00522,player,occasional_player,0.0,True,1,4.934625235,-3.009021333,0,3,3,0,0.0,0.0
player_00523,player,occasional_player,0.0,True,1,1.79655097,-3.449804881,0,7,7,1,0.0,0.0
player_00524,player,opportunistic_player,0.0,True,1,12.377057333,-3.975364538,0,2,2,0,0.0,0.0
player_00525,player,opportunistic_player,0.0,True,1,10.78332627,-0.841375674,1,5,6,0,0.243428561,0.0
player_00526,player,occasional_player,0.0,True,1,1.496132733,-2.441160748,0,7,7,0,0.0,0.0
player_00527,player,occasional_player,0.0,True,1,2.374816946,-2.505684656,1,8,9,0,0.19336685,0.0
player_00528,player,occasional_player,0.0,True,1,6.621723482,-4.61380067,0,4,4,0,0.0,0.0
player_00529,player,occasional_player,0.0,True,1,4.034475303,-4.021084714,0,6,6,0,0.0,0.0
player_00530,player,occasional_player,0.0,True,1,7.177056762,-2.365809413,0,2,2,0,0.0,0.0
player_00531,player,occasional_player,0.0,True,1,2.714685155,-0.239390578,0,1,1,0,0.0,0.0
player_00532,player,occasional_player,0.0,True,1,1.222684402,-0.554855593,0,3,3,0,0.0,0.0
player_00533,player,opportunistic_player,0.0,True,1,10.566531242,-2.806072341,0,2,2,0,0.0,0.0
player_00534,player,occasional_player,0.0,True,1,1.399141863,-2.077606464,0,6,6,0,0.0,0.0
player_00535,player,occasional_player,0.0,True,1,13.71154375,8.479329484,3,4,7,0,0.985319829,0.0
player_00536,player,occasional_player,0.0,True,1,18.668229316,13.162380941,1,1,2,0,0.731757484,0.0
player_00537,player,player_whale,0.0,True,1,74.05778666,6.599021921,4,2,6,0,0.668988963,0.0
player_00538,player,occasional_player,0.0,True,1,0.921485708,-0.710091068,0,4,4,0,0.0,0.0
player_00539,player,occasional_player,0.0,True,1,2.134502083,-3.731409864,0,8,8,0,0.0,0.0
player_00540,player,occasional_player,0.0,True,1,5.075259536,-3.023624154,0,3,3,0,0.0,0.0
player_00541,player,occasional_player,0.0,True,1,1.365727038,-1.638683779,0,5,5,0,0.0,0.0
player_00542,player,occasional_player,0.0,True,1,0.647231759,-0.352768241,0,3,3,0,0.0,0.0
player_00543,player,opportunistic_player,0.0,True,1,10.383906728,-7.068184758,0,5,5,0,0.0,0.0
player_00544,player,occasional_player,0.0,True,1,1.039853787,-3.566712762,0,9,9,0,0.0,0.0
player_00545,player,occasional_player,0.0,True,1,15.110931124,9.711889612,2,5,7,1,0.762766891,0.0
player_00546,player,occasional_player,0.0,True,1,0.627470401,-1.145492678,0,7,7,0,0.0,0.0
player_00547,player,opportunistic_player,0.0,True,1,4.420635575,0.794762371,1,3,4,0,0.132731617,0.0
player_00548,player,occasional_player,0.0,True,1,1.968891023,-1.69277396,0,4,4,0,0.0,0.0
player_00549,player,occasional_player,0.0,True,1,2.570350561,-3.642654367,0,5,5,0,0.0,0.0
player_00550,player,occasional_player,0.0,True,1,1.749107093,-1.595331436,0,5,5,0,0.0,0.0
player_00551,player,occasional_player,0.0,True,1,4.940767126,-1.756118338,0,3,3,0,0.0,0.0
player_00552,player,occasional_player,0.0,True,1,4.14184817,-1.212775239,0,2,2,0,0.0,0.0
player_00553,player,occasional_player,0.0,True,1,9.247251186,6.052002115,1,3,4,0,0.448434525,0.0
player_00554,player,occasional_player,0.0,True,1,0.976090156,-1.815678475,0,6,6,0,0.0,0.0
player_00555,player,opportunistic_player,0.0,True,1,5.579642653,-9.76562329,0,8,8,0,0.0,0.0
player_00556,player,occasional_player,0.0,True,1,1.35948278,-3.258541071,0,7,7,0,0.0,0.0
player_00557,player,occasional_player,0.0,True,1,18.767526611,13.5759011,2,2,4,0,0.823514565,0.0
player_00558,player,occasional_player,0.0,True,1,6.789486494,4.255995737,1,2,3,0,0.311375704,0.0
player_00559,player,occasional_player,0.0,True,1,3.740484314,0.233984044,1,4,5,0,0.135008062,0.0
player_00560,player,occasional_player,0.0,True,1,6.944063343,5.081554029,2,3,5,0,0.480146482,0.0
player_00561,player,opportunistic_player,0.0,True,1,3.846150533,-2.843222771,0,4,4,0,0.0,0.0
player_00562,player,opportunistic_player,0.0,True,1,9.528588126,-3.480539694,0,3,3,0,0.0,0.0
player_00563,player,occasional_player,0.0,True,1,17.360516629,8.415235099,2,1,3,0,0.489726439,0.0
player_00564,player,opportunistic_player,0.0,True,1,12.061757357,0.076853939,1,2,3,1,0.1519751,0.0
player_00565,player,opportunistic_player,0.0,True,1,27.857118888,8.017847109,2,0,2,0,0.421991953,0.0
player_00566,player,occasional_player,0.0,True,1,1.826500175,-1.772265628,0,4,4,1,0.0,0.0
player_00567,player,occasional_player,0.0,True,1,1.225854938,-1.379508911,0,4,4,1,0.0,0.0
player_00568,player,occasional_player,0.0,True,1,2.318046471,-1.54339835,0,3,3,0,0.0,0.0
player_00569,player,occasional_player,0.0,True,1,3.837169508,-0.689176203,0,1,1,0,0.0,0.0
player_00570,player,opportunistic_player,0.0,True,1,17.553006364,5.703125125,2,1,3,0,0.358454988,0.0
player_00571,player,occasional_player,0.0,True,1,1.998719696,-1.583976857,0,4,4,0,0.0,0.0
player_00572,player,occasional_player,0.0,True,1,7.110533076,1.43241703,1,3,4,0,0.239941212,0.0
player_00573,player,opportunistic_player,0.0,True,1,18.369060677,2.86815613,1,2,3,0,0.339095704,0.0
player_00574,player,occasional_player,0.0,True,1,19.419396877,-2.022184496,1,3,4,0,0.214832238,0.0
player_00575,player,occasional_player,0.0,True,1,12.870231545,10.507325078,3,3,6,0,0.679111214,0.0
player_00576,player,occasional_player,0.0,True,1,1.522642188,-0.611831249,0,2,2,0,0.0,0.0
player_00577,player,occasional_player,0.0,True,1,0.62784454,-0.37215546,0,3,3,0,0.0,0.0
player_00578,player,opportunistic_player,0.0,True,1,27.264974344,7.865678332,2,2,4,0,0.62379842,0.0
player_00579,player,opportunistic_player,0.0,True,1,8.014750211,2.718354501,1,6,7,0,0.4416848,0.0
player_00580,player,opportunistic_player,0.0,True,1,7.58114436,-1.033911104,0,2,2,0,0.0,0.0
player_00581,player,opportunistic_player,0.0,True,1,8.888648932,-5.629810862,0,4,4,0,0.0,0.0
player_00582,player,occasional_player,0.0,True,1,5.314073468,1.849902518,1,2,3,0,0.158275733,0.0
player_00583,player,occasional_player,0.0,True,1,4.268775738,-1.122249191,0,2,2,0,0.0,0.0
player_00584,player,occasional_player,0.0,True,1,1.149582794,-0.710570444,0,3,3,0,0.0,0.0
player_00585,player,occasional_player,0.0,True,1,16.008199466,8.637812894,3,1,4,0,0.512165983,0.0
player_00586,player,occasional_player,0.0,True,1,0.965423434,-0.597135368,0,4,4,0,0.0,0.0
player_00587,player,occasional_player,0.0,True,1,7.223745395,4.474084047,2,2,4,0,0.382836674,0.0
player_00588,player,opportunistic_player,0.0,True,1,14.248444345,-2.425160279,1,3,4,0,0.127361159,0.0
player_00589,player,occasional_player,0.0,True,1,1.847418451,-0.421767472,0,2,2,0,0.0,0.0
player_00590,player,player_whale,0.0,True,1,56.626311353,7.7651122,2,0,2,0,0.408690116,0.0
player_00591,player,occasional_player,0.0,True,1,0.720451499,-2.484905407,0,10,10,0,0.0,0.0
player_00592,player,player_whale,0.0,True,1,69.365232871,1.127233458,2,3,5,0,0.780803845,0.0
player_00593,player,occasional_player,0.0,True,1,2.649636519,-1.381881831,0,3,3,1,0.0,0.0
player_00594,player,occasional_player,0.0,True,1,2.836754231,-1.745499913,0,3,3,0,0.0,0.0
player_00595,player,opportunistic_player,0.0,True,1,5.197324581,-1.304227392,0,2,2,0,0.0,0.0
player_00596,player,occasional_player,0.0,True,1,5.852131408,-0.135159775,1,4,5,0,0.334356722,0.0
player_00597,player,occasional_player,0.0,True,1,0.58378144,-0.954862091,0,6,6,0,0.0,0.0
player_00598,player,occasional_player,0.0,True,1,1.201586836,-0.805612244,0,3,3,0,0.0,0.0
player_00599,player,opportunistic_player,0.0,True,1,8.338278919,-5.505089695,0,5,5,0,0.0,0.0
player_00600,player,occasional_player,0.0,True,1,2.287024522,-1.363749025,0,3,3,0,0.0,0.0
player_00601,player,occasional_player,0.0,True,1,1.036317818,-0.790304563,0,4,4,1,0.0,0.0
player_00602,player,occasional_player,0.0,True,1,7.03844142,3.950051671,1,3,4,1,0.293896941,0.0
player_00603,player,occasional_player,0.0,True,1,12.191260945,1.157310815,1,2,3,1,0.19855257,0.0
player_00604,player,occasional_player,0.0,True,1,0.61903768,-0.681406103,0,4,4,0,0.0,0.0
player_00605,player,opportunistic_player,0.0,True,1,9.795964842,-0.803690614,1,2,3,0,0.077457116,0.0
player_00606,player,occasional_player,0.0,True,1,3.391273577,-1.545933853,0,3,3,0,0.0,0.0
player_00607,player,opportunistic_player,0.0,True,1,1.353159546,-1.646840454,0,7,7,0,0.0,0.0
player_00608,player,occasional_player,0.0,True,1,3.528516149,-1.657775898,1,5,6,0,0.180036627,0.0
player_00609,player,occasional_player,0.0,True,1,1.602974749,-0.974173146,0,3,3,0,0.0,0.0
player_00610,player,occasional_player,0.0,True,1,2.903617891,-3.799016937,0,5,5,0,0.0,0.0
player_00611,player,opportunistic_player,0.0,True,1,23.098151457,17.217262509,3,3,6,0,1.080571305,0.0
player_00612,player,occasional_player,0.0,True,1,1.221713465,-1.042468269,0,4,4,0,0.0,0.0
player_00613,player,opportunistic_player,0.0,True,1,3.410472734,-1.396290139,0,2,2,0,0.0,0.0
player_00614,player,opportunistic_player,0.0,True,1,1.819168128,-1.180831872,0,3,3,0,0.0,0.0
player_00615,player,occasional_player,0.0,True,1,2.597239147,-1.56305846,0,3,3,1,0.0,0.0
player_00616,player,occasional_player,0.0,True,1,15.681174093,7.502606057,1,1,2,0,0.518215798,0.0
player_00617,player,occasional_player,0.0,True,1,2.638053998,-0.787820864,0,2,2,1,0.0,0.0
player_00618,player,occasional_player,0.0,True,1,2.632509302,0.807930199,1,4,5,0,0.164692286,0.0
player_00619,player,occasional_player,0.0,True,1,0.496801609,-0.503198391,0,5,5,0,0.0,0.0
player_00620,player,occasional_player,0.0,True,1,2.006366418,-2.187204765,0,4,4,0,0.0,0.0
player_00621,player,occasional_player,0.0,True,1,7.826370613,2.420345592,2,3,5,0,0.384088595,0.0
player_00622,player,opportunistic_player,0.0,True,1,4.957263695,-0.424565463,0,1,1,0,0.0,0.0
player_00623,player,occasional_player,0.0,True,1,18.228700354,8.349397916,2,1,3,0,0.518003749,0.0
player_00624,player,occasional_player,0.0,True,1,1.825516671,-1.585309581,0,4,4,0,0.0,0.0
player_00625,player,occasional_player,0.0,True,1,2.045923469,-1.909124483,0,4,4,0,0.0,0.0
player_00626,player,player_whale,0.0,True,1,93.872842262,0.204679924,1,3,4,0,0.747238864,0.0
player_00627,player,occasional_player,0.0,True,1,2.986899859,-0.670114644,0,2,2,0,0.0,0.0
player_00628,player,occasional_player,0.0,True,1,4.083696394,-1.587317717,0,2,2,0,0.0,0.0
player_00629,player,occasional_player,0.0,True,1,5.299627013,2.079150181,1,1,2,0,0.146454658,0.0
player_00630,player,occasional_player,0.0,True,1,22.342982904,-11.449656986,1,2,3,0,0.056120276,0.0
player_00631,player,occasional_player,0.0,True,1,0.800961029,-0.199038971,0,2,2,0,0.0,0.0
player_00632,player,occasional_player,0.0,True,1,12.255757694,8.232549711,2,1,3,0,0.453175836,0.0
player_00633,player,occasional_player,0.0,True,1,1.05763963,-0.681886442,0,5,5,0,0.0,0.0
player_00634,player,occasional_player,0.0,True,1,1.950354845,-2.758811115,0,6,6,0,0.0,0.0
player_00635,player,occasional_player,0.0,True,1,18.446082627,12.126419359,3,2,5,0,0.766078925,0.0
player_00636,player,occasional_player,0.0,True,1,4.927973588,-3.378182332,0,4,4,0,0.0,0.0
player_00637,player,occasional_player,0.0,True,1,7.139819293,-2.85511318,0,2,2,0,0.0,0.0
player_00638,player,occasional_player,0.0,True,1,26.148111489,-6.295008941,1,2,3,0,0.106416227,0.0
player_00639,player,opportunistic_player,0.0,True,1,2.545725158,-1.400175178,0,3,3,0,0.0,0.0
player_00640,player,player_whale,0.0,True,1,28.618196158,-6.381803842,0,3,3,0,0.0,0.0
player_00641,player,occasional_player,0.0,True,1,20.461583186,14.060450208,2,3,5,0,0.86057563,0.0
player_00642,player,occasional_player,0.0,True,1,1.431954393,-0.285769355,0,2,2,0,0.0,0.0
player_00643,player,occasional_player,0.0,True,1,2.415541971,-1.532660082,0,4,4,0,0.0,0.0
player_00644,player,opportunistic_player,0.0,True,1,9.578431372,-2.515294687,1,4,5,0,0.124059907,0.0
player_00645,player,occasional_player,0.0,True,1,3.383353269,-2.580770158,0,3,3,0,0.0,0.0
player_00646,player,occasional_player,0.0,True,1,16.131370436,1.436234479,2,4,6,0,0.491448203,0.0
player_00647,player,occasional_player,0.0,True,1,6.487410747,-3.217357041,0,3,3,0,0.0,0.0
player_00648,player,occasional_player,0.0,True,1,1.519059823,-1.594707967,0,4,4,0,0.0,0.0
player_00649,player,occasional_player,0.0,True,1,2.425646402,-1.545749944,0,3,3,0,0.0,0.0
player_00650,player,opportunistic_player,0.0,True,1,6.21356625,-2.893902995,0,3,3,0,0.0,0.0
player_00651,player,occasional_player,0.0,True,1,1.984177314,-1.157707455,0,4,4,0,0.0,0.0
player_00652,player,occasional_player,0.0,True,1,10.438634341,2.752035659,1,3,4,0,0.392156277,0.0
player_00653,player,player_whale,0.0,True,1,38.064489653,-12.702046512,0,5,5,0,0.0,0.0
player_00654,player,occasional_player,0.0,True,1,0.4419727,-0.646977669,0,6,6,0,0.0,0.0
player_00655,player,occasional_player,0.0,True,1,2.343684299,-1.61547296,0,4,4,0,0.0,0.0
player_00656,player,occasional_player,0.0,True,1,5.168793825,-0.195741486,0,1,1,0,0.0,0.0
player_00657,player,occasional_player,0.0,True,1,2.313943318,-0.651644496,0,2,2,0,0.0,0.0
player_00658,player,occasional_player,0.0,True,1,2.222292117,-0.319177701,0,1,1,0,0.0,0.0
player_00659,player,occasional_player,0.0,True,1,1.54552296,-0.907752872,0,4,4,0,0.0,0.0
player_00660,player,opportunistic_player,0.0,True,1,39.076372158,-5.07665956,2,2,4,0,0.179870058,0.0
player_00661,player,opportunistic_player,0.0,True,1,12.017563217,4.337590883,1,1,2,0,0.298115031,0.0
player_00662,player,occasional_player,0.0,True,1,30.538257423,11.692911481,2,0,2,0,0.615416394,0.0
player_00663,player,occasional_player,0.0,True,1,1.442876668,-0.792341239,0,2,2,0,0.0,0.0
player_00664,player,occasional_player,0.0,True,1,1.682339905,-1.439420004,0,4,4,0,0.0,0.0
player_00665,player,opportunistic_player,0.0,True,1,1.749165974,-1.250834026,0,5,5,0,0.0,0.0
player_00666,player,occasional_player,0.0,True,1,9.818065999,7.391484675,1,3,4,0,0.493995423,0.0
player_00667,player,occasional_player,0.0,True,1,1.928524888,-1.78962076,0,4,4,1,0.0,0.0
player_00668,player,player_whale,0.0,True,1,67.920428065,15.647218247,2,1,3,0,1.108277764,0.0
player_00669,player,occasional_player,0.0,True,1,3.349640172,-2.528308814,0,4,4,0,0.0,0.0
player_00670,player,occasional_player,0.0,True,1,2.013451786,-2.410002736,0,5,5,0,0.0,0.0
player_00671,player,occasional_player,0.0,True,1,28.283284914,20.325166433,4,1,5,0,1.102874381,0.0
player_00672,player,player_whale,0.0,True,1,43.743429204,-4.968522106,2,6,8,0,0.374429494,0.0
player_00673,player,occasional_player,0.0,True,1,15.313677339,-7.202776257,1,3,4,0,0.097138696,0.0
player_00674,player,opportunistic_player,0.0,True,1,11.698616227,4.891303947,1,2,3,0,0.425151971,0.0
player_00675,player,occasional_player,0.0,True,1,3.152761213,-0.914517521,0,2,2,0,0.0,0.0
player_00676,player,occasional_player,0.0,True,1,21.264180287,6.616245617,1,1,2,1,0.44206442,0.0
player_00677,player,occasional_player,0.0,True,1,2.393520763,-0.744384698,0,3,3,0,0.0,0.0
player_00678,player,occasional_player,0.0,True,1,0.81939315,-0.18060685,0,2,2,0,0.0,0.0
player_00679,player,player_whale,0.0,True,1,28.760395294,-6.239604706,1,5,6,0,0.135212214,0.0
player_00680,player,occasional_player,0.0,True,1,20.298944996,1.655385108,1,2,3,0,0.244894474,0.0
player_00681,player,opportunistic_player,0.0,True,1,20.71980176,6.364158466,1,1,2,0,0.421826245,0.0
player_00682,player,occasional_player,0.0,True,1,1.477786134,-1.882116957,0,5,5,0,0.0,0.0
player_00683,player,occasional_player,0.0,True,1,6.500287811,3.874383467,1,0,1,0,0.203914919,0.0
player_00684,player,occasional_player,0.0,True,1,6.320601859,-1.427719731,0,2,2,0,0.0,0.0
player_00685,player,occasional_player,0.0,True,1,1.439832207,-1.345578985,0,4,4,0,0.0,0.0
player_00686,player,occasional_player,0.0,True,1,2.288873651,-1.348643593,0,3,3,1,0.0,0.0
player_00687,player,occasional_player,0.0,True,1,2.551804951,-2.320688562,0,4,4,0,0.0,0.0
player_00688,player,occasional_player,0.0,True,1,13.720837997,-0.126235153,1,1,2,0,0.085508132,0.0
player_00689,player,occasional_player,0.0,True,1,1.281176376,-0.704451967,0,3,3,0,0.0,0.0
player_00690,player,occasional_player,0.0,True,1,9.489809427,-1.918811898,1,2,3,0,0.130705155,0.0
player_00691,player,opportunistic_player,0.0,True,1,4.270945624,-1.818506487,0,4,4,0,0.0,0.0
player_00692,player,occasional_player,0.0,True,1,6.571104892,0.132542666,1,4,5,0,0.306502793,0.0
player_00693,player,occasional_player,0.0,True,1,4.807473504,-2.437580909,1,6,7,0,0.259795134,0.0
player_00694,player,opportunistic_player,0.0,True,1,14.095008261,2.552162132,1,2,3,0,0.206266674,0.0
player_00695,player,occasional_player,0.0,True,1,6.179192504,-3.982942219,0,4,4,0,0.0,0.0
player_00696,player,occasional_player,0.0,True,1,7.063293248,-0.882145725,1,4,5,0,0.283763364,0.0
player_00697,player,occasional_player,0.0,True,1,0.591041295,-1.15803694,0,8,8,1,0.0,0.0
player_00698,player,opportunistic_player,0.0,True,1,3.473644391,-1.428558913,0,3,3,0,0.0,0.0
player_00699,player,occasional_player,0.0,True,1,3.206926704,0.193307583,1,5,6,0,0.163881757,0.0
player_00700,player,occasional_player,0.0,True,1,0.94806721,-1.24224873,0,5,5,0,0.0,0.0
player_00701,player,occasional_player,0.0,True,1,0.88703447,-0.918374853,0,5,5,0,0.0,0.0
player_00702,player,opportunistic_player,0.0,True,1,15.962658661,11.511870725,2,2,4,0,0.666652595,0.0
player_00703,player,occasional_player,0.0,True,1,9.431686691,8.334362425,1,1,2,0,0.445450733,0.0
player_00704,player,occasional_player,0.0,True,1,14.758168986,0.557235598,1,1,2,0,0.094039725,0.0
player_00705,player,occasional_player,0.0,True,1,2.798973399,-1.070266633,0,4,4,1,0.0,0.0
player_00706,player,occasional_player,0.0,True,1,0.884757804,-1.231538159,0,5,5,0,0.0,0.0
player_00707,player,opportunistic_player,0.0,True,1,3.857684013,-3.357986469,0,5,5,0,0.0,0.0
player_00708,player,occasional_player,0.0,True,1,6.532799886,-0.195697283,0,1,1,0,0.0,0.0
player_00709,player,occasional_player,0.0,True,1,4.113524907,-3.07776932,0,5,5,0,0.0,0.0
player_00710,player,occasional_player,0.0,True,1,2.498686939,-2.447523095,0,5,5,0,0.0,0.0
player_00711,player,occasional_player,0.0,True,1,6.817566823,-1.217655517,0,2,2,0,0.0,0.0
player_00712,player,occasional_player,0.0,True,1,4.424641014,1.013756263,1,3,4,0,0.192778271,0.0
player_00713,player,occasional_player,0.0,True,1,1.823031988,-1.252730136,0,4,4,0,0.0,0.0
player_00714,player,occasional_player,0.0,True,1,9.772633929,5.032446411,1,1,2,0,0.29492002,0.0
player_00715,player,opportunistic_player,0.0,True,1,4.720622257,-1.300393916,0,3,3,0,0.0,0.0
player_00716,player,opportunistic_player,0.0,True,1,1.775710984,-5.999819257,0,10,10,0,0.0,0.0
player_00717,player,occasional_player,0.0,True,1,9.754999535,-0.781693575,0,1,1,1,0.0,0.0
player_00718,player,occasional_player,0.0,True,1,1.423045964,-0.417070887,0,2,2,0,0.0,0.0
player_00719,player,opportunistic_player,0.0,True,1,3.414776111,-2.270316513,0,4,4,0,0.0,0.0
player_00720,player,occasional_player,0.0,True,1,0.69634589,-0.30365411,0,2,2,0,0.0,0.0
player_00721,player,occasional_player,0.0,True,1,0.997673331,-1.125945321,0,4,4,0,0.0,0.0
player_00722,player,occasional_player,0.0,True,1,0.809843981,-1.259455,0,6,6,0,0.0,0.0
player_00723,player,occasional_player,0.0,True,1,15.804041848,14.332897993,1,1,2,0,0.764349616,0.0
player_00724,player,occasional_player,0.0,True,1,15.338705729,4.550343951,2,1,3,0,0.345135527,0.0
player_00725,player,occasional_player,0.0,True,1,0.868437786,-0.712846276,0,4,4,0,0.0,0.0
player_00726,player,occasional_player,0.0,True,1,9.096342523,0.377151015,1,5,6,0,0.30638857,0.0
player_00727,player,occasional_player,0.0,True,1,18.75533734,16.791026248,3,2,5,0,0.955982929,0.0
player_00728,player,occasional_player,0.0,True,1,1.442310777,-1.192227412,0,5,5,0,0.0,0.0
player_00729,player,occasional_player,0.0,True,1,7.973854564,3.813633329,1,2,3,0,0.245369094,0.0
player_00730,player,occasional_player,0.0,True,1,11.046748846,-6.189349546,0,4,4,0,0.0,0.0
player_00731,player,occasional_player,0.0,True,1,1.285006863,-0.406299999,0,2,2,0,0.0,0.0
player_00732,player,occasional_player,0.0,True,1,0.787720527,-0.604660466,0,4,4,0,0.0,0.0
player_00733,player,occasional_player,0.0,True,1,3.640442726,-1.558821928,0,3,3,0,0.0,0.0
player_00734,player,occasional_player,0.0,True,1,11.750438324,5.436377748,1,3,4,0,0.49429979,0.0
player_00735,player,occasional_player,0.0,True,1,2.391851208,-2.516295761,0,6,6,0,0.0,0.0
player_00736,player,opportunistic_player,0.0,True,1,15.251406448,-0.250790028,1,2,3,0,0.151467644,0.0
player_00737,player,occasional_player,0.0,True,1,2.71588321,-1.822855311,0,4,4,0,0.0,0.0
player_00738,player,occasional_player,0.0,True,1,8.591441573,4.46488022,2,2,4,0,0.429688231,0.0
player_00739,player,opportunistic_player,0.0,True,1,7.646115609,-3.212314163,0,3,3,0,0.0,0.0
player_00740,player,opportunistic_player,0.0,True,1,3.07851624,-1.573199877,0,4,4,0,0.0,0.0
player_00741,player,opportunistic_player,0.0,True,1,3.896675013,-1.751743978,0,4,4,0,0.0,0.0
player_00742,player,occasional_player,0.0,True,1,1.012600924,-0.463894585,0,2,2,0,0.0,0.0
player_00743,player,occasional_player,0.0,True,1,1.634347437,-0.37001749,0,2,2,0,0.0,0.0
player_00744,player,opportunistic_player,0.0,True,1,7.026898576,4.026898576,1,2,3,0,0.248675637,0.0
player_00745,player,occasional_player,0.0,True,1,8.947262555,1.202598552,1,5,6,0,0.329691273,0.0
player_00746,player,occasional_player,0.0,True,1,4.793107533,2.760234954,1,4,5,0,0.190974544,0.0
player_00747,player,opportunistic_player,0.0,True,1,3.671685641,-0.467356535,0,1,1,0,0.0,0.0
player_00748,player,occasional_player,0.0,True,1,3.725463341,-0.904178651,0,2,2,0,0.0,0.0
player_00749,player,occasional_player,0.0,True,1,1.608287403,-1.815605808,0,5,5,0,0.0,0.0
player_00750,player,occasional_player,0.0,True,1,3.870621287,-3.398358445,0,4,4,0,0.0,0.0
player_00751,player,occasional_player,0.0,True,1,1.55220118,-1.82940485,0,5,5,0,0.0,0.0
player_00752,player,occasional_player,0.0,True,1,2.354847411,-3.18420971,0,7,7,0,0.0,0.0
player_00753,player,occasional_player,0.0,True,1,2.03940159,-0.925770054,0,3,3,0,0.0,0.0
player_00754,player,occasional_player,0.0,True,1,1.6785279,-0.986402659,0,4,4,0,0.0,0.0
player_00755,player,occasional_player,0.0,True,1,1.819623328,-0.207137695,0,1,1,0,0.0,0.0
player_00756,player,occasional_player,0.0,True,1,16.699831928,8.117667665,1,1,2,0,0.461354939,0.0
player_00757,player,occasional_player,0.0,True,1,0.69848522,-0.754216417,0,4,4,0,0.0,0.0
player_00758,player,occasional_player,0.0,True,1,0.871958911,-0.250778006,0,2,2,0,0.0,0.0
player_00759,player,opportunistic_player,0.0,True,1,23.245742105,9.950870717,2,0,2,0,0.523730038,0.0
player_00760,player,opportunistic_player,0.0,True,1,3.97245298,-2.46233763,0,3,3,0,0.0,0.0
player_00761,player,occasional_player,0.0,True,1,2.000022438,-0.538444538,0,2,2,0,0.0,0.0
player_00762,player,occasional_player,0.0,True,1,4.723881437,-0.668020458,0,1,1,0,0.0,0.0
player_00763,player,occasional_player,0.0,True,1,6.759892192,-3.921957836,0,3,3,0,0.0,0.0
player_00764,player,opportunistic_player,0.0,True,1,15.114722741,-1.96772005,0,1,1,0,0.0,0.0
player_00765,player,opportunistic_player,0.0,True,1,5.397712496,-4.020457125,0,5,5,0,0.0,0.0
player_00766,player,opportunistic_player,0.0,True,1,2.08587181,-1.347643663,0,4,4,0,0.0,0.0
player_00767,player,occasional_player,0.0,True,1,1.037693692,-0.555398429,0,3,3,0,0.0,0.0
player_00768,player,occasional_player,0.0,True,1,1.871134178,-1.367387718,0,4,4,0,0.0,0.0
player_00769,player,player_whale,0.0,True,1,34.786556427,-0.213443573,1,3,4,0,0.228797792,0.0
player_00770,player,opportunistic_player,0.0,True,1,8.910021177,-2.880812895,0,2,2,1,0.0,0.0
player_00771,player,occasional_player,0.0,True,1,5.656453814,-0.676875158,0,1,1,0,0.0,0.0
player_00772,player,opportunistic_player,0.0,True,1,2.09482595,-0.90517405,0,3,3,0,0.0,0.0
player_00773,player,opportunistic_player,0.0,True,1,21.711338388,-1.976231308,0,1,1,0,0.0,0.0
player_00774,player,opportunistic_player,0.0,True,1,12.082048367,3.906245584,2,5,7,0,0.384387315,0.0
player_00775,player,player_whale,0.0,True,1,41.498049498,-2.017170951,1,1,2,0,0.081233502,0.0
player_00776,player,occasional_player,0.0,True,1,2.161189934,-0.578029733,1,7,8,0,0.20402049,0.0
player_00777,player,opportunistic_player,0.0,True,1,18.828495854,-5.061738457,0,2,2,0,0.0,0.0
player_00778,player,occasional_player,0.0,True,1,8.349293543,0.069601241,1,3,4,0,0.15260775,0.0
player_00779,player,opportunistic_player,0.0,True,1,7.850463323,0.754375325,1,4,5,0,0.270109826,0.0
player_00780,player,occasional_player,0.0,True,1,3.785544341,-1.08428937,0,3,3,0,0.0,0.0
player_00781,player,occasional_player,0.0,True,1,0.740844929,-0.259155071,0,3,3,0,0.0,0.0
player_00782,player,occasional_player,0.0,True,1,4.549076252,-1.06187002,0,2,2,0,0.0,0.0
player_00783,player,occasional_player,0.0,True,1,1.224731789,-0.599335742,0,3,3,0,0.0,0.0
player_00784,player,occasional_player,0.0,True,1,2.307978115,-0.628615194,0,1,1,0,0.0,0.0
player_00785,player,opportunistic_player,0.0,True,1,2.699576708,-1.828811249,1,9,10,0,0.185699439,0.0
player_00786,player,occasional_player,0.0,True,1,1.583165178,-1.157101303,0,5,5,0,0.0,0.0
player_00787,player,opportunistic_player,0.0,True,1,13.312714006,-2.960366947,1,2,4,0,0.044856493,0.0
player_00788,player,occasional_player,0.0,True,1,23.03173921,3.703682571,1,1,2,0,0.283338429,0.0
player_00789,player,occasional_player,0.0,True,1,2.338160444,-0.511890804,0,1,1,0,0.0,0.0
player_00790,player,opportunistic_player,0.0,True,1,7.947833869,-1.759919717,0,2,2,0,0.0,0.0
player_00791,player,occasional_player,0.0,True,1,1.502165721,-0.766599859,0,3,3,0,0.0,0.0
player_00792,player,occasional_player,0.0,True,1,15.646309899,13.089405536,2,4,6,0,0.763793608,0.0
player_00793,player,opportunistic_player,0.0,True,1,5.426652411,-4.48189904,0,4,4,0,0.0,0.0
player_00794,player,occasional_player,0.0,True,1,1.277517611,-0.622535719,0,3,3,0,0.0,0.0
player_00795,player,occasional_player,0.0,True,1,6.00551212,-3.57499676,0,3,3,0,0.0,0.0
player_00796,player,occasional_player,0.0,True,1,1.676073891,-1.549827679,0,5,5,0,0.0,0.0
player_00797,player,occasional_player,0.0,True,1,3.861949422,-1.163650744,2,8,10,0,0.354401466,0.0
player_00798,player,opportunistic_player,0.0,True,1,4.572744565,-0.323731346,0,1,1,0,0.0,0.0
player_00799,player,occasional_player,0.0,True,1,26.412482023,-3.511327749,1,2,3,0,0.315161327,0.0
player_00800,player,occasional_player,0.0,True,1,1.217682239,-1.139905175,0,5,5,0,0.0,0.0
player_00801,player,occasional_player,0.0,True,1,0.825181296,-1.1254068,0,5,5,0,0.0,0.0
player_00802,player,occasional_player,0.0,True,1,1.225317426,-1.097174499,0,4,4,0,0.0,0.0
player_00803,player,occasional_player,0.0,True,1,5.028910703,1.803078286,1,3,4,0,0.203875248,0.0
player_00804,player,occasional_player,0.0,True,1,12.156385477,7.685019289,2,3,5,0,0.690841451,0.0
player_00805,player,occasional_player,0.0,True,1,4.711375746,2.536055757,1,3,4,0,0.185843655,0.0
player_00806,player,occasional_player,0.0,True,1,8.634207526,-4.466917084,1,4,5,0,0.133750144,0.0
player_00807,player,occasional_player,0.0,True,1,4.030145586,-2.560730777,0,4,4,0,0.0,0.0
player_00808,player,occasional_player,0.0,True,1,2.044541294,-1.718105579,0,4,4,0,0.0,0.0
player_00809,player,occasional_player,0.0,True,1,2.706085377,-0.714040838,0,2,2,0,0.0,0.0
player_00810,player,opportunistic_player,0.0,True,1,20.424682424,5.184507427,2,3,5,0,0.60686042,0.0
player_00811,player,occasional_player,0.0,True,1,7.821760349,-4.535171689,0,2,2,0,0.0,0.0
player_00812,player,occasional_player,0.0,True,1,4.690945039,1.829072415,1,2,3,0,0.137050051,0.0
player_00813,player,occasional_player,0.0,True,1,7.880160754,-1.585773821,0,1,1,0,0.0,0.0
player_00814,player,opportunistic_player,0.0,True,1,6.224258217,-0.421564603,0,1,1,0,0.0,0.0
player_00815,player,occasional_player,0.0,True,1,4.595604752,-2.041752687,0,3,3,0,0.0,0.0
player_00816,player,occasional_player,0.0,True,1,2.470156635,-0.215800737,0,1,1,0,0.0,0.0
player_00817,player,occasional_player,0.0,True,1,7.909140229,-3.335490035,0,2,2,0,0.0,0.0
player_00818,player,occasional_player,0.0,True,1,2.213276506,-1.012237742,0,2,2,0,0.0,0.0
player_00819,player,occasional_player,0.0,True,1,3.603088455,-0.96242869,0,2,2,0,0.0,0.0
player_00820,player,occasional_player,0.0,True,1,3.230407158,-1.973074236,0,3,3,0,0.0,0.0
player_00821,player,player_whale,0.0,True,1,32.810184054,-5.743549566,0,3,3,0,0.0,0.0
player_00822,player,occasional_player,0.0,True,1,5.458313229,-3.788291138,0,3,3,0,0.0,0.0
player_00823,player,occasional_player,0.0,True,1,24.720703357,-9.226037153,2,4,6,0,0.310070977,0.0
player_00824,player,player_whale,0.0,True,1,47.972002059,4.032972412,2,2,4,0,0.397621246,0.0
player_00825,player,occasional_player,0.0,True,1,3.245546616,-3.040925196,0,5,5,0,0.0,0.0
player_00826,player,occasional_player,0.0,True,1,14.530313886,-8.01268355,0,3,3,0,0.0,0.0
player_00827,player,occasional_player,0.0,True,1,0.869832283,-1.070575048,0,5,5,0,0.0,0.0
player_00828,player,occasional_player,0.0,True,1,1.794796811,-1.304252182,0,3,3,0,0.0,0.0
player_00829,player,occasional_player,0.0,True,1,17.184508163,11.793152096,2,0,2,0,0.620692216,0.0
player_00830,player,occasional_player,0.0,True,1,3.526570978,-1.398471001,0,2,2,0,0.0,0.0
player_00831,player,opportunistic_player,0.0,True,1,3.79533158,-2.085542734,0,3,3,0,0.0,0.0
player_00832,player,occasional_player,0.0,True,1,25.709538296,18.94327878,2,0,2,0,0.997014673,0.0
player_00833,player,occasional_player,0.0,True,1,5.836288014,-5.510118523,0,4,4,0,0.0,0.0
player_00834,player,occasional_player,0.0,True,1,1.595294735,-0.541491101,0,2,2,1,0.0,0.0
player_00835,player,occasional_player,0.0,True,1,8.328383815,-0.936577103,0,1,1,1,0.0,0.0
player_00836,player,occasional_player,0.0,True,1,2.181456392,-0.94849456,0,2,2,0,0.0,0.0
player_00837,player,occasional_player,0.0,True,1,8.724907042,4.025539671,1,1,2,0,0.267715847,0.0
player_00838,player,occasional_player,0.0,True,1,5.417764998,-0.625393834,0,1,1,0,0.0,0.0
player_00839,player,occasional_player,0.0,True,1,1.066525312,-0.153666941,0,1,1,0,0.0,0.0
player_00840,player,occasional_player,0.0,True,1,2.544516021,-0.684761555,0,1,1,0,0.0,0.0
player_00841,player,opportunistic_player,0.0,True,1,4.021291645,-1.859412225,0,3,3,1,0.0,0.0
player_00842,player,occasional_player,0.0,True,1,1.378774496,-1.365209627,0,4,4,1,0.0,0.0
player_00843,player,player_whale,0.0,True,1,100.72464719,-13.285175359,1,2,3,0,0.080990224,0.0
player_00844,player,occasional_player,0.0,True,1,2.674932794,-1.131556462,0,3,3,0,0.0,0.0
player_00845,player,occasional_player,0.0,True,1,5.450686652,-3.444505943,0,3,3,0,0.0,0.0
player_00846,player,occasional_player,0.0,True,1,7.410441359,3.592993531,1,4,5,0,0.41534463,0.0
player_00847,player,occasional_player,0.0,True,1,0.646253333,-0.353746667,0,3,3,0,0.0,0.0
player_00848,player,opportunistic_player,0.0,True,1,6.980045017,2.55030503,1,3,4,0,0.217103575,0.0
player_00849,player,occasional_player,0.0,True,1,1.034373078,-0.59680667,0,3,3,0,0.0,0.0
player_00850,player,occasional_player,0.0,True,1,8.115404701,0.436823702,1,3,4,0,0.205610117,0.0
player_00851,player,occasional_player,0.0,True,1,3.333826522,-1.98462984,0,4,4,0,0.0,0.0
player_00852,player,occasional_player,0.0,True,1,3.062090153,-1.567783139,0,3,3,0,0.0,0.0
player_00853,player,occasional_player,0.0,True,1,1.887254334,-0.682586856,0,2,2,0,0.0,0.0
player_00854,player,occasional_player,0.0,True,1,3.859785087,-2.508931016,0,4,4,0,0.0,0.0
player_00855,player,occasional_player,0.0,True,1,5.064145839,-1.911238742,0,2,2,0,0.0,0.0
player_00856,player,occasional_player,0.0,True,1,0.806184555,-0.505719592,0,3,3,0,0.0,0.0
player_00857,player,occasional_player,0.0,True,1,6.991410846,-4.026100553,0,3,3,0,0.0,0.0
player_00858,player,occasional_player,0.0,True,1,2.102655702,-0.950792955,0,2,2,0,0.0,0.0
player_00859,player,occasional_player,0.0,True,1,8.454210211,-6.980696612,0,4,4,0,0.0,0.0
player_00860,player,occasional_player,0.0,True,1,0.698274033,-0.389788973,0,4,4,0,0.0,0.0
player_00861,player,opportunistic_player,0.0,True,1,4.333525562,-1.885492936,0,3,3,0,0.0,0.0
player_00862,player,opportunistic_player,0.0,True,1,29.893549701,11.53565642,2,0,2,0,0.607139812,0.0
player_00863,player,occasional_player,0.0,True,1,14.653918947,-4.232619135,0,3,3,0,0.0,0.0
player_00864,player,occasional_player,0.0,True,1,1.54556237,-0.437437295,0,2,2,0,0.0,0.0
player_00865,player,occasional_player,0.0,True,1,0.679061406,-0.320938594,0,3,3,0,0.0,0.0
player_00866,player,occasional_player,0.0,True,1,3.690235299,-0.697987127,0,2,2,0,0.0,0.0
player_00867,player,occasional_player,0.0,True,1,5.699972126,-1.144989603,0,1,1,0,0.0,0.0
player_00868,player,occasional_player,0.0,True,1,2.146605177,0.857828054,1,5,6,0,0.169502754,0.0
player_00869,player,opportunistic_player,0.0,True,1,21.260218007,6.312712158,1,2,3,0,0.4371393,0.0
player_00870,player,opportunistic_player,0.0,True,1,15.062095881,3.661494009,1,2,3,0,0.340277609,0.0
player_00871,player,opportunistic_player,0.0,True,1,4.748760426,-2.484074563,0,3,3,0,0.0,0.0
player_00872,player,occasional_player,0.0,True,1,38.979147603,4.585088267,2,2,4,0,0.516739736,0.0
player_00873,player,occasional_player,0.0,True,1,2.47129675,-1.76849244,0,4,4,0,0.0,0.0
player_00874,player,occasional_player,0.0,True,1,9.098349768,-3.442258473,0,4,4,0,0.0,0.0
player_00875,player,occasional_player,0.0,True,1,11.876237262,2.776146995,1,2,3,0,0.360960471,0.0
player_00876,player,opportunistic_player,0.0,True,1,7.119373667,-0.95913736,1,3,4,0,0.121767951,0.0
player_00877,player,occasional_player,0.0,True,1,6.728251894,-1.108367511,0,1,1,0,0.0,0.0
player_00878,player,occasional_player,0.0,True,1,11.335443619,0.915931807,1,3,4,0,0.288415174,0.0
player_00879,player,occasional_player,0.0,True,1,1.988646688,-2.42723204,0,5,5,0,0.0,0.0
player_00880,player,occasional_player,0.0,True,1,8.989534077,7.635974547,2,1,3,0,0.498589496,0.0
player_00881,player,opportunistic_player,0.0,True,1,4.315303034,-0.439982107,0,1,1,0,0.0,0.0
player_00882,player,occasional_player,0.0,True,1,4.958972974,-0.51371449,0,1,1,0,0.0,0.0
player_00883,player,occasional_player,0.0,True,1,13.614095335,-5.885506029,0,2,2,1,0.0,0.0
player_00884,player,occasional_player,0.0,True,1,13.028460928,5.943141603,2,3,5,0,0.55444569,0.0
player_00885,player,opportunistic_player,0.0,True,1,63.773582245,7.549053985,3,2,5,0,0.745833367,0.0
player_00886,player,occasional_player,0.0,True,1,1.400376794,-0.517520357,0,3,3,0,0.0,0.0
player_00887,player,opportunistic_player,0.0,True,1,1.763184824,-1.236815176,0,4,4,0,0.0,0.0
player_00888,player,occasional_player,0.0,True,1,2.687913413,-1.646951121,0,3,3,0,0.0,0.0
player_00889,player,opportunistic_player,0.0,True,1,2.703802799,-0.296197201,0,1,1,0,0.0,0.0
player_00890,player,occasional_player,0.0,True,1,14.346107135,9.335571093,2,2,4,0,0.606378979,0.0
player_00891,player,occasional_player,0.0,True,1,9.363486821,-4.370328165,0,2,2,0,0.0,0.0
player_00892,player,occasional_player,0.0,True,1,9.789851982,-0.138504885,1,2,3,0,0.096168329,0.0
player_00893,player,occasional_player,0.0,True,1,3.081128083,-0.553868262,0,2,2,0,0.0,0.0
player_00894,player,occasional_player,0.0,True,1,2.305438262,-1.245614416,0,3,3,0,0.0,0.0
player_00895,player,opportunistic_player,0.0,True,1,2.192517508,-0.807482492,0,2,2,0,0.0,0.0
player_00896,player,player_whale,0.0,True,1,64.173467658,10.626056821,2,1,3,0,0.631164355,0.0
player_00897,player,player_whale,0.0,True,1,25.205336481,-9.794663519,0,7,7,0,0.0,0.0
player_00898,player,occasional_player,0.0,True,1,3.703625944,-1.211797511,0,2,2,0,0.0,0.0
player_00899,player,occasional_player,0.0,True,1,0.818586143,-0.181413857,0,2,2,0,0.0,0.0
player_00900,player,occasional_player,0.0,True,1,4.079321755,-1.042294642,0,1,1,0,0.0,0.0
player_00901,player,occasional_player,0.0,True,1,1.249310538,-1.541689138,0,5,5,0,0.0,0.0
player_00902,player,occasional_player,0.0,True,1,20.297670022,4.053187552,2,1,3,0,0.359978387,0.0
player_00903,player,player_whale,0.0,True,1,117.438709275,19.645759123,3,0,3,0,1.033987322,0.0
player_00904,player,occasional_player,0.0,True,1,1.490540646,-0.415460154,0,3,3,0,0.0,0.0
player_00905,player,opportunistic_player,0.0,True,1,34.519234791,-4.746125698,1,2,3,0,0.042465476,0.0
player_00906,player,player_whale,0.0,True,1,41.129866235,2.30619057,1,1,2,0,0.330224468,0.0
player_00907,player,occasional_player,0.0,True,1,3.690114017,-0.307107583,0,1,1,0,0.0,0.0
player_00908,player,occasional_player,0.0,True,1,0.898604338,-0.46899672,0,2,2,1,0.0,0.0
player_00909,player,occasional_player,0.0,True,1,14.277120563,5.007277847,2,3,5,0,0.505930094,0.0
player_00910,player,occasional_player,0.0,True,1,4.584908515,2.783019284,1,1,2,0,0.15742551,0.0
player_00911,player,occasional_player,0.0,True,1,1.842956603,-1.399485071,0,3,3,0,0.0,0.0
player_00912,player,occasional_player,0.0,True,1,1.952200781,-0.767045319,0,3,3,0,0.0,0.0
player_00913,player,opportunistic_player,0.0,True,1,15.275613089,8.060200833,1,0,1,0,0.424221096,0.0
player_00914,player,opportunistic_player,0.0,True,1,12.754383939,-5.141131511,0,3,3,0,0.0,0.0
player_00915,player,occasional_player,0.0,True,1,2.062741093,-0.844845205,0,2,2,0,0.0,0.0
player_00916,player,player_whale,0.0,True,1,80.94377501,-14.372289637,0,3,3,0,0.0,0.0
player_00917,player,occasional_player,0.0,True,1,3.841801193,-1.809893994,0,3,3,0,0.0,0.0
player_00918,player,occasional_player,0.0,True,1,2.592613703,-0.775964658,0,2,2,0,0.0,0.0
player_00919,player,occasional_player,0.0,True,1,0.718242331,-0.281757669,0,2,2,0,0.0,0.0
player_00920,player,occasional_player,0.0,True,1,1.932386578,-0.729623662,0,2,2,1,0.0,0.0
player_00921,player,occasional_player,0.0,True,1,7.195447365,4.917244539,1,1,2,0,0.274935685,0.0
player_00922,player,occasional_player,0.0,True,1,0.570767097,-0.429232903,0,3,3,0,0.0,0.0
player_00923,player,occasional_player,0.0,True,1,9.377281163,3.456294138,1,1,2,0,0.308279544,0.0
player_00924,player,occasional_player,0.0,True,1,6.38051036,-2.98159773,0,3,3,0,0.0,0.0
player_00925,player,occasional_player,0.0,True,1,1.131803868,-0.67855939,0,3,3,0,0.0,0.0
player_00926,player,occasional_player,0.0,True,1,6.446944367,3.308693559,1,2,3,0,0.339528736,0.0
player_00927,player,occasional_player,0.0,True,1,1.563463488,-1.359448806,0,4,4,0,0.0,0.0
player_00928,player,occasional_player,0.0,True,1,1.519432393,-0.68227506,0,3,3,0,0.0,0.0
player_00929,player,occasional_player,0.0,True,1,7.288631113,4.743013894,1,1,2,0,0.273497776,0.0
player_00930,player,occasional_player,0.0,True,1,3.952699065,-1.656854561,0,2,2,0,0.0,0.0
player_00931,player,occasional_player,0.0,True,1,0.561577484,-0.691447374,0,5,5,0,0.0,0.0
player_00932,player,occasional_player,0.0,True,1,1.073520326,-0.626203556,0,2,2,0,0.0,0.0
player_00933,player,occasional_player,0.0,True,1,3.035964704,-1.955510786,0,3,3,1,0.0,0.0
player_00934,player,occasional_player,0.0,True,1,1.612341682,-1.022881594,0,3,3,0,0.0,0.0
player_00935,player,occasional_player,0.0,True,1,2.206442357,-0.747732932,0,3,3,0,0.0,0.0
player_00936,player,occasional_player,0.0,True,1,15.198239223,-0.153228209,1,2,3,0,0.270024472,0.0
player_00937,player,occasional_player,0.0,True,1,9.309390885,2.064129469,1,0,1,0,0.108638393,0.0
player_00938,player,opportunistic_player,0.0,True,1,3.535757065,-2.287009769,0,4,4,0,0.0,0.0
player_00939,player,occasional_player,0.0,True,1,2.789082427,-1.203160496,0,2,2,0,0.0,0.0
player_00940,player,occasional_player,0.0,True,1,0.857270954,-2.165263725,0,8,8,0,0.0,0.0
player_00941,player,occasional_player,0.0,True,1,2.646622358,-0.832382599,0,2,2,0,0.0,0.0
player_00942,player,occasional_player,0.0,True,1,0.932189222,-0.476098458,0,2,2,0,0.0,0.0
player_00943,player,occasional_player,0.0,True,1,1.653286973,-0.574125251,0,2,2,0,0.0,0.0
player_00944,player,occasional_player,0.0,True,1,2.281387414,-1.894170291,0,5,5,0,0.0,0.0
player_00945,player,occasional_player,0.0,True,1,5.053512266,0.687465585,1,3,4,0,0.143553857,0.0
player_00946,player,occasional_player,0.0,True,1,2.043484974,-1.526965314,0,3,3,0,0.0,0.0
player_00947,player,occasional_player,0.0,True,1,7.448204601,3.174548433,1,1,2,0,0.201431379,0.0
player_00948,player,occasional_player,0.0,True,1,1.054099298,-0.552170653,0,3,3,0,0.0,0.0
player_00949,player,occasional_player,0.0,True,1,1.509925676,-1.359815326,0,4,4,0,0.0,0.0
player_00950,player,opportunistic_player,0.0,True,1,2.864544119,-1.097905837,0,2,2,0,0.0,0.0
player_00951,player,occasional_player,0.0,True,1,2.028634416,-0.981197932,0,3,3,0,0.0,0.0
player_00952,player,occasional_player,0.0,True,1,8.836331793,3.419972862,1,2,3,0,0.249956317,0.0
player_00953,player,occasional_player,0.0,True,1,1.346317147,-0.127578179,0,1,1,0,0.0,0.0
player_00954,player,player_whale,0.0,True,1,30.863619539,-4.136380461,0,2,2,0,0.0,0.0
player_00955,player,occasional_player,0.0,True,1,4.033749643,-3.157211623,0,4,4,0,0.0,0.0
player_00956,player,occasional_player,0.0,True,1,4.868933354,-0.968660121,0,1,1,0,0.0,0.0
player_00957,player,occasional_player,0.0,True,1,14.718390247,11.242769535,3,1,4,0,0.709604064,0.0
player_00958,player,occasional_player,0.0,True,1,9.705341802,0.073029022,1,2,3,0,0.217863,0.0
player_00959,player,occasional_player,0.0,True,1,5.470255148,-1.68964468,0,2,2,0,0.0,0.0
player_00960,player,occasional_player,0.0,True,1,0.741878628,-0.258121372,0,2,2,0,0.0,0.0
player_00961,player,opportunistic_player,0.0,True,1,11.527892323,-4.65601047,0,3,3,0,0.0,0.0
player_00962,player,occasional_player,0.0,True,1,2.715659413,-0.663332117,0,1,1,0,0.0,0.0
player_00963,player,occasional_player,0.0,True,1,8.292724673,3.211162281,1,0,1,0,0.169008541,0.0
player_00964,player,occasional_player,0.0,True,1,2.415067429,-0.846729865,0,3,3,0,0.0,0.0
player_00965,player,opportunistic_player,0.0,True,1,12.650635292,8.857541,1,1,2,0,0.585426345,0.0
player_00966,player,opportunistic_player,0.0,True,1,10.363121918,-4.993226081,0,4,4,0,0.0,0.0
player_00967,player,occasional_player,0.0,True,1,3.404738437,-1.568452002,0,2,2,0,0.0,0.0
player_00968,player,occasional_player,0.0,True,1,2.400516456,-2.362300136,0,4,4,0,0.0,0.0
player_00969,player,occasional_player,0.0,True,1,2.897920226,-0.18603064,0,1,1,0,0.0,0.0
player_00970,player,opportunistic_player,0.0,True,1,3.895190115,-1.651367917,0,3,3,0,0.0,0.0
player_00971,player,occasional_player,0.0,True,1,3.20321831,-2.260827568,0,5,5,0,0.0,0.0
player_00972,player,occasional_player,0.0,True,1,17.928781878,3.879810547,1,1,2,0,0.288807223,0.0
player_00973,player,occasional_player,0.0,True,1,2.025279092,-1.161719975,0,4,4,0,0.0,0.0
player_00974,player,occasional_player,0.0,True,1,6.650653374,3.434915917,1,2,3,0,0.278311518,0.0
player_00975,player,occasional_player,0.0,True,1,3.459771385,-0.459376738,0,1,1,0,0.0,0.0
player_00976,player,occasional_player,0.0,True,1,11.930388259,-0.946358894,0,1,1,0,0.0,0.0
player_00977,player,opportunistic_player,0.0,True,1,4.79921531,-0.259464668,0,1,1,0,0.0,0.0
player_00978,player,occasional_player,0.0,True,1,2.539702838,-0.639605048,0,1,1,0,0.0,0.0
player_00979,player,occasional_player,0.0,True,1,4.01557519,-0.815208724,0,2,2,0,0.0,0.0
player_00980,player,occasional_player,0.0,True,1,2.176498754,-1.273976527,0,4,4,0,0.0,0.0
player_00981,player,opportunistic_player,0.0,True,1,20.015649128,0.351302281,2,2,4,0,0.264742253,0.0
player_00982,player,occasional_player,0.0,True,1,2.698420428,-0.501328465,0,1,1,0,0.0,0.0
player_00983,player,occasional_player,0.0,True,1,1.476702981,-1.022659572,0,3,3,0,0.0,0.0
player_00984,player,occasional_player,0.0,True,1,2.336858324,-1.194630284,0,4,4,0,0.0,0.0
player_00985,player,opportunistic_player,0.0,True,1,5.796342506,-0.323786947,0,1,1,0,0.0,0.0
player_00986,player,occasional_player,0.0,True,1,4.293821202,-5.080606946,0,6,6,0,0.0,0.0
player_00987,player,occasional_player,0.0,True,1,12.314216482,3.857597422,1,1,2,0,0.328495958,0.0
player_00988,player,occasional_player,0.0,True,1,1.145325288,-0.656657618,0,3,3,0,0.0,0.0
player_00989,player,occasional_player,0.0,True,1,1.341839801,-1.558245217,0,5,5,0,0.0,0.0
player_00990,player,player_whale,0.0,True,1,38.824577149,-3.061984995,0,1,1,0,0.0,0.0
player_00991,player,occasional_player,0.0,True,1,21.993922703,4.261562447,1,0,1,0,0.22429276,0.0
player_00992,player,occasional_player,0.0,True,1,3.085253443,-1.743753269,0,4,4,0,0.0,0.0
player_00993,player,opportunistic_player,0.0,True,1,7.325685318,-1.889021926,0,2,2,0,0.0,0.0
player_00994,player,opportunistic_player,0.0,True,1,2.757940874,-0.596762461,0,1,1,0,0.0,0.0
player_00995,player,occasional_player,0.0,True,1,1.770897483,-0.969369663,0,2,2,0,0.0,0.0
player_00996,player,opportunistic_player,0.0,True,1,7.764387609,-1.509942014,0,2,2,0,0.0,0.0
player_00997,player,occasional_player,0.0,True,1,2.287113977,-1.112129107,0,3,3,0,0.0,0.0
player_00998,player,occasional_player,0.0,True,1,4.549215781,-3.416039768,0,4,4,0,0.0,0.0
player_00999,player,opportunistic_player,0.0,True,1,13.548939223,-3.51219807,0,2,2,0,0.0,0.0
player_01000,player,occasional_player,0.0,True,1,4.931245921,-1.058072363,0,1,1,0,0.0,0.0
player_01001,player,opportunistic_player,0.0,True,1,9.515911664,-4.909286486,0,3,3,0,0.0,0.0
player_01002,player,opportunistic_player,0.0,True,1,3.835404709,-1.026724227,0,2,2,0,0.0,0.0
player_01003,player,occasional_player,0.0,True,1,10.0854938,-1.898846531,1,4,5,0,0.279327885,0.0
player_01004,player,occasional_player,0.0,True,1,1.042399075,-0.475289448,0,2,2,0,0.0,0.0
player_01005,player,occasional_player,0.0,True,1,2.379288987,-1.192008518,0,3,3,0,0.0,0.0
player_01006,player,player_whale,0.0,True,1,47.063175614,-11.769223674,0,4,4,0,0.0,0.0
player_01007,player,occasional_player,0.0,True,1,3.415831885,-1.317555308,0,2,2,0,0.0,0.0
player_01008,player,occasional_player,0.0,True,1,3.188155158,-0.295360278,0,1,1,0,0.0,0.0
player_01009,player,occasional_player,0.0,True,1,5.274521357,4.211015483,1,2,3,0,0.294669998,0.0
player_01010,player,occasional_player,0.0,True,1,7.213460298,-0.912624022,0,1,1,0,0.0,0.0
player_01011,player,opportunistic_player,0.0,True,1,4.052471666,-0.801819884,0,1,1,0,0.0,0.0
player_01012,player,occasional_player,0.0,True,1,5.06932872,-0.830783667,0,1,1,0,0.0,0.0
player_01013,player,occasional_player,0.0,True,1,2.371413425,-1.387585542,0,3,3,0,0.0,0.0
player_01014,player,occasional_player,0.0,True,1,2.126094255,-0.229886486,0,1,1,0,0.0,0.0
player_01015,player,opportunistic_player,0.0,True,1,4.923019485,-1.090843727,0,2,2,0,0.0,0.0
player_01016,player,occasional_player,0.0,True,1,11.18027529,3.967828984,1,2,3,0,0.285693889,0.0
player_01017,player,occasional_player,0.0,True,1,4.33701018,-0.28174429,0,1,1,0,0.0,0.0
player_01018,player,occasional_player,0.0,True,1,0.703642559,-0.296357441,0,3,3,0,0.0,0.0
player_01019,player,occasional_player,0.0,True,1,13.662075976,-2.753807125,0,1,1,0,0.0,0.0
player_01020,player,occasional_player,0.0,True,1,0.689654104,-0.310345896,0,3,3,0,0.0,0.0
player_01021,player,occasional_player,0.0,True,1,40.286652929,5.286652929,2,1,3,0,0.393710684,0.0
player_01022,player,occasional_player,0.0,True,1,5.031807681,-1.260122758,0,1,1,0,0.0,0.0
player_01023,player,occasional_player,0.0,True,1,3.608338295,-1.546378167,0,2,2,0,0.0,0.0
player_01024,player,occasional_player,0.0,True,1,1.608635061,-0.296250815,0,1,1,0,0.0,0.0
player_01025,player,occasional_player,0.0,True,1,4.87258417,-1.049194587,0,1,1,0,0.0,0.0
player_01026,player,occasional_player,0.0,True,1,11.173256841,-9.480528204,0,4,4,0,0.0,0.0
player_01027,player,opportunistic_player,0.0,True,1,6.852667355,-1.052219481,0,1,1,0,0.0,0.0
player_01028,player,opportunistic_player,0.0,True,1,7.406183989,-0.58021651,0,1,1,0,0.0,0.0
player_01029,player,opportunistic_player,0.0,True,1,8.418222324,-1.846002256,0,2,2,0,0.0,0.0
player_01030,player,occasional_player,0.0,True,1,1.223828059,-0.613562244,0,2,2,0,0.0,0.0
player_01031,player,occasional_player,0.0,True,1,0.768689061,-0.781280246,0,4,4,0,0.0,0.0
player_01032,player,occasional_player,0.0,True,1,27.803606535,2.675861123,2,2,4,0,0.38439342,0.0
player_01033,player,occasional_player,0.0,True,1,1.539579318,-1.009884792,0,4,4,0,0.0,0.0
player_01034,player,opportunistic_player,0.0,True,1,10.29383846,-2.692871855,0,3,3,0,0.0,0.0
player_01035,player,occasional_player,0.0,True,1,4.624586067,3.252911716,1,2,3,0,0.294773525,0.0
player_01036,player,opportunistic_player,0.0,True,1,7.258597433,-2.790661043,0,2,2,0,0.0,0.0
player_01037,player,occasional_player,0.0,True,1,7.920807982,-1.787470983,1,3,4,0,0.214707083,0.0
player_01038,player,player_whale,0.0,True,1,40.027077542,0.909018839,1,1,2,0,0.124058229,0.0
player_01039,player,occasional_player,0.0,True,1,3.277789412,-1.485333456,0,2,2,0,0.0,0.0
player_01040,player,occasional_player,0.0,True,1,0.507118715,-0.75507409,0,4,4,0,0.0,0.0
player_01041,player,occasional_player,0.0,True,1,3.39118471,-0.671328305,0,1,1,1,0.0,0.0
player_01042,player,occasional_player,0.0,True,1,2.261222365,-0.620474874,0,1,1,0,0.0,0.0
player_01043,player,occasional_player,0.0,True,1,0.623319931,-0.833466037,0,5,5,0,0.0,0.0
player_01044,player,occasional_player,0.0,True,1,1.97786202,-0.860012348,0,2,2,0,0.0,0.0
player_01045,player,occasional_player,0.0,True,1,0.725215032,-0.566059841,0,3,3,0,0.0,0.0
player_01046,player,occasional_player,0.0,True,1,11.035708469,-2.115340997,0,2,2,0,0.0,0.0
player_01047,player,occasional_player,0.0,True,1,0.88780481,-0.11219519,0,1,1,0,0.0,0.0
player_01048,player,opportunistic_player,0.0,True,1,2.25808402,-0.74191598,0,2,2,0,0.0,0.0
player_01049,player,occasional_player,0.0,True,1,1.807788015,-0.470810769,0,1,1,0,0.0,0.0
player_01050,player,occasional_player,0.0,True,1,9.249349425,-1.148874361,0,1,1,0,0.0,0.0
player_01051,player,occasional_player,0.0,True,1,3.396370482,-0.91313136,0,1,1,0,0.0,0.0
player_01052,player,opportunistic_player,0.0,True,1,4.854604928,-1.213470368,0,2,2,0,0.0,0.0
player_01053,player,occasional_player,0.0,True,1,1.659662673,-1.438019737,0,4,4,0,0.0,0.0
player_01054,player,player_whale,0.0,True,1,128.969442107,-0.243562592,1,1,2,0,0.189437274,0.0
player_01055,player,opportunistic_player,0.0,True,1,13.309101396,-2.85600734,1,3,4,0,0.104210002,0.0
player_01056,player,occasional_player,0.0,True,1,2.366068181,-0.809448894,0,2,2,0,0.0,0.0
player_01057,player,opportunistic_player,0.0,True,1,10.251903591,-1.366067954,0,1,1,0,0.0,0.0
player_01058,player,opportunistic_player,0.0,True,1,31.848253987,14.387970439,2,0,2,0,0.757261602,0.0
player_01059,player,occasional_player,0.0,True,1,5.971606416,-2.021195734,0,2,2,0,0.0,0.0
player_01060,player,player_whale,0.0,True,1,55.741668219,-4.113133018,1,2,3,0,0.292492582,0.0
player_01061,player,occasional_player,0.0,True,1,9.18992025,-5.418052884,0,3,3,0,0.0,0.0
player_01062,player,occasional_player,0.0,True,1,21.875994719,4.824336099,1,1,2,0,0.371721454,0.0
player_01063,player,player_whale,0.0,True,1,84.085010482,-6.602386254,1,3,4,0,0.262629694,0.0
player_01064,player,opportunistic_player,0.0,True,1,10.24462991,-4.726266989,0,3,3,0,0.0,0.0
player_01065,player,occasional_player,0.0,True,1,3.135519224,-4.072634617,0,5,5,0,0.0,0.0
player_01066,player,occasional_player,0.0,True,1,1.385996434,-0.761760716,0,2,2,1,0.0,0.0
player_01067,player,occasional_player,0.0,True,1,5.324932901,3.124943571,1,3,4,0,0.277117592,0.0
player_01068,player,occasional_player,0.0,True,1,7.202994658,4.608343341,1,2,3,0,0.267683883,0.0
player_01069,player,occasional_player,0.0,True,1,2.260940256,-0.981790513,0,3,3,1,0.0,0.0
player_01070,player,occasional_player,0.0,True,1,2.029095395,-0.370063635,0,2,2,1,0.0,0.0
player_01071,player,occasional_player,0.0,True,1,5.563998321,2.899743927,1,1,2,0,0.17065756,0.0
player_01072,player,occasional_player,0.0,True,1,2.542667336,-0.927827906,0,2,2,0,0.0,0.0
player_01073,player,occasional_player,0.0,True,1,3.765950017,-1.519803013,0,2,2,0,0.0,0.0
player_01074,player,opportunistic_player,0.0,True,1,13.848423027,2.661320324,1,2,3,0,0.261550368,0.0
player_01075,player,opportunistic_player,0.0,True,1,21.291828149,-3.439522735,0,1,1,0,0.0,0.0
player_01076,player,occasional_player,0.0,True,1,22.080013557,-0.993933647,1,1,2,0,0.266878451,0.0
player_01077,player,occasional_player,0.0,True,1,3.697216027,-2.480979466,0,3,3,0,0.0,0.0
player_01078,player,occasional_player,0.0,True,1,20.233195771,3.996755441,2,1,3,0,0.362589475,0.0
player_01079,player,occasional_player,0.0,True,1,0.849985802,-0.150014198,0,1,1,0,0.0,0.0
player_01080,player,opportunistic_player,0.0,True,1,30.441534073,-15.069165056,1,3,4,0,0.042548373,0.0
player_01081,player,occasional_player,0.0,True,1,0.858072266,-0.813733213,0,5,5,0,0.0,0.0
player_01082,player,opportunistic_player,0.0,True,1,1.557784348,-1.442215652,0,4,4,0,0.0,0.0
player_01083,player,occasional_player,0.0,True,1,2.453488686,-1.60761041,0,3,3,0,0.0,0.0
player_01084,player,occasional_player,0.0,True,1,1.94147709,-0.621014292,0,3,3,0,0.0,0.0
player_01085,player,occasional_player,0.0,True,1,8.143716896,2.949121397,1,2,3,0,0.388759503,0.0
player_01086,player,occasional_player,0.0,True,1,6.61998243,-1.382153367,0,1,1,0,0.0,0.0
player_01087,player,player_whale,0.0,True,1,41.324344679,-6.4287965,0,3,3,0,0.0,0.0
player_01088,player,opportunistic_player,0.0,True,1,1.718813541,-1.281186459,0,3,3,0,0.0,0.0
player_01089,player,occasional_player,0.0,True,1,6.320728264,-5.681920921,0,4,4,0,0.0,0.0
player_01090,player,occasional_player,0.0,True,1,0.991221121,-0.562246029,0,3,3,0,0.0,0.0
player_01091,player,occasional_player,0.0,True,1,1.741565289,-1.159727536,0,4,4,0,0.0,0.0
player_01092,player,occasional_player,0.0,True,1,2.124063799,-0.881736891,0,2,2,0,0.0,0.0
player_01093,player,occasional_player,0.0,True,1,0.729085213,-0.270914787,0,2,2,1,0.0,0.0
player_01094,player,occasional_player,0.0,True,1,0.606777615,-0.393222385,0,3,3,0,0.0,0.0
player_01095,player,occasional_player,0.0,True,1,4.474408183,-0.769947774,1,5,6,0,0.165821667,0.0
player_01096,player,occasional_player,0.0,True,1,1.709947635,-0.660361853,0,2,2,0,0.0,0.0
player_01097,player,occasional_player,0.0,True,1,10.167152467,-0.846228761,0,1,1,0,0.0,0.0
player_01098,player,occasional_player,0.0,True,1,0.806903232,-0.383346044,0,2,2,0,0.0,0.0
player_01099,player,occasional_player,0.0,True,1,12.448612526,2.935023963,1,1,2,0,0.2544712,0.0
player_01100,player,occasional_player,0.0,True,1,3.814304659,-1.424117646,0,2,2,0,0.0,0.0
player_01101,player,occasional_player,0.0,True,1,4.96589061,-3.918227187,0,3,3,0,0.0,0.0
player_01102,player,occasional_player,0.0,True,1,4.166188299,-1.155931606,0,2,2,0,0.0,0.0
player_01103,player,occasional_player,0.0,True,1,4.596305105,-2.698738084,0,3,3,0,0.0,0.0
player_01104,player,occasional_player,0.0,True,1,0.778005492,-0.288206528,0,2,2,0,0.0,0.0
player_01105,player,occasional_player,0.0,True,1,3.492351652,-0.808384988,0,1,1,0,0.0,0.0
player_01106,player,opportunistic_player,0.0,True,1,4.042897191,-1.350715528,0,3,3,0,0.0,0.0
player_01107,player,occasional_player,0.0,True,1,5.667282428,-1.463863389,0,2,2,0,0.0,0.0
player_01108,player,occasional_player,0.0,True,1,9.230101762,-3.186379509,0,2,2,0,0.0,0.0
player_01109,player,occasional_player,0.0,True,1,1.062460734,-0.136499354,0,1,1,0,0.0,0.0
player_01110,player,occasional_player,0.0,True,1,0.364677157,-0.635322843,0,6,6,0,0.0,0.0
player_01111,player,occasional_player,0.0,True,1,9.797345895,-3.539859335,0,2,2,0,0.0,0.0
player_01112,player,occasional_player,0.0,True,1,2.814377364,-0.556027868,0,1,1,0,0.0,0.0
player_01113,player,occasional_player,0.0,True,1,2.078474115,-0.252801455,0,1,1,0,0.0,0.0
player_01114,player,opportunistic_player,0.0,True,1,3.783153372,-1.514415922,0,2,2,0,0.0,0.0
player_01115,player,occasional_player,0.0,True,1,43.990754589,8.990754589,2,0,2,0,0.47319761,0.0
player_01116,player,occasional_player,0.0,True,1,5.123478667,-1.803550812,0,2,2,0,0.0,0.0
player_01117,player,occasional_player,0.0,True,1,12.896051932,-1.148020286,0,1,1,0,0.0,0.0
player_01118,player,occasional_player,0.0,True,1,11.917647069,0.271631468,1,2,3,0,0.18763103,0.0
player_01119,player,occasional_player,0.0,True,1,2.33343622,-1.024110953,0,2,2,0,0.0,0.0
player_01120,player,occasional_player,0.0,True,1,7.451830199,-2.581541727,0,2,2,0,0.0,0.0
player_01121,player,occasional_player,0.0,True,1,8.946295249,4.881780657,1,2,3,0,0.330175334,0.0
player_01122,player,occasional_player,0.0,True,1,4.142193542,-1.609330592,0,2,2,0,0.0,0.0
player_01123,player,player_whale,0.0,True,1,63.868875863,5.728305374,2,3,5,0,0.705503541,0.0
player_01124,player,occasional_player,0.0,True,1,2.553189207,-1.17694775,0,2,2,0,0.0,0.0
player_01125,player,opportunistic_player,0.0,True,1,26.932248737,13.41793223,3,2,5,0,0.861900444,0.0
player_01126,player,occasional_player,0.0,True,1,11.03461276,4.723417169,1,1,2,0,0.283549467,0.0
player_01127,player,opportunistic_player,0.0,True,1,5.891706524,-0.553484352,0,1,1,0,0.0,0.0
player_01128,player,occasional_player,0.0,True,1,2.640045059,-0.915554034,0,2,2,0,0.0,0.0
player_01129,player,occasional_player,0.0,True,1,3.37856492,-0.681408241,0,2,2,0,0.0,0.0
player_01130,player,occasional_player,0.0,True,1,2.728263454,-1.652669046,0,3,3,0,0.0,0.0
player_01131,player,occasional_player,0.0,True,1,1.980276579,-0.409606669,0,2,2,0,0.0,0.0
player_01132,player,opportunistic_player,0.0,True,1,10.382806635,-0.621837578,0,1,1,0,0.0,0.0
player_01133,player,occasional_player,0.0,True,1,19.059866503,10.203265911,2,0,2,0,0.537013995,0.0
player_01134,player,occasional_player,0.0,True,1,0.870330526,-0.129669474,0,1,1,0,0.0,0.0
player_01135,player,occasional_player,0.0,True,1,2.023020268,-0.520504746,0,1,1,0,0.0,0.0
player_01136,player,occasional_player,0.0,True,1,2.038173368,-0.426237133,0,2,2,0,0.0,0.0
player_01137,player,occasional_player,0.0,True,1,6.483617712,-1.757261667,0,1,1,0,0.0,0.0
player_01138,player,opportunistic_player,0.0,True,1,14.396692799,-1.578974287,0,1,1,0,0.0,0.0
player_01139,player,opportunistic_player,0.0,True,1,8.786713654,-4.779739027,0,4,4,0,0.0,0.0
player_01140,player,occasional_player,0.0,True,1,2.551935651,-1.641156993,0,3,3,0,0.0,0.0
player_01141,player,occasional_player,0.0,True,1,1.596756992,-0.649392121,0,2,2,0,0.0,0.0
player_01142,player,occasional_player,0.0,True,1,4.174075974,-2.23652179,0,3,3,0,0.0,0.0
player_01143,player,player_whale,0.0,True,1,38.904133065,1.085544191,1,1,2,0,0.185820926,0.0
player_01144,player,occasional_player,0.0,True,1,0.447629865,-0.567229409,0,4,4,1,0.0,0.0
player_01145,player,occasional_player,0.0,True,1,2.118397267,-1.482263509,0,3,3,0,0.0,0.0
player_01146,player,occasional_player,0.0,True,1,1.575813663,-0.834892826,0,3,3,0,0.0,0.0
player_01147,player,occasional_player,0.0,True,1,1.946037128,-0.608745807,0,2,2,0,0.0,0.0
player_01148,player,opportunistic_player,0.0,True,1,2.648245549,-0.351754451,0,1,1,0,0.0,0.0
player_01149,player,occasional_player,0.0,True,1,27.616675545,2.690163166,1,1,2,0,0.32162952,0.0
player_01150,player,occasional_player,0.0,True,1,3.850286693,-1.004994588,0,1,1,1,0.0,0.0
player_01151,player,opportunistic_player,0.0,True,1,4.096346514,-0.306066427,0,1,1,0,0.0,0.0
player_01152,player,occasional_player,0.0,True,1,1.834099795,-1.209613088,0,3,3,0,0.0,0.0
player_01153,player,occasional_player,0.0,True,1,11.823048439,6.538446322,1,1,2,0,0.399607499,0.0
player_01154,player,occasional_player,0.0,True,1,1.799471047,-0.92476053,0,3,3,0,0.0,0.0
player_01155,player,opportunistic_player,0.0,True,1,19.31726905,-2.753028675,0,2,2,0,0.0,0.0
player_01156,player,player_whale,0.0,True,1,112.822489793,0.211729319,1,1,2,0,0.212755327,0.0
player_01157,player,occasional_player,0.0,True,1,1.456583136,-0.327078961,0,2,2,0,0.0,0.0
player_01158,player,occasional_player,0.0,True,1,1.36703216,-0.56387613,0,2,2,0,0.0,0.0
player_01159,player,occasional_player,0.0,True,1,2.253071328,-0.445822377,0,1,1,0,0.0,0.0
player_01160,player,occasional_player,0.0,True,1,9.480564322,7.413896472,2,1,3,0,0.402874007,0.0
player_01161,player,occasional_player,0.0,True,1,1.25153915,-0.457461967,0,3,3,0,0.0,0.0
player_01162,player,opportunistic_player,0.0,True,1,17.011481783,3.149774415,1,1,2,0,0.280650001,0.0
player_01163,player,occasional_player,0.0,True,1,1.958327337,-0.777116661,0,2,2,0,0.0,0.0
player_01164,player,occasional_player,0.0,True,1,23.174183729,-3.44272033,1,3,4,0,0.18700921,0.0
player_01165,player,occasional_player,0.0,True,1,5.948434499,-3.506837914,0,3,3,0,0.0,0.0
player_01166,player,occasional_player,0.0,True,1,2.834705551,-4.944122036,0,5,5,0,0.0,0.0
player_01167,player,opportunistic_player,0.0,True,1,9.130294857,-4.027328289,0,2,2,0,0.0,0.0
player_01168,player,occasional_player,0.0,True,1,2.401976327,-1.320055073,0,2,2,0,0.0,0.0
player_01169,player,occasional_player,0.0,True,1,1.467039493,-0.390173223,0,1,1,0,0.0,0.0
player_01170,player,occasional_player,0.0,True,1,1.73826562,-1.46414659,0,3,3,0,0.0,0.0
player_01171,player,occasional_player,0.0,True,1,3.444300602,-1.17259057,0,2,2,0,0.0,0.0
player_01172,player,occasional_player,0.0,True,1,0.739897967,-0.260102033,0,3,3,0,0.0,0.0
player_01173,player,occasional_player,0.0,True,1,9.619223164,2.99059823,1,4,5,0,0.342078722,0.0
player_01174,player,occasional_player,0.0,True,1,2.017640179,-1.000594034,0,2,2,0,0.0,0.0
player_01175,player,opportunistic_player,0.0,True,1,4.380860036,-4.268381179,0,5,5,0,0.0,0.0
player_01176,player,occasional_player,0.0,True,1,9.903450538,1.422369619,1,2,3,0,0.261825612,0.0
player_01177,player,opportunistic_player,0.0,True,1,11.377335348,0.144505083,1,1,2,1,0.103112941,0.0
player_01178,player,occasional_player,0.0,True,1,0.409340281,-0.590659719,0,4,4,1,0.0,0.0
player_01179,player,occasional_player,0.0,True,1,1.650202618,-0.346072198,0,1,1,0,0.0,0.0
player_01180,player,occasional_player,0.0,True,1,1.611122085,-1.787804955,0,4,4,0,0.0,0.0
player_01181,player,occasional_player,0.0,True,1,6.794084832,-1.387922937,0,1,1,0,0.0,0.0
player_01182,player,occasional_player,0.0,True,1,15.27222284,3.05135266,1,4,5,0,0.353586613,0.0
player_01183,player,occasional_player,0.0,True,1,3.208572574,-1.187386674,0,3,3,0,0.0,0.0
player_01184,player,occasional_player,0.0,True,1,9.034687724,2.899271913,1,1,2,0,0.176425296,0.0
player_01185,player,occasional_player,0.0,True,1,4.440835123,-2.449207266,0,2,2,0,0.0,0.0
player_01186,player,occasional_player,0.0,True,1,1.619882871,-0.912762283,0,3,3,0,0.0,0.0
player_01187,player,opportunistic_player,0.0,True,1,6.149511426,-3.662674693,0,4,4,0,0.0,0.0
player_01188,player,opportunistic_player,0.0,True,1,26.343043448,11.55202,2,0,2,0,0.608001053,0.0
player_01189,player,opportunistic_player,0.0,True,1,6.493118584,-2.700451371,0,3,3,0,0.0,0.0
player_01190,player,occasional_player,0.0,True,1,1.029085188,-0.529105356,0,3,3,0,0.0,0.0
player_01191,player,opportunistic_player,0.0,True,1,2.40810471,-0.59189529,0,2,2,0,0.0,0.0
player_01192,player,occasional_player,0.0,True,1,4.252427536,-0.770247397,0,1,1,1,0.0,0.0
player_01193,player,occasional_player,0.0,True,1,8.074478614,1.479324429,1,1,2,0,0.113325239,0.0
player_01194,player,occasional_player,0.0,True,1,0.625946328,-0.374053672,0,2,2,0,0.0,0.0
player_01195,player,occasional_player,0.0,True,1,0.626867032,-0.441150152,0,4,4,0,0.0,0.0
player_01196,player,occasional_player,0.0,True,1,3.470052954,-2.018831678,0,3,3,0,0.0,0.0
player_01197,player,occasional_player,0.0,True,1,3.953845018,-0.958347723,0,1,1,0,0.0,0.0
player_01198,player,occasional_player,0.0,True,1,1.823412393,-0.211745386,0,1,1,0,0.0,0.0
player_01199,player,occasional_player,0.0,True,1,1.23868099,-0.914409073,0,3,3,0,0.0,0.0
player_01200,player,occasional_player,0.0,True,1,2.457818283,-0.593983312,0,1,1,0,0.0,0.0
player_01201,player,occasional_player,0.0,True,1,2.823717738,-1.032598808,0,2,2,0,0.0,0.0
player_01202,player,occasional_player,0.0,True,1,2.899670732,-2.058735226,0,3,3,0,0.0,0.0
player_01203,player,occasional_player,0.0,True,1,2.599894397,-1.748212351,0,3,3,0,0.0,0.0
player_01204,player,occasional_player,0.0,True,1,6.39207747,4.241389234,1,2,3,0,0.359696878,0.0
player_01205,player,occasional_player,0.0,True,1,1.933704188,-1.020373896,0,3,3,0,0.0,0.0
player_01206,player,occasional_player,0.0,True,1,1.036653666,-0.948370514,0,4,4,0,0.0,0.0
player_01207,player,occasional_player,0.0,True,1,1.747749207,-1.72402712,0,5,5,0,0.0,0.0
player_01208,player,occasional_player,0.0,True,1,1.957361284,-0.256874175,0,1,1,0,0.0,0.0
player_01209,player,opportunistic_player,0.0,True,1,21.287195926,-6.273091577,0,2,2,0,0.0,0.0
player_01210,player,opportunistic_player,0.0,True,1,25.052907479,-1.912822355,0,1,1,0,0.0,0.0
player_01211,player,occasional_player,0.0,True,1,0.759085918,-0.772774522,0,4,4,0,0.0,0.0
player_01212,player,player_whale,0.0,True,1,52.715687574,2.174584526,1,2,3,0,0.413603732,0.0
player_01213,player,occasional_player,0.0,True,1,5.087578692,-2.241302959,0,3,3,0,0.0,0.0
player_01214,player,occasional_player,0.0,True,1,3.282840325,-0.797880882,0,1,1,0,0.0,0.0
player_01215,player,occasional_player,0.0,True,1,4.741383034,-0.366029792,0,1,1,0,0.0,0.0
player_01216,player,occasional_player,0.0,True,1,5.074232472,-3.318903916,0,3,3,0,0.0,0.0
player_01217,player,opportunistic_player,0.0,True,1,70.797318686,-0.015635159,2,2,4,0,0.482601536,0.0
player_01218,player,occasional_player,0.0,True,1,0.969889301,-0.493031836,0,3,3,0,0.0,0.0
player_01219,player,occasional_player,0.0,True,1,1.593426326,-1.287026453,0,4,4,0,0.0,0.0
player_01220,player,occasional_player,0.0,True,1,1.19909149,-0.605594166,0,2,2,0,0.0,0.0
player_01221,player,player_whale,0.0,True,1,89.068025292,6.659345875,1,0,1,0,0.350491888,0.0
player_01222,player,player_whale,0.0,True,1,88.39726978,6.780615346,2,1,3,0,0.721077692,0.0
player_01223,player,occasional_player,0.0,True,1,6.773684113,4.697093654,1,1,2,0,0.261907741,0.0
player_01224,player,opportunistic_player,0.0,True,1,18.550946919,-2.342028454,0,1,1,0,0.0,0.0
player_01225,player,occasional_player,0.0,True,1,2.156184937,-0.7700479,0,2,2,0,0.0,0.0
player_01226,player,occasional_player,0.0,True,1,0.862548244,-0.137451756,0,2,2,1,0.0,0.0
player_01227,player,occasional_player,0.0,True,1,11.6088546,-1.81716083,0,1,1,0,0.0,0.0
player_01228,player,occasional_player,0.0,True,1,17.689760479,0.068037758,1,2,3,0,0.328403441,0.0
player_01229,player,occasional_player,0.0,True,1,1.349582743,-0.513171594,0,3,3,0,0.0,0.0
player_01230,player,opportunistic_player,0.0,True,1,5.421260925,-1.713748161,0,2,2,0,0.0,0.0
player_01231,player,occasional_player,0.0,True,1,2.975823693,-1.916330732,0,3,3,0,0.0,0.0
player_01232,player,occasional_player,0.0,True,1,4.055384401,-1.918791155,0,2,2,0,0.0,0.0
player_01233,player,occasional_player,0.0,True,1,1.802357826,-0.792556218,0,3,3,0,0.0,0.0
player_01234,player,occasional_player,0.0,True,1,6.254312636,0.064247886,1,4,5,0,0.139068976,0.0
player_01235,player,occasional_player,0.0,True,1,30.651104761,10.566849854,2,0,2,0,0.556149992,0.0
player_01236,player,occasional_player,0.0,True,1,5.669439415,-5.291737933,0,4,4,0,0.0,0.0
player_01237,player,occasional_player,0.0,True,1,3.284300092,-0.314181873,0,1,1,0,0.0,0.0
player_01238,player,occasional_player,0.0,True,1,7.134284266,1.361348074,1,3,4,0,0.19828103,0.0
player_01239,player,occasional_player,0.0,True,1,1.072664712,-0.922828573,0,4,4,0,0.0,0.0
player_01240,player,opportunistic_player,0.0,True,1,12.17508295,2.665535301,1,4,5,0,0.362307042,0.0
player_01241,player,occasional_player,0.0,True,1,4.977830392,-2.03069692,0,3,3,0,0.0,0.0
player_01242,player,occasional_player,0.0,True,1,0.785946738,-0.254787362,0,2,2,0,0.0,0.0
player_01243,player,occasional_player,0.0,True,1,17.026414097,6.492475407,1,1,2,0,0.419849792,0.0
player_01244,player,opportunistic_player,0.0,True,1,2.288898679,-0.711101321,0,2,2,0,0.0,0.0
player_01245,player,occasional_player,0.0,True,1,6.799645409,-10.848288264,0,5,5,0,0.0,0.0
player_01246,player,occasional_player,0.0,True,1,1.112357513,-2.146203162,0,5,5,0,0.0,0.0
player_01247,player,occasional_player,0.0,True,1,0.850799107,-0.276633772,0,2,2,0,0.0,0.0
player_01248,player,occasional_player,0.0,True,1,2.637321851,-0.866421404,0,2,2,0,0.0,0.0
player_01249,player,player_whale,0.0,True,1,214.954416807,-0.787130367,0,1,1,0,0.0,0.0
player_01250,player,player_whale,0.0,True,1,39.633841798,-1.854064076,0,1,1,0,0.0,0.0
player_01251,player,opportunistic_player,0.0,True,1,17.491798539,0.75333419,1,1,2,0,0.130791118,0.0
player_01252,player,opportunistic_player,0.0,True,1,33.50255109,4.270983351,1,1,2,0,0.468779259,0.0
player_01253,player,occasional_player,0.0,True,1,2.368764319,-1.675526317,0,3,3,0,0.0,0.0
player_01254,player,occasional_player,0.0,True,1,6.259693936,-0.541345161,0,1,1,0,0.0,0.0
player_01255,player,opportunistic_player,0.0,True,1,23.91265943,-1.957270633,1,1,2,0,0.084492998,0.0
player_01256,player,opportunistic_player,0.0,True,1,2.762101373,-1.139935975,0,3,3,0,0.0,0.0
player_01257,player,occasional_player,0.0,True,1,1.085172014,-0.347481455,0,2,2,0,0.0,0.0
player_01258,player,occasional_player,0.0,True,1,9.322983417,-1.910689563,0,2,2,0,0.0,0.0
player_01259,player,opportunistic_player,0.0,True,1,9.998541727,-2.289203891,0,2,2,0,0.0,0.0
player_01260,player,occasional_player,0.0,True,1,1.41078904,-0.640947252,0,2,2,0,0.0,0.0
player_01261,player,occasional_player,0.0,True,1,3.62370717,-1.153709111,0,2,2,0,0.0,0.0
player_01262,player,occasional_player,0.0,True,1,1.599593271,-0.807237919,0,3,3,0,0.0,0.0
player_01263,player,occasional_player,0.0,True,1,1.540737132,-0.609926665,0,2,2,0,0.0,0.0
player_01264,player,player_whale,0.0,True,1,40.35558315,-2.825319877,1,2,3,0,0.10465874,0.0
player_01265,player,occasional_player,0.0,True,1,2.141724211,-1.078779264,0,2,2,0,0.0,0.0
player_01266,player,occasional_player,0.0,True,1,2.53744295,-1.006881265,0,3,3,0,0.0,0.0
player_01267,player,occasional_player,0.0,True,1,3.094307636,-0.965249354,0,2,2,0,0.0,0.0
player_01268,player,opportunistic_player,0.0,True,1,7.092060139,-1.458204581,0,1,1,0,0.0,0.0
player_01269,player,occasional_player,0.0,True,1,21.095176574,5.047038741,1,1,2,0,0.378439141,0.0
player_01270,player,occasional_player,0.0,True,1,3.587940429,-1.222542034,0,3,3,0,0.0,0.0
player_01271,player,player_whale,0.0,True,1,48.805949053,4.64237029,2,1,3,0,0.429655981,0.0
player_01272,player,occasional_player,0.0,True,1,6.684409028,-1.921277956,0,2,2,0,0.0,0.0
player_01273,player,occasional_player,0.0,True,1,2.334719603,-0.508052023,0,2,2,0,0.0,0.0
player_01274,player,occasional_player,0.0,True,1,1.151311786,-0.278371372,0,2,2,0,0.0,0.0
player_01275,player,occasional_player,0.0,True,1,5.486314134,1.566659165,1,1,2,0,0.116723212,0.0
player_01276,player,occasional_player,0.0,True,1,1.923399084,-0.185453678,0,1,1,0,0.0,0.0
player_01277,player,occasional_player,0.0,True,1,3.520219684,-4.234006564,0,4,4,0,0.0,0.0
player_01278,player,occasional_player,0.0,True,1,2.595782882,-1.717684782,0,4,4,0,0.0,0.0
player_01279,player,occasional_player,0.0,True,1,12.302547513,-3.351936844,1,3,4,0,0.227905812,0.0
player_01280,player,occasional_player,0.0,True,1,9.609627363,3.37394108,1,1,2,0,0.213729337,0.0
player_01281,player,occasional_player,0.0,True,1,0.739336424,-0.276377442,0,2,2,0,0.0,0.0
player_01282,player,occasional_player,0.0,True,1,33.27217692,15.46515265,4,1,5,0,1.025176562,0.0
player_01283,player,occasional_player,0.0,True,1,2.285466237,-0.393280761,0,1,1,0,0.0,0.0
player_01284,player,occasional_player,0.0,True,1,6.039467381,-5.315952058,0,3,3,0,0.0,0.0
player_01285,player,opportunistic_player,0.0,True,1,9.040436748,-2.092356062,0,2,2,0,0.0,0.0
player_01286,player,occasional_player,0.0,True,1,3.419909118,-0.586366057,0,1,1,0,0.0,0.0
player_01287,player,occasional_player,0.0,True,1,6.161484552,-2.605999787,0,3,3,0,0.0,0.0
player_01288,player,occasional_player,0.0,True,1,10.435702854,7.197941693,1,1,2,0,0.416077235,0.0
player_01289,player,occasional_player,0.0,True,1,8.031291506,5.952302397,1,0,1,0,0.313279074,0.0
player_01290,player,occasional_player,0.0,True,1,0.714286211,-0.909631845,0,5,5,0,0.0,0.0
player_01291,player,occasional_player,0.0,True,1,0.451045642,-0.548954358,0,5,5,0,0.0,0.0
player_01292,player,occasional_player,0.0,True,1,2.334002435,-1.992094731,0,4,4,0,0.0,0.0
player_01293,player,occasional_player,0.0,True,1,0.814704876,-0.765247699,0,4,4,0,0.0,0.0
player_01294,player,opportunistic_player,0.0,True,1,12.315480602,-3.689220534,0,2,2,0,0.0,0.0
player_01295,player,opportunistic_player,0.0,True,1,3.555226882,-3.539897007,0,4,4,0,0.0,0.0
player_01296,player,occasional_player,0.0,True,1,0.657914257,-0.342085743,0,2,2,0,0.0,0.0
player_01297,player,occasional_player,0.0,True,1,3.097862783,-3.035229017,0,4,4,0,0.0,0.0
player_01298,player,occasional_player,0.0,True,1,7.741556862,-1.320523427,0,1,1,0,0.0,0.0
player_01299,player,occasional_player,0.0,True,1,8.553120972,0.887216612,1,3,4,0,0.190293085,0.0
player_01300,player,player_whale,0.0,True,1,178.566691097,3.739200171,2,2,4,0,0.43393343,0.0
player_01301,player,occasional_player,0.0,True,1,4.6742664,-0.717509663,0,1,1,0,0.0,0.0
player_01302,player,opportunistic_player,0.0,True,1,3.101841814,-0.199211674,0,1,1,0,0.0,0.0
player_01303,player,occasional_player,0.0,True,1,3.293551921,-0.609853323,0,2,2,0,0.0,0.0
player_01304,player,occasional_player,0.0,True,1,2.762815489,-1.400023731,0,3,3,0,0.0,0.0
player_01305,player,player_whale,0.0,True,1,79.005353189,-10.162009737,1,3,4,0,0.0772505,0.0
player_01306,player,opportunistic_player,0.0,True,1,18.725591763,1.328345206,1,1,2,0,0.159422804,0.0
player_01307,player,occasional_player,0.0,True,1,6.017334042,-3.354427217,0,3,3,0,0.0,0.0
player_01308,player,opportunistic_player,0.0,True,1,10.748849067,-1.150073973,1,2,3,0,0.138605175,0.0
player_01309,player,occasional_player,0.0,True,1,1.644684022,-0.535545528,0,2,2,0,0.0,0.0
player_01310,player,occasional_player,0.0,True,1,1.021779946,-0.207670069,0,1,1,0,0.0,0.0
player_01311,player,occasional_player,0.0,True,1,8.095931871,-4.602663798,0,3,3,0,0.0,0.0
player_01312,player,occasional_player,0.0,True,1,1.606451667,-0.439417035,0,2,2,0,0.0,0.0
player_01313,player,occasional_player,0.0,True,1,5.953162233,-0.842604197,0,1,1,0,0.0,0.0
player_01314,player,opportunistic_player,0.0,True,1,21.161834901,5.345338066,1,0,1,0,0.281333582,0.0
player_01315,player,occasional_player,0.0,True,1,0.543550038,-0.456449962,0,5,5,1,0.0,0.0
player_01316,player,occasional_player,0.0,True,1,2.321159646,-1.547237031,0,4,4,0,0.0,0.0
player_01317,player,occasional_player,0.0,True,1,2.104182543,-1.082468581,0,3,3,0,0.0,0.0
player_01318,player,occasional_player,0.0,True,1,3.356586422,-2.177535854,0,3,3,0,0.0,0.0
player_01319,player,occasional_player,0.0,True,1,0.871274465,-0.647559671,0,4,4,0,0.0,0.0
player_01320,player,occasional_player,0.0,True,1,7.666763167,-0.627594404,0,1,1,0,0.0,0.0
player_01321,player,occasional_player,0.0,True,1,1.332658181,-0.301698033,0,1,1,0,0.0,0.0
player_01322,player,occasional_player,0.0,True,1,0.824413199,-0.338611214,0,3,3,0,0.0,0.0
player_01323,player,occasional_player,0.0,True,1,2.011834806,-0.97768529,0,2,2,0,0.0,0.0
player_01324,player,opportunistic_player,0.0,True,1,39.634885455,0.793494984,1,1,2,0,0.167397388,0.0
player_01325,player,occasional_player,0.0,True,1,7.095972464,-2.459183962,0,2,2,0,0.0,0.0
player_01326,player,occasional_player,0.0,True,1,0.977788906,-0.578323637,0,3,3,0,0.0,0.0
player_01327,player,opportunistic_player,0.0,True,1,9.196713676,-1.785358846,0,2,2,0,0.0,0.0
player_01328,player,occasional_player,0.0,True,1,28.63067937,11.443183897,2,0,2,0,0.602272837,0.0
player_01329,player,occasional_player,0.0,True,1,0.772404081,-0.227595919,0,2,2,0,0.0,0.0
player_01330,player,occasional_player,0.0,True,1,7.73861997,4.420162195,1,2,3,0,0.349579273,0.0
player_01331,player,opportunistic_player,0.0,True,1,2.19526765,-0.80473235,0,2,2,0,0.0,0.0
player_01332,player,occasional_player,0.0,True,1,0.604315698,-0.395684302,0,3,3,0,0.0,0.0
player_01333,player,player_whale,0.0,True,1,69.242325768,-9.595484274,0,2,2,0,0.0,0.0
player_01334,player,occasional_player,0.0,True,1,1.736555137,-0.22060681,0,1,1,0,0.0,0.0
player_01335,player,opportunistic_player,0.0,True,1,2.945046194,-0.54469891,0,1,1,0,0.0,0.0
player_01336,player,opportunistic_player,0.0,True,1,2.744863268,-0.255136732,0,1,1,0,0.0,0.0
player_01337,player,occasional_player,0.0,True,1,1.55030096,-0.438870744,0,2,2,0,0.0,0.0
player_01338,player,player_whale,0.0,True,1,53.959791014,0.54848767,1,1,2,0,0.121483907,0.0
player_01339,player,occasional_player,0.0,True,1,13.601127068,-4.443901634,0,2,2,0,0.0,0.0
player_01340,player,occasional_player,0.0,True,1,9.585618921,8.585618921,1,1,2,1,0.46237979,0.0
player_01341,player,opportunistic_player,0.0,True,1,3.238966289,-1.461946069,0,4,4,0,0.0,0.0
player_01342,player,opportunistic_player,0.0,True,1,7.551533986,-2.802038009,0,3,3,0,0.0,0.0
player_01343,player,occasional_player,0.0,True,1,2.724252665,-0.535261032,0,1,1,0,0.0,0.0
player_01344,player,occasional_player,0.0,True,1,3.123642075,-0.365077033,0,1,1,0,0.0,0.0
player_01345,player,occasional_player,0.0,True,1,3.279610442,-3.481980624,0,5,5,0,0.0,0.0
player_01346,player,occasional_player,0.0,True,1,16.098475044,7.320857752,1,0,1,0,0.385308303,0.0
player_01347,player,occasional_player,0.0,True,1,1.700527735,-0.646299695,0,3,3,0,0.0,0.0
player_01348,player,occasional_player,0.0,True,1,2.828307654,-1.896482706,0,4,4,0,0.0,0.0
player_01349,player,occasional_player,0.0,True,1,1.968401676,-0.519684703,0,1,1,0,0.0,0.0
player_01350,player,occasional_player,0.0,True,1,5.856671271,-1.27396651,0,1,1,0,0.0,0.0
player_01351,player,opportunistic_player,0.0,True,1,4.903619012,-1.92885131,0,2,2,0,0.0,0.0
player_01352,player,opportunistic_player,0.0,True,1,13.936863085,3.561175165,1,2,3,1,0.344474363,0.0
player_01353,player,player_whale,0.0,True,1,114.747813163,-0.943372998,0,1,1,0,0.0,0.0
player_01354,player,occasional_player,0.0,True,1,2.824258166,-0.710989851,0,2,2,0,0.0,0.0
player_01355,player,occasional_player,0.0,True,1,9.973313599,-2.633135548,0,2,2,0,0.0,0.0
player_01356,player,occasional_player,0.0,True,1,1.904324136,-0.862663813,0,2,2,0,0.0,0.0
player_01357,player,occasional_player,0.0,True,1,9.306459242,-1.08990046,0,1,1,0,0.0,0.0
player_01358,player,player_whale,0.0,True,1,43.383732657,-4.998828018,0,2,2,0,0.0,0.0
player_01359,player,opportunistic_player,0.0,True,1,12.582576121,-0.770085311,0,1,1,0,0.0,0.0
player_01360,player,occasional_player,0.0,True,1,1.747502615,-0.776432337,0,2,2,0,0.0,0.0
player_01361,player,occasional_player,0.0,True,1,2.556156871,-0.298382958,0,1,1,0,0.0,0.0
player_01362,player,occasional_player,0.0,True,1,17.335883917,10.636749857,1,2,3,0,0.655365111,0.0
player_01363,player,occasional_player,0.0,True,1,1.127093215,-0.837036073,0,4,4,0,0.0,0.0
player_01364,player,occasional_player,0.0,True,1,1.790059473,-0.619874354,0,2,2,0,0.0,0.0
player_01365,player,opportunistic_player,0.0,True,1,7.792221779,-2.954447983,0,2,2,0,0.0,0.0
player_01366,player,occasional_player,0.0,True,1,0.787762494,-0.427006793,0,2,2,0,0.0,0.0
player_01367,player,occasional_player,0.0,True,1,7.691686644,-2.097335672,0,1,1,0,0.0,0.0
player_01368,player,occasional_player,0.0,True,1,4.128051256,-0.290378666,0,1,1,0,0.0,0.0
player_01369,player,occasional_player,0.0,True,1,1.545322035,-1.021566851,0,3,3,0,0.0,0.0
player_01370,player,occasional_player,0.0,True,1,5.363522198,-0.908491375,0,1,1,0,0.0,0.0
player_01371,player,opportunistic_player,0.0,True,1,2.400282088,-1.658180628,0,4,4,0,0.0,0.0
player_01372,player,occasional_player,0.0,True,1,1.473310012,-0.180746285,0,1,1,0,0.0,0.0
player_01373,player,occasional_player,0.0,True,1,7.451069491,-0.672521951,0,1,1,0,0.0,0.0
player_01374,player,occasional_player,0.0,True,1,5.866043995,-1.696637942,0,2,2,0,0.0,0.0
player_01375,player,opportunistic_player,0.0,True,1,17.233815909,4.911430587,2,2,4,0,0.625902877,0.0
player_01376,player,occasional_player,0.0,True,1,3.215112678,-1.135745657,0,2,2,0,0.0,0.0
player_01377,player,occasional_player,0.0,True,1,3.122933369,-2.332283673,0,3,3,0,0.0,0.0
player_01378,player,occasional_player,0.0,True,1,2.24240878,-0.348845082,0,2,2,0,0.0,0.0
player_01379,player,occasional_player,0.0,True,1,14.945644897,-4.702712606,1,2,3,0,0.100590907,0.0
player_01380,player,occasional_player,0.0,True,1,0.491194207,-0.548229031,0,4,4,0,0.0,0.0
player_01381,player,occasional_player,0.0,True,1,6.53531466,-0.444270864,0,1,1,0,0.0,0.0
player_01382,player,occasional_player,0.0,True,1,2.775250788,-0.48982058,0,2,2,0,0.0,0.0
player_01383,player,occasional_player,0.0,True,1,9.685993533,7.591250392,2,2,4,0,0.560366727,0.0
player_01384,player,occasional_player,0.0,True,1,6.21891744,-2.982877572,0,2,2,0,0.0,0.0
player_01385,player,occasional_player,0.0,True,1,29.853483303,-5.146516697,1,1,2,0,0.120164822,0.0
player_01386,player,occasional_player,0.0,True,1,2.586392572,-1.451922269,0,4,4,0,0.0,0.0
player_01387,player,occasional_player,0.0,True,1,2.669208956,-1.725791083,0,4,4,0,0.0,0.0
player_01388,player,opportunistic_player,0.0,True,1,11.171999207,-1.694989659,0,1,1,0,0.0,0.0
player_01389,player,occasional_player,0.0,True,1,2.458128635,-2.966840623,0,5,5,0,0.0,0.0
player_01390,player,occasional_player,0.0,True,1,20.012493474,14.193099042,3,1,4,0,0.872825389,0.0
player_01391,player,occasional_player,0.0,True,1,4.855955669,-1.596576662,0,2,2,0,0.0,0.0
player_01392,player,occasional_player,0.0,True,1,17.95760377,-7.484977162,0,2,2,0,0.0,0.0
player_01393,player,occasional_player,0.0,True,1,1.810038055,-0.347199975,0,1,1,0,0.0,0.0
player_01394,player,occasional_player,0.0,True,1,1.40290019,-0.665229219,0,3,3,0,0.0,0.0
player_01395,player,opportunistic_player,0.0,True,1,3.434197489,-1.572431488,0,3,3,0,0.0,0.0
player_01396,player,occasional_player,0.0,True,1,2.032294762,-0.995828149,0,3,3,0,0.0,0.0
player_01397,player,occasional_player,0.0,True,1,0.818956462,-0.472251936,0,3,3,0,0.0,0.0
player_01398,player,occasional_player,0.0,True,1,16.567277165,5.10431004,1,0,1,0,0.268647897,0.0
player_01399,player,occasional_player,0.0,True,1,2.634038556,-1.279146659,0,2,2,0,0.0,0.0
player_01400,player,occasional_player,0.0,True,1,1.29866929,-0.261288186,0,1,1,0,0.0,0.0
player_01401,player,occasional_player,0.0,True,1,0.83259699,-0.16740301,0,1,1,0,0.0,0.0
player_01402,player,occasional_player,0.0,True,1,3.552497839,-1.260143406,0,2,2,0,0.0,0.0
player_01403,player,occasional_player,0.0,True,1,1.099690551,-0.556670358,0,3,3,0,0.0,0.0
player_01404,player,occasional_player,0.0,True,1,16.042319618,3.094422654,2,2,4,0,0.382234964,0.0
player_01405,player,occasional_player,0.0,True,1,10.760476169,-3.658389001,0,2,2,0,0.0,0.0
player_01406,player,occasional_player,0.0,True,1,6.137812956,-0.652392289,0,1,1,0,0.0,0.0
player_01407,player,occasional_player,0.0,True,1,1.108086932,-0.374476173,0,2,2,0,0.0,0.0
player_01408,player,occasional_player,0.0,True,1,0.892513231,-0.107486769,0,1,1,0,0.0,0.0
player_01409,player,opportunistic_player,0.0,True,1,19.138433695,-3.310761915,0,1,1,0,0.0,0.0
player_01410,player,player_whale,0.0,True,1,60.142155977,5.874287846,1,0,1,0,0.309173045,0.0
player_01411,player,occasional_player,0.0,True,1,0.642136713,-0.357863287,0,2,2,0,0.0,0.0
player_01412,player,occasional_player,0.0,True,1,3.27081057,-0.855607302,0,1,1,0,0.0,0.0
player_01413,player,occasional_player,0.0,True,1,1.105791169,-0.414169905,0,2,2,0,0.0,0.0
player_01414,player,occasional_player,0.0,True,1,4.490705454,-1.749999601,0,2,2,0,0.0,0.0
player_01415,player,occasional_player,0.0,True,1,3.58396068,-2.233536549,0,3,3,0,0.0,0.0
player_01416,player,occasional_player,0.0,True,1,9.528332951,-2.414038201,0,2,2,0,0.0,0.0
player_01417,player,opportunistic_player,0.0,True,1,12.681233837,9.681233837,1,1,2,0,0.520635614,0.0
player_01418,player,occasional_player,0.0,True,1,3.653288442,-0.796973673,0,2,2,0,0.0,0.0
player_01419,player,occasional_player,0.0,True,1,2.968713527,-0.605368903,0,1,1,0,0.0,0.0
player_01420,player,occasional_player,0.0,True,1,1.700524654,-0.650761056,0,2,2,0,0.0,0.0
player_01421,player,occasional_player,0.0,True,1,1.472680559,-0.661536661,0,2,2,0,0.0,0.0
player_01422,player,opportunistic_player,0.0,True,1,4.959282633,-3.099854779,0,3,3,0,0.0,0.0
player_01423,player,opportunistic_player,0.0,True,1,3.921955087,-0.645583849,0,1,1,0,0.0,0.0
player_01424,player,occasional_player,0.0,True,1,2.24739756,-0.404430222,0,1,1,0,0.0,0.0
player_01425,player,opportunistic_player,0.0,True,1,1.559194697,-1.440805303,0,4,4,0,0.0,0.0
player_01426,player,opportunistic_player,0.0,True,1,4.961388462,-0.416350296,0,1,1,0,0.0,0.0
player_01427,player,occasional_player,0.0,True,1,0.920656827,-0.079343173,0,1,1,0,0.0,0.0
player_01428,player,occasional_player,0.0,True,1,3.227659757,-1.464011108,0,2,2,0,0.0,0.0
player_01429,player,occasional_player,0.0,True,1,0.915818266,-0.211463759,0,1,1,0,0.0,0.0
player_01430,player,occasional_player,0.0,True,1,1.052333769,-0.118689801,0,1,1,0,0.0,0.0
player_01431,player,occasional_player,0.0,True,1,1.901268782,-0.694815782,0,2,2,0,0.0,0.0
player_01432,player,occasional_player,0.0,True,1,11.999542336,6.061060709,1,1,2,0,0.375354905,0.0
player_01433,player,occasional_player,0.0,True,1,2.694542066,-0.652709151,0,1,1,0,0.0,0.0
player_01434,player,occasional_player,0.0,True,1,2.019566494,-0.831640957,0,3,3,0,0.0,0.0
player_01435,player,occasional_player,0.0,True,1,8.66212768,6.967928871,2,4,6,0,0.510252321,0.0
player_01436,player,occasional_player,0.0,True,1,2.529381736,-1.212722992,0,3,3,0,0.0,0.0
player_01437,player,occasional_player,0.0,True,1,26.194857073,3.809538243,1,0,1,0,0.200502013,0.0
player_01438,player,occasional_player,0.0,True,1,0.635688658,-0.364311342,0,2,2,0,0.0,0.0
player_01439,player,opportunistic_player,0.0,True,1,30.77199486,10.657183731,2,1,3,0,0.618322703,0.0
player_01440,player,occasional_player,0.0,True,1,1.140354537,-0.292923376,0,1,1,0,0.0,0.0
player_01441,player,occasional_player,0.0,True,1,23.39125852,7.876016534,1,1,2,0,0.549101503,0.0
player_01442,player,occasional_player,0.0,True,1,3.099041565,-1.022142999,0,2,2,0,0.0,0.0
player_01443,player,occasional_player,0.0,True,1,5.80089902,-1.969966332,0,2,2,0,0.0,0.0
player_01444,player,occasional_player,0.0,True,1,2.346986248,-0.269833472,0,1,1,0,0.0,0.0
player_01445,player,occasional_player,0.0,True,1,0.919056233,-0.217222518,0,2,2,0,0.0,0.0
player_01446,player,occasional_player,0.0,True,1,1.135099054,-0.426585122,0,2,2,0,0.0,0.0
player_01447,player,opportunistic_player,0.0,True,1,3.930947993,-2.129127649,0,3,3,0,0.0,0.0
player_01448,player,opportunistic_player,0.0,True,1,7.136126569,-4.711080016,0,5,5,0,0.0,0.0
player_01449,player,opportunistic_player,0.0,True,1,10.648383966,-0.712657554,0,1,1,0,0.0,0.0
player_01450,player,occasional_player,0.0,True,1,2.352686369,-0.628865475,0,2,2,0,0.0,0.0
player_01451,player,occasional_player,0.0,True,1,4.20974814,-0.610999034,0,2,2,0,0.0,0.0
player_01452,player,opportunistic_player,0.0,True,1,15.165732259,2.769028171,1,0,1,0,0.145738325,0.0
player_01453,player,occasional_player,0.0,True,1,2.122643684,-0.866235351,0,2,2,0,0.0,0.0
player_01454,player,occasional_player,0.0,True,1,0.887649997,-0.3704801,0,3,3,0,0.0,0.0
player_01455,player,occasional_player,0.0,True,1,4.665455319,1.789469177,1,2,3,0,0.14067406,0.0
player_01456,player,occasional_player,0.0,True,1,1.295500161,-0.215786936,0,1,1,0,0.0,0.0
player_01457,player,occasional_player,0.0,True,1,4.292347122,-0.553058323,0,1,1,0,0.0,0.0
player_01458,player,occasional_player,0.0,True,1,2.018436137,-0.641415151,0,2,2,0,0.0,0.0
player_01459,player,opportunistic_player,0.0,True,1,32.528155874,12.389239526,2,0,2,0,0.652065238,0.0
player_01460,player,occasional_player,0.0,True,1,5.838201971,-1.978076755,0,2,2,0,0.0,0.0
player_01461,player,occasional_player,0.0,True,1,3.281869138,-1.991707232,0,3,3,0,0.0,0.0
player_01462,player,occasional_player,0.0,True,1,7.842900941,-0.596998759,0,1,1,0,0.0,0.0
player_01463,player,occasional_player,0.0,True,1,19.662929991,6.287553832,1,2,3,0,0.451663393,0.0
player_01464,player,occasional_player,0.0,True,1,1.47287631,-0.893770633,0,3,3,0,0.0,0.0
player_01465,player,occasional_player,0.0,True,1,0.683982398,-0.316017602,0,3,3,0,0.0,0.0
player_01466,player,occasional_player,0.0,True,1,2.448319728,-0.797553741,0,2,2,0,0.0,0.0
player_01467,player,occasional_player,0.0,True,1,8.215995273,-0.914298832,0,1,1,0,0.0,0.0
player_01468,player,occasional_player,0.0,True,1,4.98033116,-1.220827888,0,1,1,0,0.0,0.0
player_01469,player,occasional_player,0.0,True,1,22.893214054,2.310245395,1,0,1,0,0.121591863,0.0
player_01470,player,occasional_player,0.0,True,1,1.379519895,-0.732153197,0,3,3,0,0.0,0.0
player_01471,player,occasional_player,0.0,True,1,1.554028131,-0.29167906,0,1,1,0,0.0,0.0
player_01472,player,occasional_player,0.0,True,1,11.21597616,-1.207300917,0,1,1,0,0.0,0.0
player_01473,player,occasional_player,0.0,True,1,5.003939955,-0.636034794,0,1,1,0,0.0,0.0
player_01474,player,occasional_player,0.0,True,1,1.505591154,-0.235408579,0,1,1,0,0.0,0.0
player_01475,player,occasional_player,0.0,True,1,9.583235169,-4.828022667,0,2,2,0,0.0,0.0
player_01476,player,opportunistic_player,0.0,True,1,5.127920528,-0.822127652,0,2,2,0,0.0,0.0
player_01477,player,occasional_player,0.0,True,1,2.971056738,-0.935443862,0,2,2,0,0.0,0.0
player_01478,player,occasional_player,0.0,True,1,2.539791986,-1.946384808,0,4,4,0,0.0,0.0
player_01479,player,opportunistic_player,0.0,True,1,12.818906274,-2.642681645,0,2,2,0,0.0,0.0
player_01480,player,occasional_player,0.0,True,1,4.810231809,-1.725806988,0,2,2,0,0.0,0.0
player_01481,player,opportunistic_player,0.0,True,1,1.892244835,-1.107755165,0,3,3,0,0.0,0.0
player_01482,player,player_whale,0.0,True,1,59.008259724,7.945638611,2,1,3,0,0.469084492,0.0
player_01483,player,occasional_player,0.0,True,1,2.685664957,-1.224017964,0,2,2,0,0.0,0.0
player_01484,player,occasional_player,0.0,True,1,0.702914451,-0.317384142,0,2,2,0,0.0,0.0
player_01485,player,occasional_player,0.0,True,1,3.818780912,-1.458201977,0,2,2,0,0.0,0.0
player_01486,player,occasional_player,0.0,True,1,1.739494839,-0.41446049,0,1,1,0,0.0,0.0
player_01487,player,occasional_player,0.0,True,1,2.143914739,-1.117198213,0,2,2,0,0.0,0.0
player_01488,player,occasional_player,0.0,True,1,32.993583409,0.982612842,1,0,1,0,0.051716465,0.0
player_01489,player,occasional_player,0.0,True,1,1.428079787,-0.64609701,0,3,3,0,0.0,0.0
player_01490,player,occasional_player,0.0,True,1,2.172719292,-0.470879919,0,2,2,0,0.0,0.0
player_01491,player,occasional_player,0.0,True,1,1.206471959,-0.50489405,0,2,2,0,0.0,0.0
player_01492,player,occasional_player,0.0,True,1,4.466765238,-1.50590283,0,2,2,0,0.0,0.0
player_01493,player,occasional_player,0.0,True,1,2.94288488,-0.521015813,0,1,1,0,0.0,0.0
player_01494,player,occasional_player,0.0,True,1,2.448360415,-0.310742462,0,1,1,0,0.0,0.0
player_01495,player,occasional_player,0.0,True,1,2.411470484,-1.15168252,0,3,3,0,0.0,0.0
player_01496,player,occasional_player,0.0,True,1,3.570353987,-0.94144846,0,2,2,0,0.0,0.0
player_01497,player,occasional_player,0.0,True,1,1.047444123,-0.419640496,0,2,2,0,0.0,0.0
player_01498,player,player_whale,0.0,True,1,43.210391691,1.812565509,1,1,2,0,0.203586203,0.0
player_01499,player,occasional_player,0.0,True,1,2.765805431,-0.950062107,0,2,2,0,0.0,0.0
player_01500,player,occasional_player,0.0,True,1,0.81901572,-0.18098428,0,1,1,0,0.0,0.0
player_01501,player,occasional_player,0.0,True,1,0.845112227,-0.17380872,0,2,2,1,0.0,0.0
player_01502,player,occasional_player,0.0,True,1,3.934023236,-1.246021936,0,2,2,0,0.0,0.0
player_01503,player,opportunistic_player,0.0,True,1,3.888246069,-1.466434117,0,2,2,0,0.0,0.0
player_01504,player,occasional_player,0.0,True,1,1.711742268,-0.864347832,0,3,3,0,0.0,0.0
player_01505,player,occasional_player,0.0,True,1,0.587807788,-0.581277511,0,4,4,0,0.0,0.0
player_01506,player,occasional_player,0.0,True,1,4.260778719,-1.219226893,0,2,2,0,0.0,0.0
player_01507,player,player_whale,0.0,True,1,89.908908153,-11.854502932,0,2,2,0,0.0,0.0
player_01508,player,player_whale,0.0,True,1,41.68300669,-1.892898467,0,1,1,0,0.0,0.0
player_01509,player,opportunistic_player,0.0,True,1,5.689683064,-0.627397064,0,1,1,0,0.0,0.0
player_01510,player,occasional_player,0.0,True,1,2.707218769,-0.530077745,0,2,2,0,0.0,0.0
player_01511,player,occasional_player,0.0,True,1,5.852306024,-0.886375655,0,1,1,0,0.0,0.0
player_01512,player,occasional_player,0.0,True,1,2.410349554,-0.767218233,0,2,2,0,0.0,0.0
player_01513,player,occasional_player,0.0,True,1,19.657543134,-2.036396428,0,1,1,0,0.0,0.0
player_01514,player,opportunistic_player,0.0,True,1,4.263601149,-0.491333465,0,1,1,0,0.0,0.0
player_01515,player,occasional_player,0.0,True,1,2.540359824,-0.459961543,0,1,1,0,0.0,0.0
player_01516,player,opportunistic_player,0.0,True,1,7.513072575,-0.941676443,0,2,2,0,0.0,0.0
player_01517,player,player_whale,0.0,True,1,122.614682498,-3.288637222,1,1,2,0,0.216835433,0.0
player_01518,player,occasional_player,0.0,True,1,2.546817593,-0.566803752,0,1,1,0,0.0,0.0
player_01519,player,occasional_player,0.0,True,1,4.548598742,-1.552140873,0,2,2,0,0.0,0.0
player_01520,player,occasional_player,0.0,True,1,3.142758208,-1.406402147,0,2,2,0,0.0,0.0
player_01521,player,opportunistic_player,0.0,True,1,9.352223202,-1.646757295,0,2,2,0,0.0,0.0
player_01522,player,occasional_player,0.0,True,1,2.894710797,-0.792351606,0,1,1,0,0.0,0.0
player_01523,player,occasional_player,0.0,True,1,2.845417291,-0.229208157,0,1,1,0,0.0,0.0
player_01524,player,occasional_player,0.0,True,1,0.927448681,-0.310037051,0,2,2,0,0.0,0.0
player_01525,player,occasional_player,0.0,True,1,1.436134041,-0.39992945,0,1,1,0,0.0,0.0
player_01526,player,occasional_player,0.0,True,1,29.514195775,2.038281126,1,2,3,0,0.384196415,0.0
player_01527,player,player_whale,0.0,True,1,43.256984816,4.150494696,1,1,2,0,0.326882155,0.0
player_01528,player,occasional_player,0.0,True,1,0.850849633,-0.149150367,0,1,1,0,0.0,0.0
player_01529,player,occasional_player,0.0,True,1,3.466854037,-2.125243398,0,3,3,0,0.0,0.0
player_01530,player,occasional_player,0.0,True,1,2.550672669,-0.221337119,0,1,1,0,0.0,0.0
player_01531,player,opportunistic_player,0.0,True,1,4.326708863,-0.443801736,0,1,1,0,0.0,0.0
player_01532,player,occasional_player,0.0,True,1,4.515647299,1.341382789,1,3,4,0,0.195904023,0.0
player_01533,player,occasional_player,0.0,True,1,3.772654506,-0.421339779,0,1,1,0,0.0,0.0
player_01534,player,occasional_player,0.0,True,1,0.83357709,-0.672294245,0,3,3,0,0.0,0.0
player_01535,player,occasional_player,0.0,True,1,14.471316531,-1.328492317,0,1,1,0,0.0,0.0
player_01536,player,occasional_player,0.0,True,1,2.303053152,-0.208202142,0,1,1,0,0.0,0.0
player_01537,player,occasional_player,0.0,True,1,1.668778805,-0.763932214,0,2,2,0,0.0,0.0
player_01538,player,opportunistic_player,0.0,True,1,6.416511808,-0.648032889,0,1,1,0,0.0,0.0
player_01539,player,occasional_player,0.0,True,1,1.914897297,-0.853743982,0,2,2,0,0.0,0.0
player_01540,player,occasional_player,0.0,True,1,2.581809092,-0.454200325,0,1,1,0,0.0,0.0
player_01541,player,occasional_player,0.0,True,1,1.329525128,-0.658925742,0,3,3,0,0.0,0.0
player_01542,player,occasional_player,0.0,True,1,8.418100076,-1.614816761,0,1,1,0,0.0,0.0
player_01543,player,occasional_player,0.0,True,1,2.099289664,-0.460763793,0,1,1,0,0.0,0.0
player_01544,player,opportunistic_player,0.0,True,1,8.900040524,-1.798513906,1,3,4,0,0.131459405,0.0
player_01545,player,occasional_player,0.0,True,1,9.293925153,-1.253092119,0,1,1,0,0.0,0.0
player_01546,player,occasional_player,0.0,True,1,4.553095789,-0.614410682,0,1,1,0,0.0,0.0
player_01547,player,occasional_player,0.0,True,1,37.118949116,11.585950956,2,0,2,0,0.609786892,0.0
player_01548,player,occasional_player,0.0,True,1,2.233250912,-0.211990816,0,1,1,0,0.0,0.0
player_01549,player,occasional_player,0.0,True,1,2.160853215,-0.837350414,0,2,2,0,0.0,0.0
player_01550,player,occasional_player,0.0,True,1,1.564361917,-0.956131032,0,3,3,0,0.0,0.0
player_01551,player,occasional_player,0.0,True,1,3.044243985,-0.654918516,0,1,1,0,0.0,0.0
player_01552,player,occasional_player,0.0,True,1,0.882286682,-0.256533789,0,2,2,0,0.0,0.0
player_01553,player,occasional_player,0.0,True,1,2.868381413,-0.286845372,0,1,1,0,0.0,0.0
player_01554,player,occasional_player,0.0,True,1,9.274005231,-1.983686921,0,1,1,1,0.0,0.0
player_01555,player,occasional_player,0.0,True,1,2.931775213,-1.378927278,0,2,2,0,0.0,0.0
player_01556,player,opportunistic_player,0.0,True,1,23.097345934,2.97294102,1,1,2,0,0.213788966,0.0
player_01557,player,opportunistic_player,0.0,True,1,20.851117523,10.645194002,2,1,3,0,0.615501403,0.0
player_01558,player,opportunistic_player,0.0,True,1,3.538694169,-0.249812164,0,1,1,0,0.0,0.0
player_01559,player,occasional_player,0.0,True,1,4.294276857,-0.646209383,0,1,1,0,0.0,0.0
player_01560,player,occasional_player,0.0,True,1,3.102089597,-0.198971359,0,1,1,0,0.0,0.0
player_01561,player,occasional_player,0.0,True,1,2.735422622,-0.341248019,0,1,1,0,0.0,0.0
player_01562,player,occasional_player,0.0,True,1,0.875584647,-0.124415353,0,1,1,0,0.0,0.0
player_01563,player,occasional_player,0.0,True,1,3.781860786,-1.951275636,0,3,3,0,0.0,0.0
player_01564,player,occasional_player,0.0,True,1,1.650948926,-0.285185724,0,1,1,0,0.0,0.0
player_01565,player,opportunistic_player,0.0,True,1,28.100837894,6.060661962,2,0,2,0,0.318982209,0.0
player_01566,player,occasional_player,0.0,True,1,0.678775804,-0.664307569,0,4,4,0,0.0,0.0
player_01567,player,occasional_player,0.0,True,1,1.578792834,-0.415608431,0,2,2,0,0.0,0.0
player_01568,player,opportunistic_player,0.0,True,1,80.400860486,-9.599139514,1,1,2,0,0.410035293,0.0
player_01569,player,occasional_player,0.0,True,1,9.826083993,4.499701809,1,0,1,0,0.236826411,0.0
player_01570,player,occasional_player,0.0,True,1,1.405257448,-0.391892605,0,3,3,0,0.0,0.0
player_01571,player,opportunistic_player,0.0,True,1,6.994800578,-1.372326659,0,1,1,0,0.0,0.0
player_01572,player,occasional_player,0.0,True,1,8.451306703,-4.136127725,0,3,3,0,0.0,0.0
player_01573,player,occasional_player,0.0,True,1,4.96978308,-2.778996126,0,2,2,0,0.0,0.0
player_01574,player,occasional_player,0.0,True,1,9.86724084,-4.053341431,0,2,2,0,0.0,0.0
player_01575,player,occasional_player,0.0,True,1,22.695819704,7.962764617,2,2,4,0,0.664486368,0.0
player_01576,player,occasional_player,0.0,True,1,2.02780513,-0.545141046,0,1,1,0,0.0,0.0
player_01577,player,occasional_player,0.0,True,1,0.974279904,-0.169287145,0,1,1,0,0.0,0.0
player_01578,player,player_whale,0.0,True,1,48.162940946,13.162940946,3,0,3,0,0.692786366,0.0
player_01579,player,occasional_player,0.0,True,1,1.65493422,-0.294197798,0,1,1,0,0.0,0.0
player_01580,player,occasional_player,0.0,True,1,22.760194236,8.558577286,1,0,1,0,0.450451436,0.0
player_01581,player,occasional_player,0.0,True,1,3.930398568,-1.369637384,0,2,2,0,0.0,0.0
player_01582,player,occasional_player,0.0,True,1,2.624746994,-0.265501276,0,1,1,0,0.0,0.0
player_01583,player,occasional_player,0.0,True,1,2.109553708,-0.227463043,0,1,1,0,0.0,0.0
player_01584,player,occasional_player,0.0,True,1,6.210130628,-5.315831738,0,3,3,0,0.0,0.0
player_01585,player,opportunistic_player,0.0,True,1,40.746546267,9.236914896,1,0,1,0,0.486153416,0.0
player_01586,player,occasional_player,0.0,True,1,3.770482065,-0.657875787,0,2,2,0,0.0,0.0
player_01587,player,opportunistic_player,0.0,True,1,5.28147686,-4.465657943,0,4,4,0,0.0,0.0
player_01588,player,occasional_player,0.0,True,1,2.947611165,-0.914392692,0,2,2,0,0.0,0.0
player_01589,player,occasional_player,0.0,True,1,7.44416263,-3.573534788,0,2,2,0,0.0,0.0
player_01590,player,occasional_player,0.0,True,1,1.756440671,-1.512747928,0,3,3,0,0.0,0.0
player_01591,player,occasional_player,0.0,True,1,4.036870435,-3.604201521,0,4,4,0,0.0,0.0
player_01592,player,occasional_player,0.0,True,1,0.768385294,-0.231614706,0,2,2,0,0.0,0.0
player_01593,player,occasional_player,0.0,True,1,1.541191718,-0.1490311,0,1,1,0,0.0,0.0
player_01594,player,occasional_player,0.0,True,1,3.307238434,-1.467023134,0,2,2,0,0.0,0.0
player_01595,player,occasional_player,0.0,True,1,1.067646073,-0.618708336,0,2,2,0,0.0,0.0
player_01596,player,occasional_player,0.0,True,1,2.461726772,-0.216191598,0,1,1,0,0.0,0.0
player_01597,player,occasional_player,0.0,True,1,13.389203201,-4.426974946,0,2,2,0,0.0,0.0
player_01598,player,occasional_player,0.0,True,1,2.809487244,-0.285797455,0,1,1,0,0.0,0.0
player_01599,player,occasional_player,0.0,True,1,2.010016692,-0.543230041,0,1,1,0,0.0,0.0
player_01600,player,occasional_player,0.0,True,1,13.036861297,-1.680937971,0,1,1,0,0.0,0.0
player_01601,player,opportunistic_player,0.0,True,1,17.108002203,-4.095377396,0,2,2,0,0.0,0.0
player_01602,player,occasional_player,0.0,True,1,23.16592658,12.307882076,1,0,1,0,0.647783267,0.0
player_01603,player,player_whale,0.0,True,1,53.407380699,-4.517048411,0,1,1,0,0.0,0.0
player_01604,player,player_whale,0.0,True,1,80.255382969,2.418795744,1,1,2,0,0.224546601,0.0
player_01605,player,occasional_player,0.0,True,1,0.718651219,-0.281348781,0,2,2,0,0.0,0.0
player_01606,player,opportunistic_player,0.0,True,1,2.28742701,-1.328028366,0,4,4,0,0.0,0.0
player_01607,player,occasional_player,0.0,True,1,4.935470962,-2.572825085,0,3,3,0,0.0,0.0
player_01608,player,occasional_player,0.0,True,1,1.179297642,-0.645807842,0,2,2,0,0.0,0.0
player_01609,player,occasional_player,0.0,True,1,1.549123465,-0.528951263,0,2,2,0,0.0,0.0
player_01610,player,opportunistic_player,0.0,True,1,15.514466517,-4.964981034,0,3,3,0,0.0,0.0
player_01611,player,occasional_player,0.0,True,1,1.309178757,-0.44365311,0,2,2,0,0.0,0.0
player_01612,player,occasional_player,0.0,True,1,3.411810016,-1.312061532,0,2,2,0,0.0,0.0
player_01613,player,opportunistic_player,0.0,True,1,4.922005897,-1.191972628,0,2,2,0,0.0,0.0
player_01614,player,opportunistic_player,0.0,True,1,4.202523245,-0.589545936,0,2,2,0,0.0,0.0
player_01615,player,occasional_player,0.0,True,1,6.340637943,-1.5442822,0,1,1,0,0.0,0.0
player_01616,player,occasional_player,0.0,True,1,3.209752981,-0.373119931,0,1,1,0,0.0,0.0
player_01617,player,occasional_player,0.0,True,1,3.021051397,-0.719122506,0,1,1,0,0.0,0.0
player_01618,player,occasional_player,0.0,True,1,1.223634153,-0.173753891,0,1,1,0,0.0,0.0
player_01619,player,occasional_player,0.0,True,1,1.511767122,-0.376974852,0,1,1,0,0.0,0.0
player_01620,player,occasional_player,0.0,True,1,4.149076871,-0.944324435,0,2,2,0,0.0,0.0
player_01621,player,opportunistic_player,0.0,True,1,12.288437487,-2.288776986,0,1,1,0,0.0,0.0
player_01622,player,opportunistic_player,0.0,True,1,12.129333268,6.18872804,1,1,2,0,0.373940242,0.0
player_01623,player,occasional_player,0.0,True,1,1.939266681,-0.523138232,0,2,2,0,0.0,0.0
player_01624,player,opportunistic_player,0.0,True,1,4.913606249,-1.278584735,0,2,2,0,0.0,0.0
player_01625,player,opportunistic_player,0.0,True,1,6.945224578,-2.552039021,0,2,2,0,0.0,0.0
player_01626,player,occasional_player,0.0,True,1,11.409083032,6.930382479,1,0,1,0,0.364756973,0.0
player_01627,player,occasional_player,0.0,True,1,1.582096637,-1.547495237,0,4,4,0,0.0,0.0
player_01628,player,occasional_player,0.0,True,1,10.549180049,-1.220639021,0,1,1,1,0.0,0.0
player_01629,player,occasional_player,0.0,True,1,5.209301529,-2.219264883,0,2,2,0,0.0,0.0
player_01630,player,occasional_player,0.0,True,1,2.51993255,-0.634781144,0,1,1,0,0.0,0.0
player_01631,player,occasional_player,0.0,True,1,12.396010769,6.957802707,1,0,1,0,0.366200142,0.0
player_01632,player,occasional_player,0.0,True,1,16.539822964,11.359218577,2,2,4,0,0.857231613,0.0
player_01633,player,occasional_player,0.0,True,1,21.294328904,-2.285937422,0,1,1,0,0.0,0.0
player_01634,player,occasional_player,0.0,True,1,17.387888889,-2.901749761,0,1,1,0,0.0,0.0
player_01635,player,occasional_player,0.0,True,1,20.050802629,2.187999216,1,1,2,0,0.197867408,0.0
player_01636,player,occasional_player,0.0,True,1,1.540291066,-0.295895888,0,2,2,0,0.0,0.0
player_01637,player,occasional_player,0.0,True,1,1.303383298,-0.196580371,0,1,1,0,0.0,0.0
player_01638,player,opportunistic_player,0.0,True,1,2.628940454,-1.048431318,0,2,2,0,0.0,0.0
player_01639,player,occasional_player,0.0,True,1,2.981378653,-1.165959681,0,2,2,0,0.0,0.0
player_01640,player,opportunistic_player,0.0,True,1,13.796257832,2.939481449,1,1,2,0,0.231456028,0.0
player_01641,player,occasional_player,0.0,True,1,3.808904362,-0.971534389,0,1,1,0,0.0,0.0
player_01642,player,occasional_player,0.0,True,1,0.956865427,-0.725124666,0,3,3,0,0.0,0.0
player_01643,player,occasional_player,0.0,True,1,10.007579277,1.462699138,1,2,3,0,0.184793431,0.0
player_01644,player,occasional_player,0.0,True,1,0.87051338,-0.12948662,0,1,1,0,0.0,0.0
player_01645,player,opportunistic_player,0.0,True,1,13.006948354,3.080104243,1,1,2,0,0.23607484,0.0
player_01646,player,occasional_player,0.0,True,1,1.623856835,-0.313864675,0,1,1,0,0.0,0.0
player_01647,player,occasional_player,0.0,True,1,12.771915947,6.441389825,1,0,1,0,0.339020517,0.0
player_01648,player,opportunistic_player,0.0,True,1,2.636870595,-0.363129405,0,2,2,0,0.0,0.0
player_01649,player,occasional_player,0.0,True,1,0.866832822,-0.133167178,0,1,1,0,0.0,0.0
player_01650,player,occasional_player,0.0,True,1,3.031183836,-0.731094097,0,1,1,0,0.0,0.0
player_01651,player,occasional_player,0.0,True,1,1.837863833,-0.65916131,0,2,2,0,0.0,0.0
player_01652,player,occasional_player,0.0,True,1,2.465199035,-1.428069619,0,3,3,0,0.0,0.0
player_01653,player,occasional_player,0.0,True,1,6.397841673,-5.601783275,0,3,3,0,0.0,0.0
player_01654,player,occasional_player,0.0,True,1,1.683446761,-0.133319842,0,1,1,0,0.0,0.0
player_01655,player,occasional_player,0.0,True,1,22.771037575,11.7576589,2,0,2,0,0.618824153,0.0
player_01656,player,occasional_player,0.0,True,1,9.327701833,-2.329952803,0,2,2,0,0.0,0.0
player_01657,player,occasional_player,0.0,True,1,0.9236252,-0.152777071,0,2,2,0,0.0,0.0
player_01658,player,occasional_player,0.0,True,1,1.937405016,-0.999520808,0,2,2,0,0.0,0.0
player_01659,player,opportunistic_player,0.0,True,1,12.946561913,-3.745964765,0,2,2,0,0.0,0.0
player_01660,player,occasional_player,0.0,True,1,1.754871981,-0.187143204,0,1,1,0,0.0,0.0
player_01661,player,occasional_player,0.0,True,1,2.994480332,-1.141699517,0,3,3,0,0.0,0.0
player_01662,player,occasional_player,0.0,True,1,2.59584621,-0.324813563,0,1,1,0,0.0,0.0
player_01663,player,occasional_player,0.0,True,1,2.591388294,-0.272220439,0,1,1,0,0.0,0.0
player_01664,player,opportunistic_player,0.0,True,1,7.263530265,-0.942646969,0,1,1,0,0.0,0.0
player_01665,player,player_whale,0.0,True,1,71.705001489,7.027013239,1,0,1,0,0.369842802,0.0
player_01666,player,occasional_player,0.0,True,1,0.901373521,-0.098626479,0,1,1,0,0.0,0.0
player_01667,player,occasional_player,0.0,True,1,25.787240665,13.761135619,2,0,2,0,0.724270296,0.0
player_01668,player,occasional_player,0.0,True,1,17.420181611,-1.820871558,1,2,3,0,0.094700563,0.0
player_01669,player,occasional_player,0.0,True,1,13.277444228,6.481373144,1,3,4,0,0.458246607,0.0
player_01670,player,occasional_player,0.0,True,1,1.438520574,-0.170866938,0,1,1,0,0.0,0.0
player_01671,player,occasional_player,0.0,True,1,6.916342052,-2.543068234,0,2,2,0,0.0,0.0
player_01672,player,occasional_player,0.0,True,1,2.269463425,-0.320332895,0,1,1,0,0.0,0.0
player_01673,player,occasional_player,0.0,True,1,2.216995662,-0.78095453,0,2,2,0,0.0,0.0
player_01674,player,occasional_player,0.0,True,1,10.772834183,7.550392792,1,0,1,0,0.397389094,0.0
player_01675,player,occasional_player,0.0,True,1,1.798805574,-0.95196136,0,3,3,0,0.0,0.0
player_01676,player,player_whale,0.0,True,1,96.276141146,-2.388006891,0,1,1,0,0.0,0.0
player_01677,player,occasional_player,0.0,True,1,7.740375021,-2.248570235,0,2,2,0,0.0,0.0
player_01678,player,occasional_player,0.0,True,1,19.070959392,-1.791493645,0,1,1,0,0.0,0.0
player_01679,player,player_whale,0.0,True,1,78.215813708,6.231800334,2,0,2,0,0.327989491,0.0
player_01680,player,occasional_player,0.0,True,1,5.617169163,-1.578917455,0,1,1,0,0.0,0.0
player_01681,player,occasional_player,0.0,True,1,2.490369476,-0.175755785,0,1,1,0,0.0,0.0
player_01682,player,opportunistic_player,0.0,True,1,2.624640566,-0.375359434,0,1,1,0,0.0,0.0
player_01683,player,occasional_player,0.0,True,1,7.954026791,-1.853736491,0,1,1,0,0.0,0.0
player_01684,player,opportunistic_player,0.0,True,1,22.22967485,2.360113041,1,1,2,0,0.274928232,0.0
player_01685,player,occasional_player,0.0,True,1,2.019556689,-0.739400277,0,3,3,0,0.0,0.0
player_01686,player,occasional_player,0.0,True,1,3.877203879,-2.161143002,0,3,3,0,0.0,0.0
player_01687,player,occasional_player,0.0,True,1,5.132489099,1.782348459,1,2,3,1,0.235349737,0.0
player_01688,player,occasional_player,0.0,True,1,1.584208856,-0.132335498,0,1,1,1,0.0,0.0
player_01689,player,occasional_player,0.0,True,1,8.639898533,-0.988652127,0,1,1,0,0.0,0.0
player_01690,player,occasional_player,0.0,True,1,22.49950818,-1.501193283,0,1,1,0,0.0,0.0
player_01691,player,occasional_player,0.0,True,1,1.71539994,-0.166192358,0,1,1,0,0.0,0.0
player_01692,player,occasional_player,0.0,True,1,16.291769591,-4.528697353,0,2,2,0,0.0,0.0
player_01693,player,occasional_player,0.0,True,1,5.297772835,-1.074385241,0,1,1,0,0.0,0.0
player_01694,player,occasional_player,0.0,True,1,0.870166579,-0.723265534,0,3,3,0,0.0,0.0
player_01695,player,occasional_player,0.0,True,1,1.768697326,-0.427082713,0,1,1,0,0.0,0.0
player_01696,player,occasional_player,0.0,True,1,1.947533422,-0.406472127,0,1,1,0,0.0,0.0
player_01697,player,opportunistic_player,0.0,True,1,11.769750284,-1.670637536,0,1,1,0,0.0,0.0
player_01698,player,player_whale,0.0,True,1,45.27133463,-0.718956764,2,1,3,0,0.155160237,0.0
player_01699,player,occasional_player,0.0,True,1,5.593897299,-1.398644226,0,1,1,0,0.0,0.0
player_01700,player,occasional_player,0.0,True,1,2.364310206,-0.23104876,0,1,1,0,0.0,0.0
player_01701,player,occasional_player,0.0,True,1,3.472047695,-0.833536662,0,1,1,0,0.0,0.0
player_01702,player,occasional_player,0.0,True,1,24.578353383,2.748108372,1,1,2,0,0.264882935,0.0
player_01703,player,opportunistic_player,0.0,True,1,4.644560241,-3.625633607,0,4,4,0,0.0,0.0
player_01704,player,occasional_player,0.0,True,1,2.466816062,-0.282335912,0,1,1,0,0.0,0.0
player_01705,player,occasional_player,0.0,True,1,2.42068289,-1.908924857,0,4,4,0,0.0,0.0
player_01706,player,occasional_player,0.0,True,1,3.263672016,-0.4874166,0,1,1,0,0.0,0.0
player_01707,player,occasional_player,0.0,True,1,4.722567871,-0.884491025,0,1,1,0,0.0,0.0
player_01708,player,occasional_player,0.0,True,1,0.708805048,-0.291194952,0,2,2,0,0.0,0.0
player_01709,player,occasional_player,0.0,True,1,5.082456463,-1.687028282,0,3,3,0,0.0,0.0
player_01710,player,occasional_player,0.0,True,1,19.876112653,13.749225268,2,0,2,0,0.723643435,0.0
player_01711,player,occasional_player,0.0,True,1,1.985800634,-1.052344388,0,3,3,0,0.0,0.0
player_01712,player,occasional_player,0.0,True,1,4.510992218,-0.434963779,0,1,1,0,0.0,0.0
player_01713,player,opportunistic_player,0.0,True,1,24.776994139,7.477030206,1,1,2,0,0.443628067,0.0
player_01714,player,occasional_player,0.0,True,1,3.108134328,-0.822374884,0,2,2,0,0.0,0.0
player_01715,player,opportunistic_player,0.0,True,1,13.538689783,6.65416117,1,0,1,0,0.350219009,0.0
player_01716,player,occasional_player,0.0,True,1,2.163281952,-0.719471926,0,2,2,0,0.0,0.0
player_01717,player,occasional_player,0.0,True,1,6.425421321,-0.423547683,0,1,1,0,0.0,0.0
player_01718,player,occasional_player,0.0,True,1,1.672306642,-0.16082209,0,1,1,0,0.0,0.0
player_01719,player,occasional_player,0.0,True,1,1.017706564,-0.947844173,0,4,4,0,0.0,0.0
player_01720,player,occasional_player,0.0,True,1,1.577043586,-0.146399308,0,1,1,0,0.0,0.0
player_01721,player,occasional_player,0.0,True,1,0.640720257,-0.359279743,0,2,2,0,0.0,0.0
player_01722,player,occasional_player,0.0,True,1,2.020254931,-0.299553099,0,1,1,0,0.0,0.0
player_01723,player,occasional_player,0.0,True,1,18.164774996,14.224670039,2,1,3,0,0.771405617,0.0
player_01724,player,occasional_player,0.0,True,1,0.839805816,-0.162895009,0,1,1,0,0.0,0.0
player_01725,player,occasional_player,0.0,True,1,2.203035721,-0.537033562,0,1,1,0,0.0,0.0
player_01726,player,occasional_player,0.0,True,1,9.254418297,1.272427368,1,1,2,0,0.126486105,0.0
player_01727,player,opportunistic_player,0.0,True,1,19.44831131,4.966552551,1,0,1,0,0.261397503,0.0
player_01728,player,occasional_player,0.0,True,1,0.911386281,-0.1069989,0,1,1,0,0.0,0.0
player_01729,player,occasional_player,0.0,True,1,1.374802546,-0.527901198,0,2,2,0,0.0,0.0
player_01730,player,occasional_player,0.0,True,1,11.052807944,-2.651720511,0,1,1,0,0.0,0.0
player_01731,player,occasional_player,0.0,True,1,3.84597138,-0.248839788,0,1,1,0,0.0,0.0
player_01732,player,occasional_player,0.0,True,1,13.458685049,-4.787016573,0,2,2,0,0.0,0.0
player_01733,player,occasional_player,0.0,True,1,1.621788936,-0.400719318,0,1,1,0,0.0,0.0
player_01734,player,occasional_player,0.0,True,1,2.083409035,-0.798875878,0,2,2,0,0.0,0.0
player_01735,player,occasional_player,0.0,True,1,2.238973671,-0.5799816,0,1,1,0,0.0,0.0
player_01736,player,occasional_player,0.0,True,1,1.116641995,-0.880100341,0,4,4,0,0.0,0.0
player_01737,player,occasional_player,0.0,True,1,9.596251204,-3.212650378,0,3,3,0,0.0,0.0
player_01738,player,player_whale,0.0,True,1,68.167297964,9.407053638,1,0,1,0,0.495108086,0.0
player_01739,player,occasional_player,0.0,True,1,2.578250004,-1.367258363,0,3,3,0,0.0,0.0
player_01740,player,occasional_player,0.0,True,1,19.389312086,-1.536948239,0,1,1,0,0.0,0.0
player_01741,player,opportunistic_player,0.0,True,1,5.989150758,-3.599657701,0,3,3,0,0.0,0.0
player_01742,player,occasional_player,0.0,True,1,2.225484463,-0.534424613,0,2,2,0,0.0,0.0
player_01743,player,occasional_player,0.0,True,1,0.78106629,-0.21893371,0,2,2,0,0.0,0.0
player_01744,player,occasional_player,0.0,True,1,0.705780692,-0.294219308,0,2,2,0,0.0,0.0
player_01745,player,occasional_player,0.0,True,1,14.684563581,-2.149620745,0,1,1,0,0.0,0.0
player_01746,player,opportunistic_player,0.0,True,1,9.941939588,-1.346373531,0,1,1,0,0.0,0.0
player_01747,player,occasional_player,0.0,True,1,8.276686829,3.489154875,1,1,2,1,0.22445913,0.0
player_01748,player,opportunistic_player,0.0,True,1,9.043776755,-1.107274157,0,1,1,0,0.0,0.0
player_01749,player,occasional_player,0.0,True,1,17.446320372,4.553833111,1,1,2,0,0.380000924,0.0
player_01750,player,occasional_player,0.0,True,1,4.278666147,-0.440957902,0,1,1,0,0.0,0.0
player_01751,player,occasional_player,0.0,True,1,3.038621172,-0.761260713,0,1,1,0,0.0,0.0
player_01752,player,occasional_player,0.0,True,1,2.066244386,-0.499515135,0,1,1,0,0.0,0.0
player_01753,player,occasional_player,0.0,True,1,1.042548462,-0.451890289,0,2,2,0,0.0,0.0
player_01754,player,occasional_player,0.0,True,1,1.192453707,-0.250286619,0,1,1,0,0.0,0.0
player_01755,player,occasional_player,0.0,True,1,4.746781158,-0.847141755,0,1,1,0,0.0,0.0
player_01756,player,opportunistic_player,0.0,True,1,6.744384608,-1.469479448,0,1,1,0,0.0,0.0
player_01757,player,occasional_player,0.0,True,1,1.288613728,-0.496356547,0,2,2,0,0.0,0.0
player_01758,player,occasional_player,0.0,True,1,3.276587555,-0.789210162,0,1,1,0,0.0,0.0
player_01759,player,occasional_player,0.0,True,1,2.36283404,-0.281777043,0,1,1,0,0.0,0.0
player_01760,player,opportunistic_player,0.0,True,1,18.573827341,2.999175878,1,1,2,0,0.199529166,0.0
player_01761,player,opportunistic_player,0.0,True,1,2.579165847,-0.473718865,0,2,2,0,0.0,0.0
player_01762,player,occasional_player,0.0,True,1,1.706434718,-0.287298316,0,1,1,0,0.0,0.0
player_01763,player,occasional_player,0.0,True,1,2.243325505,-0.762732743,0,2,2,0,0.0,0.0
player_01764,player,occasional_player,0.0,True,1,1.812137068,-0.165073554,0,1,1,0,0.0,0.0
player_01765,player,opportunistic_player,0.0,True,1,25.755762558,-4.492485236,0,1,1,0,0.0,0.0
player_01766,player,occasional_player,0.0,True,1,14.158086532,-3.157113921,0,2,2,0,0.0,0.0
player_01767,player,opportunistic_player,0.0,True,1,4.32531183,-2.234395756,0,4,4,0,0.0,0.0
player_01768,player,occasional_player,0.0,True,1,3.548288894,-0.945992873,0,1,1,0,0.0,0.0
player_01769,player,player_whale,0.0,True,1,183.984734185,10.618982297,1,0,1,0,0.558893805,0.0
player_01770,player,occasional_player,0.0,True,1,8.599141789,-1.557913783,0,1,1,0,0.0,0.0
player_01771,player,occasional_player,0.0,True,1,0.69516448,-0.480764341,0,3,3,0,0.0,0.0
player_01772,player,occasional_player,0.0,True,1,1.961653068,-0.514473697,0,2,2,0,0.0,0.0
player_01773,player,occasional_player,0.0,True,1,5.730673684,-1.070143386,0,1,1,0,0.0,0.0
player_01774,player,occasional_player,0.0,True,1,3.213722783,-0.823079685,0,1,1,0,0.0,0.0
player_01775,player,opportunistic_player,0.0,True,1,2.332526741,-0.667473259,0,2,2,0,0.0,0.0
player_01776,player,occasional_player,0.0,True,1,14.7629136,5.071767869,1,0,1,0,0.266935151,0.0
player_01777,player,occasional_player,0.0,True,1,4.474830952,-0.624234752,0,1,1,0,0.0,0.0
player_01778,player,occasional_player,0.0,True,1,8.934964507,4.59056839,1,1,2,0,0.362565259,0.0
player_01779,player,occasional_player,0.0,True,1,2.342255141,-0.205594277,0,1,1,0,0.0,0.0
player_01780,player,opportunistic_player,0.0,True,1,4.390212316,-0.549526632,0,1,1,0,0.0,0.0
player_01781,player,occasional_player,0.0,True,1,2.680652055,-0.408539953,0,1,1,1,0.0,0.0
player_01782,player,occasional_player,0.0,True,1,1.842504789,-0.270161122,0,1,1,0,0.0,0.0
player_01783,player,opportunistic_player,0.0,True,1,8.340468586,-2.728835686,0,2,2,0,0.0,0.0
player_01784,player,opportunistic_player,0.0,True,1,20.220056279,-4.916250497,0,2,2,0,0.0,0.0
player_01785,player,occasional_player,0.0,True,1,5.844230202,-3.643695394,0,3,3,0,0.0,0.0
player_01786,player,opportunistic_player,0.0,True,1,20.417379433,-3.258870812,0,2,2,0,0.0,0.0
player_01787,player,occasional_player,0.0,True,1,6.441774234,-2.747436771,0,2,2,0,0.0,0.0
player_01788,player,occasional_player,0.0,True,1,3.007807238,-0.265654108,0,1,1,0,0.0,0.0
player_01789,player,occasional_player,0.0,True,1,1.98187004,-0.491365688,0,1,1,0,0.0,0.0
player_01790,player,occasional_player,0.0,True,1,2.126852558,-0.294440285,0,1,1,0,0.0,0.0
player_01791,player,occasional_player,0.0,True,1,5.468816935,-0.645251309,0,1,1,0,0.0,0.0
player_01792,player,occasional_player,0.0,True,1,0.642988191,-0.357011809,0,2,2,0,0.0,0.0
player_01793,player,occasional_player,0.0,True,1,1.476671094,-0.267716294,0,1,1,0,0.0,0.0
player_01794,player,occasional_player,0.0,True,1,1.057463149,-0.186562535,0,1,1,0,0.0,0.0
player_01795,player,player_whale,0.0,True,1,42.906932944,7.906932944,1,2,3,0,0.64510522,0.0
player_01796,player,occasional_player,0.0,True,1,10.549109066,-2.042892696,0,1,1,0,0.0,0.0
player_01797,player,occasional_player,0.0,True,1,2.135736365,-0.457177878,0,1,1,0,0.0,0.0
player_01798,player,occasional_player,0.0,True,1,3.250399653,-0.374985601,0,1,1,0,0.0,0.0
player_01799,player,occasional_player,0.0,True,1,1.013096517,-0.501973989,0,3,3,0,0.0,0.0
player_01800,player,occasional_player,0.0,True,1,7.550414772,-1.659751115,0,1,1,0,0.0,0.0
player_01801,player,occasional_player,0.0,True,1,2.465906761,-0.748321803,0,2,2,0,0.0,0.0
player_01802,player,occasional_player,0.0,True,1,4.116703998,-0.964486205,0,1,1,1,0.0,0.0
player_01803,player,occasional_player,0.0,True,1,3.721073734,-0.76666854,0,1,1,0,0.0,0.0
player_01804,player,occasional_player,0.0,True,1,4.109940496,-0.280548872,0,1,1,0,0.0,0.0
player_01805,player,opportunistic_player,0.0,True,1,32.025699579,7.895727138,1,1,2,0,0.511623941,0.0
player_01806,player,occasional_player,0.0,True,1,1.527679803,-0.173490098,0,1,1,0,0.0,0.0
player_01807,player,opportunistic_player,0.0,True,1,35.755656865,9.962924141,3,0,3,0,0.524364428,0.0
player_01808,player,occasional_player,0.0,True,1,2.78032874,-0.739394636,0,1,1,0,0.0,0.0
player_01809,player,occasional_player,0.0,True,1,2.934226619,-1.509288293,0,2,2,0,0.0,0.0
player_01810,player,occasional_player,0.0,True,1,4.219506681,-2.957582176,0,3,3,0,0.0,0.0
player_01811,player,occasional_player,0.0,True,1,10.012987666,4.868404497,1,1,2,0,0.314441575,0.0
player_01812,player,occasional_player,0.0,True,1,10.744855163,7.250474203,1,3,4,0,0.438691648,0.0
player_01813,player,occasional_player,0.0,True,1,5.282609154,-1.474295921,0,1,1,0,0.0,0.0
player_01814,player,occasional_player,0.0,True,1,1.440880592,-0.551047773,0,2,2,0,0.0,0.0
player_01815,player,occasional_player,0.0,True,1,1.358233768,-0.880146963,0,3,3,0,0.0,0.0
player_01816,player,occasional_player,0.0,True,1,0.84208899,-0.231286965,0,2,2,0,0.0,0.0
player_01817,player,occasional_player,0.0,True,1,3.685376974,-0.275586621,0,1,1,0,0.0,0.0
player_01818,player,occasional_player,0.0,True,1,1.781241349,-0.497293042,0,1,1,0,0.0,0.0
player_01819,player,occasional_player,0.0,True,1,4.456327509,-0.324947651,0,1,1,0,0.0,0.0
player_01820,player,opportunistic_player,0.0,True,1,3.736342508,-0.772103701,0,1,1,0,0.0,0.0
player_01821,player,occasional_player,0.0,True,1,9.128496673,2.65806653,1,2,3,0,0.207053,0.0
player_01822,player,occasional_player,0.0,True,1,4.518855617,-1.162824751,0,2,2,0,0.0,0.0
player_01823,player,opportunistic_player,0.0,True,1,13.951927455,-2.326581146,0,1,1,0,0.0,0.0
player_01824,player,occasional_player,0.0,True,1,8.764967545,-2.290934745,0,1,1,0,0.0,0.0
player_01825,player,occasional_player,0.0,True,1,2.264284286,-0.979880269,0,3,3,0,0.0,0.0
player_01826,player,occasional_player,0.0,True,1,21.73837223,-2.593731814,0,1,1,0,0.0,0.0
player_01827,player,occasional_player,0.0,True,1,4.290159401,-1.822681376,0,3,3,0,0.0,0.0
player_01828,player,occasional_player,0.0,True,1,29.069482337,-5.371367351,0,1,1,0,0.0,0.0
player_01829,player,occasional_player,0.0,True,1,1.209973726,-0.182379702,0,1,1,0,0.0,0.0
player_01830,player,occasional_player,0.0,True,1,4.809457696,-0.414808354,0,1,1,0,0.0,0.0
player_01831,player,occasional_player,0.0,True,1,1.968128906,-0.487027874,0,1,1,0,0.0,0.0
player_01832,player,occasional_player,0.0,True,1,3.989812597,-0.751847998,0,2,2,0,0.0,0.0
player_01833,player,occasional_player,0.0,True,1,17.214453908,2.92246745,1,1,2,0,0.291338729,0.0
player_01834,player,occasional_player,0.0,True,1,7.663780735,3.641098583,1,1,2,0,0.213087866,0.0
player_01835,player,occasional_player,0.0,True,1,7.777916357,-3.193896135,0,2,2,0,0.0,0.0
player_01836,player,player_whale,0.0,True,1,31.608485535,-3.391514465,0,2,2,0,0.0,0.0
player_01837,player,occasional_player,0.0,True,1,6.171857999,-1.565258162,0,1,1,0,0.0,0.0
player_01838,player,occasional_player,0.0,True,1,3.490800051,-0.338594679,0,1,1,0,0.0,0.0
player_01839,player,player_whale,0.0,True,1,70.857586356,-3.706869487,1,1,2,0,0.050937879,0.0
player_01840,player,opportunistic_player,0.0,True,1,20.42220689,-1.782004916,0,1,1,0,0.0,0.0
player_01841,player,occasional_player,0.0,True,1,1.753169177,-0.368859276,0,1,1,0,0.0,0.0
player_01842,player,occasional_player,0.0,True,1,9.983753753,-2.753800457,0,1,1,0,0.0,0.0
player_01843,player,player_whale,0.0,True,1,36.578502723,-1.760532587,0,1,1,0,0.0,0.0
player_01844,player,occasional_player,0.0,True,1,0.864773264,-0.135226736,0,1,1,0,0.0,0.0
player_01845,player,opportunistic_player,0.0,True,1,4.92657219,-2.21648017,0,3,3,0,0.0,0.0
player_01846,player,occasional_player,0.0,True,1,4.635453045,-5.172385876,0,4,4,0,0.0,0.0
player_01847,player,player_whale,0.0,True,1,32.450467177,-2.549532823,0,1,1,0,0.0,0.0
player_01848,player,occasional_player,0.0,True,1,1.598978448,-0.115672235,0,1,1,0,0.0,0.0
player_01849,player,occasional_player,0.0,True,1,3.736214536,-1.069535152,0,2,2,0,0.0,0.0
player_01850,player,occasional_player,0.0,True,1,9.320358792,-1.559619488,0,1,1,0,0.0,0.0
player_01851,player,occasional_player,0.0,True,1,6.154018807,-1.703244188,0,1,1,0,0.0,0.0
player_01852,player,occasional_player,0.0,True,1,4.769520618,-1.957613561,0,2,2,0,0.0,0.0
player_01853,player,occasional_player,0.0,True,1,3.204649964,-0.721838188,0,1,1,0,0.0,0.0
player_01854,player,occasional_player,0.0,True,1,4.877353823,-0.682472296,0,1,1,0,0.0,0.0
player_01855,player,occasional_player,0.0,True,1,8.054501883,-0.919493135,0,1,1,0,0.0,0.0
player_01856,player,occasional_player,0.0,True,1,4.604246849,-0.621595018,0,1,1,0,0.0,0.0
player_01857,player,occasional_player,0.0,True,1,7.462340425,-0.567314263,0,1,1,0,0.0,0.0
player_01858,player,occasional_player,0.0,True,1,3.301109435,-0.829767543,0,1,1,0,0.0,0.0
player_01859,player,opportunistic_player,0.0,True,1,3.980327784,-0.686615168,0,1,1,0,0.0,0.0
player_01860,player,occasional_player,0.0,True,1,2.960295993,-0.480671549,0,1,1,0,0.0,0.0
player_01861,player,occasional_player,0.0,True,1,16.284797656,-5.047878013,0,3,3,0,0.0,0.0
player_01862,player,occasional_player,0.0,True,1,12.848447418,-2.115607061,0,1,1,0,0.0,0.0
player_01863,player,player_whale,0.0,True,1,63.362704372,8.222040262,1,0,1,0,0.432738961,0.0
player_01864,player,occasional_player,0.0,True,1,4.101208486,-0.748362025,0,1,1,0,0.0,0.0
player_01865,player,opportunistic_player,0.0,True,1,34.143961663,3.448064994,1,0,1,0,0.181477105,0.0
player_01866,player,occasional_player,0.0,True,1,1.865001705,-0.863416743,0,2,2,0,0.0,0.0
player_01867,player,occasional_player,0.0,True,1,2.357979584,-0.440780574,0,1,1,0,0.0,0.0
player_01868,player,occasional_player,0.0,True,1,8.851343429,-1.408070493,0,1,1,0,0.0,0.0
player_01869,player,opportunistic_player,0.0,True,1,38.93146469,8.43690628,2,0,2,0,0.444047699,0.0
player_01870,player,occasional_player,0.0,True,1,2.907027175,-1.60015738,0,2,2,0,0.0,0.0
player_01871,player,occasional_player,0.0,True,1,4.213267178,-1.519720398,0,2,2,0,0.0,0.0
player_01872,player,occasional_player,0.0,True,1,11.580902731,2.528866417,1,1,2,0,0.199177239,0.0
player_01873,player,occasional_player,0.0,True,1,2.107082416,-1.097473382,0,3,3,0,0.0,0.0
player_01874,player,occasional_player,0.0,True,1,2.285788963,-0.820954529,0,2,2,0,0.0,0.0
player_01875,player,occasional_player,0.0,True,1,1.851803699,-1.419472827,0,3,3,0,0.0,0.0
player_01876,player,occasional_player,0.0,True,1,12.424347131,-1.344466424,0,1,1,0,0.0,0.0
player_01877,player,occasional_player,0.0,True,1,0.753930077,-0.246069923,0,3,3,0,0.0,0.0
player_01878,player,opportunistic_player,0.0,True,1,9.456258687,-2.025311276,0,1,1,0,0.0,0.0
player_01879,player,occasional_player,0.0,True,1,9.594062053,3.550157749,1,1,2,0,0.277038343,0.0
player_01880,player,occasional_player,0.0,True,1,14.737969668,6.507487946,1,0,1,0,0.342499366,0.0
player_01881,player,occasional_player,0.0,True,1,3.299408166,-1.153636744,0,2,2,0,0.0,0.0
player_01882,player,occasional_player,0.0,True,1,1.137636429,-0.406127571,0,2,2,0,0.0,0.0
player_01883,player,occasional_player,0.0,True,1,5.371212814,-0.914813727,0,1,1,0,0.0,0.0
player_01884,player,occasional_player,0.0,True,1,5.679801652,-0.924143671,0,2,2,0,0.0,0.0
player_01885,player,occasional_player,0.0,True,1,6.093605565,-1.445614041,0,1,1,0,0.0,0.0
player_01886,player,occasional_player,0.0,True,1,5.82400517,-1.531502031,0,1,1,0,0.0,0.0
player_01887,player,occasional_player,0.0,True,1,7.22381602,5.538798688,1,0,1,0,0.29151572,0.0
player_01888,player,opportunistic_player,0.0,True,1,10.17502534,-1.789520921,0,2,2,0,0.0,0.0
player_01889,player,opportunistic_player,0.0,True,1,2.697010722,-1.45385358,0,3,3,0,0.0,0.0
player_01890,player,occasional_player,0.0,True,1,4.060035106,-0.394737935,0,1,1,0,0.0,0.0
player_01891,player,occasional_player,0.0,True,1,2.687075286,-0.181635128,0,1,1,0,0.0,0.0
player_01892,player,occasional_player,0.0,True,1,6.083242893,-0.42391934,0,1,1,0,0.0,0.0
player_01893,player,occasional_player,0.0,True,1,4.951547402,-1.041154943,0,2,2,0,0.0,0.0
player_01894,player,player_whale,0.0,True,1,134.252894782,1.279440363,1,1,2,0,0.134311935,0.0
player_01895,player,player_whale,0.0,True,1,33.921288609,-4.20358266,0,2,2,0,0.0,0.0
player_01896,player,occasional_player,0.0,True,1,3.524189617,-1.061059867,0,2,2,0,0.0,0.0
player_01897,player,occasional_player,0.0,True,1,14.75698629,-1.049385,0,1,1,0,0.0,0.0
player_01898,player,occasional_player,0.0,True,1,4.586838041,2.528001674,1,2,3,0,0.201183762,0.0
player_01899,player,occasional_player,0.0,True,1,4.281310495,-1.06317763,0,1,1,0,0.0,0.0
player_01900,player,occasional_player,0.0,True,1,3.369477797,-0.244403648,0,1,1,0,0.0,0.0
player_01901,player,occasional_player,0.0,True,1,1.24913406,-0.694352687,0,3,3,0,0.0,0.0
player_01902,player,opportunistic_player,0.0,True,1,3.528611569,-0.278933465,0,1,1,0,0.0,0.0
player_01903,player,occasional_player,0.0,True,1,1.033063922,-0.273447391,0,1,1,0,0.0,0.0
player_01904,player,occasional_player,0.0,True,1,7.626062905,-0.768441612,0,1,1,0,0.0,0.0
player_01905,player,occasional_player,0.0,True,1,1.167473658,-0.228429151,0,1,1,0,0.0,0.0
player_01906,player,opportunistic_player,0.0,True,1,19.660662838,4.38465914,1,0,1,0,0.230771534,0.0
player_01907,player,opportunistic_player,0.0,True,1,7.15459536,-0.777724845,0,1,1,0,0.0,0.0
player_01908,player,occasional_player,0.0,True,1,0.877469092,-0.214197657,0,1,1,0,0.0,0.0
player_01909,player,occasional_player,0.0,True,1,1.623410272,-0.359432713,0,1,1,0,0.0,0.0
player_01910,player,occasional_player,0.0,True,1,4.86416009,-1.348451095,0,1,1,0,0.0,0.0
player_01911,player,occasional_player,0.0,True,1,2.927080247,-0.815532815,0,1,1,0,0.0,0.0
player_01912,player,opportunistic_player,0.0,True,1,4.854012528,-0.587110218,0,1,1,0,0.0,0.0
player_01913,player,occasional_player,0.0,True,1,1.776833626,-0.463361431,0,1,1,0,0.0,0.0
player_01914,player,occasional_player,0.0,True,1,2.922643103,-0.926724008,0,2,2,0,0.0,0.0
player_01915,player,opportunistic_player,0.0,True,1,9.156117432,-0.595568177,0,1,1,0,0.0,0.0
player_01916,player,occasional_player,0.0,True,1,2.644139327,-1.550291711,0,2,2,0,0.0,0.0
player_01917,player,occasional_player,0.0,True,1,12.81858426,-2.862525127,0,1,1,0,0.0,0.0
player_01918,player,occasional_player,0.0,True,1,20.944784212,4.755519349,1,0,1,0,0.250290492,0.0
player_01919,player,opportunistic_player,0.0,True,1,40.306126112,3.454617304,1,0,1,0,0.181821963,0.0
player_01920,player,occasional_player,0.0,True,1,9.098821954,-2.053149077,0,1,1,0,0.0,0.0
player_01921,player,occasional_player,0.0,True,1,0.950965414,-0.097989062,0,1,1,0,0.0,0.0
player_01922,player,player_whale,0.0,True,1,50.767728594,-2.821678565,0,1,1,0,0.0,0.0
player_01923,player,occasional_player,0.0,True,1,7.710526988,-0.523647608,0,1,1,0,0.0,0.0
player_01924,player,opportunistic_player,0.0,True,1,8.143466634,-0.776814256,0,1,1,0,0.0,0.0
player_01925,player,occasional_player,0.0,True,1,0.786651673,-0.376156198,0,2,2,0,0.0,0.0
player_01926,player,occasional_player,0.0,True,1,17.540100384,9.587465118,2,0,2,0,0.504603427,0.0
player_01927,player,occasional_player,0.0,True,1,7.120294305,-7.697316505,0,4,4,0,0.0,0.0
player_01928,player,occasional_player,0.0,True,1,10.826081756,8.002955312,1,0,1,0,0.421208174,0.0
player_01929,player,opportunistic_player,0.0,True,1,2.590416202,-0.409583798,0,2,2,0,0.0,0.0
player_01930,player,occasional_player,0.0,True,1,3.40804502,-0.647212213,0,1,1,0,0.0,0.0
player_01931,player,occasional_player,0.0,True,1,3.400532935,-0.318450286,0,1,1,0,0.0,0.0
player_01932,player,occasional_player,0.0,True,1,16.157423288,-1.882638883,0,1,1,0,0.0,0.0
player_01933,player,occasional_player,0.0,True,1,0.791637998,-0.208362002,0,1,1,0,0.0,0.0
player_01934,player,opportunistic_player,0.0,True,1,4.530337997,-0.466105972,0,1,1,0,0.0,0.0
player_01935,player,occasional_player,0.0,True,1,5.236698046,-1.320189921,0,1,1,0,0.0,0.0
player_01936,player,occasional_player,0.0,True,1,5.386869407,-0.602079842,0,1,1,0,0.0,0.0
player_01937,player,occasional_player,0.0,True,1,1.22156308,-0.562826703,0,3,3,0,0.0,0.0
player_01938,player,occasional_player,0.0,True,1,2.123638092,-0.531380417,0,1,1,0,0.0,0.0
player_01939,player,occasional_player,0.0,True,1,2.564428217,-0.611136255,0,1,1,0,0.0,0.0
player_01940,player,occasional_player,0.0,True,1,10.968916356,-1.63182585,0,1,1,0,0.0,0.0
player_01941,player,opportunistic_player,0.0,True,1,56.704528285,6.398005139,1,0,1,0,0.336737113,0.0
player_01942,player,occasional_player,0.0,True,1,8.358371305,-0.676973331,0,1,1,0,0.0,0.0
player_01943,player,occasional_player,0.0,True,1,2.030230834,-0.979600888,0,2,2,0,0.0,0.0
player_01944,player,occasional_player,0.0,True,1,2.809527975,-0.209168745,0,1,1,0,0.0,0.0
player_01945,player,occasional_player,0.0,True,1,4.279049206,-0.830988334,0,1,1,0,0.0,0.0
player_01946,player,opportunistic_player,0.0,True,1,13.721553391,1.946123392,1,0,1,1,0.102427547,0.0
player_01947,player,occasional_player,0.0,True,1,1.081263314,-0.271711156,0,1,1,0,0.0,0.0
player_01948,player,occasional_player,0.0,True,1,12.615884469,2.375163817,1,1,2,0,0.176457444,0.0
player_01949,player,occasional_player,0.0,True,1,19.137863152,4.39126873,1,1,2,0,0.427610987,0.0
player_01950,player,player_whale,0.0,True,1,64.174405817,-7.558754807,1,2,3,0,0.123496602,0.0
player_01951,player,occasional_player,0.0,True,1,4.596737619,-0.413812606,0,1,1,0,0.0,0.0
player_01952,player,opportunistic_player,0.0,True,1,2.697869859,-0.389489788,0,1,1,0,0.0,0.0
player_01953,player,occasional_player,0.0,True,1,0.843487387,-0.299328718,0,3,3,0,0.0,0.0
player_01954,player,occasional_player,0.0,True,1,4.034432189,-0.503263225,0,1,1,0,0.0,0.0
player_01955,player,occasional_player,0.0,True,1,27.769155592,18.781999031,2,0,2,0,0.988526265,0.0
player_01956,player,occasional_player,0.0,True,1,6.01713199,-1.252666477,0,1,1,0,0.0,0.0
player_01957,player,occasional_player,0.0,True,1,4.395650964,-0.285298506,0,1,1,0,0.0,0.0
player_01958,player,opportunistic_player,0.0,True,1,10.44842126,-1.147399454,0,1,1,0,0.0,0.0
player_01959,player,occasional_player,0.0,True,1,3.824223895,-0.42935517,0,1,1,0,0.0,0.0
player_01960,player,occasional_player,0.0,True,1,3.018580932,-0.438431774,0,1,1,0,0.0,0.0
player_01961,player,opportunistic_player,0.0,True,1,8.33016073,-3.535060885,0,2,2,0,0.0,0.0
player_01962,player,occasional_player,0.0,True,1,1.9620407,-0.944982451,0,2,2,0,0.0,0.0
player_01963,player,opportunistic_player,0.0,True,1,2.681314601,-0.318685399,0,1,1,0,0.0,0.0
player_01964,player,occasional_player,0.0,True,1,1.848094277,-0.137922929,0,1,1,0,0.0,0.0
player_01965,player,occasional_player,0.0,True,1,3.422305145,-0.745064571,0,1,1,0,0.0,0.0
player_01966,player,opportunistic_player,0.0,True,1,7.072224459,-0.891745065,0,1,1,0,0.0,0.0
player_01967,player,occasional_player,0.0,True,1,13.048706485,-1.144756884,0,1,1,0,0.0,0.0
player_01968,player,opportunistic_player,0.0,True,1,8.988043583,2.495945663,1,1,2,0,0.165457447,0.0
player_01969,player,occasional_player,0.0,True,1,1.138215298,-0.207718985,0,1,1,0,0.0,0.0
player_01970,player,occasional_player,0.0,True,1,3.413600562,-0.306122954,0,1,1,0,0.0,0.0
player_01971,player,occasional_player,0.0,True,1,8.45477146,-2.003990718,0,1,1,0,0.0,0.0
player_01972,player,opportunistic_player,0.0,True,1,6.687221011,-2.520909978,0,2,2,0,0.0,0.0
player_01973,player,opportunistic_player,0.0,True,1,8.215710806,-0.965557545,0,1,1,0,0.0,0.0
player_01974,player,occasional_player,0.0,True,1,19.059629186,-1.404720445,0,1,1,0,0.0,0.0
player_01975,player,occasional_player,0.0,True,1,2.719663757,-0.394487053,0,1,1,0,0.0,0.0
player_01976,player,occasional_player,0.0,True,1,9.679448978,6.357372971,2,1,3,0,0.36554217,0.0
player_01977,player,opportunistic_player,0.0,True,1,27.70381698,-6.072472801,0,1,1,0,0.0,0.0
player_01978,player,occasional_player,0.0,True,1,2.850585538,-0.780031015,0,2,2,0,0.0,0.0
player_01979,player,occasional_player,0.0,True,1,3.939811622,-0.264976608,0,1,1,0,0.0,0.0
player_01980,player,occasional_player,0.0,True,1,3.689834106,-0.575295972,0,1,1,0,0.0,0.0
player_01981,player,occasional_player,0.0,True,1,4.029592139,-0.66623968,0,1,1,0,0.0,0.0
player_01982,player,occasional_player,0.0,True,1,2.847995872,-0.38420057,0,1,1,0,0.0,0.0
player_01983,player,occasional_player,0.0,True,1,1.985650329,-0.493628289,0,1,1,0,0.0,0.0
player_01984,player,occasional_player,0.0,True,1,2.349316557,-0.281982774,0,1,1,0,0.0,0.0
player_01985,player,occasional_player,0.0,True,1,0.877093671,-0.122906329,0,1,1,0,0.0,0.0
player_01986,player,occasional_player,0.0,True,1,1.890860301,-0.215180925,0,1,1,0,0.0,0.0
player_01987,player,opportunistic_player,0.0,True,1,9.286956648,-1.929696285,0,2,2,0,0.0,0.0
player_01988,player,occasional_player,0.0,True,1,1.328122991,-0.14847551,0,1,1,0,0.0,0.0
player_01989,player,occasional_player,0.0,True,1,2.147327221,-0.408108375,0,1,1,0,0.0,0.0
player_01990,player,occasional_player,0.0,True,1,1.433609216,-0.22456222,0,1,1,0,0.0,0.0
player_01991,player,opportunistic_player,0.0,True,1,2.750995971,-0.523986918,0,1,1,0,0.0,0.0
player_01992,player,occasional_player,0.0,True,1,3.337586039,-0.527451822,0,1,1,0,0.0,0.0
player_01993,player,occasional_player,0.0,True,1,3.715091745,-2.018568135,0,3,3,0,0.0,0.0
player_01994,player,player_whale,0.0,True,1,87.301741117,-3.326347499,0,1,1,0,0.0,0.0
player_01995,player,occasional_player,0.0,True,1,2.278324796,-0.315057848,0,1,1,0,0.0,0.0
player_01996,player,opportunistic_player,0.0,True,1,8.661836954,-0.890387527,0,1,1,0,0.0,0.0
player_01997,player,occasional_player,0.0,True,1,5.248151532,-0.752022603,0,1,1,0,0.0,0.0
player_01998,player,opportunistic_player,0.0,True,1,8.628868381,-0.74149444,0,1,1,0,0.0,0.0
player_01999,player,occasional_player,0.0,True,1,1.128154651,-0.219865734,0,1,1,0,0.0,0.0
player_02000,player,occasional_player,0.0,True,1,11.815063598,2.382791387,1,2,3,0,0.199759972,0.0
player_02001,player,occasional_player,0.0,True,1,4.15739026,-1.003157288,0,1,1,0,0.0,0.0
player_02002,player,occasional_player,0.0,True,1,6.660738891,2.010330645,1,1,2,0,0.158109255,0.0
player_02003,player,occasional_player,0.0,True,1,5.51723074,-0.709741946,0,1,1,0,0.0,0.0
player_02004,player,occasional_player,0.0,True,1,3.072358766,-0.524501705,0,1,1,0,0.0,0.0
player_02005,player,opportunistic_player,0.0,True,1,17.726057634,0.347078895,1,1,2,0,0.169222915,0.0
player_02006,player,occasional_player,0.0,True,1,3.155586288,-0.626076201,0,1,1,0,0.0,0.0
player_02007,player,opportunistic_player,0.0,True,1,12.282626308,-1.970944344,0,2,2,0,0.0,0.0
player_02008,player,occasional_player,0.0,True,1,1.656399948,-0.218532197,0,1,1,0,0.0,0.0
player_02009,player,occasional_player,0.0,True,1,0.847803875,-0.152196125,0,1,1,0,0.0,0.0
player_02010,player,occasional_player,0.0,True,1,4.300743633,-0.737740886,0,1,1,0,0.0,0.0
player_02011,player,occasional_player,0.0,True,1,0.990822062,-0.23066448,0,1,1,0,0.0,0.0
player_02012,player,occasional_player,0.0,True,1,11.820965093,0.72082697,1,1,2,0,0.178416983,0.0
player_02013,player,occasional_player,0.0,True,1,3.301457726,-0.583948471,0,1,1,0,0.0,0.0
player_02014,player,occasional_player,0.0,True,1,10.90436101,7.748595482,1,1,2,0,0.422163563,0.0
player_02015,player,occasional_player,0.0,True,1,1.022273741,-0.262049396,0,1,1,0,0.0,0.0
player_02016,player,occasional_player,0.0,True,1,8.62390633,-1.001173306,0,1,1,0,0.0,0.0
player_02017,player,occasional_player,0.0,True,1,1.693126389,-0.180063708,0,1,1,0,0.0,0.0
player_02018,player,occasional_player,0.0,True,1,1.148890689,-0.227800949,0,1,1,0,0.0,0.0
player_02019,player,occasional_player,0.0,True,1,2.310944083,-0.686081675,0,2,2,0,0.0,0.0
player_02020,player,opportunistic_player,0.0,True,1,7.654673521,-0.446131379,0,1,1,0,0.0,0.0
player_02021,player,opportunistic_player,0.0,True,1,4.831911442,-0.721887801,0,1,1,0,0.0,0.0
player_02022,player,occasional_player,0.0,True,1,3.684677017,-0.446511166,0,1,1,0,0.0,0.0
player_02023,player,occasional_player,0.0,True,1,3.527103673,-0.394865705,0,1,1,0,0.0,0.0
player_02024,player,occasional_player,0.0,True,1,1.426236493,-0.11975759,0,1,1,0,0.0,0.0
player_02025,player,occasional_player,0.0,True,1,1.101735982,-0.291984212,0,1,1,0,0.0,0.0
player_02026,player,occasional_player,0.0,True,1,0.773129152,-0.226870848,0,2,2,0,0.0,0.0
player_02027,player,opportunistic_player,0.0,True,1,14.090771836,-0.804355516,0,1,1,0,0.0,0.0
player_02028,player,occasional_player,0.0,True,1,10.438831442,5.027070581,2,2,4,0,0.31614519,0.0
player_02029,player,occasional_player,0.0,True,1,1.535526221,-0.227901218,0,1,1,0,0.0,0.0
player_02030,player,occasional_player,0.0,True,1,1.0991271,-0.170980978,0,1,1,0,0.0,0.0
player_02031,player,player_whale,0.0,True,1,81.365665513,3.32105065,1,0,1,0,0.174792139,0.0
player_02032,player,occasional_player,0.0,True,1,2.158024612,-0.722563553,0,2,2,0,0.0,0.0
player_02033,player,occasional_player,0.0,True,1,2.794334645,-0.218994894,0,1,1,0,0.0,0.0
player_02034,player,opportunistic_player,0.0,True,1,26.385352481,8.65098361,1,0,1,0,0.455314927,0.0
player_02035,player,opportunistic_player,0.0,True,1,26.395094189,-4.33484209,0,1,1,0,0.0,0.0
player_02036,player,occasional_player,0.0,True,1,2.504939776,-0.598914138,0,2,2,0,0.0,0.0
player_02037,player,occasional_player,0.0,True,1,9.451038677,-0.603485752,0,1,1,0,0.0,0.0
player_02038,player,occasional_player,0.0,True,1,7.402389988,-1.047213415,0,1,1,0,0.0,0.0
player_02039,player,occasional_player,0.0,True,1,6.613532164,-1.083616527,0,1,1,0,0.0,0.0
player_02040,player,occasional_player,0.0,True,1,4.062296454,-0.453224643,0,1,1,0,0.0,0.0
player_02041,player,occasional_player,0.0,True,1,3.266445135,-0.611785357,0,1,1,0,0.0,0.0
player_02042,player,opportunistic_player,0.0,True,1,7.86966781,2.76466878,1,1,2,0,0.233281062,0.0
player_02043,player,occasional_player,0.0,True,1,2.107344657,-0.480218422,0,1,1,0,0.0,0.0
player_02044,player,occasional_player,0.0,True,1,17.808845994,6.09612573,1,0,1,0,0.320848723,0.0
player_02045,player,occasional_player,0.0,True,1,4.466557152,-1.102814981,0,1,1,0,0.0,0.0
player_02046,player,occasional_player,0.0,True,1,3.323656143,-0.467173519,0,1,1,0,0.0,0.0
player_02047,player,occasional_player,0.0,True,1,1.357836589,-0.423313605,0,2,2,0,0.0,0.0
player_02048,player,occasional_player,0.0,True,1,1.942549874,-0.470726442,0,1,1,0,0.0,0.0
player_02049,player,occasional_player,0.0,True,1,2.323646826,-0.869013545,0,2,2,0,0.0,0.0
player_02050,player,occasional_player,0.0,True,1,2.77725407,-0.640394615,0,1,1,0,0.0,0.0
player_02051,player,occasional_player,0.0,True,1,30.205445958,15.931662655,2,0,2,0,0.838508561,0.0
player_02052,player,opportunistic_player,0.0,True,1,12.092139193,-2.523771603,0,1,1,0,0.0,0.0
player_02053,player,opportunistic_player,0.0,True,1,4.949484815,-1.027715647,0,1,1,0,0.0,0.0
player_02054,player,occasional_player,0.0,True,1,13.034244222,7.714588196,1,0,1,0,0.406030958,0.0
player_02055,player,opportunistic_player,0.0,True,1,30.265774395,-2.948559005,0,1,1,0,0.0,0.0
player_02056,player,opportunistic_player,0.0,True,1,8.051451646,-2.456533568,0,2,2,0,0.0,0.0
player_02057,player,occasional_player,0.0,True,1,2.13277643,-0.495455304,0,1,1,0,0.0,0.0
player_02058,player,occasional_player,0.0,True,1,2.01706513,-0.825295245,0,2,2,0,0.0,0.0
player_02059,player,occasional_player,0.0,True,1,1.874503397,-0.657185181,0,3,3,0,0.0,0.0
player_02060,player,occasional_player,0.0,True,1,2.431629518,-0.389913283,0,1,1,0,0.0,0.0
player_02061,player,occasional_player,0.0,True,1,5.519397319,2.375907527,1,0,1,0,0.125047765,0.0
player_02062,player,occasional_player,0.0,True,1,1.787266687,-0.915857772,0,2,2,0,0.0,0.0
player_02063,player,opportunistic_player,0.0,True,1,5.233394712,-0.750557255,0,2,2,0,0.0,0.0
player_02064,player,occasional_player,0.0,True,1,4.876970606,-0.991643179,0,2,2,0,0.0,0.0
player_02065,player,opportunistic_player,0.0,True,1,10.285888313,-1.544707182,0,1,1,0,0.0,0.0
player_02066,player,opportunistic_player,0.0,True,1,13.978839661,4.15320348,1,0,1,0,0.218589657,0.0
player_02067,player,occasional_player,0.0,True,1,0.875981105,-0.141090443,0,1,1,0,0.0,0.0
player_02068,player,occasional_player,0.0,True,1,3.20289319,-0.37165122,0,1,1,0,0.0,0.0
player_02069,player,occasional_player,0.0,True,1,6.423676386,-0.437707296,0,1,1,0,0.0,0.0
player_02070,player,opportunistic_player,0.0,True,1,9.841140508,-2.240162915,0,2,2,0,0.0,0.0
player_02071,player,occasional_player,0.0,True,1,2.63866666,-0.687317753,0,1,1,0,0.0,0.0
player_02072,player,occasional_player,0.0,True,1,3.160834272,-0.207245701,0,1,1,0,0.0,0.0
player_02073,player,occasional_player,0.0,True,1,17.401867269,-1.426421412,0,1,1,0,0.0,0.0
player_02074,player,occasional_player,0.0,True,1,1.294609322,-0.166406187,0,1,1,0,0.0,0.0
player_02075,player,occasional_player,0.0,True,1,2.276597703,-0.385723144,0,1,1,0,0.0,0.0
player_02076,player,occasional_player,0.0,True,1,13.7481534,1.569925976,1,1,2,0,0.138177609,0.0
player_02077,player,occasional_player,0.0,True,1,3.88405133,-0.62173624,0,1,1,0,0.0,0.0
player_02078,player,occasional_player,0.0,True,1,1.729368776,-0.342895226,0,1,1,0,0.0,0.0
player_02079,player,occasional_player,0.0,True,1,24.243935994,5.183512088,1,0,1,0,0.272816426,0.0
player_02080,player,player_whale,0.0,True,1,40.959748438,-1.324342884,0,1,1,0,0.0,0.0
player_02081,player,occasional_player,0.0,True,1,0.876232422,-0.123767578,0,1,1,0,0.0,0.0
player_02082,player,opportunistic_player,0.0,True,1,11.951732508,-1.819740376,0,1,1,0,0.0,0.0
player_02083,player,occasional_player,0.0,True,1,8.996772081,-0.754696227,0,1,1,0,0.0,0.0
player_02084,player,occasional_player,0.0,True,1,5.938209957,-0.696622191,0,1,1,0,0.0,0.0
player_02085,player,occasional_player,0.0,True,1,2.122260632,-0.304628764,0,1,1,0,0.0,0.0
player_02086,player,opportunistic_player,0.0,True,1,5.221242816,-1.074527572,0,1,1,0,0.0,0.0
player_02087,player,occasional_player,0.0,True,1,1.82954056,-0.130575799,0,1,1,0,0.0,0.0
player_02088,player,occasional_player,0.0,True,1,0.914276369,-0.085723631,0,1,1,0,0.0,0.0
player_02089,player,occasional_player,0.0,True,1,0.904493717,-0.095506283,0,1,1,0,0.0,0.0
player_02090,player,opportunistic_player,0.0,True,1,23.524583697,3.952306929,1,0,1,0,0.208016154,0.0
player_02091,player,occasional_player,0.0,True,1,1.068684603,-0.264617457,0,1,1,0,0.0,0.0
player_02092,player,player_whale,0.0,True,1,50.785660481,-4.017757621,0,1,1,0,0.0,0.0
player_02093,player,player_whale,0.0,True,1,81.165260755,12.907616529,2,0,2,0,0.679348238,0.0
player_02094,player,occasional_player,0.0,True,1,5.943284331,-0.429041905,0,1,1,0,0.0,0.0
player_02095,player,player_whale,0.0,True,1,96.677830155,6.102976785,1,0,1,0,0.321209304,0.0
player_02096,player,occasional_player,0.0,True,1,13.980563934,-1.328946161,0,1,1,0,0.0,0.0
player_02097,player,opportunistic_player,0.0,True,1,12.281546448,-1.49918742,0,1,1,0,0.0,0.0
player_02098,player,opportunistic_player,0.0,True,1,23.638392471,-4.485271151,0,2,2,0,0.0,0.0
player_02099,player,occasional_player,0.0,True,1,6.920389063,-0.974389946,0,1,1,0,0.0,0.0
player_02100,player,occasional_player,0.0,True,1,1.797155641,-0.196756184,0,1,1,0,0.0,0.0
player_02101,player,occasional_player,0.0,True,1,4.016790963,-0.611020693,0,1,1,0,0.0,0.0
player_02102,player,occasional_player,0.0,True,1,4.056985524,-0.810885046,0,1,1,0,0.0,0.0
player_02103,player,occasional_player,0.0,True,1,4.854971077,-0.38012226,0,1,1,0,0.0,0.0
player_02104,player,occasional_player,0.0,True,1,0.81979436,-0.18020564,0,1,1,0,0.0,0.0
player_02105,player,occasional_player,0.0,True,1,1.977149931,-0.173209558,0,1,1,0,0.0,0.0
player_02106,player,occasional_player,0.0,True,1,2.35310462,-0.500290705,0,1,1,0,0.0,0.0
player_02107,player,player_whale,0.0,True,1,56.08214375,-1.406992523,0,1,1,0,0.0,0.0
player_02108,player,occasional_player,0.0,True,1,3.104808617,-0.355414455,0,1,1,0,0.0,0.0
player_02109,player,occasional_player,0.0,True,1,6.310185901,1.957340959,1,1,2,0,0.150798266,0.0
player_02110,player,occasional_player,0.0,True,1,2.015423371,-0.451202285,0,1,1,0,0.0,0.0
player_02111,player,occasional_player,0.0,True,1,16.125610108,-1.414629077,0,1,1,0,0.0,0.0
player_02112,player,occasional_player,0.0,True,1,16.98624578,6.220265245,1,0,1,0,0.327382381,0.0
player_02113,player,occasional_player,0.0,True,1,1.35883159,-0.163448529,0,1,1,0,0.0,0.0
player_02114,player,occasional_player,0.0,True,1,2.414441468,-0.525232585,0,1,1,0,0.0,0.0
player_02115,player,occasional_player,0.0,True,1,6.357716402,2.840423163,1,0,1,0,0.149495956,0.0
player_02116,player,occasional_player,0.0,True,1,5.1625994,-0.328997475,0,1,1,0,0.0,0.0
player_02117,player,occasional_player,0.0,True,1,11.516852926,-0.974354497,0,1,1,0,0.0,0.0
player_02118,player,opportunistic_player,0.0,True,1,14.160880075,3.465313565,1,1,2,0,0.33450874,0.0
player_02119,player,occasional_player,0.0,True,1,6.873589955,-0.648379213,0,1,1,0,0.0,0.0
player_02120,player,occasional_player,0.0,True,1,2.033764187,-0.163316761,0,1,1,0,0.0,0.0
player_02121,player,opportunistic_player,0.0,True,1,9.236482537,-1.727987858,0,1,1,0,0.0,0.0
player_02122,player,player_whale,0.0,True,1,110.679278444,3.27709468,1,0,1,0,0.172478667,0.0
player_02123,player,occasional_player,0.0,True,1,2.811871364,-0.446526398,0,1,1,0,0.0,0.0
player_02124,player,occasional_player,0.0,True,1,10.819657436,9.023593677,1,0,1,0,0.474925983,0.0
player_02125,player,opportunistic_player,0.0,True,1,9.439233064,-0.629415734,0,1,1,0,0.0,0.0
player_02126,player,opportunistic_player,0.0,True,1,35.520254349,-5.242853703,0,1,1,0,0.0,0.0
player_02127,player,occasional_player,0.0,True,1,2.576388622,-0.401590823,0,1,1,0,0.0,0.0
player_02128,player,occasional_player,0.0,True,1,1.025833794,-0.753527675,0,3,3,0,0.0,0.0
player_02129,player,occasional_player,0.0,True,1,2.932751487,-0.612475766,0,1,1,0,0.0,0.0
player_02130,player,occasional_player,0.0,True,1,3.779788317,-1.016388615,0,1,1,0,0.0,0.0
player_02131,player,occasional_player,0.0,True,1,10.493654234,-2.224654816,0,1,1,0,0.0,0.0
player_02132,player,occasional_player,0.0,True,1,36.308106481,1.308106481,1,0,1,0,0.06884771,0.0
player_02133,player,opportunistic_player,0.0,True,1,3.957390295,-0.618310632,0,1,1,0,0.0,0.0
player_02134,player,occasional_player,0.0,True,1,2.574661458,-0.322583996,0,1,1,0,0.0,0.0
player_02135,player,opportunistic_player,0.0,True,1,6.704089537,-1.441314222,0,2,2,0,0.0,0.0
player_02136,player,occasional_player,0.0,True,1,2.545893594,-0.655349234,0,1,1,0,0.0,0.0
player_02137,player,opportunistic_player,0.0,True,1,9.036103854,-1.799669605,0,1,1,0,0.0,0.0
player_02138,player,occasional_player,0.0,True,1,6.090902832,-0.500407962,0,1,1,0,0.0,0.0
player_02139,player,occasional_player,0.0,True,1,2.918512739,-0.548094108,0,1,1,0,0.0,0.0
player_02140,player,opportunistic_player,0.0,True,1,10.031550946,-1.379412427,0,1,1,0,0.0,0.0
player_02141,player,opportunistic_player,0.0,True,1,20.65520011,-1.544219201,0,1,1,0,0.0,0.0
player_02142,player,occasional_player,0.0,True,1,3.353710034,-1.189537226,0,2,2,0,0.0,0.0
player_02143,player,occasional_player,0.0,True,1,4.645029193,-1.110861739,0,1,1,0,0.0,0.0
player_02144,player,occasional_player,0.0,True,1,1.591265582,-0.38237728,0,2,2,0,0.0,0.0
player_02145,player,occasional_player,0.0,True,1,2.925665431,-0.500062546,0,1,1,0,0.0,0.0
player_02146,player,occasional_player,0.0,True,1,1.984639585,-0.547068509,0,1,1,0,0.0,0.0
player_02147,player,player_whale,0.0,True,1,117.597801674,2.044226885,1,0,1,0,0.107590889,0.0
player_02148,player,occasional_player,0.0,True,1,6.084441779,-0.465456629,0,1,1,0,0.0,0.0
player_02149,player,occasional_player,0.0,True,1,0.827917757,-0.172082243,0,2,2,0,0.0,0.0
player_02150,player,opportunistic_player,0.0,True,1,5.405786338,-0.607776302,0,1,1,0,0.0,0.0
player_02151,player,occasional_player,0.0,True,1,9.551524494,-1.290005335,0,1,1,0,0.0,0.0
player_02152,player,occasional_player,0.0,True,1,3.758058666,-0.272548608,0,1,1,0,0.0,0.0
player_02153,player,occasional_player,0.0,True,1,2.620493911,-0.3151442,0,1,1,0,0.0,0.0
player_02154,player,opportunistic_player,0.0,True,1,23.32942393,15.442508384,1,0,1,0,0.812763599,0.0
player_02155,player,occasional_player,0.0,True,1,0.947911784,-0.190959035,0,1,1,0,0.0,0.0
player_02156,player,player_whale,0.0,True,1,103.828634573,-3.694651296,1,1,2,0,0.271079318,0.0
player_02157,player,occasional_player,0.0,True,1,5.122427083,-0.786221584,0,1,1,0,0.0,0.0
player_02158,player,opportunistic_player,0.0,True,1,11.026482521,-0.980382895,0,1,1,0,0.0,0.0
player_02159,player,occasional_player,0.0,True,1,6.661653368,-0.742101889,0,1,1,0,0.0,0.0
player_02160,player,player_whale,0.0,True,1,58.316511292,-2.130019757,0,1,1,0,0.0,0.0
player_02161,player,occasional_player,0.0,True,1,5.32218801,-1.146843933,0,1,1,0,0.0,0.0
player_02162,player,player_whale,0.0,True,1,125.877861941,7.857266078,1,0,1,0,0.41354032,0.0
player_02163,player,opportunistic_player,0.0,True,1,3.609921594,-0.610925772,0,1,1,0,0.0,0.0
player_02164,player,occasional_player,0.0,True,1,9.010024468,5.351820476,1,0,1,0,0.281674762,0.0
player_02165,player,occasional_player,0.0,True,1,5.941502122,-1.360206398,0,1,1,0,0.0,0.0
player_02166,player,occasional_player,0.0,True,1,4.825931989,-0.246814021,0,1,1,0,0.0,0.0
player_02167,player,occasional_player,0.0,True,1,17.475997413,-2.738211703,0,1,1,0,0.0,0.0
player_02168,player,occasional_player,0.0,True,1,6.277369942,-0.88131092,0,1,1,0,0.0,0.0
player_02169,player,occasional_player,0.0,True,1,1.01475408,-0.284398713,0,1,1,0,0.0,0.0
player_02170,player,occasional_player,0.0,True,1,9.991077079,-2.385758473,0,1,1,0,0.0,0.0
player_02171,player,occasional_player,0.0,True,1,4.466129462,-0.620332451,0,1,1,0,0.0,0.0
player_02172,player,occasional_player,0.0,True,1,8.247920411,-1.373245084,0,1,1,0,0.0,0.0
player_02173,player,opportunistic_player,0.0,True,1,3.707828696,-0.539432547,0,1,1,0,0.0,0.0
player_02174,player,occasional_player,0.0,True,1,5.886729792,-1.556521824,0,1,1,0,0.0,0.0
player_02175,player,occasional_player,0.0,True,1,5.927177101,-1.363974789,0,1,1,0,0.0,0.0
player_02176,player,occasional_player,0.0,True,1,10.469481273,-1.885221539,0,1,1,0,0.0,0.0
player_02177,player,occasional_player,0.0,True,1,11.831206553,8.530002534,1,1,2,0,0.469993731,0.0
player_02178,player,occasional_player,0.0,True,1,6.857067924,-0.746806711,0,1,1,0,0.0,0.0
player_02179,player,opportunistic_player,0.0,True,1,6.8811373,-0.504062124,0,1,1,0,0.0,0.0
player_02180,player,occasional_player,0.0,True,1,2.645118968,-0.364253524,0,1,1,0,0.0,0.0
player_02181,player,occasional_player,0.0,True,1,0.938411285,-0.061588715,0,1,1,0,0.0,0.0
player_02182,player,occasional_player,0.0,True,1,2.319366883,-0.230597067,0,1,1,0,0.0,0.0
player_02183,player,occasional_player,0.0,True,1,7.625250691,5.633434576,1,0,1,0,0.296496557,0.0
player_02184,player,occasional_player,0.0,True,1,3.033704756,1.926235149,1,0,1,0,0.101380797,0.0
player_02185,player,occasional_player,0.0,True,1,1.226104198,-0.280653578,0,1,1,0,0.0,0.0
player_02186,player,occasional_player,0.0,True,1,3.003962043,-0.575279169,0,1,1,0,0.0,0.0
player_02187,player,player_whale,0.0,True,1,60.634770544,3.705584909,1,0,1,0,0.195030785,0.0
player_02188,player,occasional_player,0.0,True,1,14.126424916,5.429718222,1,0,1,0,0.285774643,0.0
player_02189,player,occasional_player,0.0,True,1,12.811640233,-1.78600207,0,1,1,0,0.0,0.0
player_02190,player,occasional_player,0.0,True,1,1.207402323,-0.273386904,0,1,1,0,0.0,0.0
player_02191,player,occasional_player,0.0,True,1,1.43156938,-0.391936607,0,1,1,0,0.0,0.0
player_02192,player,occasional_player,0.0,True,1,2.085508908,-0.50367914,0,1,1,0,0.0,0.0
player_02193,player,occasional_player,0.0,True,1,13.83519416,9.931605774,1,0,1,0,0.522716093,0.0
player_02194,player,opportunistic_player,0.0,True,1,10.376145447,-1.174031866,0,1,1,0,0.0,0.0
player_02195,player,occasional_player,0.0,True,1,7.615051409,-0.554093274,0,1,1,0,0.0,0.0
player_02196,player,opportunistic_player,0.0,True,1,2.607801624,-0.392198376,0,1,1,0,0.0,0.0
player_02197,player,opportunistic_player,0.0,True,1,3.774542479,-0.355844005,0,1,1,0,0.0,0.0
player_02198,player,player_whale,0.0,True,1,123.069012141,-6.603798726,0,1,1,0,0.0,0.0
player_02199,player,occasional_player,0.0,True,1,2.194686062,-0.155218803,0,1,1,0,0.0,0.0
player_02200,player,occasional_player,0.0,True,1,2.295315453,-0.348859015,0,1,1,0,0.0,0.0
player_02201,player,occasional_player,0.0,True,1,1.320176799,-0.188128282,0,1,1,0,0.0,0.0
player_02202,player,occasional_player,0.0,True,1,3.616008207,-0.44054798,0,1,1,0,0.0,0.0
player_02203,player,occasional_player,0.0,True,1,2.284729376,-0.426743012,0,1,1,0,0.0,0.0
player_02204,player,occasional_player,0.0,True,1,2.065511493,-0.222971693,0,1,1,0,0.0,0.0
player_02205,player,occasional_player,0.0,True,1,2.932830021,-0.264733758,0,1,1,0,0.0,0.0
player_02206,player,occasional_player,0.0,True,1,4.850647204,-1.822559379,0,2,2,0,0.0,0.0
player_02207,player,occasional_player,0.0,True,1,2.616376869,-0.681315769,0,1,1,0,0.0,0.0
player_02208,player,occasional_player,0.0,True,1,1.683274419,-0.162194333,0,1,1,0,0.0,0.0
player_02209,player,occasional_player,0.0,True,1,2.515610039,-0.19899757,0,1,1,0,0.0,0.0
player_02210,player,occasional_player,0.0,True,1,2.076630284,-0.316096859,0,1,1,0,0.0,0.0
player_02211,player,occasional_player,0.0,True,1,13.242711523,-0.903463502,0,1,1,0,0.0,0.0
player_02212,player,player_whale,0.0,True,1,86.197540811,1.993950649,1,0,1,0,0.104944771,0.0
player_02213,player,opportunistic_player,0.0,True,1,7.877180139,-1.057951234,0,1,1,0,0.0,0.0
player_02214,player,occasional_player,0.0,True,1,21.403621701,-2.785277742,0,1,1,0,0.0,0.0
player_02215,player,opportunistic_player,0.0,True,1,23.953731248,-2.996687987,0,1,1,0,0.0,0.0
player_02216,player,opportunistic_player,0.0,True,1,17.962014066,8.013146088,1,0,1,0,0.421744531,0.0
player_02217,player,occasional_player,0.0,True,1,4.77377737,-0.677449533,0,1,1,0,0.0,0.0
player_02218,player,occasional_player,0.0,True,1,3.596838381,-0.539001615,0,1,1,0,0.0,0.0
player_02219,player,occasional_player,0.0,True,1,5.076498859,-0.442621006,0,1,1,0,0.0,0.0
player_02220,player,occasional_player,0.0,True,1,4.36696456,-0.690609137,0,1,1,0,0.0,0.0
player_02221,player,occasional_player,0.0,True,1,1.311509477,-0.26002622,0,1,1,0,0.0,0.0
player_02222,player,occasional_player,0.0,True,1,1.928597799,-0.42430484,0,1,1,0,0.0,0.0
player_02223,player,occasional_player,0.0,True,1,0.87995161,-0.12004839,0,1,1,0,0.0,0.0
player_02224,player,occasional_player,0.0,True,1,2.416347321,-0.2606042,0,1,1,0,0.0,0.0
player_02225,player,occasional_player,0.0,True,1,13.942366201,2.819263802,1,0,1,0,0.148382305,0.0
player_02226,player,opportunistic_player,0.0,True,1,7.717756243,-0.79839152,0,1,1,0,0.0,0.0
player_02227,player,player_whale,0.0,True,1,50.497323478,-1.633118813,0,1,1,0,0.0,0.0
player_02228,player,occasional_player,0.0,True,1,13.018050608,4.499367751,1,0,1,0,0.236808829,0.0
player_02229,player,occasional_player,0.0,True,1,3.588401798,-0.576283301,0,1,1,0,0.0,0.0
player_02230,player,occasional_player,0.0,True,1,1.25193093,-0.220322628,0,1,1,0,0.0,0.0
player_02231,player,occasional_player,0.0,True,1,7.079401653,-1.138900723,0,1,1,0,0.0,0.0
player_02232,player,occasional_player,0.0,True,1,5.770418995,-2.652246497,0,2,2,0,0.0,0.0
player_02233,player,occasional_player,0.0,True,1,3.687852417,-0.952889644,0,1,1,0,0.0,0.0
player_02234,player,occasional_player,0.0,True,1,7.374783508,-0.539700723,0,1,1,0,0.0,0.0
player_02235,player,occasional_player,0.0,True,1,2.64284829,-0.718254242,0,1,1,0,0.0,0.0
player_02236,player,occasional_player,0.0,True,1,3.191740413,-0.208988541,0,1,1,0,0.0,0.0
player_02237,player,occasional_player,0.0,True,1,6.859159961,-0.4965418,0,1,1,0,0.0,0.0
player_02238,player,occasional_player,0.0,True,1,2.625293635,-0.442965928,0,1,1,0,0.0,0.0
player_02239,player,occasional_player,0.0,True,1,3.511807027,-0.52622585,0,1,1,0,0.0,0.0
player_02240,player,occasional_player,0.0,True,1,0.850184606,-0.149815394,0,1,1,0,0.0,0.0
player_02241,player,occasional_player,0.0,True,1,12.736594679,-0.924349141,0,1,1,0,0.0,0.0
player_02242,player,occasional_player,0.0,True,1,1.872547738,-0.491368004,0,1,1,0,0.0,0.0
player_02243,player,occasional_player,0.0,True,1,9.043070286,-1.213000759,0,1,1,0,0.0,0.0
player_02244,player,occasional_player,0.0,True,1,3.087447215,-0.450810027,0,1,1,0,0.0,0.0
player_02245,player,occasional_player,0.0,True,1,1.492863335,-0.235062365,0,1,1,0,0.0,0.0
player_02246,player,occasional_player,0.0,True,1,12.371419282,5.195674274,1,0,1,0,0.273456541,0.0
player_02247,player,opportunistic_player,0.0,True,1,18.969050241,-3.016868603,0,1,1,0,0.0,0.0
player_02248,player,occasional_player,0.0,True,1,1.543385969,-0.168103445,0,1,1,0,0.0,0.0
player_02249,player,opportunistic_player,0.0,True,1,4.167726239,-0.595501008,0,1,1,0,0.0,0.0
player_02250,player,player_whale,0.0,True,1,82.242659083,-2.303321431,0,1,1,0,0.0,0.0
player_02251,player,occasional_player,0.0,True,1,2.281187056,-0.253846784,0,1,1,0,0.0,0.0
player_02252,player,occasional_player,0.0,True,1,4.932046693,-1.035755114,0,1,1,0,0.0,0.0
player_02253,player,occasional_player,0.0,True,1,13.274102649,-0.895926306,0,1,1,0,0.0,0.0
player_02254,player,occasional_player,0.0,True,1,13.891835301,8.825550973,1,0,1,0,0.464502683,0.0
player_02255,player,occasional_player,0.0,True,1,7.57814974,-0.772355824,0,1,1,0,0.0,0.0
player_02256,player,player_whale,0.0,True,1,46.300469442,-3.426728167,0,1,1,0,0.0,0.0
player_02257,player,occasional_player,0.0,True,1,2.64077776,-0.613589146,0,1,1,0,0.0,0.0
player_02258,player,opportunistic_player,0.0,True,1,22.450791958,3.182877742,1,0,1,0,0.167519881,0.0
player_02259,player,occasional_player,0.0,True,1,4.56893195,-0.664339519,0,1,1,0,0.0,0.0
player_02260,player,occasional_player,0.0,True,1,5.684997388,-0.775053067,0,1,1,0,0.0,0.0
player_02261,player,player_whale,0.0,True,1,37.277908957,-2.495591941,0,1,1,0,0.0,0.0
player_02262,player,opportunistic_player,0.0,True,1,11.091561545,-1.789382364,0,1,1,0,0.0,0.0
player_02263,player,occasional_player,0.0,True,1,6.728277094,-0.915500545,0,1,1,0,0.0,0.0
player_02264,player,occasional_player,0.0,True,1,5.114835498,-0.75449413,0,1,1,0,0.0,0.0
player_02265,player,occasional_player,0.0,True,1,4.921598612,-1.168101176,0,1,1,0,0.0,0.0
player_02266,player,occasional_player,0.0,True,1,15.381459447,-3.236730437,0,1,1,0,0.0,0.0
player_02267,player,player_whale,0.0,True,1,158.373474984,8.426275937,1,0,1,0,0.443488207,0.0
player_02268,player,occasional_player,0.0,True,1,1.973964192,-0.206331176,0,1,1,0,0.0,0.0
player_02269,player,occasional_player,0.0,True,1,3.457659315,-0.483758532,0,1,1,0,0.0,0.0
player_02270,player,occasional_player,0.0,True,1,16.391872873,-2.246663703,0,1,1,0,0.0,0.0
player_02271,player,opportunistic_player,0.0,True,1,7.858989515,-1.715908596,0,1,1,0,0.0,0.0
player_02272,player,occasional_player,0.0,True,1,1.777293468,-0.125085026,0,1,1,0,0.0,0.0
player_02273,player,occasional_player,0.0,True,1,1.409318784,-0.092182728,0,1,1,0,0.0,0.0
staker_00001,staker,staker_whale,20.962788265,False,1,0.0,0.962788265,0,0,0,1,0.0,2.695322849
staker_00002,staker,staker_whale,34.333731635,False,1,0.0,6.528776217,2,0,0,1,0.0,11.369815101
staker_00003,staker,staker_whale,33.088320225,False,1,0.0,1.355008738,0,0,0,1,0.0,4.276575977
staker_00004,staker,staker_whale,44.646352765,False,1,0.0,3.856672794,1,0,0,1,0.0,7.109788677
staker_00005,staker,staker_whale,56.141642083,False,1,0.0,2.315367106,0,0,0,1,0.0,3.961723421
staker_00006,staker,small_persistent_staker,0.336871884,False,1,0.0,0.011202183,0,0,0,1,0.0,0.043889249
staker_00007,staker,small_persistent_staker,2.09993003,False,1,0.0,0.119352152,0,0,0,1,0.0,0.26691484
staker_00008,staker,small_persistent_staker,3.107348583,False,1,0.0,0.279963715,0,0,0,1,0.0,0.693781172
staker_00009,staker,small_persistent_staker,1.402343691,False,1,0.0,0.056927131,0,0,0,1,0.0,0.084638736
staker_00010,staker,small_persistent_staker,2.429061585,False,1,0.0,0.087443792,0,0,0,1,0.0,0.147308705
staker_00011,staker,small_persistent_staker,0.46402647,False,1,0.0,0.016966143,0,0,0,1,0.0,0.025583448
staker_00012,staker,small_persistent_staker,20.769579386,False,1,0.0,0.769579386,0,0,0,1,0.0,1.144518828
staker_00013,staker,small_persistent_staker,1.072451264,False,1,0.0,0.04209339,0,0,0,1,0.0,0.064818727
staker_00014,staker,small_persistent_staker,1.943257044,False,1,0.0,-0.00408656,0,0,0,1,0.0,0.0
staker_00015,staker,small_persistent_staker,2.30774868,False,1,0.0,0.061750664,0,0,0,1,0.0,0.079981264
staker_00016,staker,small_persistent_staker,6.942022677,False,1,0.0,0.249905886,0,0,0,1,0.0,0.420994006
staker_00017,staker,small_persistent_staker,1.295330818,False,1,0.0,0.002192491,0,0,0,1,0.0,0.010826677
staker_00018,staker,small_persistent_staker,1.099876693,False,1,0.0,0.054614733,0,0,0,1,0.0,0.090122268
staker_00019,staker,small_persistent_staker,13.489068251,False,1,0.0,0.379312994,0,0,0,1,0.0,0.466845823
staker_00020,staker,small_persistent_staker,1.363039959,False,1,0.0,0.130223563,0,0,0,1,0.0,0.328550325
staker_00021,staker,small_persistent_staker,1.321340593,False,1,0.0,0.007326081,0,0,0,1,0.0,0.011001461
staker_00022,staker,small_persistent_staker,4.344282223,False,1,0.0,0.180823396,0,0,0,1,0.0,0.630331865
staker_00023,staker,small_persistent_staker,1.013680885,False,1,0.0,0.022541359,0,0,0,1,0.0,0.035295041
staker_00024,staker,small_persistent_staker,8.368208065,False,1,0.0,0.464885845,0,0,0,1,0.0,1.389857744
staker_00025,staker,small_persistent_staker,1.137491192,False,1,0.0,0.066080602,0,0,0,1,0.0,0.144389872
staker_00026,staker,small_persistent_staker,3.306647102,False,1,0.0,0.085569479,0,0,0,1,0.0,0.141327246
staker_00027,staker,small_persistent_staker,4.230606592,False,1,0.0,0.140858337,0,0,0,1,0.0,0.257281748
staker_00028,staker,small_persistent_staker,4.009256888,False,1,0.0,0.169565379,0,0,0,1,0.0,0.517460413
staker_00029,staker,small_persistent_staker,1.504670467,False,1,0.0,0.082092778,0,0,0,1,0.0,0.142801071
staker_00030,staker,small_persistent_staker,8.388136962,False,1,0.0,-0.005875809,0,0,0,1,0.0,0.0
staker_00031,staker,small_persistent_staker,2.443628329,False,1,0.0,0.120798949,0,0,0,1,0.0,0.213358992
staker_00032,staker,small_persistent_staker,0.469592245,False,1,0.0,0.018115321,0,0,0,1,0.0,0.028401937
staker_00033,staker,small_persistent_staker,3.108883778,False,1,0.0,0.184703432,0,0,0,1,0.0,0.394080505
staker_00034,staker,small_persistent_staker,1.400147203,False,1,0.0,-0.001962266,0,0,0,1,0.0,0.0
staker_00035,staker,small_persistent_staker,1.313529263,False,1,0.0,0.007282772,0,0,0,1,0.0,0.010936424
staker_00036,staker,small_persistent_staker,3.421718786,False,1,0.0,0.230474009,0,0,0,1,0.0,0.430071748
staker_00037,staker,small_persistent_staker,1.583547851,False,1,0.0,0.072089911,0,0,0,1,0.0,0.11832009
staker_00038,staker,small_persistent_staker,2.745749167,False,1,0.0,0.007806161,0,0,0,1,0.0,0.022923165
staker_00039,staker,small_persistent_staker,4.288416497,False,1,0.0,1.469073851,1,0,0,1,0.0,0.42212295
staker_00040,staker,small_persistent_staker,2.585570014,False,1,0.0,0.163714483,0,0,0,1,0.0,0.272030716
staker_00041,staker,small_persistent_staker,1.167382239,False,1,0.0,0.086985708,0,0,0,1,0.0,0.139375264
staker_00042,staker,small_persistent_staker,6.695093036,False,1,0.0,0.032458529,0,0,0,1,0.0,0.055782269
staker_00043,staker,small_persistent_staker,0.94980012,False,1,0.0,0.059112936,0,0,0,1,0.0,0.120034476
staker_00044,staker,small_persistent_staker,9.904991567,False,1,0.0,6.751021654,1,0,0,1,0.0,0.112314658
staker_00045,staker,small_persistent_staker,3.54646793,False,1,0.0,0.131407987,0,0,0,1,0.0,0.19543002
staker_00046,staker,small_persistent_staker,0.616408942,False,1,0.0,0.015530828,0,0,0,1,0.0,0.026363987
staker_00047,staker,small_persistent_staker,6.475994952,False,1,0.0,0.258536126,0,0,0,1,0.0,0.391133775
staker_00048,staker,small_persistent_staker,6.383922905,False,1,0.0,0.22780388,0,0,0,1,0.0,0.829636414
staker_00049,staker,small_persistent_staker,2.270629025,False,1,0.0,0.062304327,0,0,0,1,0.0,0.078639695
staker_00050,staker,small_persistent_staker,3.930188289,False,1,0.0,0.0,0,0,0,1,0.0,0.0
staker_00051,staker,small_persistent_staker,1.24552379,False,1,0.0,0.024598973,0,0,0,1,0.0,0.043477825
staker_00052,staker,small_persistent_staker,3.448019722,False,1,0.0,0.012209467,0,0,0,1,0.0,0.028765992
staker_00053,staker,small_persistent_staker,18.162701367,False,1,0.0,0.37899798,0,0,0,1,0.0,0.633287767
staker_00054,staker,small_persistent_staker,7.645598326,False,1,0.0,0.15099982,0,0,0,1,0.0,0.266886905
staker_00055,staker,small_persistent_staker,1.886661121,False,1,0.0,0.134038553,0,0,0,1,0.0,0.212423688
staker_00056,staker,small_persistent_staker,2.634568126,False,1,0.0,0.166816971,0,0,0,1,0.0,0.277185862
staker_00057,staker,small_persistent_staker,3.339993428,False,1,0.0,0.082834786,0,0,0,1,0.0,0.115989267
staker_00058,staker,small_persistent_staker,1.286502272,False,1,0.0,0.047038224,0,0,0,1,0.0,0.070929497
staker_00059,staker,small_persistent_staker,4.251153596,False,1,0.0,0.144419179,0,0,0,1,0.0,0.258350329
staker_00060,staker,small_persistent_staker,0.813361856,False,1,0.0,0.033017838,0,0,0,1,0.0,0.049090619
staker_00061,staker,small_persistent_staker,0.430165466,False,1,0.0,0.029816227,0,0,0,1,0.0,0.053953523
staker_00062,staker,small_persistent_staker,6.205789159,False,1,0.0,0.322966513,0,0,0,1,0.0,0.507215739
staker_00063,staker,small_persistent_staker,4.567782148,False,1,0.0,0.319202552,0,0,0,1,0.0,0.548082937
staker_00064,staker,small_persistent_staker,1.468309365,False,1,0.0,0.063721037,0,0,0,1,0.0,0.189290951
staker_00065,staker,small_persistent_staker,3.931729861,False,1,0.0,0.143755355,0,0,0,1,0.0,0.216770407
staker_00066,staker,small_persistent_staker,5.482944064,False,1,0.0,0.175391247,0,0,0,1,0.0,0.333892548
staker_00067,staker,small_persistent_staker,2.59245866,False,1,0.0,0.099501797,0,0,0,1,0.0,0.33596618
staker_00068,staker,small_persistent_staker,1.937503753,False,1,0.0,0.008212167,0,0,0,1,0.0,0.016152809
staker_00069,staker,small_persistent_staker,2.010379184,False,1,0.0,0.08025881,0,0,0,1,0.0,0.121421836
staker_00070,staker,small_persistent_staker,8.453548848,False,1,0.0,0.199550453,0,0,0,1,0.0,0.293929566
staker_00071,staker,small_persistent_staker,0.536843059,False,1,0.0,0.072846255,0,0,0,1,0.0,0.154297857
staker_00072,staker,small_persistent_staker,1.721938639,False,1,0.0,0.044560362,0,0,0,1,0.0,0.073596256
staker_00073,staker,small_persistent_staker,3.700653201,False,1,0.0,0.225817156,0,0,0,1,0.0,0.46829025
staker_00074,staker,small_persistent_staker,0.706807994,False,1,0.0,-0.001486377,0,0,0,1,0.0,0.0
staker_00075,staker,small_persistent_staker,13.417466101,False,1,0.0,2.841373148,1,0,0,1,0.0,0.531533664
staker_00076,staker,small_persistent_staker,2.977374101,False,1,0.0,0.068246087,0,0,0,1,0.0,0.103595699
staker_00077,staker,small_persistent_staker,2.225344872,False,1,0.0,0.065470129,0,0,0,1,0.0,0.10596124
staker_00078,staker,small_persistent_staker,0.98825747,False,1,0.0,0.027789829,0,0,0,1,0.0,0.034202798
staker_00079,staker,small_persistent_staker,2.308202165,False,1,0.0,0.08748833,0,0,0,1,0.0,0.139702764
staker_00080,staker,small_persistent_staker,1.14280569,False,1,0.0,-0.002403256,0,0,0,1,0.0,0.0
staker_00081,staker,small_persistent_staker,1.482957047,False,1,0.0,0.056467657,0,0,0,1,0.0,0.21596508
staker_00082,staker,small_persistent_staker,1.102599189,False,1,0.0,0.147698344,0,0,0,1,0.0,0.323833077
staker_00083,staker,small_persistent_staker,4.260370254,False,1,0.0,0.322973145,0,0,0,1,0.0,0.507939212
staker_00084,staker,small_persistent_staker,2.217012986,False,1,0.0,0.0,0,0,0,1,0.0,0.0
staker_00085,staker,small_persistent_staker,1.827534386,False,1,0.0,0.117301916,0,0,0,1,0.0,0.230481433
staker_00086,staker,small_persistent_staker,3.610790923,False,1,0.0,0.257001814,0,0,0,1,0.0,0.451977221
staker_00087,staker,small_persistent_staker,1.496616931,False,1,0.0,0.144869293,0,0,0,1,0.0,0.311013741
staker_00088,staker,small_persistent_staker,2.60707583,False,1,0.0,0.15317254,0,0,0,1,0.0,0.33070308
staker_00089,staker,small_persistent_staker,7.647498238,False,1,0.0,0.420335896,0,0,0,1,0.0,0.97397679
staker_00090,staker,small_persistent_staker,2.930651349,False,1,0.0,0.109106087,0,0,0,1,0.0,0.177500435
staker_00091,staker,small_persistent_staker,4.036524715,False,1,0.0,0.224533176,0,0,0,1,0.0,0.513727395
staker_00092,staker,small_persistent_staker,1.227397682,False,1,0.0,0.107452661,0,0,0,1,0.0,0.274811108
staker_00093,staker,small_persistent_staker,1.343609182,False,1,0.0,0.002274208,0,0,0,1,0.0,0.011230199
staker_00094,staker,small_persistent_staker,0.876806619,False,1,0.0,0.004861394,0,0,0,1,0.0,0.007300278
staker_00095,staker,small_persistent_staker,2.567297021,False,1,0.0,-0.003597993,0,0,0,1,0.0,0.0
staker_00096,staker,small_persistent_staker,2.538072075,False,1,0.0,0.126028789,0,0,0,1,0.0,0.207965868
staker_00097,staker,small_persistent_staker,8.285896622,False,1,0.0,0.292688761,0,0,0,1,0.0,0.502844273
staker_00098,staker,small_persistent_staker,0.827698684,False,1,0.0,0.034155701,0,0,0,1,0.0,0.049920952
staker_00099,staker,small_persistent_staker,2.615152516,False,1,0.0,0.069458203,0,0,0,1,0.0,0.111694286
staker_00100,staker,small_persistent_staker,2.241861904,False,1,0.0,-0.004714509,0,0,0,1,0.0,0.0
staker_00101,staker,small_persistent_staker,1.026888421,False,2,0.0,0.103143412,0,0,0,1,0.0,0.246354056
staker_00102,staker,small_persistent_staker,11.519851019,False,2,0.0,7.052553011,3,0,0,1,0.0,0.567981422
staker_00103,staker,small_persistent_staker,4.849943541,False,2,0.0,0.224660534,0,0,0,1,0.0,0.399070284
staker_00104,staker,small_persistent_staker,2.179328433,False,2,0.0,0.165212063,0,0,0,1,0.0,0.260010684
staker_00105,staker,small_persistent_staker,1.025119805,False,3,0.0,0.021652347,0,0,0,1,0.0,0.035784126
staker_00106,staker,small_persistent_staker,1.296479483,False,4,0.0,0.097876889,0,0,0,1,0.0,0.161870739
staker_00107,staker,small_persistent_staker,8.405243283,False,4,0.0,0.820467848,0,0,0,1,0.0,1.969735213
staker_00108,staker,small_persistent_staker,6.3494923,False,4,0.0,0.306829325,0,0,0,1,0.0,0.522092766
staker_00109,staker,small_persistent_staker,2.947571606,False,5,0.0,0.115714792,0,0,0,1,0.0,0.162510223
staker_00110,staker,small_persistent_staker,1.625656003,False,6,0.0,0.108352141,0,0,0,1,0.0,0.190714409
staker_00111,staker,small_persistent_staker,2.58565903,False,6,0.0,0.094556482,0,0,0,1,0.0,0.371048636
staker_00112,staker,small_persistent_staker,1.94609689,False,6,0.0,0.12717798,0,0,0,1,0.0,0.218202185
staker_00113,staker,small_persistent_staker,0.766125382,False,7,0.0,0.028036491,0,0,0,1,0.0,0.040057665
staker_00114,staker,small_persistent_staker,0.298952575,False,8,0.0,0.013785331,0,0,0,1,0.0,0.022105431
staker_00115,staker,small_persistent_staker,0.747923871,False,8,0.0,-0.001048194,0,0,0,1,0.0,0.0
staker_00116,staker,small_persistent_staker,4.435456086,False,8,0.0,0.182723975,0,0,0,1,0.0,0.53524042
staker_00117,staker,small_persistent_staker,10.334312095,False,9,0.0,0.668600494,0,0,0,1,0.0,1.217359424
staker_00118,staker,small_persistent_staker,2.75826853,False,9,0.0,0.251128854,0,0,0,1,0.0,0.553890369
staker_00119,staker,staker_whale,26.25240002,False,9,0.0,6.25240002,2,0,0,1,0.0,6.47476084
staker_00120,staker,small_persistent_staker,3.033963005,False,10,0.0,0.129862697,0,0,0,1,0.0,0.202447548
staker_00121,staker,small_persistent_staker,1.616380522,False,11,0.0,0.039480016,0,0,0,1,0.0,0.042849157
staker_00122,staker,small_persistent_staker,6.403414656,False,12,0.0,3.057332582,1,0,0,1,0.0,0.400099273
staker_00123,staker,small_persistent_staker,8.483327649,False,12,0.0,2.064026711,1,0,0,1,0.0,0.920742821
staker_00124,staker,small_persistent_staker,2.986730146,False,12,0.0,0.186967013,0,0,0,1,0.0,0.35327356
staker_00125,staker,small_persistent_staker,16.058901331,False,13,0.0,0.384316394,0,0,0,1,0.0,0.770971558
staker_00126,staker,staker_whale,24.03187414,False,14,0.0,0.499573911,0,0,0,1,0.0,1.158272647
staker_00127,staker,small_persistent_staker,1.88411406,False,15,0.0,-0.01356702,0,0,0,1,0.0,0.0
staker_00128,staker,small_persistent_staker,3.945565985,False,16,0.0,0.003892727,0,0,0,1,0.0,0.03172918
staker_00129,staker,small_persistent_staker,0.960622315,False,16,0.0,-0.000868538,0,0,0,1,0.0,0.007739687
staker_00130,staker,small_persistent_staker,4.073797316,False,16,0.0,0.129679529,0,0,0,1,0.0,0.248804236
staker_00131,staker,staker_whale,22.807200293,False,16,0.0,2.807200293,1,0,0,1,0.0,1.957091436
staker_00132,staker,small_persistent_staker,5.240458992,False,17,0.0,0.170368944,0,0,0,1,0.0,0.320057257
staker_00133,staker,small_persistent_staker,2.117547915,False,18,0.0,-0.005566923,0,0,0,1,0.0,0.0
staker_00134,staker,small_persistent_staker,2.512368702,False,18,0.0,0.018517229,0,0,0,1,0.0,0.066389702
staker_00135,staker,staker_whale,46.550099912,False,18,0.0,9.852033105,4,0,0,1,0.0,9.060698524
staker_00136,staker,small_persistent_staker,2.522775038,False,20,0.0,0.079975619,0,0,0,1,0.0,0.154488461
staker_00137,staker,small_persistent_staker,1.26764638,False,20,0.0,0.050155294,0,0,0,1,0.0,0.117871346
staker_00138,staker,small_persistent_staker,2.819212604,False,21,0.0,0.033834796,0,0,0,1,0.0,0.074293424
staker_00139,staker,small_persistent_staker,3.097908193,False,22,0.0,0.399082157,0,0,0,1,0.0,1.030326011
staker_00140,staker,small_persistent_staker,2.475579285,False,22,0.0,0.094938161,0,0,0,1,0.0,0.230804679
staker_00141,staker,small_persistent_staker,1.793951857,False,22,0.0,0.024010646,0,0,0,1,0.0,0.047242102
staker_00142,staker,small_persistent_staker,11.215698708,False,23,0.0,0.134129244,0,0,0,1,0.0,1.075117825
staker_00143,staker,small_persistent_staker,1.003158108,False,24,0.0,0.02402533,0,0,0,1,0.0,0.048519133
staker_00144,staker,staker_whale,60.24636287,False,24,0.0,1.517181876,0,0,0,1,0.0,2.453770116
staker_00145,staker,small_persistent_staker,2.914968108,False,26,0.0,0.158520038,0,0,0,1,0.0,0.267919206
staker_00146,staker,small_persistent_staker,1.69627623,False,26,0.0,0.034907246,0,0,0,1,0.0,0.044456967
staker_00147,staker,small_persistent_staker,1.884018458,False,30,0.0,0.088880423,0,0,0,1,0.0,0.148861993
staker_00148,staker,small_persistent_staker,0.411747333,False,32,0.0,0.008066598,0,0,0,1,0.0,0.045000473
staker_00149,staker,small_persistent_staker,1.762815451,False,33,0.0,0.048795759,0,0,0,1,0.0,0.142581832
staker_00150,staker,small_persistent_staker,0.386792967,False,34,0.0,0.015046907,0,0,0,1,0.0,0.025694443
staker_00151,staker,small_persistent_staker,1.9848036,False,35,0.0,0.044355396,0,0,0,1,0.0,0.144961393
staker_00152,staker,small_persistent_staker,1.1971782,False,35,0.0,0.042039761,0,0,0,1,0.0,0.071200642
staker_00153,staker,small_persistent_staker,1.546270824,False,36,0.0,0.045301102,0,0,0,1,0.0,0.095058647
staker_00154,staker,small_persistent_staker,6.473103121,False,36,0.0,-0.030939616,0,0,0,1,0.0,0.0
staker_00155,staker,small_persistent_staker,1.326895239,False,36,0.0,-0.010853194,0,0,0,1,0.0,0.0
staker_00156,staker,small_persistent_staker,12.96217385,False,38,0.0,1.739838894,1,0,0,1,0.0,0.758597534
staker_00157,staker,small_persistent_staker,7.512967741,False,38,0.0,-0.041597443,0,0,0,1,0.0,0.520813283
staker_00158,staker,small_persistent_staker,7.965061187,False,38,0.0,-0.022341255,0,0,0,1,0.0,0.0
staker_00159,staker,small_persistent_staker,1.79131241,False,39,0.0,0.005891606,0,0,0,1,0.0,0.163260907
staker_00160,staker,small_persistent_staker,1.068945258,False,40,0.0,-0.008800496,0,0,0,1,0.0,0.074404144
staker_00161,staker,small_persistent_staker,2.98417593,False,41,0.0,0.030476096,0,0,0,1,0.0,0.204056896
staker_00162,staker,small_persistent_staker,0.864595776,False,42,0.0,-0.003533049,0,0,0,1,0.0,0.0
staker_00163,staker,small_persistent_staker,2.023050876,False,43,0.0,-0.008266913,0,0,0,1,0.0,0.0
staker_00164,staker,small_persistent_staker,6.470767522,False,44,0.0,0.248470757,0,0,0,1,0.0,0.430772505
staker_00165,staker,small_persistent_staker,3.344768672,False,46,0.0,0.075429946,0,0,0,1,0.0,0.118184253
staker_00166,staker,small_persistent_staker,3.077380045,False,48,0.0,0.058948718,0,0,0,1,0.0,0.209527676
staker_00167,staker,small_persistent_staker,1.107816498,False,48,0.0,0.012481423,0,0,0,1,0.0,0.016266706
staker_00168,staker,small_persistent_staker,4.780619279,False,49,0.0,0.107157995,0,0,0,1,0.0,0.32464062
staker_00169,staker,small_persistent_staker,3.848323057,False,51,0.0,0.152683339,0,0,0,1,0.0,0.20854359
staker_00170,staker,small_persistent_staker,2.747888799,False,51,0.0,0.08241404,0,0,0,1,0.0,0.185406672
staker_00171,staker,small_persistent_staker,1.312888272,False,52,0.0,0.059432156,0,0,0,1,0.0,0.080253032
staker_00172,staker,small_persistent_staker,1.644002816,False,52,0.0,0.036340153,0,0,0,1,0.0,0.05835763
staker_00173,staker,small_persistent_staker,0.532059843,False,53,0.0,0.008055459,0,0,0,1,0.0,0.01345404
staker_00174,staker,small_persistent_staker,4.037646107,False,58,0.0,1.675670068,1,0,0,1,0.0,0.118186476
staker_00175,staker,small_persistent_staker,6.351508042,False,58,0.0,-0.044589817,0,0,0,1,0.0,0.294760076
staker_00176,staker,small_persistent_staker,2.536426305,False,58,0.0,0.017005494,0,0,0,1,0.0,0.033870845
staker_00177,staker,staker_whale,24.557407737,False,62,0.0,0.409320291,0,0,0,1,0.0,1.115651894
staker_00178,staker,small_persistent_staker,1.548848755,False,63,0.0,0.011224847,0,0,0,1,0.0,0.020738243
staker_00179,staker,small_persistent_staker,8.887426784,False,64,0.0,0.030505721,0,0,0,1,0.0,0.409766987
staker_00180,staker,small_persistent_staker,4.07724292,False,65,0.0,0.038042883,0,0,0,1,0.0,0.054553852
staker_00181,staker,small_persistent_staker,10.122756115,False,65,0.0,2.045306692,1,0,0,1,0.0,0.439355091
staker_00182,staker,small_persistent_staker,4.023316995,False,65,0.0,0.114163647,0,0,0,1,0.0,0.159501933
staker_00183,staker,small_persistent_staker,6.61147164,False,65,0.0,0.052811311,0,0,0,1,0.0,0.088581943
staker_00184,staker,small_persistent_staker,6.57950895,False,66,0.0,0.118853032,0,0,0,1,0.0,0.299322214
staker_00185,staker,small_persistent_staker,1.010145538,False,66,0.0,0.025042464,0,0,0,1,0.0,0.045639829
staker_00186,staker,small_persistent_staker,2.825937308,False,66,0.0,-0.00396047,0,0,0,1,0.0,0.0
staker_00187,staker,small_persistent_staker,4.808710856,False,66,0.0,0.148678735,0,0,0,1,0.0,0.190272571
staker_00188,staker,small_persistent_staker,0.785612511,False,67,0.0,-0.007096508,0,0,0,1,0.0,0.036751938
staker_00189,staker,small_persistent_staker,5.74392049,False,68,0.0,0.082800685,0,0,0,1,0.0,0.26264728
staker_00190,staker,small_persistent_staker,0.543253012,False,68,0.0,0.003626326,0,0,0,1,0.0,0.025035944
staker_00191,staker,small_persistent_staker,2.004472617,False,69,0.0,0.054251048,0,0,0,1,0.0,0.068870561
staker_00192,staker,small_persistent_staker,1.328717423,False,72,0.0,0.027304954,0,0,0,1,0.0,0.035171991
staker_00193,staker,small_persistent_staker,5.020556609,False,72,0.0,1.145680328,1,0,0,1,0.0,0.591135212
staker_00194,staker,small_persistent_staker,3.530031798,False,72,0.0,-0.081599782,0,0,0,1,0.0,0.117259053
staker_00195,staker,small_persistent_staker,7.421871943,False,73,0.0,0.063615768,0,0,0,1,0.0,0.083015423
staker_00196,staker,small_persistent_staker,6.737299145,False,74,0.0,-0.096967343,0,0,0,1,0.0,0.222170194
staker_00197,staker,small_persistent_staker,0.418383648,False,75,0.0,0.002562452,0,0,0,1,0.0,0.013526475
staker_00198,staker,small_persistent_staker,1.458707416,False,76,0.0,-0.03711155,0,0,0,1,0.0,0.048686797
staker_00199,staker,small_persistent_staker,0.446770516,False,78,0.0,0.017238003,0,0,0,1,0.0,0.053533042
staker_00200,staker,small_persistent_staker,0.396533285,False,78,0.0,0.012682787,0,0,0,1,0.0,0.04783965
staker_00201,staker,small_persistent_staker,0.625680695,False,80,0.0,-0.005048615,0,0,0,1,0.0,0.007952276
staker_00202,staker,small_persistent_staker,1.327522379,False,81,0.0,-0.035399901,0,0,0,1,0.0,0.007248205
staker_00203,staker,small_persistent_staker,2.136426365,False,81,0.0,-0.010657989,0,0,0,1,0.0,0.0
staker_00204,staker,small_persistent_staker,2.551846027,False,82,0.0,-0.014588047,0,0,0,1,0.0,0.013657981
staker_00205,staker,small_persistent_staker,2.656390796,False,82,0.0,-0.054532267,0,0,0,1,0.0,0.014426919
staker_00206,staker,small_persistent_staker,0.818313326,False,82,0.0,-0.003158071,0,0,0,1,0.0,0.0
staker_00207,staker,small_persistent_staker,0.682602066,False,83,0.0,-0.00203219,0,0,0,1,0.0,0.003646021
staker_00208,staker,small_persistent_staker,1.75232704,False,84,0.0,-0.044239372,0,0,0,1,0.0,0.009574319
staker_00209,staker,staker_whale,27.499290623,False,84,0.0,-1.028442362,0,0,0,1,0.0,0.590790999
staker_00210,staker,small_persistent_staker,17.406941557,False,85,0.0,-0.134616877,0,0,0,1,0.0,0.093548517
staker_00211,staker,small_persistent_staker,2.141082069,False,86,0.0,0.0,0,0,0,1,0.0,0.0
staker_00212,staker,small_persistent_staker,1.006006832,False,86,0.0,-0.03943194,0,0,0,1,0.0,0.005578361
staker_00213,staker,small_persistent_staker,1.708053081,False,87,0.0,-0.005254994,0,0,0,1,0.0,0.0
staker_00214,staker,small_persistent_staker,0.902891469,False,88,0.0,-0.004119507,0,0,0,1,0.0,0.004845535
staker_00215,staker,small_persistent_staker,2.466064709,False,88,0.0,-0.056068287,0,0,0,1,0.0,0.01347402
staker_00216,staker,small_persistent_staker,4.175002164,False,88,0.0,0.285539074,0,0,0,1,0.0,0.733945049
staker_00217,staker,staker_whale,20.697876834,False,88,0.0,0.697876834,1,0,0,1,0.0,0.106846232
staker_00218,staker,small_persistent_staker,5.982178535,False,90,0.0,-0.16696003,0,0,0,1,0.0,0.032888113
staker_00219,staker,small_persistent_staker,0.888078601,False,90,0.0,-0.040043206,0,0,0,1,0.0,0.004963976
staker_00220,staker,small_persistent_staker,5.068480424,False,91,0.0,-0.1547237,0,0,0,1,0.0,0.1086345
staker_00221,staker,small_persistent_staker,10.021138249,False,94,0.0,-0.13935436,0,0,0,1,0.0,0.054494903
staker_00222,staker,staker_whale,22.099333558,False,95,0.0,-0.427348433,0,0,0,1,0.0,0.856523207
staker_00223,staker,small_persistent_staker,6.416180071,False,95,0.0,-0.177444961,0,0,0,1,0.0,0.035389097
staker_00224,staker,small_persistent_staker,9.077067436,False,96,0.0,-0.188589079,0,0,0,1,0.0,0.0
staker_00225,staker,small_persistent_staker,1.934929268,False,96,0.0,0.0,0,0,0,1,0.0,0.0
staker_00226,staker,small_persistent_staker,3.641227071,False,97,0.0,-0.052335763,0,0,0,1,0.0,0.0
staker_00227,staker,small_persistent_staker,1.432017615,False,98,0.0,0.030483316,0,0,0,1,0.0,0.1145358
staker_00228,staker,small_persistent_staker,15.547087454,False,98,0.0,-0.201879428,0,0,0,1,0.0,0.0
staker_00229,staker,staker_whale,22.107508355,False,98,0.0,-0.029360469,0,0,0,1,0.0,0.0
staker_00230,staker,small_persistent_staker,5.258191073,False,99,0.0,-0.210853126,0,0,0,1,0.0,0.0
staker_00231,staker,small_persistent_staker,1.037086659,False,99,0.0,-0.042342709,0,0,0,1,0.0,0.0
staker_00232,staker,small_persistent_staker,1.199683018,False,100,0.0,-0.025825226,0,0,0,1,0.0,0.039907873
staker_00233,staker,small_persistent_staker,10.655190028,False,101,0.0,-0.079967876,0,0,0,1,0.0,0.0
staker_00234,staker,small_persistent_staker,1.103454929,False,101,0.0,-0.021427327,0,0,0,1,0.0,0.0
staker_00235,staker,small_persistent_staker,2.274266837,False,104,0.0,-0.071396013,0,0,0,1,0.0,0.036330137
staker_00236,staker,small_persistent_staker,2.345626706,False,104,0.0,-0.03283209,0,0,0,1,0.0,0.0
staker_00237,staker,small_persistent_staker,5.992793483,False,104,0.0,-0.169667513,0,0,0,1,0.0,0.0
staker_00238,staker,small_persistent_staker,1.604376178,False,106,0.0,-0.005453734,0,0,0,1,0.0,0.0
staker_00239,staker,small_persistent_staker,4.283478792,False,106,0.0,0.127343204,0,0,0,1,0.0,0.482139601
staker_00240,staker,small_persistent_staker,1.022913977,False,107,0.0,-0.007991542,0,0,0,1,0.0,0.0
staker_00241,staker,small_persistent_staker,1.369097296,False,108,0.0,-0.050880879,0,0,0,1,0.0,0.0
staker_00242,staker,small_persistent_staker,10.988240661,False,108,0.0,-0.287377951,0,0,0,1,0.0,0.175129085
staker_00243,staker,small_persistent_staker,4.20418536,False,108,0.0,-0.055862492,0,0,0,1,0.0,0.0
staker_00244,staker,small_persistent_staker,3.749207319,False,109,0.0,0.107778338,0,0,0,1,0.0,0.324355705
staker_00245,staker,small_persistent_staker,1.608676044,False,109,0.0,-0.00560896,0,0,0,1,0.0,0.0
staker_00246,staker,small_persistent_staker,1.624052905,False,109,0.0,-0.045951508,0,0,0,1,0.0,0.0
staker_00247,staker,small_persistent_staker,7.02862993,False,110,0.0,-0.142145926,0,0,0,1,0.0,0.0
staker_00248,staker,small_persistent_staker,1.611757646,False,110,0.0,0.054029647,0,0,0,1,0.0,0.149832222
staker_00249,staker,small_persistent_staker,0.235060248,False,111,0.0,-0.000324582,0,0,0,1,0.0,0.0
staker_00250,staker,small_persistent_staker,3.900970467,False,111,0.0,-0.013193385,0,0,0,1,0.0,0.0
staker_00251,staker,small_persistent_staker,3.42925382,False,112,0.0,0.110851642,0,0,0,1,0.0,0.273775316
staker_00252,staker,small_persistent_staker,1.727505459,False,112,0.0,0.062500531,0,0,0,1,0.0,0.148617042
staker_00253,staker,small_persistent_staker,1.733213981,False,113,0.0,0.047955613,0,0,0,1,0.0,0.174687324
staker_00254,staker,small_persistent_staker,8.914125103,False,113,0.0,-0.161379932,0,0,0,1,0.0,0.0
staker_00255,staker,small_persistent_staker,14.346539822,False,116,0.0,1.540201825,1,0,0,1,0.0,1.236827136
staker_00256,staker,small_persistent_staker,1.711199971,False,116,0.0,-0.014519056,0,0,0,1,0.0,0.0
staker_00257,staker,small_persistent_staker,3.412677637,False,117,0.0,-0.033346841,0,0,0,1,0.0,0.113523909
staker_00258,staker,small_persistent_staker,1.273285525,False,117,0.0,-0.018655219,0,0,0,1,0.0,0.0
staker_00259,staker,small_persistent_staker,3.82770555,False,117,0.0,-0.039908525,0,0,0,1,0.0,0.127412521
staker_00260,staker,small_persistent_staker,5.56930001,False,117,0.0,-0.081597183,0,0,0,1,0.0,0.0
staker_00261,staker,small_persistent_staker,4.178916821,False,118,0.0,-0.03225619,0,0,0,1,0.0,0.0
staker_00262,staker,small_persistent_staker,4.331657672,False,120,0.0,0.293427461,0,0,0,1,0.0,0.776771888
staker_00263,staker,small_persistent_staker,4.405644684,False,121,0.0,0.360134159,0,0,0,1,0.0,0.753618961
staker_00264,staker,small_persistent_staker,16.132989686,False,121,0.0,-0.096204311,0,0,0,1,0.0,0.0
staker_00265,staker,small_persistent_staker,1.854993163,False,122,0.0,-0.037621717,0,0,0,1,0.0,0.0
staker_00266,staker,small_persistent_staker,2.895565514,False,122,0.0,-0.045093793,0,0,0,1,0.0,0.0
staker_00267,staker,small_persistent_staker,9.135959869,False,122,0.0,-0.185289358,0,0,0,1,0.0,0.0
staker_00268,staker,small_persistent_staker,1.960318415,False,123,0.0,-0.005267617,0,0,0,1,0.0,0.0
staker_00269,staker,small_persistent_staker,1.802690657,False,123,0.0,-0.035273476,0,0,0,1,0.0,0.0
staker_00270,staker,staker_whale,45.796204336,False,124,0.0,4.125886446,1,0,0,1,0.0,3.872881166
staker_00271,staker,small_persistent_staker,1.540029883,False,125,0.0,-0.007246761,0,0,0,1,0.0,0.05122963
staker_00272,staker,small_persistent_staker,1.201958002,False,126,0.0,0.142127476,0,0,0,1,0.0,0.332776816
staker_00273,staker,small_persistent_staker,3.42539666,False,126,0.0,-0.0521599,0,0,0,1,0.0,0.054653314
staker_00274,staker,small_persistent_staker,1.656177688,False,127,0.0,0.07012402,0,0,0,1,0.0,0.154276057
staker_00275,staker,small_persistent_staker,0.503360545,False,128,0.0,-0.012582938,0,0,0,1,0.0,0.0
staker_00276,staker,small_persistent_staker,0.687027756,False,130,0.0,-0.000481256,0,0,0,1,0.0,0.0
staker_00277,staker,small_persistent_staker,4.126859371,False,131,0.0,2.442079046,1,0,0,1,0.0,0.403970477
staker_00278,staker,small_persistent_staker,1.235306917,False,132,0.0,-0.005320752,0,0,0,1,0.0,0.0
staker_00279,staker,small_persistent_staker,5.438610742,False,132,0.0,-0.019601925,0,0,0,1,0.0,0.0
staker_00280,staker,small_persistent_staker,0.903505985,False,132,0.0,-0.009070059,0,0,0,1,0.0,0.014399955
staker_00281,staker,small_persistent_staker,11.181405407,False,133,0.0,-0.227987515,0,0,0,1,0.0,0.0
staker_00282,staker,small_persistent_staker,2.836081307,False,134,0.0,1.082943938,1,0,0,1,0.0,0.189903403
staker_00283,staker,small_persistent_staker,1.863647051,False,134,0.0,0.180105687,0,0,0,1,0.0,0.386614644
staker_00284,staker,small_persistent_staker,1.974899888,False,135,0.0,-0.015448872,0,0,0,1,0.0,0.0
staker_00285,staker,small_persistent_staker,0.731172187,False,135,0.0,-0.007269317,0,0,0,1,0.0,0.0
staker_00286,staker,small_persistent_staker,3.454245141,False,138,0.0,0.171793117,0,0,0,1,0.0,0.27538456
staker_00287,staker,small_persistent_staker,2.01473833,False,139,0.0,-0.013717725,0,0,0,1,0.0,0.032145803
staker_00288,staker,small_persistent_staker,1.191391149,False,140,0.0,-0.002345791,0,0,0,1,0.0,0.0
staker_00289,staker,small_persistent_staker,4.795384191,False,141,0.0,0.269057167,0,0,0,1,0.0,0.477675432
staker_00290,staker,small_persistent_staker,3.650263105,False,142,0.0,0.187891995,0,0,0,1,0.0,0.365649265
staker_00291,staker,small_persistent_staker,1.044722105,False,145,0.0,0.102204777,0,0,0,1,0.0,0.184255083
staker_00292,staker,small_persistent_staker,6.210207644,False,145,0.0,-0.025796334,0,0,0,1,0.0,0.099204585
staker_00293,staker,small_persistent_staker,0.564163806,False,146,0.0,0.047443487,0,0,0,1,0.0,0.086705154
staker_00294,staker,small_persistent_staker,4.31059084,False,146,0.0,-0.021349553,0,0,0,1,0.0,0.068955776
staker_00295,staker,small_persistent_staker,6.412461835,False,146,0.0,3.604402245,1,0,0,1,0.0,0.044698659
staker_00296,staker,small_persistent_staker,1.90466266,False,146,0.0,0.100406671,0,0,0,1,0.0,0.191028642
staker_00297,staker,small_persistent_staker,1.035587614,False,147,0.0,0.054824692,0,0,0,1,0.0,0.089529224
staker_00298,staker,small_persistent_staker,1.202744177,False,148,0.0,-0.000730371,0,0,0,1,0.0,0.019180828
staker_00299,staker,small_persistent_staker,1.421481381,False,148,0.0,0.078196583,0,0,0,1,0.0,0.132413656
staker_00300,staker,small_persistent_staker,2.212696622,False,148,0.0,0.161533019,0,0,0,1,0.0,0.315017464
staker_00301,staker,small_persistent_staker,0.247937501,False,149,0.0,0.013618734,0,0,0,1,0.0,0.021419833
staker_00302,staker,small_persistent_staker,2.071578067,False,150,0.0,0.123652652,0,0,0,1,0.0,0.206786956
staker_00303,staker,small_persistent_staker,2.355209824,False,151,0.0,0.181090594,0,0,0,1,0.0,0.334603149
staker_00304,staker,small_persistent_staker,0.48891646,False,151,0.0,-0.005245694,0,0,0,1,0.0,0.0
staker_00305,staker,small_persistent_staker,7.470017546,False,153,0.0,0.434692656,0,0,0,1,0.0,0.891245211
staker_00306,staker,small_persistent_staker,1.856478878,False,154,0.0,0.113132677,0,0,0,1,0.0,0.208669017
staker_00307,staker,small_persistent_staker,4.030266499,False,154,0.0,0.012002329,0,0,0,1,0.0,0.064304208
staker_00308,staker,small_persistent_staker,9.766492444,False,154,0.0,0.601130113,0,0,0,1,0.0,0.975579586
staker_00309,staker,small_persistent_staker,2.207562451,False,154,0.0,0.003937351,0,0,0,1,0.0,0.035264572
staker_00310,staker,staker_whale,20.095781579,False,155,0.0,0.095781579,0,0,0,1,0.0,0.320283833
staker_00311,staker,small_persistent_staker,1.034691192,False,155,0.0,0.104140125,0,0,0,1,0.0,0.183125999
staker_00312,staker,small_persistent_staker,4.727052921,False,155,0.0,0.305076848,0,0,0,1,0.0,0.560967454
staker_00313,staker,small_persistent_staker,4.298016813,False,156,0.0,-0.019361644,0,0,0,1,0.0,0.0
staker_00314,staker,small_persistent_staker,0.981524709,False,156,0.0,0.095692924,0,0,0,1,0.0,0.174447668
staker_00315,staker,small_persistent_staker,2.437233085,False,159,0.0,0.043522054,0,0,0,1,0.0,0.081018654
staker_00316,staker,small_persistent_staker,4.400972035,False,160,0.0,0.284148037,0,0,0,1,0.0,0.439923141
staker_00317,staker,small_persistent_staker,3.166690188,False,161,0.0,0.200107401,0,0,0,1,0.0,0.294983129
staker_00318,staker,small_persistent_staker,6.856612877,False,162,0.0,0.68918202,0,0,0,1,0.0,1.105403826
staker_00319,staker,small_persistent_staker,5.574912447,False,163,0.0,0.114193803,0,0,0,1,0.0,0.185321586
staker_00320,staker,small_persistent_staker,5.119621582,False,163,0.0,0.0607244,0,0,0,1,0.0,0.081436106
staker_00321,staker,small_persistent_staker,11.771944209,False,163,0.0,0.80122595,0,0,0,1,0.0,1.092271116
staker_00322,staker,small_persistent_staker,4.009885331,False,165,0.0,0.235312054,0,0,0,1,0.0,0.40471508
staker_00323,staker,small_persistent_staker,3.676877149,False,167,0.0,0.053774314,0,0,0,1,0.0,0.058486853
staker_00324,staker,small_persistent_staker,1.485684826,False,168,0.0,0.150163613,0,0,0,1,0.0,0.265116814
staker_00325,staker,small_persistent_staker,3.563791796,False,169,0.0,0.045959695,0,0,0,1,0.0,0.056861453
staker_00326,staker,small_persistent_staker,6.327371732,False,169,0.0,3.0616367,2,0,0,1,0.0,0.868837146
staker_00327,staker,small_persistent_staker,0.316392619,False,170,0.0,0.007798418,0,0,0,1,0.0,0.011079899
staker_00328,staker,small_persistent_staker,1.479488071,False,170,0.0,0.000192347,0,0,0,1,0.0,0.009559677
staker_00329,staker,small_persistent_staker,2.701056215,False,171,0.0,-0.015310081,0,0,0,1,0.0,0.0
staker_00330,staker,small_persistent_staker,1.5963821,False,172,0.0,0.084983171,0,0,0,1,0.0,0.136037953
staker_00331,staker,small_persistent_staker,0.773577982,False,173,0.0,0.042554474,0,0,0,1,0.0,0.060409286
staker_00332,staker,small_persistent_staker,0.376924144,False,173,0.0,0.021211591,0,0,0,1,0.0,0.029394871
staker_00333,staker,small_persistent_staker,5.106600806,False,174,0.0,0.013755344,0,0,0,1,0.0,0.032996181
staker_00334,staker,small_persistent_staker,19.488525048,False,174,0.0,8.506272279,3,0,0,1,0.0,3.356447547
staker_00335,staker,small_persistent_staker,3.44885868,False,174,0.0,0.193818,0,0,0,1,0.0,0.269148986
staker_00336,staker,small_persistent_staker,1.308357065,False,175,0.0,0.081941769,0,0,0,1,0.0,0.110585495
staker_00337,staker,small_persistent_staker,3.488934823,False,176,0.0,0.26210473,0,0,0,1,0.0,0.444854683
staker_00338,staker,small_persistent_staker,1.958955659,False,177,0.0,0.106658233,0,0,0,1,0.0,0.140004712
staker_00339,staker,small_persistent_staker,11.427215731,False,180,0.0,0.595238351,0,0,0,1,0.0,0.979942695
staker_00340,staker,small_persistent_staker,2.947937555,False,181,0.0,0.027385668,0,0,0,1,0.0,0.032605769
staker_00341,staker,small_persistent_staker,2.631287889,False,182,0.0,0.256543596,0,0,0,1,0.0,0.411254982
staker_00342,staker,small_persistent_staker,0.376542822,False,183,0.0,0.020151684,0,0,0,1,0.0,0.022081635
staker_00343,staker,small_persistent_staker,1.540288214,False,183,0.0,0.01596939,0,0,0,1,0.0,0.017036413
staker_00344,staker,small_persistent_staker,0.617482357,False,184,0.0,0.036096965,0,0,0,1,0.0,0.060353792
staker_00345,staker,small_persistent_staker,1.493168901,False,186,0.0,0.005839601,0,0,0,1,0.0,0.008505733
staker_00346,staker,small_persistent_staker,4.109235374,False,187,0.0,0.202417353,0,0,0,1,0.0,0.358371756
staker_00347,staker,small_persistent_staker,4.650223447,False,187,0.0,0.201817209,0,0,0,1,0.0,0.25432766
staker_00348,staker,small_persistent_staker,2.050036025,False,189,0.0,0.162855707,0,0,0,1,0.0,0.32059121
staker_00349,staker,small_persistent_staker,1.718667125,False,190,0.0,0.049674813,0,0,0,1,0.0,0.050857536
staker_00350,staker,small_persistent_staker,0.323628929,False,190,0.0,0.039485979,0,0,0,1,0.0,0.078135358
staker_00351,staker,small_persistent_staker,0.744227218,False,190,0.0,0.028725062,0,0,0,1,0.0,0.046979517
staker_00352,staker,small_persistent_staker,0.499566933,False,191,0.0,0.014997637,0,0,0,1,0.0,0.031742977
staker_00353,staker,small_persistent_staker,2.510921047,False,194,0.0,0.030031561,0,0,0,1,0.0,0.033550545
staker_00354,staker,small_persistent_staker,4.898394911,False,195,0.0,-0.010301047,0,0,0,1,0.0,0.0
staker_00355,staker,small_persistent_staker,1.420925854,False,195,0.0,0.061028579,0,0,0,1,0.0,0.143068392
staker_00356,staker,small_persistent_staker,5.960531512,False,196,0.0,-0.037077267,0,0,0,1,0.0,0.122265191
staker_00357,staker,small_persistent_staker,3.076672266,False,196,0.0,0.009561546,0,0,0,1,0.0,0.040979824
staker_00358,staker,small_persistent_staker,1.446481428,False,199,0.0,0.064527691,0,0,0,1,0.0,0.221063776
staker_00359,staker,small_persistent_staker,2.378106454,False,200,0.0,0.010873073,0,0,0,1,0.0,0.048380252
staker_00360,staker,small_persistent_staker,2.183088971,False,200,0.0,0.051214132,0,0,0,1,0.0,0.139638187
staker_00361,staker,small_persistent_staker,5.227806528,False,203,0.0,0.197485372,0,0,0,1,0.0,0.495433542
staker_00362,staker,small_persistent_staker,0.877127712,False,204,0.0,0.000178548,0,0,0,1,0.0,0.023039988
staker_00363,staker,small_persistent_staker,2.818936619,False,204,0.0,-0.005492891,0,0,0,1,0.0,0.039048948
staker_00364,staker,small_persistent_staker,2.317861656,False,205,0.0,0.132908141,0,0,0,1,0.0,0.30692489
staker_00365,staker,small_persistent_staker,1.109781282,False,205,0.0,-0.000551326,0,0,0,1,0.0,0.02919208
staker_00366,staker,small_persistent_staker,1.682785745,False,208,0.0,-0.003538803,0,0,0,1,0.0,0.0
staker_00367,staker,small_persistent_staker,0.558827397,False,211,0.0,0.004759111,0,0,0,1,0.0,0.007697872
staker_00368,staker,small_persistent_staker,8.225791528,False,212,0.0,0.339806585,0,0,0,1,0.0,0.722104942
staker_00369,staker,staker_whale,21.038380288,False,214,0.0,0.080406464,0,0,0,1,0.0,0.146866761
staker_00370,staker,small_persistent_staker,0.971795996,False,214,0.0,0.035036258,0,0,0,1,0.0,0.069739998
staker_00371,staker,small_persistent_staker,1.450557899,False,214,0.0,0.050401928,0,0,0,1,0.0,0.128389355
staker_00372,staker,small_persistent_staker,1.866850164,False,214,0.0,-0.006942307,0,0,0,1,0.0,0.013130937
staker_00373,staker,small_persistent_staker,1.716285102,False,215,0.0,0.079511538,0,0,0,1,0.0,0.229754857
staker_00374,staker,small_persistent_staker,0.264764839,False,215,0.0,0.000136428,0,0,0,1,0.0,0.006907839
staker_00375,staker,small_persistent_staker,0.404774241,False,218,0.0,0.019596483,0,0,0,1,0.0,0.035409103
staker_00376,staker,small_persistent_staker,0.48675379,False,218,0.0,-0.001939861,0,0,0,1,0.0,0.003433302
staker_00377,staker,small_persistent_staker,7.052658572,False,219,0.0,3.25319377,1,0,0,1,0.0,0.501767054
staker_00378,staker,small_persistent_staker,2.089724686,False,219,0.0,-0.013067894,0,0,0,1,0.0,0.0
staker_00379,staker,small_persistent_staker,2.507786472,False,219,0.0,0.067775388,0,0,0,1,0.0,0.205720882
staker_00380,staker,small_persistent_staker,0.738597069,False,219,0.0,-0.001505872,0,0,0,1,0.0,0.0
staker_00381,staker,small_persistent_staker,0.52816365,False,221,0.0,0.025463896,0,0,0,1,0.0,0.066797239
staker_00382,staker,small_persistent_staker,2.020134054,False,221,0.0,0.046194285,0,0,0,1,0.0,0.16664831
staker_00383,staker,small_persistent_staker,4.095126336,False,223,0.0,-0.048370531,0,0,0,1,0.0,0.0
staker_00384,staker,small_persistent_staker,0.681317938,False,223,0.0,0.03587145,0,0,0,1,0.0,0.081496532
staker_00385,staker,small_persistent_staker,15.69184046,False,223,0.0,0.276229909,0,0,0,1,0.0,0.690044965
staker_00386,staker,small_persistent_staker,1.274403228,False,224,0.0,0.019801022,0,0,0,1,0.0,0.056198771
staker_00387,staker,small_persistent_staker,0.618648672,False,224,0.0,0.010890327,0,0,0,1,0.0,0.027223986
staker_00388,staker,small_persistent_staker,1.33345743,False,225,0.0,-0.000867999,0,0,0,1,0.0,0.01659478
staker_00389,staker,small_persistent_staker,0.978116971,False,226,0.0,0.00210094,0,0,0,1,0.0,0.01214705
staker_00390,staker,small_persistent_staker,3.630574568,False,226,0.0,0.145435487,0,0,0,1,0.0,0.484342663
staker_00391,staker,small_persistent_staker,0.584844099,False,226,0.0,0.024998311,0,0,0,1,0.0,0.077803839
staker_00392,staker,small_persistent_staker,1.79590912,False,227,0.0,0.074651051,0,0,0,1,0.0,0.249761133
staker_00393,staker,small_persistent_staker,1.222698606,False,228,0.0,0.096838117,0,0,0,1,0.0,0.225819863
staker_00394,staker,small_persistent_staker,3.795234278,False,230,0.0,0.123147514,0,0,0,1,0.0,0.215246506
staker_00395,staker,small_persistent_staker,2.034276517,False,231,0.0,0.002382486,0,0,0,1,0.0,0.038919482
staker_00396,staker,small_persistent_staker,1.274260489,False,231,0.0,-0.003574182,0,0,0,1,0.0,0.0
staker_00397,staker,small_persistent_staker,2.209028505,False,232,0.0,0.280071172,0,0,0,1,0.0,0.548278904
staker_00398,staker,small_persistent_staker,0.899616916,False,233,0.0,0.048470137,0,0,0,1,0.0,0.101383367
staker_00399,staker,small_persistent_staker,0.821745736,False,234,0.0,0.046860833,0,0,0,1,0.0,0.092364177
staker_00400,staker,small_persistent_staker,1.888993079,False,234,0.0,0.014292282,0,0,0,1,0.0,0.023459048
staker_00401,staker,small_persistent_staker,1.73217768,False,234,0.0,0.089957042,0,0,0,1,0.0,0.229471459
staker_00402,staker,small_persistent_staker,2.730950307,False,235,0.0,0.020662602,0,0,0,1,0.0,0.033938913
staker_00403,staker,small_persistent_staker,2.555284202,False,235,0.0,0.328685694,0,0,0,1,0.0,0.621939231
staker_00404,staker,small_persistent_staker,1.113410649,False,237,0.0,0.0404173,0,0,0,1,0.0,0.091592443
staker_00405,staker,small_persistent_staker,0.232583326,False,237,0.0,-0.000652375,0,0,0,1,0.0,0.0
staker_00406,staker,small_persistent_staker,1.313079878,False,238,0.0,0.010847075,0,0,0,1,0.0,0.016341183
staker_00407,staker,small_persistent_staker,1.616237628,False,239,0.0,0.094406392,0,0,0,1,0.0,0.182034381
staker_00408,staker,small_persistent_staker,4.367117996,False,239,0.0,0.210495526,0,0,0,1,0.0,0.355313264
staker_00409,staker,small_persistent_staker,1.832906574,False,240,0.0,0.020225655,0,0,0,1,0.0,0.022778465
staker_00410,staker,small_persistent_staker,1.509336611,False,241,0.0,0.057842,0,0,0,1,0.0,0.124249455
staker_00411,staker,small_persistent_staker,18.113609111,False,241,0.0,2.334908668,1,0,0,1,0.0,3.233963906
staker_00412,staker,small_persistent_staker,2.251864818,False,241,0.0,0.120195749,0,0,0,1,0.0,0.287198173
staker_00413,staker,small_persistent_staker,2.769357779,False,242,0.0,0.122670919,0,0,0,1,0.0,0.190876861
staker_00414,staker,small_persistent_staker,6.031256286,False,242,0.0,0.002043065,0,0,0,1,0.0,0.039976874
staker_00415,staker,staker_whale,42.647735497,False,243,0.0,3.85441763,1,0,0,1,0.0,2.608470236
staker_00416,staker,small_persistent_staker,4.25191685,False,244,0.0,0.216030168,0,0,0,1,0.0,0.460081983
staker_00417,staker,small_persistent_staker,1.692709953,False,244,0.0,-0.004747894,0,0,0,1,0.0,0.0
staker_00418,staker,small_persistent_staker,4.635762351,False,246,0.0,0.213439866,0,0,0,1,0.0,0.559912532
staker_00419,staker,small_persistent_staker,3.386610903,False,246,0.0,-0.009909368,0,0,0,1,0.0,0.022583895
staker_00420,staker,small_persistent_staker,0.320169537,False,247,0.0,0.006937953,0,0,0,1,0.0,0.010165917
staker_00421,staker,small_persistent_staker,5.241820267,False,247,0.0,-0.003671844,0,0,0,1,0.0,0.0
staker_00422,staker,small_persistent_staker,7.353905735,False,248,0.0,0.258019762,0,0,0,1,0.0,0.565462983
staker_00423,staker,small_persistent_staker,0.830512218,False,251,0.0,0.027680675,0,0,0,1,0.0,0.03871324
staker_00424,staker,small_persistent_staker,10.607824827,False,252,0.0,-0.022307656,0,0,0,1,0.0,0.0
staker_00425,staker,small_persistent_staker,1.200176383,False,252,0.0,0.053406411,0,0,0,1,0.0,0.130695209
staker_00426,staker,small_persistent_staker,2.262037101,False,254,0.0,1.152156548,1,0,0,1,0.0,0.568518247
staker_00427,staker,small_persistent_staker,1.323668378,False,254,0.0,0.052876284,0,0,0,1,0.0,0.083310851
staker_00428,staker,small_persistent_staker,0.51203836,False,255,0.0,0.080209682,0,0,0,1,0.0,0.154409481
staker_00429,staker,small_persistent_staker,0.609666403,False,255,0.0,0.019521171,0,0,0,1,0.0,0.038715964
staker_00430,staker,small_persistent_staker,3.548721914,False,255,0.0,0.173922942,0,0,0,1,0.0,0.33552625
staker_00431,staker,small_persistent_staker,8.662504295,False,256,0.0,-0.022207274,0,0,0,1,0.0,0.0
staker_00432,staker,small_persistent_staker,0.976975887,False,257,0.0,0.044680678,0,0,0,1,0.0,0.055683954
staker_00433,staker,small_persistent_staker,2.524922038,False,257,0.0,0.393648135,0,0,0,1,0.0,0.74042158
staker_00434,staker,small_persistent_staker,1.159585348,False,257,0.0,0.055289785,0,0,0,1,0.0,0.126274981
staker_00435,staker,small_persistent_staker,3.653338462,False,258,0.0,0.114398585,0,0,0,1,0.0,0.139539804
staker_00436,staker,small_persistent_staker,10.173264087,False,258,0.0,0.478998708,0,0,0,1,0.0,0.637167925
staker_00437,staker,small_persistent_staker,2.281350268,False,259,0.0,0.349384873,0,0,0,1,0.0,0.752477042
staker_00438,staker,small_persistent_staker,13.775707876,False,260,0.0,0.475631089,0,0,0,1,0.0,0.972107772
staker_00439,staker,small_persistent_staker,2.365764236,False,261,0.0,0.201209078,0,0,0,1,0.0,0.393630434
staker_00440,staker,small_persistent_staker,1.496013983,False,261,0.0,0.065049384,0,0,0,1,0.0,0.172162787
staker_00441,staker,small_persistent_staker,7.964204386,False,261,0.0,0.434823045,0,0,0,1,0.0,0.751550297
staker_00442,staker,small_persistent_staker,0.791517896,False,261,0.0,0.034092261,0,0,0,1,0.0,0.049887454
staker_00443,staker,small_persistent_staker,0.848130761,False,262,0.0,0.013840096,0,0,0,1,0.0,0.044838413
staker_00444,staker,small_persistent_staker,1.209631789,False,262,0.0,0.041518433,0,0,0,1,0.0,0.093330331
staker_00445,staker,small_persistent_staker,2.168762283,False,263,0.0,0.033895964,0,0,0,1,0.0,0.083312813
staker_00446,staker,small_persistent_staker,0.381736233,False,264,0.0,0.012844184,0,0,0,1,0.0,0.029515173
staker_00447,staker,small_persistent_staker,0.588489206,False,264,0.0,0.01481659,0,0,0,1,0.0,0.022403163
staker_00448,staker,small_persistent_staker,5.669367438,False,265,0.0,0.100005254,0,0,0,1,0.0,0.217648059
staker_00449,staker,small_persistent_staker,3.075847992,False,265,0.0,0.052310367,0,0,0,1,0.0,0.11815843
staker_00450,staker,small_persistent_staker,1.20262173,False,266,0.0,0.028635805,0,0,0,1,0.0,0.045910956
staker_00451,staker,small_persistent_staker,2.741330667,False,266,0.0,0.088416301,0,0,0,1,0.0,0.191792768
staker_00452,staker,small_persistent_staker,1.008466337,False,268,0.0,0.027453509,0,0,0,1,0.0,0.038418142
staker_00453,staker,small_persistent_staker,1.857400175,False,270,0.0,0.041447639,0,0,0,1,0.0,0.131915096
staker_00454,staker,small_persistent_staker,1.503036813,False,271,0.0,0.03407176,0,0,0,1,0.0,0.085688966
staker_00455,staker,small_persistent_staker,2.163410811,False,271,0.0,0.010122426,0,0,0,1,0.0,0.054889156
staker_00456,staker,staker_whale,42.328597659,False,272,0.0,4.958335583,1,0,0,1,0.0,7.964348177
staker_00457,staker,small_persistent_staker,2.789596395,False,273,0.0,0.043747397,0,0,0,1,0.0,0.156165565
staker_00458,staker,small_persistent_staker,0.929379732,False,274,0.0,0.001826391,0,0,0,1,0.0,0.015421959
staker_00459,staker,small_persistent_staker,1.916527734,False,274,0.0,-0.006569329,0,0,0,1,0.0,0.045411322
staker_00460,staker,small_persistent_staker,1.861518294,False,276,0.0,0.207401126,0,0,0,1,0.0,0.453458542
staker_00461,staker,small_persistent_staker,1.349388581,False,276,0.0,0.003919593,0,0,0,1,0.0,0.061288319
staker_00462,staker,small_persistent_staker,0.841106575,False,276,0.0,-0.009246784,0,0,0,1,0.0,0.00482743
staker_00463,staker,small_persistent_staker,1.507543514,False,277,0.0,0.126115038,0,0,0,1,0.0,0.277068566
staker_00464,staker,small_persistent_staker,1.263308932,False,277,0.0,-0.013888305,0,0,0,1,0.0,0.007255688
staker_00465,staker,small_persistent_staker,3.759659058,False,278,0.0,0.0,0,0,0,1,0.0,0.0
staker_00466,staker,small_persistent_staker,9.386988477,False,278,0.0,-0.039604998,0,0,0,1,0.0,0.596316996
staker_00467,staker,small_persistent_staker,1.021455579,False,281,0.0,0.006896857,0,0,0,1,0.0,0.03862943
staker_00468,staker,small_persistent_staker,0.467566221,False,282,0.0,0.005978497,0,0,0,1,0.0,0.02412685
staker_00469,staker,small_persistent_staker,12.097828723,False,283,0.0,-0.066173641,0,0,0,1,0.0,0.069393984
staker_00470,staker,small_persistent_staker,0.834959574,False,284,0.0,-0.000736331,0,0,0,1,0.0,0.048255914
staker_00471,staker,small_persistent_staker,1.243907483,False,285,0.0,-0.025290354,0,0,0,1,0.0,0.0
staker_00472,staker,small_persistent_staker,3.450192288,False,285,0.0,-0.026678399,0,0,0,1,0.0,0.0
staker_00473,staker,small_persistent_staker,2.291895426,False,288,0.0,-0.001833568,0,0,0,1,0.0,0.132139879
staker_00474,staker,small_persistent_staker,1.757677468,False,289,0.0,-0.004930122,0,0,0,1,0.0,0.0
staker_00475,staker,small_persistent_staker,4.394748866,False,290,0.0,0.014169147,0,0,0,1,0.0,0.227442438
staker_00476,staker,small_persistent_staker,1.277683487,False,291,0.0,0.117647427,0,0,0,1,0.0,0.214288509
staker_00477,staker,small_persistent_staker,3.375551037,False,291,0.0,-0.027872576,0,0,0,1,0.0,0.0
staker_00478,staker,small_persistent_staker,1.479890053,False,291,0.0,-0.010131515,0,0,0,1,0.0,0.0
staker_00479,staker,staker_whale,24.192897586,False,292,0.0,-0.199765419,0,0,0,1,0.0,0.0
staker_00480,staker,small_persistent_staker,1.63792628,False,293,0.0,0.00098375,0,0,0,1,0.0,0.094633694
staker_00481,staker,staker_whale,24.97481448,False,294,0.0,4.97481448,2,0,0,1,0.0,5.691818955
staker_00482,staker,small_persistent_staker,1.48150917,False,295,0.0,-0.002076293,0,0,0,1,0.0,0.0
staker_00483,staker,small_persistent_staker,4.934737864,False,295,0.0,0.080409597,0,0,0,1,0.0,0.194907256
staker_00484,staker,small_persistent_staker,1.758870858,False,295,0.0,0.074618589,0,0,0,1,0.0,0.177198514
staker_00485,staker,small_persistent_staker,4.880857948,False,296,0.0,-0.01623908,0,0,0,1,0.0,0.0
staker_00486,staker,small_persistent_staker,2.10590547,False,297,0.0,-0.001475166,0,0,0,1,0.0,0.0
staker_00487,staker,small_persistent_staker,0.301811362,False,297,0.0,0.030096547,0,0,0,1,0.0,0.058584809
staker_00488,staker,small_persistent_staker,3.454163832,False,298,0.0,0.424123707,0,0,0,1,0.0,0.851714323
staker_00489,staker,small_persistent_staker,8.551188304,False,301,0.0,0.477820017,0,0,0,1,0.0,1.082653153
staker_00490,staker,small_persistent_staker,7.946277834,False,302,0.0,-0.039046014,0,0,0,1,0.0,0.0
staker_00491,staker,small_persistent_staker,4.808868824,False,303,0.0,0.33026733,0,0,0,1,0.0,0.659984648
staker_00492,staker,small_persistent_staker,1.185722033,False,304,0.0,-0.004158756,0,0,0,1,0.0,0.0
staker_00493,staker,small_persistent_staker,1.597491027,False,304,0.0,0.10207859,0,0,0,1,0.0,0.211201345
staker_00494,staker,small_persistent_staker,2.733568482,False,304,0.0,0.438765078,0,0,0,1,0.0,0.933292355
staker_00495,staker,small_persistent_staker,9.537759477,False,305,0.0,0.219209979,0,0,0,1,0.0,0.37671272
staker_00496,staker,small_persistent_staker,2.351115776,False,305,0.0,0.276683423,0,0,0,1,0.0,0.506628469
staker_00497,staker,small_persistent_staker,0.648078396,False,306,0.0,0.007379847,0,0,0,1,0.0,0.033634226
staker_00498,staker,small_persistent_staker,1.655976218,False,306,0.0,0.083183523,0,0,0,1,0.0,0.18608084
staker_00499,staker,small_persistent_staker,5.207654632,False,307,0.0,-0.014606986,0,0,0,1,0.0,0.0
staker_00500,staker,small_persistent_staker,6.233963354,False,307,0.0,0.030946346,0,0,0,1,0.0,0.090539859
staker_00501,staker,small_persistent_staker,0.702516405,False,308,0.0,0.036318788,0,0,0,1,0.0,0.074605703
staker_00502,staker,small_persistent_staker,0.630373261,False,309,0.0,0.01658684,0,0,0,1,0.0,0.024882596
staker_00503,staker,small_persistent_staker,2.719711797,False,309,0.0,0.0680844,0,0,0,1,0.0,0.107495656
staker_00504,staker,small_persistent_staker,4.506583226,False,310,0.0,0.10142477,0,0,0,1,0.0,0.17870803
staker_00505,staker,small_persistent_staker,1.791161653,False,312,0.0,-0.003766712,0,0,0,1,0.0,0.0
staker_00506,staker,staker_whale,30.341928984,False,314,0.0,1.905001302,1,0,0,1,0.0,1.353774097
staker_00507,staker,small_persistent_staker,5.867322377,False,314,0.0,0.936451287,0,0,0,1,0.0,1.929955796
staker_00508,staker,small_persistent_staker,0.822208074,False,314,0.0,0.016728614,0,0,0,1,0.0,0.042522135
staker_00509,staker,small_persistent_staker,3.533488924,False,315,0.0,0.476377867,0,0,0,1,0.0,0.837916169
staker_00510,staker,small_persistent_staker,1.771651614,False,316,0.0,0.039448296,0,0,0,1,0.0,0.057879263
staker_00511,staker,small_persistent_staker,0.963648574,False,317,0.0,0.00893808,0,0,0,1,0.0,0.043418725
staker_00512,staker,small_persistent_staker,3.809501369,False,318,0.0,0.203884594,0,0,0,1,0.0,0.401558917
staker_00513,staker,small_persistent_staker,0.463364654,False,318,0.0,0.012285256,0,0,0,1,0.0,0.031145456
staker_00514,staker,small_persistent_staker,4.923370651,False,318,0.0,0.045665484,0,0,0,1,0.0,0.221985714
staker_00515,staker,small_persistent_staker,7.571039085,False,321,0.0,0.088055361,0,0,0,1,0.0,0.241581729
staker_00516,staker,small_persistent_staker,8.125137381,False,321,0.0,0.116830752,0,0,0,1,0.0,0.206031359
staker_00517,staker,staker_whale,23.930771178,False,321,0.0,3.930771178,1,0,0,1,0.0,5.703009404
staker_00518,staker,small_persistent_staker,0.839580057,False,321,0.0,-0.001010186,0,0,0,1,0.0,0.0
staker_00519,staker,small_persistent_staker,1.732183498,False,323,0.0,0.028984687,0,0,0,1,0.0,0.04387127
staker_00520,staker,small_persistent_staker,1.232170601,False,323,0.0,0.016645836,0,0,0,1,0.0,0.039289394
staker_00521,staker,small_persistent_staker,2.481159329,False,323,0.0,0.048341154,0,0,0,1,0.0,0.062664924
staker_00522,staker,small_persistent_staker,2.718424914,False,325,0.0,0.0,0,0,0,1,0.0,0.0
staker_00523,staker,small_persistent_staker,6.158636479,False,328,0.0,0.021285191,0,0,0,1,0.0,0.086136759
staker_00524,staker,small_persistent_staker,1.50380597,False,329,0.0,0.004267254,0,0,0,1,0.0,0.011358827
staker_00525,staker,small_persistent_staker,0.76911791,False,330,0.0,0.026696163,0,0,0,1,0.0,0.05340983
staker_00526,staker,small_persistent_staker,2.962780473,False,330,0.0,0.230382807,0,0,0,1,0.0,0.442254894
staker_00527,staker,small_persistent_staker,1.986817225,False,330,0.0,-0.007828996,0,0,0,1,0.0,0.028031828
staker_00528,staker,small_persistent_staker,3.184431189,False,331,0.0,0.22172822,0,0,0,1,0.0,0.3887926
staker_00529,staker,small_persistent_staker,0.648169514,False,332,0.0,-0.000454036,0,0,0,1,0.0,0.0
staker_00530,staker,small_persistent_staker,15.173295595,False,332,0.0,-0.030574505,0,0,0,1,0.0,0.0
staker_00531,staker,small_persistent_staker,6.276217807,False,334,0.0,-0.020576799,0,0,0,1,0.0,0.040531982
staker_00532,staker,small_persistent_staker,1.450008086,False,334,0.0,-0.002032145,0,0,0,1,0.0,0.0
staker_00533,staker,small_persistent_staker,1.159623418,False,336,0.0,-0.01438292,0,0,0,1,0.0,0.020517422
staker_00534,staker,small_persistent_staker,4.479013445,False,336,0.0,0.354941667,0,0,0,1,0.0,0.675263709
staker_00535,staker,small_persistent_staker,6.436874927,False,337,0.0,0.51424213,0,0,0,1,0.0,0.970434246
staker_00536,staker,small_persistent_staker,0.696911781,False,338,0.0,0.002540953,0,0,0,1,0.0,0.024176611
staker_00537,staker,small_persistent_staker,0.811610555,False,338,0.0,-0.005516838,0,0,0,1,0.0,0.005274539
staker_00538,staker,small_persistent_staker,0.874900214,False,339,0.0,-0.00624179,0,0,0,1,0.0,0.010393503
staker_00539,staker,small_persistent_staker,2.976185519,False,339,0.0,0.21724197,0,0,0,1,0.0,0.424637811
staker_00540,staker,small_persistent_staker,1.275744904,False,340,0.0,0.130555983,0,0,0,1,0.0,0.228935892
staker_00541,staker,small_persistent_staker,23.750486104,False,340,0.0,11.152725949,4,0,0,1,0.0,3.189987655
staker_00542,staker,small_persistent_staker,4.151283307,False,340,0.0,0.140281582,0,0,0,1,0.0,0.306116248
staker_00543,staker,small_persistent_staker,2.733422303,False,341,0.0,0.257625786,0,0,0,1,0.0,0.44980115
staker_00544,staker,small_persistent_staker,0.9897029,False,341,0.0,0.074807998,0,0,0,1,0.0,0.141011743
staker_00545,staker,small_persistent_staker,1.622307206,False,343,0.0,0.006167024,0,0,0,1,0.0,0.010464611
staker_00546,staker,small_persistent_staker,0.340608109,False,344,0.0,0.03218833,0,0,0,1,0.0,0.06181816
staker_00547,staker,small_persistent_staker,1.960924883,False,344,0.0,0.064626358,0,0,0,1,0.0,0.145103319
staker_00548,staker,small_persistent_staker,0.470624889,False,346,0.0,0.012561463,0,0,0,1,0.0,0.031898382
staker_00549,staker,small_persistent_staker,1.380206906,False,346,0.0,0.100381439,0,0,0,1,0.0,0.174577583
staker_00550,staker,small_persistent_staker,0.965115284,False,347,0.0,-0.012824979,0,0,0,1,0.0,0.00520976
staker_00551,staker,small_persistent_staker,3.956274723,False,347,0.0,0.126852699,0,0,0,1,0.0,0.242549965
staker_00552,staker,small_persistent_staker,1.47119786,False,348,0.0,0.142876732,0,0,0,1,0.0,0.256476204
staker_00553,staker,small_persistent_staker,2.406377519,False,348,0.0,-0.035394543,0,0,0,1,0.0,0.013017111
staker_00554,staker,small_persistent_staker,2.622397205,False,348,0.0,-0.031129005,0,0,0,1,0.0,0.014145974
staker_00555,staker,small_persistent_staker,0.176900263,False,349,0.0,0.017532566,0,0,0,1,0.0,0.029899961
staker_00556,staker,small_persistent_staker,0.766422716,False,349,0.0,0.056085143,0,0,0,1,0.0,0.100765108
staker_00557,staker,small_persistent_staker,2.954544885,False,350,0.0,0.274672276,0,0,0,1,0.0,0.468881518
staker_00558,staker,small_persistent_staker,0.282087038,False,351,0.0,-0.002964442,0,0,0,1,0.0,0.003152352
staker_00559,staker,small_persistent_staker,0.962122739,False,351,0.0,0.005301417,0,0,0,1,0.0,0.027170191
staker_00560,staker,small_persistent_staker,0.974232821,False,352,0.0,0.106111474,0,0,0,1,0.0,0.191868825
staker_00561,staker,small_persistent_staker,2.650906109,False,352,0.0,0.0,0,0,0,1,0.0,0.0
staker_00562,staker,small_persistent_staker,0.445037405,False,353,0.0,0.041559505,0,0,0,1,0.0,0.078160248
staker_00563,staker,small_persistent_staker,2.735105253,False,354,0.0,-0.007671716,0,0,0,1,0.0,0.0
staker_00564,staker,small_persistent_staker,6.244496753,False,355,0.0,-0.027061986,0,0,0,1,0.0,0.033590416
staker_00565,staker,small_persistent_staker,1.218658081,False,355,0.0,0.120545014,0,0,0,1,0.0,0.213020531
staker_00566,staker,small_persistent_staker,1.387616178,False,356,0.0,-0.010901523,0,0,0,1,0.0,0.007495696
staker_00567,staker,small_persistent_staker,0.314303068,False,356,0.0,-0.000258823,0,0,0,1,0.0,0.001685971
staker_00568,staker,small_persistent_staker,1.670776819,False,356,0.0,0.142341117,0,0,0,1,0.0,0.209875674
staker_00569,staker,small_persistent_staker,1.620851785,False,357,0.0,0.193695806,0,0,0,1,0.0,0.392185532
staker_00570,staker,small_persistent_staker,1.780380216,False,358,0.0,0.06374551,0,0,0,1,0.0,0.120505356
staker_00571,staker,small_persistent_staker,1.641259555,False,360,0.0,0.061206706,0,0,0,1,0.0,0.100970541
staker_00572,staker,small_persistent_staker,2.325194584,False,361,0.0,0.16909669,0,0,0,1,0.0,0.25382198
staker_00573,staker,small_persistent_staker,0.567745025,False,362,0.0,0.030467142,0,0,0,1,0.0,0.050091405
staker_00574,staker,small_persistent_staker,1.006845136,False,363,0.0,4.9889e-05,0,0,0,1,0.0,0.011227989
staker_00575,staker,small_persistent_staker,6.544875303,False,364,0.0,0.0003243,0,0,0,1,0.0,0.073037313
staker_00576,staker,small_persistent_staker,0.87154375,False,365,0.0,0.082861604,0,0,0,1,0.0,0.134375362
staker_00577,staker,small_persistent_staker,9.523011866,False,365,0.0,0.44020971,0,0,0,1,0.0,0.733463056
staker_00578,staker,small_persistent_staker,1.46825445,False,366,0.0,0.049971572,0,0,0,1,0.0,0.082845939
staker_00579,staker,small_persistent_staker,1.913163928,False,367,0.0,-0.006710159,0,0,0,1,0.0,0.0
staker_00580,staker,small_persistent_staker,3.167824669,False,368,0.0,0.3337841,0,0,0,1,0.0,0.659201622
staker_00581,staker,small_persistent_staker,4.267023935,False,369,0.0,-0.020967084,0,0,0,1,0.0,0.0
staker_00582,staker,small_persistent_staker,1.436851945,False,369,0.0,-0.00706033,0,0,0,1,0.0,0.0
staker_00583,staker,small_persistent_staker,1.708768249,False,370,0.0,0.142544073,0,0,0,1,0.0,0.224333221
staker_00584,staker,small_persistent_staker,4.075977998,False,370,0.0,0.334982012,0,0,0,1,0.0,0.495432737
staker_00585,staker,small_persistent_staker,1.257270497,False,370,0.0,0.124709573,0,0,0,1,0.0,0.214562854
staker_00586,staker,small_persistent_staker,5.682927813,False,371,0.0,0.204936543,0,0,0,1,0.0,0.321107362
staker_00587,staker,small_persistent_staker,1.925777863,False,371,0.0,0.159410383,0,0,0,1,0.0,0.253177345
staker_00588,staker,small_persistent_staker,3.812568844,False,372,0.0,-0.002012783,0,0,0,1,0.0,0.021998066
staker_00589,staker,small_persistent_staker,3.512467853,False,372,0.0,0.422118168,0,0,0,1,0.0,0.794503009
staker_00590,staker,small_persistent_staker,1.070280686,False,372,0.0,0.014933569,0,0,0,1,0.0,0.024539672
staker_00591,staker,small_persistent_staker,3.063520517,False,373,0.0,-0.005913038,0,0,0,1,0.0,0.017713319
staker_00592,staker,small_persistent_staker,1.37924601,False,374,0.0,-0.001694809,0,0,0,1,0.0,0.00797482
staker_00593,staker,small_persistent_staker,2.024023306,False,378,0.0,0.190724352,0,0,0,1,0.0,0.244153891
staker_00594,staker,small_persistent_staker,1.555830565,False,379,0.0,0.168531312,0,0,0,1,0.0,0.246968057
staker_00595,staker,small_persistent_staker,6.008479777,False,379,0.0,0.671739188,0,0,0,1,0.0,1.212130595
staker_00596,staker,small_persistent_staker,3.306787877,False,380,0.0,0.49400586,0,0,0,1,0.0,0.902362075
staker_00597,staker,small_persistent_staker,1.617173971,False,380,0.0,0.066695088,0,0,0,1,0.0,0.081936309
staker_00598,staker,small_persistent_staker,1.368696041,False,382,0.0,0.121284569,0,0,0,1,0.0,0.184580917
staker_00599,staker,small_persistent_staker,1.722050223,False,383,0.0,0.148897441,0,0,0,1,0.0,0.216835411
staker_00600,staker,staker_whale,56.01040491,False,383,0.0,17.014579591,5,0,0,1,0.0,11.541415016
staker_00601,staker,small_persistent_staker,0.432304744,False,383,0.0,0.018136231,0,0,0,1,0.0,0.021933097
staker_00602,staker,small_persistent_staker,1.112141235,False,384,0.0,0.045029863,0,0,0,1,0.0,0.06340173
staker_00603,staker,small_persistent_staker,1.484708814,False,384,0.0,0.022512799,0,0,0,1,0.0,0.025617113
staker_00604,staker,small_persistent_staker,4.602715603,False,384,0.0,0.60782213,0,0,0,1,0.0,1.112676571
staker_00605,staker,small_persistent_staker,0.699032506,False,385,0.0,0.087372597,0,0,0,1,0.0,0.16241806
staker_00606,staker,small_persistent_staker,3.345195118,False,385,0.0,0.146602876,0,0,0,1,0.0,0.190175406
staker_00607,staker,small_persistent_staker,4.075670182,False,385,0.0,0.459385718,0,0,0,1,0.0,0.666958949
staker_00608,staker,small_persistent_staker,3.825787531,False,386,0.0,0.175826095,0,0,0,1,0.0,0.25478142
staker_00609,staker,small_persistent_staker,0.897813458,False,386,0.0,0.079527327,0,0,0,1,0.0,0.119289721
staker_00610,staker,small_persistent_staker,2.910213832,False,387,0.0,0.297288823,0,0,0,1,0.0,0.500125894
staker_00611,staker,small_persistent_staker,1.271538829,False,387,0.0,-0.000890701,0,0,0,1,0.0,0.0
staker_00612,staker,small_persistent_staker,2.434845225,False,387,0.0,0.066232118,0,0,0,1,0.0,0.082693165
staker_00613,staker,small_persistent_staker,0.87372714,False,389,0.0,-0.001224504,0,0,0,1,0.0,0.0
staker_00614,staker,small_persistent_staker,0.974742613,False,389,0.0,0.080191325,0,0,0,1,0.0,0.175116624
staker_00615,staker,small_persistent_staker,1.876607125,False,389,0.0,-0.005223949,0,0,0,1,0.0,0.021953595
staker_00616,staker,small_persistent_staker,2.877922486,False,390,0.0,0.181973153,0,0,0,1,0.0,0.305973953
staker_00617,staker,small_persistent_staker,9.681245532,False,390,0.0,0.356188248,0,0,0,1,0.0,0.533347031
staker_00618,staker,small_persistent_staker,0.846248573,False,393,0.0,9.1634e-05,0,0,0,1,0.0,0.004686101
staker_00619,staker,small_persistent_staker,6.838952276,False,393,0.0,0.812443301,0,0,0,1,0.0,1.622125277
staker_00620,staker,small_persistent_staker,0.917252683,False,393,0.0,0.009878041,0,0,0,1,0.0,0.024636687
staker_00621,staker,small_persistent_staker,1.745383842,False,393,0.0,0.004819199,0,0,0,1,0.0,0.020361744
staker_00622,staker,small_persistent_staker,0.806001553,False,395,0.0,0.003883221,0,0,0,1,0.0,0.004447818
staker_00623,staker,small_persistent_staker,1.209573414,False,395,0.0,0.003171837,0,0,0,1,0.0,0.014130726
staker_00624,staker,small_persistent_staker,4.03333811,False,395,0.0,0.286572612,0,0,0,1,0.0,0.493427595
staker_00625,staker,small_persistent_staker,2.673806798,False,396,0.0,0.108356806,0,0,0,1,0.0,0.181630013
staker_00626,staker,small_persistent_staker,0.894512493,False,397,0.0,0.063167974,0,0,0,1,0.0,0.099871138
staker_00627,staker,small_persistent_staker,10.862439489,False,399,0.0,4.190829056,1,0,0,1,0.0,1.659094567
staker_00628,staker,staker_whale,20.187246875,False,400,0.0,0.187246875,0,0,0,1,0.0,0.431618595
staker_00629,staker,small_persistent_staker,2.443046909,False,402,0.0,0.03986194,0,0,0,1,0.0,0.067598978
staker_00630,staker,staker_whale,24.820101834,False,402,0.0,2.670771821,0,0,0,1,0.0,7.128252511
staker_00631,staker,small_persistent_staker,0.865715653,False,403,0.0,0.073122263,0,0,0,1,0.0,0.128727201
staker_00632,staker,small_persistent_staker,3.031227863,False,404,0.0,0.012273178,0,0,0,1,0.0,0.018621581
staker_00633,staker,small_persistent_staker,2.838527703,False,404,0.0,0.190242385,0,0,0,1,0.0,0.286888911
staker_00634,staker,small_persistent_staker,1.935738637,False,404,0.0,0.100177866,0,0,0,1,0.0,0.130679603
staker_00635,staker,small_persistent_staker,2.713187103,False,405,0.0,0.010985458,0,0,0,1,0.0,0.016679454
staker_00636,staker,small_persistent_staker,0.730003956,False,406,0.0,0.011154768,0,0,0,1,0.0,0.01557875
staker_00637,staker,small_persistent_staker,4.344011824,False,406,0.0,0.332948756,0,0,0,1,0.0,0.506717173
staker_00638,staker,small_persistent_staker,1.886767859,False,407,0.0,0.133334391,0,0,0,1,0.0,0.282524857
staker_00639,staker,small_persistent_staker,0.996918824,False,407,0.0,0.049077563,0,0,0,1,0.0,0.061340922
staker_00640,staker,small_persistent_staker,9.527683449,False,407,0.0,0.39984674,0,0,0,1,0.0,0.590721191
staker_00641,staker,small_persistent_staker,0.242887511,False,407,0.0,0.010017582,0,0,0,1,0.0,0.017482973
staker_00642,staker,small_persistent_staker,8.066303078,False,410,0.0,0.928422695,0,0,0,1,0.0,1.896558078
staker_00643,staker,small_persistent_staker,0.722739897,False,410,0.0,0.03419911,0,0,0,1,0.0,0.044653623
staker_00644,staker,small_persistent_staker,0.611178775,False,410,0.0,0.049080511,0,0,0,1,0.0,0.087655498
staker_00645,staker,small_persistent_staker,1.276299223,False,410,0.0,0.098048092,0,0,0,1,0.0,0.164155051
staker_00646,staker,small_persistent_staker,0.420523493,False,411,0.0,-0.00058154,0,0,0,1,0.0,0.0
staker_00647,staker,small_persistent_staker,10.248958449,False,411,0.0,0.645729624,0,0,0,1,0.0,1.149989813
staker_00648,staker,small_persistent_staker,2.354193374,False,413,0.0,0.15035455,0,0,0,1,0.0,0.225018862
staker_00649,staker,small_persistent_staker,1.10658019,False,414,0.0,0.038697101,0,0,0,1,0.0,0.063019883
staker_00650,staker,small_persistent_staker,2.606358267,False,415,0.0,0.079613402,0,0,0,1,0.0,0.123313565
staker_00651,staker,small_persistent_staker,1.987473138,False,415,0.0,1.11788792,1,0,0,1,0.0,0.080756544
staker_00652,staker,small_persistent_staker,1.179064317,False,416,0.0,0.127055141,0,0,0,1,0.0,0.298635198
staker_00653,staker,small_persistent_staker,1.020815237,False,416,0.0,0.055432839,0,0,0,1,0.0,0.099439273
staker_00654,staker,small_persistent_staker,7.30000731,False,416,0.0,0.242587552,0,0,0,1,0.0,0.37974773
staker_00655,staker,small_persistent_staker,0.875160583,False,416,0.0,0.060286353,0,0,0,1,0.0,0.117595358
staker_00656,staker,small_persistent_staker,2.784744239,False,418,0.0,0.295956952,0,0,0,1,0.0,0.595131955
staker_00657,staker,small_persistent_staker,0.82685481,False,422,0.0,0.086729306,0,0,0,1,0.0,0.232303734
staker_00658,staker,small_persistent_staker,6.125404123,False,423,0.0,0.322215174,0,0,0,1,0.0,0.521651441
staker_00659,staker,small_persistent_staker,0.653505623,False,423,0.0,0.033083268,0,0,0,1,0.0,0.055770063
staker_00660,staker,small_persistent_staker,6.167193378,False,424,0.0,0.100925958,0,0,0,1,0.0,0.112692617
staker_00661,staker,small_persistent_staker,1.838645356,False,424,0.0,0.013694524,0,0,0,1,0.0,0.042737765
staker_00662,staker,small_persistent_staker,0.29203879,False,424,0.0,0.003367686,0,0,0,1,0.0,0.005362623
staker_00663,staker,small_persistent_staker,0.661905134,False,426,0.0,0.020046443,0,0,0,1,0.0,0.045845399
staker_00664,staker,small_persistent_staker,2.254955394,False,427,0.0,0.03499525,0,0,0,1,0.0,0.041320189
staker_00665,staker,small_persistent_staker,1.484889837,False,427,0.0,0.023044398,0,0,0,1,0.0,0.027209376
staker_00666,staker,small_persistent_staker,0.691633787,False,428,0.0,-0.007237793,0,0,0,1,0.0,0.0
staker_00667,staker,small_persistent_staker,3.015089193,False,428,0.0,1.306651984,1,0,0,1,0.0,0.088662833
staker_00668,staker,small_persistent_staker,9.236402427,False,429,0.0,0.606395935,0,0,0,1,0.0,1.524693222
staker_00669,staker,small_persistent_staker,2.672254355,False,429,0.0,-0.003745088,0,0,0,1,0.0,0.0
staker_00670,staker,staker_whale,38.190341249,False,430,0.0,0.546485025,0,0,0,1,0.0,1.956342614
staker_00671,staker,small_persistent_staker,8.918862031,False,430,0.0,-0.016143314,0,0,0,1,0.0,0.171122217
staker_00672,staker,small_persistent_staker,2.356088596,False,433,0.0,0.056461362,0,0,0,1,0.0,0.107917525
staker_00673,staker,small_persistent_staker,1.453383636,False,433,0.0,-0.003379207,0,0,0,1,0.0,0.014368756
staker_00674,staker,small_persistent_staker,1.358092255,False,433,0.0,0.094649461,0,0,0,1,0.0,0.251360049
staker_00675,staker,small_persistent_staker,3.711234829,False,434,0.0,0.063337959,0,0,0,1,0.0,0.190112123
staker_00676,staker,small_persistent_staker,12.553638346,False,434,0.0,-0.025226217,0,0,0,1,0.0,0.0
staker_00677,staker,small_persistent_staker,2.313561524,False,436,0.0,0.05280655,0,0,0,1,0.0,0.117974588
staker_00678,staker,small_persistent_staker,6.356419194,False,436,0.0,-0.009253832,0,0,0,1,0.0,0.062913879
staker_00679,staker,small_persistent_staker,1.79201225,False,436,0.0,0.123305297,0,0,0,1,0.0,0.31907809
staker_00680,staker,small_persistent_staker,3.800999706,False,436,0.0,0.25434581,0,0,0,1,0.0,0.649169551
staker_00681,staker,small_persistent_staker,4.168659843,False,437,0.0,-0.023364479,0,0,0,1,0.0,0.0
staker_00682,staker,small_persistent_staker,1.668533513,False,437,0.0,0.11418529,0,0,0,1,0.0,0.297419433
staker_00683,staker,small_persistent_staker,2.846528706,False,438,0.0,0.010513548,0,0,0,1,0.0,0.054615073
staker_00684,staker,small_persistent_staker,3.241890325,False,439,0.0,0.084034367,0,0,0,1,0.0,0.14880277
staker_00685,staker,small_persistent_staker,1.27339665,False,439,0.0,0.034744172,0,0,0,1,0.0,0.058367108
staker_00686,staker,small_persistent_staker,0.664353841,False,440,0.0,0.024348717,0,0,0,1,0.0,0.055656779
staker_00687,staker,small_persistent_staker,1.375941258,False,441,0.0,-0.00098368,0,0,0,1,0.0,0.006616847
staker_00688,staker,small_persistent_staker,2.525702866,False,441,0.0,0.098794553,0,0,0,1,0.0,0.188637435
staker_00689,staker,small_persistent_staker,1.704682449,False,442,0.0,0.04767237,0,0,0,1,0.0,0.078244927
staker_00690,staker,small_persistent_staker,6.401542432,False,443,0.0,0.431080632,0,0,0,1,0.0,1.430364791
staker_00691,staker,small_persistent_staker,4.010936025,False,444,0.0,0.005504281,0,0,0,1,0.0,0.019288433
staker_00692,staker,small_persistent_staker,2.202356352,False,445,0.0,0.007550216,0,0,0,1,0.0,0.021828794
staker_00693,staker,small_persistent_staker,1.714138683,False,445,0.0,0.035270412,0,0,0,1,0.0,0.088162327
staker_00694,staker,small_persistent_staker,0.637098191,False,446,0.0,0.010938209,0,0,0,1,0.0,0.017258021
staker_00695,staker,small_persistent_staker,4.145854167,False,448,0.0,0.152145281,0,0,0,1,0.0,0.436442311
staker_00696,staker,small_persistent_staker,0.307014867,False,448,0.0,-0.000430273,0,0,0,1,0.0,0.0
staker_00697,staker,small_persistent_staker,3.743943268,False,449,0.0,0.12117887,0,0,0,1,0.0,0.264182822
staker_00698,staker,staker_whale,24.417591393,False,450,0.0,1.282583292,0,0,0,1,0.0,3.097963201
staker_00699,staker,small_persistent_staker,3.496696683,False,450,0.0,0.132917512,0,0,0,1,0.0,0.276762304
staker_00700,staker,small_persistent_staker,0.987025991,False,451,0.0,0.00933408,0,0,0,1,0.0,0.017082776
staker_00701,staker,small_persistent_staker,0.564993974,False,451,0.0,0.017670169,0,0,0,1,0.0,0.044891943
staker_00702,staker,small_persistent_staker,0.15635804,False,452,0.0,-0.00036661,0,0,0,1,0.0,0.0
staker_00703,staker,small_persistent_staker,3.729829634,False,452,0.0,0.247470863,0,0,0,1,0.0,0.782776409
staker_00704,staker,small_persistent_staker,0.434040594,False,453,0.0,0.007681571,0,0,0,1,0.0,0.010823394
staker_00705,staker,small_persistent_staker,1.792634704,False,453,0.0,0.042693861,0,0,0,1,0.0,0.074046528
staker_00706,staker,small_persistent_staker,4.866966151,False,454,0.0,0.105689202,0,0,0,1,0.0,0.201555984
staker_00707,staker,small_persistent_staker,2.490604022,False,454,0.0,0.011070519,0,0,0,1,0.0,0.023194749
staker_00708,staker,small_persistent_staker,6.311612367,False,456,0.0,2.19884454,1,0,0,1,0.0,0.395000454
staker_00709,staker,small_persistent_staker,3.419063429,False,456,0.0,1.787835591,1,0,0,1,0.0,0.111106949
staker_00710,staker,small_persistent_staker,2.776223016,False,457,0.0,0.103167584,0,0,0,1,0.0,0.205975434
staker_00711,staker,small_persistent_staker,2.178109724,False,458,0.0,0.122470876,0,0,0,1,0.0,0.287006881
staker_00712,staker,small_persistent_staker,1.762895656,False,459,0.0,0.064286105,0,0,0,1,0.0,0.131071795
staker_00713,staker,small_persistent_staker,3.270148202,False,460,0.0,0.102846391,0,0,0,1,0.0,0.134643805
staker_00714,staker,small_persistent_staker,4.850528727,False,461,0.0,0.150561891,0,0,0,1,0.0,0.199938226
staker_00715,staker,small_persistent_staker,2.633678887,False,461,0.0,0.209054987,0,0,0,1,0.0,0.461987047
staker_00716,staker,small_persistent_staker,3.21920544,False,461,0.0,0.224251242,0,0,0,1,0.0,0.706984319
staker_00717,staker,small_persistent_staker,2.202867116,False,462,0.0,0.064380995,0,0,0,1,0.0,0.15499213
staker_00718,staker,small_persistent_staker,2.323094238,False,462,0.0,0.070007762,0,0,0,1,0.0,0.130701591
staker_00719,staker,small_persistent_staker,2.894610629,False,463,0.0,0.091159689,0,0,0,1,0.0,0.162742164
staker_00720,staker,small_persistent_staker,2.4900918,False,463,0.0,0.113710999,0,0,0,1,0.0,0.281711605
staker_00721,staker,small_persistent_staker,4.337306189,False,464,0.0,0.120080319,0,0,0,1,0.0,0.283962759
staker_00722,staker,small_persistent_staker,5.631000432,False,465,0.0,0.092760144,0,0,0,1,0.0,0.13599651
staker_00723,staker,small_persistent_staker,8.669587136,False,465,0.0,0.23672876,0,0,0,1,0.0,0.721006823
staker_00724,staker,small_persistent_staker,2.088144366,False,465,0.0,0.047907895,0,0,0,1,0.0,0.101128
staker_00725,staker,small_persistent_staker,1.662301068,False,466,0.0,0.022656455,0,0,0,1,0.0,0.104901417
staker_00726,staker,small_persistent_staker,10.314294404,False,466,0.0,7.542374573,3,0,0,1,0.0,1.017582198
staker_00727,staker,small_persistent_staker,8.07984298,False,467,0.0,0.195067408,0,0,0,1,0.0,0.608215452
staker_00728,staker,small_persistent_staker,4.245553626,False,468,0.0,0.064674026,0,0,0,1,0.0,0.211550272
staker_00729,staker,small_persistent_staker,0.743338368,False,469,0.0,0.008027767,0,0,0,1,0.0,0.012244253
staker_00730,staker,small_persistent_staker,3.32815097,False,469,0.0,1.783574912,1,0,0,1,0.0,0.267501172
staker_00731,staker,small_persistent_staker,2.433194071,False,469,0.0,0.058795244,0,0,0,1,0.0,0.183412955
staker_00732,staker,small_persistent_staker,1.267763657,False,471,0.0,0.025765484,0,0,0,1,0.0,0.096073922
staker_00733,staker,small_persistent_staker,0.937490017,False,471,0.0,0.009732188,0,0,0,1,0.0,0.015470499
staker_00734,staker,small_persistent_staker,0.818082075,False,472,0.0,-0.008520525,0,0,0,1,0.0,0.004155628
staker_00735,staker,small_persistent_staker,0.641503496,False,472,0.0,-0.003707774,0,0,0,1,0.0,0.003243708
staker_00736,staker,staker_whale,41.675307604,False,473,0.0,3.193903896,1,0,0,1,0.0,2.633422809
staker_00737,staker,small_persistent_staker,2.976926662,False,474,0.0,0.036208016,0,0,0,1,0.0,0.087297892
staker_00738,staker,staker_whale,60.43451811,True,474,0.0,7.855221827,4,0,0,0,0.0,18.828266298
staker_00739,staker,small_persistent_staker,1.094460441,False,475,0.0,-0.011399073,0,0,0,1,0.0,0.005571244
staker_00740,staker,small_persistent_staker,4.250899352,False,476,0.0,-0.024712255,0,0,0,1,0.0,0.021551981
staker_00741,staker,small_persistent_staker,2.483556111,False,476,0.0,-0.006010151,0,0,0,1,0.0,0.012549102
staker_00742,staker,small_persistent_staker,1.974357403,False,477,0.0,0.010030582,0,0,0,1,0.0,0.086277999
staker_00743,staker,small_persistent_staker,4.989704583,False,478,0.0,0.005655098,0,0,0,1,0.0,0.122448542
staker_00744,staker,small_persistent_staker,1.249200389,False,478,0.0,-0.005587439,0,0,0,1,0.0,0.0
staker_00745,staker,small_persistent_staker,1.287023898,False,479,0.0,0.010271637,0,0,0,1,0.0,0.031385101
staker_00746,staker,small_persistent_staker,1.073288532,False,479,0.0,0.0,0,0,0,1,0.0,0.0
staker_00747,staker,small_persistent_staker,1.799412955,False,480,0.0,0.018084391,0,0,0,1,0.0,0.043818705
staker_00748,staker,small_persistent_staker,1.360529629,False,482,0.0,-0.003796703,0,0,0,1,0.0,0.0
staker_00749,staker,small_persistent_staker,0.696051114,False,484,0.0,0.006500543,0,0,0,1,0.0,0.041435411
staker_00750,staker,small_persistent_staker,3.795111423,False,485,0.0,0.050180904,0,0,0,1,0.0,0.092417289
staker_00751,staker,small_persistent_staker,2.3260503,False,486,0.0,-0.000715252,0,0,0,1,0.0,0.090476118
staker_00752,staker,small_persistent_staker,5.874550914,False,487,0.0,0.045910414,0,0,0,1,0.0,0.144010108
staker_00753,staker,small_persistent_staker,0.987665527,False,487,0.0,0.010112061,0,0,0,1,0.0,0.033006386
staker_00754,staker,small_persistent_staker,2.573260187,False,487,0.0,0.003583364,0,0,0,1,0.0,0.029542974
staker_00755,staker,small_persistent_staker,0.150209172,False,487,0.0,0.000209172,0,0,0,1,0.0,0.001724515
staker_00756,staker,small_persistent_staker,0.387975611,False,488,0.0,0.004617248,0,0,0,1,0.0,0.023095903
staker_00757,staker,small_persistent_staker,3.746342687,False,488,0.0,0.0,0,0,0,1,0.0,0.0
staker_00758,staker,small_persistent_staker,1.641561317,False,492,0.0,0.027959047,0,0,0,1,0.0,0.040002756
staker_00759,staker,small_persistent_staker,6.389111308,False,492,0.0,0.172256263,0,0,0,1,0.0,0.524164169
staker_00760,staker,small_persistent_staker,2.044469947,False,493,0.0,0.02275432,0,0,0,1,0.0,0.122213106
staker_00761,staker,small_persistent_staker,9.26872711,False,493,0.0,0.056547015,0,0,0,1,0.0,0.106343255
staker_00762,staker,small_persistent_staker,1.108153736,False,493,0.0,0.017852499,0,0,0,1,0.0,0.042590408
staker_00763,staker,small_persistent_staker,0.682969244,False,494,0.0,0.007490116,0,0,0,1,0.0,0.016769248
staker_00764,staker,small_persistent_staker,0.839002467,False,496,0.0,0.037101559,0,0,0,1,0.0,0.088985726
staker_00765,staker,small_persistent_staker,4.350419536,False,496,0.0,0.072321507,0,0,0,1,0.0,0.106355658
staker_00766,staker,small_persistent_staker,2.116756598,False,496,0.0,0.032642341,0,0,0,1,0.0,0.081582903
staker_00767,staker,small_persistent_staker,1.617458641,False,498,0.0,0.060953737,0,0,0,1,0.0,0.148432389
staker_00768,staker,small_persistent_staker,0.916553914,False,499,0.0,0.006968706,0,0,0,1,0.0,0.035674212
staker_00769,staker,small_persistent_staker,3.501797407,False,500,0.0,0.167372831,0,0,0,1,0.0,0.370986432
staker_00770,staker,small_persistent_staker,2.926317237,False,500,0.0,0.049203631,0,0,0,1,0.0,0.053096575
staker_00771,staker,small_persistent_staker,1.472230081,False,501,0.0,0.083223031,0,0,0,1,0.0,0.190598899
staker_00772,staker,small_persistent_staker,9.815624088,False,502,0.0,1.504776423,1,0,0,1,0.0,0.248695552
staker_00773,staker,small_persistent_staker,2.554803085,False,502,0.0,0.114906298,0,0,0,1,0.0,0.283504361
staker_00774,staker,staker_whale,41.595756028,False,503,0.0,4.469117187,1,0,0,1,0.0,4.214578806
staker_00775,staker,small_persistent_staker,1.161414436,False,503,0.0,0.000952188,0,0,0,1,0.0,0.031760688
staker_00776,staker,small_persistent_staker,5.009156049,False,505,0.0,0.015378512,0,0,0,1,0.0,0.174711216
staker_00777,staker,small_persistent_staker,9.241942195,False,506,0.0,-0.00866736,0,0,0,1,0.0,0.129527496
staker_00778,staker,small_persistent_staker,1.946594091,False,507,0.0,-0.004093577,0,0,0,1,0.0,0.0
staker_00779,staker,small_persistent_staker,8.29781651,False,508,0.0,-0.017506572,0,0,0,1,0.0,0.074383496
staker_00780,staker,small_persistent_staker,4.874595225,False,509,0.0,-0.026643395,0,0,0,1,0.0,0.0
staker_00781,staker,small_persistent_staker,0.813351062,False,509,0.0,0.024156058,0,0,0,1,0.0,0.127469572
staker_00782,staker,small_persistent_staker,3.103072248,False,509,0.0,-0.008725059,0,0,0,1,0.0,0.027855623
staker_00783,staker,small_persistent_staker,4.204816824,False,510,0.0,0.126492735,0,0,0,1,0.0,0.345195022
staker_00784,staker,small_persistent_staker,6.184478038,False,510,0.0,-0.004374392,0,0,0,1,0.0,0.055439054
staker_00785,staker,small_persistent_staker,0.964723617,False,510,0.0,0.000905167,0,0,0,1,0.0,0.008633779
staker_00786,staker,staker_whale,94.418938384,False,512,0.0,11.713546398,2,0,0,1,0.0,9.624962648
staker_00787,staker,small_persistent_staker,0.613586927,False,513,0.0,0.000499546,0,0,0,1,0.0,0.008623653
staker_00788,staker,small_persistent_staker,3.077199541,False,513,0.0,-0.007581651,0,0,0,1,0.0,0.0
staker_00789,staker,small_persistent_staker,1.200395258,False,514,0.0,0.00516938,0,0,0,1,0.0,0.016823757
staker_00790,staker,small_persistent_staker,0.351904346,False,514,0.0,0.017582017,0,0,0,1,0.0,0.043378548
staker_00791,staker,small_persistent_staker,7.160106905,False,515,0.0,0.025840287,0,0,0,1,0.0,0.100490835
staker_00792,staker,small_persistent_staker,4.40809862,False,515,0.0,0.084235899,0,0,0,1,0.0,0.254493948
staker_00793,staker,small_persistent_staker,3.214908801,False,515,0.0,0.035760152,0,0,0,1,0.0,0.150058781
staker_00794,staker,small_persistent_staker,8.970690688,False,519,0.0,0.301619642,0,0,0,1,0.0,0.737772801
staker_00795,staker,small_persistent_staker,16.964412072,False,519,0.0,0.056622826,0,0,0,1,0.0,0.152285936
staker_00796,staker,small_persistent_staker,0.598864987,False,519,0.0,-0.000738778,0,0,0,1,0.0,0.008465248
staker_00797,staker,small_persistent_staker,1.619284411,False,520,0.0,-0.026523822,0,0,0,1,0.0,0.008336998
staker_00798,staker,small_persistent_staker,3.191330624,False,520,0.0,0.005292862,0,0,0,1,0.0,0.083024405
staker_00799,staker,small_persistent_staker,2.781161323,False,521,0.0,0.04551347,0,0,0,1,0.0,0.164302855
staker_00800,staker,small_persistent_staker,0.88127464,False,524,0.0,0.0031112,0,0,0,1,0.0,0.022942955
staker_00801,staker,small_persistent_staker,0.927308297,False,524,0.0,-0.004486892,0,0,0,1,0.0,0.004732276
staker_00802,staker,small_persistent_staker,0.680012304,False,525,0.0,0.027449229,0,0,0,1,0.0,0.060750651
staker_00803,staker,small_persistent_staker,3.394354779,False,526,0.0,-0.00051232,0,0,0,1,0.0,0.088802278
staker_00804,staker,small_persistent_staker,1.426832348,False,526,0.0,-0.006167202,0,0,0,1,0.0,0.007286567
staker_00805,staker,small_persistent_staker,3.807738197,False,527,0.0,0.02784563,0,0,0,1,0.0,0.144094905
staker_00806,staker,small_persistent_staker,4.481668521,False,527,0.0,-0.051648898,0,0,0,1,0.0,0.023061125
staker_00807,staker,small_persistent_staker,1.157125688,False,528,0.0,0.045225652,0,0,0,1,0.0,0.103702647
staker_00808,staker,small_persistent_staker,4.760706325,False,529,0.0,0.012222436,0,0,0,1,0.0,0.024189537
staker_00809,staker,small_persistent_staker,3.043632748,False,529,0.0,0.134557049,0,0,0,1,0.0,0.393816466
staker_00810,staker,small_persistent_staker,0.221527594,False,530,0.0,0.000836207,0,0,0,1,0.0,0.00578744
staker_00811,staker,small_persistent_staker,1.868193889,False,531,0.0,0.000922327,0,0,0,1,0.0,0.009522799
staker_00812,staker,small_persistent_staker,9.181154125,False,532,0.0,-0.025752282,0,0,0,1,0.0,0.0
staker_00813,staker,small_persistent_staker,1.352664352,False,532,0.0,-0.00189572,0,0,0,1,0.0,0.0
staker_00814,staker,small_persistent_staker,7.518597766,False,535,0.0,-0.024042045,0,0,0,1,0.0,0.0
staker_00815,staker,small_persistent_staker,0.709159076,False,535,0.0,0.021924022,0,0,0,1,0.0,0.048530348
staker_00816,staker,small_persistent_staker,2.919172187,False,536,0.0,-0.003189009,0,0,0,1,0.0,0.0
staker_00817,staker,small_persistent_staker,1.198788705,False,537,0.0,-0.002150257,0,0,0,1,0.0,0.0
staker_00818,staker,small_persistent_staker,3.880902005,False,538,0.0,-0.023570204,0,0,0,1,0.0,0.0
staker_00819,staker,small_persistent_staker,3.148914905,False,539,0.0,0.03261101,0,0,0,1,0.0,0.065831132
staker_00820,staker,small_persistent_staker,5.411493793,False,539,0.0,0.22015997,0,0,0,1,0.0,0.499506473
staker_00821,staker,small_persistent_staker,5.101453996,False,541,0.0,0.082854991,0,0,0,1,0.0,0.224859888
staker_00822,staker,small_persistent_staker,1.445463144,False,541,0.0,0.052723557,0,0,0,1,0.0,0.123110652
staker_00823,staker,small_persistent_staker,1.034749581,False,542,0.0,-0.004350929,0,0,0,1,0.0,0.0
staker_00824,staker,small_persistent_staker,3.831702408,False,542,0.0,0.170344082,0,0,0,1,0.0,0.35294884
staker_00825,staker,small_persistent_staker,2.281794435,False,542,0.0,0.08014388,0,0,0,1,0.0,0.156151534
staker_00826,staker,small_persistent_staker,3.093506027,False,544,0.0,-0.012813232,0,0,0,1,0.0,0.0
staker_00827,staker,small_persistent_staker,0.43971519,False,544,0.0,0.010984907,0,0,0,1,0.0,0.023784582
staker_00828,staker,small_persistent_staker,1.080232065,False,544,0.0,0.024977033,0,0,0,1,0.0,0.0473802
staker_00829,staker,small_persistent_staker,1.736548449,False,546,0.0,0.055588817,0,0,0,1,0.0,0.308504785
staker_00830,staker,staker_whale,21.141654569,False,547,0.0,1.141654569,0,0,0,1,0.0,2.782721898
staker_00831,staker,small_persistent_staker,0.549792962,False,547,0.0,0.00572021,0,0,0,1,0.0,0.011555109
staker_00832,staker,small_persistent_staker,1.350274517,False,547,0.0,0.029706437,0,0,0,1,0.0,0.059417256
staker_00833,staker,small_persistent_staker,8.667057959,False,549,0.0,0.131532425,0,0,0,1,0.0,0.181520635
staker_00834,staker,small_persistent_staker,1.242630749,False,549,0.0,0.051002268,0,0,0,1,0.0,0.246384724
staker_00835,staker,small_persistent_staker,0.342710175,False,550,0.0,0.0209946,0,0,0,1,0.0,0.039914449
staker_00836,staker,small_persistent_staker,2.518082174,False,550,0.0,0.12799191,0,0,0,1,0.0,0.250671314
staker_00837,staker,small_persistent_staker,0.737148239,False,551,0.0,0.036177213,0,0,0,1,0.0,0.06799464
staker_00838,staker,small_persistent_staker,9.214822232,False,551,0.0,0.260996376,0,0,0,1,0.0,0.499136391
staker_00839,staker,small_persistent_staker,0.492490651,False,552,0.0,0.024392769,0,0,0,1,0.0,0.049160087
staker_00840,staker,small_persistent_staker,1.461015556,False,552,0.0,0.087567333,0,0,0,1,0.0,0.170630231
staker_00841,staker,small_persistent_staker,2.659135624,False,553,0.0,0.11195823,0,0,0,1,0.0,0.380540121
staker_00842,staker,small_persistent_staker,1.782873119,False,554,0.0,0.053810626,0,0,0,1,0.0,0.09657233
staker_00843,staker,small_persistent_staker,2.456287233,False,555,0.0,0.014157922,0,0,0,1,0.0,0.057066703
staker_00844,staker,small_persistent_staker,3.861820795,False,555,0.0,0.178694829,0,0,0,1,0.0,0.397889185
staker_00845,staker,small_persistent_staker,6.508638035,False,555,0.0,0.149670257,0,0,0,1,0.0,1.01595304
staker_00846,staker,small_persistent_staker,0.79450833,False,555,0.0,0.029000435,0,0,0,1,0.0,0.088777939
staker_00847,staker,small_persistent_staker,2.336947448,False,556,0.0,0.076325754,0,0,0,1,0.0,0.168002277
staker_00848,staker,small_persistent_staker,4.708955929,False,556,0.0,-0.05144852,0,0,0,1,0.0,0.0
staker_00849,staker,small_persistent_staker,2.730462469,False,557,0.0,0.07713918,0,0,0,1,0.0,0.176491058
staker_00850,staker,small_persistent_staker,3.221221343,False,557,0.0,0.102199424,0,0,0,1,0.0,0.362220096
staker_00851,staker,staker_whale,20.015144227,False,558,0.0,0.015144227,0,0,0,1,0.0,0.237311936
staker_00852,staker,small_persistent_staker,0.783812698,False,558,0.0,-0.006060783,0,0,0,1,0.0,0.0
staker_00853,staker,small_persistent_staker,0.888673762,False,559,0.0,0.00585543,0,0,0,1,0.0,0.020681093
staker_00854,staker,small_persistent_staker,0.25242417,False,560,0.0,0.005708505,0,0,0,1,0.0,0.012157458
staker_00855,staker,small_persistent_staker,6.133034044,False,560,0.0,0.156433413,0,0,0,1,0.0,0.695347268
staker_00856,staker,small_persistent_staker,2.642010735,False,562,0.0,0.054193334,0,0,0,1,0.0,0.415356485
staker_00857,staker,small_persistent_staker,0.430154882,False,564,0.0,0.015517947,0,0,0,1,0.0,0.025503551
staker_00858,staker,small_persistent_staker,5.300262282,False,564,0.0,0.082750031,0,0,0,1,0.0,0.122655262
staker_00859,staker,small_persistent_staker,5.537484797,False,565,0.0,0.075714289,0,0,0,1,0.0,0.12848732
staker_00860,staker,small_persistent_staker,2.559560304,False,567,0.0,0.085219379,0,0,0,1,0.0,0.289291613
staker_00861,staker,small_persistent_staker,1.597463717,False,567,0.0,0.022945131,0,0,0,1,0.0,0.037092221
staker_00862,staker,small_persistent_staker,3.871743736,False,568,0.0,0.147506006,0,0,0,1,0.0,0.229713495
staker_00863,staker,small_persistent_staker,2.45886092,False,570,0.0,0.062428804,0,0,0,1,0.0,0.441150352
staker_00864,staker,small_persistent_staker,2.688633362,False,571,0.0,0.111703103,0,0,0,1,0.0,0.213788567
staker_00865,staker,small_persistent_staker,0.156292153,False,573,0.0,0.006292153,0,0,0,1,0.0,0.009284164
staker_00866,staker,small_persistent_staker,7.800463522,False,573,0.0,0.294409181,0,0,0,1,0.0,0.50474609
staker_00867,staker,small_persistent_staker,3.082306201,False,575,0.0,0.089025628,0,0,0,1,0.0,0.312012359
staker_00868,staker,small_persistent_staker,1.173775907,False,576,0.0,0.039525464,0,0,0,1,0.0,0.070924515
staker_00869,staker,small_persistent_staker,3.306979103,False,576,0.0,0.110599462,0,0,0,1,0.0,0.22484789
staker_00870,staker,small_persistent_staker,0.312491603,False,576,0.0,0.012666365,0,0,0,1,0.0,0.028889484
staker_00871,staker,small_persistent_staker,1.943573165,False,577,0.0,-0.010960701,0,0,0,1,0.0,0.0
staker_00872,staker,small_persistent_staker,1.016915463,False,577,0.0,-0.002717222,0,0,0,1,0.0,0.0
staker_00873,staker,small_persistent_staker,1.305556289,False,578,0.0,0.025590604,0,0,0,1,0.0,0.047912576
staker_00874,staker,small_persistent_staker,10.021517634,False,578,0.0,5.378302038,2,0,0,1,0.0,0.965302438
staker_00875,staker,small_persistent_staker,4.72426689,False,578,0.0,0.126305685,0,0,0,1,0.0,0.385776882
staker_00876,staker,small_persistent_staker,1.024432821,False,578,0.0,0.036449178,0,0,0,1,0.0,0.075914456
staker_00877,staker,small_persistent_staker,2.895478872,False,579,0.0,-0.002028255,0,0,0,1,0.0,0.0
staker_00878,staker,small_persistent_staker,1.579781031,False,579,0.0,0.036077136,0,0,0,1,0.0,0.141750236
staker_00879,staker,small_persistent_staker,0.967490505,False,579,0.0,0.023500005,0,0,0,1,0.0,0.118294434
staker_00880,staker,small_persistent_staker,0.923522225,False,580,0.0,0.006143971,0,0,0,1,0.0,0.009491236
staker_00881,staker,small_persistent_staker,0.744659687,False,580,0.0,0.02006006,0,0,0,1,0.0,0.04220393
staker_00882,staker,small_persistent_staker,5.022327151,False,581,0.0,0.0,0,0,0,1,0.0,0.0
staker_00883,staker,small_persistent_staker,1.108501093,False,582,0.0,0.037022667,0,0,0,1,0.0,0.090139101
staker_00884,staker,small_persistent_staker,0.222624835,False,583,0.0,0.001454429,0,0,0,1,0.0,0.002292775
staker_00885,staker,small_persistent_staker,0.436338187,False,584,0.0,0.011697956,0,0,0,1,0.0,0.050396617
staker_00886,staker,staker_whale,23.266717499,False,584,0.0,0.491932012,0,0,0,1,0.0,2.098371281
staker_00887,staker,small_persistent_staker,4.210456913,False,584,0.0,0.116938864,0,0,0,1,0.0,0.17536446
staker_00888,staker,small_persistent_staker,3.248998656,False,584,0.0,0.023485449,0,0,0,1,0.0,0.033460874
staker_00889,staker,small_persistent_staker,20.547741131,False,586,0.0,0.547741131,0,0,0,1,0.0,1.013773885
staker_00890,staker,small_persistent_staker,1.093953264,False,586,0.0,0.037564998,0,0,0,1,0.0,0.097426027
staker_00891,staker,small_persistent_staker,1.986756036,False,587,0.0,0.02428864,0,0,0,1,0.0,0.243674193
staker_00892,staker,small_persistent_staker,0.681781068,False,587,0.0,0.006476257,0,0,0,1,0.0,0.054700061
staker_00893,staker,small_persistent_staker,1.857539214,False,588,0.0,0.05117982,0,0,0,1,0.0,0.146418597
staker_00894,staker,small_persistent_staker,5.124213326,False,588,0.0,0.07673977,0,0,0,1,0.0,0.136143064
staker_00895,staker,small_persistent_staker,1.501325978,False,589,0.0,0.0307808,0,0,0,1,0.0,0.168303365
staker_00896,staker,small_persistent_staker,4.258495862,False,591,0.0,0.066103768,0,0,0,1,0.0,0.13521987
staker_00897,staker,small_persistent_staker,3.002263913,False,591,0.0,0.038673202,0,0,0,1,0.0,0.044892387
staker_00898,staker,small_persistent_staker,1.205964851,False,591,0.0,0.038564,0,0,0,1,0.0,0.085660744
staker_00899,staker,small_persistent_staker,0.490309464,False,592,0.0,-0.000343457,0,0,0,1,0.0,0.0
staker_00900,staker,small_persistent_staker,1.088873615,False,594,0.0,0.026346211,0,0,0,1,0.0,0.078129369
staker_00901,staker,small_persistent_staker,1.614038055,False,595,0.0,0.004319037,0,0,0,1,0.0,0.027180615
staker_00902,staker,small_persistent_staker,13.45932928,False,595,0.0,-0.034830359,0,0,0,1,0.0,1.005212707
staker_00903,staker,small_persistent_staker,5.094671061,False,595,0.0,0.061576504,0,0,0,1,0.0,0.328301617
staker_00904,staker,small_persistent_staker,0.311857865,False,596,0.0,0.005192367,0,0,0,1,0.0,0.020011665
staker_00905,staker,small_persistent_staker,0.405820638,False,597,0.0,0.002667531,0,0,0,1,0.0,0.006814958
staker_00906,staker,staker_whale,112.652115662,False,600,0.0,8.745155603,4,0,0,1,0.0,11.894686654
staker_00907,staker,small_persistent_staker,1.515680728,False,601,0.0,0.004099187,0,0,0,1,0.0,0.148973786
staker_00908,staker,small_persistent_staker,8.525126451,False,601,0.0,0.0570195,0,0,0,1,0.0,0.208550605
staker_00909,staker,small_persistent_staker,2.276493446,False,602,0.0,0.002425922,0,0,0,1,0.0,0.156854457
staker_00910,staker,staker_whale,37.734097722,False,602,0.0,0.498516838,0,0,0,1,0.0,1.202041768
staker_00911,staker,staker_whale,66.128325435,False,602,0.0,2.762955918,1,0,0,1,0.0,7.830311666
staker_00912,staker,small_persistent_staker,3.497788241,False,603,0.0,0.048626467,0,0,0,1,0.0,0.111424092
staker_00913,staker,small_persistent_staker,1.639190903,False,604,0.0,0.016106407,0,0,0,1,0.0,0.062543691
staker_00914,staker,small_persistent_staker,1.173828339,False,604,0.0,-0.007173024,0,0,0,1,0.0,0.138582448
staker_00915,staker,small_persistent_staker,3.591605824,False,606,0.0,-0.008902185,0,0,0,1,0.0,0.191584308
staker_00916,staker,small_persistent_staker,2.433342877,False,607,0.0,-0.00376335,0,0,0,1,0.0,0.012506642
staker_00917,staker,small_persistent_staker,2.373998634,False,607,0.0,0.025725715,0,0,0,1,0.0,0.073864495
staker_00918,staker,small_persistent_staker,0.71177499,False,609,0.0,-0.002135267,0,0,0,1,0.0,0.010793245
staker_00919,staker,small_persistent_staker,0.279104596,False,610,0.0,0.002421556,0,0,0,1,0.0,0.009227247
staker_00920,staker,small_persistent_staker,5.455875261,False,613,0.0,2.793838929,1,0,0,1,0.0,0.366445672
staker_00921,staker,small_persistent_staker,7.642825045,False,614,0.0,-0.043805543,0,0,0,1,0.0,0.0
staker_00922,staker,small_persistent_staker,0.57891211,False,614,0.0,0.003797281,0,0,0,1,0.0,0.027636526
staker_00923,staker,small_persistent_staker,2.26605863,False,614,0.0,-0.00419765,0,0,0,1,0.0,0.017261222
staker_00924,staker,small_persistent_staker,2.439967717,False,617,0.0,0.043518741,0,0,0,1,0.0,0.096885252
staker_00925,staker,small_persistent_staker,0.694125453,False,618,0.0,-0.002149504,0,0,0,1,0.0,0.0
staker_00926,staker,small_persistent_staker,5.374741326,False,618,0.0,0.095862734,0,0,0,1,0.0,0.213567553
staker_00927,staker,small_persistent_staker,5.283006864,False,618,0.0,0.078410964,0,0,0,1,0.0,0.210562299
staker_00928,staker,small_persistent_staker,3.947890952,False,619,0.0,0.075840305,0,0,0,1,0.0,0.156761258
staker_00929,staker,small_persistent_staker,3.087291858,False,621,0.0,0.050346029,0,0,0,1,0.0,0.10199627
staker_00930,staker,small_persistent_staker,4.163021522,False,621,0.0,-0.005492726,0,0,0,1,0.0,0.0
staker_00931,staker,small_persistent_staker,3.187936729,False,621,0.0,-0.031894556,0,0,0,1,0.0,0.363209046
staker_00932,staker,small_persistent_staker,0.778739043,False,622,0.0,-0.002241264,0,0,0,1,0.0,0.037720942
staker_00933,staker,small_persistent_staker,0.775082121,False,622,0.0,0.015510345,0,0,0,1,0.0,0.025528199
staker_00934,staker,small_persistent_staker,1.608341993,False,622,0.0,0.008156355,0,0,0,1,0.0,0.024397461
staker_00935,staker,small_persistent_staker,2.883805752,False,622,0.0,0.007930984,0,0,0,1,0.0,0.138903255
staker_00936,staker,staker_whale,30.607667779,False,623,0.0,-0.1863027,0,0,0,1,0.0,2.803705887
staker_00937,staker,small_persistent_staker,3.069982576,False,623,0.0,-0.006932595,0,0,0,1,0.0,0.148705317
staker_00938,staker,small_persistent_staker,1.527558218,False,624,0.0,0.0,0,0,0,1,0.0,0.0
staker_00939,staker,small_persistent_staker,2.940625745,False,625,0.0,0.015089539,0,0,0,1,0.0,0.193808364
staker_00940,staker,small_persistent_staker,1.025041766,False,625,0.0,-0.006221346,0,0,0,1,0.0,0.041665217
staker_00941,staker,small_persistent_staker,0.349928416,False,625,0.0,-0.0084246,0,0,0,1,0.0,0.037476511
staker_00942,staker,small_persistent_staker,0.366014767,False,625,0.0,-0.007241388,0,0,0,1,0.0,0.03903508
staker_00943,staker,small_persistent_staker,1.342529374,False,627,0.0,-0.012490336,0,0,0,1,0.0,0.112385341
staker_00944,staker,small_persistent_staker,3.619824105,False,628,0.0,-0.026845049,0,0,0,1,0.0,0.382160558
staker_00945,staker,small_persistent_staker,0.782973443,False,628,0.0,-0.00362264,0,0,0,1,0.0,0.034550355
staker_00946,staker,small_persistent_staker,0.374164724,False,628,0.0,0.000775263,0,0,0,1,0.0,0.027358149
staker_00947,staker,small_persistent_staker,1.133700474,False,628,0.0,0.019050991,0,0,0,1,0.0,0.036534208
staker_00948,staker,small_persistent_staker,1.434292051,False,629,0.0,0.019406892,0,0,0,1,0.0,0.046394319
staker_00949,staker,small_persistent_staker,6.019180809,False,629,0.0,0.075667691,0,0,0,1,0.0,0.15374696
staker_00950,staker,small_persistent_staker,5.19826573,False,629,0.0,0.000169573,0,0,0,1,0.0,0.039379297
staker_00951,staker,small_persistent_staker,6.45894003,False,630,0.0,2.13925881,1,0,0,1,0.0,0.192573663
staker_00952,staker,small_persistent_staker,4.185207548,False,631,0.0,0.002207204,0,0,0,1,0.0,0.347707567
staker_00953,staker,small_persistent_staker,3.788462988,False,632,0.0,0.023266078,0,0,0,1,0.0,0.028575501
staker_00954,staker,small_persistent_staker,0.456470732,False,633,0.0,-0.002621388,0,0,0,1,0.0,0.0
staker_00955,staker,small_persistent_staker,1.662113656,False,634,0.0,0.018760824,0,0,0,1,0.0,0.029909039
staker_00956,staker,small_persistent_staker,0.638793112,False,634,0.0,-0.006204008,0,0,0,1,0.0,0.023337996
staker_00957,staker,small_persistent_staker,0.476987527,False,635,0.0,0.001229574,0,0,0,1,0.0,0.027870394
staker_00958,staker,small_persistent_staker,1.54741052,False,635,0.0,0.015979455,0,0,0,1,0.0,0.027891586
staker_00959,staker,small_persistent_staker,1.945381312,False,635,0.0,-0.000483564,0,0,0,1,0.0,0.063793512
staker_00960,staker,small_persistent_staker,1.38284247,False,635,0.0,0.013321365,0,0,0,1,0.0,0.024942759
staker_00961,staker,small_persistent_staker,15.86638936,False,636,0.0,0.152846018,0,0,0,1,0.0,0.286387461
staker_00962,staker,small_persistent_staker,1.262787293,False,636,0.0,-0.000952947,0,0,0,1,0.0,0.095009511
staker_00963,staker,small_persistent_staker,1.940148523,False,638,0.0,0.012880923,0,0,0,1,0.0,0.048485404
staker_00964,staker,small_persistent_staker,3.771756649,False,640,0.0,-0.032024184,0,0,0,1,0.0,0.138153608
staker_00965,staker,small_persistent_staker,0.449750091,False,641,0.0,0.006357108,0,0,0,1,0.0,0.011173322
staker_00966,staker,small_persistent_staker,1.654971404,False,641,0.0,0.020964921,0,0,0,1,0.0,0.029872143
staker_00967,staker,small_persistent_staker,4.787081874,False,644,0.0,-0.04443799,0,0,0,1,0.0,0.03284261
staker_00968,staker,small_persistent_staker,2.257781466,False,644,0.0,-0.004999661,0,0,0,1,0.0,0.0
staker_00969,staker,small_persistent_staker,1.054748387,False,646,0.0,-0.005017367,0,0,0,1,0.0,0.015246583
staker_00970,staker,small_persistent_staker,3.955504983,False,646,0.0,-0.04603647,0,0,0,1,0.0,0.159488512
staker_00971,staker,small_persistent_staker,0.977559636,False,648,0.0,-0.034269956,0,0,0,1,0.0,0.056925578
staker_00972,staker,small_persistent_staker,5.059423329,False,649,0.0,-0.036511067,0,0,0,1,0.0,0.034735371
staker_00973,staker,small_persistent_staker,1.028020459,False,649,0.0,-0.005847099,0,0,0,1,0.0,0.014899317
staker_00974,staker,small_persistent_staker,2.830571581,False,651,0.0,-0.051439576,0,0,0,1,0.0,0.041590338
staker_00975,staker,small_persistent_staker,2.05364683,False,651,0.0,-0.041862851,0,0,0,1,0.0,0.04929224
staker_00976,staker,small_persistent_staker,1.829136587,False,652,0.0,-0.036981086,0,0,0,1,0.0,0.026948831
staker_00977,staker,small_persistent_staker,1.214658209,False,652,0.0,-0.050198282,0,0,0,1,0.0,0.098566152
staker_00978,staker,small_persistent_staker,1.383618629,False,653,0.0,-0.010429625,0,0,0,1,0.0,0.065291906
staker_00979,staker,small_persistent_staker,18.398203189,False,655,0.0,0.760501561,1,0,0,1,0.0,0.734839493
staker_00980,staker,small_persistent_staker,3.744655579,False,656,0.0,-0.150335311,0,0,0,1,0.0,0.275613158
staker_00981,staker,staker_whale,33.582514588,False,656,0.0,-0.841359841,0,0,0,1,0.0,0.26075379
staker_00982,staker,small_persistent_staker,1.106465113,False,656,0.0,-0.017636951,0,0,0,1,0.0,0.008514843
staker_00983,staker,small_persistent_staker,4.029317884,False,657,0.0,-0.10010737,0,0,0,1,0.0,0.045259116
staker_00984,staker,small_persistent_staker,1.38966815,False,657,0.0,-0.014832586,0,0,0,1,0.0,0.010646257
staker_00985,staker,small_persistent_staker,1.671244612,False,659,0.0,-0.025724283,0,0,0,1,0.0,0.012879148
staker_00986,staker,small_persistent_staker,2.474492961,False,660,0.0,-0.015749556,0,0,0,1,0.0,0.018912698
staker_00987,staker,small_persistent_staker,1.152885072,False,660,0.0,-0.053332178,0,0,0,1,0.0,0.08557758
staker_00988,staker,small_persistent_staker,7.028127601,False,662,0.0,-0.051539481,0,0,0,1,0.0,0.0
staker_00989,staker,small_persistent_staker,0.46786364,False,663,0.0,-0.001219576,0,0,0,1,0.0,0.0
staker_00990,staker,small_persistent_staker,7.560576017,False,664,0.0,-0.108640339,0,0,0,1,0.0,0.306670212
staker_00991,staker,small_persistent_staker,12.82090565,False,664,0.0,-0.666481892,0,0,0,1,0.0,1.048442925
staker_00992,staker,small_persistent_staker,1.642176956,False,665,0.0,-0.014460268,0,0,0,1,0.0,0.012619746
staker_00993,staker,small_persistent_staker,0.885086913,False,666,0.0,-0.007168659,0,0,0,1,0.0,0.006801686
staker_00994,staker,small_persistent_staker,0.57204586,False,670,0.0,-0.00887543,0,0,0,1,0.0,0.006420998
staker_00995,staker,small_persistent_staker,0.672320742,False,670,0.0,-0.007898766,0,0,0,1,0.0,0.011416023
staker_00996,staker,small_persistent_staker,4.528036218,False,671,0.0,-0.10959001,0,0,0,1,0.0,0.331410492
staker_00997,staker,small_persistent_staker,5.936370421,False,673,0.0,-0.012483851,0,0,0,1,0.0,0.0
staker_00998,staker,small_persistent_staker,2.75124095,False,673,0.0,-0.029845214,0,0,0,1,0.0,0.021304461
staker_00999,staker,small_persistent_staker,1.720294436,False,675,0.0,-0.047810376,0,0,0,1,0.0,0.126705354
staker_01000,staker,small_persistent_staker,1.940990778,False,676,0.0,-0.010298053,0,0,0,1,0.0,0.097575803
staker_01001,staker,small_persistent_staker,3.810928151,False,676,0.0,-0.035699449,0,0,0,1,0.0,0.042696282
staker_01002,staker,small_persistent_staker,2.624015957,False,676,0.0,0.013139938,0,0,0,1,0.0,0.02004263
staker_01003,staker,small_persistent_staker,1.072404237,False,677,0.0,-0.03058018,0,0,0,1,0.0,0.046332804
staker_01004,staker,small_persistent_staker,3.63393273,False,677,0.0,-0.034363419,0,0,0,1,0.0,0.0
staker_01005,staker,small_persistent_staker,1.125348252,False,677,0.0,-0.01795153,0,0,0,1,0.0,0.010412042
staker_01006,staker,small_persistent_staker,3.446400314,False,678,0.0,-0.007892379,0,0,0,1,0.0,0.088461347
staker_01007,staker,small_persistent_staker,0.332900609,False,678,0.0,-0.001640164,0,0,0,1,0.0,0.0
staker_01008,staker,small_persistent_staker,0.953282166,False,678,0.0,-0.000667765,0,0,0,1,0.0,0.0
staker_01009,staker,small_persistent_staker,2.18177587,False,679,0.0,-0.037641372,0,0,0,1,0.0,0.020240582
staker_01010,staker,small_persistent_staker,1.497517797,False,680,0.0,-0.026791534,0,0,0,1,0.0,0.013908675
staker_01011,staker,small_persistent_staker,0.623698559,False,680,0.0,-0.008286735,0,0,0,1,0.0,0.005766597
staker_01012,staker,small_persistent_staker,2.211861252,False,681,0.0,-0.153561573,0,0,0,1,0.0,0.203604403
staker_01013,staker,small_persistent_staker,4.263121094,False,681,0.0,-0.056128135,0,0,0,1,0.0,0.275199329
staker_01014,staker,small_persistent_staker,2.101462781,False,681,0.0,-0.058692557,0,0,0,1,0.0,0.090979833
staker_01015,staker,small_persistent_staker,2.649963747,False,682,0.0,-0.050911198,0,0,0,1,0.0,0.113826574
staker_01016,staker,small_persistent_staker,2.433825033,False,683,0.0,-0.02184691,0,0,0,1,0.0,0.156672439
staker_01017,staker,staker_whale,68.652578466,False,684,0.0,-2.535983971,0,0,0,1,0.0,4.544213672
staker_01018,staker,small_persistent_staker,3.878717248,False,685,0.0,-0.057613714,0,0,0,1,0.0,0.036024825
staker_01019,staker,small_persistent_staker,7.225158076,False,685,0.0,-0.06837416,0,0,0,1,0.0,0.237433673
staker_01020,staker,small_persistent_staker,7.573111436,False,686,0.0,-0.126007734,0,0,0,1,0.0,0.492014361
staker_01021,staker,small_persistent_staker,5.157164432,False,687,0.0,-0.058900063,0,0,0,1,0.0,0.01783121
staker_01022,staker,small_persistent_staker,1.429086019,False,688,0.0,-0.017390297,0,0,0,1,0.0,0.061189561
staker_01023,staker,small_persistent_staker,0.769334923,False,689,0.0,-0.036123478,0,0,0,1,0.0,0.069683742
staker_01024,staker,small_persistent_staker,2.995104766,False,689,0.0,-0.02996759,0,0,0,1,0.0,0.010355757
staker_01025,staker,small_persistent_staker,0.970201705,False,689,0.0,-0.001152473,0,0,0,1,0.0,0.041119491
staker_01026,staker,small_persistent_staker,10.880993748,False,690,0.0,-0.040658578,0,0,0,1,0.0,0.281814738
staker_01027,staker,small_persistent_staker,1.005925835,False,691,0.0,-0.007182173,0,0,0,1,0.0,0.009307112
staker_01028,staker,small_persistent_staker,1.924843944,False,691,0.0,-0.006751125,0,0,0,1,0.0,0.0
staker_01029,staker,small_persistent_staker,1.974309237,False,692,0.0,-0.013717957,0,0,0,1,0.0,0.0
staker_01030,staker,small_persistent_staker,1.096063487,False,693,0.0,-0.008391873,0,0,0,1,0.0,0.046866119
staker_01031,staker,small_persistent_staker,0.420819821,False,694,0.0,-0.003547189,0,0,0,1,0.0,0.003906728
staker_01032,staker,small_persistent_staker,1.935900147,False,695,0.0,-0.009360309,0,0,0,1,0.0,0.0
staker_01033,staker,small_persistent_staker,5.231135263,False,696,0.0,-0.199013817,0,0,0,1,0.0,0.471903442
staker_01034,staker,small_persistent_staker,2.486830509,False,697,0.0,0.0,0,0,0,1,0.0,0.0
staker_01035,staker,small_persistent_staker,1.590854683,False,697,0.0,0.011867556,0,0,0,1,0.0,0.040933319
staker_01036,staker,staker_whale,38.958058227,False,698,0.0,-0.266786777,0,0,0,1,0.0,0.1350462
staker_01037,staker,small_persistent_staker,4.272013332,False,698,0.0,-0.168947988,0,0,0,1,0.0,0.386402915
staker_01038,staker,small_persistent_staker,5.370485597,False,699,0.0,-0.029150322,0,0,0,1,0.0,0.0
staker_01039,staker,small_persistent_staker,1.971572536,True,700,0.0,-0.073192918,0,0,0,0,0.0,0.300175813
staker_01040,staker,small_persistent_staker,9.553194108,False,701,0.0,-0.024690414,0,0,0,1,0.0,0.088564025
staker_01041,staker,small_persistent_staker,3.549012902,False,701,0.0,0.022364743,0,0,0,1,0.0,0.150415737
staker_01042,staker,small_persistent_staker,2.196680105,False,702,0.0,-0.002452127,0,0,0,1,0.0,0.0
staker_01043,staker,staker_whale,39.547390115,False,702,0.0,-0.595302699,0,0,0,1,0.0,2.591903902
staker_01044,staker,small_persistent_staker,3.039926754,False,703,0.0,-0.011889431,0,0,0,1,0.0,0.010537757
staker_01045,staker,small_persistent_staker,3.169032711,False,703,0.0,0.015875047,0,0,0,1,0.0,0.082022053
staker_01046,staker,small_persistent_staker,2.326759541,False,704,0.0,-0.05864001,0,0,0,1,0.0,0.208303866
staker_01047,staker,small_persistent_staker,1.798640898,False,704,0.0,-0.003612436,0,0,0,1,0.0,0.0
staker_01048,staker,small_persistent_staker,1.376861475,False,705,0.0,0.017200949,0,0,0,1,0.0,0.044831684
staker_01049,staker,small_persistent_staker,4.523881578,False,705,0.0,0.04084759,0,0,0,1,0.0,0.147817752
staker_01050,staker,small_persistent_staker,2.84708502,False,706,0.0,0.001961454,0,0,0,1,0.0,0.00984397
staker_01051,staker,small_persistent_staker,0.662378888,False,706,0.0,0.00036752,0,0,0,1,0.0,0.006140662
staker_01052,staker,small_persistent_staker,0.51279057,False,707,0.0,-0.019845527,0,0,0,1,0.0,0.069625009
staker_01053,staker,small_persistent_staker,1.155664805,False,708,0.0,-0.000151551,0,0,0,1,0.0,0.010733606
staker_01054,staker,small_persistent_staker,1.632779765,False,709,0.0,0.005199954,0,0,0,1,0.0,0.053790704
staker_01055,staker,small_persistent_staker,3.700022182,False,709,0.0,0.0,0,0,0,1,0.0,0.0
staker_01056,staker,small_persistent_staker,4.214894107,False,710,0.0,-0.15414822,0,0,0,1,0.0,0.267188434
staker_01057,staker,small_persistent_staker,0.684258552,False,710,0.0,-0.006994842,0,0,0,1,0.0,0.042273546
staker_01058,staker,small_persistent_staker,1.479782098,False,710,0.0,-0.014221639,0,0,0,1,0.0,0.058646393
staker_01059,staker,small_persistent_staker,6.669960247,False,711,0.0,-0.152124404,0,0,0,1,0.0,0.417375153
staker_01060,staker,small_persistent_staker,11.574687048,False,712,0.0,0.119216559,0,0,0,1,0.0,0.258777639
staker_01061,staker,small_persistent_staker,1.321771861,False,712,0.0,-0.012030089,0,0,0,1,0.0,0.081659167
staker_01062,staker,small_persistent_staker,2.211939701,False,712,0.0,0.023860734,0,0,0,1,0.0,0.049428429
staker_01063,staker,small_persistent_staker,0.875375965,False,713,0.0,0.012317205,0,0,0,1,0.0,0.019510046
staker_01064,staker,small_persistent_staker,2.15541473,False,714,0.0,0.002755519,0,0,0,1,0.0,0.131946282
staker_01065,staker,small_persistent_staker,1.878704773,False,714,0.0,-0.041640544,0,0,0,1,0.0,0.117706706
staker_01066,staker,small_persistent_staker,0.838440901,False,716,0.0,0.005515851,0,0,0,1,0.0,0.032816555
staker_01067,staker,small_persistent_staker,3.596914122,False,719,0.0,-0.013814428,0,0,0,1,0.0,0.0
staker_01068,staker,small_persistent_staker,3.686651747,False,719,0.0,0.03303232,0,0,0,1,0.0,0.06118762
staker_01069,staker,small_persistent_staker,1.528381939,False,719,0.0,-0.009645169,0,0,0,1,0.0,0.085066552
staker_01070,staker,small_persistent_staker,1.24070457,False,720,0.0,0.009552606,0,0,0,1,0.0,0.020631082
staker_01071,staker,small_persistent_staker,1.059430745,False,721,0.0,-0.00038521,0,0,0,1,0.0,0.025106148
staker_01072,staker,small_persistent_staker,3.330922349,False,721,0.0,-0.030175152,0,0,0,1,0.0,0.186136522
staker_01073,staker,small_persistent_staker,0.579766858,False,722,0.0,0.001660059,0,0,0,1,0.0,0.019361261
staker_01074,staker,staker_whale,58.930036678,False,723,0.0,5.144793586,1,0,0,1,0.0,3.189951555
staker_01075,staker,staker_whale,23.09217762,False,723,0.0,1.358024036,1,0,0,1,0.0,1.21479575
staker_01076,staker,small_persistent_staker,3.048239647,False,723,0.0,0.008728092,0,0,0,1,0.0,0.101866988
staker_01077,staker,small_persistent_staker,0.736542861,False,724,0.0,-0.00269268,0,0,0,1,0.0,0.024792289
staker_01078,staker,small_persistent_staker,1.949512651,False,724,0.0,0.008302633,0,0,0,1,0.0,0.065103795
staker_01079,staker,small_persistent_staker,3.868617256,False,725,0.0,0.029577112,0,0,0,1,0.0,0.064539809
staker_01080,staker,small_persistent_staker,0.475087395,False,726,0.0,-0.028230301,0,0,0,1,0.0,0.046587025
staker_01081,staker,small_persistent_staker,1.152775351,False,726,0.0,-0.00743793,0,0,0,1,0.0,0.0
staker_01082,staker,small_persistent_staker,4.234564702,False,727,0.0,-0.00815664,0,0,0,1,0.0,0.0
staker_01083,staker,small_persistent_staker,2.259732547,False,728,0.0,-0.011822116,0,0,0,1,0.0,0.0
staker_01084,staker,small_persistent_staker,3.675073182,False,728,0.0,-0.034828274,0,0,0,1,0.0,0.025345534
staker_01085,staker,small_persistent_staker,1.55945473,False,728,0.0,-0.011812086,0,0,0,1,0.0,0.010734678
staker_01086,staker,small_persistent_staker,12.527211177,False,729,0.0,-0.059469121,0,0,0,1,0.0,0.207596263
staker_01087,staker,small_persistent_staker,1.379831414,False,729,0.0,-0.043193904,0,0,0,1,0.0,0.054268554
staker_01088,staker,small_persistent_staker,0.742890886,False,730,0.0,0.0,0,0,0,1,0.0,0.0
staker_01089,staker,small_persistent_staker,2.112487886,False,731,0.0,-0.025194783,0,0,0,1,0.0,0.066794853
staker_01090,staker,small_persistent_staker,0.795061532,False,732,0.0,-0.023554444,0,0,0,1,0.0,0.031284425
staker_01091,staker,small_persistent_staker,0.461595724,False,732,0.0,-0.005065246,0,0,0,1,0.0,0.007712979
staker_01092,staker,small_persistent_staker,1.305458658,False,733,0.0,-0.030163394,0,0,0,1,0.0,0.051067607
staker_01093,staker,small_persistent_staker,1.951471333,False,735,0.0,-0.043717258,0,0,0,1,0.0,0.033038994
staker_01094,staker,small_persistent_staker,4.455483796,False,735,0.0,-0.181483294,0,0,0,1,0.0,0.208503038
staker_01095,staker,small_persistent_staker,2.003702832,False,737,0.0,-0.011089369,0,0,0,1,0.0,0.033410375
staker_01096,staker,small_persistent_staker,2.780593961,False,738,0.0,-0.027079904,0,0,0,1,0.0,0.046590981
staker_01097,staker,small_persistent_staker,1.063183071,False,739,0.0,0.000284025,0,0,0,1,0.0,0.007313414
staker_01098,staker,small_persistent_staker,1.21617053,False,739,0.0,-0.061696328,0,0,0,1,0.0,0.124765755
staker_01099,staker,small_persistent_staker,2.285877637,False,739,0.0,-0.005320956,0,0,0,1,0.0,0.038039311
staker_01100,staker,small_persistent_staker,4.359094871,False,741,0.0,-0.069314509,0,0,0,1,0.0,0.042786104
staker_01101,staker,small_persistent_staker,4.503814197,False,743,0.0,-0.068412908,0,0,0,1,0.0,0.044237543
staker_01102,staker,small_persistent_staker,0.562112055,False,743,0.0,-0.023072857,0,0,0,1,0.0,0.031485806
staker_01103,staker,small_persistent_staker,3.11799485,False,744,0.0,-0.174424314,0,0,0,1,0.0,0.177272321
staker_01104,staker,staker_whale,19.136930456,False,745,0.0,-0.863069544,0,0,0,1,0.0,0.761446327
staker_01105,staker,small_persistent_staker,1.237045344,False,746,0.0,-0.01019421,0,0,0,1,0.0,0.0
staker_01106,staker,small_persistent_staker,3.114164615,False,748,0.0,-0.022534519,0,0,0,1,0.0,0.098687111
staker_01107,staker,small_persistent_staker,0.812841772,False,748,0.0,-0.006971087,0,0,0,1,0.0,0.00795851
staker_01108,staker,staker_whale,22.522657992,True,749,0.0,-0.935479455,0,0,0,0,0.0,2.661131031
staker_01109,staker,small_persistent_staker,1.648620394,False,750,0.0,-0.028383011,0,0,0,1,0.0,0.016299025
staker_01110,staker,small_persistent_staker,0.497655587,False,750,0.0,-0.00093962,0,0,0,1,0.0,0.0
staker_01111,staker,small_persistent_staker,1.80088991,False,750,0.0,-0.077012011,0,0,0,1,0.0,0.05915223
staker_01112,staker,staker_whale,31.962197622,False,751,0.0,3.046967684,1,0,0,1,0.0,0.281227934
staker_01113,staker,small_persistent_staker,7.489228944,False,752,0.0,-0.231645146,0,0,0,1,0.0,0.383745058
staker_01114,staker,small_persistent_staker,5.441240325,False,753,0.0,-3.0852e-05,0,0,0,1,0.0,0.05298431
staker_01115,staker,small_persistent_staker,3.974986875,False,753,0.0,-0.01635444,0,0,0,1,0.0,0.038865636
staker_01116,staker,small_persistent_staker,0.636094849,False,755,0.0,-0.002598667,0,0,0,1,0.0,0.006227986
staker_01117,staker,small_persistent_staker,3.433405532,False,757,0.0,-0.092950387,0,0,0,1,0.0,0.111565476
staker_01118,staker,small_persistent_staker,0.839286671,False,757,0.0,-0.002729953,0,0,0,1,0.0,0.020738509
staker_01119,staker,small_persistent_staker,0.577232615,False,757,0.0,-0.002661296,0,0,0,1,0.0,0.018346458
staker_01120,staker,small_persistent_staker,3.909590991,False,757,0.0,-0.108324936,0,0,0,1,0.0,0.12711726
staker_01121,staker,small_persistent_staker,1.06982892,False,758,0.0,-0.031954395,0,0,0,1,0.0,0.034882209
staker_01122,staker,small_persistent_staker,1.004758083,False,758,0.0,-0.045928344,0,0,0,1,0.0,0.108145045
staker_01123,staker,small_persistent_staker,0.744643442,False,758,0.0,-0.00274278,0,0,0,1,0.0,0.007301
staker_01124,staker,small_persistent_staker,4.065129072,False,758,0.0,-0.12985628,0,0,0,1,0.0,0.132812282
staker_01125,staker,small_persistent_staker,0.812797017,False,759,0.0,-0.000203184,0,0,0,1,0.0,0.025757338
staker_01126,staker,small_persistent_staker,3.841990185,False,759,0.0,0.030339756,0,0,0,1,0.0,0.037260859
staker_01127,staker,small_persistent_staker,3.310728001,False,761,0.0,-0.035293207,0,0,0,1,0.0,0.032752889
staker_01128,staker,small_persistent_staker,0.964931198,False,761,0.0,0.002438883,0,0,0,1,0.0,0.00942146
staker_01129,staker,small_persistent_staker,0.842604628,False,761,0.0,0.003220975,0,0,0,1,0.0,0.008216397
staker_01130,staker,small_persistent_staker,1.059423179,False,763,0.0,-0.018402185,0,0,0,1,0.0,0.023424728
staker_01131,staker,small_persistent_staker,0.812725519,False,764,0.0,-0.043620786,0,0,0,1,0.0,0.056015074
staker_01132,staker,small_persistent_staker,0.964788518,False,765,0.0,-0.016212981,0,0,0,1,0.0,0.0
staker_01133,staker,small_persistent_staker,0.826866218,False,765,0.0,-0.001139489,0,0,0,1,0.0,0.0
staker_01134,staker,small_persistent_staker,1.72658268,False,766,0.0,-0.003630906,0,0,0,1,0.0,0.0
staker_01135,staker,small_persistent_staker,2.035233074,False,766,0.0,-0.015470462,0,0,0,1,0.0,0.0
staker_01136,staker,small_persistent_staker,2.793265896,False,767,0.0,-0.033770067,0,0,0,1,0.0,0.0
staker_01137,staker,small_persistent_staker,1.073472499,False,767,0.0,-0.002222369,0,0,0,1,0.0,0.023440118
staker_01138,staker,small_persistent_staker,5.212119118,False,768,0.0,-0.061803434,0,0,0,1,0.0,0.115002838
staker_01139,staker,small_persistent_staker,2.543893264,False,769,0.0,-0.096858944,0,0,0,1,0.0,0.173337911
staker_01140,staker,small_persistent_staker,3.456600932,False,769,0.0,-0.143449383,0,0,0,1,0.0,0.159891303
staker_01141,staker,small_persistent_staker,0.452146235,False,769,0.0,-0.000904967,0,0,0,1,0.0,0.0
staker_01142,staker,small_persistent_staker,1.612703218,False,769,0.0,-0.021404268,0,0,0,1,0.0,0.03565821
staker_01143,staker,small_persistent_staker,1.712686575,False,771,0.0,-0.002226649,0,0,0,1,0.0,0.0
staker_01144,staker,small_persistent_staker,1.972139173,False,772,0.0,-0.023396269,0,0,0,1,0.0,0.043632162
staker_01145,staker,small_persistent_staker,0.925274365,False,772,0.0,-0.003567869,0,0,0,1,0.0,0.020309033
staker_01146,staker,small_persistent_staker,1.036565589,False,775,0.0,-0.024267118,0,0,0,1,0.0,0.042602699
staker_01147,staker,small_persistent_staker,9.878340286,False,778,0.0,-0.08936245,0,0,0,1,0.0,0.0
staker_01148,staker,small_persistent_staker,1.82478931,True,778,0.0,-0.059631539,0,0,0,0,0.0,0.197142023
staker_01149,staker,small_persistent_staker,1.925740159,False,779,0.0,-0.014915228,0,0,0,1,0.0,0.0
staker_01150,staker,small_persistent_staker,1.159891277,False,780,0.0,-0.00198645,0,0,0,1,0.0,0.011616837
staker_01151,staker,small_persistent_staker,5.489378886,False,780,0.0,-0.00555206,0,0,0,1,0.0,0.054940135
staker_01152,staker,small_persistent_staker,1.770964404,False,781,0.0,-0.016501457,0,0,0,1,0.0,0.0
staker_01153,staker,small_persistent_staker,2.442355831,False,782,0.0,-0.026181248,0,0,0,1,0.0,0.054335008
staker_01154,staker,small_persistent_staker,1.096717584,False,783,0.0,-0.002861497,0,0,0,1,0.0,0.0
staker_01155,staker,small_persistent_staker,1.521624614,False,784,0.0,-0.024205988,0,0,0,1,0.0,0.069340168
staker_01156,staker,small_persistent_staker,1.244439723,False,784,0.0,-0.005826504,0,0,0,1,0.0,0.0
staker_01157,staker,small_persistent_staker,1.306742813,False,785,0.0,0.011123346,0,0,0,1,0.0,0.028573748
staker_01158,staker,small_persistent_staker,1.05397375,False,786,0.0,-0.027060631,0,0,0,1,0.0,0.071766267
staker_01159,staker,small_persistent_staker,4.285175521,False,787,0.0,-0.10909063,0,0,0,1,0.0,0.126860653
staker_01160,staker,small_persistent_staker,0.658756673,False,788,0.0,-0.002586069,0,0,0,1,0.0,0.0
staker_01161,staker,small_persistent_staker,0.682448164,False,789,0.0,0.003669585,0,0,0,1,0.0,0.015008392
staker_01162,staker,small_persistent_staker,0.953012546,False,789,0.0,-0.039047666,0,0,0,1,0.0,0.044645884
staker_01163,staker,small_persistent_staker,2.604466119,False,789,0.0,0.022934277,0,0,0,1,0.0,0.038794001
staker_01164,staker,small_persistent_staker,1.457539068,False,790,0.0,-0.006918291,0,0,0,1,0.0,0.032403125
staker_01165,staker,small_persistent_staker,4.435739632,False,792,0.0,-0.166746046,0,0,0,1,0.0,0.207539285
staker_01166,staker,small_persistent_staker,3.294891288,False,792,0.0,-0.048686705,0,0,0,1,0.0,0.135772733
staker_01167,staker,small_persistent_staker,1.206463716,False,793,0.0,-0.016243137,0,0,0,1,0.0,0.027106785
staker_01168,staker,small_persistent_staker,6.844178678,True,793,0.0,-0.155696073,0,0,0,0,0.0,0.739414255
staker_01169,staker,small_persistent_staker,5.324141812,False,794,0.0,0.045862063,0,0,0,1,0.0,0.053249068
staker_01170,staker,small_persistent_staker,3.518952244,False,797,0.0,-0.011294231,0,0,0,1,0.0,0.042336408
staker_01171,staker,staker_whale,22.770332531,False,798,0.0,1.76172676,1,0,0,1,0.0,0.252121759
staker_01172,staker,small_persistent_staker,0.52852756,False,799,0.0,0.001524514,0,0,0,1,0.0,0.006328931
staker_01173,staker,small_persistent_staker,9.045813758,False,799,0.0,-0.370738008,0,0,0,1,0.0,0.736072492
staker_01174,staker,small_persistent_staker,4.707559532,False,799,0.0,-0.192936897,0,0,0,1,0.0,0.383061731
staker_01175,staker,small_persistent_staker,1.112882725,False,801,0.0,-0.003067883,0,0,0,1,0.0,0.007840572
staker_01176,staker,small_persistent_staker,6.783236972,True,802,0.0,-0.224673422,0,0,0,0,0.0,0.628299985
staker_01177,staker,small_persistent_staker,3.159945109,False,802,0.0,-0.081113513,0,0,0,1,0.0,0.096432416
staker_01178,staker,small_persistent_staker,2.867928404,False,803,0.0,-0.104805868,0,0,0,1,0.0,0.185577349
staker_01179,staker,staker_whale,51.062307962,False,803,0.0,-1.416777149,0,0,0,1,0.0,1.562523398
staker_01180,staker,small_persistent_staker,5.257123886,False,803,0.0,0.019283501,0,0,0,1,0.0,0.036852185
staker_01181,staker,small_persistent_staker,3.076187623,False,804,0.0,-0.159489182,0,0,0,1,0.0,0.073060249
staker_01182,staker,small_persistent_staker,0.826705757,False,804,0.0,-0.037612784,0,0,0,1,0.0,0.019515956
staker_01183,staker,small_persistent_staker,3.274810792,False,805,0.0,-0.074995966,0,0,0,1,0.0,0.0
staker_01184,staker,small_persistent_staker,1.628537687,False,805,0.0,-0.078973334,0,0,0,1,0.0,0.057375073
staker_01185,staker,small_persistent_staker,4.983182014,False,807,0.0,-0.076091005,0,0,0,1,0.0,0.0
staker_01186,staker,small_persistent_staker,6.712634306,False,807,0.0,-0.189505531,0,0,0,1,0.0,0.0
staker_01187,staker,small_persistent_staker,3.849752074,False,808,0.0,-0.164556939,0,0,0,1,0.0,0.090880695
staker_01188,staker,small_persistent_staker,2.70059927,False,809,0.0,-0.13056781,0,0,0,1,0.0,0.082514575
staker_01189,staker,small_persistent_staker,2.662259039,True,811,0.0,-0.092584949,0,0,0,0,0.0,0.227254913
staker_01190,staker,small_persistent_staker,1.030413928,False,811,0.0,-0.024817398,0,0,0,1,0.0,0.019257523
staker_01191,staker,small_persistent_staker,1.176773365,False,812,0.0,-0.002086198,0,0,0,1,0.0,0.0
staker_01192,staker,small_persistent_staker,0.48413631,False,813,0.0,-0.021843891,0,0,0,1,0.0,0.011490313
staker_01193,staker,small_persistent_staker,2.975601786,False,814,0.0,-0.014020698,0,0,0,1,0.0,0.0
staker_01194,staker,small_persistent_staker,1.213068165,False,815,0.0,-0.014064447,0,0,0,1,0.0,0.0
staker_01195,staker,small_persistent_staker,5.461803719,True,816,0.0,2.284479603,1,0,0,0,0.0,0.421243063
staker_01196,staker,small_persistent_staker,2.739892323,False,817,0.0,-0.061086836,0,0,0,1,0.0,0.051303764
staker_01197,staker,small_persistent_staker,1.584489623,False,817,0.0,-0.057142775,0,0,0,1,0.0,0.037378698
staker_01198,staker,small_persistent_staker,0.718354074,False,817,0.0,-0.002873612,0,0,0,1,0.0,0.0
staker_01199,staker,small_persistent_staker,1.519021603,False,817,0.0,-0.040237399,0,0,0,1,0.0,0.0
staker_01200,staker,small_persistent_staker,0.465958935,False,818,0.0,-0.014195394,0,0,0,1,0.0,0.003246887
staker_01201,staker,small_persistent_staker,4.586957348,False,818,0.0,-0.003130746,0,0,0,1,0.0,0.0
staker_01202,staker,small_persistent_staker,4.03602095,False,819,0.0,-0.11721099,0,0,0,1,0.0,0.028104048
staker_01203,staker,small_persistent_staker,2.116219598,False,820,0.0,-0.048289118,0,0,0,1,0.0,0.049385474
staker_01204,staker,small_persistent_staker,2.205813783,False,821,0.0,-0.064252906,0,0,0,1,0.0,0.051830168
staker_01205,staker,small_persistent_staker,1.851598338,False,821,0.0,-0.002295516,0,0,0,1,0.0,0.0
staker_01206,staker,small_persistent_staker,6.985948694,False,822,0.0,-0.122890284,0,0,0,1,0.0,0.0
staker_01207,staker,staker_whale,26.408028709,False,822,0.0,-0.162501475,0,0,0,1,0.0,0.0
staker_01208,staker,small_persistent_staker,1.201086618,False,824,0.0,-0.046762416,0,0,0,1,0.0,0.028546099
staker_01209,staker,small_persistent_staker,7.00976387,False,824,0.0,-0.23892068,0,0,0,1,0.0,0.165822677
staker_01210,staker,small_persistent_staker,2.362303006,False,827,0.0,-0.028734508,0,0,0,1,0.0,0.0
staker_01211,staker,small_persistent_staker,6.969309294,False,828,0.0,-0.039132103,0,0,0,1,0.0,0.0
staker_01212,staker,small_persistent_staker,1.913374813,False,828,0.0,-0.061387497,0,0,0,1,0.0,0.045294419
staker_01213,staker,small_persistent_staker,0.548386472,False,829,0.0,-0.021764913,0,0,0,1,0.0,0.01308652
staker_01214,staker,small_persistent_staker,0.356255261,False,830,0.0,-0.007686925,0,0,0,1,0.0,0.008359311
staker_01215,staker,small_persistent_staker,3.067114074,False,831,0.0,-0.030760175,0,0,0,1,0.0,0.0
staker_01216,staker,small_persistent_staker,3.060362075,False,832,0.0,-0.006435768,0,0,0,1,0.0,0.0
staker_01217,staker,small_persistent_staker,2.416366234,True,833,0.0,-0.048087501,0,0,0,0,0.0,0.20626509
staker_01218,staker,small_persistent_staker,14.085022335,False,833,0.0,-0.265720786,0,0,0,1,0.0,0.330312357
staker_01219,staker,small_persistent_staker,0.741480973,False,833,0.0,-0.023618507,0,0,0,1,0.0,0.017610364
staker_01220,staker,small_persistent_staker,0.856651157,False,834,0.0,-0.017881823,0,0,0,1,0.0,0.0
staker_01221,staker,small_persistent_staker,1.945957225,False,834,0.0,-0.031420019,0,0,0,1,0.0,0.0
staker_01222,staker,small_persistent_staker,1.568938236,False,834,0.0,-0.024216566,0,0,0,1,0.0,0.0
staker_01223,staker,small_persistent_staker,0.963889749,False,835,0.0,-0.016606753,0,0,0,1,0.0,0.006707161
staker_01224,staker,small_persistent_staker,2.573551288,False,836,0.0,-0.041224297,0,0,0,1,0.0,0.060310926
staker_01225,staker,small_persistent_staker,7.228109774,False,836,0.0,-0.008598988,0,0,0,1,0.0,0.0
staker_01226,staker,small_persistent_staker,3.077616971,False,837,0.0,-0.034681947,0,0,0,1,0.0,0.0
staker_01227,staker,staker_whale,20.873335084,False,838,0.0,-0.519476513,0,0,0,1,0.0,1.553428068
staker_01228,staker,small_persistent_staker,3.281873096,False,839,0.0,-0.070702805,0,0,0,1,0.0,0.077474835
staker_01229,staker,small_persistent_staker,1.477420499,False,839,0.0,-0.04312223,0,0,0,1,0.0,0.035138294
staker_01230,staker,small_persistent_staker,1.843432988,True,839,0.0,-0.029204243,0,0,0,0,0.0,0.157358543
staker_01231,staker,small_persistent_staker,2.042664664,False,840,0.0,-0.048475691,0,0,0,1,0.0,0.11777323
staker_01232,staker,small_persistent_staker,1.194553658,False,840,0.0,-0.010351285,0,0,0,1,0.0,0.027857366
staker_01233,staker,small_persistent_staker,1.957258856,False,840,0.0,-0.041221521,0,0,0,1,0.0,0.046204805
staker_01234,staker,small_persistent_staker,4.963127041,False,842,0.0,-0.033582515,0,0,0,1,0.0,0.0
staker_01235,staker,small_persistent_staker,3.211549196,False,843,0.0,1.169079254,1,0,0,1,0.0,0.110232336
staker_01236,staker,small_persistent_staker,1.062285553,False,844,0.0,-0.008455086,0,0,0,1,0.0,0.024824928
staker_01237,staker,small_persistent_staker,3.696277551,True,845,0.0,-0.043666425,0,0,0,0,0.0,0.315520474
staker_01238,staker,small_persistent_staker,2.871670658,False,846,0.0,-0.001167194,0,0,0,1,0.0,0.066694063
staker_01239,staker,small_persistent_staker,1.485042044,False,846,0.0,-0.030182135,0,0,0,1,0.0,0.052319573
staker_01240,staker,small_persistent_staker,4.546082568,True,846,0.0,0.806553571,1,0,0,0,0.0,0.358455213
staker_01241,staker,small_persistent_staker,1.103954933,False,848,0.0,-0.021825656,0,0,0,1,0.0,0.05075732
staker_01242,staker,small_persistent_staker,0.404088097,True,849,0.0,-0.003702218,0,0,0,0,0.0,0.03449364
staker_01243,staker,small_persistent_staker,2.915307213,False,850,0.0,-0.031822141,0,0,0,1,0.0,0.0
staker_01244,staker,small_persistent_staker,0.606003862,False,851,0.0,-0.004854997,0,0,0,1,0.0,0.004222746
staker_01245,staker,small_persistent_staker,0.622486346,False,851,0.0,-0.004238666,0,0,0,1,0.0,0.014598126
staker_01246,staker,small_persistent_staker,1.025528738,False,851,0.0,-0.000576466,0,0,0,1,0.0,0.023900774
staker_01247,staker,small_persistent_staker,4.787747597,False,852,0.0,0.017294879,0,0,0,1,0.0,0.111194624
staker_01248,staker,small_persistent_staker,1.263975076,True,852,0.0,-0.009008077,0,0,0,0,0.0,0.10789504
staker_01249,staker,small_persistent_staker,0.535017331,False,853,0.0,0.002127859,0,0,0,1,0.0,0.009999
staker_01250,staker,small_persistent_staker,0.814246941,False,853,0.0,-0.004397106,0,0,0,1,0.0,0.019095165
staker_01251,staker,small_persistent_staker,1.750278781,False,854,0.0,-0.015356152,0,0,0,1,0.0,0.041212915
staker_01252,staker,small_persistent_staker,1.045868504,False,855,0.0,0.005001973,0,0,0,1,0.0,0.019556205
staker_01253,staker,small_persistent_staker,1.119088822,False,856,0.0,0.003967748,0,0,0,1,0.0,0.026063011
staker_01254,staker,small_persistent_staker,0.813158831,False,858,0.0,-0.005484666,0,0,0,1,0.0,0.019160445
staker_01255,staker,small_persistent_staker,8.18059999,False,858,0.0,-0.025849893,0,0,0,1,0.0,0.467888372
staker_01256,staker,small_persistent_staker,0.474968825,True,859,0.0,-0.001087729,0,0,0,0,0.0,0.040544138
staker_01257,staker,small_persistent_staker,4.0011119,False,859,0.0,-0.053320028,0,0,0,1,0.0,0.09496092
staker_01258,staker,small_persistent_staker,1.025417924,False,861,0.0,-0.004762135,0,0,0,1,0.0,0.070101677
staker_01259,staker,small_persistent_staker,6.67892817,False,861,0.0,-0.057414661,0,0,0,1,0.0,0.157996441
staker_01260,staker,small_persistent_staker,2.225577993,False,861,0.0,-0.010572762,0,0,0,1,0.0,0.1017227
staker_01261,staker,small_persistent_staker,1.735591803,True,862,0.0,-0.000324158,0,0,0,0,0.0,0.148153038
staker_01262,staker,small_persistent_staker,1.081204176,False,862,0.0,-0.019603946,0,0,0,1,0.0,0.025836808
staker_01263,staker,small_persistent_staker,7.594437025,False,862,0.0,-0.010643386,0,0,0,1,0.0,0.0
staker_01264,staker,small_persistent_staker,4.464461145,True,862,0.0,-0.00083383,0,0,0,0,0.0,0.381093919
staker_01265,staker,small_persistent_staker,3.398345956,True,864,0.0,0.004122196,0,0,0,0,0.0,0.290088532
staker_01266,staker,small_persistent_staker,4.105831983,False,865,0.0,-0.025455597,0,0,0,1,0.0,0.188410817
staker_01267,staker,small_persistent_staker,3.889760964,False,865,0.0,0.008457145,0,0,0,1,0.0,0.027085595
staker_01268,staker,small_persistent_staker,1.63668299,False,866,0.0,0.006985649,0,0,0,1,0.0,0.011380774
staker_01269,staker,small_persistent_staker,2.229696564,False,866,0.0,0.007961519,0,0,0,1,0.0,0.015515191
staker_01270,staker,small_persistent_staker,1.361255882,False,866,0.0,0.0,0,0,0,1,0.0,0.0
staker_01271,staker,small_persistent_staker,2.483277703,False,866,0.0,-0.008064159,0,0,0,1,0.0,0.058622477
staker_01272,staker,small_persistent_staker,0.918677204,False,867,0.0,-0.00494157,0,0,0,1,0.0,0.063098619
staker_01273,staker,small_persistent_staker,4.973661046,False,867,0.0,-0.073793038,0,0,0,1,0.0,0.118852229
staker_01274,staker,small_persistent_staker,1.782740653,False,868,0.0,0.020727577,0,0,0,1,0.0,0.041519125
staker_01275,staker,staker_whale,20.071669387,False,868,0.0,0.071669387,0,0,0,1,0.0,0.139863075
staker_01276,staker,small_persistent_staker,1.617275905,False,868,0.0,0.02212525,0,0,0,1,0.0,0.037587269
staker_01277,staker,small_persistent_staker,2.38679438,False,868,0.0,-0.012727402,0,0,0,1,0.0,0.056541036
staker_01278,staker,small_persistent_staker,2.298164687,True,869,0.0,-0.007398025,0,0,0,0,0.0,0.180164021
staker_01279,staker,small_persistent_staker,4.780460763,False,869,0.0,-0.030529527,0,0,0,1,0.0,0.184933369
staker_01280,staker,small_persistent_staker,2.161021272,False,869,0.0,-0.0103579,0,0,0,1,0.0,0.10869322
staker_01281,staker,small_persistent_staker,0.904750804,True,870,0.0,-0.002376422,0,0,0,0,0.0,0.070927703
staker_01282,staker,small_persistent_staker,3.726526365,False,870,0.0,-0.046490499,0,0,0,1,0.0,0.145119615
staker_01283,staker,small_persistent_staker,0.874752609,False,870,0.0,-0.001895568,0,0,0,1,0.0,0.014433974
staker_01284,staker,small_persistent_staker,1.119189997,False,871,0.0,-0.00029405,0,0,0,1,0.0,0.043088303
staker_01285,staker,small_persistent_staker,0.558094936,True,871,0.0,-0.001074202,0,0,0,0,0.0,0.043751707
staker_01286,staker,small_persistent_staker,3.315727092,False,872,0.0,0.0,0,0,0,1,0.0,0.0
staker_01287,staker,small_persistent_staker,7.603217385,True,872,0.0,0.901164202,1,0,0,0,0.0,0.581040448
staker_01288,staker,small_persistent_staker,2.561007551,False,872,0.0,0.02208225,0,0,0,1,0.0,0.030220143
staker_01289,staker,small_persistent_staker,4.257539228,False,873,0.0,0.028503624,0,0,0,1,0.0,0.069777318
staker_01290,staker,small_persistent_staker,3.000725565,False,873,0.0,-0.003878582,0,0,0,1,0.0,0.0
staker_01291,staker,small_persistent_staker,3.310222096,False,873,0.0,-0.02697346,0,0,0,1,0.0,0.093221433
staker_01292,staker,small_persistent_staker,5.65364248,False,873,0.0,-0.070227944,0,0,0,1,0.0,0.349782814
staker_01293,staker,small_persistent_staker,5.695942722,False,874,0.0,-0.050903797,0,0,0,1,0.0,0.221658004
staker_01294,staker,small_persistent_staker,4.671515388,False,876,0.0,1.873251679,1,0,0,1,0.0,0.128272311
staker_01295,staker,small_persistent_staker,0.62628953,False,877,0.0,-0.00109451,0,0,0,1,0.0,0.002850504
staker_01296,staker,small_persistent_staker,0.350065218,False,878,0.0,-0.001144832,0,0,0,1,0.0,0.001596518
staker_01297,staker,small_persistent_staker,0.755669615,False,878,0.0,-0.001999686,0,0,0,1,0.0,0.003444186
staker_01298,staker,small_persistent_staker,2.70826026,False,879,0.0,-0.051684863,0,0,0,1,0.0,0.134614147
staker_01299,staker,small_persistent_staker,3.240142702,False,879,0.0,-0.002269689,0,0,0,1,0.0,0.0
staker_01300,staker,small_persistent_staker,5.822289884,False,879,0.0,-0.094821222,0,0,0,1,0.0,0.026916637
staker_01301,staker,small_persistent_staker,0.953299991,False,879,0.0,-0.007817211,0,0,0,1,0.0,0.004372073
staker_01302,staker,small_persistent_staker,0.146836262,False,881,0.0,-0.003163738,0,0,0,1,0.0,0.001693864
staker_01303,staker,small_persistent_staker,0.727326574,True,882,0.0,-0.009243448,0,0,0,0,0.0,0.045011722
staker_01304,staker,small_persistent_staker,2.210697087,False,883,0.0,-0.042614961,0,0,0,1,0.0,0.0
staker_01305,staker,small_persistent_staker,1.536295387,False,885,0.0,-0.020083996,0,0,0,1,0.0,0.051906354
staker_01306,staker,small_persistent_staker,2.004000993,True,887,0.0,-0.018806125,0,0,0,0,0.0,0.124020678
staker_01307,staker,small_persistent_staker,0.679229631,False,887,0.0,-0.005716244,0,0,0,1,0.0,0.014966246
staker_01308,staker,small_persistent_staker,8.778319352,False,888,0.0,-0.048625357,0,0,0,1,0.0,0.0
staker_01309,staker,small_persistent_staker,3.354056596,False,890,0.0,-0.053329476,0,0,0,1,0.0,0.074608842
staker_01310,staker,small_persistent_staker,0.539158232,False,891,0.0,-0.006359775,0,0,0,1,0.0,0.024187633
staker_01311,staker,small_persistent_staker,1.21462938,False,891,0.0,-0.024127139,0,0,0,1,0.0,0.0
staker_01312,staker,small_persistent_staker,1.394420381,False,892,0.0,-0.008768227,0,0,0,1,0.0,0.030765173
staker_01313,staker,small_persistent_staker,1.421660543,False,892,0.0,-0.021471847,0,0,0,1,0.0,0.0
staker_01314,staker,small_persistent_staker,5.974911267,False,893,0.0,-0.076054158,0,0,0,1,0.0,0.229870086
staker_01315,staker,small_persistent_staker,1.008394001,False,894,0.0,-0.014176267,0,0,0,1,0.0,0.034315662
staker_01316,staker,small_persistent_staker,2.415780262,False,894,0.0,-0.027761789,0,0,0,1,0.0,0.092892728
staker_01317,staker,small_persistent_staker,9.440129094,False,895,0.0,-0.024417795,0,0,0,1,0.0,0.317836058
staker_01318,staker,small_persistent_staker,1.797706707,False,898,0.0,-0.021893624,0,0,0,1,0.0,0.0
staker_01319,staker,small_persistent_staker,0.847255116,False,898,0.0,-0.005205159,0,0,0,1,0.0,0.037982821
staker_01320,staker,small_persistent_staker,3.301185903,False,899,0.0,-0.053345846,0,0,0,1,0.0,0.0
staker_01321,staker,small_persistent_staker,1.201687754,False,899,0.0,-0.01856402,0,0,0,1,0.0,0.0
staker_01322,staker,staker_whale,25.350482226,False,900,0.0,-0.413342636,0,0,0,1,0.0,0.0
staker_01323,staker,small_persistent_staker,1.147203942,False,900,0.0,-0.008744053,0,0,0,1,0.0,0.025483104
staker_01324,staker,small_persistent_staker,0.977241379,True,901,0.0,0.000236187,0,0,0,0,0.0,0.060478083
staker_01325,staker,small_persistent_staker,1.444748976,False,901,0.0,-0.004057314,0,0,0,1,0.0,0.064680525
staker_01326,staker,small_persistent_staker,3.854009333,False,901,0.0,-0.049686721,0,0,0,1,0.0,0.0
staker_01327,staker,small_persistent_staker,2.146120972,False,903,0.0,-0.004766558,0,0,0,1,0.0,0.047516058
staker_01328,staker,small_persistent_staker,0.709888747,False,903,0.0,0.000413342,0,0,0,1,0.0,0.015673286
staker_01329,staker,small_persistent_staker,1.635720137,False,903,0.0,-0.011060545,0,0,0,1,0.0,0.0
staker_01330,staker,small_persistent_staker,4.021698574,False,904,0.0,-0.016524274,0,0,0,1,0.0,0.089272376
staker_01331,staker,small_persistent_staker,3.490058276,True,904,0.0,0.008136365,0,0,0,0,0.0,0.215987615
staker_01332,staker,small_persistent_staker,3.067896976,False,906,0.0,-0.017938231,0,0,0,1,0.0,0.155926466
staker_01333,staker,small_persistent_staker,0.947779218,True,907,0.0,0.004193862,0,0,0,0,0.0,0.058654772
staker_01334,staker,small_persistent_staker,3.563697027,True,907,0.0,0.015769131,0,0,0,0,0.0,0.220544862
staker_01335,staker,small_persistent_staker,2.999675557,False,911,0.0,-0.014081016,0,0,0,1,0.0,0.020409211
staker_01336,staker,small_persistent_staker,3.425345046,True,913,0.0,0.028560327,0,0,0,0,0.0,0.211982737
staker_01337,staker,small_persistent_staker,5.282884728,False,913,0.0,-0.053679603,0,0,0,1,0.0,0.0
staker_01338,staker,small_persistent_staker,1.062407572,False,913,0.0,0.004051004,0,0,0,1,0.0,0.023538646
staker_01339,staker,small_persistent_staker,5.228207064,False,914,0.0,0.01912816,0,0,0,1,0.0,0.177199381
staker_01340,staker,small_persistent_staker,1.20434096,False,914,0.0,0.006085578,0,0,0,1,0.0,0.040761547
staker_01341,staker,small_persistent_staker,5.393032906,False,915,0.0,0.004203887,0,0,0,1,0.0,0.062256157
staker_01342,staker,small_persistent_staker,5.155265227,False,915,0.0,0.052859597,0,0,0,1,0.0,0.173692217
staker_01343,staker,small_persistent_staker,1.657973764,False,915,0.0,-0.001021405,0,0,0,1,0.0,0.0
staker_01344,staker,small_persistent_staker,1.014927419,True,916,0.0,0.010489753,0,0,0,0,0.0,0.062810342
staker_01345,staker,small_persistent_staker,2.641212135,False,916,0.0,0.005752853,0,0,0,1,0.0,0.089769572
staker_01346,staker,small_persistent_staker,12.286368102,False,918,0.0,-0.008606482,0,0,0,1,0.0,0.0
staker_01347,staker,small_persistent_staker,12.354159472,True,918,0.0,2.137297563,1,0,0,0,0.0,0.639696063
staker_01348,staker,small_persistent_staker,0.701204991,False,918,0.0,0.00447215,0,0,0,1,0.0,0.015546743
staker_01349,staker,small_persistent_staker,2.171311197,False,920,0.0,0.015358428,0,0,0,1,0.0,0.048174877
staker_01350,staker,small_persistent_staker,0.522991517,False,920,0.0,0.002890929,0,0,0,1,0.0,0.017763004
staker_01351,staker,small_persistent_staker,0.650027474,False,920,0.0,0.007871949,0,0,0,1,0.0,0.021931548
staker_01352,staker,small_persistent_staker,1.69289423,True,922,0.0,0.024060484,0,0,0,0,0.0,0.104767359
staker_01353,staker,small_persistent_staker,0.399779927,True,923,0.0,0.005957794,0,0,0,0,0.0,0.024740995
staker_01354,staker,small_persistent_staker,9.03759443,True,923,0.0,0.134684412,0,0,0,0,0.0,0.559305407
staker_01355,staker,small_persistent_staker,1.288063451,False,924,0.0,0.018983447,0,0,0,1,0.0,0.04345851
staker_01356,staker,small_persistent_staker,2.831204514,False,924,0.0,0.027503843,0,0,0,1,0.0,0.062815928
staker_01357,staker,small_persistent_staker,1.958450094,True,925,0.0,0.031886187,0,0,0,0,0.0,0.121201691
staker_01358,staker,small_persistent_staker,1.79376165,False,925,0.0,0.014285915,0,0,0,1,0.0,0.080738262
staker_01359,staker,small_persistent_staker,1.988337082,False,927,0.0,0.010760622,0,0,0,1,0.0,0.013537736
staker_01360,staker,small_persistent_staker,1.981180788,False,927,0.0,0.01871067,0,0,0,1,0.0,0.022854369
staker_01361,staker,small_persistent_staker,0.984502498,True,927,0.0,0.017352094,0,0,0,0,0.0,0.060927449
staker_01362,staker,small_persistent_staker,15.849911882,True,928,0.0,0.290257906,0,0,0,0,0.0,0.980896132
staker_01363,staker,small_persistent_staker,0.518403478,True,928,0.0,0.009493473,0,0,0,0,0.0,0.032082195
staker_01364,staker,small_persistent_staker,0.654005933,True,930,0.0,0.00803108,0,0,0,0,0.0,0.036075995
staker_01365,staker,small_persistent_staker,9.28158367,False,930,0.0,0.110756967,0,0,0,1,0.0,0.142339854
staker_01366,staker,small_persistent_staker,1.394089413,True,931,0.0,0.010545359,0,0,0,0,0.0,0.070326343
staker_01367,staker,small_persistent_staker,5.803213382,True,932,0.0,0.04792897,0,0,0,0,0.0,0.292749356
staker_01368,staker,small_persistent_staker,2.908918224,True,932,0.0,0.024024871,0,0,0,0,0.0,0.146743516
staker_01369,staker,small_persistent_staker,2.071757973,False,932,0.0,0.006586303,0,0,0,1,0.0,0.069119619
staker_01370,staker,small_persistent_staker,6.451235212,True,933,0.0,1.325220628,1,0,0,0,0.0,0.282988908
staker_01371,staker,small_persistent_staker,0.171452012,False,934,0.0,-0.001475612,0,0,0,1,0.0,0.002785109
staker_01372,staker,small_persistent_staker,12.14156278,False,934,0.0,-0.097261498,0,0,0,1,0.0,0.275868718
staker_01373,staker,small_persistent_staker,2.340635356,False,935,0.0,-0.01000888,0,0,0,1,0.0,0.027370126
staker_01374,staker,small_persistent_staker,1.906821721,True,935,0.0,-0.001831371,0,0,0,0,0.0,0.075951046
staker_01375,staker,small_persistent_staker,0.355553263,True,936,0.0,-0.000124162,0,0,0,0,0.0,0.014162122
staker_01376,staker,small_persistent_staker,1.354058989,False,936,0.0,-0.010013398,0,0,0,1,0.0,0.030787155
staker_01377,staker,small_persistent_staker,1.38541811,False,938,0.0,-0.013471361,0,0,0,1,0.0,0.016321001
staker_01378,staker,small_persistent_staker,1.077212641,True,938,0.0,0.001131924,0,0,0,0,0.0,0.0429067
staker_01379,staker,small_persistent_staker,8.009244466,False,939,0.0,-0.041417844,0,0,0,1,0.0,0.130104131
staker_01380,staker,small_persistent_staker,3.15321009,True,939,0.0,0.005518288,0,0,0,0,0.0,0.125596222
staker_01381,staker,small_persistent_staker,2.845096242,False,939,0.0,-0.01535656,0,0,0,1,0.0,0.0
staker_01382,staker,small_persistent_staker,8.924515715,False,942,0.0,2.156013027,1,0,0,1,0.0,0.079190384
staker_01383,staker,small_persistent_staker,1.355727097,False,942,0.0,-0.002570719,0,0,0,1,0.0,0.030785898
staker_01384,staker,small_persistent_staker,0.658700088,False,942,0.0,0.002882326,0,0,0,1,0.0,0.007672962
staker_01385,staker,small_persistent_staker,0.978139757,True,943,0.0,0.004442926,0,0,0,0,0.0,0.038960505
staker_01386,staker,small_persistent_staker,4.22409702,False,943,0.0,-0.021224283,0,0,0,1,0.0,0.120631447
staker_01387,staker,small_persistent_staker,2.668847269,False,944,0.0,-0.011532237,0,0,0,1,0.0,0.076216741
staker_01388,staker,staker_whale,41.092888767,False,944,0.0,-0.106241362,0,0,0,1,0.0,0.0
staker_01389,staker,small_persistent_staker,0.8415149,False,945,0.0,-0.000719987,0,0,0,1,0.0,0.009874734
staker_01390,staker,small_persistent_staker,4.473825679,False,947,0.0,-0.017876804,0,0,0,1,0.0,0.102139397
staker_01391,staker,small_persistent_staker,1.029517954,False,948,0.0,-0.001748988,0,0,0,1,0.0,0.016767662
staker_01392,staker,small_persistent_staker,6.341506648,False,948,0.0,0.044030501,0,0,0,1,0.0,0.073973467
staker_01393,staker,small_persistent_staker,1.758019953,True,949,0.0,0.014941053,0,0,0,0,0.0,0.070024089
staker_01394,staker,small_persistent_staker,6.202419462,False,950,0.0,0.005847321,0,0,0,1,0.0,0.100876845
staker_01395,staker,small_persistent_staker,1.183906968,False,950,0.0,0.00268052,0,0,0,1,0.0,0.013892525
staker_01396,staker,small_persistent_staker,2.945144053,False,951,0.0,0.012834672,0,0,0,1,0.0,0.034511347
staker_01397,staker,small_persistent_staker,3.84009415,True,952,0.0,0.040016808,0,0,0,0,0.0,0.152955656
staker_01398,staker,small_persistent_staker,2.138315753,False,954,0.0,-0.022870883,0,0,0,1,0.0,0.0
staker_01399,staker,small_persistent_staker,2.40653134,True,956,0.0,0.002086595,0,0,0,0,0.0,0.067807324
staker_01400,staker,small_persistent_staker,2.122261897,False,956,0.0,-0.014590718,0,0,0,1,0.0,0.023361223
staker_01401,staker,staker_whale,37.94251652,True,957,0.0,2.008066529,2,0,0,0,0.0,1.048057731
staker_01402,staker,small_persistent_staker,5.343914743,False,957,0.0,-0.022379178,0,0,0,1,0.0,0.058708309
staker_01403,staker,small_persistent_staker,0.97745445,False,958,0.0,-0.004404193,0,0,0,1,0.0,0.016366593
staker_01404,staker,small_persistent_staker,3.657217965,True,958,0.0,0.008284885,0,0,0,0,0.0,0.103047136
staker_01405,staker,small_persistent_staker,4.183151717,False,958,0.0,-0.027873141,0,0,0,1,0.0,0.0
staker_01406,staker,small_persistent_staker,6.773588377,False,959,0.0,-0.042298605,0,0,0,1,0.0,0.03059806
staker_01407,staker,small_persistent_staker,1.913231453,True,960,0.0,0.006316704,0,0,0,0,0.0,0.053907922
staker_01408,staker,small_persistent_staker,3.416545214,False,961,0.0,-0.019580574,0,0,0,1,0.0,0.037683713
staker_01409,staker,small_persistent_staker,1.318558555,True,962,0.0,0.006192582,0,0,0,0,0.0,0.037152197
staker_01410,staker,small_persistent_staker,4.089652717,True,962,0.0,0.019206965,0,0,0,0,0.0,0.115231579
staker_01411,staker,small_persistent_staker,1.484185576,False,964,0.0,-0.004048426,0,0,0,1,0.0,0.006704452
staker_01412,staker,small_persistent_staker,5.902133237,True,965,0.0,0.040046876,0,0,0,0,0.0,0.166300705
staker_01413,staker,small_persistent_staker,1.530691457,True,965,0.0,0.010385975,0,0,0,0,0.0,0.043129333
staker_01414,staker,small_persistent_staker,0.925788861,True,966,0.0,0.006925274,0,0,0,0,0.0,0.026085372
staker_01415,staker,small_persistent_staker,3.049310046,True,967,0.0,0.024928619,0,0,0,0,0.0,0.085918496
staker_01416,staker,small_persistent_staker,1.910800945,True,968,0.0,0.016947743,0,0,0,0,0.0,0.053839439
staker_01417,staker,small_persistent_staker,1.623551327,False,968,0.0,0.001209003,0,0,0,1,0.0,0.027223002
staker_01418,staker,small_persistent_staker,1.25102486,True,969,0.0,0.011758515,0,0,0,0,0.0,0.035249343
staker_01419,staker,small_persistent_staker,11.177725122,False,969,0.0,0.127450439,0,0,0,1,0.0,0.314310897
staker_01420,staker,small_persistent_staker,0.828416383,True,969,0.0,0.007786373,0,0,0,0,0.0,0.023341769
staker_01421,staker,small_persistent_staker,1.24405409,False,969,0.0,0.013417698,0,0,0,1,0.0,0.035003875
staker_01422,staker,small_persistent_staker,4.284294447,True,971,0.0,0.045716463,0,0,0,0,0.0,0.120715876
staker_01423,staker,small_persistent_staker,8.11698824,True,971,0.0,0.086614026,0,0,0,0,0.0,0.228707285
staker_01424,staker,small_persistent_staker,2.207160004,False,972,0.0,0.008803881,0,0,0,1,0.0,0.009956362
staker_01425,staker,small_persistent_staker,2.779409314,False,973,0.0,-0.005438496,0,0,0,1,0.0,0.034080851
staker_01426,staker,small_persistent_staker,1.914415917,False,973,0.0,-0.001550285,0,0,0,1,0.0,0.012435022
staker_01427,staker,small_persistent_staker,2.81355151,True,973,0.0,0.019373275,0,0,0,0,0.0,0.066677889
staker_01428,staker,small_persistent_staker,0.264769084,True,974,0.0,0.001960348,0,0,0,0,0.0,0.006274718
staker_01429,staker,small_persistent_staker,1.399745323,False,976,0.0,0.002892308,0,0,0,1,0.0,0.017127525
staker_01430,staker,small_persistent_staker,0.614169587,True,976,0.0,0.005400478,0,0,0,0,0.0,0.014555103
staker_01431,staker,small_persistent_staker,1.470896069,True,977,0.0,0.013954367,0,0,0,0,0.0,0.034858521
staker_01432,staker,small_persistent_staker,7.07366373,False,978,0.0,-0.019129103,0,0,0,1,0.0,0.0
staker_01433,staker,small_persistent_staker,1.297759532,False,978,0.0,-0.010523705,0,0,0,1,0.0,0.0
staker_01434,staker,small_persistent_staker,1.082111661,True,978,0.0,0.003291203,0,0,0,0,0.0,0.018670012
staker_01435,staker,small_persistent_staker,0.974940511,True,979,0.0,0.003645629,0,0,0,0,0.0,0.016820954
staker_01436,staker,staker_whale,19.892825562,False,979,0.0,-0.107174438,0,0,0,1,0.0,0.0
staker_01437,staker,small_persistent_staker,0.797456366,True,980,0.0,0.003508195,0,0,0,0,0.0,0.013758765
staker_01438,staker,small_persistent_staker,0.74790765,False,985,0.0,0.001237249,0,0,0,1,0.0,0.004295149
staker_01439,staker,small_persistent_staker,5.451917611,True,986,0.0,0.045708262,0,0,0,0,0.0,0.094063643
staker_01440,staker,small_persistent_staker,0.796046616,True,989,0.0,0.008253539,0,0,0,0,0.0,0.013734442
staker_01441,staker,small_persistent_staker,1.055906954,False,990,0.0,0.005328549,0,0,0,1,0.0,0.006063954
staker_01442,staker,small_persistent_staker,0.942249949,True,991,0.0,0.011074415,0,0,0,0,0.0,0.016256934
staker_01443,staker,small_persistent_staker,3.584076183,False,991,0.0,0.049286334,0,0,0,1,0.0,0.06171215
staker_01444,staker,small_persistent_staker,8.248365172,True,992,0.0,0.049861276,0,0,0,0,0.0,0.095228548
staker_01445,staker,small_persistent_staker,2.710358845,True,992,0.0,0.016384089,0,0,0,0,0.0,0.031291478
staker_01446,staker,small_persistent_staker,0.651352662,True,992,0.0,0.00393742,0,0,0,0,0.0,0.007519959
staker_01447,staker,small_persistent_staker,1.509339469,True,993,0.0,0.010174091,0,0,0,0,0.0,0.017425539
staker_01448,staker,small_persistent_staker,4.375033328,True,994,0.0,0.032532918,0,0,0,0,0.0,0.050510382
staker_01449,staker,small_persistent_staker,2.106553508,True,994,0.0,0.015664414,0,0,0,0,0.0,0.02432046
staker_01450,staker,small_persistent_staker,6.113014008,True,995,0.0,0.0497039,0,0,0,0,0.0,0.070575616
staker_01451,staker,small_persistent_staker,2.141181907,True,995,0.0,0.017409594,0,0,0,0,0.0,0.024720249
staker_01452,staker,small_persistent_staker,0.659599833,True,995,0.0,0.005363097,0,0,0,0,0.0,0.007615174
staker_01453,staker,small_persistent_staker,6.513333559,True,995,0.0,0.052958832,0,0,0,0,0.0,0.075197362
staker_01454,staker,small_persistent_staker,1.47664991,True,996,0.0,0.013031645,0,0,0,0,0.0,0.017048133
staker_01455,staker,small_persistent_staker,1.265527337,True,996,0.0,0.011168459,0,0,0,0,0.0,0.014610693
staker_01456,staker,small_persistent_staker,2.411786664,True,998,0.0,-0.004886708,0,0,0,0,0.0,0.0
staker_01457,staker,small_persistent_staker,4.441108308,True,999,0.0,-0.006224086,0,0,0,0,0.0,0.0
staker_01458,staker,small_persistent_staker,1.782944131,True,1000,0.0,-0.001248935,0,0,0,0,0.0,0.0
staker_01459,staker,small_persistent_staker,0.332432395,False,1000,0.0,0.0,0,0,0,1,0.0,0.0
