scenario,seed,capital_scale,activated_draws,activation_rate,player_wins,staker_wins,player_win_rate,avg_stakers,avg_staker_tvl,avg_player_positions,avg_player_tvl,median_funding_minutes,p90_funding_minutes,max_funding_minutes,avg_activation_threshold_pct,avg_pending_withdrawn_positions,draws_reaching_floor,minutes_at_floor,funding_clock_resets,funding_staker_withdrawals,queued_staker_withdrawals,avg_queued_staker_withdrawal_minutes,draws_over_24h_funding,max_abs_conservation_error,draws_per_day,avg_effective_player_wallets,median_largest_player_share,median_player_gini,median_player_winner_profit,median_staker_jackpot,median_staker_prorata,protocol_revenue,protocol_revenue_per_day,protocol_take_per_player_sol,staker_pnl,staker_return_per_draw,player_pnl,player_ev_per_stake,player_pnl_per_stake,profitable_stakers,profitable_staker_rate,stakers,profitable_players,profitable_player_rate,players,stage,case_id,changes,draws,safe_pro_rata_share
small,20280811,0.2,300,1.0,273,27,0.91,30.23,44.40583524468666,5.693333333333333,1.1260877582166666,20.0,40.0,60.0,0.0080680107,0.02,0,0.0,0,11,10,5.0,0,0.0,54.54545454545455,3.368508113333333,0.4586285,0.39684549999999996,0.610886456,0.340247469,0.737202849,11.836920361240214,2.1521673384073114,0.03503847805487146,21.2721293126457,0.0015967968470383253,-33.1090496738859,-0.10593109611771366,-0.09800612617237842,108,0.8181818181818182,132,132,0.22372881355932203,590,pairwise,baseline,{},300,0.6499999999999999
medium,20280817,1.0,300,1.0,278,22,0.9266666666666666,95.56333333333333,467.17451093589665,6.836666666666667,6.802181889586667,40.0,50.0,80.0,0.006979289356666666,0.11333333333333333,0,0.0,6,101,23,5.0,0,0.0,35.55555555555556,3.9474171166666667,0.40362149999999997,0.431983,4.173898328,2.2001152260000003,4.766916322,76.58242281791644,9.076435296938245,0.03752836176244913,58.07304516792086,0.0004143565470611998,-134.65546798583728,-0.09205782154160903,-0.06598640954308056,228,0.4596774193548387,496,150,0.22255192878338279,674,pairwise,baseline,{},300,0.6499999999999999
large,20280829,5.0,300,1.0,259,41,0.8633333333333333,343.2966666666667,8242.681670459844,12.74,63.26825039039,60.0,80.0,120.0,0.0052198811966666665,0.3333333333333333,0,0.0,6,633,113,5.0,0,1e-12,21.001458434613514,6.3043528,0.2874605,0.495649,50.240219172,18.506117258,40.096587393,847.2446396829547,59.31124361416893,0.04463769396999408,1374.4510277990553,0.0005558268060279534,-2221.6956674820035,-0.07847221713517992,-0.11705163615627488,1498,0.722972972972973,2072,151,0.14020427112349118,1077,pairwise,baseline,{},300,0.6499999999999999
small,20280811,0.2,300,1.0,254,46,0.8466666666666667,38.663333333333334,54.38234896748,5.743333333333333,1.2179690034133333,20.0,40.0,60.0,0.007911219166666667,0.056666666666666664,0,0.0,2,15,8,5.0,0,0.0,50.70422535211267,3.3222223233333334,0.453122,0.427999,0.6437207225,0.3792734455,0.7901530109999999,19.881802409727115,3.360304632629935,0.054412447700526494,45.99408619906346,0.0028191798179814666,-65.87588860879058,-0.16662622838026725,-0.18028890287622198,153,0.8895348837209303,172,119,0.19349593495934958,615,pairwise,pair__protocol_fee_rate-0p075__target_risk_probability-0p85,"{""protocol_fee_rate"":0.075,""target_risk_probability"":0.85}",300,0.625
medium,20280817,1.0,300,1.0,240,60,0.8,97.48666666666666,540.5650146943667,7.433333333333334,7.535676681713333,40.0,60.0,80.0,0.006649051836666667,0.13666666666666666,0,0.0,2,118,19,5.0,0,0.0,31.811487481590575,4.140036783333334,0.375613,0.4395105,4.5709713605,1.9631143795,4.089821624000001,133.7556450240949,14.183220090920225,0.05916550947073602,308.1471730550355,0.0019001548668434187,-441.9028180791303,-0.15758361487364309,-0.19547141627925893,473,0.9184466019417475,515,128,0.17510259917920656,731,pairwise,pair__protocol_fee_rate-0p075__target_risk_probability-0p85,"{""protocol_fee_rate"":0.075,""target_risk_probability"":0.85}",300,0.625
large,20280829,5.0,300,1.0,255,45,0.85,343.99,8207.861733501453,12.703333333333333,65.89564307636,60.0,80.0,110.0,0.005292104286666667,0.2733333333333333,0,0.0,3,647,93,5.0,0,1e-12,21.481849825957234,6.352239873333334,0.2837865,0.489503,52.684179187,20.444512188,42.592733724,1347.4412397609196,96.48510120615236,0.06816036067814596,1806.6626727978169,0.0007337122754816432,-3154.10391255874,-0.14874414079467715,-0.15955045307541674,1674,0.7975226298237256,2099,170,0.15440508628519528,1101,pairwise,pair__protocol_fee_rate-0p075__target_risk_probability-0p85,"{""protocol_fee_rate"":0.075,""target_risk_probability"":0.85}",300,0.625
small,20280811,0.2,300,1.0,273,27,0.91,27.543333333333333,31.975080886383335,5.1466666666666665,0.96100562594,20.0,30.0,50.0,0.0077407318,0.03666666666666667,0,0.0,4,9,6,5.0,0,0.0,66.05504587155963,3.1580788666666666,0.460407,0.3880485,0.523152711,0.25531784,0.531912167,14.953954993028846,3.2926139434191954,0.05186912053160207,15.819359704806997,0.0016491341868185557,-30.773314697835872,-0.12380845746841368,-0.10673997413815073,105,0.7664233576642335,137,134,0.2255892255892256,594,pairwise,pair__protocol_fee_rate-0p075__threshold_decay_factor-0p85,"{""protocol_fee_rate"":0.075,""threshold_decay_factor"":0.85}",300,0.625
medium,20280817,1.0,300,1.0,271,29,0.9033333333333333,98.03333333333333,520.3985979795,6.913333333333333,6.32504338091,40.0,50.0,80.0,0.0057744659833333335,0.08666666666666667,0,0.0,3,111,25,5.0,0,0.0,35.64356435643565,4.019325233333333,0.40493049999999997,0.41999699999999995,4.086772465,1.689235111,3.519239816,112.32597719792858,13.345660657179634,0.05919641992071622,73.07580164159353,0.0004680758296000905,-185.4017788395221,-0.10525881316906503,-0.09770777720360216,356,0.688588007736944,517,142,0.20760233918128654,684,pairwise,pair__protocol_fee_rate-0p075__threshold_decay_factor-0p85,"{""protocol_fee_rate"":0.075,""threshold_decay_factor"":0.85}",300,0.625
large,20280829,5.0,300,1.0,275,25,0.9166666666666666,361.03333333333336,7909.528455384427,10.733333333333333,57.72394653328333,50.0,70.0,90.0,0.004541294453333333,0.19666666666666666,0,0.0,1,530,123,5.0,0,1e-12,26.150121065375306,5.392761423333333,0.329785,0.490198,43.137080253,16.625106041,34.635637586,1118.6249657801973,97.50726093967822,0.0645962396868345,285.13972988019475,0.00012016718463415912,-1403.7646956603903,-0.09609968218524548,-0.08106194973178557,617,0.2993692382338671,2061,162,0.1689259645464025,959,pairwise,pair__protocol_fee_rate-0p075__threshold_decay_factor-0p85,"{""protocol_fee_rate"":0.075,""threshold_decay_factor"":0.85}",300,0.625
small,20280811,0.2,300,1.0,279,21,0.93,30.816666666666666,36.376651268193335,7.71,1.4754021609566668,20.0,40.0,50.0,0.008205797666666667,0.02666666666666667,0,0.0,1,13,13,10.0,0,0.0,48.539325842696634,4.45651002,0.3716855,0.4204015,0.915753096,0.266796199,0.555825415,25.59473785106234,4.141171068037053,0.05782544928736905,16.61425683500208,0.0015224286509598803,-42.20899468606445,-0.1357746105008164,-0.09536155814108274,120,0.6857142857142857,175,173,0.17563451776649747,985,pairwise,pair__countdown_minutes-10__protocol_fee_rate-0p075,"{""countdown_minutes"":10,""protocol_fee_rate"":0.075}",300,0.625
medium,20280817,1.0,300,1.0,281,19,0.9366666666666666,97.73,499.76214286998,9.21,9.694024832916666,40.0,60.0,90.0,0.00687192033,0.11666666666666667,0,0.0,4,108,29,10.0,0,0.0,30.486944248412136,4.711273036666666,0.35744600000000004,0.4772295,6.394543824,2.827970947,5.891606139,173.5580279663789,17.637513074917823,0.059678695883211015,74.86061583035608,0.0004993083002809739,-248.41864379673507,-0.12144416353542874,-0.08541984988292793,302,0.5571955719557196,542,167,0.15935114503816794,1048,pairwise,pair__countdown_minutes-10__protocol_fee_rate-0p075,"{""countdown_minutes"":10,""protocol_fee_rate"":0.075}",300,0.625
large,20280829,5.0,300,1.0,269,31,0.8966666666666666,345.10333333333335,8275.825051130854,15.32,77.57405814932,60.0,90.0,120.0,0.00521773296,0.36,0,0.0,3,621,104,10.0,0,1e-12,19.591836734693878,7.304939336666667,0.25896450000000004,0.497212,63.106329443,21.198822942,44.164214462,1593.4017867395385,104.05889219523516,0.06846798292939837,876.2498261334333,0.000352935536424733,-2469.6516128729836,-0.10440226151137827,-0.10612016748001042,958,0.4675451439726696,2049,169,0.11434370771312584,1478,pairwise,pair__countdown_minutes-10__protocol_fee_rate-0p075,"{""countdown_minutes"":10,""protocol_fee_rate"":0.075}",300,0.625
small,20280811,0.2,300,1.0,274,26,0.9133333333333333,38.733333333333334,41.24016468272,5.593333333333334,1.1421768827566667,20.0,40.0,60.0,0.008164796366666666,0.02,0,0.0,1,13,8,5.0,0,0.0,57.37051792828685,3.4686905333333335,0.42628,0.3870555,0.6089332855,0.2696067445,0.5616807175,17.582587509852342,3.362407173198854,0.051313089870448116,15.081552666835455,0.0012190019756116348,-32.6641401766878,-0.12309308267937016,-0.09532715019834839,129,0.7914110429447853,163,131,0.21617161716171618,606,pairwise,pair__max_early_boost-0__protocol_fee_rate-0p075,"{""max_early_boost"":0.0,""protocol_fee_rate"":0.075}",300,0.625
medium,20280817,1.0,300,1.0,267,33,0.89,94.46666666666667,555.5989098212,7.306666666666667,7.660658341496666,40.0,60.0,80.0,0.006730761546666667,0.08,0,0.0,4,107,15,5.0,0,0.0,32.677760968229954,4.054330903333334,0.3826305,0.446718,5.053204165,2.028889867,4.226853889,137.7229512023161,15.001592264094946,0.05992650808103136,125.6143280427936,0.0007536271569432355,-263.33727924510964,-0.10729610996358128,-0.11458426830787725,361,0.7352342158859471,491,144,0.2011173184357542,716,pairwise,pair__max_early_boost-0__protocol_fee_rate-0p075,"{""max_early_boost"":0.0,""protocol_fee_rate"":0.075}",300,0.625
large,20280829,5.0,300,1.0,261,39,0.87,340.6666666666667,7861.226892820653,12.543333333333333,65.74347633520334,60.0,80.0,110.0,0.005350709446666667,0.34,0,0.0,5,601,109,5.0,0,1e-12,21.75226586102719,5.97431378,0.29802649999999997,0.504722,52.163299781,18.506117258,38.554410955,1301.3180626930853,94.35538823152281,0.06597957877260756,999.6285766835803,0.00042386453171260134,-2300.9466393766666,-0.09925070815318292,-0.11666286236751065,1354,0.6650294695481336,2036,152,0.14545454545454545,1045,pairwise,pair__max_early_boost-0__protocol_fee_rate-0p075,"{""max_early_boost"":0.0,""protocol_fee_rate"":0.075}",300,0.625
small,20280811,0.2,300,1.0,272,28,0.9066666666666666,33.29333333333334,29.522861153283333,4.673333333333333,0.8245183084933333,10.0,20.0,40.0,0.00447816106,0.006666666666666667,1,30.0,1,10,7,5.0,0,0.0,88.70636550308008,2.9895028366666665,0.4927605,0.356112,0.39617185450000003,0.17236249850000002,0.35908853949999997,12.673464114222615,3.747389799688001,0.05123583060021725,14.585243041206896,0.0016467738865687846,-27.258707155429494,-0.12200470443461202,-0.11020053314619616,122,0.7721518987341772,158,144,0.2521891418563923,571,pairwise,pair__protocol_fee_rate-0p075__risk_threshold_pct_of_safe_tvl-0p005,"{""protocol_fee_rate"":0.075,""risk_threshold_pct_of_safe_tvl"":0.005}",300,0.625
medium,20280817,1.0,300,1.0,269,31,0.8966666666666666,100.12,454.59659511466333,5.6033333333333335,5.528114080586667,20.0,40.0,60.0,0.004039963533333333,0.023333333333333334,0,0.0,2,63,26,5.0,0,0.0,55.10204081632653,3.3921085433333333,0.4430225,0.4032405,3.253670801,1.293159819,2.694082956,93.01040620902603,17.08354399757621,0.056083265078082055,79.97139162876954,0.0005863908975428957,-172.98179783779574,-0.10411194988329779,-0.10430428612490955,334,0.6626984126984127,504,140,0.22950819672131148,610,pairwise,pair__protocol_fee_rate-0p075__risk_threshold_pct_of_safe_tvl-0p005,"{""protocol_fee_rate"":0.075,""risk_threshold_pct_of_safe_tvl"":0.005}",300,0.625
large,20280829,5.0,300,1.0,270,30,0.9,383.75,10245.20177766108,9.946666666666667,54.79662805507667,40.0,60.0,100.0,0.00316575453,0.18666666666666668,0,0.0,5,506,112,5.0,0,1e-12,28.973843058350102,5.20835482,0.3332545,0.4652215,40.2894919925,16.961198512000003,35.3358302325,1063.3226720899909,102.69514740506955,0.0646829747152345,625.6643746343989,0.0002035633812498825,-1688.987046724395,-0.09411523864008205,-0.10274276031649071,1134,0.5364238410596026,2114,151,0.16557017543859648,912,pairwise,pair__protocol_fee_rate-0p075__risk_threshold_pct_of_safe_tvl-0p005,"{""protocol_fee_rate"":0.075,""risk_threshold_pct_of_safe_tvl"":0.005}",300,0.625
small,20280811,0.2,300,1.0,267,33,0.89,35.54,44.57033685424334,5.733333333333333,1.1113831881633334,20.0,40.0,70.0,0.00804178893,0.04666666666666667,0,0.0,1,20,6,5.0,0,0.0,54.06758448060076,3.40090561,0.4392115,0.405723,0.605611253,0.288738025,0.601537552,17.126394888777188,3.086609341656965,0.051366606558925866,22.180010654162512,0.001658802110672617,-39.306405542939736,-0.12392824516975795,-0.1178903488960673,149,0.8764705882352941,170,131,0.21475409836065573,610,pairwise,pair__protocol_fee_rate-0p075__risk_tvl_erosion_cap_rate-0p035,"{""protocol_fee_rate"":0.075,""risk_tvl_erosion_cap_rate"":0.035}",300,0.625
medium,20280817,1.0,300,1.0,276,24,0.92,101.78333333333333,500.38762924454335,7.296666666666667,7.308329851053333,40.0,60.0,80.0,0.0068416289299999995,0.12333333333333334,0,0.0,3,101,26,5.0,0,0.0,33.75,4.16043267,0.379407,0.4352495,4.5002324635,2.021168966,4.210768679,122.832838091451,13.818694285288236,0.056024126166001866,87.53189613879495,0.000583093925742766,-210.36473423024586,-0.12000137133874576,-0.09594747296010742,372,0.7140115163147792,521,143,0.2011251758087201,711,pairwise,pair__protocol_fee_rate-0p075__risk_tvl_erosion_cap_rate-0p035,"{""protocol_fee_rate"":0.075,""risk_tvl_erosion_cap_rate"":0.035}",300,0.625
large,20280829,5.0,300,1.0,271,29,0.9033333333333333,343.57666666666665,8627.66900308665,12.856666666666667,65.83343360251666,70.0,90.0,120.0,0.005199280343333334,0.3333333333333333,0,0.0,1,634,112,5.0,0,1e-12,20.90997095837367,6.42960026,0.27349049999999997,0.4874385,48.547469397,20.072232041,41.817150086,1256.0517727672363,87.54668696925559,0.06359746125101702,1210.1289446298958,0.00046753800445093494,-2466.180717397136,-0.1256151195988444,-0.12486971955552845,1547,0.7245901639344262,2135,157,0.14156898106402163,1109,pairwise,pair__protocol_fee_rate-0p075__risk_tvl_erosion_cap_rate-0p035,"{""protocol_fee_rate"":0.075,""risk_tvl_erosion_cap_rate"":0.035}",300,0.625
small,20280811,0.2,300,1.0,271,29,0.9033333333333333,30.616666666666667,39.11586670761667,5.513333333333334,1.04772476258,20.0,40.0,60.0,0.00896134679,0.04,0,0.0,3,16,9,5.0,0,0.0,53.46534653465347,3.4005300066666666,0.43723049999999997,0.386662,0.569416644,0.278158243,0.57949634,16.994829598631036,3.0287815126273134,0.054069001725165704,19.301613591777823,0.00164482388830885,-36.29644319040884,-0.12240267002959491,-0.11547703012201298,136,0.8553459119496856,159,129,0.23076923076923078,559,pairwise,pair__protocol_fee_rate-0p075__threshold_decay_factor-0p95,"{""protocol_fee_rate"":0.075,""threshold_decay_factor"":0.95}",300,0.625
medium,20280817,1.0,300,1.0,274,26,0.9133333333333333,95.27,516.0781703358566,7.703333333333333,8.19451237984,40.0,70.0,110.0,0.0080468253,0.12333333333333334,0,0.0,3,98,31,5.0,0,0.0,29.690721649484537,4.287386133333333,0.387828,0.4410985,5.3030870975,2.527322002,5.2652541715000005,144.18528632560552,14.26988400748261,0.058651155652380105,103.84809179721744,0.0006707516920652707,-248.0333781228232,-0.11253520111167441,-0.10089409701913464,360,0.7302231237322515,493,146,0.1989100817438692,734,pairwise,pair__protocol_fee_rate-0p075__threshold_decay_factor-0p95,"{""protocol_fee_rate"":0.075,""threshold_decay_factor"":0.95}",300,0.625
large,20280829,5.0,300,1.0,269,31,0.8966666666666666,317.2366666666667,7618.489397642887,14.336666666666666,74.48835656024667,70.0,100.0,140.0,0.006863333183333333,0.47,0,0.0,7,702,102,5.0,0,1e-12,18.03757828810021,6.66389634,0.27253950000000005,0.5153455,60.105527679,21.923947338,45.674890287,1507.998554525543,90.6688066186548,0.06748251781273865,876.9374459646051,0.00038368824412703307,-2384.936000490148,-0.10245035880093764,-0.10672522573203307,1109,0.5545,2000,165,0.14236410698878343,1159,pairwise,pair__protocol_fee_rate-0p075__threshold_decay_factor-0p95,"{""protocol_fee_rate"":0.075,""threshold_decay_factor"":0.95}",300,0.625
small,20280811,0.2,300,1.0,275,25,0.9166666666666666,35.62,45.631230714986664,10.933333333333334,2.184482484226667,20.0,40.0,50.0,0.008021358,0.03333333333333333,0,0.0,2,19,8,15.0,0,0.0,39.09502262443439,5.719409293333333,0.308833,0.45484800000000003,1.530784242,0.755469034,1.57389382,40.55226692181355,5.28463930926801,0.06187928905301573,47.62404189345225,0.003478906964027387,-88.1763088152657,-0.14236831055160476,-0.13454950154396458,141,0.8703703703703703,162,196,0.13189771197846567,1486,pairwise,pair__countdown_minutes-15__protocol_fee_rate-0p075,"{""countdown_minutes"":15,""protocol_fee_rate"":0.075}",300,0.625
medium,20280817,1.0,300,1.0,264,36,0.88,96.02,701.36599850088,13.256666666666666,13.580811611633333,50.0,70.0,100.0,0.006171269023333334,0.16666666666666666,0,0.0,4,126,30,15.0,0,0.0,22.99095263437999,6.547543023333334,0.27830449999999995,0.4794695,9.598280631,4.3293897665,9.019562014000002,267.35537402540155,20.489182469216512,0.0656208631390838,365.31091325076454,0.0017361877347518543,-632.6662872761668,-0.12697000886082188,-0.15528435888525274,430,0.8447937131630648,509,183,0.11296296296296296,1620,pairwise,pair__countdown_minutes-15__protocol_fee_rate-0p075,"{""countdown_minutes"":15,""protocol_fee_rate"":0.075}",300,0.625
large,20280829,5.0,300,1.0,264,36,0.88,343.19,7859.604196343606,17.676666666666666,90.94796759814666,60.0,90.0,110.0,0.005324386676666667,0.24,0,0.0,1,616,89,15.0,0,1e-12,18.79077859939104,7.927981353333333,0.2418615,0.515557,74.13291594649999,23.463538984000003,48.882372884,1893.5963447610168,118.60716557006803,0.06940218657507066,1648.3077057249002,0.0006990630675319567,-3541.9040504859163,-0.11285052247974933,-0.12981430093214794,1531,0.7471937530502685,2049,195,0.09908536585365854,1968,pairwise,pair__countdown_minutes-15__protocol_fee_rate-0p075,"{""countdown_minutes"":15,""protocol_fee_rate"":0.075}",300,0.625
small,20280811,0.2,300,1.0,268,32,0.8933333333333333,33.346666666666664,35.3108014834,5.27,1.0371717875833333,20.0,30.0,50.0,0.008351280666666665,0.02666666666666667,0,0.0,2,16,6,5.0,0,0.0,62.882096069869,3.29047119,0.45243049999999996,0.38723549999999995,0.549335335,0.2359324495,0.491525937,16.154100971822437,3.386012430775009,0.051917149968834495,22.05404414761743,0.002081897816072445,-38.20814511943984,-0.1239498827826366,-0.12279593916473809,102,0.6335403726708074,161,126,0.22826086956521738,552,pairwise,pair__max_early_boost-0p75__protocol_fee_rate-0p075,"{""max_early_boost"":0.75,""protocol_fee_rate"":0.075}",300,0.625
medium,20280817,1.0,300,1.0,270,30,0.9,100.59333333333333,486.04566484470666,7.033333333333333,7.37963064347,40.0,50.0,70.0,0.006932888023333333,0.1,0,0.0,4,90,27,5.0,0,0.0,35.179153094462535,3.9558070633333333,0.4021055,0.442396,4.678729075,1.9587429865,4.0807145545,129.90776083682343,15.233483355458121,0.05867852882843788,123.03069087096245,0.0008437526194873836,-252.93845170778621,-0.11022338608626234,-0.11425072786066111,318,0.6334661354581673,502,136,0.19941348973607037,682,pairwise,pair__max_early_boost-0p75__protocol_fee_rate-0p075,"{""max_early_boost"":0.75,""protocol_fee_rate"":0.075}",300,0.625
large,20280829,5.0,300,1.0,264,36,0.88,339.6166666666667,7569.12268074098,11.87,61.20348164553667,60.0,80.0,110.0,0.005521256336666666,0.22,0,0.0,3,586,83,5.0,0,1e-12,22.89348171701113,5.90158571,0.29639099999999996,0.48949750000000003,46.461895954,17.597891150000002,36.6622732295,1210.573283207149,92.38079108735,0.06593161318383009,986.0893310423472,0.00043425963291244293,-2196.6626142494965,-0.0978281312172184,-0.11963712712574046,1485,0.7503789792824659,1979,151,0.1499503475670308,1007,pairwise,pair__max_early_boost-0p75__protocol_fee_rate-0p075,"{""max_early_boost"":0.75,""protocol_fee_rate"":0.075}",300,0.625
small,20280811,0.2,300,1.0,271,29,0.9033333333333333,39.05,35.714865082993335,5.37,1.1069556997666667,20.0,30.0,50.0,0.008359616,0.02666666666666667,0,0.0,2,18,8,5.0,0,0.0,62.9737609329446,3.20471419,0.4733045,0.393063,0.550557087,0.263138129,0.548204436,17.09097615161404,3.587610154274667,0.05146540238004897,21.116829927504256,0.0019708721544407794,-38.20780607911828,-0.1481506123372097,-0.11505370415808575,150,0.8333333333333334,180,141,0.23460898502495842,601,pairwise,pair__protocol_fee_rate-0p075__target_risk_probability-0p875,"{""protocol_fee_rate"":0.075,""target_risk_probability"":0.875}",300,0.625
medium,20280817,1.0,300,1.0,266,34,0.8866666666666667,99.09,548.1142056528533,7.1433333333333335,7.235568318713334,40.0,60.0,90.0,0.0067958699266666665,0.14333333333333334,0,0.0,5,103,25,5.0,0,0.0,33.51435221101629,4.05875823,0.3869015,0.4285305,4.622290447499999,1.8961483725,3.9503091095,126.30486132989658,14.110085361912418,0.05818702635204417,120.2504058359959,0.0007312977514285662,-246.55526716589236,-0.13061758865799858,-0.1135848428695538,387,0.7529182879377432,514,137,0.19460227272727273,704,pairwise,pair__protocol_fee_rate-0p075__target_risk_probability-0p875,"{""protocol_fee_rate"":0.075,""target_risk_probability"":0.875}",300,0.625
large,20280829,5.0,300,1.0,249,51,0.83,333.72,8476.053955104804,12.613333333333333,65.67432381253667,60.0,80.0,110.0,0.00524030541,0.36,0,0.0,8,599,88,5.0,0,1e-12,21.176470588235293,6.2110597966666665,0.287191,0.4891335,52.083684317,18.604235282,38.758823504,1347.542323642781,95.12063461007865,0.06839518832805207,1892.1066987445581,0.0007440988887700565,-3239.649022387346,-0.12342498289344195,-0.1644300153808817,1765,0.8781094527363185,2010,159,0.14915572232645402,1066,pairwise,pair__protocol_fee_rate-0p075__target_risk_probability-0p875,"{""protocol_fee_rate"":0.075,""target_risk_probability"":0.875}",300,0.625
small,20280811,0.2,300,1.0,255,45,0.85,37.48,54.741363825533334,5.726666666666667,1.20383258385,20.0,40.0,60.0,0.007894924066666666,0.03666666666666667,0,0.0,3,13,8,5.0,0,0.0,50.408401400233366,3.405373593333333,0.4376375,0.420921,0.65545198,0.325808308,0.695057724,15.725813102760707,2.642376997430037,0.043543743301546874,43.571699424168166,0.002653185597338294,-59.29751252692881,-0.15841024130650888,-0.16419091636282823,149,0.8869047619047619,168,120,0.1938610662358643,619,pairwise,pair__protocol_fee_rate-0p06__target_risk_probability-0p85,"{""protocol_fee_rate"":0.06,""target_risk_probability"":0.85}",300,0.6399999999999999
medium,20280817,1.0,300,1.0,252,48,0.84,104.47666666666667,566.4712817826734,7.346666666666667,7.71418948543,40.0,60.0,100.0,0.006660511573333333,0.14666666666666667,0,0.0,6,108,32,5.0,0,0.0,31.788079470198674,4.1349704633333335,0.38112199999999996,0.4480735,5.266652725,1.8053205275,3.8513504585,110.32098678611457,11.68964098395916,0.04767015683435508,200.1892350898302,0.0011779899030352654,-310.51022187594475,-0.14697975142462996,-0.13417275721249913,457,0.8738049713193117,523,129,0.18481375358166188,698,pairwise,pair__protocol_fee_rate-0p06__target_risk_probability-0p85,"{""protocol_fee_rate"":0.06,""target_risk_probability"":0.85}",300,0.6399999999999999
large,20280829,5.0,300,1.0,246,54,0.82,340.2,8123.360347304253,12.596666666666666,67.17897865247,60.0,80.0,110.0,0.005324149243333334,0.29333333333333333,0,0.0,7,597,104,5.0,0,1e-12,21.664994984954866,6.174579113333333,0.2916515,0.4940175,53.1033354275,19.6377899625,41.89395192,1099.9185429711088,79.43243239109312,0.05457652403743746,2249.5074320914196,0.0009230611208155672,-3349.425975062523,-0.13809894722552965,-0.16619414992844542,1655,0.8184965380811078,2022,144,0.13610586011342155,1058,pairwise,pair__protocol_fee_rate-0p06__target_risk_probability-0p85,"{""protocol_fee_rate"":0.06,""target_risk_probability"":0.85}",300,0.6399999999999999
small,20280811,0.2,300,1.0,273,27,0.91,27.543333333333333,32.06402085290333,5.1466666666666665,0.96261556697,20.0,30.0,50.0,0.0077407318,0.03666666666666667,0,0.0,4,9,6,5.0,0,0.0,66.05504587155963,3.1575655466666666,0.4597385,0.388363,0.53228639,0.25531784,0.54467806,11.98410845944579,2.6387027800614584,0.04149842322194399,16.203416728636924,0.0016844858398526704,-28.187525188082727,-0.1149057595685965,-0.09760741516923466,105,0.7664233576642335,137,135,0.22727272727272727,594,pairwise,pair__protocol_fee_rate-0p06__threshold_decay_factor-0p85,"{""protocol_fee_rate"":0.06,""threshold_decay_factor"":0.85}",300,0.6399999999999999
medium,20280817,1.0,300,1.0,261,39,0.87,99.15666666666667,547.6020198333466,6.913333333333333,6.9339242462033335,30.0,50.0,70.0,0.005778746603333333,0.07333333333333333,0,0.0,0,110,25,5.0,0,0.0,35.82089552238806,4.000462616666667,0.3907445,0.42050750000000003,4.527516223,1.97126186,4.205358634,97.90113057297835,11.68968723259443,0.04706384008862131,192.3130183888204,0.0011706373815503677,-290.2141489617987,-0.095680790727682,-0.13951414266878104,424,0.8107074569789675,523,138,0.2020497803806735,683,pairwise,pair__protocol_fee_rate-0p06__threshold_decay_factor-0p85,"{""protocol_fee_rate"":0.06,""threshold_decay_factor"":0.85}",300,0.6399999999999999
large,20280829,5.0,300,1.0,270,30,0.9,359.13666666666666,8056.5497214700235,10.913333333333334,58.997373689886665,50.0,70.0,100.0,0.004483338756666667,0.19666666666666666,0,0.0,2,581,91,5.0,0,1e-12,25.74493444576877,5.459420176666667,0.313754,0.49361,44.573319393999995,15.9086578645,33.9384701105,932.3542480322126,80.01132998607783,0.05267772612687428,501.3688557085086,0.00020743737416212756,-1433.7231037407244,-0.08532861470578569,-0.08100491112688787,961,0.46515004840271057,2066,159,0.16257668711656442,978,pairwise,pair__protocol_fee_rate-0p06__threshold_decay_factor-0p85,"{""protocol_fee_rate"":0.06,""threshold_decay_factor"":0.85}",300,0.6399999999999999
small,20280811,0.2,300,1.0,267,33,0.89,36.57,41.16731521582667,8.066666666666666,1.6104535972433334,20.0,40.0,50.0,0.008159231999999999,0.03,0,0.0,4,16,9,10.0,0,0.0,47.68211920529801,4.474347756666667,0.36434350000000004,0.439855,1.081839872,0.388290026,0.828352055,23.138063138968135,3.6775729492399685,0.047891399827920796,36.66937033157099,0.002969133007526769,-59.807433470539166,-0.12517096027745467,-0.12379003773204772,129,0.8716216216216216,148,175,0.17292490118577075,1012,pairwise,pair__countdown_minutes-10__protocol_fee_rate-0p06,"{""countdown_minutes"":10,""protocol_fee_rate"":0.06}",300,0.6399999999999999
medium,20280817,1.0,300,1.0,276,24,0.92,99.30666666666667,482.69098068282665,9.403333333333334,9.816184326006667,40.0,60.0,90.0,0.00688121058,0.11333333333333333,0,0.0,6,105,23,10.0,0,0.0,30.61658398299079,5.074093026666667,0.32875350000000003,0.452329,7.1281493515,2.296876805,4.9000038505,142.99869112478282,14.593771454265577,0.04855881755260276,104.82013795461891,0.0007238595164021071,-247.8188290794018,-0.11312491981117667,-0.08415314303027754,313,0.5928030303030303,528,171,0.16301239275500476,1049,pairwise,pair__countdown_minutes-10__protocol_fee_rate-0p06,"{""countdown_minutes"":10,""protocol_fee_rate"":0.06}",300,0.6399999999999999
large,20280829,5.0,300,1.0,264,36,0.88,339.76,8302.525902993997,15.42,78.23516521236333,60.0,90.0,120.0,0.005166861233333334,0.3333333333333333,0,0.0,2,640,94,10.0,0,1e-12,19.380888290713326,7.327026686666667,0.260232,0.501922,63.307044089,22.471885052,47.9400214435,1300.668947380262,84.02706524125514,0.05541706400396359,1424.424692396049,0.0005718840703977341,-2725.0936397763053,-0.09279659732882412,-0.11610693786181912,1208,0.5909980430528375,2044,179,0.11925383077948035,1501,pairwise,pair__countdown_minutes-10__protocol_fee_rate-0p06,"{""countdown_minutes"":10,""protocol_fee_rate"":0.06}",300,0.6399999999999999
small,20280811,0.2,300,1.0,274,26,0.9133333333333333,38.733333333333334,41.36749181999,5.593333333333334,1.14420920651,20.0,40.0,60.0,0.008164796366666666,0.02,0,0.0,1,13,8,5.0,0,0.0,57.37051792828685,3.4673620433333334,0.42628,0.38791200000000003,0.620633632,0.269781908,0.575534737,14.088003950267586,2.6941202773420083,0.04104145719190049,15.465890801866655,0.0012462193638397867,-29.55389475213427,-0.11392823012104951,-0.08609700214490734,129,0.7914110429447853,163,131,0.21617161716171618,606,pairwise,pair__max_early_boost-0__protocol_fee_rate-0p06,"{""max_early_boost"":0.0,""protocol_fee_rate"":0.06}",300,0.6399999999999999
medium,20280817,1.0,300,1.0,270,30,0.9,102.66666666666667,484.25551517262335,6.996666666666667,6.605235959173333,40.0,50.0,80.0,0.0069287387,0.08333333333333333,0,0.0,4,120,21,5.0,0,0.0,34.97975708502024,4.10680261,0.379238,0.4249005,4.4610404515,1.5779024869999998,3.3661919725000002,94.42319292380634,11.00966783888916,0.04765067869764327,91.85984922596144,0.0006323097782597685,-186.2830421497678,-0.09754534225338544,-0.09400776560755487,305,0.594541910331384,513,146,0.20916905444126074,698,pairwise,pair__max_early_boost-0__protocol_fee_rate-0p06,"{""max_early_boost"":0.0,""protocol_fee_rate"":0.06}",300,0.6399999999999999
large,20280829,5.0,300,1.0,272,28,0.9066666666666666,360.4433333333333,7884.14849254991,12.136666666666667,63.99556781127,60.0,80.0,110.0,0.005396024443333334,0.29,0,0.0,5,605,104,5.0,0,0.0,22.040816326530614,6.03577726,0.29714799999999997,0.489693,49.180226995,18.810841142,40.129794436,1030.1796569728128,75.6866686755536,0.053658906504844395,561.4232632236633,0.00023736372788774746,-1591.6029201964734,-0.08681868822077375,-0.08290172661593714,1026,0.4920863309352518,2085,159,0.16012084592145015,993,pairwise,pair__max_early_boost-0__protocol_fee_rate-0p06,"{""max_early_boost"":0.0,""protocol_fee_rate"":0.06}",300,0.6399999999999999
small,20280811,0.2,300,1.0,272,28,0.9066666666666666,33.29333333333334,29.598736762106668,4.673333333333333,0.8254688650133333,10.0,20.0,40.0,0.00447751283,0.006666666666666667,1,30.0,1,10,7,5.0,0,0.0,88.70636550308008,2.989070206666667,0.492575,0.3565575,0.4030324195,0.17236249850000002,0.36770666399999996,10.150849400033444,3.001483190153626,0.04099023730741393,14.913802812269253,0.001679553976929901,-25.064652212302686,-0.11330816473300187,-0.10121380011870743,124,0.7848101265822784,158,144,0.2521891418563923,571,pairwise,pair__protocol_fee_rate-0p06__risk_threshold_pct_of_safe_tvl-0p005,"{""protocol_fee_rate"":0.06,""risk_threshold_pct_of_safe_tvl"":0.005}",300,0.6399999999999999
medium,20280817,1.0,300,1.0,265,35,0.8833333333333333,103.91,497.80843670880336,5.773333333333333,5.75758326768,20.0,40.0,60.0,0.0039571532,0.03,0,0.0,4,69,26,5.0,0,0.0,51.18483412322275,3.4610203,0.441222,0.404181,3.54305728,1.28253022,2.736064469,78.18867097758371,13.340247181009545,0.04526706625706035,110.91782850073814,0.0007427075713036466,-189.1064994783218,-0.09343468910049024,-0.10948256741670588,408,0.8015717092337917,509,137,0.21439749608763695,639,pairwise,pair__protocol_fee_rate-0p06__risk_threshold_pct_of_safe_tvl-0p005,"{""protocol_fee_rate"":0.06,""risk_threshold_pct_of_safe_tvl"":0.005}",300,0.6399999999999999
large,20280829,5.0,300,1.0,269,31,0.8966666666666666,389.88666666666666,9678.672582884097,9.856666666666667,54.062250643556666,40.0,60.0,100.0,0.00324210405,0.13,0,0.0,5,485,110,5.0,0,1e-12,30.337078651685392,5.12256174,0.331951,0.4757115,40.993831726,15.531635339,33.134155389,835.8798434404528,84.52717517937162,0.051538108599509205,567.4250344538243,0.00019542109367947378,-1403.3048778942757,-0.08277703692296728,-0.08652401390306846,1026,0.4939817043813192,2077,166,0.18181818181818182,913,pairwise,pair__protocol_fee_rate-0p06__risk_threshold_pct_of_safe_tvl-0p005,"{""protocol_fee_rate"":0.06,""risk_threshold_pct_of_safe_tvl"":0.005}",300,0.6399999999999999
small,20280811,0.2,300,1.0,275,25,0.9166666666666666,30.206666666666667,44.59740386716667,5.716666666666667,1.1228108971033333,20.0,40.0,60.0,0.008052914033333332,0.02,0,0.0,0,12,10,5.0,0,0.0,54.203262233375156,3.3799439466666668,0.4570465,0.396404,0.600787786,0.360463823,0.768989489,14.021553247270898,2.533379758603525,0.04162634237413794,20.65475556813845,0.0015437935677196685,-34.67630881540933,-0.1150087866607938,-0.1029449360970416,107,0.7867647058823529,136,133,0.2239057239057239,594,pairwise,pair__protocol_fee_rate-0p06__risk_tvl_erosion_cap_rate-0p035,"{""protocol_fee_rate"":0.06,""risk_tvl_erosion_cap_rate"":0.035}",300,0.6399999999999999
medium,20280817,1.0,300,1.0,273,27,0.91,99.55666666666667,482.6126518001,7.21,7.279706736106666,40.0,60.0,90.0,0.006883584163333333,0.09666666666666666,0,0.0,2,93,18,5.0,0,0.0,34.36754176610979,4.049160026666667,0.3970995,0.4428575,4.415249074,1.882311966,4.015598861,96.81489026531877,11.090965949248929,0.04433094801522063,109.23826122184053,0.0007544923160384906,-206.0531514871591,-0.11016573919553378,-0.09435048185167269,380,0.7661290322580645,496,147,0.20704225352112676,710,pairwise,pair__protocol_fee_rate-0p06__risk_tvl_erosion_cap_rate-0p035,"{""protocol_fee_rate"":0.06,""risk_tvl_erosion_cap_rate"":0.035}",300,0.6399999999999999
large,20280829,5.0,300,1.0,268,32,0.8933333333333333,339.18666666666667,8230.24134197668,12.69,64.13658860016666,60.0,80.0,110.0,0.005197395056666667,0.3433333333333333,0,0.0,2,646,88,5.0,0,1e-12,21.001458434613514,6.279803736666667,0.281045,0.4949405,48.807715098,20.355765142499997,43.425632305,997.9213523712722,69.85934600946193,0.051864381634660256,1495.620710496066,0.000605741941356347,-2493.5420628673437,-0.11430309085366051,-0.12959540034224523,1734,0.8393030009680542,2066,160,0.14692378328741965,1089,pairwise,pair__protocol_fee_rate-0p06__risk_tvl_erosion_cap_rate-0p035,"{""protocol_fee_rate"":0.06,""risk_tvl_erosion_cap_rate"":0.035}",300,0.6399999999999999
small,20280811,0.2,300,1.0,271,29,0.9033333333333333,30.616666666666667,39.20559784744667,5.513333333333334,1.04934920595,20.0,40.0,60.0,0.00896134679,0.04,0,0.0,3,16,9,5.0,0,0.0,53.46534653465347,3.3990609133333334,0.437876,0.3864225,0.578755218,0.278158243,0.593404252,13.6151218838393,2.426457365436707,0.04324941530947338,19.75452822639167,0.001679566976061151,-33.369650110230985,-0.1132186462339401,-0.10600109706415836,136,0.8553459119496856,159,130,0.23255813953488372,559,pairwise,pair__protocol_fee_rate-0p06__threshold_decay_factor-0p95,"{""protocol_fee_rate"":0.06,""threshold_decay_factor"":0.95}",300,0.6399999999999999
medium,20280817,1.0,300,1.0,269,31,0.8966666666666666,96.47333333333333,496.9477533436367,7.636666666666667,8.075223047813333,40.0,70.0,100.0,0.008119540256666667,0.11,0,0.0,5,108,20,5.0,0,0.0,30.81312410841655,4.2585705,0.377544,0.444326,5.21314913,2.631161813,5.613145201,114.6715082094795,11.77795804719333,0.04733471242033001,158.93920811731442,0.001066102737815772,-273.61071632679415,-0.10323190116381444,-0.11294248043542038,434,0.8204158790170132,529,141,0.19915254237288135,708,pairwise,pair__protocol_fee_rate-0p06__threshold_decay_factor-0p95,"{""protocol_fee_rate"":0.06,""threshold_decay_factor"":0.95}",300,0.6399999999999999
large,20280829,5.0,300,1.0,267,33,0.89,312.38666666666666,7390.716926953894,14.24,73.51967521260333,70.0,100.0,140.0,0.00692872425,0.43,0,0.0,6,690,103,5.0,0,1e-12,18.477331052181352,6.635679093333334,0.2893485,0.511672,57.85018045,20.801272111,44.376047171,1161.4985102165351,71.53797496628788,0.052661572422970634,1056.7740714726226,0.00047662226453231484,-2218.2725816891575,-0.09108080299527087,-0.10057500822169416,1165,0.5719194894452626,2037,154,0.1320754716981132,1166,pairwise,pair__protocol_fee_rate-0p06__threshold_decay_factor-0p95,"{""protocol_fee_rate"":0.06,""threshold_decay_factor"":0.95}",300,0.6399999999999999
small,20280811,0.2,300,1.0,269,31,0.8966666666666666,39.593333333333334,53.63620883974,10.94,2.2690353508766665,20.0,40.0,60.0,0.007851513833333334,0.06333333333333334,0,0.0,5,21,7,15.0,0,0.0,36.734693877551024,5.628212136666667,0.3172255,0.4571005,1.581667429,0.733749573,1.565332422,34.77609340148902,4.258297151202737,0.05108792654707189,58.1719929467562,0.0036152190348730465,-92.94808634824518,-0.12967346540946323,-0.13654567099381934,165,0.8870967741935484,186,186,0.12601626016260162,1476,pairwise,pair__countdown_minutes-15__protocol_fee_rate-0p06,"{""countdown_minutes"":15,""protocol_fee_rate"":0.06}",300,0.6399999999999999
medium,20280817,1.0,300,1.0,267,33,0.89,94.0,581.4504487961966,12.653333333333334,13.263604521133333,40.0,61.00000000000023,100.0,0.006518255913333333,0.11333333333333333,0,0.0,1,122,31,15.0,0,0.0,25.130890052356023,6.220225416666667,0.296828,0.4869465,9.733623077,4.496229623,9.59195653,207.7534471179447,17.40343012506343,0.0522114097483644,327.5322589865147,0.0018776736674329956,-535.2857061044605,-0.11900776487652936,-0.13452494638029303,422,0.8389662027833003,503,189,0.12138728323699421,1557,pairwise,pair__countdown_minutes-15__protocol_fee_rate-0p06,"{""countdown_minutes"":15,""protocol_fee_rate"":0.06}",300,0.6399999999999999
large,20280829,5.0,300,1.0,262,38,0.8733333333333333,338.12,8248.462451199093,17.6,92.51905565366,60.0,80.0,100.0,0.005249547543333333,0.30666666666666664,0,0.0,0,614,81,15.0,0,1e-12,18.572656921754085,8.187954693333333,0.2404025,0.5057035000000001,75.96761596900001,24.933026208999998,53.1904559115,1555.4258397018996,96.29463496004881,0.05603983700844471,1820.6034964376768,0.0007357344908052177,-3376.029336139584,-0.09916310789508344,-0.12163365742287575,1502,0.751375687843922,1999,189,0.09833506763787721,1922,pairwise,pair__countdown_minutes-15__protocol_fee_rate-0p06,"{""countdown_minutes"":15,""protocol_fee_rate"":0.06}",300,0.6399999999999999
small,20280811,0.2,300,1.0,266,34,0.8866666666666667,32.58,35.02324929647333,5.31,1.0428737800233334,20.0,30.0,60.0,0.008340534066666667,0.02666666666666667,0,0.0,2,19,4,5.0,0,0.0,62.518089725036184,3.2956966933333334,0.4507095,0.389413,0.5431946005,0.264463935,0.564189728,12.93000599819422,2.694530917134541,0.04132812696951341,25.65705160489639,0.002441906649657045,-38.587057603090614,-0.1150536875978223,-0.1233356594129323,110,0.738255033557047,149,122,0.215929203539823,565,pairwise,pair__max_early_boost-0p75__protocol_fee_rate-0p06,"{""max_early_boost"":0.75,""protocol_fee_rate"":0.06}",300,0.6399999999999999
medium,20280817,1.0,300,1.0,268,32,0.8933333333333333,100.81,490.19503951408,7.093333333333334,7.47562572248,40.0,50.0,70.0,0.006911311723333333,0.1,0,0.0,3,93,27,5.0,0,0.0,34.95145631067961,4.000104736666667,0.390246,0.4425215,4.7744427389999995,2.1428288965,4.5713683125,106.62680925925652,12.422540884573573,0.04754420709721483,152.81800972836288,0.0010391646685494011,-259.4448189876199,-0.1004989039259045,-0.11568477280657245,368,0.7287128712871287,505,136,0.19373219373219372,702,pairwise,pair__max_early_boost-0p75__protocol_fee_rate-0p06,"{""max_early_boost"":0.75,""protocol_fee_rate"":0.06}",300,0.6399999999999999
large,20280829,5.0,300,1.0,264,36,0.88,340.41333333333336,7656.81558961282,11.99,62.11494285499,60.0,80.0,110.0,0.005457788503333333,0.25333333333333335,0,0.0,3,599,84,5.0,0,1e-12,22.488287350338364,5.87055594,0.298312,0.49292749999999996,47.239253881500005,17.724852468,37.8130185985,977.0341880887036,73.23941857614436,0.05243151610982626,1097.4486145574128,0.000477765463424161,-2074.4828026461137,-0.08668245203058633,-0.1113249462634183,1599,0.8055415617128463,1985,148,0.1458128078817734,1015,pairwise,pair__max_early_boost-0p75__protocol_fee_rate-0p06,"{""max_early_boost"":0.75,""protocol_fee_rate"":0.06}",300,0.6399999999999999
small,20280811,0.2,300,1.0,268,32,0.8933333333333333,38.223333333333336,44.080757104393335,5.823333333333333,1.0911282970666667,20.0,40.0,80.0,0.00798349394,0.06333333333333334,0,0.0,4,20,11,5.0,0,0.0,52.42718446601942,3.4573455733333334,0.4465115,0.409987,0.622709925,0.228778835,0.4880615145,14.152609216377527,2.473271513541704,0.043235396040425034,20.891664341581148,0.001579802292725667,-35.044273557958626,-0.13662639998603746,-0.10705821259262843,144,0.8323699421965318,173,122,0.2036727879799666,599,pairwise,pair__protocol_fee_rate-0p06__target_risk_probability-0p875,"{""protocol_fee_rate"":0.06,""target_risk_probability"":0.875}",300,0.6399999999999999
medium,20280817,1.0,300,1.0,259,41,0.8633333333333333,100.23,615.6740555124434,7.623333333333333,8.34385818098,40.0,60.0,90.0,0.00657785169,0.12,0,0.0,6,113,20,5.0,0,0.0,31.012203876525486,4.2831357,0.3687395,0.443535,5.602557217,2.062092543,4.399130758,120.80117178910385,12.48770189348956,0.04825951782692595,197.528679883829,0.0010694440135179436,-318.32985167293265,-0.12284559206687136,-0.12717132560992475,337,0.6646942800788954,507,138,0.1882673942701228,733,pairwise,pair__protocol_fee_rate-0p06__target_risk_probability-0p875,"{""protocol_fee_rate"":0.06,""target_risk_probability"":0.875}",300,0.6399999999999999
large,20280829,5.0,300,1.0,256,44,0.8533333333333334,342.2,8448.709476178943,12.76,63.23658118356333,60.0,90.0,110.0,0.00516189353,0.36333333333333334,0,0.0,4,660,93,5.0,0,1e-12,20.72936660268714,6.20382266,0.297758,0.5031625,51.29264188,18.373899160500002,39.1976515435,1024.8042575919942,70.81181050539692,0.054019590054327785,1450.896654903651,0.0005724332451776375,-2475.7009124956485,-0.11093025018598027,-0.1304994074716112,1535,0.7415458937198067,2070,153,0.14127423822714683,1083,pairwise,pair__protocol_fee_rate-0p06__target_risk_probability-0p875,"{""protocol_fee_rate"":0.06,""target_risk_probability"":0.875}",300,0.6399999999999999
small,20280811,0.2,300,1.0,263,37,0.8766666666666667,26.513333333333332,40.78179900094333,5.27,1.00359987259,20.0,30.0,50.0,0.007468554286666667,0.02666666666666667,0,0.0,1,12,6,5.0,0,0.0,60.08344923504868,3.189046053333333,0.46208649999999996,0.39644250000000003,0.55262682,0.268945051,0.582714277,10.5731317460412,2.1175674150624935,0.03511735448496023,27.778649988375683,0.002270510429397939,-38.35178173441694,-0.1550407811104831,-0.12738071809250065,104,0.7703703703703704,135,118,0.20774647887323944,568,pairwise,pair__target_risk_probability-0p85__threshold_decay_factor-0p85,"{""target_risk_probability"":0.85,""threshold_decay_factor"":0.85}",300,0.6499999999999999
medium,20280817,1.0,300,1.0,258,42,0.86,96.50666666666666,563.5860237316666,7.18,7.10387234989,40.0,50.0,80.0,0.005711531693333333,0.1,0,0.0,4,109,25,5.0,0,0.0,34.923201293451896,4.101702203333334,0.3875485,0.422655,4.6091685995,2.0848151914999997,4.517099582,85.5139388869587,9.954735003817342,0.040125504642681636,226.3961132495757,0.001339021336681023,-311.9100521365345,-0.14005568787283554,-0.14635682098152372,449,0.8944223107569721,502,146,0.20534458509142053,711,pairwise,pair__target_risk_probability-0p85__threshold_decay_factor-0p85,"{""target_risk_probability"":0.85,""threshold_decay_factor"":0.85}",300,0.6499999999999999
large,20280829,5.0,300,1.0,247,53,0.8233333333333334,365.51666666666665,9476.339420517623,11.663333333333334,63.381638942163335,60.0,80.0,100.0,0.004174402173333334,0.2966666666666667,0,0.0,7,573,134,5.0,0,1e-12,23.632385120350108,5.64565546,0.3245975,0.5015155,47.867554082,16.255542717,35.220342554,831.8298304276967,65.52707635754285,0.04374715055815839,1820.0561576543214,0.0006402106963066494,-2651.885988082014,-0.12796303957944288,-0.13946657277732488,1560,0.7421503330161751,2102,148,0.14994934143870314,987,pairwise,pair__target_risk_probability-0p85__threshold_decay_factor-0p85,"{""target_risk_probability"":0.85,""threshold_decay_factor"":0.85}",300,0.6499999999999999
small,20280811,0.2,300,1.0,248,52,0.8266666666666667,30.35,54.33849693167,8.44,1.7115442969,20.0,40.0,70.0,0.007841005663333333,0.05333333333333334,0,0.0,6,21,11,10.0,0,0.0,42.023346303501945,4.67532095,0.3525005,0.42874999999999996,1.1117430885,0.5084928245,1.101734453,21.377458730425545,2.9945078377249787,0.041633860074290936,84.3882596075392,0.005176701870232468,-105.7657183379647,-0.16440382139585683,-0.20598496638295422,130,0.8280254777070064,157,153,0.14259086672879775,1073,pairwise,pair__countdown_minutes-10__target_risk_probability-0p85,"{""countdown_minutes"":10,""target_risk_probability"":0.85}",300,0.6499999999999999
medium,20280817,1.0,300,1.0,265,35,0.8833333333333333,98.21666666666667,532.74526210172,10.023333333333333,9.878432175513334,40.0,60.0,90.0,0.0066276286933333334,0.10666666666666667,0,0.0,5,120,23,10.0,0,0.0,28.38370565045992,5.223413746666667,0.3358815,0.471563,7.151676854,2.56697375,5.561776457,123.18455561372396,11.654780557408836,0.0415668375389481,229.4932157443714,0.0014359158874481179,-352.67777135809513,-0.15295631569054052,-0.11900598701357816,449,0.8408239700374532,534,177,0.1555360281195079,1138,pairwise,pair__countdown_minutes-10__target_risk_probability-0p85,"{""countdown_minutes"":10,""target_risk_probability"":0.85}",300,0.6499999999999999
large,20280829,5.0,300,1.0,252,48,0.84,333.51666666666665,8230.229364393117,15.146666666666667,79.50313916342667,60.0,90.0,110.0,0.005243635573333333,0.36333333333333334,0,0.0,5,615,88,10.0,0,2e-12,19.744058500914075,7.167421766666667,0.2687395,0.507483,65.18364985299999,24.038815968,52.0841012645,1090.7509294554677,71.78616720365052,0.0457319858030309,2483.9745887562544,0.0010060370044698904,-3574.7255182117337,-0.13579591044534947,-0.14987775140398385,1574,0.7765170202269364,2027,178,0.11866666666666667,1500,pairwise,pair__countdown_minutes-10__target_risk_probability-0p85,"{""countdown_minutes"":10,""target_risk_probability"":0.85}",300,0.6499999999999999
small,20280811,0.2,300,1.0,255,45,0.85,36.07333333333333,36.55185477706333,5.24,1.1193885866,20.0,30.0,50.0,0.008394203,0.03333333333333333,0,0.0,4,10,7,5.0,0,0.0,64.28571428571428,3.13091662,0.4830015,0.39941899999999997,0.578339845,0.305500265,0.66191724,11.718116670010028,2.5110250007164345,0.034894396251327106,43.40059493554941,0.003957901744453903,-55.11871160555941,-0.15795229671742872,-0.16413338574699193,159,0.8983050847457628,177,124,0.21124361158432708,587,pairwise,pair__max_early_boost-0__target_risk_probability-0p85,"{""max_early_boost"":0.0,""target_risk_probability"":0.85}",300,0.6499999999999999
medium,20280817,1.0,300,1.0,258,42,0.86,102.68666666666667,571.40577033146,7.403333333333333,7.84555342823,40.0,60.0,100.0,0.0066893594033333335,0.12,0,0.0,3,96,29,5.0,0,0.0,32.09509658246657,4.141768363333333,0.376988,0.43933,5.035655718499999,1.891367934,4.0979638565,93.42475678238186,9.99492197374665,0.039693293633146644,189.75837935556203,0.0011069680497246138,-283.18313613794385,-0.14135852936222665,-0.12031576813051427,468,0.8780487804878049,533,133,0.18549511854951187,717,pairwise,pair__max_early_boost-0__target_risk_probability-0p85,"{""max_early_boost"":0.0,""target_risk_probability"":0.85}",300,0.6499999999999999
large,20280829,5.0,300,1.0,258,42,0.86,348.79,8349.065850736974,12.5,67.36501931421,60.0,80.0,110.0,0.005289266266666667,0.27666666666666667,0,0.0,3,636,108,5.0,0,1e-12,21.460506706408346,6.090821013333334,0.292533,0.491888,52.2484661355,18.204580974499997,39.4432587775,897.2049015058044,64.18157268595918,0.04439519257123539,1555.3694573743205,0.0006209754421156899,-2452.5743588801183,-0.13061166799819235,-0.12135746335649376,1632,0.7816091954022989,2088,154,0.14583333333333334,1056,pairwise,pair__max_early_boost-0__target_risk_probability-0p85,"{""max_early_boost"":0.0,""target_risk_probability"":0.85}",300,0.6499999999999999
small,20280811,0.2,300,1.0,263,37,0.8766666666666667,24.683333333333334,29.63895389912,4.44,0.8169526868,10.0,20.0,40.0,0.00491886825,0.006666666666666667,31,520.0,1,6,5,5.0,0,0.0,93.91304347826086,2.8224335133333334,0.50693,0.36104800000000004,0.394869017,0.186665716,0.404442384,8.129547488702663,2.5449018225503988,0.03317020932405959,21.576558673446826,0.0024265992143183623,-29.706106162149474,-0.1566031377595727,-0.12120696274553419,105,0.7142857142857143,147,122,0.23921568627450981,510,pairwise,pair__risk_threshold_pct_of_safe_tvl-0p005__target_risk_probability-0p85,"{""risk_threshold_pct_of_safe_tvl"":0.005,""target_risk_probability"":0.85}",300,0.6499999999999999
medium,20280817,1.0,300,1.0,256,44,0.8533333333333334,103.41333333333333,530.06124514383,5.733333333333333,5.739989431816666,20.0,40.0,60.0,0.0039661883666666665,0.04666666666666667,0,0.0,3,74,20,5.0,0,0.0,51.36741973840666,3.53286407,0.4272395,0.391471,3.316452778,1.5085351645,3.2684928565,63.50425652980427,10.873499334473026,0.03687826565080491,154.8333565608149,0.000973682179680963,-218.33761309061907,-0.13524771262704408,-0.12679327240591384,408,0.8176352705410822,499,126,0.2028985507246377,621,pairwise,pair__risk_threshold_pct_of_safe_tvl-0p005__target_risk_probability-0p85,"{""risk_threshold_pct_of_safe_tvl"":0.005,""target_risk_probability"":0.85}",300,0.6499999999999999
large,20280829,5.0,300,1.0,268,32,0.8933333333333333,368.86333333333334,8665.835005403927,9.453333333333333,49.09291547442,40.0,60.0,80.0,0.003255576573333333,0.14,0,0.0,2,461,116,5.0,0,1e-12,30.70362473347548,5.1869028833333335,0.32741699999999996,0.457873,36.201843825,13.137161692500001,28.463850334,623.3826568742785,63.80035720674918,0.04232672208403774,612.0362962119772,0.00023542116669669552,-1235.4189530862564,-0.1266413589176812,-0.08388304375811452,1237,0.6178821178821179,2002,157,0.17444444444444446,900,pairwise,pair__risk_threshold_pct_of_safe_tvl-0p005__target_risk_probability-0p85,"{""risk_threshold_pct_of_safe_tvl"":0.005,""target_risk_probability"":0.85}",300,0.6499999999999999
small,20280811,0.2,300,1.0,268,32,0.8933333333333333,27.196666666666665,47.14744808820333,5.716666666666667,1.1815355137633334,20.0,40.0,60.0,0.008001281136666667,0.05,4,70.0,5,12,7,5.0,0,0.0,52.11097708082026,3.2778611233333335,0.4748825,0.41724550000000005,0.6194649915,0.35756787349999997,0.7747303935000001,12.158052171114257,2.1118932601211737,0.034300145952700124,33.47946909286474,0.0023670046807363026,-45.63752126397905,-0.15868466175367554,-0.12875200881215457,105,0.7894736842105263,133,123,0.2063758389261745,596,pairwise,pair__risk_tvl_erosion_cap_rate-0p035__target_risk_probability-0p85,"{""risk_tvl_erosion_cap_rate"":0.035,""target_risk_probability"":0.85}",300,0.6499999999999999
medium,20280817,1.0,300,1.0,252,48,0.84,97.13,502.57611263301334,7.3933333333333335,7.42152245316,40.0,60.0,80.0,0.006741514853333333,0.1,0,0.0,0,118,26,5.0,0,0.0,32.82674772036474,4.131841723333333,0.3841475,0.436591,4.8416506825,1.907548903,4.1330226240000005,86.22764166476483,9.43524346483749,0.038728640117972085,253.44657161930235,0.0016809830076714627,-339.6742132840675,-0.15367781452759308,-0.15256268302893322,466,0.9155206286836935,509,131,0.18347338935574228,714,pairwise,pair__risk_tvl_erosion_cap_rate-0p035__target_risk_probability-0p85,"{""risk_tvl_erosion_cap_rate"":0.035,""target_risk_probability"":0.85}",300,0.6499999999999999
large,20280829,5.0,300,1.0,264,36,0.88,318.49666666666667,8936.204625771214,13.223333333333333,66.6543884548,70.0,90.0,120.0,0.00506681212,0.36333333333333334,0,0.0,7,611,103,5.0,0,1e-12,20.158656089594025,6.408323573333333,0.28384,0.4923905,49.183308327,20.5708313095,44.5701345035,844.8247295898396,56.76843726595283,0.04224901761533362,1802.1577947860526,0.0006722308743873921,-2646.982524375894,-0.15616759714524767,-0.13237350586805374,1689,0.8657098923628909,1951,145,0.13157894736842105,1102,pairwise,pair__risk_tvl_erosion_cap_rate-0p035__target_risk_probability-0p85,"{""risk_tvl_erosion_cap_rate"":0.035,""target_risk_probability"":0.85}",300,0.6499999999999999
small,20280811,0.2,300,1.0,255,45,0.85,37.18666666666667,45.20690746280667,5.836666666666667,1.11600306272,20.0,41.00000000000023,60.0,0.008818350576666667,0.04,0,0.0,2,18,10,5.0,0,0.0,47.78761061946903,3.5397288833333334,0.434065,0.38857949999999997,0.626220098,0.278921748,0.604330453,12.01257927851059,1.913508203656554,0.035879767955811555,40.91755284563827,0.0030170575797738132,-52.930132124148884,-0.15497370877918692,-0.15809434547352064,154,0.8235294117647058,187,124,0.20875420875420875,594,pairwise,pair__target_risk_probability-0p85__threshold_decay_factor-0p95,"{""target_risk_probability"":0.85,""threshold_decay_factor"":0.95}",300,0.6499999999999999
medium,20280817,1.0,300,1.0,257,43,0.8566666666666667,100.61333333333333,454.34118328879333,7.176666666666667,7.61117602949,40.0,70.0,90.0,0.00820516375,0.16666666666666666,0,0.0,6,112,28,5.0,0,0.0,32.190760059612515,3.8875352933333334,0.415373,0.4386495,4.67529423,2.205335917,4.778227821,89.70544211812356,9.625621210886582,0.039286719849229636,255.1373963777282,0.00187184877622063,-344.8428384958513,-0.14596516747968438,-0.15102477250109372,483,0.8862385321100917,545,126,0.18287373004354138,689,pairwise,pair__target_risk_probability-0p85__threshold_decay_factor-0p95,"{""target_risk_probability"":0.85,""threshold_decay_factor"":0.95}",300,0.6499999999999999
large,20280829,5.0,300,1.0,263,37,0.8766666666666667,309.3066666666667,7966.159840864577,14.643333333333333,77.56611947337333,80.0,110.0,140.0,0.006800323003333333,0.5133333333333333,0,0.0,8,711,110,5.0,0,1e-12,17.596741344195518,6.810423196666667,0.27209300000000003,0.515605,64.29944082,22.181324153,48.059535666,1064.4985507458666,62.43901886248668,0.04574585562069117,1431.9825103436606,0.0005991939817718772,-2496.4810610895197,-0.13382691294444687,-0.10728399968264063,1429,0.7130738522954092,2004,170,0.13687600644122383,1242,pairwise,pair__target_risk_probability-0p85__threshold_decay_factor-0p95,"{""target_risk_probability"":0.85,""threshold_decay_factor"":0.95}",300,0.6499999999999999
small,20280811,0.2,300,1.0,262,38,0.8733333333333333,29.993333333333332,42.57501688487,11.14,2.2297297160733334,20.0,40.0,60.0,0.0079621318,0.056666666666666664,0,0.0,4,20,6,15.0,0,0.0,38.16254416961131,5.500952996666666,0.330091,0.4708,1.5976099485000002,0.5907677775,1.279996852,27.35507407395373,3.479797408700828,0.040894454421628826,70.912893094575,0.005551995691615372,-98.26796716852884,-0.17286716667001323,-0.1469056487880564,133,0.8866666666666667,150,173,0.1142668428005284,1514,pairwise,pair__countdown_minutes-15__target_risk_probability-0p85,"{""countdown_minutes"":15,""target_risk_probability"":0.85}",300,0.6499999999999999
medium,20280817,1.0,300,1.0,258,42,0.86,94.68,575.4993494400134,12.406666666666666,12.958306541926667,40.0,60.0,80.0,0.006597975773333333,0.10666666666666667,0,0.0,1,117,29,15.0,0,0.0,25.760286225402503,6.16595758,0.28588800000000003,0.479162,10.0231852135,3.976707174,8.6161988765,170.64760083444844,14.653103470578756,0.043896579716986246,431.9230308606331,0.002501729042097172,-602.5706316950806,-0.16050497471193914,-0.15500241222247682,436,0.8790322580645161,496,159,0.10412573673870335,1527,pairwise,pair__countdown_minutes-15__target_risk_probability-0p85,"{""countdown_minutes"":15,""target_risk_probability"":0.85}",300,0.6499999999999999
large,20280829,5.0,300,1.0,261,39,0.87,341.72333333333336,7566.931861746783,17.196666666666665,87.76147469375667,60.0,80.0,110.0,0.00534869217,0.31666666666666665,0,0.0,4,596,93,15.0,0,1e-12,18.922470433639948,7.984022856666667,0.24545699999999998,0.512004,74.131910316,24.237545458,52.514681827,1225.9470585980732,77.32648989843301,0.046563599911996836,1897.3099798754856,0.0008357900817842184,-3123.2570384735645,-0.1427100509072191,-0.11862673036478213,1499,0.7498749374687343,1999,194,0.10248283148441627,1893,pairwise,pair__countdown_minutes-15__target_risk_probability-0p85,"{""countdown_minutes"":15,""target_risk_probability"":0.85}",300,0.6499999999999999
small,20280811,0.2,300,1.0,255,45,0.85,29.786666666666665,39.43269220966667,5.406666666666666,1.1820479253266667,20.0,31.000000000000227,60.0,0.008250851066666667,0.03333333333333333,0,0.0,4,16,7,5.0,0,0.0,59.58620689655172,3.2116693566666665,0.47147649999999997,0.4030815,0.650539421,0.260896462,0.565275667,12.479717753875079,2.4787301469765675,0.03519236258384987,34.15495219229845,0.0028871942102163973,-46.63466994617358,-0.15809003622040066,-0.13150811950168495,138,0.8734177215189873,158,113,0.20733944954128442,545,pairwise,pair__max_early_boost-0p75__target_risk_probability-0p85,"{""max_early_boost"":0.75,""target_risk_probability"":0.85}",300,0.6499999999999999
medium,20280817,1.0,300,1.0,258,42,0.86,102.06666666666666,501.8012137554433,7.1433333333333335,7.22159374058,40.0,60.0,80.0,0.00687823964,0.07333333333333333,0,0.0,4,103,27,5.0,0,0.0,34.31294678316124,4.1558927,0.371147,0.4245135,4.723372405999999,2.0129056375000003,4.361295547999999,85.92719140163608,9.828050485969497,0.039662155145795124,202.91145427692908,0.0013478873619984211,-288.838645678565,-0.14217802874975607,-0.13332174588900234,465,0.8942307692307693,520,141,0.2017167381974249,699,pairwise,pair__max_early_boost-0p75__target_risk_probability-0p85,"{""max_early_boost"":0.75,""target_risk_probability"":0.85}",300,0.6499999999999999
large,20280829,5.0,300,1.0,256,44,0.8533333333333334,335.30333333333334,8351.497100617817,12.756666666666666,68.11704742278333,60.0,90.0,110.0,0.0052190415666666665,0.3433333333333333,0,0.0,2,626,108,5.0,0,1e-12,21.04237700925475,5.921551526666667,0.303982,0.5098665,54.701985049499996,20.554347714000002,44.534420046,912.6552391436032,64.01478540510418,0.04466112736209337,1767.896894821139,0.0007056207501967345,-2680.552133964746,-0.13007094642709302,-0.1311738267870653,1713,0.8372434017595308,2046,157,0.14839319470699433,1058,pairwise,pair__max_early_boost-0p75__target_risk_probability-0p85,"{""max_early_boost"":0.75,""target_risk_probability"":0.85}",300,0.6499999999999999
small,20280811,0.2,300,1.0,276,24,0.92,26.453333333333333,28.78342943386,7.403333333333333,1.56801112761,10.0,30.0,50.0,0.007987779950000001,0.013333333333333334,0,0.0,2,6,9,10.0,0,0.0,58.064516129032256,4.018418036666667,0.3968485,0.427277,0.883634284,0.396315268,0.8586830815,17.217536561019315,3.3324264311650285,0.03660164620400934,25.770827325613705,0.002984451798887875,-42.988363886632975,-0.12095650919914991,-0.09138617945090054,109,0.8650793650793651,126,165,0.17116182572614108,964,pairwise,pair__countdown_minutes-10__threshold_decay_factor-0p85,"{""countdown_minutes"":10,""threshold_decay_factor"":0.85}",300,0.6499999999999999
medium,20280817,1.0,300,1.0,268,32,0.8933333333333333,98.32666666666667,478.74701108560333,9.63,9.482565576796667,30.0,50.0,80.0,0.00593039124,0.09666666666666666,0,0.0,3,113,24,10.0,0,0.0,32.851711026615966,5.0084233933333335,0.340357,0.4666075,6.3680946645,2.588363393,5.6081206859999995,115.0773049802905,12.60162122978086,0.04045223979674823,206.6425535310896,0.0014387734979448986,-321.71985851138015,-0.1057723368060982,-0.11309170705820117,428,0.8392156862745098,510,159,0.1419642857142857,1120,pairwise,pair__countdown_minutes-10__threshold_decay_factor-0p85,"{""countdown_minutes"":10,""threshold_decay_factor"":0.85}",300,0.6499999999999999
large,20280829,5.0,300,1.0,266,34,0.8866666666666667,358.88666666666666,8064.921265484647,13.803333333333333,71.38674014816333,50.0,70.0,90.0,0.004313822136666667,0.29,0,0.0,3,586,97,10.0,0,1e-12,22.641509433962263,6.67447479,0.27945949999999997,0.4891565,55.6990000425,20.5465296775,44.517480968,955.2359664435241,72.09328048630371,0.044603800111007036,1233.1059813892737,0.0005096582019825304,-2188.3419478328005,-0.08349989221989028,-0.10218246615972343,1289,0.6138095238095238,2100,178,0.12936046511627908,1376,pairwise,pair__countdown_minutes-10__threshold_decay_factor-0p85,"{""countdown_minutes"":10,""threshold_decay_factor"":0.85}",300,0.6499999999999999
small,20280811,0.2,300,1.0,277,23,0.9233333333333333,30.45,40.98019334749,5.266666666666667,1.0529741349,20.0,30.0,50.0,0.0076798558766666665,0.02,1,10.0,2,14,4,5.0,0,0.0,64.0,3.20947607,0.477221,0.3812525,0.543873077,0.289410942,0.627057042,10.733477256663488,2.289808481421544,0.03397828715480218,17.424948205830237,0.001417347160702411,-28.158425462493696,-0.10561966883933357,-0.08913933884731767,112,0.7417218543046358,151,130,0.23593466424682397,551,pairwise,pair__max_early_boost-0__threshold_decay_factor-0p85,"{""max_early_boost"":0.0,""threshold_decay_factor"":0.85}",300,0.6499999999999999
medium,20280817,1.0,300,1.0,273,27,0.91,105.54,492.96014805738,6.826666666666667,6.539316527696666,30.0,50.0,70.0,0.00594677372,0.08666666666666667,0,0.0,2,93,32,5.0,0,0.0,37.30569948186529,4.057475283333333,0.3883315,0.416245,4.24056111,1.463085959,3.170019577,76.80189907779865,9.550495222109678,0.039148790118208585,44.85100221767624,0.00030327672797636663,-121.65290129547493,-0.0903305105853907,-0.062011017400277,280,0.5384615384615384,520,148,0.22289156626506024,664,pairwise,pair__max_early_boost-0__threshold_decay_factor-0p85,"{""max_early_boost"":0.0,""threshold_decay_factor"":0.85}",300,0.6499999999999999
large,20280829,5.0,300,1.0,277,23,0.9233333333333333,355.88666666666666,7834.08506734046,11.196666666666667,57.764421337516666,50.0,70.0,90.0,0.00443051798,0.19333333333333333,0,0.0,5,547,98,5.0,0,0.0,25.381903642773207,5.479335326666667,0.32084,0.490695,43.751787133,16.557475299,35.874529814,739.0379193834971,62.52729752715839,0.04264666163423262,98.9943465474632,4.2121211643957e-05,-838.0322659309586,-0.07732144136808258,-0.048359194496461734,449,0.219559902200489,2045,158,0.15815815815815815,999,pairwise,pair__max_early_boost-0__threshold_decay_factor-0p85,"{""max_early_boost"":0.0,""threshold_decay_factor"":0.85}",300,0.6499999999999999
small,20280811,0.2,300,1.0,274,26,0.9133333333333333,35.193333333333335,39.263461647026666,4.4,0.88410309107,10.0,20.0,30.0,0.004228214653333334,0.0033333333333333335,4,40.0,0,12,8,5.0,0,0.0,88.34355828220859,2.79284146,0.5023995,0.369116,0.416361406,0.240934824,0.5220254525,8.908336639172084,2.623313856934111,0.03358709607945018,16.97097859805837,0.001440777921436239,-25.879315237230458,-0.10218519487950928,-0.09757276611226279,125,0.7225433526011561,173,131,0.25736738703339884,509,pairwise,pair__risk_threshold_pct_of_safe_tvl-0p005__threshold_decay_factor-0p85,"{""risk_threshold_pct_of_safe_tvl"":0.005,""threshold_decay_factor"":0.85}",300,0.6499999999999999
medium,20280817,1.0,300,1.0,261,39,0.87,108.12666666666667,498.42728309011665,5.6466666666666665,5.296928889496667,20.0,40.0,70.0,0.0035449865533333336,0.04,0,0.0,2,68,23,5.0,0,0.0,52.55474452554745,3.4575537733333332,0.430641,0.4057185,3.09992565,1.58773814,3.440099303,60.238132394446296,10.552665528954096,0.03790758358986282,145.9743259853742,0.0009762328490552136,-206.2124583798208,-0.08424414794509227,-0.12976856506967127,348,0.6918489065606361,503,144,0.2315112540192926,622,pairwise,pair__risk_threshold_pct_of_safe_tvl-0p005__threshold_decay_factor-0p85,"{""risk_threshold_pct_of_safe_tvl"":0.005,""threshold_decay_factor"":0.85}",300,0.6499999999999999
large,20280829,5.0,300,1.0,273,27,0.91,399.99666666666667,9979.05773375926,9.453333333333333,50.11435807556333,40.0,50.0,70.0,0.0027083464533333335,0.10333333333333333,0,0.0,1,459,143,5.0,0,1e-12,32.677760968229954,5.054323363333333,0.333051,0.461828,37.24464135,14.914016847,32.313703168,630.907343765553,68.72213124223876,0.041964509972322345,294.69487951904483,9.843777752084711e-05,-925.602223284598,-0.0747909687547677,-0.061566003492050304,876,0.40630797773654914,2156,164,0.17768147345612134,923,pairwise,pair__risk_threshold_pct_of_safe_tvl-0p005__threshold_decay_factor-0p85,"{""risk_threshold_pct_of_safe_tvl"":0.005,""threshold_decay_factor"":0.85}",300,0.6499999999999999
small,20280811,0.2,300,1.0,270,30,0.9,32.803333333333335,35.54901117339,5.076666666666667,0.96924366748,20.0,30.0,50.0,0.00769348242,0.03666666666666667,0,0.0,3,11,9,5.0,0,0.0,64.9624060150376,3.125617313333333,0.463155,0.38717749999999995,0.520671631,0.2364164755,0.5122356965,10.021880520594458,2.170151571376845,0.03446632619105645,17.70312981436073,0.0016599739561450214,-27.72501033495521,-0.10951540189875487,-0.09534929576253776,135,0.823170731707317,164,134,0.24632352941176472,544,pairwise,pair__risk_tvl_erosion_cap_rate-0p035__threshold_decay_factor-0p85,"{""risk_tvl_erosion_cap_rate"":0.035,""threshold_decay_factor"":0.85}",300,0.6499999999999999
medium,20280817,1.0,300,1.0,270,30,0.9,99.65,533.27063245762,7.086666666666667,6.64736551142,40.0,50.0,70.0,0.005698821466666667,0.07333333333333333,0,0.0,2,110,32,5.0,0,0.0,34.923201293451896,4.131125196666667,0.3826445,0.42251099999999997,4.131862559,1.5473823285,3.3526617109999997,77.45868197930834,9.0170171422962,0.03884179471613541,124.5565749473831,0.0007785701253498888,-202.0152569266915,-0.1035876110669509,-0.1013009121581746,464,0.8771266540642723,529,139,0.19828815977175462,701,pairwise,pair__risk_tvl_erosion_cap_rate-0p035__threshold_decay_factor-0p85,"{""risk_tvl_erosion_cap_rate"":0.035,""threshold_decay_factor"":0.85}",300,0.6499999999999999
large,20280829,5.0,300,1.0,273,27,0.91,352.9533333333333,8769.69492696566,11.46,59.103997567363336,50.0,70.0,90.0,0.004224488483333334,0.29333333333333333,0,0.0,5,582,115,5.0,0,1e-12,24.107142857142858,5.734679263333334,0.30970949999999997,0.48518649999999997,43.135113417,17.747431548,38.452768353,742.1364682961071,59.63596620236574,0.04185483773469307,1039.9698139766097,0.0003952892404420436,-1782.106282272718,-0.10549720964082604,-0.10050681034682822,1543,0.7523159434422233,2051,153,0.15254237288135594,1003,pairwise,pair__risk_tvl_erosion_cap_rate-0p035__threshold_decay_factor-0p85,"{""risk_tvl_erosion_cap_rate"":0.035,""threshold_decay_factor"":0.85}",300,0.6499999999999999
small,20280811,0.2,300,1.0,264,36,0.88,36.14333333333333,46.76084703968,11.016666666666667,2.2008673223933335,20.0,40.0,60.0,0.007166961143333333,0.03666666666666667,0,0.0,2,18,9,15.0,0,0.0,39.30846223839854,5.734260393333333,0.3142335,0.4542485,1.661594864,0.5628999195,1.2196164915,28.42374082183321,3.7243118092301932,0.043049302325236356,57.146209537436285,0.00407365086785415,-85.56995035926937,-0.12390711202299505,-0.1296003466279174,163,0.8956043956043956,182,188,0.1271129141311697,1479,pairwise,pair__countdown_minutes-15__threshold_decay_factor-0p85,"{""countdown_minutes"":15,""threshold_decay_factor"":0.85}",300,0.6499999999999999
medium,20280817,1.0,300,1.0,268,32,0.8933333333333333,103.50333333333333,538.5603907531466,12.273333333333333,12.76258294122,40.0,60.0,90.0,0.0057510661866666665,0.13,0,0.0,2,115,29,15.0,0,0.0,28.216851730894838,6.063540303333333,0.3008055,0.486407,9.878679253,4.286724049,9.287902105499999,166.45723095927983,15.656330018377723,0.04347532463345493,312.7756096155041,0.0019358745709594726,-479.2328405747831,-0.11208979937282852,-0.12516610542499207,464,0.8672897196261682,535,178,0.11476466795615732,1551,pairwise,pair__countdown_minutes-15__threshold_decay_factor-0p85,"{""countdown_minutes"":15,""threshold_decay_factor"":0.85}",300,0.6499999999999999
large,20280829,5.0,300,1.0,263,37,0.8766666666666667,348.5966666666667,8974.712203322957,16.983333333333334,91.14507871502333,55.0,71.00000000000023,110.0,0.00417866114,0.25333333333333335,0,0.0,5,584,110,15.0,0,1e-12,20.37735849056604,7.653007323333333,0.25574399999999997,0.5074909999999999,73.36171817,24.684143031,53.482309901,1263.876606974225,85.8482223605134,0.046222155739419075,1817.3141821740492,0.0006749758436083609,-3081.1907891482742,-0.08895178447154474,-0.11268448180224881,1543,0.7597242737567701,2031,191,0.10042060988433228,1902,pairwise,pair__countdown_minutes-15__threshold_decay_factor-0p85,"{""countdown_minutes"":15,""threshold_decay_factor"":0.85}",300,0.6499999999999999
small,20280811,0.2,300,1.0,269,31,0.8966666666666666,31.783333333333335,39.301218988533336,5.4,1.06606750504,20.0,30.0,50.0,0.007546817406666666,0.013333333333333334,0,0.0,0,15,9,5.0,0,0.0,61.802575107296136,3.337700056666667,0.444886,0.37970550000000003,0.561312113,0.368454399,0.798317864,11.40610338527973,2.3497552038344507,0.035664106107589,33.31849984855547,0.0028259089417622214,-44.72460323383521,-0.10742584186111404,-0.13984293684465834,134,0.8375,160,128,0.21731748726655348,589,pairwise,pair__max_early_boost-0p75__threshold_decay_factor-0p85,"{""max_early_boost"":0.75,""threshold_decay_factor"":0.85}",300,0.6499999999999999
medium,20280817,1.0,300,1.0,269,31,0.8966666666666666,93.60666666666667,415.0295968564167,6.6466666666666665,6.5066488589033336,30.0,41.00000000000023,60.0,0.00629940964,0.06,0,0.0,1,84,25,5.0,0,0.0,41.498559077809794,3.9405030466666666,0.395132,0.4033905,4.177588766,1.790305934,3.87899619,75.78593577258707,10.483357109752678,0.03882486843637682,110.53528748765929,0.0008877703206782783,-186.3212232602463,-0.09519360410450016,-0.09545170757923738,366,0.7218934911242604,507,138,0.19913419913419914,693,pairwise,pair__max_early_boost-0p75__threshold_decay_factor-0p85,"{""max_early_boost"":0.75,""threshold_decay_factor"":0.85}",300,0.6499999999999999
large,20280829,5.0,300,1.0,269,31,0.8966666666666666,348.3233333333333,7809.77555644514,11.023333333333333,57.08732047234667,50.0,70.0,90.0,0.00444352839,0.19666666666666666,0,0.0,2,525,111,5.0,0,1e-12,25.426721600941733,5.6032119966666665,0.3209405,0.4851245,45.00925726,16.062484322,34.802049365,742.9135215765093,62.966184289003735,0.04337878157120022,658.2396179539692,0.00028094687792094386,-1401.1531395304792,-0.07709846091837053,-0.08181344695209515,1248,0.6120647376164786,2039,165,0.1659959758551308,994,pairwise,pair__max_early_boost-0p75__threshold_decay_factor-0p85,"{""max_early_boost"":0.75,""threshold_decay_factor"":0.85}",300,0.6499999999999999
small,20280811,0.2,300,1.0,263,37,0.8766666666666667,28.02,38.438610973926664,5.366666666666666,1.02407178473,20.0,30.0,50.0,0.007519622443333334,0.023333333333333334,0,0.0,1,14,5,5.0,0,0.0,61.1032531824611,3.2388376533333334,0.45924699999999996,0.392475,0.594955233,0.243617964,0.527838923,10.922579249991136,2.2246837510590147,0.035552778665384005,26.689194185577126,0.002314443169627947,-37.61177343556824,-0.1321705952009993,-0.12242557600746296,117,0.7905405405405406,148,138,0.24041811846689895,574,pairwise,pair__target_risk_probability-0p875__threshold_decay_factor-0p85,"{""target_risk_probability"":0.875,""threshold_decay_factor"":0.85}",300,0.6499999999999999
medium,20280817,1.0,300,1.0,268,32,0.8933333333333333,98.50333333333333,478.36452121369666,6.63,6.354919087433333,30.0,50.0,70.0,0.006083905023333333,0.07666666666666666,0,0.0,1,87,28,5.0,0,0.0,39.16591115140526,3.8642063,0.405267,0.4185945,3.9977557189999997,1.7757119085,3.8473758015,74.34110865950926,9.705457522184346,0.03899399695296233,134.94004916161506,0.0009402874668272356,-209.2811578211243,-0.11517653310929608,-0.1097738381568444,397,0.8135245901639344,488,134,0.20333839150227617,659,pairwise,pair__target_risk_probability-0p875__threshold_decay_factor-0p85,"{""target_risk_probability"":0.875,""threshold_decay_factor"":0.85}",300,0.6499999999999999
large,20280829,5.0,300,1.0,257,43,0.8566666666666667,348.89,8654.26577993511,11.563333333333333,58.17829537256333,50.0,70.0,90.0,0.0042018938,0.26,0,0.0,2,573,113,5.0,0,1e-12,24.0,5.730375006666667,0.307602,0.495602,44.763091054,17.58108401,38.092348687,775.0254787872717,62.00203830298174,0.044405190046915115,1466.3290942687834,0.0005647808574235007,-2241.3545730560586,-0.10274812377989109,-0.12841871461414853,1565,0.7751362060425954,2019,156,0.1609907120743034,969,pairwise,pair__target_risk_probability-0p875__threshold_decay_factor-0p85,"{""target_risk_probability"":0.875,""threshold_decay_factor"":0.85}",300,0.6499999999999999
small,20280811,0.2,300,1.0,276,24,0.92,26.326666666666668,33.51209073855,7.96,1.5791598129833333,20.0,30.0,50.0,0.008312878666666666,0.03333333333333333,0,0.0,2,10,13,10.0,0,0.0,50.88339222614841,4.432179093333334,0.3706445,0.421652,1.0140321074999998,0.40228015500000003,0.8716070025,18.48184935992252,3.134730633485092,0.03901198854388859,30.013914346049496,0.002985381662219357,-48.49576370597206,-0.12067114514123597,-0.10236617241492554,105,0.8267716535433071,127,172,0.16380952380952382,1050,pairwise,pair__countdown_minutes-10__max_early_boost-0,"{""countdown_minutes"":10,""max_early_boost"":0.0}",300,0.6499999999999999
medium,20280817,1.0,300,1.0,266,34,0.8866666666666667,93.42,472.1618320734067,9.546666666666667,9.570260130853333,40.0,60.0,70.0,0.0068338735766666665,0.12,0,0.0,0,90,34,10.0,0,0.0,30.379746835443036,5.18983924,0.32444300000000004,0.4531155,6.435100094,2.6791893595,5.804910279,118.00108577096655,11.949477040097879,0.041099922801661325,241.57726806831866,0.0017054694080027545,-359.578353839285,-0.1061553533041623,-0.1252415813582223,415,0.8504098360655737,488,165,0.15137614678899083,1090,pairwise,pair__countdown_minutes-10__max_early_boost-0,"{""countdown_minutes"":10,""max_early_boost"":0.0}",300,0.6499999999999999
large,20280829,5.0,300,1.0,273,27,0.91,324.93333333333334,8008.196728761413,14.93,74.85673737220333,60.0,90.0,120.0,0.005239311276666667,0.31,0,0.0,5,592,100,10.0,0,1e-12,19.708029197080293,7.140728716666667,0.2704035,0.4991835,60.300560296,24.24496091,52.530748638,1032.1487006466264,67.805389093574,0.04596106896451035,959.161788206538,0.000399241685610158,-1991.3104888531634,-0.08411416436723204,-0.08867206697115973,1126,0.5434362934362934,2072,187,0.12652232746955344,1478,pairwise,pair__countdown_minutes-10__max_early_boost-0,"{""countdown_minutes"":10,""max_early_boost"":0.0}",300,0.6499999999999999
small,20280811,0.2,300,1.0,265,35,0.8833333333333333,32.70333333333333,40.77071977419,7.153333333333333,1.3856233563366667,10.0,30.0,40.0,0.00447026697,0.006666666666666667,16,200.0,1,13,8,10.0,0,0.0,63.71681415929204,4.12626378,0.390193,0.415583,0.908518659,0.312314599,0.676681632,16.496923242682204,3.5037713081802915,0.039685924671230166,35.49120523175583,0.002901690676407404,-51.98812847443811,-0.11597195762419085,-0.1250655604129085,140,0.8974358974358975,156,161,0.17274678111587982,932,pairwise,pair__countdown_minutes-10__risk_threshold_pct_of_safe_tvl-0p005,"{""countdown_minutes"":10,""risk_threshold_pct_of_safe_tvl"":0.005}",300,0.6499999999999999
medium,20280817,1.0,300,1.0,278,22,0.9266666666666666,103.25666666666666,588.41970465852,8.61,8.481851088573332,25.0,40.0,70.0,0.0038298958833333334,0.07333333333333333,0,0.0,4,81,27,10.0,0,0.0,39.52424519670631,4.90515806,0.33665,0.419408,6.099505122,2.2584208935000003,4.8932452685,105.26365502984525,13.868221705670372,0.04136819267815072,67.78000998434477,0.00038396635059255777,-173.04366501418994,-0.09847808684966249,-0.06800546374729949,215,0.4166666666666667,516,177,0.16557530402245088,1069,pairwise,pair__countdown_minutes-10__risk_threshold_pct_of_safe_tvl-0p005,"{""countdown_minutes"":10,""risk_threshold_pct_of_safe_tvl"":0.005}",300,0.6499999999999999
large,20280829,5.0,300,1.0,268,32,0.8933333333333333,386.69666666666666,9487.953426003836,12.496666666666666,63.764241863753334,40.0,70.0,90.0,0.00317001828,0.18333333333333332,0,0.0,4,478,109,10.0,0,1e-12,26.357535082367296,6.231590403333334,0.289423,0.4834575,49.9989987,19.402094373,42.037871142,859.0281212587932,75.47287947606237,0.04490647088662962,778.1519124753894,0.00027338242419511737,-1637.1800337341838,-0.07859263440435443,-0.085585064914198,1127,0.54260953298026,2077,185,0.1416539050535988,1306,pairwise,pair__countdown_minutes-10__risk_threshold_pct_of_safe_tvl-0p005,"{""countdown_minutes"":10,""risk_threshold_pct_of_safe_tvl"":0.005}",300,0.6499999999999999
small,20280811,0.2,300,1.0,276,24,0.92,40.98,43.50291203047,7.93,1.5404900045866667,20.0,40.0,60.0,0.008064189366666667,0.03333333333333333,0,0.0,1,26,13,10.0,0,0.0,45.95744680851064,4.44905467,0.36910149999999997,0.42272750000000003,0.9783861315,0.32420001,0.7024333549999999,18.00707503367924,2.758530643457245,0.03896395514861033,26.425725132415106,0.0020248242319890514,-44.43280016609439,-0.1180878410626909,-0.09614430047971699,131,0.7081081081081081,185,172,0.17497456765005087,983,pairwise,pair__countdown_minutes-10__risk_tvl_erosion_cap_rate-0p035,"{""countdown_minutes"":10,""risk_tvl_erosion_cap_rate"":0.035}",300,0.6499999999999999
medium,20280817,1.0,300,1.0,275,25,0.9166666666666666,99.26,505.2632685470333,9.23,9.886141641886667,40.0,60.0,80.0,0.00691704764,0.11,0,0.0,6,104,27,10.0,0,0.0,30.901287553648068,4.94411808,0.3394375,0.4570105,6.987702264,2.319120548,5.024761188,118.04416375779898,12.15905549436556,0.0398012247965566,149.5117612206205,0.0009863620975956151,-267.55592497842,-0.10979411209849749,-0.09021245249842498,336,0.6268656716417911,536,167,0.1643700787401575,1016,pairwise,pair__countdown_minutes-10__risk_tvl_erosion_cap_rate-0p035,"{""countdown_minutes"":10,""risk_tvl_erosion_cap_rate"":0.035}",300,0.6499999999999999
large,20280829,5.0,300,1.0,274,26,0.9133333333333333,329.10333333333335,8458.47587485384,15.473333333333333,80.67727035161333,70.0,90.0,110.0,0.00516046847,0.33666666666666667,0,0.0,7,629,87,10.0,0,1e-12,19.285714285714285,7.196175626666666,0.261676,0.5136745,63.239826022,24.9287182335,54.012222839,1077.9366547734828,69.29592780686676,0.044536982559257136,1316.2246951192888,0.0005187004982116169,-2394.161349892773,-0.10817445459328731,-0.09891928418245394,1411,0.6899755501222494,2045,187,0.12408759124087591,1507,pairwise,pair__countdown_minutes-10__risk_tvl_erosion_cap_rate-0p035,"{""countdown_minutes"":10,""risk_tvl_erosion_cap_rate"":0.035}",300,0.6499999999999999
small,20280811,0.2,300,1.0,265,35,0.8833333333333333,30.96,32.06702853748333,7.86,1.58829959069,20.0,40.0,50.0,0.009093608826666667,0.023333333333333334,0,0.0,3,10,8,10.0,0,0.0,49.598163030998855,4.4526428933333335,0.361367,0.42247,1.066972412,0.383807031,0.831581901,18.566409760735805,3.0695327273776765,0.038964961584420074,38.00760230613387,0.003950849625465667,-56.574012066869706,-0.12145763325185216,-0.11873077429993853,134,0.8535031847133758,157,163,0.15825242718446603,1030,pairwise,pair__countdown_minutes-10__threshold_decay_factor-0p95,"{""countdown_minutes"":10,""threshold_decay_factor"":0.95}",300,0.6499999999999999
medium,20280817,1.0,300,1.0,269,31,0.8966666666666666,91.63,525.80343409043,10.39,10.34774941693,50.0,70.0,110.0,0.007906261173333333,0.11666666666666667,0,0.0,4,131,25,10.0,0,0.0,25.292740046838407,5.536442496666667,0.3191165,0.4600265,7.327121494,3.143394415,6.810687899,133.86645108548274,11.286164494326414,0.04312256565550481,253.43153788754276,0.001606630421537316,-387.2979889730255,-0.10573315498665022,-0.12476078078046164,419,0.812015503875969,516,167,0.1479185119574845,1129,pairwise,pair__countdown_minutes-10__threshold_decay_factor-0p95,"{""countdown_minutes"":10,""threshold_decay_factor"":0.95}",300,0.6499999999999999
large,20280829,5.0,300,1.0,271,29,0.9033333333333333,334.0566666666667,7576.99997273979,16.56,89.71646470832667,70.0,100.0,130.0,0.0069621806566666665,0.43,0,0.0,3,687,97,10.0,0,1e-12,17.5609756097561,7.352509726666667,0.26221249999999996,0.5187085,74.05221195,25.215286768,54.63312133,1235.199632256215,72.30436871743697,0.0458927145748151,1111.5708549836406,0.0004890109801516886,-2346.7704872398576,-0.09033075074909383,-0.08719211480558346,1092,0.5374015748031497,2032,178,0.11373801916932907,1565,pairwise,pair__countdown_minutes-10__threshold_decay_factor-0p95,"{""countdown_minutes"":10,""threshold_decay_factor"":0.95}",300,0.6499999999999999
small,20280811,0.2,300,1.0,275,25,0.9166666666666666,33.85,42.86310238513333,7.86,1.6359799660233334,20.0,40.0,60.0,0.008095423733333332,0.04,0,0.0,3,16,8,10.0,0,0.0,46.45161290322581,4.150241796666666,0.38858,0.44785949999999997,0.994721217,0.34052087,0.737795218,18.438011548113657,2.8549179171272763,0.03756772073627921,24.529047332427186,0.0019075495369754087,-42.967058880540804,-0.11730827498763073,-0.08754601680724965,114,0.7916666666666666,144,157,0.16135662898252826,973,pairwise,pair__countdown_minutes-10__max_early_boost-0p75,"{""countdown_minutes"":10,""max_early_boost"":0.75}",300,0.6499999999999999
medium,20280817,1.0,300,1.0,273,27,0.91,102.64,531.1075673419766,9.593333333333334,10.049916905126667,40.0,60.0,90.0,0.006756945833333333,0.10666666666666667,0,0.0,3,122,30,10.0,0,0.0,29.548563611491105,5.05359832,0.3310765,0.4664125,6.88727671,2.829086211,6.12968679,124.06158269799732,12.219471893646794,0.04114846051934724,139.91774559055435,0.0008781507061478957,-263.9793282885513,-0.10379003107359548,-0.08755605669200114,362,0.6534296028880866,554,175,0.1598173515981735,1095,pairwise,pair__countdown_minutes-10__max_early_boost-0p75,"{""countdown_minutes"":10,""max_early_boost"":0.75}",300,0.6499999999999999
large,20280829,5.0,300,1.0,266,34,0.8866666666666667,342.9166666666667,8501.66980790669,15.653333333333334,79.72120641857667,60.0,90.0,110.0,0.00511758847,0.41,0,0.0,3,655,94,10.0,0,1e-12,19.131975199291407,7.335217883333334,0.2509365,0.5099645,65.612488598,25.6774851615,55.6345511835,1097.7646466264712,70.00801997972181,0.04590015195633346,1387.6911509173772,0.0005440857236566249,-2485.4557975438474,-0.0833397378014176,-0.10392282092395586,1546,0.7457790641582248,2073,182,0.11795204147764096,1543,pairwise,pair__countdown_minutes-10__max_early_boost-0p75,"{""countdown_minutes"":10,""max_early_boost"":0.75}",300,0.6499999999999999
small,20280811,0.2,300,1.0,261,39,0.87,33.166666666666664,36.018522619846664,7.723333333333334,1.5518981046466667,20.0,30.0,50.0,0.008379115999999999,0.04666666666666667,0,0.0,3,12,5,10.0,0,0.0,52.36363636363636,4.386021416666667,0.3661295,0.42873,0.976385647,0.460499436,0.997748779,18.345126515174368,3.20205844628498,0.03940363193572591,58.943500549562756,0.005454924879593676,-77.28862706473701,-0.14394051526842777,-0.16600880954172736,129,0.8657718120805369,149,156,0.15918367346938775,980,pairwise,pair__countdown_minutes-10__target_risk_probability-0p875,"{""countdown_minutes"":10,""target_risk_probability"":0.875}",300,0.6499999999999999
medium,20280817,1.0,300,1.0,270,30,0.9,108.33333333333333,583.4462550696434,9.896666666666667,9.95965683799,40.0,60.0,90.0,0.006598694336666666,0.11,0,0.0,2,120,31,10.0,0,0.0,28.30930537352556,5.3109910566666665,0.3314665,0.4551855,7.2214669945,2.6396491214999998,5.7192397625,125.16522602713908,11.811135352495432,0.04189074251022723,156.75572438901807,0.0008955736312582144,-281.92095041615727,-0.12662511450265695,-0.09435430524098673,408,0.7458866544789763,547,165,0.14614703277236493,1129,pairwise,pair__countdown_minutes-10__target_risk_probability-0p875,"{""countdown_minutes"":10,""target_risk_probability"":0.875}",300,0.6499999999999999
large,20280829,5.0,300,1.0,255,45,0.85,339.4,7843.83729888676,15.216666666666667,75.81164237851667,60.0,80.0,120.0,0.00525401427,0.3233333333333333,0,0.0,1,627,102,10.0,0,1e-12,19.825608077099588,7.3094707733333335,0.266407,0.49947450000000004,62.971423647,23.302247247,50.488202368,1031.2433103000792,68.15008567380055,0.04534234575525253,2096.698766583821,0.0008910174474940541,-3127.942076883902,-0.11050822605974514,-0.1375312981290538,1696,0.8173493975903614,2075,172,0.11497326203208556,1496,pairwise,pair__countdown_minutes-10__target_risk_probability-0p875,"{""countdown_minutes"":10,""target_risk_probability"":0.875}",300,0.6499999999999999
small,20280811,0.2,300,1.0,269,31,0.8966666666666666,34.56333333333333,41.95992632265666,4.8,0.9315749017433334,10.0,20.0,40.0,0.00439728,0.02,0,0.0,4,18,6,5.0,0,0.0,80.74766355140187,2.9100307966666668,0.512146,0.37989249999999997,0.429331691,0.239434887,0.518775588,9.334070815222729,2.5123480325085477,0.03339889183988352,22.748666022495392,0.0018071739725793268,-32.08273683771818,-0.10205832875466005,-0.11479748533971508,112,0.7272727272727273,154,128,0.23357664233576642,548,pairwise,pair__max_early_boost-0__risk_threshold_pct_of_safe_tvl-0p005,"{""max_early_boost"":0.0,""risk_threshold_pct_of_safe_tvl"":0.005}",300,0.6499999999999999
medium,20280817,1.0,300,1.0,277,23,0.9233333333333333,106.50666666666666,467.47016669182665,5.8533333333333335,5.4640327084,20.0,40.0,60.0,0.003954205033333333,0.02666666666666667,0,0.0,1,76,28,5.0,0,0.0,51.36741973840666,3.5744085966666668,0.4202015,0.392996,3.321479024,1.404609221,3.04331998,62.711375785477756,10.737738541151959,0.03825707685892261,46.37487235959447,0.00033067972863222645,-109.08624814507229,-0.08758232962005044,-0.06654806926599045,261,0.5199203187250996,502,139,0.22861842105263158,608,pairwise,pair__max_early_boost-0__risk_threshold_pct_of_safe_tvl-0p005,"{""max_early_boost"":0.0,""risk_threshold_pct_of_safe_tvl"":0.005}",300,0.6499999999999999
large,20280829,5.0,300,1.0,278,22,0.9266666666666666,386.03333333333336,9208.419210501577,9.686666666666667,50.192729847593334,40.0,60.0,80.0,0.0032352564166666666,0.17,0,0.0,3,475,122,5.0,0,0.0,30.252100840336137,5.13711187,0.3202565,0.461491,38.179853701499994,13.528129222499999,29.310946648,638.6259625974868,64.39925673251969,0.042411584608410366,91.2288577841626,3.3023712937294845e-05,-729.8548203816482,-0.07515269900080235,-0.048470155113287054,468,0.22575976845151954,2073,162,0.18430034129692832,879,pairwise,pair__max_early_boost-0__risk_threshold_pct_of_safe_tvl-0p005,"{""max_early_boost"":0.0,""risk_threshold_pct_of_safe_tvl"":0.005}",300,0.6499999999999999
small,20280811,0.2,300,1.0,275,25,0.9166666666666666,39.46666666666667,53.673571164293335,5.9,1.1657479535466666,20.0,40.0,70.0,0.00783705796,0.043333333333333335,0,0.0,2,24,7,5.0,0,0.0,49.09090909090909,3.6373313966666667,0.42266950000000003,0.39200999999999997,0.691705151,0.253462852,0.549169512,12.472530641271609,2.0409595594808088,0.03566388601505496,18.70207815651781,0.00116147033203556,-31.17460879778942,-0.10824508813600982,-0.08914050618158596,140,0.7734806629834254,181,139,0.2252836304700162,617,pairwise,pair__max_early_boost-0__risk_tvl_erosion_cap_rate-0p035,"{""max_early_boost"":0.0,""risk_tvl_erosion_cap_rate"":0.035}",300,0.6499999999999999
medium,20280817,1.0,300,1.0,275,25,0.9166666666666666,99.34,506.98899422939667,7.226666666666667,7.448234637773333,40.0,60.0,90.0,0.006846864933333334,0.08666666666666667,0,0.0,4,109,32,5.0,0,0.0,33.82928739232577,4.053909916666667,0.375865,0.43942800000000004,4.73102144,1.80355424,3.907700854,85.54263356208075,9.646154450226804,0.038283180611351754,98.35762319423517,0.0006466782271656928,-183.90025675631566,-0.1037081922211226,-0.08230149634996518,294,0.555765595463138,529,140,0.20497803806734993,683,pairwise,pair__max_early_boost-0__risk_tvl_erosion_cap_rate-0p035,"{""max_early_boost"":0.0,""risk_tvl_erosion_cap_rate"":0.035}",300,0.6499999999999999
large,20280829,5.0,300,1.0,268,32,0.8933333333333333,342.67333333333335,8575.241595542253,12.793333333333333,65.06675200819333,70.0,80.0,130.0,0.005107195583333333,0.37333333333333335,0,0.0,3,651,106,5.0,0,1e-12,20.473933649289098,6.319353176666667,0.28588800000000003,0.495313,52.28316083,17.578738858999998,38.0872675275,850.9206970900856,58.07231297676413,0.04359219165075973,1246.266577495048,0.0004844437184303963,-2097.1872745851365,-0.10668343380998449,-0.10743773175794648,1785,0.8520286396181385,2095,158,0.1453541858325667,1087,pairwise,pair__max_early_boost-0__risk_tvl_erosion_cap_rate-0p035,"{""max_early_boost"":0.0,""risk_tvl_erosion_cap_rate"":0.035}",300,0.6499999999999999
small,20280811,0.2,300,1.0,265,35,0.8833333333333333,37.66,41.70596422829,5.496666666666667,1.0316222157166666,20.0,40.0,70.0,0.008943232819999999,0.06333333333333334,0,0.0,6,12,6,5.0,0,0.0,52.17391304347826,3.35935494,0.4454305,0.388727,0.559597043,0.266401801,0.577203902,11.241757251043133,1.9550882175727187,0.036323882521385645,26.535498308837482,0.002120839612897853,-37.777255559880565,-0.10562612874006591,-0.12206424336463385,137,0.9133333333333333,150,132,0.23117338003502627,571,pairwise,pair__max_early_boost-0__threshold_decay_factor-0p95,"{""max_early_boost"":0.0,""threshold_decay_factor"":0.95}",300,0.6499999999999999
medium,20280817,1.0,300,1.0,275,25,0.9166666666666666,96.6,460.43795282106,7.22,7.43508578683,40.0,60.0,100.0,0.00821052326,0.10666666666666667,0,0.0,1,126,19,5.0,0,0.0,32.50564334085779,4.095440853333334,0.3919095,0.436616,4.679992312,1.835387263,3.976672404,84.84394464780141,9.193023347843042,0.038037644343924135,71.96864465137168,0.0005210158734774618,-156.81258929917303,-0.0955167186180025,-0.07030297241803635,301,0.5733333333333334,525,149,0.21316165951359084,699,pairwise,pair__max_early_boost-0__threshold_decay_factor-0p95,"{""max_early_boost"":0.0,""threshold_decay_factor"":0.95}",300,0.6499999999999999
large,20280829,5.0,300,1.0,267,33,0.89,329.72,7288.738167239387,14.386666666666667,71.73308819606666,70.0,100.0,130.0,0.006875143403333333,0.46,0,0.0,5,709,102,5.0,0,1e-12,18.105616093880975,6.768718316666667,0.276072,0.5104375000000001,60.199308944,19.18968807,41.577657485,977.3465914294044,58.984873916946455,0.045415889004064784,860.4461329617442,0.00039350484414855334,-1837.7927243911483,-0.08264656221266309,-0.08539958200637461,1156,0.5576459237819585,2073,167,0.1361043194784026,1227,pairwise,pair__max_early_boost-0__threshold_decay_factor-0p95,"{""max_early_boost"":0.0,""threshold_decay_factor"":0.95}",300,0.6499999999999999
small,20280811,0.2,300,1.0,267,33,0.89,33.71333333333333,47.75224162051333,11.216666666666667,2.2944136683666665,20.0,40.0,70.0,0.007906394596666666,0.05,0,0.0,1,14,9,15.0,0,0.0,37.663469921534436,5.651151593333333,0.31366099999999997,0.4703425,1.540450692,0.663255006,1.437052514,28.579474463094936,3.5880072560467924,0.04152037454728014,64.20873666285121,0.004482074871173414,-92.7882111259461,-0.12327845732936635,-0.13480308339806266,133,0.875,152,179,0.11949265687583445,1498,pairwise,pair__countdown_minutes-15__max_early_boost-0,"{""countdown_minutes"":15,""max_early_boost"":0.0}",300,0.6499999999999999
medium,20280817,1.0,300,1.0,274,26,0.9133333333333333,90.93666666666667,514.2912691709266,11.433333333333334,11.27643543107,40.0,60.0,90.0,0.00676416557,0.11,0,0.0,6,109,22,15.0,0,0.0,26.699629171817058,5.954773256666667,0.303139,0.4664235,7.8782525185,3.054587561,6.6182730495,145.06246306942958,12.910379902347257,0.04288070875947745,175.57947391880913,0.0011380028169760395,-320.64193698823993,-0.10965772314677837,-0.09478229739892599,370,0.744466800804829,497,182,0.13304093567251463,1368,pairwise,pair__countdown_minutes-15__max_early_boost-0,"{""countdown_minutes"":15,""max_early_boost"":0.0}",300,0.6499999999999999
large,20280829,5.0,300,1.0,270,30,0.9,330.73333333333335,8189.1882094572,17.143333333333334,91.33229479134333,60.0,80.0,110.0,0.005334602543333333,0.30666666666666664,0,0.0,4,586,102,15.0,0,1e-12,18.864628820960696,7.69012733,0.259065,0.516957,77.423209238,27.791952246999998,60.215896535,1268.1567487513958,79.74435450663798,0.04628361930642429,1214.6030010733764,0.0004943929198707406,-2482.759749824776,-0.09026979279734537,-0.09061270004937678,1217,0.603970223325062,2015,191,0.10192102454642477,1874,pairwise,pair__countdown_minutes-15__max_early_boost-0,"{""countdown_minutes"":15,""max_early_boost"":0.0}",300,0.6499999999999999
small,20280811,0.2,300,1.0,264,36,0.88,40.723333333333336,58.70676272931,5.82,1.2667216304766666,20.0,40.0,60.0,0.007907993133333333,0.04666666666666667,0,0.0,1,15,9,5.0,0,0.0,50.644783118405634,3.3300744266666666,0.466303,0.41877699999999995,0.7202006655,0.286809781,0.621421192,13.413658997539637,2.2644395025154838,0.035297570975906016,28.22810195100716,0.0016027740041446121,-41.64176094854688,-0.1268899215456487,-0.10957882654633204,163,0.8810810810810811,185,124,0.19935691318327975,622,pairwise,pair__max_early_boost-0__target_risk_probability-0p875,"{""max_early_boost"":0.0,""target_risk_probability"":0.875}",300,0.6499999999999999
medium,20280817,1.0,300,1.0,272,28,0.9066666666666666,97.43333333333334,448.07711959987665,6.8566666666666665,6.912130235333334,30.0,50.0,80.0,0.007048428066666667,0.08666666666666667,0,0.0,4,99,28,5.0,0,0.0,36.42495784148398,3.96129359,0.376671,0.4194285,4.348736371,1.7545933420000002,3.801618908,79.37814845250735,9.637819036392123,0.03827963582376923,91.78104327640341,0.0006827771326385506,-171.15919172891074,-0.11933407565712263,-0.08254049325921821,296,0.574757281553398,515,143,0.21216617210682492,674,pairwise,pair__max_early_boost-0__target_risk_probability-0p875,"{""max_early_boost"":0.0,""target_risk_probability"":0.875}",300,0.6499999999999999
large,20280829,5.0,300,1.0,268,32,0.8933333333333333,343.88,7897.42603616799,12.79,62.26989797304667,60.0,80.0,110.0,0.005161606293333333,0.41,0,0.0,4,654,99,5.0,0,1e-12,20.76923076923077,6.518713386666667,0.28291900000000003,0.482484,50.733601331,18.358123082,39.775933345,840.8280560916668,58.211173114038466,0.04500987279897895,801.8400260225594,0.00033843939462062606,-1642.668082114228,-0.10496184868701802,-0.08793270026047201,1264,0.6132945172246482,2061,172,0.1560798548094374,1102,pairwise,pair__max_early_boost-0__target_risk_probability-0p875,"{""max_early_boost"":0.0,""target_risk_probability"":0.875}",300,0.6499999999999999
small,20280811,0.2,300,1.0,265,35,0.8833333333333333,29.383333333333333,32.238676475296664,4.473333333333334,0.87814492453,10.0,20.0,40.0,0.004534218023333333,0.006666666666666667,5,60.0,0,11,8,5.0,0,0.0,95.36423841059602,2.8908417866666665,0.5045355,0.35412849999999996,0.418452762,0.166372297,0.360473311,8.579210053475936,2.727166109714205,0.032565657496939494,18.068631568281262,0.0018682147804802722,-26.647841621757216,-0.10974882148828581,-0.10115202657093525,119,0.8814814814814815,135,131,0.23861566484517305,549,pairwise,pair__risk_threshold_pct_of_safe_tvl-0p005__risk_tvl_erosion_cap_rate-0p035,"{""risk_threshold_pct_of_safe_tvl"":0.005,""risk_tvl_erosion_cap_rate"":0.035}",300,0.6499999999999999
medium,20280817,1.0,300,1.0,272,28,0.9066666666666666,105.71333333333334,613.76568083739,6.33,6.026795274943333,30.0,40.0,70.0,0.0037997210166666666,0.02666666666666667,0,0.0,1,82,32,5.0,0,0.0,44.9531737773153,3.7392955833333335,0.433143,0.4152535,3.8242795689999998,1.6121417865,3.49297387,67.22233242404269,10.072857303914827,0.03717970018744037,103.34965763749672,0.0005612872624641367,-170.57199006153928,-0.10203224279786445,-0.09434090163457177,383,0.7309160305343512,524,140,0.20958083832335328,668,pairwise,pair__risk_threshold_pct_of_safe_tvl-0p005__risk_tvl_erosion_cap_rate-0p035,"{""risk_threshold_pct_of_safe_tvl"":0.005,""risk_tvl_erosion_cap_rate"":0.035}",300,0.6499999999999999
large,20280829,5.0,300,1.0,272,28,0.9066666666666666,382.27,8489.2749711476,9.55,47.21787217819333,40.0,60.0,90.0,0.003232253756666667,0.15333333333333332,0,0.0,5,498,105,5.0,0,1e-12,30.230930720783768,5.196866316666667,0.3282295,0.4605845,33.685510050999994,11.790771339500001,25.546671236,583.6081981133588,58.810063350821316,0.04119966806289699,680.439029055174,0.0002671759490132252,-1264.0472271685358,-0.1050394069143072,-0.08923508330335937,1478,0.7044804575786463,2098,167,0.18371837183718373,909,pairwise,pair__risk_threshold_pct_of_safe_tvl-0p005__risk_tvl_erosion_cap_rate-0p035,"{""risk_threshold_pct_of_safe_tvl"":0.005,""risk_tvl_erosion_cap_rate"":0.035}",300,0.6499999999999999
small,20280811,0.2,300,1.0,272,28,0.9066666666666666,39.27333333333333,48.12017363341333,4.99,0.90886510934,10.0,30.0,50.0,0.00462617321,0.03,0,0.0,3,15,8,5.0,0,0.0,70.0162074554295,3.1163237666666666,0.47035499999999997,0.37016499999999997,0.472733827,0.32508628900000003,0.7043536265,9.70360968913071,2.264699830202305,0.035588741715395215,19.991301837285906,0.0013848177959333392,-29.69491152641662,-0.09904613494640294,-0.10890839290031544,131,0.793939393939394,165,129,0.22552447552447552,572,pairwise,pair__risk_threshold_pct_of_safe_tvl-0p005__threshold_decay_factor-0p95,"{""risk_threshold_pct_of_safe_tvl"":0.005,""threshold_decay_factor"":0.95}",300,0.6499999999999999
medium,20280817,1.0,300,1.0,273,27,0.91,94.43,579.7971322738033,6.56,6.338240553673334,30.0,50.0,70.0,0.0043075825866666665,0.05,0,0.0,2,90,23,5.0,0,0.0,41.45873320537428,3.9499937066666666,0.38507650000000004,0.4043515,3.997555105,1.609467734,3.487180091,73.64456818341755,10.177368347804345,0.03873028987554847,66.29715103224952,0.0003811514254549145,-139.94171921566706,-0.08563861811831991,-0.07359651206598836,287,0.5869120654396728,489,154,0.22547584187408493,683,pairwise,pair__risk_threshold_pct_of_safe_tvl-0p005__threshold_decay_factor-0p95,"{""risk_threshold_pct_of_safe_tvl"":0.005,""threshold_decay_factor"":0.95}",300,0.6499999999999999
large,20280829,5.0,300,1.0,275,25,0.9166666666666666,389.54,8903.705204103377,10.706666666666667,56.79655984084667,50.0,71.00000000000023,120.0,0.003896546396666667,0.23666666666666666,0,0.0,6,559,113,5.0,0,0.0,26.341463414634145,5.459110186666667,0.315562,0.4835115,42.132250192,15.083534128,32.68099061,731.3807061598517,64.21879371159673,0.042924002686624094,242.80666314026976,9.090098169781028e-05,-974.1873693001212,-0.07620916897186601,-0.05717408308002912,619,0.28316559926806956,2186,149,0.1548856548856549,962,pairwise,pair__risk_threshold_pct_of_safe_tvl-0p005__threshold_decay_factor-0p95,"{""risk_threshold_pct_of_safe_tvl"":0.005,""threshold_decay_factor"":0.95}",300,0.6499999999999999
small,20280811,0.2,300,1.0,271,29,0.9033333333333333,36.096666666666664,49.32162065897333,9.916666666666666,1.9224343371933332,10.0,30.0,40.0,0.004307655,0.02666666666666667,0,0.0,4,10,12,15.0,0,0.0,48.37625979843225,5.338019856666667,0.329113,0.4304705,1.259175102,0.631557033,1.368373571,23.552016784342634,3.79786160912132,0.04083714127219127,46.48078202309757,0.0031413391937842503,-70.0327988074401,-0.1212135574027798,-0.12143076003952527,144,0.8622754491017964,167,168,0.12316715542521994,1364,pairwise,pair__countdown_minutes-15__risk_threshold_pct_of_safe_tvl-0p005,"{""countdown_minutes"":15,""risk_threshold_pct_of_safe_tvl"":0.005}",300,0.6499999999999999
medium,20280817,1.0,300,1.0,275,25,0.9166666666666666,106.66333333333333,508.42213129884334,10.603333333333333,11.18473245392,20.0,40.0,60.0,0.003945160083333333,0.05333333333333334,0,0.0,2,79,24,15.0,0,0.0,37.33794295592049,5.433633463333333,0.3439675,0.472134,8.136651678,2.395379566,5.189989059,141.4169816470953,17.60073064579233,0.042145839497344385,168.43695237799363,0.0011043116995956047,-309.85393402508896,-0.11000342642193972,-0.09234431409115249,384,0.7619047619047619,504,198,0.13589567604667124,1457,pairwise,pair__countdown_minutes-15__risk_threshold_pct_of_safe_tvl-0p005,"{""countdown_minutes"":15,""risk_threshold_pct_of_safe_tvl"":0.005}",300,0.6499999999999999
large,20280829,5.0,300,1.0,262,38,0.8733333333333333,362.6333333333333,9577.154134604516,15.213333333333333,78.90387792999333,40.0,70.0,90.0,0.0031435501,0.18,0,0.0,2,483,106,15.0,0,1e-12,23.867403314917127,7.18405674,0.26979,0.5007935,65.49558749799999,25.562886658,55.3862544255,1079.9682450190644,85.9201255705775,0.04562379244854758,1755.9175570543991,0.0006111479925300756,-2835.8858020734638,-0.0831249114163767,-0.1198033977742545,1421,0.7108554277138569,1999,184,0.10538373424971363,1746,pairwise,pair__countdown_minutes-15__risk_threshold_pct_of_safe_tvl-0p005,"{""countdown_minutes"":15,""risk_threshold_pct_of_safe_tvl"":0.005}",300,0.6499999999999999
small,20280811,0.2,300,1.0,272,28,0.9066666666666666,33.35333333333333,33.14916404718333,4.766666666666667,0.8959583041566667,10.0,20.0,50.0,0.0044130963966666666,0.023333333333333334,1,30.0,2,13,7,5.0,0,0.0,81.66351606805293,2.96684896,0.493703,0.3686195,0.424781866,0.2067246975,0.44790351250000005,9.165862100770104,2.495055089812656,0.034100776261002476,16.391521867647924,0.0016482589469744313,-25.557383968418034,-0.10709126380390062,-0.095083978238155,124,0.775,160,138,0.24775583482944344,557,pairwise,pair__max_early_boost-0p75__risk_threshold_pct_of_safe_tvl-0p005,"{""max_early_boost"":0.75,""risk_threshold_pct_of_safe_tvl"":0.005}",300,0.6499999999999999
medium,20280817,1.0,300,1.0,269,31,0.8966666666666666,98.83333333333333,545.39637305809,6.0633333333333335,5.679016254016667,20.0,40.0,60.0,0.0038705331,0.056666666666666664,0,0.0,4,77,26,5.0,0,0.0,47.42041712403952,3.55756424,0.42697799999999997,0.41535449999999996,3.649340191,1.222128195,2.647944422,63.9408547426455,10.1070066772129,0.0375304758680234,60.71166332589028,0.0003710552931468547,-124.6525180685358,-0.08398738704725056,-0.07316555807846192,312,0.6303030303030303,495,134,0.21895424836601307,612,pairwise,pair__max_early_boost-0p75__risk_threshold_pct_of_safe_tvl-0p005,"{""max_early_boost"":0.75,""risk_threshold_pct_of_safe_tvl"":0.005}",300,0.6499999999999999
large,20280829,5.0,300,1.0,268,32,0.8933333333333333,387.87,9074.444480411703,9.566666666666666,50.09193637863,40.0,60.0,80.0,0.00325690456,0.12333333333333334,0,0.0,1,462,109,5.0,0,1e-12,30.791161796151105,5.137181393333333,0.335397,0.46632450000000003,37.7921105635,16.430736482,35.5999290445,652.5849866459243,66.97949969851256,0.043425817528342965,795.1583672801246,0.0002920870689831468,-1447.7433539260496,-0.07521213017830759,-0.09633908226818486,1536,0.7409551374819102,2073,156,0.17747440273037543,879,pairwise,pair__max_early_boost-0p75__risk_threshold_pct_of_safe_tvl-0p005,"{""max_early_boost"":0.75,""risk_threshold_pct_of_safe_tvl"":0.005}",300,0.6499999999999999
small,20280811,0.2,300,1.0,264,36,0.88,30.796666666666667,28.63536682686,4.496666666666667,0.83141703207,10.0,20.0,40.0,0.0047413304566666665,0.01,34,570.0,2,11,7,5.0,0,0.0,94.73684210526316,2.9549590533333334,0.4827675,0.35570599999999997,0.442126656,0.18708653749999998,0.405354165,8.532004477997512,2.6943172035781617,0.034206678272936726,23.77386629404959,0.002767424683585065,-32.305870772047086,-0.13340014654499996,-0.12952132534344962,139,0.9084967320261438,153,135,0.24500907441016334,551,pairwise,pair__risk_threshold_pct_of_safe_tvl-0p005__target_risk_probability-0p875,"{""risk_threshold_pct_of_safe_tvl"":0.005,""target_risk_probability"":0.875}",300,0.6499999999999999
medium,20280817,1.0,300,1.0,275,25,0.9166666666666666,105.07333333333334,483.53551127156,5.81,5.716170767103334,20.0,40.0,60.0,0.003933633033333333,0.043333333333333335,0,0.0,3,68,20,5.0,0,0.0,50.174216027874564,3.50001774,0.4360365,0.39621850000000003,3.403665604,1.313882678,2.846745803,63.04186630344571,10.543587395698236,0.036762294708579335,52.65171739358617,0.00036296346504883874,-115.69358369703178,-0.11272309121017139,-0.06746566796245873,320,0.6037735849056604,530,139,0.22824302134646962,609,pairwise,pair__risk_threshold_pct_of_safe_tvl-0p005__target_risk_probability-0p875,"{""risk_threshold_pct_of_safe_tvl"":0.005,""target_risk_probability"":0.875}",300,0.6499999999999999
large,20280829,5.0,300,1.0,263,37,0.8766666666666667,388.38666666666666,8795.728095525526,9.336666666666666,50.223927839346665,40.0,60.0,80.0,0.00330436138,0.09333333333333334,0,0.0,2,449,125,5.0,0,1e-12,31.694790902421126,4.9216506933333335,0.3554375,0.47007200000000005,36.170890464,13.314979754,28.849122801,643.974878876012,68.03549710795724,0.04274024398197344,806.2079154596026,0.00030553010382003074,-1450.182794335616,-0.10065753016759665,-0.09624780171013131,1253,0.5978053435114504,2096,158,0.17118093174431204,923,pairwise,pair__risk_threshold_pct_of_safe_tvl-0p005__target_risk_probability-0p875,"{""risk_threshold_pct_of_safe_tvl"":0.005,""target_risk_probability"":0.875}",300,0.6499999999999999
small,20280811,0.2,300,1.0,272,28,0.9066666666666666,27.533333333333335,36.80941783735667,5.343333333333334,0.9947027305066667,20.0,40.0,60.0,0.009012878796666667,0.03333333333333333,0,0.0,2,9,9,5.0,0,0.0,55.81395348837209,3.37120056,0.43506100000000003,0.37915350000000003,0.5678366735,0.2480095015,0.5373539199999999,10.592999321922532,1.970790571520471,0.03549804042636541,19.21002509669947,0.0017395933092974054,-29.803024418621987,-0.10986576646860487,-0.09987246609661739,121,0.8402777777777778,144,134,0.23885918003565063,561,pairwise,pair__risk_tvl_erosion_cap_rate-0p035__threshold_decay_factor-0p95,"{""risk_tvl_erosion_cap_rate"":0.035,""threshold_decay_factor"":0.95}",300,0.6499999999999999
medium,20280817,1.0,300,1.0,272,28,0.9066666666666666,94.0,480.65357562504,7.85,8.09175217409,40.0,70.0,110.0,0.008094341376666666,0.1,0,0.0,2,102,28,5.0,0,0.0,30.4654442877292,4.395499066666667,0.37365950000000003,0.4274715,5.280916811,2.294416753,4.971236298999999,93.60467128550557,9.505692993732584,0.03855970428144931,145.8718065821877,0.0010116212173011617,-239.47647786769372,-0.10544509438319073,-0.09865044171541447,426,0.8554216867469879,498,143,0.1919463087248322,745,pairwise,pair__risk_tvl_erosion_cap_rate-0p035__threshold_decay_factor-0p95,"{""risk_tvl_erosion_cap_rate"":0.035,""threshold_decay_factor"":0.95}",300,0.6499999999999999
large,20280829,5.0,300,1.0,278,22,0.9266666666666666,319.96666666666664,7558.581080080877,13.98,71.48901344275001,70.0,100.0,130.0,0.00687353334,0.47333333333333333,0,0.0,5,707,103,5.0,0,1e-12,18.143637127257456,6.68627446,0.274712,0.5011840000000001,57.0158183065,21.847868294,47.337047971000004,933.9351728449236,56.483269588269216,0.04354679261743437,905.3425255516701,0.0003992559432164319,-1839.2776983965912,-0.10724809128067213,-0.08576038982873585,1304,0.6360975609756098,2050,165,0.14511873350923482,1137,pairwise,pair__risk_tvl_erosion_cap_rate-0p035__threshold_decay_factor-0p95,"{""risk_tvl_erosion_cap_rate"":0.035,""threshold_decay_factor"":0.95}",300,0.6499999999999999
small,20280811,0.2,300,1.0,273,27,0.91,39.513333333333335,50.79393423181333,10.89,2.210496775256667,20.0,40.0,70.0,0.007936746363333334,0.05,0,0.0,2,14,9,15.0,0,0.0,37.8615249780894,5.61576336,0.31520349999999997,0.4578395,1.667752472,0.433745458,0.939781826,28.23856793627087,3.563850817548646,0.04258253657784238,38.79666024563241,0.002546016621366128,-67.0352281819033,-0.1232360114832809,-0.10108621876654808,148,0.8554913294797688,173,186,0.12433155080213903,1496,pairwise,pair__countdown_minutes-15__risk_tvl_erosion_cap_rate-0p035,"{""countdown_minutes"":15,""risk_tvl_erosion_cap_rate"":0.035}",300,0.6499999999999999
medium,20280817,1.0,300,1.0,264,36,0.88,104.16333333333333,740.7868201469366,13.573333333333334,14.72728570662,50.0,70.0,110.0,0.006120848803333333,0.17333333333333334,0,0.0,3,142,23,15.0,0,0.0,22.60596546310832,6.385613576666667,0.297652,0.4965535,10.888993818,4.2676310404999995,9.246533921000001,192.85400555602007,14.532169963404966,0.04365004509267922,380.04556483734626,0.0017100986613214106,-572.8995703933664,-0.11285683264935488,-0.12966851276512847,438,0.8186915887850468,535,181,0.11117936117936118,1628,pairwise,pair__countdown_minutes-15__risk_tvl_erosion_cap_rate-0p035,"{""countdown_minutes"":15,""risk_tvl_erosion_cap_rate"":0.035}",300,0.6499999999999999
large,20280829,5.0,300,1.0,271,29,0.9033333333333333,339.94,8900.619237167773,18.29,97.04626862601333,70.0,90.0,110.0,0.005144812683333333,0.3433333333333333,0,0.0,2,637,112,15.0,0,1e-12,18.052653572921017,8.349032,0.2377955,0.508891,77.558838833,29.934234142,64.857507307,1332.8956823875794,80.20768000995045,0.04578213743673659,1936.7918309265415,0.0007253397317341557,-3269.6875133141166,-0.10908920019154941,-0.11230682572366577,1555,0.7552209810587663,2059,197,0.09605070697220867,2051,pairwise,pair__countdown_minutes-15__risk_tvl_erosion_cap_rate-0p035,"{""countdown_minutes"":15,""risk_tvl_erosion_cap_rate"":0.035}",300,0.6499999999999999
small,20280811,0.2,300,1.0,275,25,0.9166666666666666,27.916666666666668,25.741895615416666,4.91,0.94091793166,10.0,30.0,40.0,0.008618286666666666,0.02,0,0.0,1,14,8,5.0,0,0.0,72.97297297297298,3.0643312166666665,0.48040950000000004,0.38690749999999996,0.460453319,0.276192794,0.59841772,9.303621894948957,2.263043163636233,0.03295938140795196,19.79499826307093,0.002563266067478447,-29.098620158019862,-0.11337598743919335,-0.10308593051852072,97,0.697841726618705,139,129,0.2424812030075188,532,pairwise,pair__max_early_boost-0p75__risk_tvl_erosion_cap_rate-0p035,"{""max_early_boost"":0.75,""risk_tvl_erosion_cap_rate"":0.035}",300,0.6499999999999999
medium,20280817,1.0,300,1.0,270,30,0.9,102.97333333333333,527.4633476015267,7.38,7.431126164953334,40.0,60.0,100.0,0.00672244253,0.14333333333333334,0,0.0,6,115,24,5.0,0,0.0,32.432432432432435,4.138921086666667,0.3789275,0.439956,4.7161028345,2.308896314,5.0026086805,86.56353714301919,9.35822023167775,0.038829259173515304,165.5052790985153,0.001045919619193121,-252.06881624153462,-0.10343621781970733,-0.11306891698790822,418,0.7827715355805244,534,136,0.19127988748241911,711,pairwise,pair__max_early_boost-0p75__risk_tvl_erosion_cap_rate-0p035,"{""max_early_boost"":0.75,""risk_tvl_erosion_cap_rate"":0.035}",300,0.6499999999999999
large,20280829,5.0,300,1.0,268,32,0.8933333333333333,350.95666666666665,8650.74458868603,13.073333333333334,69.97453848364667,60.0,90.0,110.0,0.005172555656666667,0.3,0,0.0,5,659,98,5.0,0,1e-12,20.77922077922078,6.249025743333333,0.297138,0.503012,52.802793296000004,18.741554288,40.606700958000005,901.5746558480149,62.446729409386315,0.042947748108821814,1285.3405492307088,0.0004952716443667964,-2186.915205078723,-0.10662200182026475,-0.10417671210458972,1791,0.8573480134035424,2089,163,0.14298245614035088,1140,pairwise,pair__max_early_boost-0p75__risk_tvl_erosion_cap_rate-0p035,"{""max_early_boost"":0.75,""risk_tvl_erosion_cap_rate"":0.035}",300,0.6499999999999999
small,20280811,0.2,300,1.0,269,31,0.8966666666666666,32.403333333333336,41.701429371416666,5.43,0.9990184437533334,20.0,40.0,60.0,0.0081069657,0.02666666666666667,0,0.0,1,11,6,5.0,0,0.0,55.74193548387097,3.3641655333333333,0.4510845,0.39134599999999997,0.545161711,0.255728776,0.554079016,10.00509140709059,1.8590105324142516,0.03338307205320874,20.907563925988253,0.0016712108146840394,-30.91265533307892,-0.13278811982658814,-0.10314342551721546,123,0.825503355704698,149,122,0.21708185053380782,562,pairwise,pair__risk_tvl_erosion_cap_rate-0p035__target_risk_probability-0p875,"{""risk_tvl_erosion_cap_rate"":0.035,""target_risk_probability"":0.875}",300,0.6499999999999999
medium,20280817,1.0,300,1.0,263,37,0.8766666666666667,101.38,458.03570916356665,6.903333333333333,6.80323341618,30.0,60.0,80.0,0.00704270125,0.09333333333333334,0,0.0,1,118,24,5.0,0,0.0,36.272040302267,4.001828536666666,0.399843,0.410665,4.242972362,1.476196985,3.198426802,77.92704847318409,9.421910142853491,0.03818137822908915,172.64796209771723,0.0012564374250280984,-250.57501057090172,-0.12802700797209826,-0.12277250891464024,418,0.7992351816443595,523,139,0.198005698005698,702,pairwise,pair__risk_tvl_erosion_cap_rate-0p035__target_risk_probability-0p875,"{""risk_tvl_erosion_cap_rate"":0.035,""target_risk_probability"":0.875}",300,0.6499999999999999
large,20280829,5.0,300,1.0,257,43,0.8566666666666667,333.65,8798.962990790356,13.22,65.79763040188334,70.0,90.0,130.0,0.005008666806666667,0.3466666666666667,0,0.0,2,661,115,5.0,0,1e-12,19.94459833795014,6.63573758,0.270063,0.491012,52.339620965,18.860662824,40.864769451,879.1611469011165,58.448386497581154,0.04453864278147584,2083.8602056443237,0.0007894340154347149,-2963.0213525454365,-0.1321130882036716,-0.15010780451350988,1710,0.8201438848920863,2085,160,0.1413427561837456,1132,pairwise,pair__risk_tvl_erosion_cap_rate-0p035__target_risk_probability-0p875,"{""risk_tvl_erosion_cap_rate"":0.035,""target_risk_probability"":0.875}",300,0.6499999999999999
small,20280811,0.2,300,1.0,281,19,0.9366666666666666,37.17666666666667,48.890640172076665,11.336666666666666,2.3535083249266666,30.0,50.0,70.0,0.008743640776666667,0.043333333333333335,0,0.0,2,34,10,15.0,0,0.0,34.39490445859873,5.582805123333333,0.326945,0.4743265,1.554787226,0.814966015,1.7657597,28.888926140793316,3.3121061817470046,0.040916116356763566,41.29002533643391,0.0028151281575306674,-70.17895147722719,-0.12334453939760907,-0.09939622298328332,145,0.8285714285714286,175,186,0.12661674608577264,1469,pairwise,pair__countdown_minutes-15__threshold_decay_factor-0p95,"{""countdown_minutes"":15,""threshold_decay_factor"":0.95}",300,0.6499999999999999
medium,20280817,1.0,300,1.0,267,33,0.89,97.51666666666667,509.96858280077333,12.92,13.26154559553,45.0,70.0,130.0,0.007997892106666666,0.14333333333333334,0,0.0,1,133,14,15.0,0,0.0,24.013340744858255,6.226881583333333,0.30077600000000004,0.48558650000000003,9.596335388,3.644443613,7.896294496,165.97896292267873,13.28569797713493,0.041719361122488474,336.8947593290274,0.0022020621837707745,-502.87372225170697,-0.11310550869313853,-0.12639897278670312,451,0.8706563706563707,518,182,0.11540900443880786,1577,pairwise,pair__countdown_minutes-15__threshold_decay_factor-0p95,"{""countdown_minutes"":15,""threshold_decay_factor"":0.95}",300,0.6499999999999999
large,20280829,5.0,300,1.0,263,37,0.8766666666666667,320.0833333333333,8011.116327576903,20.686666666666667,110.13421999327,80.0,101.00000000000023,150.0,0.00679794237,0.5266666666666666,0,0.0,5,726,84,15.0,0,1e-12,15.70338058887677,8.820147476666667,0.2311825,0.5233595,87.645591066,29.4467023,63.801188316,1539.1866109262603,80.56811049559487,0.04658517613085556,2120.5757252154053,0.0008823471613295161,-3659.7623361416663,-0.09749370123957454,-0.11076673342658044,1161,0.5655138821237213,2053,189,0.08657810352725608,2183,pairwise,pair__countdown_minutes-15__threshold_decay_factor-0p95,"{""countdown_minutes"":15,""threshold_decay_factor"":0.95}",300,0.6499999999999999
small,20280811,0.2,300,1.0,260,40,0.8666666666666667,32.053333333333335,46.13824106596,5.89,1.13922324549,20.0,50.0,70.0,0.008810223189999999,0.056666666666666664,0,0.0,3,18,4,5.0,0,0.0,47.31653888280395,3.37904603,0.4632395,0.4179115,0.652667876,0.3102079795,0.6721172885,12.719688586807475,2.0061721319827783,0.03721743049386991,38.00052347945044,0.002745410502690834,-50.72021206625794,-0.10523794036288503,-0.14840583197674698,130,0.8904109589041096,146,122,0.20677966101694914,590,pairwise,pair__max_early_boost-0p75__threshold_decay_factor-0p95,"{""max_early_boost"":0.75,""threshold_decay_factor"":0.95}",300,0.6499999999999999
medium,20280817,1.0,300,1.0,273,27,0.91,95.92333333333333,470.75020945216335,7.546666666666667,7.6051727041433335,40.0,70.0,120.0,0.00810989702,0.11333333333333333,0,0.0,3,130,23,5.0,0,0.0,30.72546230440967,4.201218563333334,0.378736,0.446017,4.932455575,1.94699527,4.218489751,89.86287505525998,9.203594600254222,0.03938673433249899,99.61501112330009,0.0007053635461237308,-189.4778861785605,-0.0958621117164334,-0.08304781212719063,356,0.6939571150097466,513,156,0.21636615811373092,721,pairwise,pair__max_early_boost-0p75__threshold_decay_factor-0p95,"{""max_early_boost"":0.75,""threshold_decay_factor"":0.95}",300,0.6499999999999999
large,20280829,5.0,300,1.0,261,39,0.87,301.8333333333333,7468.74305501917,14.216666666666667,71.64699128824667,70.0,100.0,140.0,0.00686433082,0.51,0,0.0,6,682,112,5.0,0,1e-12,18.030050083472453,6.77336888,0.2742335,0.5015415,60.756972172,19.4025562,42.038871766,979.5676290544586,58.872178040000854,0.045573796909978224,1274.2971621664485,0.0005687245063768755,-2253.8647912209058,-0.08150303944938654,-0.10485970872353256,1448,0.7280040221216691,1989,171,0.1505281690140845,1136,pairwise,pair__max_early_boost-0p75__threshold_decay_factor-0p95,"{""max_early_boost"":0.75,""threshold_decay_factor"":0.95}",300,0.6499999999999999
small,20280811,0.2,300,1.0,263,37,0.8766666666666667,27.633333333333333,39.49621324251667,5.773333333333333,1.0782720901533334,20.0,40.0,60.0,0.00888477581,0.023333333333333334,0,0.0,0,12,7,5.0,0,0.0,50.467289719626166,3.5653762733333334,0.43533299999999997,0.3821345,0.626013709,0.276891346,0.599931249,11.85598235999642,1.9944643222423883,0.03665117697182379,29.183614862471522,0.0024629884290659123,-41.03959722246794,-0.132924276010604,-0.12686840237956437,119,0.9083969465648855,131,137,0.23141891891891891,592,pairwise,pair__target_risk_probability-0p875__threshold_decay_factor-0p95,"{""target_risk_probability"":0.875,""threshold_decay_factor"":0.95}",300,0.6499999999999999
medium,20280817,1.0,300,1.0,258,42,0.86,99.15666666666667,545.28858539879,8.07,8.293495327896666,50.0,70.0,120.0,0.007926925516666667,0.16666666666666666,0,0.0,2,139,23,5.0,0,0.0,28.033744321868916,4.414595256666667,0.3651095,0.4540945,5.7134039725,2.481684903,5.376983956,103.08145080972236,9.632530121090213,0.041430642020937866,263.3461593365027,0.0016098274466532113,-366.42761014622505,-0.1198222498721786,-0.1472751016143457,466,0.8809073724007561,529,152,0.19095477386934673,796,pairwise,pair__target_risk_probability-0p875__threshold_decay_factor-0p95,"{""target_risk_probability"":0.875,""threshold_decay_factor"":0.95}",300,0.6499999999999999
large,20280829,5.0,300,1.0,252,48,0.84,299.37,7849.517869386937,14.81,75.24616330855334,80.0,110.0,130.0,0.00680044918,0.4533333333333333,0,0.0,6,714,101,5.0,0,1e-12,17.62545899632803,6.973136196666666,0.275601,0.5069575,62.209604236000004,20.8640517145,45.205445382,1012.7424030914128,59.50016566510137,0.044863523425931126,2158.9884590971405,0.0009168242326139886,-3171.7308621885554,-0.10768040952081843,-0.1405046548877456,1567,0.7788270377733598,2012,154,0.12241653418124006,1258,pairwise,pair__target_risk_probability-0p875__threshold_decay_factor-0p95,"{""target_risk_probability"":0.875,""threshold_decay_factor"":0.95}",300,0.6499999999999999
small,20280811,0.2,300,1.0,272,28,0.9066666666666666,27.82,36.84752714183333,10.373333333333333,2.2350406525533333,20.0,30.0,50.0,0.008219698,0.05,0,0.0,2,14,10,15.0,0,0.0,41.73913043478261,5.07125002,0.350851,0.47344149999999996,1.5614366695,0.6875438220000001,1.4896782815,26.74906991904467,3.7216097278670843,0.03989348752782372,55.76291702000636,0.005044473930400087,-82.51198693905104,-0.1251853944169208,-0.12305814489293267,115,0.8214285714285714,140,187,0.13113604488078542,1426,pairwise,pair__countdown_minutes-15__max_early_boost-0p75,"{""countdown_minutes"":15,""max_early_boost"":0.75}",300,0.6499999999999999
medium,20280817,1.0,300,1.0,266,34,0.8866666666666667,99.91666666666667,478.34048872781335,11.876666666666667,12.526913176316667,40.0,60.0,80.0,0.0070450422599999995,0.10333333333333333,0,0.0,4,92,33,15.0,0,0.0,28.935030140656398,5.97409261,0.30673300000000003,0.476874,9.9508315345,4.0519993005,8.7793318185,161.65954203116146,15.592079070654556,0.043016594153669756,327.1048180373691,0.00227944198568215,-488.76436006853174,-0.1140806998812719,-0.13005714262009554,422,0.8099808061420346,521,185,0.11858974358974358,1560,pairwise,pair__countdown_minutes-15__max_early_boost-0p75,"{""countdown_minutes"":15,""max_early_boost"":0.75}",300,0.6499999999999999
large,20280829,5.0,300,1.0,279,21,0.93,350.0933333333333,7529.826954191197,17.016666666666666,92.46288609077,60.0,80.0,110.0,0.005521198263333333,0.29333333333333333,0,0.0,3,601,102,15.0,0,0.0,19.69006381039198,7.870491246666667,0.247003,0.5148595,74.602512245,22.63968701,49.052655188,1256.9525769459924,82.49825482234408,0.04531376966797436,572.181553420746,0.0002532955745648588,-1829.1341303667425,-0.09410114254230743,-0.06594120112045428,966,0.46308724832214765,2086,200,0.10672358591248667,1874,pairwise,pair__countdown_minutes-15__max_early_boost-0p75,"{""countdown_minutes"":15,""max_early_boost"":0.75}",300,0.6499999999999999
small,20280811,0.2,300,1.0,269,31,0.8966666666666666,31.763333333333332,46.86114487812333,11.413333333333334,2.17575383411,20.0,40.0,60.0,0.007827257833333334,0.03333333333333333,0,0.0,1,18,8,15.0,0,0.0,36.48648648648649,5.744387963333334,0.3106625,0.4633735,1.554459074,0.71138016,1.541323679,27.277898779188178,3.317582283955319,0.04179072459323226,54.45866871818622,0.003873761432833289,-81.73656749737448,-0.14796024720463619,-0.12522336889397953,129,0.8775510204081632,147,189,0.12659075686537175,1493,pairwise,pair__countdown_minutes-15__target_risk_probability-0p875,"{""countdown_minutes"":15,""target_risk_probability"":0.875}",300,0.6499999999999999
medium,20280817,1.0,300,1.0,257,43,0.8566666666666667,97.29333333333334,658.6739614849766,12.95,14.150524620883333,40.0,70.0,90.0,0.006460509086666667,0.12333333333333334,0,0.0,3,112,25,15.0,0,0.0,24.742268041237114,6.312024193333333,0.287011,0.4927195,10.793899111,3.915944833,8.484547139,185.8436327699049,15.327309919167414,0.04377779569991752,464.0517364438527,0.002348413952772885,-649.8953692137578,-0.13452680411244236,-0.1530909952400032,450,0.8840864440078585,509,173,0.11061381074168798,1564,pairwise,pair__countdown_minutes-15__target_risk_probability-0p875,"{""countdown_minutes"":15,""target_risk_probability"":0.875}",300,0.6499999999999999
large,20280829,5.0,300,1.0,264,36,0.88,334.6333333333333,8356.28408956171,18.10333333333333,92.80085602595334,60.0,80.0,100.0,0.005238608453333333,0.24333333333333335,0,0.0,1,625,82,15.0,0,1e-12,18.46153846153846,8.107887496666667,0.2424135,0.5175505,75.5903425965,27.894996002,60.4391580045,1284.1204897179712,79.02279936725976,0.04612459211794522,1971.7015440546395,0.0007865144853550393,-3255.822033772614,-0.11599152812122421,-0.11694655175961152,1470,0.7227138643067846,2034,187,0.09387550200803213,1992,pairwise,pair__countdown_minutes-15__target_risk_probability-0p875,"{""countdown_minutes"":15,""target_risk_probability"":0.875}",300,0.6499999999999999
small,20280811,0.2,300,1.0,268,32,0.8933333333333333,37.71333333333333,39.90024821735667,5.426666666666667,1.0778424539566667,20.0,40.0,60.0,0.008203908733333333,0.03,0,0.0,5,20,4,5.0,0,0.0,57.676902536715616,3.2743887266666665,0.4705875,0.4021515,0.5776220565,0.2541377045,0.5506316925,11.63179837538588,2.236287004079528,0.03597247548466395,21.38358743578236,0.0017864205855976326,-33.015385811168265,-0.1318533691703296,-0.10210331355314373,138,0.7263157894736842,190,134,0.2271186440677966,590,pairwise,pair__max_early_boost-0p75__target_risk_probability-0p875,"{""max_early_boost"":0.75,""target_risk_probability"":0.875}",300,0.6499999999999999
medium,20280817,1.0,300,1.0,279,21,0.93,96.38,562.8685529599334,7.3533333333333335,7.6724219648666665,40.0,60.0,80.0,0.006726829383333333,0.12,0,0.0,4,94,16,5.0,0,0.0,32.677760968229954,4.139229146666667,0.3829515,0.4496055,5.353063666,2.043137487,4.426797888,92.2572162268059,10.049197531512897,0.04008174413471505,45.59249791478285,0.00027000085943705966,-137.84971414158872,-0.11541467339746539,-0.059889699659736444,242,0.491869918699187,492,154,0.21359223300970873,721,pairwise,pair__max_early_boost-0p75__target_risk_probability-0p875,"{""max_early_boost"":0.75,""target_risk_probability"":0.875}",300,0.6499999999999999
large,20280829,5.0,300,1.0,264,36,0.88,330.98,7741.31461173246,12.353333333333333,62.642115450716666,60.0,80.0,100.0,0.00536073916,0.2866666666666667,0,0.0,6,574,94,5.0,0,1e-12,21.928934010152286,6.10008528,0.29206600000000005,0.492514,50.549521985,16.5690033455,35.899507248000006,840.587161239318,61.443934628660806,0.044729606974009226,879.7156696609848,0.0003787968468678946,-1720.302830900302,-0.10420224135240387,-0.09154133330920367,1259,0.627617148554337,2006,160,0.14911463187325255,1073,pairwise,pair__max_early_boost-0p75__target_risk_probability-0p875,"{""max_early_boost"":0.75,""target_risk_probability"":0.875}",300,0.6499999999999999
