draw,staker_count,staker_tvl,initial_player_threshold,player_threshold,activation_threshold_pct,funding_minutes,threshold_decay_steps,cycle_minutes,pending_withdrawn_count,pending_withdrawn_tvl,player_position_count,player_tvl,bootstrap_player_tvl,countdown_player_tvl,player_effective_wallet_count,player_largest_share,player_gini,median_player_profit_multiple,target_player_probability,activated,activation_reason,winner_mode,winner_id,gross_prize,protocol_fee,winner_profit,staker_jackpot_paid,staker_pro_rata_paid,staker_erosion_paid,protocol_revenue_cumulative,value_conservation_error,staker_cumulative_pnl,player_cumulative_pnl,activation_floor,minutes_at_floor,funding_staker_withdrawal_count,funding_staker_withdrawal_tvl,queued_staker_withdrawal_count,queued_staker_withdrawal_tvl,queued_staker_withdrawal_minutes,funding_clock_resets
1,29,23.867725654,0.238677257,0.214809531,0.009,10,1,15,0,0,4,0.386828131,0.217159739,0.169668392,3.810608,0.341978,0.115909,3.345578396,0.9,True,activated,player,player_00004,0.386828131,0.013562447,0.257686502,0.0,0.0,0.016707408,0.013562447,0.0,-0.016707408,0.00314496,0.1,0,0,0.0,0,0,0,0
2,32,26.180428746,0.261804287,0.212061473,0.0081,20,2,25,0,0,8,1.826842611,0.78665219,1.040190421,4.771324,0.319495,0.409177,6.68911503,0.9,True,activated,player,player_00006,1.826842611,0.063075123,1.198427337,0.0,0.0,0.0183263,0.076637571,0.0,-0.035033708,-0.041603862,0.1,0,0,0.0,0,0,0,0
3,32,26.162102446,0.261621024,0.235458922,0.009,10,1,15,0,0,7,0.757740455,0.247826693,0.509913762,4.553251,0.355001,0.342194,4.439137909,0.9,True,activated,player,player_00012,0.757740455,0.031962537,0.607288205,0.0,0.0,0.018313472,0.108600108,-0.0,-0.05334718,-0.055252928,0.1,0,0,0.0,0,0,0,0
4,32,26.143788975,0.26143789,0.235294101,0.009,10,1,15,0,0,4,0.682199997,0.504039456,0.178160541,2.037096,0.672179,0.462233,6.637213397,0.9,True,activated,player,player_00011,0.682199997,0.012096996,0.229842915,0.0,0.0,0.018300652,0.120697103,-0.0,-0.071647832,-0.049049271,0.1,0,0,0.0,0,0,0,0
5,33,26.246197876,0.262461979,0.262461979,0.01,0,0,5,0,0,5,0.817644209,0.445296176,0.372348033,2.646209,0.544609,0.476014,10.120309965,0.9,True,activated,player,player_00004,0.817644209,0.019536019,0.371184353,0.0,0.0,0.018372339,0.140233122,-0.0,-0.090020171,-0.050212951,0.1,0,0,0.0,0,0,0,0
6,32,25.347753976,0.25347754,0.228129786,0.009,10,1,15,0,0,4,1.099623227,0.268472493,0.831150734,2.221337,0.633328,0.429474,5.858616189,0.9,True,activated,player,player_00011,1.099623227,0.021047235,0.399897467,0.0,0.0,0.017743428,0.161280357,0.0,-0.107763598,-0.053516758,0.1,0,0,0.0,0,0,0,0
7,34,27.795544616,0.277955446,0.20262952,0.00729,30,3,35,0,0,7,0.777021701,0.41598738,0.361034321,5.183958,0.264614,0.305932,5.210292864,0.9,True,activated,player,player_00004,0.777021701,0.029543378,0.561324187,0.0,0.0,0.019456881,0.190823735,-0.0,-0.12722048,-0.063603255,0.1,0,0,0.0,0,0,0,0
8,34,27.776087734,0.277760877,0.24998479,0.009,10,1,15,0,0,3,0.38564854,0.342918871,0.042729669,1.971391,0.667805,0.371337,3.557302141,0.9,True,activated,player,player_00004,0.38564854,0.007377688,0.140176075,0.0,0.0,0.019443261,0.198201423,-0.0,-0.146663741,-0.051537682,0.1,0,0,0.0,0,0,0,0
9,34,27.756644473,0.277566445,0.22482882,0.0081,20,2,25,0,0,3,0.243664224,0.243664224,0,2.611397,0.508571,0.203289,2.582068872,0.9,True,activated,player,player_00019,0.243664224,0.006840006,0.129960118,0.0,0.0,0.017056496,0.205041429,0.0,-0.163720237,-0.041321193,0.1,0,0,0.0,0,0,0,0
10,34,27.739587977,0.27739588,0.224690663,0.0081,20,2,25,0,0,7,0.734073998,0.354669623,0.379404375,5.559855,0.24147,0.283312,4.669127947,0.9,True,activated,player,player_00004,0.734073998,0.028811747,0.547423197,0.0,0.0,0.019417712,0.233853177,-0.0,-0.183137948,-0.050715228,0.1,0,0,0.0,0,0,0,0
11,35,27.935314003,0.27935314,0.226276043,0.0081,20,2,25,0,0,8,1.88901852,0.451013499,1.438005021,1.86017,0.721886,0.573398,15.187770023,0.9,True,activated,player,player_00006,1.88901852,0.02724587,0.517671536,0.0,0.0,0.01955472,0.261099047,0.0,-0.202692668,-0.058406379,0.1,0,0,0.0,0,0,0,0
12,35,27.915759283,0.279157593,0.203505885,0.00729,30,3,35,0,0,7,1.040785079,0.217833572,0.822951507,1.861736,0.720378,0.640749,13.56754208,0.9,True,activated,staker,staker_00036,1.040785079,0.052039254,0.312235524,0.312235524,0.676510301,0.0,0.313138301,0.0,0.786053157,-1.099191458,0.1,0,0,0.0,0,0,0,0
13,35,28.904505108,0.289045051,0.234126491,0.0081,20,2,25,0,0,7,1.286557375,0.34602356,0.940533815,3.635817,0.464206,0.43996,9.368364677,0.9,True,activated,player,player_00028,1.286557375,0.05906933,1.122317269,0.0,0.0,0.020233154,0.372207631,0.0,0.765820003,-1.138027634,0.1,0,0,0.0,0,0,0,0
14,35,28.884271954,0.28884272,0.233962603,0.0081,20,2,25,0,0,8,0.837943641,0.324583229,0.513360412,6.256344,0.251957,0.293521,8.109873639,0.9,True,activated,player,player_00029,0.837943641,0.038819613,0.737572644,0.0,0.0,0.02021899,0.411027244,0.0,0.745601013,-1.156628257,0.1,0,0,0.0,0,0,0,0
15,37,29.315845062,0.293158451,0.237458345,0.0081,20,2,25,0,0,5,0.685690507,0.550949852,0.134740655,2.913293,0.500117,0.448641,5.765156703,0.9,True,activated,player,player_00021,0.685690507,0.026408888,0.501768878,0.0,0.0,0.020521092,0.437436132,0.0,0.725079921,-1.162516054,0.1,0,0,0.0,0,0,0,0
16,40,35.343673407,0.353436734,0.286283755,0.0081,20,2,25,0,0,8,1.202902019,0.424022855,0.778879164,3.281612,0.45234,0.432227,12.734388827,0.9,True,activated,player,player_00004,1.202902019,0.034176106,0.649346019,0.0,0.0,0.024740571,0.471612238,-0.0,0.70033935,-1.171951588,0.1,0,0,0.0,0,0,0,0
17,40,35.318932836,0.353189328,0.25747502,0.00729,30,3,35,0,0,4,0.349949477,0.349949477,0,3.165977,0.411445,0.28018,2.900940663,0.9,True,activated,player,player_00002,0.349949477,0.017752438,0.337296317,0.0,0.0,0.024496463,0.489364676,0.0,0.675842887,-1.165207563,0.1,0,0,0.0,0,0,0,0
18,40,35.294436373,0.352944364,0.285884935,0.0081,20,2,25,0,0,3,0.288750392,0.288750392,0,2.985587,0.364317,0.037115,2.158193551,0.9,True,activated,player,player_00030,0.288750392,0.010188315,0.193577987,0.0,0.0,0.020212527,0.499552991,0.0,0.655630359,-1.15518335,0.1,0,0,0.0,0,0,0,0
19,40,35.274223845,0.352742238,0.317468015,0.009,10,1,15,0,0,6,2.928388529,0.364503855,2.563884674,1.791034,0.734641,0.638351,15.39658336,0.9,True,activated,player,player_00006,2.928388529,0.133446356,2.535480768,0.0,0.0,0.024691957,0.632999347,-0.0,0.630938403,-1.26393775,0.1,0,0,0.0,0,0,0,0
20,40,35.249531889,0.352495319,0.256969087,0.00729,30,3,35,0,0,7,1.088907377,0.29667136,0.792236017,1.948653,0.692434,0.664308,9.496687385,0.9,True,activated,player,player_00011,1.088907377,0.017979258,0.341605909,0.0,0.0,0.024674672,0.650978606,0.0,0.60626373,-1.257242336,0.1,0,0,0.0,0,0,0,0
21,43,36.403148389,0.364031484,0.364031484,0.01,0,0,5,0,0,6,2.114541151,0.54990009,1.564641061,3.871035,0.357063,0.416138,5.753363747,0.9,True,activated,player,player_00038,2.114541151,0.083264317,1.582022014,0.0,0.0,0.025482204,0.734242922,0.0,0.580781526,-1.315024449,0.1,0,0,0.0,0,0,0,0
22,43,36.377666185,0.363776662,0.294659096,0.0081,20,2,25,0,0,5,0.509065537,0.363521418,0.145544119,4.193669,0.362423,0.223469,5.338386103,0.9,True,activated,player,player_00030,0.509065537,0.017501634,0.332531045,0.0,0.0,0.025464366,0.751744556,-0.0,0.55531716,-1.307061716,0.1,0,0,0.0,0,0,0,0
23,43,36.352201819,0.363522018,0.294452835,0.0081,20,2,25,0,0,6,1.085314763,0.530822768,0.554491995,3.36061,0.436645,0.460098,7.917409869,0.9,True,activated,player,player_00011,1.085314763,0.031843189,0.605020589,0.0,0.0,0.025446541,0.783587745,-0.0,0.529870619,-1.313458364,0.1,0,0,0.0,0,0,0,0
24,42,36.266139685,0.362661397,0.326395257,0.009,10,1,15,0,0,7,0.972564093,0.330572403,0.64199169,3.906492,0.376177,0.474919,14.217434519,0.9,True,activated,player,player_00043,0.972564093,0.031604713,0.600489554,0.0,0.0,0.025386298,0.815192459,-0.0,0.504484321,-1.31967678,0.1,0,0,0.0,0,0,0,0
25,45,37.537103653,0.375371037,0.273645486,0.00729,30,3,35,0,0,8,1.678596373,1.140916363,0.53768001,2.721159,0.565195,0.593521,20.58380663,0.9,True,activated,player,player_00011,1.678596373,0.037806927,0.718331613,0.0,0.0,0.026275973,0.852999386,0.0,0.478208348,-1.331207734,0.1,0,0,0.0,0,0,0,0
26,47,38.452456553,0.384524566,0.252286567,0.006561,40,4,45,0,0,7,0.612216966,0.345887654,0.266329312,4.630805,0.371026,0.353914,7.703048306,0.9,True,activated,player,player_00049,0.612216966,0.020599251,0.391385764,0.0,0.0,0.02691672,0.873598636,0.0,0.451291629,-1.324890265,0.1,0,0,0.0,0,0,0,0
27,47,38.425539834,0.384255398,0.384255398,0.01,0,0,5,0,0,4,1.730319517,0.579124789,1.151194728,3.335295,0.38508,0.238004,3.677793757,0.9,True,activated,player,player_00049,1.730319517,0.076713762,1.457561485,0.0,0.0,0.026897878,0.950312399,0.0,0.424393751,-1.37470615,0.1,0,0,0.0,0,0,0,0
28,46,38.203399269,0.382033993,0.309447534,0.0081,20,2,25,0,0,7,2.283085651,0.388190499,1.894895152,1.857913,0.72034,0.665125,12.308956013,0.9,True,activated,player,player_00044,2.283085651,0.033261497,0.631968436,0.0,0.0,0.026742379,0.983573895,0.0,0.397651371,-1.381225267,0.1,0,0,0.0,0,0,0,0
29,46,38.176656889,0.381766569,0.381766569,0.01,0,0,5,0,0,2,1.866278388,1.706447205,0.159831183,1.185697,0.914358,0.414358,5.202714311,0.9,True,activated,player,player_00006,1.866278388,0.009327742,0.177227101,0.0,0.0,0.02672366,0.992901637,-0.0,0.370927712,-1.363829349,0.1,0,0,0.0,0,0,0,0
30,45,37.868987041,0.37868987,0.248458424,0.006561,40,4,45,0,0,8,1.245714784,0.423452073,0.822262711,4.176685,0.406238,0.441374,8.535506532,0.9,True,activated,player,player_00046,1.245714784,0.038308299,0.727857681,0.0,0.0,0.026508291,1.031209936,0.0,0.344419421,-1.375629357,0.1,0,0,0.0,0,0,0,0
31,45,36.479586281,0.364795863,0.265936184,0.00729,30,3,35,0,0,7,1.236705477,0.634054162,0.602651315,4.184949,0.299098,0.393927,2.806180038,0.9,True,activated,player,player_00050,1.236705477,0.047149977,0.895849557,0.0,0.0,0.02553571,1.078359913,-0.0,0.31888371,-1.397243623,0.1,0,0,0.0,0,0,0,0
32,48,40.550142171,0.405501422,0.328456152,0.0081,20,2,25,0,0,4,1.340993711,0.908016876,0.432976835,2.523599,0.525269,0.422651,4.472174553,0.9,True,activated,player,player_00049,1.340993711,0.046820099,0.889581877,0.0,0.0,0.0283851,1.125180012,0.0,0.290498611,-1.415678623,0.1,0,0,0.0,0,0,0,0
33,47,40.400411183,0.404004112,0.404004112,0.01,0,0,5,0,0,6,4.01602873,0.541305887,3.474722843,2.021215,0.676819,0.429727,6.48709581,0.9,True,activated,player,player_00006,4.01602873,0.06630931,1.259876888,0.0,0.0,0.028280288,1.191489322,-0.0,0.262218323,-1.453707645,0.1,0,0,0.0,0,0,0,0
34,47,40.372130895,0.403721309,0.403721309,0.01,0,0,5,0,0,2,2.726104694,2.089497864,0.63660683,1.557583,0.766477,0.266477,1.731293994,0.9,True,activated,player,player_00035,2.726104694,0.033243366,0.631623956,0.0,0.0,0.028260492,1.224732688,0.0,0.233957831,-1.458690519,0.1,0,0,0.0,0,0,0,0
35,48,41.044511972,0.41044512,0.369400608,0.009,10,1,15,0,0,2,0.431674348,0.431674348,0,1.0,1.0,0.001246,0.06322961,0.9,True,activated,player,player_00057,0.431674348,0.001436558,0.0272946,0.0,0.0,0.028731158,1.226169246,0.0,0.205226673,-1.431395919,0.1,0,0,0.0,0,0,0,0
36,47,40.399567891,0.403995679,0.363596111,0.009,10,1,15,0,0,5,1.230295931,0.61460305,0.615692881,3.248517,0.460327,0.394875,5.508228193,0.9,True,activated,player,player_00004,1.230295931,0.034611864,0.657625413,0.0,0.0,0.028279698,1.26078111,0.0,0.176946975,-1.437728085,0.1,0,1,0.616212922,0,0,0,0
37,47,40.371288194,0.403712882,0.294306691,0.00729,30,3,35,0,0,9,1.208608937,0.329585095,0.879023842,3.897191,0.449872,0.471239,8.989194984,0.9,True,activated,player,player_00043,1.208608937,0.057459944,1.091738927,0.0,0.0,0.028259902,1.318241053,-0.0,0.148687074,-1.466928127,0.1,0,0,0.0,0,0,0,0
38,47,41.273258634,0.412732586,0.371459328,0.009,10,1,15,0,0,4,2.342076432,1.877415788,0.464660644,1.714553,0.748504,0.529334,8.989517961,0.9,True,activated,player,player_00044,2.342076432,0.030895748,0.587019212,0.0,0.0,0.028891281,1.349136801,-0.0,0.119795793,-1.468932594,0.1,0,0,0.0,0,0,0,0
39,47,41.244367353,0.412443674,0.371199306,0.009,10,1,15,0,0,5,1.246523761,0.611455379,0.635068382,2.717746,0.481632,0.502817,5.206330337,0.9,True,activated,player,player_00043,1.246523761,0.05392926,1.024655932,0.0,0.0,0.028871057,1.403066061,-0.0,0.090924736,-1.493990796,0.1,0,0,0.0,0,0,0,0
40,47,41.215496296,0.412154963,0.300460968,0.00729,30,3,35,0,0,7,1.209370982,0.703590596,0.505780386,3.328924,0.40314,0.528452,15.817243857,0.9,True,activated,player,player_00067,1.209370982,0.037533819,0.713142563,0.0,0.0,0.028850847,1.44059988,0.0,0.062073888,-1.502673768,0.1,0,0,0.0,0,0,0,0
41,47,41.186645448,0.411866454,0.411866454,0.01,0,0,5,0,0,6,2.016447371,1.763395301,0.25305207,1.298988,0.874506,0.746563,52.243056458,0.9,True,activated,player,player_00006,2.016447371,0.014094136,0.267788586,0.0,0.0,0.028830652,1.454694016,-0.0,0.033243236,-1.487937252,0.1,0,0,0.0,0,0,0,0
42,47,41.157814797,0.411578148,0.3333783,0.0081,20,2,25,0,0,4,0.457904546,0.391871158,0.066033388,2.590056,0.543941,0.395919,4.508754997,0.9,True,activated,player,player_00003,0.457904546,0.021034081,0.399647547,0.0,0.0,0.02881047,1.475728097,0.0,0.004432766,-1.480160863,0.1,0,0,0.0,0,0,0,0
43,46,40.418539081,0.404185391,0.363766852,0.009,10,1,15,0,0,7,1.190638885,0.40624137,0.784397515,2.865658,0.436111,0.487012,10.421604499,0.9,True,activated,player,player_00049,1.190638885,0.03498404,0.664696767,0.0,0.0,0.028292977,1.510712138,-0.0,-0.023860211,-1.486851926,0.1,0,0,0.0,0,0,0,0
44,45,39.197077254,0.391970773,0.285746693,0.00729,30,3,35,0,0,8,1.533005342,0.320028489,1.212976853,3.913528,0.357602,0.512619,12.653008916,0.9,True,activated,staker,staker_00013,1.533005342,0.076650267,0.459901603,0.459901603,0.996453472,0.0,1.587362405,0.0,1.432494863,-3.019857268,0.1,0,0,0.0,0,0,0,0
45,48,42.750010174,0.427500102,0.311647574,0.00729,30,3,35,0,0,6,0.877752665,0.322542942,0.555209723,3.179041,0.451496,0.504187,13.839099574,0.9,True,activated,player,player_00074,0.877752665,0.025568778,0.485806784,0.0,0.0,0.029925007,1.612931183,-0.0,1.402569856,-3.015501039,0.1,0,0,0.0,0,0,0,0
46,48,42.720085166,0.427200852,0.311429421,0.00729,30,3,35,0,0,6,0.837293758,0.348228877,0.489064881,3.853087,0.41298,0.391855,7.428997224,0.9,True,activated,staker,staker_00054,0.837293758,0.041864688,0.251188127,0.251188127,0.544240943,0.0,1.654795871,-0.0,2.197998926,-3.852794797,0.1,0,0,0.0,0,0,0,0
47,48,44.114343116,0.441143431,0.357326179,0.0081,20,2,25,0,0,5,1.370028218,0.708130618,0.6618976,3.461303,0.38014,0.357777,6.745132136,0.9,True,activated,player,player_00011,1.370028218,0.046790956,0.889028172,0.0,0.0,0.03088004,1.701586827,0.0,2.167118886,-3.868705713,0.1,0,0,0.0,0,0,0,0
48,46,41.874469336,0.418744693,0.339183202,0.0081,20,2,25,0,0,5,0.945672834,0.827594145,0.118078689,2.065169,0.673426,0.523873,12.742019584,0.9,True,activated,player,player_00074,0.945672834,0.016907203,0.321236859,0.0,0.0,0.029312129,1.71849403,-0.0,2.137806758,-3.856300788,0.1,0,0,0.0,0,0,0,0
49,46,41.845157207,0.418451572,0.338945773,0.0081,20,2,25,0,0,5,0.539558945,0.414505415,0.12505353,4.181394,0.355807,0.237024,4.029588251,0.9,True,activated,player,player_00078,0.539558945,0.023016296,0.437309618,0.0,0.0,0.02929161,1.741510326,0.0,2.108515148,-3.850025474,0.1,0,0,0.0,0,0,0,0
50,46,41.815865597,0.418158656,0.30483766,0.00729,30,3,35,0,0,8,1.218711373,0.394817002,0.823894371,4.521591,0.400937,0.399505,9.251555648,0.9,True,activated,player,player_00081,1.218711373,0.057183217,1.086481129,0.0,0.0,0.029271106,1.798693543,-0.0,2.079244042,-3.877937585,0.1,0,0,0.0,1,0.788682051,5,0
51,45,40.998464517,0.409984645,0.298878806,0.00729,30,3,35,0,0,5,0.601606845,0.3781714,0.223435445,3.918862,0.371398,0.289669,4.700830196,0.9,True,activated,player,player_00062,0.601606845,0.020343516,0.386526809,0.0,0.0,0.028698925,1.81903706,0.0,2.050545117,-3.869582176,0.1,0,0,0.0,0,0,0,0
52,45,40.969765592,0.409697656,0.36872789,0.009,10,1,15,0,0,3,0.852896009,0.752999868,0.099896141,1.381,0.84185,0.533884,7.433668221,0.9,True,activated,player,player_00004,0.852896009,0.008178211,0.155386002,0.0,0.0,0.028678836,1.82721527,-0.0,2.021866281,-3.849081551,0.1,0,0,0.0,0,0,0,0
53,45,40.633966095,0.406339661,0.365705695,0.009,10,1,15,0,0,3,0.513217534,0.415688382,0.097529152,2.723143,0.444274,0.169493,1.791797916,0.9,True,activated,player,player_00028,0.513217534,0.015682603,0.297969454,0.0,0.0,0.028443776,1.842897873,0.0,1.993422504,-3.836320378,0.1,0,0,0.0,0,0,0,0
54,45,40.605522318,0.406055223,0.328904731,0.0081,20,2,25,0,0,6,0.648396618,0.331016344,0.317380274,5.631463,0.236698,0.143218,5.129772664,0.9,True,activated,player,player_00087,0.648396618,0.027345893,0.519571969,0.0,0.0,0.028423866,1.870243766,0.0,1.964998639,-3.835242405,0.1,0,0,0.0,0,0,0,0
55,47,56.623409508,0.566234095,0.412784655,0.00729,30,3,35,0,0,7,1.335597351,0.42048204,0.915115311,4.390536,0.333113,0.413651,7.878023257,0.9,True,activated,player,player_00088,1.335597351,0.046516473,0.88381299,0.0,0.0,0.039636387,1.916760239,-0.0,1.925362252,-3.842122492,0.1,0,0,0.0,0,0,0,0
56,47,56.476767697,0.564767677,0.411715637,0.00729,30,3,35,0,0,4,1.588194991,1.588194991,0,1.439494,0.825922,0.60746,11.5270458,0.9,True,activated,player,player_00015,1.588194991,0.07997187,1.519465526,0.0,0.0,0.039533737,1.996732109,0.0,1.885828515,-3.882560624,0.1,0,0,0.0,0,0,0,0
57,47,56.43723396,0.56437234,0.56437234,0.01,0,0,5,0,0,4,1.078459998,0.775870908,0.30258909,1.82064,0.719425,0.521524,7.557123503,0.9,True,activated,player,player_00038,1.078459998,0.017104758,0.324990396,0.0,0.0,0.039506064,2.013836867,-0.0,1.846322451,-3.860159318,0.1,0,0,0.0,0,0,0,0
58,47,56.397727896,0.563977279,0.456821596,0.0081,20,2,25,0,0,8,1.035378717,0.571452311,0.463926406,3.940633,0.415614,0.516745,11.08862376,0.9,True,activated,player,player_00093,1.035378717,0.048051819,0.912984563,0.0,0.0,0.03947841,2.061888686,0.0,1.806844041,-3.868732727,0.1,0,0,0.0,1,0.369553644,5,0
59,46,54.779878417,0.547798784,0.443717015,0.0081,20,2,25,0,0,3,0.524826584,0.524826584,0,2.945855,0.386634,0.07366,2.064324625,0.9,True,activated,player,player_00039,0.524826584,0.020831854,0.395805231,0.0,0.0,0.036737861,2.08272054,-0.0,1.770106181,-3.852826721,0.1,0,1,0.410603491,0,0,0,0
60,46,54.743140556,0.547431406,0.359169745,0.006561,40,4,45,0,0,10,1.179811553,0.516654715,0.663156838,5.776462,0.336582,0.394562,11.628414078,0.9,True,activated,player,player_00070,1.179811553,0.054889894,1.042907989,0.0,0.0,0.038320198,2.137610434,-0.0,1.731785982,-3.869396417,0.1,0,0,0.0,0,0,0,0
61,44,53.358309291,0.533583093,0.432202305,0.0081,20,2,25,0,0,6,1.089045043,0.52232582,0.566719223,3.766288,0.371609,0.390967,9.669237001,0.9,True,activated,staker,staker_00006,1.089045043,0.054452252,0.326713513,0.326713513,0.707879278,0.0,2.192062686,0.0,2.766378773,-4.95844146,0.1,0,0,0.0,0,0,0,0
62,44,54.392902082,0.543929021,0.440582507,0.0081,20,2,25,0,0,6,2.743768855,0.797975763,1.945793092,1.861478,0.693044,0.690534,67.032623213,0.9,True,activated,player,player_00073,2.743768855,0.044014623,0.836277834,0.0,0.0,0.038075031,2.236077309,0.0,2.728303742,-4.964381051,0.1,0,0,0.0,0,0,0,0
63,44,54.35482705,0.543548271,0.489193443,0.009,10,1,15,0,0,7,2.321226256,0.51538733,1.805838926,5.905799,0.244086,0.225164,7.61793038,0.9,True,activated,player,player_00074,2.321226256,0.091265372,1.734042076,0.0,0.0,0.038048379,2.327342682,0.0,2.690255363,-5.017598044,0.1,0,0,0.0,0,0,0,0
64,44,54.316778671,0.543167787,0.356372385,0.006561,40,4,45,0,0,9,1.319476362,0.470682997,0.848793365,5.333144,0.314783,0.446569,10.973943416,0.9,True,activated,player,player_00102,1.319476362,0.064122293,1.218323573,0.0,0.0,0.038021745,2.391464975,-0.0,2.652233618,-5.043698593,0.1,0,0,0.0,0,0,0,0
65,44,54.278756926,0.542787569,0.356122924,0.006561,40,4,45,1,0.023368312,6,0.790163592,0.406092801,0.384070791,4.559306,0.264044,0.304211,4.160126029,0.9,True,activated,player,player_00056,0.790163592,0.031477196,0.598066722,0.0,0.0,0.03799513,2.422942171,-0.0,2.614238488,-5.037180659,0.1,0,0,0.0,0,0,0,0
66,44,54.240761796,0.542407618,0.320286274,0.0059049,50,5,55,0,0,9,3.023816751,0.650216915,2.373599836,1.794516,0.732135,0.758375,60.835312707,0.9,True,activated,player,player_00035,3.023816751,0.042397158,0.805546005,0.0,0.0,0.037968533,2.465339329,0.0,2.576269954,-5.041609284,0.1,0,0,0.0,0,0,0,0
67,43,54.04324767,0.540432477,0.354577748,0.006561,40,4,45,0,0,6,0.983904872,0.910269998,0.073634874,2.707762,0.563037,0.500644,9.078925698,0.9,True,activated,player,player_00092,0.983904872,0.046073821,0.875402591,0.0,0.0,0.037830273,2.51141315,-0.0,2.538439681,-5.049852831,0.1,0,0,0.0,0,0,0,0
68,45,55.832182228,0.558321822,0.366314948,0.006561,40,4,45,0,0,8,0.681476989,0.413198177,0.268278812,5.562341,0.243613,0.364478,9.16756635,0.9,True,activated,player,player_00078,0.681476989,0.027727143,0.526815719,0.0,0.0,0.039082528,2.539140293,0.0,2.499357154,-5.038497446,0.1,0,0,0.0,0,0,0,0
69,43,51.502295314,0.515022953,0.33790656,0.006561,40,4,45,0,0,6,0.608304377,0.443112041,0.165192336,5.016578,0.271562,0.246317,6.073129561,0.9,True,activated,player,player_00064,0.608304377,0.028662353,0.544584703,0.0,0.0,0.036051607,2.567802646,0.0,2.463305547,-5.031108192,0.1,0,1,0.167665119,0,0,0,0
70,44,51.614971563,0.516149716,0.376273143,0.00729,30,3,35,0,0,9,1.176113293,0.438796488,0.737316805,4.010668,0.406239,0.549365,12.982998301,0.9,True,activated,player,player_00111,1.176113293,0.036723051,0.697737972,0.0,0.0,0.03613048,2.604525697,-0.0,2.427175067,-5.031700764,0.1,0,1,0.32293667,0,0,0,0
71,44,52.652523508,0.526525235,0.526525235,0.01,0,0,5,0,0,3,0.991701643,0.802409145,0.189292498,1.474088,0.809124,0.510712,5.715532761,0.9,True,activated,player,player_00099,0.991701643,0.044098195,0.837865707,0.0,0.0,0.036856766,2.648623892,0.0,2.3903183,-5.038942192,0.1,0,0,0.0,0,0,0,0
72,45,54.099522597,0.540995226,0.354946968,0.006561,40,4,45,0,0,7,1.157228307,0.400394472,0.756833835,2.559563,0.585497,0.588066,13.396964296,0.9,True,activated,staker,staker_00002,1.157228307,0.057861415,0.347168492,0.347168492,0.7521984,0.0,2.706485307,0.0,3.489685192,-6.196170499,0.1,0,0,0.0,0,0,0,0
73,47,55.667574529,0.556675745,0.450907354,0.0081,20,2,25,0,0,4,2.455879701,1.22751918,1.228360521,2.58924,0.500171,0.397662,5.896131305,0.9,True,activated,player,player_00044,2.455879701,0.063324324,1.203162158,0.0,0.0,0.038967302,2.769809631,-0.0,3.45071789,-6.220527521,0.1,0,0,0.0,0,0,0,0
74,47,55.628607227,0.556286072,0.450591719,0.0081,20,2,25,0,0,4,0.55863638,0.541104907,0.017531473,2.537163,0.522696,0.419134,4.793331137,0.9,True,activated,player,player_00043,0.55863638,0.015278956,0.290300169,0.0,0.0,0.038940025,2.785088588,0.0,3.411777865,-6.196866452,0.1,0,0,0.0,0,0,0,0
75,47,55.589667202,0.555896672,0.405248674,0.00729,30,3,35,0,0,5,0.610391652,0.564013816,0.046377836,4.411628,0.266853,0.193408,3.290859592,0.9,True,activated,player,player_00106,0.610391652,0.027626353,0.524900712,0.0,0.0,0.038912767,2.812714941,-0.0,3.372865098,-6.185580039,0.1,0,0,0.0,0,0,0,0
76,47,55.550754435,0.555507544,0.404965,0.00729,30,3,35,0,0,9,1.357547257,0.466926051,0.890621206,6.300403,0.256154,0.364358,9.329563785,0.9,True,activated,staker,staker_00066,1.357547257,0.067877363,0.407264177,0.407264177,0.882405717,0.0,2.880592304,0.0,4.662534992,-7.543127296,0.1,0,0,0.0,0,0,0,0
77,47,56.840424329,0.568404243,0.460407437,0.0081,20,2,25,0,0,4,1.054155812,0.678393378,0.375762434,3.614843,0.356458,0.172858,2.866274815,0.9,True,activated,player,player_00122,1.054155812,0.041010619,0.779201765,0.0,0.0,0.039788297,2.921602923,-0.0,4.622746695,-7.544349618,0.1,0,0,0.0,0,0,0,0
78,46,55.928091019,0.55928091,0.453017537,0.0081,20,2,25,0,0,6,0.666604639,0.479011912,0.187592727,2.045314,0.677191,0.422215,8.346680351,0.9,True,activated,player,player_00121,0.666604639,0.012716775,0.241618717,0.0,0.0,0.039149664,2.934319697,0.0,4.583597031,-7.517916729,0.1,0,0,0.0,0,0,0,0
79,44,53.35723216,0.533572322,0.388974222,0.00729,30,3,35,0,0,8,1.479911259,0.424244792,1.055666467,5.216926,0.349061,0.348422,8.549647127,0.9,True,activated,player,player_00130,1.479911259,0.050034106,0.950648023,0.0,0.0,0.037350063,2.984353804,0.0,4.546246969,-7.530600773,0.1,0,0,0.0,0,0,0,0
80,43,53.140668141,0.531406681,0.531406681,0.01,0,0,5,0,0,6,3.174547355,0.869639728,2.304907627,2.522124,0.560532,0.563698,18.017630744,0.9,True,activated,staker,staker_00031,3.174547355,0.158727368,0.952364206,0.952364206,2.063455781,0.0,3.143081172,-0.0,7.562066956,-10.705148128,0.1,0,0,0.0,0,0,0,0
81,43,56.156488129,0.561564881,0.409380798,0.00729,30,3,35,0,0,5,0.810542694,0.704608255,0.105934439,2.830119,0.541451,0.415965,6.671314008,0.9,True,activated,player,player_00050,0.810542694,0.020549169,0.390434204,0.0,0.0,0.039309542,3.16363034,-0.0,7.522757414,-10.686387754,0.1,0,0,0.0,0,0,0,0
82,46,57.389059042,0.57389059,0.464851378,0.0081,20,2,25,0,0,6,0.839337859,0.586465569,0.25287229,3.147808,0.492393,0.477717,9.816542015,0.9,True,activated,player,player_00136,0.839337859,0.036003212,0.684061026,0.0,0.0,0.040172341,3.199633552,0.0,7.482585073,-10.682218625,0.1,0,0,0.0,0,0,0,0
83,45,57.181129155,0.571811292,0.514630162,0.009,10,1,15,0,0,6,1.204056069,0.524789321,0.679266748,4.074808,0.385122,0.367326,6.211409341,0.9,True,activated,player,player_00093,1.204056069,0.0557751,1.059726898,0.0,0.0,0.04002679,3.255408652,-0.0,7.442558282,-10.697966935,0.1,0,0,0.0,0,0,0,0
84,44,56.500058427,0.565000584,0.411885426,0.00729,30,3,35,1,0.010695956,7,1.684937429,0.529090523,1.155846906,2.721666,0.542532,0.593008,15.488249287,0.9,True,activated,player,player_00050,1.684937429,0.065363123,1.24189934,0.0,0.0,0.039550041,3.320771775,0.0,7.403008241,-10.723780017,0.1,0,0,0.0,0,0,0,0
85,45,60.250483583,0.602504836,0.395303423,0.006561,40,4,45,0,0,10,1.456254905,0.609552431,0.846702474,6.632549,0.218199,0.397126,11.542831542,0.9,True,activated,player,player_00143,1.456254905,0.061500321,1.168506101,0.0,0.0,0.042175339,3.382272096,-0.0,7.360832903,-10.743104999,0.1,0,0,0.0,0,0,0,0
86,44,59.824887199,0.598248872,0.436123428,0.00729,30,3,35,0,0,4,0.544626535,0.544626535,0,3.345926,0.387788,0.24354,3.508438308,0.9,True,activated,player,player_00088,0.544626535,0.018577544,0.352973336,0.0,0.0,0.038123857,3.40084964,0.0,7.322709046,-10.723558686,0.1,0,1,0.383421045,0,0,0,0
87,44,59.786763342,0.597867633,0.435845505,0.00729,30,3,35,0,0,7,0.701947677,0.581310479,0.120637198,3.663859,0.445186,0.446847,13.26563607,0.9,True,activated,player,player_00144,0.701947677,0.021565041,0.40973577,0.0,0.0,0.041850734,3.422414681,-0.0,7.280858311,-10.703272992,0.1,0,0,0.0,0,0,0,0
88,44,60.190079568,0.601900796,0.394907112,0.006561,40,4,45,0,0,5,1.036422667,1.036422667,0,1.756299,0.738999,0.604283,16.220929624,0.9,True,activated,player,player_00028,1.036422667,0.047174891,0.896322928,0.0,0.0,0.042133056,3.469589572,-0.0,7.238725256,-10.708314827,0.1,0,0,0.0,0,0,0,0
89,44,60.147946512,0.601479465,0.355167609,0.0059049,50,5,55,0,0,8,0.87464428,0.458845169,0.415799111,3.885965,0.450143,0.463411,9.952850066,0.9,True,activated,player,player_00068,0.87464428,0.026151656,0.49688147,0.0,0.0,0.042103563,3.495741228,0.0,7.196621693,-10.692362921,0.1,0,0,0.0,1,0.653704452,5,0
90,43,59.452596091,0.594525961,0.535073365,0.009,10,1,15,0,0,6,3.71702849,1.081225235,2.635803255,3.319619,0.418243,0.498195,6.963238311,0.9,True,activated,player,player_00074,3.71702849,0.135318182,2.571045454,0.0,0.0,0.041616817,3.63105941,0.0,7.155004876,-10.786064286,0.1,0,0,0.0,0,0,0,0
91,42,57.840837289,0.578408373,0.421659704,0.00729,30,3,35,0,0,8,2.444524602,0.49497554,1.949549062,3.865342,0.434965,0.496809,11.655175326,0.9,True,activated,player,player_00158,2.444524602,0.099129191,1.883454624,0.0,0.0,0.040488586,3.730188601,0.0,7.11451629,-10.84470489,0.1,0,0,0.0,1,0.16259496,5,0
92,41,57.637867559,0.576378676,0.576378676,0.01,0,0,5,0,0,4,1.375646874,0.938375722,0.437271152,1.936152,0.682134,0.523016,7.466745419,0.9,True,activated,player,player_00158,1.375646874,0.023880883,0.453736776,0.0,0.0,0.040346507,3.754069484,-0.0,7.074169782,-10.828239266,0.1,0,0,0.0,0,0,0,0
93,43,60.47308042,0.604730804,0.440848756,0.00729,30,3,35,0,0,5,0.55961278,0.471783082,0.087829698,3.921818,0.35728,0.289901,5.317551924,0.9,True,activated,player,player_00138,0.55961278,0.022344248,0.424540708,0.0,0.0,0.039172895,3.776413732,-0.0,7.034996888,-10.811410619,0.1,0,0,0.0,0,0,0,0
94,42,60.093243439,0.600932434,0.540839191,0.009,10,1,15,0,0,2,0.602785325,0.602785325,0,1.275428,0.876862,0.376862,3.756175448,0.9,True,activated,player,player_00043,0.602785325,0.005814538,0.11047623,0.0,0.0,0.04206527,3.78222827,0.0,6.992931617,-10.775159887,0.1,0,0,0.0,0,0,0,0
95,43,60.200322579,0.602003226,0.394974316,0.006561,40,4,45,0,0,10,2.339823065,0.57181296,1.768010105,3.671428,0.461949,0.583302,23.284940119,0.9,True,activated,staker,staker_00066,2.339823065,0.116991153,0.70194692,0.70194692,1.520884992,0.0,3.899219423,0.0,9.215763529,-13.114982952,0.1,0,0,0.0,0,0,0,0
96,44,62.834746653,0.628347467,0.508961448,0.0081,20,2,25,0,0,6,0.653513049,0.540447076,0.113065973,2.902988,0.538367,0.48422,9.824775453,0.9,True,activated,staker,staker_00043,0.653513049,0.032675652,0.196053915,0.196053915,0.424783482,0.0,3.931895076,0.0,9.836600926,-13.768496001,0.1,0,0,0.0,0,0,0,0
97,44,63.543867898,0.635438679,0.571894811,0.009,10,1,15,0,0,6,3.258207824,0.703009824,2.555198,3.089812,0.47015,0.511687,14.152168021,0.9,True,activated,player,player_00130,3.258207824,0.134414646,2.553878274,0.0,0.0,0.044480708,4.066309722,-0.0,9.792120218,-13.85842994,0.1,0,0,0.0,0,0,0,0
98,44,63.499387191,0.634993872,0.416619479,0.006561,40,4,45,0,0,8,1.372347571,0.486213254,0.886134317,3.162722,0.523429,0.525201,11.454567066,0.9,True,activated,player,player_00030,1.372347571,0.064207727,1.219946811,0.0,0.0,0.044449571,4.130517449,-0.0,9.747670647,-13.878188096,0.1,0,0,0.0,0,0,0,0
99,47,65.104032932,0.651040329,0.585936296,0.009,10,1,15,0,0,2,1.326302675,1.326302675,0,1.228338,0.8963,0.3963,4.33609167,0.9,True,activated,staker,staker_00002,1.326302675,0.066315134,0.397890802,0.397890802,0.862096739,0.0,4.196832582,0.0,11.007658188,-15.204490771,0.1,0,0,0.0,0,0,0,0
100,47,66.364020473,0.663640205,0.537548566,0.0081,20,2,25,0,0,6,1.352380096,1.069484775,0.282895321,1.843362,0.720672,0.642337,14.647345886,0.9,True,activated,player,player_00159,1.352380096,0.021210614,0.403001674,0.0,0.0,0.046454814,4.218043197,-0.0,10.961203374,-15.179246571,0.1,0,0,0.0,0,0,0,0
101,47,66.317565659,0.663175657,0.435109548,0.006561,40,4,45,0,0,10,1.565670038,0.650179249,0.915490789,6.863094,0.199734,0.374055,8.918629659,0.9,True,activated,staker,staker_00066,1.565670038,0.078283502,0.469701011,0.469701011,1.017685525,0.0,4.296326699,-0.0,12.44858991,-16.744916609,0.1,0,0,0.0,0,0,0,0
102,46,65.894557887,0.658945579,0.432334194,0.006561,40,4,45,0,0,6,0.543698811,0.489906642,0.053792169,4.777223,0.338756,0.255326,6.699245422,0.9,True,activated,staker,staker_00086,0.543698811,0.027184941,0.163109643,0.163109643,0.353404227,0.0,4.323511639,0.0,12.96510378,-17.28861542,0.1,0,0,0.0,0,0,0,0
103,46,66.411071757,0.664110718,0.392150738,0.0059049,50,5,55,0,0,6,1.67908794,0.817651727,0.861436213,2.746027,0.513038,0.561904,10.260696461,0.9,True,activated,player,player_00074,1.67908794,0.043206974,0.820932503,0.0,0.0,0.04648775,4.366718613,0.0,12.91861603,-17.285334643,0.1,0,0,0.0,0,0,0,0
104,46,66.364584007,0.66364584,0.391876232,0.0059049,60,5,65,1,0.067592393,8,0.690712062,0.51403534,0.176676722,5.944769,0.235211,0.331728,6.252129585,0.9,True,activated,player,player_00133,0.690712062,0.030097377,0.571850162,0.0,0.0,0.046455209,4.39681599,-0.0,12.872160821,-17.268976811,0.1,0,0,0.0,0,0,0,1
105,45,64.563688532,0.645636885,0.42360236,0.006561,40,4,45,0,0,6,1.104783851,1.017887551,0.0868963,3.068425,0.495879,0.504289,8.308063383,0.9,True,activated,player,player_00073,1.104783851,0.030106956,0.572032168,0.0,0.0,0.045194582,4.426922946,0.0,12.826966239,-17.253889186,0.1,0,1,1.754440267,0,0,0,0
106,47,66.176228912,0.661762289,0.59558606,0.009,10,1,15,0,0,3,1.361950885,1.073113539,0.288837346,1.605939,0.759544,0.487443,3.681882101,0.9,True,activated,player,player_00011,1.361950885,0.018690644,0.355122238,0.0,0.0,0.04632336,4.44561359,-0.0,12.780642879,-17.226256469,0.1,0,0,0.0,0,0,0,0
107,47,66.129905551,0.661299056,0.43387831,0.006561,40,4,45,0,0,9,2.369333931,0.478529839,1.890804092,2.81879,0.562771,0.617425,18.927203707,0.9,True,activated,player,player_00191,2.369333931,0.109134736,2.073559982,0.0,0.0,0.046290934,4.554748326,0.0,12.734351945,-17.289100271,0.1,0,0,0.0,0,0,0,0
108,45,63.452742746,0.634527427,0.462570495,0.00729,40,3,45,0,0,5,0.941502939,0.651831664,0.289671275,3.443828,0.388433,0.378647,4.256864906,0.9,True,activated,player,player_00155,0.941502939,0.045164594,0.858127294,0.0,0.0,0.04441692,4.599912921,-0.0,12.689935025,-17.289847946,0.1,0,1,0.985202072,0,0,0,0
109,45,63.408325826,0.634083258,0.462246695,0.00729,30,3,35,0,0,7,2.432800042,0.627210662,1.80558938,2.924574,0.53162,0.549603,12.690734959,0.9,True,activated,player,player_00007,2.432800042,0.118516611,2.251815615,0.0,0.0,0.044385828,4.718429532,0.0,12.645549197,-17.363978729,0.1,0,0,0.0,0,0,0,0
110,45,63.363939998,0.6336394,0.513247914,0.0081,20,2,25,0,0,8,1.053680393,0.543049847,0.510630546,4.376478,0.396635,0.449112,7.820965961,0.9,True,activated,player,player_00194,1.053680393,0.034005419,0.646102958,0.0,0.0,0.044354758,4.752434951,-0.0,12.601194439,-17.35362939,0.1,0,0,0.0,0,0,0,0
111,46,63.955553982,0.63955554,0.63955554,0.01,0,0,5,0,0,6,2.071777375,1.431940235,0.63983714,1.935043,0.691165,0.650382,28.122205435,0.9,True,activated,staker,staker_00095,2.071777375,0.103588869,0.621533212,0.621533212,1.346655294,0.0,4.856023819,0.0,14.569382946,-19.425406765,0.1,0,0,0.0,0,0,0,0
112,45,65.441209178,0.654412092,0.588970883,0.009,10,1,15,0,0,6,2.557833291,1.241890637,1.315942654,2.761213,0.463742,0.542437,16.320388662,0.9,True,activated,player,player_00044,2.557833291,0.070873346,1.346593567,0.0,0.0,0.045808846,4.926897165,-0.0,14.523574099,-19.450471264,0.1,0,0,0.0,0,0,0,0
113,45,65.395400331,0.653954003,0.429059222,0.006561,40,4,45,0,0,8,1.134868911,0.482908403,0.651960508,5.743798,0.286875,0.340275,8.064863782,0.9,True,activated,player,player_00064,1.134868911,0.053102667,1.008950668,0.0,0.0,0.04577678,4.979999832,0.0,14.477797319,-19.457797151,0.1,0,0,0.0,0,0,0,0
114,45,65.349623551,0.653496236,0.529331951,0.0081,20,2,25,0,0,6,0.965619774,0.529818386,0.435801388,4.630066,0.332509,0.297335,6.22415169,0.9,True,activated,player,player_00131,0.965619774,0.047591799,0.904244181,0.0,0.0,0.045744736,5.027591631,-0.0,14.432052582,-19.459644213,0.1,0,0,0.0,0,0,0,0
115,45,65.303878815,0.653038788,0.587734909,0.009,10,1,15,0,0,6,1.221424204,0.602948664,0.61847554,3.7547,0.373368,0.414438,7.542657591,0.9,True,activated,player,player_00213,1.221424204,0.044413963,0.843865294,0.0,0.0,0.045712715,5.072005594,-0.0,14.386339867,-19.458345461,0.1,0,0,0.0,0,0,0,0
116,45,65.258166099,0.652581661,0.475732031,0.00729,30,3,35,0,0,4,0.634170345,0.634170345,0,2.914902,0.501692,0.313247,4.791730449,0.9,True,activated,player,player_00059,0.634170345,0.026295655,0.499617443,0.0,0.0,0.044391924,5.098301249,-0.0,14.341947943,-19.440249192,0.1,0,0,0.0,0,0,0,0
117,43,64.4283199,0.644283199,0.422714207,0.006561,40,4,45,0,0,7,2.045023488,0.760882185,1.284141303,2.352572,0.596497,0.596455,11.356508972,0.9,True,activated,staker,staker_00066,2.045023488,0.102251174,0.613507046,0.613507046,1.329265267,0.0,5.200552423,0.0,16.284720257,-21.48527268,0.1,0,1,0.448431772,0,0,0,0
118,43,66.371092214,0.663710922,0.59733983,0.009,10,1,15,0,0,5,1.793774106,0.938317704,0.855456402,3.262569,0.478091,0.351624,5.304666462,0.9,True,activated,player,player_00019,1.793774106,0.087975202,1.671528829,0.0,0.0,0.046459765,5.288527625,0.0,16.238260492,-21.526788117,0.1,0,0,0.0,0,0,0,0
119,43,66.324632449,0.663246324,0.483506571,0.00729,30,3,35,1,0.035430645,8,3.216448338,2.159875864,1.056572474,2.432564,0.604061,0.65308,19.486045978,0.9,True,activated,player,player_00073,3.216448338,0.065997259,1.253947929,0.0,0.0,0.046427243,5.354524884,-0.0,16.191833249,-21.546358133,0.1,0,0,0.0,0,0,0,0
120,43,66.278205207,0.662782052,0.483168116,0.00729,30,3,35,0,0,3,0.638216278,0.638216278,0,2.057018,0.619375,0.367797,2.298184717,0.9,True,activated,player,player_00088,0.638216278,0.014379795,0.273216104,0.0,0.0,0.044675139,5.368904679,0.0,16.14715811,-21.516062789,0.1,0,0,0.0,0,0,0,0
121,43,66.233530067,0.662335301,0.536491594,0.0081,20,2,25,0,0,3,1.019698665,1.019698665,0,2.491946,0.524508,0.245207,2.165472758,0.9,True,activated,player,player_00226,1.019698665,0.04531389,0.860963916,0.0,0.0,0.046363471,5.414218569,0.0,16.100794639,-21.515013208,0.1,0,0,0.0,0,0,0,0
122,43,66.187166596,0.661871666,0.434254,0.006561,40,4,45,1,0.062527191,8,1.528194707,0.88729828,0.640896427,3.792425,0.433329,0.515733,14.481695283,0.9,True,activated,player,player_00223,1.528194707,0.070906026,1.347214486,0.0,0.0,0.046331017,5.485124595,-0.0,16.054463622,-21.539588217,0.1,0,0,0.0,0,0,0,0
123,43,66.14083558,0.661408356,0.59526752,0.009,10,1,15,0,0,7,1.172855133,0.658739772,0.514115361,4.016034,0.418559,0.431919,7.488480205,0.9,True,activated,player,player_00159,1.172855133,0.036412207,0.691831933,0.0,0.0,0.046298585,5.521536802,-0.0,16.008165037,-21.529701839,0.1,0,0,0.0,0,0,0,0
124,43,66.094536995,0.66094537,0.66094537,0.01,0,0,5,0,0,2,0.74048484,0.715971548,0.024513292,1.068395,0.966896,0.466896,14.817022627,0.9,True,activated,player,player_00143,0.74048484,0.003538973,0.067240495,0.0,0.0,0.046266176,5.525075775,-0.0,15.961898862,-21.486974637,0.1,0,0,0.0,0,0,0,0
125,44,66.216852123,0.662168521,0.482720852,0.00729,30,3,35,0,0,8,1.73857298,0.483857018,1.254715962,4.499003,0.380737,0.449061,8.35841269,0.9,True,activated,player,player_00112,1.73857298,0.080561358,1.530665803,0.0,0.0,0.046351796,5.605637133,0.0,15.915547065,-21.521184198,0.1,0,0,0.0,0,0,0,0
126,44,66.170500326,0.661705003,0.595534503,0.009,10,1,15,0,0,4,1.273677568,0.724489925,0.549187643,3.762659,0.331281,0.138899,2.924234063,0.9,True,activated,player,player_00060,1.273677568,0.048600812,0.923415434,0.0,0.0,0.04631935,5.654237946,0.0,15.869227715,-21.52346566,0.1,0,0,0.0,0,0,0,0
127,45,70.61754523,0.706175452,0.514801905,0.00729,30,3,35,0,0,4,0.625644269,0.625644269,0,3.776658,0.309184,0.123155,2.799148547,0.9,True,activated,player,player_00075,0.625644269,0.025146624,0.477785852,0.0,0.0,0.043795099,5.679384569,-0.0,15.825432616,-21.504817185,0.1,0,0,0.0,0,0,0,0
128,45,70.573750131,0.705737501,0.571647376,0.0081,20,2,25,0,0,7,1.659014528,0.680526198,0.97848833,5.680884,0.280033,0.258513,7.605398459,0.9,True,activated,player,player_00157,1.659014528,0.069161699,1.314072276,0.0,0.0,0.049401625,5.748546268,0.0,15.776030991,-21.524577259,0.1,0,0,0.0,0,0,0,0
129,45,70.524348506,0.705243485,0.571247223,0.0081,20,2,25,0,0,4,0.876473636,0.602363388,0.274110248,2.893559,0.46012,0.345556,3.36265264,0.9,True,activated,player,player_00240,0.876473636,0.032586522,0.61914391,0.0,0.0,0.049367044,5.78113279,-0.0,15.726663947,-21.507796737,0.1,0,0,0.0,0,0,0,0
130,47,72.785304543,0.727853045,0.589560967,0.0081,20,2,25,0,0,4,0.779794225,0.702763795,0.07703043,1.681069,0.758083,0.526269,10.441461986,0.9,True,activated,player,player_00241,0.779794225,0.011979752,0.227615284,0.0,0.0,0.050949713,5.793112542,0.0,15.675714234,-21.468826775,0.1,0,0,0.0,0,0,0,0
131,47,72.73435483,0.727343548,0.654609193,0.009,10,1,15,0,0,4,1.330923341,0.834651548,0.496271793,3.366614,0.353881,0.221403,2.477373443,0.9,True,activated,player,player_00226,1.330923341,0.050908719,0.967265659,0.0,0.0,0.050914048,5.84402126,0.0,15.624800185,-21.468821446,0.1,0,0,0.0,0,0,0,0
132,47,72.683440782,0.726834408,0.58873587,0.0081,20,2,25,0,0,3,0.686276768,0.686276768,0,1.840435,0.668966,0.431135,2.34208909,0.9,True,activated,player,player_00178,0.686276768,0.026120706,0.496293414,0.0,0.0,0.048039374,5.870141966,-0.0,15.576760812,-21.446902778,0.1,0,0,0.0,0,0,0,0
133,47,72.635401408,0.726354014,0.588346751,0.0081,20,2,25,0,0,8,3.037046167,2.165098827,0.87194734,2.912339,0.55445,0.544242,12.686766647,0.9,True,activated,player,player_00006,3.037046167,0.07020004,1.333800769,0.0,0.0,0.050844781,5.940342007,0.0,15.525916031,-21.466258038,0.1,0,0,0.0,0,0,0,0
134,47,72.584556627,0.725845566,0.476227276,0.006561,40,4,45,0,0,8,1.613097614,0.606826104,1.00627151,4.438728,0.39009,0.446238,11.06868743,0.9,True,activated,player,player_00014,1.613097614,0.05173265,0.982920357,0.0,0.0,0.05080919,5.992074657,-0.0,15.475106841,-21.467181498,0.1,0,0,0.0,0,0,0,0
135,48,72.833081289,0.728330813,0.530953163,0.00729,30,3,35,0,0,9,2.045504375,1.500340951,0.545163424,3.209616,0.515558,0.566941,15.505798705,0.9,True,activated,player,player_00188,2.045504375,0.087705071,1.666396344,0.0,0.0,0.050983157,6.079779728,0.0,15.424123684,-21.503903412,0.1,0,0,0.0,0,0,0,0
136,48,72.782098132,0.727820981,0.530581495,0.00729,30,3,35,0,0,4,0.605371299,0.605371299,0,2.265841,0.519499,0.462468,11.675453809,0.9,True,activated,player,player_00178,0.605371299,0.01994984,0.379046954,0.0,0.0,0.042375991,6.099729568,-0.0,15.381747693,-21.481477261,0.1,0,0,0.0,0,0,0,0
137,47,71.463865044,0.71463865,0.520971576,0.00729,30,3,35,0,0,5,0.84484346,0.637888405,0.206955055,3.221439,0.40828,0.407028,3.157774788,0.9,True,activated,player,player_00067,0.84484346,0.027496782,0.522438867,0.0,0.0,0.050024706,6.12722635,0.0,15.331722988,-21.458949338,0.1,0,1,1.275857097,0,0,0,0
138,47,71.413840339,0.714138403,0.520606896,0.00729,30,3,35,0,0,9,1.827548677,0.782334513,1.045214164,6.735203,0.228308,0.32442,9.679756684,0.9,True,activated,player,player_00256,1.827548677,0.086998273,1.652967196,0.0,0.0,0.049989688,6.214224624,-0.0,15.281733299,-21.495957923,0.1,0,0,0.0,0,0,0,0
139,48,71.44984742,0.714498474,0.643048627,0.009,10,1,15,0,0,5,1.432510261,0.643059487,0.789450774,3.027495,0.474202,0.439367,3.785766633,0.9,True,activated,player,player_00043,1.432510261,0.040161319,0.763065063,0.0,0.0,0.050014893,6.254385943,0.0,15.231718406,-21.486104349,0.1,0,0,0.0,0,0,0,0
140,51,72.784443464,0.727844435,0.477538734,0.006561,40,4,45,0,0,5,0.755291539,0.755291539,0,4.100254,0.333909,0.260679,3.47494667,0.9,True,activated,player,player_00098,0.755291539,0.031657368,0.601489983,0.0,0.0,0.05094911,6.28604331,0.0,15.180769296,-21.466812606,0.1,0,0,0.0,0,0,0,0
141,53,76.078502837,0.760785028,0.554612286,0.00729,30,3,35,0,0,5,1.349338298,0.57923036,0.770107938,2.597398,0.57073,0.470654,7.508939936,0.9,True,activated,player,player_00234,1.349338298,0.063230339,1.201376446,0.0,0.0,0.053254952,6.34927365,0.0,15.127514344,-21.476787993,0.1,0,0,0.0,0,0,0,0
142,53,76.025247885,0.760252479,0.615804508,0.0081,20,2,25,0,0,3,0.633828772,0.633828772,0,1.992267,0.613186,0.386448,1.927155411,0.9,True,activated,player,player_00007,0.633828772,0.014477108,0.275065053,0.0,0.0,0.044368014,6.363750758,-0.0,15.08314633,-21.446897087,0.1,0,0,0.0,0,0,0,0
143,53,75.980879871,0.759808799,0.759808799,0.01,0,0,5,0,0,6,2.101318967,0.923816278,1.177502689,3.70342,0.439636,0.396468,7.116783013,0.9,True,activated,player,player_00192,2.101318967,0.061534465,1.16915484,0.0,0.0,0.053186616,6.425285223,-0.0,15.029959714,-21.455244937,0.1,0,0,0.0,0,0,0,0
144,53,75.927693255,0.759276933,0.615014315,0.0081,20,2,25,0,0,6,1.746567468,1.145336553,0.601230915,3.591935,0.456082,0.398993,6.750928416,0.9,True,activated,staker,staker_00070,1.746567468,0.087328373,0.52397024,0.52397024,1.135268854,0.0,6.512613596,-0.0,16.689198808,-23.201812405,0.1,0,0,0.0,0,0,0,0
145,53,77.586932349,0.775869323,0.565608737,0.00729,30,3,35,0,0,7,1.026824342,0.660412604,0.366411738,5.40153,0.212246,0.281028,4.058552462,0.9,True,activated,player,player_00181,1.026824342,0.043624691,0.828869132,0.0,0.0,0.054310853,6.556238287,-0.0,16.634887956,-23.191126243,0.1,0,0,0.0,0,0,0,0
146,52,76.164033154,0.761640332,0.499712222,0.006561,40,4,45,0,0,9,1.044377137,0.516075042,0.528302095,4.91431,0.365589,0.439257,13.130776613,0.9,True,activated,player,player_00059,1.044377137,0.047756545,0.907374358,0.0,0.0,0.053314823,6.603994833,0.0,16.581573133,-23.185567965,0.1,0,0,0.0,0,0,0,0
147,51,75.490651792,0.754906518,0.495294166,0.006561,40,4,45,0,0,5,0.842119004,0.764399666,0.077719338,4.100842,0.332097,0.25535,5.548831608,0.9,True,activated,player,player_00263,0.842119004,0.039242822,0.745613614,0.0,0.0,0.052843456,6.643237654,-0.0,16.528729676,-23.171967331,0.1,0,1,0.620066539,0,0,0,0
148,50,75.069649872,0.750696499,0.492531973,0.006561,40,4,45,0,0,9,2.839193745,0.53016336,2.309030385,2.083914,0.675234,0.699028,28.594696855,0.9,True,activated,player,player_00269,2.839193745,0.12776458,2.427527011,0.0,0.0,0.052548755,6.771002234,-0.0,16.476180921,-23.247183155,0.1,0,0,0.0,0,0,0,0
149,50,75.017101117,0.750171011,0.44296848,0.0059049,50,5,55,0,0,11,1.204881329,0.553228411,0.651652918,5.91536,0.231135,0.480028,24.705369717,0.9,True,activated,player,player_00054,1.204881329,0.060541646,1.150291279,0.0,0.0,0.052511971,6.83154388,0.0,16.423668951,-23.255212831,0.1,0,0,0.0,0,0,0,0
150,49,74.897543858,0.748975439,0.546003095,0.00729,30,3,35,0,0,8,2.05746177,1.287706875,0.769754895,3.183644,0.517411,0.527695,14.2748799,0.9,True,activated,player,player_00192,2.05746177,0.052266863,0.993070398,0.0,0.0,0.052428281,6.883810743,-0.0,16.37124067,-23.255051413,0.1,0,0,0.0,0,0,0,0
151,48,74.758492625,0.747584926,0.441441423,0.0059049,50,5,55,0,0,7,1.426719089,1.266425037,0.160294052,2.876777,0.546331,0.541976,7.815749662,0.9,True,activated,player,player_00255,1.426719089,0.064798688,1.231175063,0.0,0.0,0.052330945,6.948609431,-0.0,16.318909725,-23.267519156,0.1,0,1,0.086622952,0,0,0,0
152,48,74.70616168,0.747061617,0.441132414,0.0059049,50,5,55,1,0.088354281,8,1.452997102,0.62186994,0.831127162,5.527638,0.291903,0.367097,9.077649693,0.9,True,activated,player,player_00179,1.452997102,0.064601201,1.227422812,0.0,0.0,0.052294313,7.013210631,-0.0,16.266615412,-23.279826043,0.1,0,0,0.0,0,0,0,0
153,47,74.360701381,0.743607014,0.602321681,0.0081,20,2,25,0,0,8,1.107889949,0.646116662,0.461773287,5.271438,0.319163,0.384535,8.409813556,0.9,True,activated,player,player_00280,1.107889949,0.040317226,0.766027288,0.0,0.0,0.052052491,7.053527857,0.0,16.214562921,-23.268090778,0.1,0,0,0.0,0,0,0,0
154,46,71.361209855,0.713612099,0.468200898,0.006561,40,4,45,0,0,10,1.214539627,0.492227172,0.722312455,5.242115,0.369265,0.422283,13.142094036,0.9,True,activated,player,player_00238,1.214539627,0.040800294,0.77520559,0.0,0.0,0.049952847,7.094328151,-0.0,16.164610074,-23.258938225,0.1,0,0,0.0,0,0,0,0
155,45,69.003668128,0.690036681,0.558929712,0.0081,20,2,25,0,0,8,1.177551469,0.612916022,0.564635447,4.672969,0.361419,0.434721,9.636656452,0.9,True,activated,player,player_00081,1.177551469,0.054090208,1.027713956,0.0,0.0,0.048302568,7.14841836,-0.0,16.116307506,-23.264725866,0.1,0,1,2.30758888,0,0,0,0
156,45,68.95536556,0.689553656,0.452416153,0.006561,40,4,45,0,0,5,0.759710428,0.759710428,0,2.47034,0.588149,0.501303,6.689449772,0.9,True,activated,player,player_00291,0.759710428,0.018057807,0.34309833,0.0,0.0,0.048268756,7.166476166,0.0,16.068038751,-23.234514917,0.1,0,0,0.0,0,0,0,0
157,47,68.675437663,0.686754377,0.405521592,0.0059049,50,5,55,0,0,6,1.469782502,1.469782502,0,1.755624,0.741862,0.653037,18.278665897,0.9,True,activated,player,player_00174,1.469782502,0.021373965,0.406105331,0.0,0.0,0.048072806,7.187850131,-0.0,16.019965944,-23.207816075,0.1,0,1,1.126291529,0,0,0,0
158,45,67.624587934,0.676245879,0.547759162,0.0081,20,2,25,0,0,8,1.387186993,0.746825841,0.640361152,4.888333,0.280061,0.439326,10.884753954,0.9,True,activated,player,player_00179,1.387186993,0.052301391,0.99372643,0.0,0.0,0.047337212,7.240151522,-0.0,15.972628733,-23.212780255,0.1,0,0,0.0,0,0,0,0
159,44,65.748175536,0.657481755,0.4793042,0.00729,30,3,35,0,0,6,1.510166314,0.664067481,0.846098833,3.082285,0.516537,0.456604,7.558470527,0.9,True,activated,player,player_00238,1.510166314,0.038806632,0.737326015,0.0,0.0,0.046023723,7.278958155,0.0,15.92660501,-23.205563164,0.1,0,0,0.0,0,0,0,0
160,44,65.702151813,0.657021518,0.431071818,0.006561,40,4,45,0,0,8,0.935465877,0.464205106,0.471260771,5.078092,0.283778,0.261473,7.341296277,0.9,True,activated,player,player_00098,0.935465877,0.035799635,0.680193059,0.0,0.0,0.045991506,7.314757789,0.0,15.880613503,-23.195371293,0.1,0,0,0.0,0,0,0,0
161,46,65.851316089,0.658513161,0.53339566,0.0081,20,2,25,0,0,5,0.856744745,0.719456325,0.13728842,1.661115,0.761685,0.633443,16.771572656,0.9,True,activated,player,player_00299,0.856744745,0.012513572,0.237757863,0.0,0.0,0.046095921,7.327271361,0.0,15.834517582,-23.161788943,0.1,0,0,0.0,0,0,0,0
162,45,65.581940003,0.6558194,0.59023746,0.009,10,1,15,0,0,6,1.863946306,0.632556796,1.23138951,2.943539,0.463667,0.542743,14.359548696,0.9,True,activated,player,player_00147,1.863946306,0.082080941,1.55953787,0.0,0.0,0.045907358,7.409352301,-0.0,15.788610224,-23.197962526,0.1,0,0,0.0,0,0,0,0
163,44,65.302293077,0.653022931,0.528948574,0.0081,20,2,25,0,0,3,0.727133153,0.727133153,0,1.876239,0.685475,0.407202,3.259738547,0.9,True,activated,player,player_00079,0.727133153,0.013720672,0.260692764,0.0,0.0,0.045711605,7.423072973,-0.0,15.742898619,-23.165971592,0.1,0,0,0.0,0,0,0,0
164,44,65.256581472,0.652565815,0.428148431,0.006561,40,4,45,0,0,9,1.129040023,0.671313379,0.457726644,5.224726,0.282779,0.459057,17.962773916,0.9,True,activated,player,player_00082,1.129040023,0.042772549,0.812678426,0.0,0.0,0.045679607,7.465845522,0.0,15.697219012,-23.163064534,0.1,0,0,0.0,0,0,0,0
165,44,65.210901865,0.652109019,0.427848727,0.006561,40,4,45,0,0,9,0.5795487,0.428908137,0.150640563,6.054557,0.266992,0.377044,9.886307532,0.9,True,activated,player,player_00222,0.5795487,0.024745735,0.470168967,0.0,0.0,0.040568409,7.490591257,-0.0,15.656650603,-23.14724186,0.1,0,0,0.0,0,0,0,0
166,45,65.507945848,0.655079458,0.589571513,0.009,10,1,15,0,0,5,1.669175467,0.898808563,0.770366904,4.411684,0.291574,0.201235,3.680511802,0.9,True,activated,player,player_00068,1.669175467,0.061417118,1.16692524,0.0,0.0,0.045855562,7.552008375,0.0,15.610795041,-23.162803416,0.1,0,0,0.0,0,0,0,0
167,45,65.462090286,0.654620903,0.589158813,0.009,10,1,15,0,0,3,1.269310622,1.150402079,0.118908543,1.299694,0.871447,0.557716,9.557044737,0.9,True,activated,player,player_00312,1.269310622,0.010449866,0.198547458,0.0,0.0,0.045823463,7.562458241,-0.0,15.564971578,-23.127429819,0.1,0,0,0.0,0,0,0,0
168,44,65.104072155,0.651040722,0.345989732,0.00531441,60,6,65,0,0,8,0.717629959,0.533162092,0.184467867,6.406228,0.229997,0.27895,6.96716304,0.9,True,activated,player,player_00048,0.717629959,0.032383233,0.615281428,0.0,0.0,0.045572851,7.594841474,0.0,15.519398727,-23.114240202,0.1,0,1,0.312194667,0,0,0,0
169,46,66.263192366,0.662631924,0.391277525,0.0059049,50,5,55,0,0,7,0.681185847,0.61615926,0.065026587,4.153637,0.397225,0.430951,8.261825409,0.9,True,activated,staker,staker_00066,0.681185847,0.034059292,0.204355754,0.204355754,0.442770801,0.0,7.628900767,0.0,16.166525282,-23.795426049,0.1,0,0,0.0,0,0,0,0
170,46,66.91031892,0.669103189,0.395098742,0.0059049,50,5,55,0,0,6,1.029469064,1.029469064,0,2.082781,0.667381,0.615712,13.597097474,0.9,True,activated,player,player_00111,1.029469064,0.019462913,0.369795345,0.0,0.0,0.046837223,7.64836368,-0.0,16.119688059,-23.768051738,0.1,0,0,0.0,0,0,0,0
171,46,66.863481697,0.668634817,0.438691303,0.006561,40,4,45,2,0.204012727,4,2.011306721,1.885927346,0.125379375,1.472568,0.815411,0.603038,11.76911998,0.9,True,activated,player,player_00073,2.011306721,0.02090343,0.397165166,0.0,0.0,0.046804437,7.669267109,0.0,16.072883621,-23.742150731,0.1,0,0,0.0,0,0,0,0
172,49,69.042016893,0.690420169,0.559240337,0.0081,20,2,25,0,0,7,1.747214187,1.01341168,0.733802507,3.987629,0.424036,0.426608,7.404528107,0.9,True,activated,staker,staker_00094,1.747214187,0.087360709,0.524164256,0.524164256,1.135689222,0.0,7.756627819,0.0,17.732737099,-25.489364918,0.1,0,0,0.0,0,0,0,0
173,49,70.70187037,0.707018704,0.515416635,0.00729,30,3,35,0,0,9,1.951563987,0.644604017,1.30695997,4.993471,0.299087,0.473376,13.316234442,0.9,True,activated,player,player_00014,1.951563987,0.079942486,1.518907229,0.0,0.0,0.049491309,7.836570305,-0.0,17.68324579,-25.519816094,0.1,0,0,0.0,0,0,0,0
174,49,70.652379061,0.706523791,0.57228427,0.0081,20,2,25,0,0,5,0.827575182,0.581201453,0.246373729,3.159722,0.466621,0.41131,5.009819741,0.9,True,activated,player,player_00043,0.827575182,0.024543406,0.466324711,0.0,0.0,0.049456665,7.86111371,0.0,17.633789124,-25.494902835,0.1,0,0,0.0,0,0,0,0
175,47,68.895228494,0.688952285,0.452021594,0.006561,40,4,45,0,0,7,0.734419314,0.574472566,0.159946748,3.676831,0.402355,0.48643,18.807762731,0.9,True,activated,player,player_00331,0.734419314,0.034045641,0.646867186,0.0,0.0,0.04822666,7.895159352,-0.0,17.585562465,-25.480721816,0.1,0,0,0.0,0,0,0,0
176,47,68.847001834,0.688470018,0.557660715,0.0081,20,2,25,0,0,8,1.669746761,0.638084385,1.031662376,5.175734,0.278156,0.393865,12.882040122,0.9,True,activated,player,player_00332,1.669746761,0.08137617,1.546147229,0.0,0.0,0.048192901,7.976535522,0.0,17.537369563,-25.513905085,0.1,0,0,0.0,0,0,0,0
177,47,68.798808933,0.687988089,0.61918928,0.009,10,1,15,0,0,6,1.566249478,0.627947294,0.938302184,3.685297,0.365838,0.445222,5.740028712,0.9,True,activated,staker,staker_00043,1.566249478,0.078312474,0.469874843,0.469874843,1.018062161,0.0,8.054847996,0.0,19.025306567,-27.080154563,0.1,0,0,0.0,0,0,0,0
178,49,73.065438378,0.730654384,0.532647046,0.00729,30,3,35,0,0,6,0.782421693,0.639100514,0.143321179,3.718149,0.435425,0.39699,7.868300052,0.9,True,activated,staker,staker_00066,0.782421693,0.039121085,0.234726508,0.234726508,0.5085741,0.0,8.09396908,0.0,19.768607176,-27.862576256,0.1,0,0,0.0,0,0,0,0
179,48,73.499534019,0.73499534,0.482230443,0.006561,40,4,45,0,0,8,0.904730966,0.579833054,0.324897912,5.785334,0.284329,0.332304,7.545814446,0.9,True,activated,player,player_00327,0.904730966,0.038855213,0.738249041,0.0,0.0,0.051449674,8.132824293,-0.0,19.717157502,-27.849981795,0.1,0,1,0.309204968,0,0,0,0
180,48,73.448084345,0.734480843,0.481892881,0.006561,40,4,45,0,0,8,1.590182135,0.733577648,0.856604487,4.327131,0.41615,0.412529,11.371963415,0.9,True,activated,player,player_00147,1.590182135,0.048992085,0.930849612,0.0,0.0,0.051413659,8.181816378,0.0,19.665743843,-27.847560221,0.1,0,0,0.0,0,0,0,0
181,48,73.396670686,0.733966707,0.535061729,0.00729,30,3,35,0,0,6,1.168000597,1.055922211,0.112078386,2.849437,0.514724,0.537223,11.445999293,0.9,True,activated,player,player_00082,1.168000597,0.030909006,0.587271112,0.0,0.0,0.051377669,8.212725384,-0.0,19.614366173,-27.827091557,0.1,0,0,0.0,0,0,0,0
182,51,74.424976378,0.744249764,0.439472043,0.0059049,50,5,55,1,0.207709783,4,0.496330051,0.496330051,0,2.840684,0.518855,0.317991,4.384751265,0.9,True,activated,player,player_00346,0.496330051,0.02164457,0.411246839,0.0,0.0,0.034743104,8.234369954,0.0,19.57962307,-27.813993024,0.1,0,0,0.0,0,0,0,0
183,52,82.60453697,0.82604537,0.48777153,0.0059049,50,5,55,0,0,7,1.084219285,0.506649372,0.577569913,2.988471,0.532706,0.526666,9.47401286,0.9,True,activated,staker,staker_00120,1.084219285,0.054210964,0.325265786,0.325265786,0.704742535,0.0,8.288580918,-0.0,20.609631391,-28.898212309,0.1,0,0,0.0,0,0,0,0
184,51,83.536261305,0.835362613,0.54808141,0.006561,40,4,45,0,0,9,0.932676036,0.648879173,0.283796863,5.298696,0.332843,0.408395,15.762446301,0.9,True,activated,player,player_00350,0.932676036,0.04374072,0.831073682,0.0,0.0,0.058475383,8.332321638,0.0,20.551156008,-28.883477646,0.1,0,1,0.098283986,0,0,0,0
185,51,83.477785922,0.834777859,0.608553059,0.00729,30,3,35,0,0,4,1.066787407,1.066787407,0,2.947183,0.449415,0.324469,4.518974183,0.9,True,activated,player,player_00099,1.066787407,0.038260475,0.726949018,0.0,0.0,0.05843445,8.370582113,-0.0,20.492721557,-28.863303671,0.1,0,0,0.0,0,0,0,0
186,51,83.419351472,0.834193515,0.547314365,0.006561,50,4,55,1,0.350314995,8,1.112281252,0.609406974,0.502874278,5.906211,0.261893,0.33014,9.080552713,0.9,True,activated,player,player_00297,1.112281252,0.043968826,0.835407693,0.0,0.0,0.058393546,8.414550939,-0.0,20.434328011,-28.848878951,0.1,0,0,0.0,0,0,0,1
187,50,83.164959529,0.831649595,0.606272555,0.00729,30,3,35,0,0,7,1.193867863,0.996799928,0.197067935,3.288192,0.407008,0.511279,16.023182714,0.9,True,activated,staker,staker_00066,1.193867863,0.059693393,0.358160359,0.358160359,0.776014111,0.0,8.474244332,0.0,21.568502481,-30.042746814,0.1,0,0,0.0,0,0,0,0
188,51,84.761276377,0.847612764,0.556118734,0.006561,40,4,45,1,0.06288564,9,1.471813374,0.59949651,0.872316864,4.431939,0.372951,0.496346,15.865658751,0.9,True,activated,staker,staker_00125,1.471813374,0.073590669,0.441544012,0.441544012,0.956678693,0.0,8.547835001,0.0,22.966725187,-31.514560188,0.1,0,0,0.0,0,0,0,0
189,49,82.994065117,0.829940651,0.605026735,0.00729,30,3,35,0,0,9,1.597325708,0.612539856,0.984785852,6.321153,0.268042,0.352678,7.206292133,0.9,True,activated,player,player_00177,1.597325708,0.071930102,1.366671946,0.0,0.0,0.058095846,8.619765103,0.0,22.908629341,-31.528394444,0.1,0,1,2.927600178,0,0,0,0
190,50,83.184607913,0.831846079,0.673795324,0.0081,20,2,25,0,0,5,1.249665224,0.795179454,0.45448577,3.557499,0.388456,0.351362,4.434894753,0.9,True,activated,staker,staker_00097,1.249665224,0.062483261,0.374899567,0.374899567,0.812282396,0.0,8.682248365,0.0,24.095811304,-32.778059668,0.1,0,0,0.0,0,0,0,0
191,49,84.186864551,0.841868646,0.552350018,0.006561,40,4,45,0,0,7,3.223223114,0.893063249,2.330159865,2.933906,0.523089,0.575854,11.999341987,0.9,True,activated,player,player_00366,3.223223114,0.079806088,1.51631567,0.0,0.0,0.058930805,8.762054452,-0.0,24.036880499,-32.798934951,0.1,0,0,0.0,0,0,0,0
192,49,84.127933746,0.841279337,0.613292637,0.00729,30,3,35,0,0,7,3.151269583,2.716679743,0.43458984,1.948752,0.696841,0.670895,22.09022045,0.9,True,activated,player,player_00368,3.151269583,0.050711198,0.963512756,0.0,0.0,0.058889554,8.81276565,-0.0,23.977990945,-32.790756595,0.1,0,0,0.0,0,0,0,0
193,48,83.188034028,0.83188034,0.673823076,0.0081,20,2,25,0,0,6,1.489154399,0.839067468,0.650086931,3.693625,0.424191,0.411357,7.788064783,0.9,True,activated,staker,staker_00052,1.489154399,0.07445772,0.44674632,0.44674632,0.967950359,0.0,8.88722337,0.0,25.392687624,-34.279910994,0.1,0,0,0.0,0,0,0,0
194,50,84.922965616,0.849229656,0.50146162,0.0059049,50,5,55,0,0,9,1.611381705,0.756268338,0.855113367,3.987532,0.43319,0.522382,17.631814705,0.9,True,activated,player,player_00106,1.611381705,0.073141078,1.389680481,0.0,0.0,0.059446076,8.960364448,0.0,25.333241548,-34.293605996,0.1,0,0,0.0,1,0.639575428,5,0
195,47,77.537820979,0.77537821,0.412067771,0.00531441,60,6,65,0,0,11,1.098055147,0.534818496,0.563236651,5.797403,0.346226,0.409129,13.409456941,0.9,True,activated,player,player_00378,1.098055147,0.054696017,1.039224314,0.0,0.0,0.054276475,9.015060465,-0.0,25.278965073,-34.294025538,0.1,0,1,6.348950362,0,0,0,0
196,46,72.290581948,0.722905819,0.585553714,0.0081,20,2,25,0,0,4,0.687487499,0.660901277,0.026586222,1.921327,0.66968,0.537955,14.117193562,0.9,True,activated,player,player_00075,0.687487499,0.027702326,0.526344202,0.0,0.0,0.048124125,9.042762791,0.0,25.230840948,-34.273603739,0.1,0,0,0.0,0,0,0,0
197,46,72.242457823,0.722424578,0.526647518,0.00729,30,3,35,0,0,7,1.070517809,0.634013085,0.436504724,3.592253,0.384508,0.48796,11.855893551,0.9,True,activated,player,player_00383,1.070517809,0.038162556,0.725088566,0.0,0.0,0.05056972,9.080925347,0.0,25.180271228,-34.261196575,0.1,0,0,0.0,0,0,0,0
198,45,71.068731848,0.710687318,0.46628195,0.006561,40,4,45,0,0,9,1.606205447,0.500106253,1.106099194,4.262576,0.397587,0.523838,11.771753193,0.9,True,activated,player,player_00385,1.606205447,0.070375101,1.33712692,0.0,0.0,0.049748112,9.151300448,0.0,25.130523116,-34.281823564,0.1,0,0,0.0,0,0,0,0
199,45,71.018983736,0.710189837,0.575253768,0.0081,20,2,25,0,0,8,1.916285613,0.755112747,1.161172866,6.575074,0.239658,0.255579,8.17096824,0.9,True,activated,player,player_00099,1.916285613,0.080459302,1.528726746,0.0,0.0,0.049713289,9.231759751,0.0,25.080809827,-34.312569578,0.1,0,0,0.0,0,0,0,0
200,44,70.116340858,0.701163409,0.511148125,0.00729,30,3,35,0,0,7,2.745746375,1.586345508,1.159400867,2.745672,0.493213,0.600884,23.150677744,0.9,True,activated,player,player_00044,2.745746375,0.07202949,1.368560304,0.0,0.0,0.049081439,9.30378924,-0.0,25.031728389,-34.335517629,0.1,0,1,0.852929589,0,0,0,0
201,43,69.877541647,0.698775416,0.628897875,0.009,10,1,15,0,0,3,1.582990315,1.497691529,0.085298786,1.196374,0.912027,0.585292,17.22504606,0.9,True,activated,player,player_00391,1.582990315,0.07733029,1.469275518,0.0,0.0,0.048914279,9.381119531,0.0,24.982814109,-34.36393364,0.1,0,0,0.0,0,0,0,0
202,41,66.897700672,0.668977007,0.438915814,0.006561,40,4,45,0,0,8,1.473510434,0.496001454,0.97750898,3.564765,0.456966,0.537499,18.03603915,0.9,True,activated,player,player_00132,1.473510434,0.042349749,0.804645232,0.0,0.0,0.04682839,9.42346928,0.0,24.935985719,-34.359454999,0.1,0,0,0.0,0,0,0,0
203,41,68.024016254,0.680240163,0.612216146,0.009,10,1,15,0,0,3,1.049413952,0.626177489,0.423236463,2.851628,0.403307,0.117112,1.740956183,0.9,True,activated,player,player_00281,1.049413952,0.03548706,0.674254147,0.0,0.0,0.047616811,9.45895634,-0.0,24.888368908,-34.347325248,0.1,0,0,0.0,0,0,0,0
204,41,67.976399442,0.679763994,0.445993157,0.006561,40,4,45,1,0.112353221,6,1.214924051,0.474906977,0.740017074,2.481199,0.595337,0.557,9.291046047,0.9,True,activated,player,player_00157,1.214924051,0.026960916,0.512257403,0.0,0.0,0.04758348,9.485917256,0.0,24.840785428,-34.326702684,0.1,0,0,0.0,0,0,0,0
205,41,67.928815963,0.67928816,0.611359344,0.009,10,1,15,0,0,6,1.863067508,0.648204268,1.21486324,4.217182,0.301668,0.360324,4.990003458,0.9,True,activated,player,player_00335,1.863067508,0.067732758,1.286922394,0.0,0.0,0.047550171,9.553650014,-0.0,24.793235257,-34.34688527,0.1,0,0,0.0,0,0,0,0
206,41,67.881265792,0.678812658,0.400832086,0.0059049,50,5,55,0,0,10,0.684839845,0.414128633,0.270711212,7.753189,0.19098,0.30489,9.866764889,0.9,True,activated,player,player_00395,0.684839845,0.030078291,0.571487533,0.0,0.0,0.047516886,9.583728305,-0.0,24.745718371,-34.329446675,0.1,0,0,0.0,0,0,0,0
207,41,67.833748906,0.678337489,0.49450803,0.00729,40,3,45,0,0,5,0.854236724,0.836842895,0.017393829,3.410462,0.345906,0.371069,3.273717508,0.9,True,activated,player,player_00382,0.854236724,0.030715724,0.583598747,0.0,0.0,0.047483624,9.614444028,0.0,24.698234746,-34.312678775,0.1,0,0,0.0,0,0,0,0
208,41,67.786265281,0.677862653,0.549068749,0.0081,20,2,25,0,0,8,1.381503921,0.803728198,0.577775723,4.967109,0.302517,0.438178,8.200070681,0.9,True,activated,player,player_00403,1.381503921,0.062220157,1.182182984,0.0,0.0,0.047450386,9.676664185,0.0,24.650784361,-34.327448546,0.1,0,0,0.0,0,0,0,0
209,41,67.738814896,0.677388149,0.548684401,0.0081,20,2,25,0,0,7,1.460804449,0.650777986,0.810026463,5.101986,0.269298,0.344521,6.365000097,0.9,True,activated,player,player_00385,1.460804449,0.05927319,1.126190609,0.0,0.0,0.04741717,9.735937375,-0.0,24.60336719,-34.339304566,0.1,0,0,0.0,1,8.957594916,5,0
210,40,58.740073125,0.587400731,0.428215133,0.00729,30,3,35,0,0,7,0.715422814,0.580800051,0.134622763,4.678165,0.266997,0.382926,7.586068244,0.9,True,activated,player,player_00019,0.715422814,0.02892357,0.549547824,0.0,0.0,0.041118051,9.764860945,-0.0,24.562249139,-34.327110084,0.1,0,0,0.0,0,0,0,0
211,40,58.698955074,0.586989551,0.427915382,0.00729,30,3,35,0,0,7,1.004492621,0.545769212,0.458723409,5.21317,0.274516,0.324947,6.5208592,0.9,True,activated,player,player_00409,1.004492621,0.039660246,0.753544665,0.0,0.0,0.041089269,9.804521191,-0.0,24.521159871,-34.325681061,0.1,0,0,0.0,1,0.433199182,5,0
212,38,58.117309588,0.581173096,0.523055786,0.009,10,1,15,0,0,4,1.101328942,0.583127326,0.518201616,2.661512,0.498789,0.394805,3.908643164,0.9,True,activated,player,player_00011,1.101328942,0.029634,0.563046004,0.0,0.0,0.040682117,9.834155191,0.0,24.480477754,-34.314632945,0.1,0,0,0.0,0,0,0,0
213,38,58.076627472,0.580766275,0.423378614,0.00729,30,3,35,0,0,8,2.319610408,0.876354235,1.443256173,4.084316,0.397032,0.507593,14.210889092,0.9,True,activated,player,player_00049,2.319610408,0.096452102,1.832589946,0.0,0.0,0.040653639,9.930607293,-0.0,24.439824115,-34.370431408,0.1,0,0,0.0,0,0,0,0
214,37,57.763933537,0.577639335,0.378989168,0.006561,40,4,45,1,0.148537807,5,0.845427659,0.666794448,0.178633211,2.150721,0.640872,0.561866,10.291673623,0.9,True,activated,player,player_00238,0.845427659,0.017202586,0.32684913,0.0,0.0,0.040434753,9.947809879,0.0,24.399389361,-34.34719924,0.1,0,1,0.272040296,0,0,0,0
215,35,57.193150146,0.571931501,0.571931501,0.01,0,0,5,0,0,3,1.750066546,1.572628375,0.177438171,1.2305,0.898611,0.568147,16.718148891,0.9,True,activated,player,player_00198,1.750066546,0.010873669,0.206599707,0.0,0.0,0.040035205,9.958683548,0.0,24.359354156,-34.318037704,0.1,0,0,0.0,0,0,0,0
216,33,54.91640511,0.549164051,0.360306534,0.006561,40,4,45,0,0,8,1.129641812,0.50377697,0.625864842,5.383393,0.262767,0.390253,9.311077064,0.9,True,activated,player,player_00394,1.129641812,0.051155555,0.971955549,0.0,0.0,0.038441484,10.009839103,0.0,24.320912672,-34.330751776,0.1,0,1,0.992590224,0,0,0,0
217,33,54.877963627,0.548779636,0.548779636,0.01,0,0,5,0,0,6,1.487483407,0.716348787,0.77113462,2.783704,0.481584,0.563087,16.212436107,0.9,True,activated,player,player_00223,1.487483407,0.051366841,0.975969972,0.0,0.0,0.038414575,10.061205944,0.0,24.282498098,-34.343704042,0.1,0,0,0.0,0,0,0,0
218,33,57.373414509,0.573734145,0.464724658,0.0081,20,2,25,0,0,4,0.722780553,0.477764314,0.245016239,3.521106,0.338991,0.192497,2.642154609,0.9,True,activated,player,player_00236,0.722780553,0.028859672,0.54833377,0.0,0.0,0.04016139,10.090065616,-0.0,24.242336708,-34.332402324,0.1,0,0,0.0,0,0,0,0
219,33,57.333253119,0.573332531,0.417959415,0.00729,30,3,35,0,0,5,0.544121642,0.477039161,0.067082481,3.246537,0.45866,0.384646,7.295068472,0.9,True,activated,player,player_00399,0.544121642,0.016632159,0.31601103,0.0,0.0,0.038088515,10.106697775,0.0,24.204248193,-34.310945968,0.1,0,0,0.0,0,0,0,0
220,32,55.188191427,0.551881914,0.325880752,0.0059049,50,5,55,1,0.415012459,7,0.916438684,0.570868426,0.345570258,3.949954,0.365593,0.481669,9.774054095,0.9,True,activated,player,player_00426,0.916438684,0.031001328,0.589025234,0.0,0.0,0.038631734,10.137699103,-0.0,24.165616459,-34.303315562,0.1,0,1,2.106973177,0,0,0,0
221,32,55.149559693,0.551495597,0.40204029,0.00729,30,3,35,0,0,4,1.515039566,1.515039566,0,1.731004,0.719606,0.58588,19.07581988,0.9,True,activated,player,player_00335,1.515039566,0.023170662,0.440242583,0.0,0.0,0.038604692,10.160869766,-0.0,24.127011767,-34.287881533,0.1,0,0,0.0,0,0,0,0
222,34,75.28325855,0.752832586,0.609794394,0.0081,20,2,25,0,0,8,1.992466097,0.770300411,1.222165686,4.658154,0.269473,0.456536,10.224859134,0.9,True,activated,staker,staker_00134,1.992466097,0.099623305,0.597739829,0.597739829,1.295102963,0.0,10.26049307,-0.0,26.019854559,-36.28034763,0.1,0,0,0.0,0,0,0,0
223,33,77.004406334,0.770044063,0.50522591,0.006561,40,4,45,0,0,7,0.86104161,0.54448573,0.31655588,5.272219,0.303033,0.30295,5.320785409,0.9,True,activated,player,player_00430,0.86104161,0.032701027,0.621319506,0.0,0.0,0.053903084,10.293194097,0.0,25.965951475,-36.259145572,0.1,0,1,0.171695009,0,0,0,0
224,33,76.950503249,0.769505032,0.560969169,0.00729,30,3,35,0,0,8,1.804228694,0.921903557,0.882325137,5.219234,0.268987,0.398821,10.381208149,0.9,True,activated,player,player_00436,1.804228694,0.085332617,1.621319729,0.0,0.0,0.053865352,10.378526714,-0.0,25.912086122,-36.290612837,0.1,0,0,0.0,0,0,0,0
225,33,76.896637897,0.768966379,0.504518841,0.006561,40,4,45,0,0,7,1.119379479,0.6048531,0.514526379,4.50008,0.390697,0.343431,10.840327761,0.9,True,activated,player,player_00311,1.119379479,0.054018452,1.02635058,0.0,0.0,0.053827647,10.432545166,-0.0,25.858258476,-36.290803642,0.1,0,0,0.0,0,0,0,0
226,32,76.590337012,0.76590337,0.62038173,0.0081,20,2,25,0,0,4,0.93170658,0.90577554,0.02593104,2.476775,0.508258,0.428367,5.65512199,0.9,True,activated,player,player_00324,0.93170658,0.044800318,0.851206051,0.0,0.0,0.053613236,10.477345484,0.0,25.80464524,-36.281990725,0.1,0,1,0.252473239,0,0,0,0
227,33,77.641519384,0.776415194,0.776415194,0.01,0,0,5,0,0,5,1.712783561,0.778500609,0.934282952,2.729723,0.454524,0.498283,5.69784604,0.9,True,activated,player,player_00299,1.712783561,0.049431601,0.939200415,0.0,0.0,0.054349064,10.526777085,-0.0,25.750296176,-36.277073262,0.1,0,0,0.0,0,0,0,0
228,33,77.58717032,0.775871703,0.698284533,0.009,10,1,15,0,0,7,1.089316744,0.838504738,0.250812006,2.347595,0.627312,0.58779,14.57168538,0.9,True,activated,player,player_00369,1.089316744,0.049423217,0.939041117,0.0,0.0,0.054311019,10.576200302,0.0,25.695985157,-36.272185459,0.1,0,0,0.0,0,0,0,0
229,33,77.532859301,0.775328593,0.62801616,0.0081,20,2,25,0,0,5,1.28898711,0.664021954,0.624965156,3.791854,0.363002,0.305621,6.21105101,0.9,True,activated,player,player_00028,1.28898711,0.058253021,1.106807396,0.0,0.0,0.054273002,10.634453323,0.0,25.641712156,-36.276165478,0.1,0,0,0.0,0,0,0,0
230,33,77.4785863,0.774785863,0.627576549,0.0081,20,2,25,0,0,3,1.349505057,1.349505057,0,1.119576,0.944263,0.612297,32.077918292,0.9,True,activated,player,player_00011,1.349505057,0.006472596,0.122979332,0.0,0.0,0.05423501,10.640925919,0.0,25.587477145,-36.228403064,0.1,0,0,0.0,0,0,0,0
231,32,77.164035337,0.771640353,0.410081321,0.00531441,60,6,65,1,0.039690504,11,1.412586124,0.538666675,0.873919449,3.767841,0.481628,0.510152,20.250365983,0.9,True,activated,player,player_00453,1.412586124,0.039312961,0.746946268,0.0,0.0,0.054014825,10.680238881,-0.0,25.533462321,-36.213701201,0.1,0,0,0.0,0,0,0,0
232,32,77.110020512,0.771100205,0.624591166,0.0081,20,2,25,0,0,5,1.331668772,0.90696887,0.424699902,3.42313,0.360918,0.365235,2.71708807,0.9,True,activated,player,player_00299,1.331668772,0.045251114,0.859771174,0.0,0.0,0.053977014,10.725489995,-0.0,25.479485306,-36.204975301,0.1,0,0,0.0,0,0,0,0
233,32,77.056043498,0.770560435,0.455008231,0.0059049,50,5,55,0,0,7,0.717378369,0.594495919,0.12288245,5.733424,0.249518,0.258622,5.468209524,0.9,True,activated,player,player_00457,0.717378369,0.03223562,0.612476785,0.0,0.0,0.050216486,10.757725615,0.0,25.42926882,-36.186994436,0.1,0,0,0.0,0,0,0,0
234,32,76.327287652,0.763272877,0.450705001,0.0059049,50,5,55,0,0,7,0.585082935,0.462921325,0.12216161,5.20763,0.290315,0.330057,6.495416418,0.9,True,activated,player,player_00355,0.585082935,0.028684701,0.545009326,0.0,0.0,0.040955805,10.786410317,-0.0,25.388313015,-36.174723332,0.1,0,1,1.03576965,0,0,0,0
235,32,76.286331846,0.762863318,0.450463161,0.0059049,50,5,55,0,0,6,0.86394473,0.86394473,0,3.389602,0.471457,0.438194,6.851061412,0.9,True,activated,player,player_00031,0.86394473,0.025501636,0.484531081,0.0,0.0,0.053400432,10.811911953,0.0,25.334912583,-36.146824535,0.1,0,0,0.0,0,0,0,0
236,32,76.232931414,0.762329314,0.55573807,0.00729,40,3,45,0,0,5,0.87112954,0.753864851,0.117264689,4.313723,0.334796,0.217594,3.957584557,0.9,True,activated,player,player_00123,0.87112954,0.036652101,0.696389921,0.0,0.0,0.053363052,10.848564054,0.0,25.281549531,-36.130113584,0.1,0,0,0.0,0,0,0,0
237,34,77.919336933,0.779193369,0.631146629,0.0081,20,2,25,0,0,7,1.544386442,0.708199531,0.836186911,5.232969,0.281481,0.330498,6.154859697,0.9,True,activated,player,player_00463,1.544386442,0.066428585,1.262143124,0.0,0.0,0.054543536,10.914992639,0.0,25.227005995,-36.141998634,0.1,0,0,0.0,0,0,0,0
238,34,77.864793397,0.778647934,0.510870909,0.006561,40,4,45,0,0,9,2.27606656,1.760507814,0.515558746,3.094991,0.529619,0.579432,18.131659905,0.9,True,activated,player,player_00192,2.27606656,0.056256149,1.068866823,0.0,0.0,0.054505355,10.971248788,-0.0,25.172500639,-36.143749427,0.1,0,0,0.0,0,0,0,0
239,33,76.232924262,0.762329243,0.500164216,0.006561,50,4,55,1,0.199087127,4,0.500194648,0.500194648,0,2.750926,0.532089,0.342687,4.769063404,0.9,True,activated,player,player_00470,0.500194648,0.013453014,0.25560726,0.0,0.0,0.035013625,10.984701801,-0.0,25.137487014,-36.122188815,0.1,0,0,0.0,0,0,0,0
240,32,71.601940376,0.716019404,0.380522068,0.00531441,60,6,65,0,0,12,2.452083832,0.462649573,1.989434259,3.574845,0.432703,0.601757,32.786729766,0.9,True,activated,player,player_00423,2.452083832,0.121741005,2.313079093,0.0,0.0,0.050121358,11.106442806,0.0,25.087365656,-36.193808462,0.1,0,0,0.0,0,0,0,0
241,31,70.106804123,0.701068041,0.511078602,0.00729,30,3,35,1,0.034758113,5,0.85782,0.523186413,0.334633587,3.612076,0.383079,0.336929,5.630226514,0.9,True,activated,player,player_00054,0.85782,0.032163376,0.611104148,0.0,0.0,0.049074763,11.138606182,0.0,25.038290893,-36.176897075,0.1,0,1,1.445014895,0,0,0,0
242,32,70.238504106,0.702385041,0.460834825,0.006561,40,4,45,0,0,5,0.821559654,0.821559654,0,2.876134,0.50428,0.446225,9.838617939,0.9,True,activated,player,player_00030,0.821559654,0.032268223,0.613096232,0.0,0.0,0.049166953,11.170874405,0.0,24.98912394,-36.159998345,0.1,0,0,0.0,0,0,0,0
243,31,70.017149096,0.700171491,0.510425017,0.00729,30,3,35,0,0,7,1.758260753,0.914313128,0.843947625,4.329186,0.279492,0.429782,5.057221474,0.9,True,activated,player,player_00217,1.758260753,0.067979968,1.291619384,0.0,0.0,0.049012004,11.238854373,-0.0,24.940111936,-36.178966308,0.1,0,0,0.0,0,0,0,0
244,31,69.968137092,0.699681371,0.56674191,0.0081,20,2,25,0,0,7,2.672991515,0.576669943,2.096321572,3.365789,0.443743,0.530785,11.677902361,0.9,True,activated,player,player_00432,2.672991515,0.121920881,2.316496735,0.0,0.0,0.048977696,11.360775254,0.0,24.89113424,-36.251909493,0.1,0,0,0.0,0,0,0,0
245,30,69.749258242,0.697492582,0.508472093,0.00729,30,3,35,0,0,6,1.236566147,0.509474366,0.727091781,4.281498,0.326118,0.356433,5.075032364,0.9,True,activated,player,player_00465,1.236566147,0.054370913,1.033047354,0.0,0.0,0.048824481,11.415146167,-0.0,24.842309759,-36.257455926,0.1,0,0,0.0,0,0,0,0
246,30,69.700433761,0.697004338,0.508116162,0.00729,30,3,35,0,0,6,0.927225779,0.584744224,0.342481555,4.871835,0.280745,0.264773,5.916720293,0.9,True,activated,player,player_00489,0.927225779,0.035785103,0.679916955,0.0,0.0,0.048790304,11.45093127,0.0,24.793519455,-36.244450725,0.1,0,0,0.0,0,0,0,0
247,32,70.183081259,0.701830813,0.511634662,0.00729,30,3,35,0,0,4,0.680881412,0.680881412,0,3.348319,0.348902,0.229666,2.630238195,0.9,True,activated,player,player_00302,0.680881412,0.025109821,0.477086605,0.0,0.0,0.047661699,11.476041091,-0.0,24.745857757,-36.221898848,0.1,0,0,0.0,0,0,0,0
248,30,67.464810419,0.674648104,0.491818468,0.00729,30,3,35,0,0,5,0.975273508,0.676482294,0.298791214,4.169659,0.306367,0.242167,3.055777182,0.9,True,activated,player,player_00299,0.975273508,0.039000281,0.741005343,0.0,0.0,0.047225367,11.515041372,0.0,24.698632389,-36.213673762,0.1,0,0,0.0,0,0,0,0
249,30,67.417585051,0.674175851,0.322456219,0.004782969,70,7,75,2,0.242734354,9,0.774622922,0.336723449,0.437899473,5.321445,0.322411,0.436099,10.00364753,0.9,True,activated,player,player_00386,0.774622922,0.028603417,0.543464919,0.0,0.0,0.04719231,11.543644789,-0.0,24.65144008,-36.195084869,0.1,0,0,0.0,0,0,0,0
250,31,67.794837568,0.677948376,0.549138184,0.0081,20,2,25,0,0,8,1.3818536,0.654307077,0.727546523,3.865488,0.360776,0.512313,14.602792641,0.9,True,activated,player,player_00267,1.3818536,0.046538522,0.884231927,0.0,0.0,0.047456386,11.590183312,0.0,24.603983693,-36.194167005,0.1,0,0,0.0,0,0,0,0
251,31,67.747381181,0.677473812,0.548753788,0.0081,20,2,25,0,0,4,0.687000199,0.667162735,0.019837464,1.791608,0.702767,0.569888,18.656117977,0.9,True,activated,player,player_00504,0.687000199,0.012581114,0.239041167,0.0,0.0,0.047423167,11.602764426,-0.0,24.556560527,-36.159324952,0.1,0,0,0.0,1,0.312913429,5,0
252,30,67.387263625,0.673872636,0.491253152,0.00729,30,3,35,0,0,9,3.199221901,1.566196174,1.633025727,4.611088,0.351155,0.515526,9.833158117,0.9,True,activated,staker,staker_00134,3.199221901,0.159961095,0.95976657,0.95976657,2.079494236,0.0,11.762725521,0.0,27.595821332,-39.358546853,0.1,0,0,0.0,0,0,0,0
253,29,70.078636225,0.700786362,0.459785932,0.006561,40,4,45,1,0.277878323,6,0.626086146,0.518222045,0.107864101,4.562774,0.292088,0.305146,6.64444991,0.9,True,activated,player,player_00355,0.626086146,0.028727023,0.545813441,0.0,0.0,0.04382603,11.791452544,-0.0,27.551995302,-39.343447846,0.1,0,0,0.0,0,0,0,0
254,29,70.034810195,0.700348102,0.700348102,0.01,0,0,5,0,0,5,1.813803078,0.752837895,1.060965183,3.253373,0.41506,0.406743,5.295276605,0.9,True,activated,player,player_00474,1.813803078,0.063913504,1.214356574,0.0,0.0,0.049024367,11.855366048,0.0,27.502970935,-39.358336983,0.1,0,0,0.0,0,0,0,0
255,28,69.720160195,0.697201602,0.697201602,0.01,0,0,5,0,0,3,1.211243754,0.761358422,0.449885332,2.153797,0.628576,0.302088,4.092746853,0.9,True,activated,player,player_00514,1.211243754,0.051133411,0.971534807,0.0,0.0,0.048804112,11.906499459,0.0,27.454166823,-39.360666282,0.1,0,0,0.0,0,0,0,0
256,28,69.671356083,0.696713561,0.507904186,0.00729,30,3,35,0,0,4,0.587980609,0.587980609,0,3.504246,0.375827,0.200349,3.009181204,0.9,True,activated,staker,staker_00066,0.587980609,0.02939903,0.176394183,0.176394183,0.382187396,0.0,11.935898489,-0.0,28.012748402,-39.948646891,0.1,0,0,0.0,0,0,0,0
257,28,71.330607402,0.713306074,0.57777792,0.0081,20,2,25,0,0,7,1.743608911,0.638972556,1.104636355,5.071203,0.274992,0.349545,6.891439267,0.9,True,activated,player,player_00128,1.743608911,0.070382924,1.33727556,0.0,0.0,0.049931425,12.006281413,0.0,27.962816976,-39.96909839,0.1,0,0,0.0,0,0,0,0
258,31,72.549679202,0.725496792,0.725496792,0.01,0,0,5,0,0,4,1.259277862,0.788670449,0.470607413,2.058829,0.626288,0.516089,10.142794905,0.9,True,activated,player,player_00238,1.259277862,0.026069609,0.495322579,0.0,0.0,0.050784775,12.032351023,0.0,27.912032201,-39.944383224,0.1,0,0,0.0,0,0,0,0
259,30,71.456538303,0.714565383,0.643108845,0.009,10,1,15,0,0,3,0.965677008,0.726915244,0.238761764,1.91842,0.673708,0.396443,3.091316078,0.9,True,activated,player,player_00048,0.965677008,0.038846741,0.73808808,0.0,0.0,0.050019577,12.071197764,0.0,27.862012624,-39.933210388,0.1,0,0,0.0,0,0,0,0
260,30,71.406518727,0.714065187,0.520553522,0.00729,30,3,35,0,0,7,1.942688538,0.636212123,1.306476415,3.142699,0.528588,0.432022,11.645190316,0.9,True,activated,player,player_00520,1.942688538,0.088767262,1.686577971,0.0,0.0,0.049984563,12.159965025,0.0,27.812028061,-39.971993086,0.1,0,0,0.0,0,0,0,0
261,30,71.356534163,0.713565342,0.520189134,0.00729,30,3,35,0,0,7,1.189254292,0.550392971,0.638861321,3.931151,0.389208,0.447362,11.913528128,0.9,True,activated,player,player_00386,1.189254292,0.038816806,0.737519323,0.0,0.0,0.049949574,12.198781832,0.0,27.762078487,-39.960860319,0.1,0,0,0.0,0,0,0,0
262,30,71.30658459,0.713065846,0.713065846,0.01,0,0,5,0,0,6,2.305834288,1.380860036,0.924974252,2.442426,0.598855,0.564662,12.469048061,0.9,True,activated,player,player_00121,2.305834288,0.107724926,2.046773601,0.0,0.0,0.049914609,12.306506758,-0.0,27.712163878,-40.018670636,0.1,0,0,0.0,0,0,0,0
263,30,71.25666998,0.7125667,0.577179027,0.0081,20,2,25,0,0,4,1.322779834,1.200339524,0.12244031,2.543571,0.445355,0.394703,5.520422167,0.9,True,activated,player,player_00366,1.322779834,0.039177639,0.744375146,0.0,0.0,0.049879669,12.345684398,0.0,27.662284209,-40.007968606,0.1,0,0,0.0,0,0,0,0
264,29,70.563058363,0.705630584,0.462964226,0.006561,40,4,45,0,0,6,0.702878631,0.473528974,0.229349657,3.046464,0.449025,0.522217,13.25166165,0.9,True,activated,player,player_00528,0.702878631,0.03585898,0.681320617,0.0,0.0,0.049201504,12.381543377,-0.0,27.613082705,-39.994626082,0.1,0,0,0.0,0,0,0,0
265,28,70.443766763,0.704437668,0.462181554,0.006561,40,4,45,0,0,7,1.180209168,0.858562698,0.32164647,3.66427,0.437856,0.491696,8.631091154,0.9,True,activated,player,player_00107,1.180209168,0.048722898,0.925735057,0.0,0.0,0.049310637,12.430266275,-0.0,27.563772068,-39.994038343,0.1,0,1,0.070090096,0,0,0,0
266,28,70.394456126,0.703944561,0.513175585,0.00729,30,3,35,0,0,6,0.802540216,0.620687332,0.181852884,3.813077,0.441909,0.345125,8.025998596,0.9,True,activated,player,player_00145,0.802540216,0.038463427,0.730805104,0.0,0.0,0.049276119,12.468729702,0.0,27.514495949,-39.98322565,0.1,0,0,0.0,0,0,0,0
267,28,70.345180007,0.7034518,0.461534726,0.006561,40,4,45,0,0,9,2.425584255,0.472904101,1.952680154,1.787685,0.740294,0.704217,30.117041227,0.9,True,activated,player,player_00073,2.425584255,0.033958995,0.645220897,0.0,0.0,0.049241626,12.502688696,0.0,27.465254323,-39.967943019,0.1,0,0,0.0,0,0,0,0
268,28,70.295938381,0.702959384,0.512457391,0.00729,30,3,35,0,0,8,2.13831093,1.056528812,1.081782118,3.952289,0.347213,0.511444,13.903217295,0.9,True,activated,player,player_00542,2.13831093,0.074131697,1.40850224,0.0,0.0,0.049207157,12.576820393,-0.0,27.416047166,-39.992867559,0.1,0,0,0.0,0,0,0,0
269,27,71.277149242,0.712771492,0.519610418,0.00729,30,3,35,0,0,5,1.137126664,1.049350903,0.087775761,3.58617,0.415997,0.337677,5.497463592,0.9,True,activated,player,player_00545,1.137126664,0.035698997,0.678280941,0.0,0.0,0.049894004,12.61251939,0.0,27.366153161,-39.978672551,0.1,0,0,0.0,0,0,0,0
270,26,70.789747465,0.707897475,0.41800638,0.0059049,50,5,55,1,0.087522913,7,1.681115212,0.428441225,1.252673987,2.055781,0.67474,0.655927,21.519356248,0.9,True,activated,player,player_00547,1.681115212,0.029817584,0.566534087,0.0,0.0,0.049552823,12.642336974,0.0,27.316600338,-39.958937312,0.1,0,1,0.437507773,0,0,0,0
271,26,70.740194642,0.707401946,0.464126417,0.006561,40,4,45,0,0,7,1.04260647,0.634431074,0.408175396,4.882903,0.279217,0.366829,7.912956971,0.9,True,activated,player,player_00548,1.04260647,0.041763796,0.793512117,0.0,0.0,0.049518136,12.684100769,-0.0,27.267082202,-39.951182971,0.1,0,0,0.0,0,0,0,0
272,26,70.690676506,0.706906765,0.57259448,0.0081,20,2,25,0,0,5,0.754537441,0.670363633,0.084173808,3.286861,0.447861,0.387195,3.89339798,0.9,True,activated,player,player_00244,0.754537441,0.03231588,0.614001729,0.0,0.0,0.049483474,12.71641665,-0.0,27.217598728,-39.934015378,0.1,0,0,0.0,0,0,0,0
273,26,70.641193032,0.70641193,0.70641193,0.01,0,0,5,0,0,1,0.784537024,0.784537024,0,1.0,1.0,0.0,0.059877854,0.9,True,activated,staker,staker_00134,0.784537024,0.039226851,0.235361107,0.235361107,0.509949066,0.0,12.755643501,0.0,27.962908901,-40.718552402,0.1,0,0,0.0,0,0,0,0
274,26,71.386503205,0.713865032,0.421530163,0.0059049,50,5,55,0,0,10,0.885026993,0.538656035,0.346370958,8.665515,0.15864,0.216277,7.71458127,0.9,True,activated,player,player_00553,0.885026993,0.039729831,0.754866781,0.0,0.0,0.049970552,12.795373331,0.0,27.912938349,-40.70831168,0.1,0,0,0.0,0,0,0,0
275,26,71.336532653,0.713365327,0.520043323,0.00729,30,3,35,0,0,9,0.787661431,0.595875945,0.191785486,3.410956,0.509264,0.484204,13.582848464,0.9,True,activated,player,player_00555,0.787661431,0.021823451,0.414645567,0.0,0.0,0.049935573,12.817196782,-0.0,27.863002776,-40.680199558,0.1,0,0,0.0,0,0,0,0
276,26,71.28659708,0.712865971,0.519679293,0.00729,30,3,35,0,0,8,1.356295381,0.522082793,0.834212588,6.155245,0.234991,0.297526,8.855791979,0.9,True,activated,player,player_00557,1.356295381,0.067616939,1.284721836,0.0,0.0,0.049900618,12.884813721,0.0,27.813102158,-40.697915879,0.1,0,0,0.0,0,0,0,0
277,26,71.236696462,0.712366965,0.712366965,0.01,0,0,5,0,0,2,0.874657426,0.810676583,0.063980843,1.156868,0.92685,0.42685,6.455455632,0.9,True,activated,player,player_00217,0.874657426,0.005692327,0.108154204,0.0,0.0,0.049865688,12.890506048,-0.0,27.763236471,-40.653742518,0.1,0,0,0.0,0,0,0,0
278,26,71.186830774,0.711868308,0.420351117,0.0059049,50,5,55,0,0,6,0.562365328,0.562365328,0,3.629586,0.415985,0.438077,7.80939052,0.9,True,activated,player,player_00066,0.562365328,0.023174612,0.440317633,0.0,0.0,0.039365573,12.91368066,-0.0,27.723870898,-40.637551557,0.1,0,0,0.0,0,0,0,0
279,28,72.680290851,0.726802909,0.588710356,0.0081,20,2,25,0,0,4,0.707793463,0.64249887,0.065294593,2.684245,0.480396,0.375203,5.977209187,0.9,True,activated,player,player_00188,0.707793463,0.02086588,0.396451713,0.0,0.0,0.049545542,12.934546539,0.0,27.674325355,-40.608871895,0.1,0,0,0.0,0,0,0,0
280,28,72.630745309,0.726307453,0.529478133,0.00729,30,3,35,0,0,8,1.279127925,0.571838349,0.707289576,5.205151,0.267926,0.385963,12.748260342,0.9,True,activated,player,player_00362,1.279127925,0.061875146,1.175627769,0.0,0.0,0.050841522,12.996421685,0.0,27.623483833,-40.619905519,0.1,0,0,0.0,0,0,0,0
281,28,72.579903787,0.725799038,0.587897221,0.0081,20,2,25,0,0,5,1.267339747,0.962079739,0.305260008,3.613718,0.342683,0.342413,3.851301922,0.9,True,activated,player,player_00366,1.267339747,0.045083025,0.856577466,0.0,0.0,0.050805933,13.04150471,-0.0,27.572677901,-40.614182611,0.1,0,0,0.0,0,0,0,0
282,27,72.207932564,0.722079326,0.473756246,0.006561,40,4,45,0,0,7,1.044374129,0.619992942,0.424381187,4.459492,0.326721,0.418061,6.665765511,0.9,True,activated,player,player_00293,1.044374129,0.047119641,0.895273181,0.0,0.0,0.050545553,13.088624351,0.0,27.522132348,-40.610756699,0.1,0,1,0.321165291,0,0,0,0
283,26,71.808066328,0.718080663,0.523480804,0.00729,30,3,35,0,0,4,0.528329061,0.528329061,0,2.812677,0.462513,0.356226,4.495186201,0.9,True,activated,player,player_00562,0.528329061,0.019053402,0.362014639,0.0,0.0,0.036983034,13.107677753,-0.0,27.485149314,-40.592827067,0.1,0,0,0.0,0,0,0,0
284,26,71.771083294,0.717710833,0.64593975,0.009,10,1,15,0,0,7,0.953893656,0.703213372,0.250680284,1.922255,0.708916,0.633206,18.322627966,0.9,True,activated,player,player_00453,0.953893656,0.016395154,0.311507929,0.0,0.0,0.050239758,13.124072907,0.0,27.434909555,-40.558982462,0.1,0,0,0.0,0,0,0,0
285,26,71.720843535,0.717208435,0.470560454,0.006561,40,4,45,0,0,5,0.488374655,0.488374655,0,4.099654,0.366576,0.251269,5.152880916,0.9,True,activated,player,player_00131,0.488374655,0.020492211,0.389352013,0.0,0.0,0.034186226,13.144565118,0.0,27.40072333,-40.545288448,0.1,0,0,0.0,0,0,0,0
286,23,62.606881546,0.626068815,0.299446774,0.004782969,70,7,75,0,0,13,2.369346962,0.451909019,1.917437943,2.120043,0.679046,0.68003,39.427978506,0.9,True,activated,player,player_00368,2.369346962,0.040213811,0.764062418,0.0,0.0,0.043824817,13.18477893,0.0,27.356898513,-40.541677442,0.1,0,1,0.331960692,0,0,0,0
287,22,61.576125231,0.615761252,0.404000958,0.006561,40,4,45,0,0,6,0.617689551,0.486812631,0.13087692,5.046193,0.264702,0.239057,4.533141994,0.9,True,activated,player,player_00374,0.617689551,0.026452734,0.502601941,0.0,0.0,0.043103288,13.211231663,-0.0,27.313795225,-40.525026888,0.1,0,1,0.986931498,0,0,0,0
288,21,38.27767371,0.382776737,0.279044241,0.00729,30,3,35,0,0,4,0.361211593,0.361211593,0,2.224597,0.592476,0.4755,8.659248156,0.9,True,activated,staker,staker_00134,0.361211593,0.01806058,0.108363478,0.108363478,0.234787535,0.0,13.229292243,0.0,27.656946238,-40.886238481,0.1,0,1,23.255348233,0,0,0,0
289,21,37.896297249,0.378962972,0.223773846,0.0059049,50,5,55,0,0,9,0.822299002,0.287509857,0.534789145,3.105296,0.539277,0.525579,13.266762235,0.9,True,activated,player,player_00578,0.822299002,0.038608302,0.733557731,0.0,0.0,0.026527408,13.267900545,-0.0,27.63041883,-40.898319375,0.1,0,0,0.0,0,0,0,0
290,21,37.86976984,0.378697698,0.306745136,0.0081,20,2,25,0,0,6,0.784334117,0.378766795,0.405567322,5.613726,0.212583,0.141313,4.370134621,0.9,True,activated,player,player_00100,0.784334117,0.032692006,0.621148109,0.0,0.0,0.026508839,13.30059255,-0.0,27.603909991,-40.904502542,0.1,0,0,0.0,0,0,0,0
291,21,37.843261002,0.37843261,0.37843261,0.01,0,0,5,0,0,5,1.802251469,0.484100046,1.318151423,2.013991,0.649696,0.598259,28.639719015,0.9,True,activated,player,player_00582,1.802251469,0.032891305,0.624934795,0.0,0.0,0.026490283,13.333483855,-0.0,27.577419709,-40.910903564,0.1,0,0,0.0,0,0,0,0
292,21,37.816770719,0.378167707,0.378167707,0.01,0,0,5,0,0,6,0.911890207,0.39239053,0.519499677,3.77532,0.430305,0.384112,7.890967482,0.9,True,activated,player,player_00394,0.911890207,0.038134151,0.724548868,0.0,0.0,0.02647174,13.371618006,0.0,27.550947969,-40.922565975,0.1,0,0,0.0,1,0.360210745,5,0
293,20,37.430340382,0.374303404,0.303185757,0.0081,20,2,25,0,0,5,0.919032561,0.446298631,0.47273393,3.547307,0.353771,0.350457,5.133532045,0.9,True,activated,player,player_00419,0.919032561,0.031005345,0.589101556,0.0,0.0,0.026201238,13.402623351,0.0,27.524746731,-40.927370082,0.1,0,0,0.0,0,0,0,0
294,20,37.404139143,0.374041391,0.245408557,0.006561,40,4,45,0,0,7,0.781487998,0.543688074,0.237799924,4.28843,0.397497,0.388576,8.961211245,0.9,True,activated,player,player_00448,0.781487998,0.035926703,0.68260735,0.0,0.0,0.026182897,13.438550054,-0.0,27.498563833,-40.937113887,0.1,0,0,0.0,0,0,0,0
295,21,37.497580373,0.374975804,0.374975804,0.01,0,0,5,0,0,5,1.451547396,1.066441548,0.385105848,1.778066,0.734693,0.597415,12.260550016,0.9,True,activated,player,player_00589,1.451547396,0.020567708,0.390786447,0.0,0.0,0.026248306,13.459117762,0.0,27.472315527,-40.931433289,0.1,0,0,0.0,0,0,0,0
296,21,37.471332067,0.374713321,0.30351779,0.0081,20,2,25,0,0,6,1.488047205,0.467255047,1.020792158,2.450298,0.605326,0.543405,11.91934416,0.9,True,activated,player,player_00461,1.488047205,0.030676181,0.58284743,0.0,0.0,0.026229932,13.489793942,-0.0,27.446085595,-40.935879537,0.1,0,0,0.0,0,0,0,0
297,21,37.445102134,0.374451021,0.337005919,0.009,10,1,15,0,0,7,1.222717754,0.530051728,0.692666026,5.337526,0.285252,0.311675,5.595411598,0.9,True,activated,staker,staker_00134,1.222717754,0.061135888,0.366815326,0.366815326,0.79476654,0.0,13.55092983,0.0,28.607667461,-42.158597291,0.1,0,0,0.0,0,0,0,0
298,21,38.606684001,0.38606684,0.31271414,0.0081,20,2,25,0,0,7,1.150257217,0.466378813,0.683878404,4.238065,0.366682,0.438396,6.017817072,0.9,True,activated,player,player_00292,1.150257217,0.037775165,0.717728141,0.0,0.0,0.027024679,13.588704995,0.0,28.580642782,-42.169347777,0.1,0,0,0.0,0,0,0,0
299,21,38.579659322,0.385796593,0.312495241,0.0081,20,2,25,0,0,4,0.354463466,0.331146714,0.023316752,3.310849,0.373032,0.24212,2.697964205,0.9,True,activated,player,player_00604,0.354463466,0.012352481,0.234697132,0.0,0.0,0.024812443,13.601057476,-0.0,28.55583034,-42.156887815,0.1,0,0,0.0,0,0,0,0
300,20,38.433018516,0.384330185,0.280176705,0.00729,30,3,35,0,0,7,0.757799986,0.300442397,0.457357589,3.896149,0.434961,0.43164,7.287163335,0.9,True,activated,player,player_00606,0.757799986,0.022754494,0.43233539,0.0,0.0,0.026903113,13.62381197,0.0,28.528927227,-42.152739197,0.1,0,0,0.0,0,0,0,0
301,20,38.406115403,0.384061154,0.345655039,0.009,10,1,15,0,0,4,0.818648402,0.743197635,0.075450767,1.597731,0.777575,0.57214,12.429371918,0.9,True,activated,player,player_00607,0.818648402,0.036944799,0.701951185,0.0,0.0,0.026884281,13.660756769,-0.0,28.502042946,-42.162799715,0.1,0,0,0.0,0,0,0,0
302,21,39.636746433,0.396367464,0.321057646,0.0081,20,2,25,0,0,7,1.018916164,0.324432864,0.6944833,3.640621,0.43872,0.471259,12.504304713,0.9,True,activated,player,player_00191,1.018916164,0.029982134,0.569660539,0.0,0.0,0.027745723,13.690738903,0.0,28.474297223,-42.165036126,0.1,0,0,0.0,0,0,0,0
303,20,38.35236566,0.383523657,0.279588746,0.00729,30,3,35,0,0,7,0.937941112,0.506218053,0.431723059,4.070553,0.405394,0.437984,7.690334137,0.9,True,activated,player,player_00610,0.937941112,0.042935494,0.815774388,0.0,0.0,0.026846656,13.733674397,-0.0,28.447450567,-42.181124964,0.1,0,0,0.0,0,0,0,0
304,22,39.199401192,0.391994012,0.285763635,0.00729,30,3,35,0,0,9,1.556555982,0.363235351,1.193320631,5.851262,0.25352,0.393942,13.440744628,0.9,True,activated,player,player_00615,1.556555982,0.062904477,1.195185069,0.0,0.0,0.027439581,13.796578874,0.0,28.420010987,-42.216589861,0.1,0,0,0.0,0,0,0,0
305,22,39.171961611,0.391719616,0.391719616,0.01,0,0,5,0,0,1,0.774591022,0.774591022,0,1.0,1.0,0.0,0.033629817,0.9,True,activated,player,player_00616,0.774591022,0.001371019,0.026049354,0.0,0.0,0.027420373,13.797949893,0.0,28.392590613,-42.190540506,0.1,0,0,0.0,0,0,0,0
306,22,39.144541238,0.391445412,0.317070784,0.0081,20,2,25,0,0,8,1.220925925,0.525934267,0.694991658,6.102486,0.257789,0.310163,6.901878844,0.9,True,activated,player,player_00575,1.220925925,0.052109653,0.990083416,0.0,0.0,0.027401179,13.850059546,0.0,28.365189435,-42.215248981,0.1,0,0,0.0,0,0,0,0
307,22,39.117140059,0.391171401,0.391171401,0.01,10,0,15,0,0,3,0.703729696,0.427832455,0.275897241,2.055152,0.60795,0.369047,1.972858759,0.9,True,activated,player,player_00447,0.703729696,0.015163962,0.288115277,0.0,0.0,0.027381998,13.865223508,-0.0,28.337807436,-42.203030945,0.1,0,0,0.0,0,0,0,0
308,22,39.089758061,0.390897581,0.351807823,0.009,10,1,15,0,0,7,1.749637482,1.088219633,0.661417849,3.892083,0.410104,0.473571,8.694877832,0.9,True,activated,player,player_00083,1.749637482,0.052973348,1.006493619,0.0,0.0,0.027362831,13.918196857,-0.0,28.310444606,-42.228641463,0.1,0,0,0.0,0,0,0,0
309,22,39.062395231,0.390623952,0.316405401,0.0081,20,2,25,0,0,4,0.447101196,0.375573684,0.071527512,3.828173,0.29667,0.102574,2.760690097,0.9,True,activated,player,player_00561,0.447101196,0.017651477,0.335378058,0.0,0.0,0.027343677,13.935848334,-0.0,28.283100929,-42.218949263,0.1,0,0,0.0,0,0,0,0
310,22,39.035051554,0.390350516,0.351315464,0.009,10,1,15,0,0,4,1.618189262,0.412217326,1.205971936,1.889911,0.701197,0.512408,7.424322209,0.9,True,activated,player,player_00627,1.618189262,0.025542198,0.485301757,0.0,0.0,0.027324536,13.961390531,0.0,28.255776393,-42.217166924,0.1,0,0,0.0,0,0,0,0
311,22,39.007727018,0.39007727,0.315962589,0.0081,20,2,25,0,0,7,1.987953663,1.002704295,0.985249368,2.769151,0.460073,0.593406,20.514711352,0.9,True,activated,player,player_00238,1.987953663,0.055032756,1.045622365,0.0,0.0,0.027305409,14.016423287,-0.0,28.228470984,-42.244894272,0.1,0,0,0.0,0,0,0,0
312,23,39.451805889,0.394518059,0.232958969,0.0059049,50,5,55,0,0,11,1.15412242,0.499114257,0.655008163,5.697949,0.31287,0.460492,18.263794785,0.9,True,activated,player,player_00098,1.15412242,0.046569476,0.884820036,0.0,0.0,0.027616264,14.062992763,0.0,28.20085472,-42.263847483,0.1,0,0,0.0,0,0,0,0
313,25,39.961734373,0.399617344,0.262188939,0.006561,40,4,45,0,0,6,0.32156414,0.285969493,0.035594647,5.07317,0.279205,0.235694,6.430255299,0.9,True,activated,player,player_00341,0.32156414,0.012714561,0.241576659,0.0,0.0,0.02250949,14.075707324,0.0,28.17834523,-42.254052554,0.1,0,0,0.0,0,0,0,0
314,26,40.370354123,0.403703541,0.403703541,0.01,0,0,5,0,0,2,0.867178777,0.69704648,0.170132297,1.460706,0.803809,0.303809,2.160206889,0.9,True,activated,player,player_00542,0.867178777,0.009919577,0.188471968,0.0,0.0,0.028259248,14.085626901,-0.0,28.150085982,-42.235712883,0.1,0,0,0.0,0,0,0,0
315,26,40.342094875,0.403420949,0.403420949,0.01,0,0,5,0,0,1,0.759176318,0.759176318,0,1.0,1.0,0.0,0.035337632,0.9,True,activated,player,player_00426,0.759176318,0.001411973,0.026827493,0.0,0.0,0.028239466,14.087038874,0.0,28.121846516,-42.20888539,0.1,0,0,0.0,0,0,0,0
316,26,40.313855409,0.403138554,0.293888006,0.00729,30,3,35,1,0.242311411,6,1.183452266,0.304213327,0.879238939,2.958081,0.522136,0.500091,8.146824639,0.9,True,activated,player,player_00111,1.183452266,0.02968742,0.564060973,0.0,0.0,0.028219699,14.116726294,0.0,28.093626817,-42.210353111,0.1,0,0,0.0,0,0,0,0
317,25,40.021076259,0.400210763,0.291753646,0.00729,30,3,35,0,0,9,0.932871369,0.384717074,0.548154295,6.379714,0.251457,0.358386,8.378799088,0.9,True,activated,staker,staker_00148,0.932871369,0.046643568,0.279861411,0.279861411,0.60636639,0.0,14.163369863,-0.0,28.979854618,-43.14322448,0.1,0,0,0.0,0,0,0,0
318,25,40.90730406,0.409073041,0.331349163,0.0081,20,2,25,0,0,3,0.412413263,0.412413263,0,2.309663,0.557653,0.297579,2.118792496,0.9,True,activated,player,player_00641,0.412413263,0.010553239,0.200511534,0.0,0.0,0.028635113,14.173923101,0.0,28.951219505,-43.125142606,0.1,0,0,0.0,0,0,0,0
319,24,39.322578907,0.393225789,0.232195896,0.0059049,50,5,55,0,0,11,1.685477216,0.840921489,0.844555727,4.328339,0.362025,0.558807,26.101161624,0.9,True,activated,player,player_00588,1.685477216,0.055140872,1.047676576,0.0,0.0,0.027525805,14.229063974,-0.0,28.9236937,-43.152757673,0.1,0,1,1.556090039,0,0,0,0
320,24,39.295053102,0.392950531,0.286460937,0.00729,40,3,45,1,0.013397243,9,1.303523003,0.312657813,0.99086519,6.545564,0.235943,0.340724,9.753880093,0.9,True,activated,player,player_00477,1.303523003,0.062837526,1.193912991,0.0,0.0,0.027506537,14.291901499,0.0,28.896187162,-43.188088662,0.1,0,0,0.0,0,0,0,1
321,23,38.80606748,0.388060675,0.282896232,0.00729,30,3,35,0,0,5,0.717132423,0.309589078,0.407543345,2.533097,0.568296,0.486039,12.099023711,0.9,True,activated,staker,staker_00086,0.717132423,0.035856621,0.215139727,0.215139727,0.466136075,0.0,14.327758121,-0.0,29.577462964,-43.905221085,0.1,0,1,0.461479085,0,0,0,0
322,23,39.487343282,0.394873433,0.394873433,0.01,0,0,5,0,0,5,1.269657839,0.664268053,0.605389786,2.925097,0.523187,0.416044,5.380701139,0.9,True,activated,player,player_00128,1.269657839,0.031651546,0.60137938,0.0,0.0,0.02764114,14.359409667,0.0,29.549821824,-43.909231491,0.1,0,0,0.0,0,0,0,0
323,24,40.134690492,0.401346905,0.325090993,0.0081,20,2,25,0,0,4,0.59741872,0.365328044,0.232090676,3.446907,0.323674,0.189946,2.379490453,0.9,True,activated,player,player_00423,0.59741872,0.021607202,0.41053684,0.0,0.0,0.028094283,14.381016869,-0.0,29.521727541,-43.90274441,0.1,0,0,0.0,0,0,0,0
324,24,40.106596208,0.401065962,0.324863429,0.0081,20,2,25,0,0,4,0.454050505,0.334016813,0.120033692,3.644776,0.312968,0.155715,2.616540564,0.9,True,activated,player,player_00625,0.454050505,0.017202827,0.32685371,0.0,0.0,0.028074617,14.398219696,0.0,29.493652923,-43.891872619,0.1,0,0,0.0,0,0,0,0
325,24,40.078521591,0.400785216,0.292172422,0.00729,30,3,35,0,0,8,1.203212394,0.320102711,0.883109683,3.303496,0.46298,0.590583,23.738621409,0.9,True,activated,player,player_00658,1.203212394,0.033710218,0.640494135,0.0,0.0,0.028054965,14.431929914,-0.0,29.465597958,-43.897527872,0.1,0,0,0.0,0,0,0,0
326,26,40.646860005,0.4064686,0.4064686,0.01,0,0,5,0,0,2,0.876907872,0.72889949,0.148008382,1.390033,0.831216,0.331216,2.545547815,0.9,True,activated,player,player_00291,0.876907872,0.008823059,0.167638125,0.0,0.0,0.028452802,14.440752973,-0.0,29.437145156,-43.877898129,0.1,0,0,0.0,0,0,0,0
327,26,40.618407203,0.406184072,0.329009098,0.0081,20,2,25,0,0,4,0.657512482,0.33585739,0.321655092,2.28931,0.4892,0.449509,10.289488518,0.9,True,activated,player,player_00148,0.657512482,0.032686888,0.621050863,0.0,0.0,0.028432885,14.47343986,0.0,29.408712271,-43.882152131,0.1,0,0,0.0,0,0,0,0
328,28,41.359037858,0.413590379,0.372231341,0.009,10,1,15,0,0,4,0.695054539,0.637646483,0.057408056,1.654738,0.758642,0.57199,11.958887823,0.9,True,activated,player,player_00660,0.695054539,0.030682864,0.582974414,0.0,0.0,0.028951327,14.504122724,0.0,29.379760945,-43.883883669,0.1,0,0,0.0,0,0,0,0
329,29,42.706336761,0.427063368,0.311329195,0.00729,30,3,35,0,0,4,0.425254732,0.425254732,0,3.575172,0.344272,0.184575,3.340037607,0.9,True,activated,player,player_00221,0.425254732,0.018786652,0.356946383,0.0,0.0,0.029767831,14.522909376,-0.0,29.349993113,-43.872902489,0.1,0,0,0.0,0,0,0,0
330,29,42.67656893,0.426765689,0.38408912,0.009,10,1,15,0,0,4,0.658317126,0.528140369,0.130176757,2.017721,0.673833,0.476339,6.196754061,0.9,True,activated,player,player_00415,0.658317126,0.012229741,0.232365087,0.0,0.0,0.029873598,14.535139117,-0.0,29.320119515,-43.855258632,0.1,0,0,0.0,0,0,0,0
331,29,42.646695332,0.426466953,0.426466953,0.01,0,0,5,0,0,4,2.137053545,0.851758543,1.285295002,3.108662,0.398567,0.287809,2.513121264,0.9,True,activated,player,player_00666,2.137053545,0.08178013,1.553822472,0.0,0.0,0.029852687,14.616919247,0.0,29.290266828,-43.907186076,0.1,0,0,0.0,0,0,0,0
332,30,42.896063277,0.428960633,0.312712301,0.00729,30,3,35,0,0,4,0.31371059,0.31371059,0,3.832066,0.320064,0.117024,3.149893273,0.9,True,activated,player,player_00061,0.31371059,0.013965299,0.265340681,0.0,0.0,0.021959741,14.630884546,0.0,29.268307087,-43.899191634,0.1,0,1,0.182719034,0,0,0,0
333,30,42.874103536,0.428741035,0.312552215,0.00729,30,3,35,0,0,8,0.774868908,0.336777185,0.438091723,5.327741,0.274629,0.37752,9.215443106,0.9,True,activated,player,player_00351,0.774868908,0.038728728,0.73584584,0.0,0.0,0.030011872,14.669613275,-0.0,29.238295215,-43.907908489,0.1,0,0,0.0,0,0,0,0
334,30,42.844091663,0.428440917,0.347037142,0.0081,20,2,25,0,0,4,0.416390708,0.371094708,0.045296,2.006563,0.681296,0.444207,8.03405031,0.9,True,activated,player,player_00545,0.416390708,0.008092642,0.153760196,0.0,0.0,0.02914735,14.677705917,-0.0,29.209147865,-43.886853782,0.1,0,0,0.0,0,0,0,0
335,29,42.445799013,0.42445799,0.309429875,0.00729,30,3,35,0,0,5,0.407354895,0.346267387,0.061087508,4.262216,0.295351,0.230951,4.211794912,0.9,True,activated,player,player_00492,0.407354895,0.017782515,0.337867791,0.0,0.0,0.028514843,14.695488432,0.0,29.180633022,-43.876121454,0.1,0,0,0.0,0,0,0,0
336,29,42.41728417,0.424172842,0.278299801,0.006561,40,4,45,0,0,6,0.559111291,0.355097568,0.204013723,4.305421,0.364889,0.336725,6.9679942,0.9,True,activated,player,player_00138,0.559111291,0.019239483,0.365550184,0.0,0.0,0.029692099,14.714727915,-0.0,29.150940924,-43.865668839,0.1,0,0,0.0,0,0,0,0
337,29,42.387592071,0.423875921,0.381488329,0.009,10,1,15,0,0,6,1.835653581,0.438660643,1.396992938,2.737681,0.548337,0.533544,9.858710512,0.9,True,activated,player,player_00678,1.835653581,0.073586832,1.398149805,0.0,0.0,0.029671314,14.788314747,0.0,29.121269609,-43.909584356,0.1,0,0,0.0,0,0,0,0
338,29,41.477240185,0.414772402,0.335965645,0.0081,20,2,25,0,0,4,0.39489263,0.34822162,0.04667101,1.884972,0.705152,0.498163,7.220094388,0.9,True,activated,player,player_00096,0.39489263,0.007203789,0.136871996,0.0,0.0,0.027642484,14.795518536,-0.0,29.093627125,-43.889145661,0.1,0,0,0.0,0,0,0,0
339,30,42.450920636,0.424509206,0.424509206,0.01,0,0,5,0,0,6,2.372434323,1.562827296,0.809607027,2.088079,0.658744,0.62503,19.678529888,0.9,True,activated,player,player_00368,2.372434323,0.041966134,0.797356538,0.0,0.0,0.029715644,14.83748467,-0.0,29.063911481,-43.901396151,0.1,0,0,0.0,0,0,0,0
340,31,42.645858605,0.426458586,0.345431455,0.0081,20,2,25,0,0,7,1.071659322,0.380598864,0.691060458,4.935227,0.311769,0.360065,7.013642074,0.9,True,activated,player,player_00687,1.071659322,0.048505488,0.921604267,0.0,0.0,0.029852101,14.885990158,0.0,29.03405938,-43.920049537,0.1,0,0,0.0,0,0,0,0
341,31,42.616006504,0.426160065,0.279603619,0.006561,40,4,45,0,0,10,1.118612553,0.305582574,0.813029979,4.818372,0.321625,0.485082,15.675191483,0.9,True,activated,player,player_00688,1.118612553,0.053599317,1.018387015,0.0,0.0,0.029831205,14.939589474,-0.0,29.004228175,-43.943817649,0.1,0,0,0.0,0,0,0,0
342,34,43.6335169,0.436335169,0.392701652,0.009,10,1,15,0,0,5,0.886829221,0.603494941,0.28333428,3.31203,0.458809,0.375618,4.512568521,0.9,True,activated,player,player_00377,0.886829221,0.02552437,0.484963036,0.0,0.0,0.030543462,14.965113845,0.0,28.973684713,-43.938798558,0.1,0,0,0.0,0,0,0,0
343,33,43.378791266,0.433787913,0.284608249,0.006561,40,4,45,0,0,8,0.874021476,0.290574347,0.583447129,4.458687,0.323169,0.483322,10.28603702,0.9,True,activated,player,player_00647,0.874021476,0.038685468,0.735023895,0.0,0.0,0.030365154,15.003799313,-0.0,28.943319559,-43.947118872,0.1,0,1,0.224182172,0,0,0,0
344,33,43.348426113,0.433484261,0.433484261,0.01,0,0,5,0,0,6,0.957670373,0.509783545,0.447886828,2.866906,0.532316,0.507878,12.341865877,0.9,True,activated,player,player_00511,0.957670373,0.047212841,0.89704398,0.0,0.0,0.030343898,15.051012154,0.0,28.912975661,-43.963987815,0.1,0,0,0.0,0,0,0,0
345,33,43.318082214,0.433180822,0.350876466,0.0081,20,2,25,0,0,3,0.526480569,0.526480569,0,2.351386,0.562443,0.283292,2.398470968,0.9,True,activated,player,player_00652,0.526480569,0.013034393,0.247653468,0.0,0.0,0.030322658,15.064046547,0.0,28.882653003,-43.94669955,0.1,0,0,0.0,0,0,0,0
346,32,43.013929144,0.430139291,0.348412826,0.0081,20,2,25,0,0,8,1.015369183,0.63147146,0.383897723,3.504325,0.478807,0.526007,11.378538845,0.9,True,activated,staker,staker_00134,1.015369183,0.050768459,0.304610755,0.304610755,0.659989969,0.0,15.114815006,0.0,29.847253727,-44.962068733,0.1,0,0,0.0,0,0,0,0
347,32,43.978529868,0.439785299,0.356226092,0.0081,20,2,25,0,0,8,1.188831231,0.549450389,0.639380842,6.841481,0.184094,0.214979,6.234959788,0.9,True,activated,player,player_00670,1.188831231,0.050037974,0.950721514,0.0,0.0,0.030784971,15.16485298,-0.0,29.816468756,-44.981321737,0.1,0,0,0.0,1,0.755682433,5,0
348,32,43.372773828,0.433727738,0.390354964,0.009,10,1,15,0,0,7,1.829395159,0.573496891,1.255898268,3.318618,0.468883,0.522173,13.037542706,0.9,True,activated,player,player_00706,1.829395159,0.086672299,1.646773675,0.0,0.0,0.030360942,15.251525279,-0.0,29.786107815,-45.037633094,0.1,0,0,0.0,0,0,0,0
349,36,45.419498621,0.454194986,0.29799733,0.006561,40,4,45,0,0,8,0.898870075,0.302237929,0.596632146,3.433412,0.485808,0.518123,16.726742583,0.9,True,activated,player,player_00164,0.898870075,0.043927102,0.834614939,0.0,0.0,0.031793649,15.295452381,-0.0,29.754314166,-45.049766547,0.1,0,0,0.0,0,0,0,0
350,34,43.365130291,0.433651303,0.3161318,0.00729,30,3,35,0,0,4,0.374830985,0.374830985,0,3.957317,0.286429,0.05695,3.117444633,0.9,True,activated,player,player_00712,0.374830985,0.015281504,0.290348572,0.0,0.0,0.026238169,15.310733885,-0.0,29.728075997,-45.038809882,0.1,0,1,0.457645866,0,0,0,0
351,33,19.844570099,0.198445701,0.178601131,0.009,10,1,15,0,0,7,1.521769631,0.334457329,1.187312302,3.692347,0.392175,0.493319,8.58588595,0.9,True,activated,player,player_00435,1.521769631,0.046943045,0.891917847,0.0,0.0,0.013891199,15.35767693,0.0,29.714184798,-45.071861727,0.1,0,0,0.0,0,0,0,0
352,33,19.8306789,0.198306789,0.17847611,0.009,10,1,15,0,0,2,0.190141131,0.190141131,0,1.50033,0.788548,0.288548,2.09815911,0.9,True,activated,staker,staker_00086,0.190141131,0.009507057,0.057042339,0.057042339,0.123591735,0.0,15.367183986,-0.0,29.894818872,-45.262002858,0.1,0,0,0.0,0,0,0,0
353,33,20.011312975,0.20011313,0.180101817,0.009,10,1,15,0,0,4,0.732246723,0.182248532,0.549998191,2.003314,0.657378,0.517665,8.395108565,0.9,True,activated,player,player_00558,0.732246723,0.013244588,0.251647167,0.0,0.0,0.014007919,15.380428574,-0.0,29.880810953,-45.261239527,0.1,0,0,0.0,0,0,0,0
354,34,20.282205134,0.202822051,0.182539846,0.009,10,1,15,0,0,4,1.064510052,1.014357574,0.050152478,1.157016,0.928696,0.686467,34.311840497,0.9,True,activated,staker,staker_00086,1.064510052,0.053225503,0.319353016,0.319353016,0.691931534,0.0,15.433654077,0.0,30.892095502,-46.325749579,0.1,0,0,0.0,0,0,0,0
355,34,21.293489683,0.212934897,0.212934897,0.01,0,0,5,0,0,2,0.518170749,0.318188922,0.199981827,1.901068,0.614062,0.114062,1.11195984,0.9,True,activated,player,player_00684,0.518170749,0.010744363,0.204142906,0.0,0.0,0.014905443,15.44439844,-0.0,30.87719006,-46.3215885,0.1,0,0,0.0,0,0,0,0
356,34,21.27858424,0.212785842,0.155120879,0.00729,30,3,35,0,0,5,0.859467041,0.507211878,0.352255163,2.861841,0.411679,0.441677,11.189220157,0.9,True,activated,player,player_00397,0.859467041,0.026105344,0.496001543,0.0,0.0,0.014895009,15.470503784,0.0,30.862295051,-46.332798835,0.1,0,0,0.0,0,0,0,0
357,34,21.263689231,0.212636892,0.191373203,0.009,10,1,15,0,0,3,1.235622424,0.593286973,0.642335451,2.16672,0.519848,0.316482,1.260074325,0.9,True,activated,player,player_00718,1.235622424,0.059737511,1.135012706,0.0,0.0,0.014884582,15.530241295,0.0,30.847410468,-46.377651763,0.1,0,0,0.0,0,0,0,0
358,34,21.248804649,0.212488046,0.191239242,0.009,10,1,15,0,0,5,0.605717026,0.207900499,0.397816527,3.641273,0.405041,0.334744,4.359333277,0.9,True,activated,player,player_00464,0.605717026,0.023354858,0.443742302,0.0,0.0,0.014874163,15.553596153,0.0,30.832536305,-46.386132458,0.1,0,0,0.0,0,0,0,0
359,33,21.141248441,0.211412484,0.211412484,0.01,0,0,5,0,0,3,0.535464437,0.348020712,0.187443725,1.965487,0.649942,0.391271,2.451322937,0.9,True,activated,staker,staker_00132,0.535464437,0.026773222,0.160639331,0.160639331,0.348051884,0.0,15.580369375,0.0,31.34122752,-46.921596895,0.1,0,0,0.0,0,0,0,0
360,32,21.144991204,0.211449912,0.171274429,0.0081,20,2,25,0,0,6,0.546267753,0.186849387,0.359418366,4.740986,0.279308,0.288433,5.765793592,0.9,True,activated,player,player_00686,0.546267753,0.020424603,0.388067465,0.0,0.0,0.014801494,15.600793979,-0.0,31.326426026,-46.927220005,0.1,0,0,0.0,0,0,0,0
361,32,21.13018971,0.211301897,0.190171707,0.009,10,1,15,0,0,6,2.295121269,1.354245669,0.9408756,2.701487,0.552393,0.529598,14.439367114,0.9,True,activated,player,player_00132,2.295121269,0.052105231,0.989999389,0.0,0.0,0.014791133,15.652899209,-0.0,31.311634893,-46.964534103,0.1,0,0,0.0,0,0,0,0
362,32,21.115398577,0.211153986,0.171034728,0.0081,20,2,25,0,0,5,0.356054303,0.248756402,0.107297901,4.359453,0.313578,0.208914,3.802408941,0.9,True,activated,player,player_00274,0.356054303,0.012959218,0.246225142,0.0,0.0,0.014780779,15.665858427,0.0,31.296854114,-46.962712542,0.1,0,0,0.0,0,0,0,0
363,32,21.100617798,0.211006178,0.153823504,0.00729,30,3,35,0,0,4,0.206566427,0.206566427,0,3.554402,0.345984,0.193066,2.905733774,0.9,True,activated,player,player_00219,0.206566427,0.007477869,0.142079502,0.0,0.0,0.01445965,15.673336296,-0.0,31.282394465,-46.955730761,0.1,0,0,0.0,0,0,0,0
364,31,20.855194325,0.208551943,0.187696749,0.009,10,1,15,0,0,7,2.0066373,0.188360374,1.818276926,4.70817,0.279561,0.392765,5.140348602,0.9,True,activated,player,player_00530,2.0066373,0.081241437,1.543587312,0.0,0.0,0.014598636,15.754577733,-0.0,31.267795829,-47.022373562,0.1,0,1,0.230963824,0,0,0,0
365,33,21.813773603,0.218137736,0.15902241,0.00729,30,3,35,0,0,6,0.560111136,0.16750466,0.392606476,2.845172,0.544827,0.496116,9.054359663,0.9,True,activated,player,player_00149,0.560111136,0.027119394,0.515268488,0.0,0.0,0.015269642,15.781697128,-0.0,31.252526187,-47.034223315,0.1,0,0,0.0,0,0,0,0
366,33,21.798503961,0.21798504,0.196186536,0.009,10,1,15,0,0,5,2.13506386,0.246652025,1.888411835,3.681925,0.334708,0.325155,2.850266673,0.9,True,activated,player,player_00734,2.13506386,0.071784981,1.363914637,0.0,0.0,0.015258953,15.853482109,0.0,31.237267234,-47.090749343,0.1,0,0,0.0,0,0,0,0
367,31,21.158908666,0.211589087,0.17138716,0.0081,20,2,25,0,0,5,1.221275509,1.065261176,0.156014333,1.496062,0.809393,0.665341,18.334065633,0.9,True,activated,player,player_00582,1.221275509,0.012379741,0.235215073,0.0,0.0,0.014811236,15.865861849,0.0,31.222455998,-47.088317847,0.1,0,1,0.165530587,0,0,0,0
368,30,20.614346353,0.206143464,0.166976205,0.0081,20,2,25,0,0,4,0.640537767,0.286701668,0.353836099,2.407999,0.552405,0.446613,4.839277158,0.9,True,activated,player,player_00737,0.640537767,0.015056586,0.286075125,0.0,0.0,0.014430042,15.880918435,-0.0,31.208025956,-47.08894439,0.1,0,1,0.529751076,0,0,0,0
369,30,20.599916311,0.205999163,0.185399247,0.009,10,1,15,0,0,5,1.973075973,0.314665507,1.658410466,3.101939,0.391976,0.426148,5.486986906,0.9,True,activated,player,player_00376,1.973075973,0.084708608,1.609463559,0.0,0.0,0.014419941,15.965627043,0.0,31.193606014,-47.159233057,0.1,0,0,0.0,0,0,0,0
370,30,20.585496369,0.205854964,0.166742521,0.0081,20,2,25,0,0,4,0.385601132,0.208757533,0.176843599,2.965928,0.458618,0.328771,3.599548858,0.9,True,activated,player,player_00318,0.385601132,0.014077695,0.267476202,0.0,0.0,0.014409847,15.979704738,0.0,31.179196167,-47.158900905,0.1,0,0,0.0,0,0,0,0
371,30,20.571086522,0.205710865,0.205710865,0.01,0,0,5,0,0,5,1.59757347,1.042120481,0.555452989,2.02163,0.652315,0.599469,18.511971745,0.9,True,activated,player,player_00238,1.59757347,0.028492637,0.541360112,0.0,0.0,0.014399761,16.008197375,0.0,31.164796406,-47.172993782,0.1,0,0,0.0,0,0,0,0
372,29,19.854020374,0.198540204,0.178686183,0.009,10,1,15,0,0,5,0.75254947,0.238359912,0.514189558,3.104074,0.472031,0.418066,5.416576577,0.9,True,activated,player,player_00665,0.75254947,0.028365672,0.538947772,0.0,0.0,0.013897814,16.036563048,0.0,31.150898592,-47.18746164,0.1,0,0,0.0,0,0,0,0
373,31,20.163598179,0.201635982,0.201635982,0.01,0,0,5,0,0,2,0.423743084,0.299825968,0.123917116,1.705999,0.707565,0.207565,1.422075926,0.9,True,activated,player,player_00743,0.423743084,0.015697024,0.298243462,0.0,0.0,0.014114519,16.052260072,-0.0,31.136784073,-47.189044145,0.1,0,0,0.0,0,0,0,0
374,30,19.278507361,0.192785074,0.15615591,0.0081,20,2,25,0,0,5,2.077240869,1.047233045,1.030007824,2.492181,0.464564,0.52062,12.564450967,0.9,True,activated,player,player_00467,2.077240869,0.060551196,1.150472729,0.0,0.0,0.013494955,16.112811268,-0.0,31.123289118,-47.236100386,0.1,0,0,0.0,0,0,0,0
375,31,19.523854724,0.195238547,0.175714693,0.009,10,1,15,0,0,7,1.794298169,0.551227435,1.243070734,4.852051,0.279696,0.36948,7.45438946,0.9,True,activated,player,player_00748,1.794298169,0.066344225,1.260540266,0.0,0.0,0.013666698,16.179155493,-0.0,31.10962242,-47.288777913,0.1,0,0,0.0,0,0,0,0
376,32,19.838214262,0.198382143,0.144620582,0.00729,30,3,35,0,0,9,0.66559937,0.155585219,0.510014151,6.39854,0.237326,0.329679,11.151292015,0.9,True,activated,player,player_00411,0.66559937,0.026161949,0.497077035,0.0,0.0,0.01388675,16.205317442,0.0,31.09573567,-47.301053112,0.1,0,0,0.0,0,0,0,0
377,31,19.659076758,0.196590768,0.159238522,0.0081,20,2,25,0,0,3,1.629162215,1.629162215,0,1.048082,0.976642,0.645468,63.271876395,0.9,True,activated,player,player_00194,1.629162215,0.00259076,0.049224434,0.0,0.0,0.013761354,16.207908202,-0.0,31.081974316,-47.289882518,0.1,0,0,0.0,0,0,0,0
378,30,19.317748244,0.193177482,0.173859734,0.009,10,1,15,0,0,4,1.527899283,1.106922299,0.420976984,1.945345,0.680258,0.514755,8.987271362,0.9,True,activated,player,player_00658,1.527899283,0.025102789,0.476952988,0.0,0.0,0.013522424,16.23301099,-0.0,31.068451892,-47.301462883,0.1,0,0,0.0,0,0,0,0
379,30,19.30422582,0.193042258,0.193042258,0.01,0,0,5,0,0,4,2.275246688,0.255123935,2.020122753,1.503615,0.805255,0.599627,11.378776576,0.9,True,activated,player,player_00192,2.275246688,0.02283027,0.433775124,0.0,0.0,0.013512958,16.25584126,0.0,31.054938934,-47.310780194,0.1,0,0,0.0,0,0,0,0
380,30,19.290712862,0.192907129,0.173616416,0.009,10,1,15,0,0,5,0.719992048,0.202078948,0.5179131,4.209483,0.287754,0.235585,3.327863416,0.9,True,activated,player,player_00609,0.719992048,0.028530282,0.542075359,0.0,0.0,0.013503499,16.284371542,0.0,31.041435435,-47.325806977,0.1,0,0,0.0,0,0,0,0
381,31,21.049590453,0.210495905,0.153451514,0.00729,30,3,35,0,0,5,0.317217757,0.238159541,0.079058216,4.325988,0.28815,0.213101,3.097501196,0.9,True,activated,player,player_00485,0.317217757,0.012644713,0.240249542,0.0,0.0,0.014734713,16.297016255,-0.0,31.026700722,-47.323716977,0.1,0,0,0.0,0,0,0,0
382,31,21.03485574,0.210348557,0.170382331,0.0081,20,2,25,0,0,7,0.477579411,0.191493139,0.286086272,4.300224,0.400234,0.380034,6.996185422,0.9,True,activated,player,player_00169,0.477579411,0.02164061,0.411171587,0.0,0.0,0.014724399,16.318656865,0.0,31.011976323,-47.330633188,0.1,0,0,0.0,0,0,0,0
383,31,21.020131341,0.210201313,0.210201313,0.01,0,0,5,0,0,1,0.529472701,0.529472701,0,1.0,1.0,0.0,0.026400582,0.9,True,activated,player,player_00760,0.529472701,0.000735705,0.013978387,0.0,0.0,0.014714092,16.319392569,-0.0,30.997262231,-47.3166548,0.1,0,0,0.0,0,0,0,0
384,30,20.191489542,0.201914895,0.147195959,0.00729,30,3,35,0,0,5,0.347012456,0.212744136,0.13426832,3.665331,0.386927,0.331686,5.870410727,0.9,True,activated,player,player_00654,0.347012456,0.011343909,0.21553427,0.0,0.0,0.014134043,16.330736478,0.0,30.983128188,-47.313864667,0.1,0,0,0.0,0,0,0,0
385,30,20.177355499,0.201773555,0.16343658,0.0081,20,2,25,0,0,6,0.72992825,0.172212979,0.557715271,4.027747,0.385778,0.375916,4.982328564,0.9,True,activated,player,player_00762,0.72992825,0.02312311,0.439339089,0.0,0.0,0.014124149,16.353859588,0.0,30.969004039,-47.322863628,0.1,0,0,0.0,0,0,0,0
386,30,20.16323135,0.201632314,0.201632314,0.01,0,0,5,0,0,2,0.326648916,0.244238079,0.082410837,1.605861,0.747708,0.247708,1.67681683,0.9,True,activated,player,player_00457,0.326648916,0.004826255,0.091698844,0.0,0.0,0.014114262,16.358685843,0.0,30.954889778,-47.313575621,0.1,0,0,0.0,0,0,0,0
387,30,20.149117088,0.201491171,0.146887064,0.00729,30,3,35,0,0,7,4.40420843,2.754939691,1.649268739,2.400966,0.589546,0.652507,60.987177524,0.9,True,activated,player,player_00194,4.40420843,0.091091442,1.730737394,0.0,0.0,0.014104382,16.449777285,0.0,30.940785396,-47.390562681,0.1,0,0,0.0,0,0,0,0
388,30,20.135012706,0.201350127,0.163093603,0.0081,20,2,25,0,0,4,0.500162634,0.30646613,0.193696504,3.030287,0.393522,0.294289,3.970002303,0.9,True,activated,player,player_00766,0.500162634,0.016028032,0.304532607,0.0,0.0,0.014094509,16.465805317,0.0,30.926690887,-47.392496204,0.1,0,0,0.0,0,0,0,0
389,30,20.120918197,0.201209182,0.201209182,0.01,0,0,5,0,0,4,0.724980636,0.366857177,0.358123459,2.816725,0.506023,0.348809,4.140195696,0.9,True,activated,player,player_00060,0.724980636,0.018610405,0.353597697,0.0,0.0,0.014084643,16.484415722,0.0,30.912606244,-47.397021966,0.1,0,0,0.0,0,0,0,0
390,31,20.268124471,0.202681245,0.164171808,0.0081,20,2,25,0,0,5,0.461275529,0.233727294,0.227548235,3.488457,0.393648,0.335172,8.876178864,0.9,True,activated,player,player_00511,0.461275529,0.016295312,0.30961092,0.0,0.0,0.014187687,16.500711034,-0.0,30.898418557,-47.39912959,0.1,0,0,0.0,0,0,0,0
391,31,20.253936784,0.202539368,0.202539368,0.01,0,0,5,0,0,4,0.908120801,0.348198333,0.559922468,2.634653,0.469734,0.386513,5.283072677,0.9,True,activated,player,player_00292,0.908120801,0.024786162,0.470937083,0.0,0.0,0.014177756,16.525497196,-0.0,30.884240801,-47.409737997,0.1,0,0,0.0,0,0,0,0
392,31,20.239759029,0.20239759,0.163942048,0.0081,20,2,25,0,0,8,2.829899145,0.671121838,2.158777307,4.435928,0.275588,0.487395,15.255643688,0.9,True,activated,player,player_00775,2.829899145,0.104566557,1.986764583,0.0,0.0,0.014167831,16.630063753,-0.0,30.87007297,-47.500136723,0.1,0,0,0.0,0,0,0,0
393,30,18.241616652,0.182416167,0.16417455,0.009,10,1,15,0,0,4,0.31862212,0.181877523,0.136744597,3.807867,0.337884,0.120222,3.171609685,0.9,True,activated,player,player_00226,0.31862212,0.012858552,0.24431248,0.0,0.0,0.012769132,16.642922304,-0.0,30.857303838,-47.500226143,0.1,0,0,0.0,0,0,0,0
394,30,18.228847521,0.182288475,0.147653665,0.0081,20,2,25,0,0,5,0.378122408,0.18307554,0.195046868,3.245176,0.385729,0.387965,6.598424207,0.9,True,activated,player,player_00388,0.378122408,0.012579463,0.239009795,0.0,0.0,0.012760193,16.655501767,0.0,30.844543645,-47.500045412,0.1,0,0,0.0,0,0,0,0
395,30,18.216087327,0.182160873,0.182160873,0.01,0,0,5,0,0,3,0.431719446,0.192215387,0.239504059,2.59973,0.445232,0.196935,1.465332445,0.9,True,activated,player,player_00548,0.431719446,0.012612766,0.239642554,0.0,0.0,0.012751261,16.668114533,-0.0,30.831792384,-47.499906917,0.1,0,0,0.0,0,0,0,0
396,30,23.176566587,0.231765666,0.16895717,0.00729,30,3,35,0,0,4,0.176734172,0.176734172,0,3.103933,0.439447,0.294206,4.136676446,0.9,True,activated,player,player_00653,0.176734172,0.005572012,0.105868228,0.0,0.0,0.012371392,16.673686545,0.0,30.819420992,-47.493107537,0.1,0,0,0.0,0,0,0,0
397,30,23.164195195,0.231641952,0.231641952,0.01,0,0,5,0,0,1,0.253587639,0.253587639,0,1.0,1.0,0.0,0.060745034,0.9,True,activated,player,player_00155,0.253587639,0.000810747,0.01540419,0.0,0.0,0.016214937,16.674497292,-0.0,30.803206055,-47.477703347,0.1,0,0,0.0,0,0,0,0
398,29,22.951249478,0.229512495,0.167314609,0.00729,30,3,35,0,0,9,1.107847971,0.200859019,0.906988952,5.718319,0.255321,0.411906,12.360378339,0.9,True,activated,player,player_00612,1.107847971,0.043145607,0.819766533,0.0,0.0,0.016065875,16.717642899,0.0,30.78714018,-47.50478308,0.1,0,0,0.0,0,0,0,0
399,29,22.935183604,0.229351836,0.185774987,0.0081,20,2,25,0,0,8,2.683849212,2.045361016,0.638488196,1.949352,0.69656,0.707342,43.733311913,0.9,True,activated,player,player_00783,2.683849212,0.041522044,0.788918841,0.0,0.0,0.016054629,16.759164943,0.0,30.771085552,-47.530250495,0.1,0,0,0.0,0,0,0,0
400,28,22.479695371,0.224796954,0.202317258,0.009,10,1,15,0,0,7,1.983863229,0.404446088,1.579417141,3.97778,0.418562,0.441199,7.897683446,0.9,True,activated,player,player_00787,1.983863229,0.080422951,1.528036074,0.0,0.0,0.015735787,16.839587895,0.0,30.755349765,-47.59493766,0.1,0,0,0.0,0,0,0,0
401,27,22.267955241,0.222679552,0.180370437,0.0081,20,2,25,0,0,5,0.741992052,0.321414969,0.420577083,3.287508,0.459828,0.377732,6.827253599,0.9,True,activated,player,player_00791,0.741992052,0.020819555,0.395571541,0.0,0.0,0.015587569,16.86040745,0.0,30.739762196,-47.600169646,0.1,0,0,0.0,0,0,0,0
402,30,23.167850882,0.231678509,0.208510658,0.009,10,1,15,0,0,2,0.223631624,0.223631624,0,1.821878,0.65634,0.15634,1.303301455,0.9,True,activated,player,player_00794,0.223631624,0.008121625,0.154310882,0.0,0.0,0.015654214,16.868529075,0.0,30.724107983,-47.592637058,0.1,0,0,0.0,0,0,0,0
403,30,23.152196668,0.231521967,0.20836977,0.009,10,1,15,0,0,4,0.877715031,0.422984157,0.454730874,2.754205,0.418991,0.344472,5.093623418,0.9,True,activated,player,player_00413,0.877715031,0.026420366,0.501986957,0.0,0.0,0.016206538,16.894949441,-0.0,30.707901445,-47.602850886,0.1,0,0,0.0,0,0,0,0
404,30,23.13599013,0.231359901,0.231359901,0.01,0,0,5,0,0,2,0.884486717,0.816585719,0.067900998,1.165163,0.923231,0.423231,5.874619253,0.9,True,activated,player,player_00333,0.884486717,0.041639046,0.791141866,0.0,0.0,0.016195193,16.936588487,-0.0,30.691706252,-47.628294739,0.1,0,0,0.0,0,0,0,0
405,29,22.719572179,0.227195722,0.20447615,0.009,10,1,15,0,0,3,0.690845163,0.649516543,0.04132862,1.220518,0.902396,0.57641,15.295677217,0.9,True,activated,staker,staker_00176,0.690845163,0.034542258,0.207253549,0.207253549,0.449049356,0.0,16.971130745,0.0,31.348009157,-48.319139902,0.1,0,0,0.0,0,0,0,0
406,29,25.057247488,0.250572475,0.225515227,0.009,10,1,15,0,0,7,1.841038731,0.270730061,1.57030867,4.402373,0.344955,0.410362,10.233395109,0.9,True,activated,player,player_00797,1.841038731,0.079405834,1.50871084,0.0,0.0,0.017540073,17.050536578,-0.0,31.330469084,-48.381005662,0.1,0,0,0.0,0,0,0,0
407,32,26.547461037,0.26547461,0.238927149,0.009,10,1,15,0,0,7,2.564581135,0.509840432,2.054740703,3.777034,0.423255,0.483604,8.05452119,0.9,True,activated,player,player_00127,2.564581135,0.127315673,2.41899778,0.0,0.0,0.018583223,17.177852251,0.0,31.311885861,-48.489738112,0.1,0,0,0.0,0,0,0,0
408,32,26.528877815,0.265288778,0.193395519,0.00729,30,3,35,0,0,5,1.360644179,0.220751758,1.139892421,1.410014,0.837759,0.661704,20.972709399,0.9,True,activated,player,player_00807,1.360644179,0.011966099,0.227355874,0.0,0.0,0.018570214,17.18981835,0.0,31.293315646,-48.483133996,0.1,0,0,0.0,0,0,0,0
409,32,26.5103076,0.265103076,0.265103076,0.01,0,0,5,0,0,6,1.121396734,0.440685555,0.680711179,3.764326,0.392979,0.409759,9.61116065,0.9,True,activated,staker,staker_00192,1.121396734,0.056069837,0.33641902,0.33641902,0.728907877,0.0,17.245888186,-0.0,32.358642544,-49.60453073,0.1,0,0,0.0,0,0,0,0
410,32,27.575634498,0.275756345,0.201026375,0.00729,30,3,35,0,0,7,0.890759027,0.260262392,0.630496635,4.392681,0.392674,0.376829,7.612108256,0.9,True,activated,player,player_00070,0.890759027,0.028014209,0.532269975,0.0,0.0,0.019302944,17.273902396,0.0,32.3393396,-49.613241995,0.1,0,0,0.0,0,0,0,0
411,32,27.556331553,0.275563316,0.275563316,0.01,0,0,5,0,0,5,0.762095629,0.314754171,0.447341458,3.644601,0.413011,0.32852,4.204100204,0.9,True,activated,player,player_00343,0.762095629,0.036301607,0.68973053,0.0,0.0,0.019289432,17.310204003,-0.0,32.320050167,-49.63025417,0.1,0,0,0.0,0,0,0,0
412,33,28.690727381,0.286907274,0.232394892,0.0081,20,2,25,0,0,6,0.933648238,0.280021864,0.653626374,4.433727,0.312691,0.330823,6.371802583,0.9,True,activated,player,player_00181,0.933648238,0.033089411,0.628698816,0.0,0.0,0.020083509,17.343293414,0.0,32.299966658,-49.643260072,0.1,0,1,0.115142493,0,0,0,0
413,34,28.957543133,0.289575431,0.211100489,0.00729,30,3,35,0,0,6,1.212932782,0.351531748,0.861401034,2.95807,0.524137,0.496636,8.521232198,0.9,True,activated,player,player_00723,1.212932782,0.059053932,1.122024707,0.0,0.0,0.02027028,17.402347346,0.0,32.279696378,-49.682043724,0.1,0,0,0.0,0,0,0,0
414,34,28.937272853,0.289372729,0.289372729,0.01,0,0,5,0,0,5,1.055559576,0.289959952,0.765599624,2.939325,0.492564,0.443967,7.966630813,0.9,True,activated,player,player_00631,1.055559576,0.048597709,0.923356475,0.0,0.0,0.020256091,17.450945055,0.0,32.259440287,-49.710385342,0.1,0,0,0.0,0,0,0,0
415,34,28.917016762,0.289170168,0.260253151,0.009,10,1,15,0,0,3,0.700162952,0.570144866,0.130018086,2.158558,0.627656,0.294639,4.286959857,0.9,True,activated,player,player_00588,0.700162952,0.014047178,0.266896391,0.0,0.0,0.020241912,17.464992234,0.0,32.239198375,-49.704190609,0.1,0,0,0.0,0,0,0,0
416,35,28.200187838,0.282001878,0.228421521,0.0081,20,2,25,0,0,8,1.123321177,0.24752896,0.875792217,4.868023,0.316721,0.420312,10.483924445,0.9,True,activated,player,player_00468,1.123321177,0.050211457,0.954017689,0.0,0.0,0.019740131,17.515203691,0.0,32.219458244,-49.734661935,0.1,0,0,0.0,0,0,0,0
417,35,28.180447706,0.281804477,0.253624029,0.009,10,1,15,0,0,6,1.080085534,0.501712377,0.578373157,3.693091,0.424641,0.407902,7.711994986,0.9,True,activated,player,player_00827,1.080085534,0.048950396,0.930057525,0.0,0.0,0.019726313,17.564154087,-0.0,32.19973193,-49.763886017,0.1,0,0,0.0,0,0,0,0
418,35,28.160721393,0.281607214,0.253446493,0.009,10,1,15,0,0,3,0.372035091,0.333559357,0.038475734,2.260552,0.570245,0.311217,2.115364664,0.9,True,activated,player,player_00079,0.372035091,0.008979819,0.170616558,0.0,0.0,0.019712505,17.573133906,0.0,32.180019425,-49.753153331,0.1,0,0,0.0,0,0,0,0
419,35,28.141008888,0.281410089,0.25326908,0.009,10,1,15,0,0,3,0.780080941,0.745275354,0.034805587,1.339387,0.857324,0.541804,8.982764955,0.9,True,activated,player,player_00006,0.780080941,0.006549883,0.12444778,0.0,0.0,0.019698706,17.579683789,-0.0,32.160320719,-49.740004508,0.1,0,0,0.0,0,0,0,0
420,35,28.121310182,0.281213102,0.253091792,0.009,10,1,15,0,0,2,0.259822289,0.259822289,0,1.092767,0.955581,0.455581,11.024052259,0.9,True,activated,staker,staker_00195,0.259822289,0.012991114,0.077946687,0.077946687,0.168884488,0.0,17.592674903,-0.0,32.407151894,-49.999826797,0.1,0,0,0.0,0,0,0,0
421,35,28.368141356,0.283681414,0.229781945,0.0081,20,2,25,0,0,5,0.46374673,0.246580878,0.217165852,3.989998,0.33732,0.266623,6.344843689,0.9,True,activated,player,player_00039,0.46374673,0.01711039,0.325097412,0.0,0.0,0.019857699,17.609785293,0.0,32.387294195,-49.997079488,0.1,0,0,0.0,0,0,0,0
422,34,28.061273733,0.280612737,0.204566686,0.00729,30,3,35,0,0,7,1.531031128,0.781389561,0.749641567,4.26247,0.383457,0.422612,6.172343853,0.9,True,activated,staker,staker_00166,1.531031128,0.076551556,0.459309338,0.459309338,0.995170233,0.0,17.68633685,0.0,33.841773766,-51.528110616,0.1,0,0,0.0,0,0,0,0
423,34,29.515753305,0.295157533,0.215169842,0.00729,30,3,35,0,0,7,0.601525553,0.382327124,0.219198429,5.799999,0.255848,0.248729,6.712454518,0.9,True,activated,player,player_00544,0.601525553,0.027792225,0.528052268,0.0,0.0,0.020661027,17.714129074,0.0,33.821112739,-51.535241814,0.1,0,0,0.0,0,0,0,0
424,33,28.955157501,0.289551575,0.260596418,0.009,10,1,15,0,0,7,1.533148444,0.46221728,1.070931164,4.499888,0.285573,0.408211,4.780613032,0.9,True,activated,player,player_00817,1.533148444,0.059835128,1.136867427,0.0,0.0,0.02026861,17.773964202,-0.0,33.800844129,-51.574808331,0.1,0,0,0.0,0,0,0,0
425,32,28.751258578,0.287512586,0.258761327,0.009,10,1,15,0,0,2,0.381188029,0.381188029,0,1.903089,0.61283,0.11283,1.157642698,0.9,True,activated,staker,staker_00190,0.381188029,0.019059401,0.114356409,0.114356409,0.247772219,0.0,17.793023604,0.0,34.162972756,-51.95599636,0.1,0,0,0.0,0,0,0,0
426,32,29.113387205,0.291133872,0.191012933,0.006561,40,4,45,0,0,9,0.949611078,0.198106144,0.751504934,4.12846,0.348418,0.543167,16.164215897,0.9,True,activated,player,player_00838,0.949611078,0.043574737,0.827919999,0.0,0.0,0.020379371,17.83659834,-0.0,34.142593385,-51.979191726,0.1,0,0,0.0,0,0,0,0
427,33,29.198520435,0.291985204,0.212857214,0.00729,30,3,35,0,0,6,0.506477992,0.266388,0.240089992,4.098097,0.409896,0.324753,6.21205395,0.9,True,activated,player,player_00840,0.506477992,0.022772555,0.432678541,0.0,0.0,0.020438964,17.859370895,0.0,34.122154421,-51.981525316,0.1,0,0,0.0,0,0,0,0
428,32,28.681207605,0.286812076,0.209086003,0.00729,30,3,35,0,0,7,0.849520493,0.211248743,0.63827175,4.415698,0.35024,0.402007,9.181488653,0.9,True,activated,player,player_00672,0.849520493,0.039711872,0.754525565,0.0,0.0,0.020076845,17.899082767,-0.0,34.102077576,-52.001160343,0.1,0,0,0.0,0,0,0,0
429,32,28.66113076,0.286611308,0.232155159,0.0081,20,2,25,0,0,5,0.568212298,0.246769458,0.32144284,4.211123,0.335209,0.236165,3.477407728,0.9,True,activated,player,player_00138,0.568212298,0.023102371,0.438945054,0.0,0.0,0.020062792,17.922185138,0.0,34.082014784,-52.004199923,0.1,0,0,0.0,0,0,0,0
430,32,28.641067968,0.28641068,0.231992651,0.0081,20,2,25,0,0,6,0.724045252,0.279691479,0.444353773,3.221895,0.476421,0.474141,9.688496688,0.9,True,activated,player,player_00596,0.724045252,0.028375456,0.539133668,0.0,0.0,0.020048748,17.950560595,-0.0,34.061966037,-52.012526631,0.1,0,0,0.0,0,0,0,0
431,31,28.511990553,0.285119906,0.256607915,0.009,10,1,15,0,0,4,0.996470105,0.277027585,0.71944252,2.333272,0.585891,0.454522,4.49060368,0.9,True,activated,player,player_00767,0.996470105,0.049806347,0.946320593,0.0,0.0,0.019958393,18.000366942,0.0,34.042007643,-52.042374585,0.1,0,0,0.0,0,0,0,0
432,29,24.243000361,0.242430004,0.218187003,0.009,10,1,15,0,0,4,0.452221509,0.238266294,0.213955215,2.575649,0.495058,0.408904,4.758794697,0.9,True,activated,player,player_00848,0.452221509,0.015330594,0.29128128,0.0,0.0,0.0169701,18.015697535,0.0,34.025037543,-52.040735078,0.1,0,0,0.0,0,0,0,0
433,29,24.226030261,0.242260303,0.196230845,0.0081,20,2,25,0,0,8,0.819690041,0.243287413,0.576402628,6.151497,0.233771,0.307006,6.413427032,0.9,True,activated,player,player_00825,0.819690041,0.032251424,0.612777047,0.0,0.0,0.016958221,18.047948959,-0.0,34.008079322,-52.056028281,0.1,0,0,0.0,0,0,0,0
434,28,23.766858019,0.23766858,0.213901722,0.009,10,1,15,0,0,5,0.987065029,0.22366833,0.763396699,1.996443,0.675903,0.590389,10.296658977,0.9,True,activated,staker,staker_00175,0.987065029,0.049353251,0.296119509,0.296119509,0.641592269,0.0,18.09730221,0.0,34.945791099,-53.04309331,0.1,0,0,0.0,0,0,0,0
435,28,24.704569796,0.247045698,0.222341128,0.009,10,1,15,0,0,7,1.76904586,0.611299931,1.157745929,4.639792,0.290689,0.388048,10.918197072,0.9,True,activated,player,player_00375,1.76904586,0.082650494,1.570359381,0.0,0.0,0.017293199,18.179952704,-0.0,34.928497901,-53.108450605,0.1,0,0,0.0,0,0,0,0
436,31,25.860358335,0.258603583,0.232743225,0.009,10,1,15,0,0,2,0.866047569,0.866047569,0,1.347498,0.847934,0.347934,2.810825677,0.9,True,activated,player,player_00157,0.866047569,0.007489938,0.142308831,0.0,0.0,0.018102251,18.187442643,0.0,34.91039565,-53.097838292,0.1,0,0,0.0,0,0,0,0
437,31,25.842256084,0.258422561,0.232580305,0.009,10,1,15,0,0,3,0.596441293,0.47113883,0.125302463,1.839706,0.7011,0.408189,3.709160839,0.9,True,activated,staker,staker_00190,0.596441293,0.029822065,0.178932388,0.178932388,0.38768684,0.0,18.217264707,0.0,35.477014878,-53.694279585,0.1,0,0,0.0,0,0,0,0
438,31,26.408875312,0.264088753,0.21391189,0.0081,20,2,25,0,0,7,1.743778313,0.231470005,1.512308308,1.575081,0.791535,0.686632,27.508260255,0.9,True,activated,player,player_00861,1.743778313,0.019100117,0.362902229,0.0,0.0,0.018486213,18.236364825,0.0,35.458528665,-53.69489349,0.1,0,0,0.0,0,0,0,0
439,31,26.390389099,0.263903891,0.213762152,0.0081,20,2,25,0,0,5,0.512628815,0.281623887,0.231004928,4.553309,0.266227,0.164133,3.88302855,0.9,True,activated,player,player_00863,0.512628815,0.024351943,0.462686911,0.0,0.0,0.018473272,18.260716767,-0.0,35.440055393,-53.70077216,0.1,0,0,0.0,0,0,0,0
440,30,26.1832975,0.261832975,0.261832975,0.01,0,0,5,0,0,1,0.358445172,0.358445172,0,1.0,1.0,0.0,0.048576168,0.9,True,activated,player,player_00643,0.358445172,0.000916415,0.017411893,0.0,0.0,0.018328308,18.261633183,0.0,35.421727085,-53.683360267,0.1,0,0,0.0,0,0,0,0
441,29,25.843353941,0.258433539,0.232590185,0.009,10,1,15,0,0,2,0.601886781,0.601886781,0,1.265842,0.880781,0.380781,3.709515974,0.9,True,activated,player,player_00461,0.601886781,0.004492337,0.0853544,0.0,0.0,0.018090348,18.266125519,-0.0,35.403636737,-53.669762256,0.1,0,0,0.0,0,0,0,0
442,29,25.825263593,0.258252636,0.188266172,0.00729,40,3,45,0,0,6,0.391507451,0.317604149,0.073903302,3.533288,0.456409,0.415444,8.591873258,0.9,True,activated,player,player_00721,0.391507451,0.01154488,0.219352722,0.0,0.0,0.018077685,18.2776704,-0.0,35.385559052,-53.663229452,0.1,0,0,0.0,0,0,0,0
443,29,25.807185908,0.258071859,0.169320947,0.006561,40,4,45,0,0,10,1.92727184,0.184890501,1.742381339,4.013512,0.415522,0.58524,28.493674973,0.9,True,activated,player,player_00429,1.92727184,0.079049204,1.501934878,0.0,0.0,0.01806503,18.356719604,0.0,35.367494022,-53.724213626,0.1,0,0,0.0,0,0,0,0
444,29,25.789120878,0.257891209,0.208891879,0.0081,20,2,25,0,0,7,1.704306306,0.29737011,1.406936196,4.199352,0.378871,0.425267,8.155314485,0.9,True,activated,player,player_00873,1.704306306,0.053832361,1.022814855,0.0,0.0,0.018052385,18.410551964,0.0,35.349441638,-53.759993602,0.1,0,0,0.0,0,0,0,0
445,31,27.390517567,0.273905176,0.221863192,0.0081,20,2,25,0,0,5,0.682627278,0.25212784,0.430499438,4.044308,0.31849,0.261801,5.308583139,0.9,True,activated,player,player_00496,0.682627278,0.029763662,0.565509575,0.0,0.0,0.019173362,18.440315626,0.0,35.330268275,-53.770583902,0.1,0,0,0.0,0,0,0,0
446,31,27.371344204,0.273713442,0.221707888,0.0081,20,2,25,0,0,6,0.642817241,0.392908683,0.249908558,3.206802,0.497217,0.448223,9.573503673,0.9,True,activated,player,player_00696,0.642817241,0.017117869,0.32523952,0.0,0.0,0.019159941,18.457433496,0.0,35.311108334,-53.76854183,0.1,0,0,0.0,0,0,0,0
447,32,27.56508067,0.275650807,0.162769045,0.0059049,50,5,55,1,0.145827675,6,0.481153095,0.232577222,0.248575873,3.103778,0.516625,0.445885,8.884303386,0.9,True,activated,staker,staker_00197,0.481153095,0.024057655,0.144345928,0.144345928,0.312749512,0.0,18.481491151,-0.0,35.768203775,-54.249694925,0.1,0,0,0.0,0,0,0,0
448,32,28.022176111,0.280221761,0.252199585,0.009,10,1,15,0,0,2,0.681135557,0.681135557,0,1.610016,0.746081,0.246081,1.629542887,0.9,True,activated,player,player_00555,0.681135557,0.009628436,0.182940287,0.0,0.0,0.019615523,18.491119587,0.0,35.748588251,-54.239707838,0.1,0,0,0.0,0,0,0,0
449,34,28.456441837,0.284564418,0.256107977,0.009,10,1,15,0,0,2,0.367042649,0.367042649,0,1.645651,0.732015,0.232015,1.602791929,0.9,True,activated,player,player_00407,0.367042649,0.014430017,0.274170327,0.0,0.0,0.019919509,18.505549604,0.0,35.728668742,-54.234218346,0.1,0,0,0.0,0,0,0,0
450,33,28.040369365,0.280403694,0.252363324,0.009,10,1,15,0,0,4,0.405777124,0.273814616,0.131962508,2.727991,0.54289,0.322217,5.361495231,0.9,True,activated,player,player_00479,0.405777124,0.018538306,0.352227818,0.0,0.0,0.019628259,18.52408791,0.0,35.709040484,-54.233128394,0.1,0,1,0.396152963,0,0,0,0
451,33,28.020741107,0.280207411,0.204271203,0.00729,30,3,35,0,0,9,1.559270438,0.462615254,1.096655184,6.000251,0.227819,0.398653,8.927548713,0.9,True,activated,player,player_00269,1.559270438,0.065102765,1.23695253,0.0,0.0,0.019614519,18.589190675,0.0,35.689425965,-54.27861664,0.1,0,0,0.0,0,0,0,0
452,33,28.001126588,0.280011266,0.204128213,0.00729,30,3,35,0,0,5,0.532207776,0.276165688,0.256042088,3.075365,0.481094,0.415418,7.864112995,0.9,True,activated,player,player_00655,0.532207776,0.020625089,0.39187669,0.0,0.0,0.019600789,18.609815764,-0.0,35.669825176,-54.27964094,0.1,0,0,0.0,0,0,0,0
453,34,28.276748113,0.282767481,0.254490733,0.009,10,1,15,0,0,4,0.542701179,0.273037119,0.26966406,2.582193,0.503108,0.397909,6.290375557,0.9,True,activated,player,player_00403,0.542701179,0.014472889,0.274984894,0.0,0.0,0.019793724,18.624288653,0.0,35.650031453,-54.274320106,0.1,0,0,0.0,0,0,0,0
454,36,28.902892436,0.289028924,0.210702086,0.00729,30,3,35,0,0,5,0.310790045,0.27574589,0.035044155,3.765755,0.35907,0.322213,4.564806513,0.9,True,activated,player,player_00835,0.310790045,0.013699952,0.26029909,0.0,0.0,0.020232025,18.637988605,-0.0,35.629799428,-54.267788033,0.1,0,0,0.0,0,0,0,0
455,35,28.653559157,0.286535592,0.257882032,0.009,10,1,15,0,0,7,1.043553598,0.377301858,0.66625174,5.49469,0.223222,0.289191,5.256760255,0.9,True,activated,player,player_00324,1.043553598,0.04245522,0.806649173,0.0,0.0,0.020057491,18.680443825,0.0,35.609741936,-54.290185761,0.1,0,0,0.0,0,0,0,0
456,35,28.633501665,0.286335017,0.257701515,0.009,10,1,15,0,0,3,0.351618467,0.305048239,0.046570228,1.633399,0.764196,0.440558,6.631642552,0.9,True,activated,player,player_00376,0.351618467,0.005147825,0.097808675,0.0,0.0,0.020043451,18.68559165,0.0,35.589698485,-54.275290135,0.1,0,0,0.0,0,0,0,0
457,35,28.613458214,0.286134582,0.231769012,0.0081,30,2,35,2,0.321088605,7,2.56528099,0.537344085,2.027936905,3.282703,0.494231,0.504417,9.667751818,0.9,True,activated,player,player_00684,2.56528099,0.106605687,2.025508054,0.0,0.0,0.020029421,18.792197337,-0.0,35.569669065,-54.361866401,0.1,0,0,0.0,0,0,0,1
458,39,32.842882011,0.32842882,0.266027344,0.0081,20,2,25,0,0,4,0.545919405,0.29803425,0.247885155,2.775685,0.454069,0.363183,4.216597441,0.9,True,activated,player,player_00623,0.545919405,0.018420539,0.349990249,0.0,0.0,0.022990017,18.810617876,0.0,35.546679047,-54.357296923,0.1,0,0,0.0,0,0,0,0
459,39,32.819891994,0.32819892,0.295379028,0.009,10,1,15,0,0,4,0.83727969,0.447588203,0.389691487,3.432783,0.408908,0.212637,3.244310086,0.9,True,activated,player,player_00350,0.83727969,0.02589415,0.491988851,0.0,0.0,0.022973924,18.836512026,-0.0,35.523705123,-54.360217149,0.1,0,0,0.0,0,0,0,0
460,39,32.796918069,0.327969181,0.265655036,0.0081,20,2,25,0,0,5,0.634818576,0.391548292,0.243270284,4.171843,0.359187,0.229765,4.355303369,0.9,True,activated,player,player_00899,0.634818576,0.026999548,0.512991411,0.0,0.0,0.022957843,18.863511574,0.0,35.50074728,-54.364258854,0.1,0,0,0.0,0,0,0,0
461,39,32.773960227,0.327739602,0.294965642,0.009,10,1,15,0,0,4,0.640579072,0.300445128,0.340133944,3.55719,0.357274,0.185697,2.75695692,0.9,True,activated,player,player_00050,0.640579072,0.021732923,0.412925544,0.0,0.0,0.022941772,18.885244498,-0.0,35.477805508,-54.363050005,0.1,0,0,0.0,0,0,0,0
462,38,32.47323846,0.324732385,0.324732385,0.01,0,0,5,0,0,3,0.968824898,0.735839184,0.232985714,1.643867,0.759517,0.449938,5.287720698,0.9,True,activated,player,player_00729,0.968824898,0.012785849,0.242931132,0.0,0.0,0.022731267,18.898030347,-0.0,35.455074241,-54.353104588,0.1,0,0,0.0,0,0,0,0
463,38,32.450507193,0.324505072,0.292054565,0.009,10,1,15,0,0,5,1.160717596,0.297588406,0.86312919,3.562245,0.355518,0.35369,3.200287437,0.9,True,activated,player,player_00396,1.160717596,0.041549214,0.789435062,0.0,0.0,0.022715355,18.93957956,0.0,35.432358886,-54.371938446,0.1,0,0,0.0,0,0,0,0
464,37,31.923948999,0.31923949,0.258583987,0.0081,20,2,25,0,0,4,0.512562862,0.314201498,0.198361364,3.539832,0.386999,0.192029,3.709957943,0.9,True,activated,player,player_00905,0.512562862,0.019704529,0.374386053,0.0,0.0,0.022346764,18.95928409,0.0,35.410012122,-54.369296211,0.1,0,0,0.0,0,0,0,0
465,37,31.901602234,0.319016022,0.319016022,0.01,0,0,5,0,0,3,0.687456738,0.342947853,0.344508885,2.625114,0.498865,0.203542,2.238923814,0.9,True,activated,player,player_00898,0.687456738,0.018342,0.348498006,0.0,0.0,0.022331122,18.97762609,0.0,35.387681,-54.36530709,0.1,0,0,0.0,0,0,0,0
466,36,31.67718327,0.316771833,0.285094649,0.009,10,1,15,0,0,4,1.023631499,0.782950348,0.240681151,2.613438,0.531987,0.386752,3.425421041,0.9,True,activated,player,player_00671,1.023631499,0.041451761,0.787583463,0.0,0.0,0.022174028,19.019077851,-0.0,35.365506972,-54.384584823,0.1,0,0,0.0,0,0,0,0
467,35,31.439752472,0.314397525,0.254661995,0.0081,20,2,25,0,0,7,1.732002731,1.048294697,0.683708034,3.431318,0.481929,0.4693,11.952158409,0.9,True,activated,staker,staker_00218,1.732002731,0.086600137,0.519600819,0.519600819,1.125801775,0.0,19.105677988,-0.0,37.010909566,-56.116587554,0.1,0,0,0.0,0,0,0,0
468,35,33.085155067,0.330851551,0.330851551,0.01,0,0,5,0,0,6,1.328375353,0.411331928,0.917043425,4.196081,0.30965,0.356509,6.469586182,0.9,True,activated,player,player_00916,1.328375353,0.060341628,1.146490923,0.0,0.0,0.023159609,19.166019615,0.0,36.987749958,-56.153769573,0.1,0,0,0.0,0,0,0,0
469,35,33.061995458,0.330619955,0.216919752,0.006561,40,4,45,0,0,9,0.917138954,0.400257259,0.516881695,6.239481,0.242897,0.367259,10.749191413,0.9,True,activated,player,player_00919,0.917138954,0.035875615,0.681636683,0.0,0.0,0.023143397,19.20189523,0.0,36.964606561,-56.166501791,0.1,0,0,0.0,0,0,0,0
470,35,33.038852062,0.330388521,0.297349669,0.009,20,1,25,1,0.02351606,4,0.924507889,0.317858019,0.60664987,3.321323,0.440681,0.225416,3.771018105,0.9,True,activated,player,player_00240,0.924507889,0.038239397,0.726548542,0.0,0.0,0.023127196,19.240134627,0.0,36.941479364,-56.181613991,0.1,0,0,0.0,0,0,0,1
471,34,32.945595031,0.32945595,0.32945595,0.01,0,0,5,0,0,4,2.643702598,0.527760801,2.115941797,1.619157,0.75953,0.601161,21.028908782,0.9,True,activated,staker,staker_00086,2.643702598,0.13218513,0.793110779,0.793110779,1.718406689,0.0,19.372319757,-0.0,39.452996833,-58.825316589,0.1,0,0,0.0,0,0,0,0
472,34,35.457112499,0.354571125,0.25848235,0.00729,30,3,35,1,0.094490741,5,0.634336305,0.4950367,0.139299605,2.057078,0.669811,0.544115,15.240816231,0.9,True,activated,player,player_00922,0.634336305,0.011713552,0.222557489,0.0,0.0,0.024819979,19.384033309,-0.0,39.428176854,-58.812210163,0.1,0,0,0.0,0,0,0,0
473,34,35.43229252,0.354322925,0.318890633,0.009,10,1,15,0,0,4,2.261772041,1.531784821,0.72998722,2.195492,0.599685,0.487084,6.848296791,0.9,True,activated,player,player_00627,2.261772041,0.046511234,0.883713443,0.0,0.0,0.024802605,19.430544543,0.0,39.403374249,-58.833918792,0.1,0,0,0.0,0,0,0,0
474,34,35.407489915,0.354074899,0.286800668,0.0081,20,2,25,0,0,5,1.420432092,0.331392151,1.089039941,2.064188,0.667587,0.559478,8.802679882,0.9,True,activated,player,player_00807,1.420432092,0.060744227,1.154140317,0.0,0.0,0.024785243,19.49128877,0.0,39.378589006,-58.869877776,0.1,0,0,0.0,0,0,0,0
475,33,34.205136751,0.342051368,0.307846231,0.009,10,1,15,0,0,3,0.490403262,0.342109334,0.148293928,1.864345,0.666304,0.423333,2.345006892,0.9,True,activated,player,player_00106,0.490403262,0.009379468,0.178209897,0.0,0.0,0.023943596,19.500668238,-0.0,39.35464541,-58.855313649,0.1,0,1,1.177567921,0,0,0,0
476,33,34.181193155,0.341811932,0.307630738,0.009,10,1,15,0,0,4,1.418423982,0.614237046,0.804186936,3.382546,0.357077,0.2302,2.773481392,0.9,True,activated,player,player_00926,1.418423982,0.048029587,0.912562149,0.0,0.0,0.023926835,19.548697825,0.0,39.330718575,-58.8794164,0.1,0,0,0.0,0,0,0,0
477,35,38.925611851,0.389256119,0.350330507,0.009,10,1,15,0,0,3,0.472293949,0.392048911,0.080245038,1.562378,0.780187,0.486852,4.963945526,0.9,True,activated,player,player_00898,0.472293949,0.006553221,0.124511197,0.0,0.0,0.027247928,19.555251046,0.0,39.303470647,-58.858721693,0.1,0,0,0.0,0,0,0,0
478,34,38.232118713,0.382321187,0.250840931,0.006561,40,4,45,0,0,9,0.765272097,0.34155212,0.423719977,5.100151,0.353351,0.434876,10.948271674,0.9,True,activated,player,player_00023,0.765272097,0.038910855,0.739306241,0.0,0.0,0.026762483,19.594161901,0.0,39.276708164,-58.870870065,0.1,0,0,0.0,0,0,0,0
479,34,38.20535623,0.382053562,0.278517047,0.00729,30,3,35,0,0,6,1.120243884,0.304748783,0.815495101,3.448302,0.41646,0.432881,11.286919875,0.9,True,activated,staker,staker_00207,1.120243884,0.056012194,0.336073165,0.336073165,0.728158525,0.0,19.650174095,0.0,40.340939854,-59.991113949,0.1,0,0,0.0,0,0,0,0
480,34,39.26958792,0.392695879,0.257647766,0.006561,40,4,45,0,0,6,0.441108016,0.309145279,0.131962737,3.717124,0.37203,0.428443,9.803667957,0.9,True,activated,player,player_00351,0.441108016,0.015224566,0.28926675,0.0,0.0,0.027488712,19.665398661,0.0,40.313451142,-59.978849803,0.1,0,0,0.0,0,0,0,0
481,33,38.326773314,0.383267733,0.34494096,0.009,10,1,15,0,0,4,0.850003867,0.350900197,0.49910367,3.349264,0.42669,0.229326,3.994665781,0.9,True,activated,player,player_00678,0.850003867,0.032832084,0.62380959,0.0,0.0,0.026828741,19.698230744,0.0,40.286622401,-59.984853145,0.1,0,0,0.0,0,0,0,0
482,33,38.299944573,0.382999446,0.279206596,0.00729,30,3,35,0,0,6,1.081309669,0.556751984,0.524557685,2.704985,0.459924,0.554337,17.794788081,0.9,True,activated,player,player_00158,1.081309669,0.034394985,0.653504709,0.0,0.0,0.026809961,19.732625729,-0.0,40.259812439,-59.992438169,0.1,0,0,0.0,0,0,0,0
483,32,37.330846246,0.373308462,0.373308462,0.01,0,0,5,0,0,5,3.240696214,2.801035227,0.439660987,1.319185,0.864331,0.722836,65.709707824,0.9,True,activated,player,player_00937,3.240696214,0.023289629,0.44250295,0.0,0.0,0.026131592,19.755915358,0.0,40.233680847,-59.989596205,0.1,0,0,0.0,0,0,0,0
484,32,37.304714653,0.373047147,0.302168189,0.0081,20,2,25,0,0,4,0.49625198,0.450721678,0.045530302,2.082312,0.658945,0.466096,7.249816982,0.9,True,activated,player,player_00257,0.49625198,0.009768132,0.18559451,0.0,0.0,0.0261133,19.76568349,0.0,40.207567547,-59.973251037,0.1,0,0,0.0,0,0,0,0
485,31,34.600360021,0.3460036,0.31140324,0.009,10,1,15,0,0,4,1.420174853,0.976927477,0.443247376,2.481113,0.549351,0.4285,4.230946182,0.9,True,activated,player,player_00112,1.420174853,0.051967883,0.987389782,0.0,0.0,0.024220252,19.817651373,0.0,40.183347295,-60.000998668,0.1,0,0,0.0,0,0,0,0
486,31,34.576139769,0.345761398,0.252060059,0.00729,30,3,35,1,0.099457931,3,0.259391017,0.259391017,0,1.449457,0.820862,0.490978,9.779162849,0.9,True,activated,player,player_00554,0.259391017,0.012782842,0.242874005,0.0,0.0,0.018157371,19.830434216,-0.0,40.165189924,-59.995624139,0.1,0,0,0.0,0,0,0,0
487,31,34.557982397,0.345579824,0.251927692,0.00729,30,3,35,0,0,4,0.36204332,0.36204332,0,3.765628,0.315294,0.128431,3.319779643,0.9,True,activated,player,player_00505,0.36204332,0.015824918,0.300673439,0.0,0.0,0.024190588,19.846259134,0.0,40.140999336,-59.98725847,0.1,0,0,0.0,0,0,0,0
488,31,34.53379181,0.345337918,0.279723714,0.0081,20,2,25,0,0,4,0.598658632,0.370496783,0.228161849,3.647401,0.381122,0.153097,3.52866752,0.9,True,activated,player,player_00428,0.598658632,0.024512678,0.465740878,0.0,0.0,0.024173654,19.870771812,-0.0,40.116825682,-59.987597493,0.1,0,0,0.0,0,0,0,0
489,33,34.762485558,0.347624856,0.347624856,0.01,0,0,5,0,0,4,0.670919527,0.367537754,0.303381773,2.666373,0.547812,0.354287,5.000792163,0.9,True,activated,player,player_00731,0.670919527,0.016385776,0.311329737,0.0,0.0,0.02433374,19.887157587,-0.0,40.092491942,-59.979649529,0.1,0,0,0.0,0,0,0,0
490,33,34.738151819,0.347381518,0.312643366,0.009,10,1,15,0,0,5,1.069675925,0.375540537,0.694135388,2.19754,0.620452,0.576629,7.708213537,0.9,True,activated,player,player_00365,1.069675925,0.04192438,0.796563216,0.0,0.0,0.024316706,19.929081967,-0.0,40.068175236,-59.997257202,0.1,0,0,0.0,0,0,0,0
491,33,34.713835112,0.347138351,0.281182064,0.0081,20,2,25,0,0,4,0.409902401,0.364751188,0.045151213,2.707046,0.459208,0.37303,4.944990176,0.9,True,activated,player,player_00946,0.409902401,0.013939525,0.26485098,0.0,0.0,0.024299685,19.943021492,-0.0,40.043875551,-59.986897043,0.1,0,0,0.0,0,0,0,0
492,33,34.689535428,0.346895354,0.312205819,0.009,10,1,15,0,0,7,1.151090551,0.388114627,0.762975924,4.830481,0.28495,0.359526,9.816257054,0.9,True,activated,player,player_00481,1.151090551,0.043528584,0.827043098,0.0,0.0,0.024282675,19.986550076,0.0,40.019592876,-60.006142952,0.1,0,0,0.0,0,0,0,0
493,32,34.62807021,0.346280702,0.280487369,0.0081,20,2,25,0,0,8,1.291494742,0.369493973,0.922000769,5.606648,0.285266,0.354662,9.411438557,0.9,True,activated,player,player_00491,1.291494742,0.052879131,1.004703487,0.0,0.0,0.024239649,20.039429207,-0.0,39.995353227,-60.034782434,0.1,0,0,0.0,0,0,0,0
494,32,34.603830561,0.346038306,0.227035732,0.006561,40,4,45,0,0,7,1.4434409,0.342974222,1.100466678,2.229993,0.649603,0.596106,12.656858179,0.9,True,activated,player,player_00952,1.4434409,0.026499995,0.503499901,0.0,0.0,0.024222681,20.065929202,-0.0,39.971130546,-60.037059748,0.1,0,0,0.0,0,0,0,0
495,31,33.654851138,0.336548511,0.245343865,0.00729,30,3,35,0,0,6,0.408534463,0.300486478,0.108047985,5.161231,0.266425,0.224828,4.597722179,0.9,True,activated,player,player_00440,0.408534463,0.018203865,0.345873443,0.0,0.0,0.023558396,20.084133067,0.0,39.94757215,-60.031705217,0.1,0,1,0.924756742,0,0,0,0
496,31,33.631292742,0.336312927,0.336312927,0.01,0,0,5,0,0,3,0.917240575,0.483325672,0.433914903,2.498819,0.526934,0.242212,2.198765783,0.9,True,activated,player,player_00707,0.917240575,0.039535342,0.751171497,0.0,0.0,0.023541905,20.123668409,-0.0,39.924030245,-60.047698654,0.1,0,0,0.0,0,0,0,0
497,31,33.607750837,0.336077508,0.272222782,0.0081,20,2,25,0,0,3,0.313542964,0.313542964,0,2.04198,0.650938,0.351199,3.569346121,0.9,True,activated,player,player_00186,0.313542964,0.013248414,0.251719872,0.0,0.0,0.021948007,20.136916824,0.0,39.902082237,-60.038999061,0.1,0,0,0.0,0,0,0,0
498,34,34.702715444,0.347027154,0.347027154,0.01,0,0,5,0,0,3,0.68302327,0.591167386,0.091855884,1.315894,0.865516,0.552065,9.185202043,0.9,True,activated,player,player_00432,0.68302327,0.005807389,0.110340396,0.0,0.0,0.024291901,20.142724213,0.0,39.877790337,-60.02051455,0.1,0,0,0.0,0,0,0,0
499,33,34.112134043,0.34112134,0.307009206,0.009,10,1,15,0,0,6,1.438805709,0.381351635,1.057454074,4.434237,0.337236,0.333112,5.168180781,0.9,True,activated,player,player_00435,1.438805709,0.059540547,1.131270384,0.0,0.0,0.023878494,20.202264759,0.0,39.853911843,-60.056176602,0.1,0,0,0.0,0,0,0,0
500,33,34.088255549,0.340882555,0.3067943,0.009,10,1,15,0,0,4,0.872161606,0.453250531,0.418911075,3.909713,0.291601,0.08057,2.808658712,0.9,True,activated,player,player_00958,0.872161606,0.03208502,0.609615374,0.0,0.0,0.023861779,20.234349779,-0.0,39.830050064,-60.064399843,0.1,0,0,0.0,0,0,0,0
501,35,35.643297651,0.356432977,0.210470108,0.0059049,50,5,55,0,0,10,0.582018625,0.245089521,0.336929104,8.091756,0.179731,0.268441,7.634709034,0.9,True,activated,staker,staker_00231,0.582018625,0.029100931,0.174605587,0.174605587,0.378312106,0.0,20.26345071,0.0,40.382967758,-60.646418468,0.1,0,0,0.0,0,0,0,0
502,33,35.145187713,0.351451877,0.28467602,0.0081,20,2,25,0,0,4,0.542145073,0.482230416,0.059914657,2.408289,0.572143,0.434656,5.374193938,0.9,True,activated,staker,staker_00154,0.542145073,0.027107254,0.162643522,0.162643522,0.352394297,0.0,20.290557964,0.0,40.898005577,-61.188563541,0.1,0,0,0.0,0,0,0,0
503,33,35.660225532,0.356602255,0.32094203,0.009,10,1,15,0,0,5,1.053829747,0.567863787,0.48596596,2.776512,0.430321,0.473733,8.010163811,0.9,True,activated,player,player_00357,1.053829747,0.048220658,0.9161925,0.0,0.0,0.024962158,20.338778622,-0.0,40.873043419,-61.211822041,0.1,0,0,0.0,1,0.469882534,5,0
504,32,35.165709758,0.351657098,0.316491388,0.009,10,1,15,0,0,2,0.317061679,0.317061679,0,1.110849,0.947332,0.447332,9.236615475,0.9,True,activated,player,player_00965,0.317061679,0.001944663,0.036948596,0.0,0.0,0.022194318,20.340723285,0.0,40.850849102,-61.191572386,0.1,0,0,0.0,0,0,0,0
505,31,34.465013082,0.344650131,0.310185118,0.009,10,1,15,0,0,4,0.804671304,0.404753743,0.399917561,3.856649,0.309446,0.106646,2.998412024,0.9,True,activated,player,player_00836,0.804671304,0.030096033,0.571824634,0.0,0.0,0.024125509,20.370819318,-0.0,40.826723592,-61.197542911,0.1,0,0,0.0,0,0,0,0
506,30,34.255115751,0.342551158,0.277466438,0.0081,20,2,25,0,0,8,0.821750713,0.459372999,0.362377714,4.356255,0.336059,0.474831,15.130883611,0.9,True,activated,player,player_00723,0.821750713,0.028478637,0.541094106,0.0,0.0,0.023978581,20.399297955,0.0,40.802745011,-61.202042967,0.1,0,0,0.0,0,0,0,0
507,30,34.23113717,0.342311372,0.277272211,0.0081,20,2,25,0,0,4,0.964253559,0.70760895,0.256644609,2.456972,0.565347,0.423449,4.985683843,0.9,True,activated,player,player_00967,0.964253559,0.022153862,0.420923378,0.0,0.0,0.023961796,20.421451817,0.0,40.778783215,-61.200235033,0.1,0,0,0.0,0,0,0,0
508,30,34.207175374,0.342071754,0.277078121,0.0081,20,2,25,0,0,6,1.466335313,0.330913694,1.135421619,2.520358,0.593757,0.534038,11.317677253,0.9,True,activated,player,player_00968,1.466335313,0.071321195,1.3551027,0.0,0.0,0.023945023,20.492773012,0.0,40.754838193,-61.247611205,0.1,0,0,0.0,0,0,0,0
509,30,34.183230351,0.341832304,0.276884166,0.0081,20,2,25,0,0,8,1.419989943,0.332318098,1.087671845,4.113152,0.360923,0.484977,15.450145465,0.9,True,activated,player,player_00054,1.419989943,0.063948101,1.215013927,0.0,0.0,0.023928261,20.556721114,0.0,40.730909931,-61.287631045,0.1,0,0,0.0,0,0,0,0
510,30,34.15930209,0.341593021,0.276690347,0.0081,30,2,35,0,0,5,1.232406302,0.290973162,0.94143314,2.591818,0.566608,0.480238,5.578522029,0.9,True,activated,player,player_00327,1.232406302,0.053675216,1.019829103,0.0,0.0,0.023911511,20.610396329,-0.0,40.70699842,-61.317394749,0.1,0,0,0.0,0,0,0,0
511,30,34.135390578,0.341353906,0.248846997,0.00729,30,3,35,0,0,5,0.560642204,0.286184347,0.274457857,3.047137,0.489542,0.425018,4.624549364,0.9,True,activated,player,player_00975,0.560642204,0.015503956,0.294575164,0.0,0.0,0.023894773,20.625900286,-0.0,40.683103647,-61.309003932,0.1,0,0,0.0,0,0,0,0
512,31,34.451818696,0.344518187,0.310066368,0.009,10,1,15,0,0,5,0.895048586,0.440491267,0.454557319,2.587059,0.469701,0.513498,8.765726107,0.9,True,activated,player,player_00493,0.895048586,0.024937972,0.473821464,0.0,0.0,0.024116273,20.650838257,0.0,40.658987373,-61.309825631,0.1,0,0,0.0,0,0,0,0
513,33,35.284003283,0.352840033,0.285800427,0.0081,20,2,25,0,0,4,0.629516076,0.461166624,0.168349452,3.399342,0.343244,0.213769,2.462032537,0.9,True,activated,player,player_00977,0.629516076,0.021906868,0.416230485,0.0,0.0,0.024698802,20.672745125,0.0,40.634288571,-61.307033696,0.1,0,0,0.0,0,0,0,0
514,33,35.25930448,0.352593045,0.25704033,0.00729,30,3,35,0,0,7,1.2939292,0.824380039,0.469549161,3.061682,0.504983,0.558339,10.783867382,0.9,True,activated,player,player_00981,1.2939292,0.051569551,0.979821464,0.0,0.0,0.024681513,20.724314676,0.0,40.609607058,-61.333921734,0.1,0,0,0.0,0,0,0,0
515,34,36.940298619,0.369402986,0.269294777,0.00729,30,3,35,0,0,5,0.668598501,0.647803768,0.020794733,2.693477,0.536641,0.484483,5.787194412,0.9,True,activated,player,player_00680,0.668598501,0.029826629,0.566705955,0.0,0.0,0.025858209,20.754141305,-0.0,40.583748849,-61.337890154,0.1,0,0,0.0,0,0,0,0
516,35,38.46872464,0.384687246,0.384687246,0.01,0,0,5,0,0,6,1.799859842,0.802974555,0.996885287,3.533554,0.446132,0.434531,7.467030933,0.9,True,activated,player,player_00334,1.799859842,0.071614526,1.360675985,0.0,0.0,0.026928107,20.82575583,0.0,40.556820742,-61.382576572,0.1,0,0,0.0,0,0,0,0
517,35,38.441796533,0.384417965,0.280240697,0.00729,30,3,35,0,0,9,0.980615366,0.550964935,0.429650431,4.943094,0.338715,0.46437,10.72546223,0.9,True,activated,player,player_00857,0.980615366,0.033768782,0.641606858,0.0,0.0,0.026909258,20.859524612,0.0,40.529911484,-61.389436097,0.1,0,0,0.0,0,0,0,0
518,38,40.726679643,0.407266796,0.240486971,0.0059049,50,5,55,1,0.022085125,5,0.290403062,0.290403062,0,3.790141,0.418797,0.269359,5.276418889,0.9,True,activated,player,player_00103,0.290403062,0.009455561,0.179655665,0.0,0.0,0.020328214,20.868980174,0.0,40.50958327,-61.378563443,0.1,0,0,0.0,0,0,0,0
519,38,40.706351429,0.407063514,0.296749302,0.00729,30,3,35,0,0,6,0.581479091,0.332769001,0.24871009,3.980367,0.346965,0.376746,8.741508312,0.9,True,activated,staker,staker_00190,0.581479091,0.029073955,0.174443727,0.174443727,0.377961409,0.0,20.898054128,-0.0,41.061988406,-61.960042534,0.1,0,0,0.0,0,0,0,0
520,37,40.556869382,0.405568694,0.328510642,0.0081,20,2,25,0,0,8,2.042418156,0.392978394,1.649439762,3.610388,0.483536,0.451426,11.695704302,0.9,True,activated,player,player_00992,2.042418156,0.054161311,1.029064901,0.0,0.0,0.028389809,20.952215439,-0.0,41.033598598,-61.985814037,0.1,0,0,0.0,0,0,0,0
521,37,40.528479573,0.405284796,0.328280685,0.0081,20,2,25,0,0,6,2.357519268,0.510642755,1.846876513,3.107319,0.456201,0.514648,12.676719729,0.9,True,activated,staker,staker_00217,2.357519268,0.117875963,0.70725578,0.70725578,1.532387524,0.0,21.070091402,0.0,43.273241902,-64.343333305,0.1,0,0,0.0,0,0,0,0
522,37,42.768122878,0.427681229,0.280601654,0.006561,40,4,45,0,0,5,0.428035717,0.428035717,0,3.395336,0.449981,0.363628,4.87156418,0.9,True,activated,player,player_00994,0.428035717,0.018166302,0.345159729,0.0,0.0,0.029937686,21.088257704,0.0,43.243304216,-64.33156192,0.1,0,0,0.0,0,0,0,0
523,37,42.738185192,0.427381852,0.25236471,0.0059049,50,5,55,1,0.081551169,5,0.705891397,0.705891397,0,2.301858,0.62063,0.518919,5.73745216,0.9,True,activated,staker,staker_00224,0.705891397,0.03529457,0.211767419,0.211767419,0.458829408,0.0,21.123552274,0.0,43.913901043,-65.037453317,0.1,0,0,0.0,0,0,0,0
524,35,40.766040785,0.407660408,0.407660408,0.01,0,0,5,0,0,5,1.443298838,0.408780268,1.03451857,4.017936,0.283261,0.257305,2.781949939,0.9,True,activated,player,player_00555,1.443298838,0.054858339,1.042308435,0.0,0.0,0.028536229,21.178410612,-0.0,43.885364815,-65.063775427,0.1,0,0,0.0,0,0,0,0
525,35,40.737504556,0.407375046,0.329973787,0.0081,20,2,25,0,0,6,1.551840171,0.920927782,0.630912389,4.091443,0.381962,0.364641,4.921317344,0.9,True,activated,player,player_00164,1.551840171,0.073056154,1.388066931,0.0,0.0,0.028516253,21.251466767,-0.0,43.856848562,-65.108315328,0.1,0,0,0.0,0,0,0,0
526,34,40.559708561,0.405597086,0.328533639,0.0081,20,2,25,0,0,7,0.780606028,0.36380613,0.416799898,4.625234,0.306262,0.37972,8.488376963,0.9,True,activated,player,player_00208,0.780606028,0.028496374,0.541431113,0.0,0.0,0.028391796,21.279963141,-0.0,43.828456766,-65.108419907,0.1,0,0,0.0,0,0,0,0
527,34,40.531316765,0.405313168,0.295473299,0.00729,30,3,35,0,0,7,2.048531656,0.328584065,1.719947591,2.207625,0.647445,0.63606,10.434489767,0.9,True,activated,player,player_00783,2.048531656,0.03752956,0.71306164,0.0,0.0,0.028371922,21.317492701,0.0,43.800084844,-65.117577545,0.1,0,0,0.0,0,0,0,0
528,34,40.502944843,0.405029448,0.295266468,0.00729,30,3,35,0,0,9,1.470056265,0.380695687,1.089360578,3.423233,0.469484,0.59907,24.018816517,0.9,True,activated,player,player_00545,1.470056265,0.040411995,0.767827908,0.0,0.0,0.028352061,21.357904696,-0.0,43.771732783,-65.129637479,0.1,0,0,0.0,0,0,0,0
529,34,40.474592782,0.404745928,0.327844202,0.0081,20,2,25,0,0,6,0.670160981,0.371717435,0.298443546,4.743365,0.288575,0.287391,5.883286909,0.9,True,activated,player,player_01010,0.670160981,0.026478269,0.503087106,0.0,0.0,0.028332215,21.384382965,0.0,43.743400568,-65.127783532,0.1,0,0,0.0,0,0,0,0
530,34,40.446260567,0.404462606,0.327614711,0.0081,20,2,25,0,0,3,0.411862129,0.411862129,0,1.852697,0.68658,0.418644,3.034624056,0.9,True,activated,player,player_00033,0.411862129,0.016761483,0.318468175,0.0,0.0,0.028312382,21.401144448,0.0,43.715088185,-65.116232633,0.1,0,0,0.0,0,0,0,0
531,34,40.417948185,0.404179482,0.294646842,0.00729,30,3,35,0,0,5,0.386739867,0.348315645,0.038424222,4.093511,0.307099,0.251348,3.03574046,0.9,True,activated,player,player_00511,0.386739867,0.015594959,0.296304213,0.0,0.0,0.027071791,21.416739406,-0.0,43.688016395,-65.104755801,0.1,0,0,0.0,1,7.242879169,5,0
532,36,34.562700231,0.345627002,0.345627002,0.01,0,0,5,0,0,4,2.790020329,1.603958435,1.186061894,2.302385,0.574891,0.467737,5.47313995,0.9,True,activated,player,player_01016,2.790020329,0.098011363,1.862215902,0.0,0.0,0.02419389,21.51475077,0.0,43.663822504,-65.178573274,0.1,0,0,0.0,0,0,0,0
533,35,34.129535699,0.341295357,0.307165821,0.009,10,1,15,0,0,6,1.352733828,0.479913476,0.872820352,4.012103,0.395137,0.373297,5.77204041,0.9,True,activated,player,player_01018,1.352733828,0.062843828,1.194032735,0.0,0.0,0.023890675,21.577594598,-0.0,43.639931829,-65.217526427,0.1,0,0,0.0,0,0,0,0
534,35,34.105645024,0.34105645,0.248630152,0.00729,30,3,35,0,0,4,0.385830647,0.385830647,0,2.471755,0.519835,0.428183,6.075704044,0.9,True,activated,player,player_00901,0.385830647,0.013667951,0.25969107,0.0,0.0,0.023873952,21.591262549,-0.0,43.616057878,-65.207320427,0.1,0,0,0.0,0,0,0,0
535,38,35.222175712,0.352221757,0.316999581,0.009,10,1,15,0,0,3,0.598583017,0.491497434,0.107085583,1.827401,0.708977,0.397902,4.579003965,0.9,True,activated,player,player_00982,0.598583017,0.009942842,0.188914,0.0,0.0,0.024655523,21.601205391,0.0,43.591402355,-65.192607746,0.1,0,0,0.0,0,0,0,0
536,38,35.197520189,0.351975202,0.285099914,0.0081,20,2,25,0,0,7,1.877602167,0.326179075,1.551423092,2.446824,0.604721,0.606758,16.109584219,0.9,True,activated,player,player_00211,1.877602167,0.093940721,1.784873699,0.0,0.0,0.024638264,21.695146112,0.0,43.566764091,-65.261910203,0.1,0,0,0.0,0,0,0,0
537,38,35.172881925,0.351728819,0.284900344,0.0081,20,2,25,0,0,8,1.819523958,0.334063743,1.485460215,4.006602,0.386803,0.526172,13.495131142,0.9,True,activated,player,player_01024,1.819523958,0.078715701,1.49559831,0.0,0.0,0.024621017,21.773861812,-0.0,43.542143073,-65.316004886,0.1,0,0,0.0,0,0,0,0
538,39,35.292232143,0.352922321,0.28586708,0.0081,20,2,25,0,0,5,1.054374395,0.721040836,0.333333559,3.598701,0.419625,0.333884,4.075144766,0.9,True,activated,staker,staker_00219,1.054374395,0.05271872,0.316312318,0.316312318,0.685343357,0.0,21.826580532,-0.0,44.543798749,-66.370379281,0.1,0,0,0.0,0,0,0,0
539,40,36.713211465,0.367132115,0.330418903,0.009,10,1,15,0,0,3,1.581307834,0.337302381,1.244005453,1.548278,0.786694,0.484062,5.372275846,0.9,True,activated,staker,staker_00245,1.581307834,0.079065392,0.47439235,0.47439235,1.027850092,0.0,21.905645924,0.0,46.046041191,-67.951687115,0.1,0,0,0.0,0,0,0,0
540,40,38.215453907,0.382154539,0.343939085,0.009,10,1,15,0,0,2,0.574442671,0.574442671,0,1.613038,0.744896,0.244896,1.666063436,0.9,True,activated,staker,staker_00218,0.574442671,0.028722134,0.172332801,0.172332801,0.373387736,0.0,21.934368057,0.0,46.591761728,-68.526129786,0.1,0,0,0.0,0,0,0,0
541,43,40.987408661,0.409874087,0.298798209,0.00729,40,3,45,1,0.069324299,6,0.629113229,0.340069122,0.289044107,4.411296,0.366914,0.307733,7.339977396,0.9,True,activated,player,player_00748,0.629113229,0.021348712,0.405625537,0.0,0.0,0.028691186,21.95571677,0.0,46.563070542,-68.518787312,0.1,0,0,0.0,0,0,0,1
542,42,39.065195595,0.390651956,0.284785276,0.00729,30,3,35,0,0,7,0.563468629,0.41601477,0.147453859,3.762204,0.432911,0.469039,7.847473014,0.9,True,activated,player,player_00798,0.563468629,0.027340117,0.519462231,0.0,0.0,0.027345637,21.983056887,-0.0,46.535724905,-68.518781793,0.1,0,0,0.0,0,0,0,0
543,41,38.779882968,0.38779883,0.349018947,0.009,10,1,15,0,0,4,0.685217637,0.355476232,0.329741405,3.317968,0.405697,0.251526,3.468561338,0.9,True,activated,player,player_00722,0.685217637,0.021718631,0.412653982,0.0,0.0,0.027145918,22.004775518,0.0,46.508578987,-68.513354505,0.1,0,0,0.0,0,0,0,0
544,39,38.034531537,0.380345315,0.308079705,0.0081,20,2,25,0,0,3,0.354887408,0.354887408,0,2.792464,0.450081,0.147761,2.211934902,0.9,True,activated,player,player_00736,0.354887408,0.014932973,0.28372649,0.0,0.0,0.024842119,22.019708491,-0.0,46.483736869,-68.50344536,0.1,0,0,0.0,0,0,0,0
545,38,37.323181704,0.373231817,0.272085995,0.00729,30,3,35,0,0,5,0.785022854,0.31062676,0.474396094,2.411678,0.604309,0.490117,9.612098007,0.9,True,activated,player,player_01038,0.785022854,0.016837649,0.319915338,0.0,0.0,0.026126227,22.03654614,-0.0,46.457610642,-68.494156782,0.1,0,0,0.0,0,0,0,0
546,38,37.297055477,0.372970555,0.271895534,0.00729,30,3,35,0,0,6,0.418194181,0.349565256,0.068628925,3.64227,0.455235,0.381597,7.299069019,0.9,True,activated,player,player_00171,0.418194181,0.012696282,0.24122935,0.0,0.0,0.026107939,22.049242422,-0.0,46.431502703,-68.480745125,0.1,0,0,0.0,0,0,0,0
547,38,37.270947538,0.372709475,0.271705208,0.00729,30,3,35,0,0,8,1.393987317,0.78937868,0.604608637,3.895595,0.35503,0.531181,16.879849144,0.9,True,activated,player,player_01039,1.393987317,0.049373325,0.938093167,0.0,0.0,0.026089663,22.098615747,0.0,46.405413039,-68.504028786,0.1,0,0,0.0,0,0,0,0
548,38,37.244857874,0.372448579,0.301683349,0.0081,20,2,25,0,0,6,1.086857936,0.388363548,0.698494388,3.386772,0.448743,0.454247,9.176522483,0.9,True,activated,player,player_01041,1.086857936,0.031260498,0.593949459,0.0,0.0,0.026071401,22.129876244,0.0,46.379341639,-68.509217883,0.1,0,0,0.0,0,0,0,0
549,38,37.218786474,0.372187865,0.271324953,0.00729,30,3,35,0,0,5,0.680937371,0.324460757,0.356476614,2.699631,0.523509,0.492491,6.043791925,0.9,True,activated,player,player_00525,0.680937371,0.034462144,0.654780737,0.0,0.0,0.026053151,22.164338388,0.0,46.353288488,-68.517626877,0.1,0,0,0.0,0,0,0,0
550,37,35.538717571,0.355387176,0.287863612,0.0081,20,2,25,0,0,4,0.524360353,0.440353718,0.084006635,2.624014,0.526963,0.396979,3.95541756,0.9,True,activated,player,player_00371,0.524360353,0.013645942,0.259272903,0.0,0.0,0.024877102,22.177984331,-0.0,46.328411386,-68.506395717,0.1,0,0,0.0,0,0,0,0
551,39,36.691215225,0.366912152,0.267478959,0.00729,30,3,35,0,0,6,0.658888144,0.396391006,0.262497138,4.496756,0.325036,0.298197,7.759565609,0.9,True,activated,player,player_01047,0.658888144,0.023520477,0.446889055,0.0,0.0,0.025683851,22.201504807,0.0,46.302727535,-68.504232343,0.1,0,0,0.0,0,0,0,0
552,37,35.372744027,0.35372744,0.286519227,0.0081,20,2,25,0,0,7,1.065266897,0.396544468,0.668722429,3.862253,0.42411,0.449076,9.965862123,0.9,True,activated,player,player_00394,1.065266897,0.031911898,0.606326062,0.0,0.0,0.024760921,22.233416705,0.0,46.277966615,-68.51138332,0.1,0,0,0.0,0,0,0,0
553,37,35.347983106,0.353479831,0.318131848,0.009,10,1,15,0,0,5,0.827136434,0.326933271,0.500203163,4.312765,0.317676,0.21887,4.726277164,0.9,True,activated,player,player_01051,0.827136434,0.029455927,0.559662617,0.0,0.0,0.024743588,22.262872633,-0.0,46.253223026,-68.516095659,0.1,0,0,0.0,0,0,0,0
554,35,34.095353094,0.340953531,0.306858178,0.009,10,1,15,0,0,5,0.802615224,0.345419079,0.457196145,4.718803,0.25368,0.121411,3.702899421,0.9,True,activated,player,player_00468,0.802615224,0.032978894,0.626598995,0.0,0.0,0.023866747,22.295851527,-0.0,46.229356279,-68.525207806,0.1,0,0,0.0,0,0,0,0
555,36,35.076779443,0.350767794,0.284121913,0.0081,20,2,25,0,0,7,1.37284019,0.442083538,0.930756652,4.736402,0.332881,0.379721,7.68791731,0.9,True,activated,player,player_00919,1.37284019,0.057634409,1.095053765,0.0,0.0,0.024553746,22.353485936,-0.0,46.204802534,-68.558288469,0.1,0,0,0.0,0,0,0,0
556,36,35.052225697,0.350522257,0.315470031,0.009,10,1,15,0,0,5,0.537618661,0.319812243,0.217806418,2.94017,0.518442,0.406087,9.29712798,0.9,True,activated,player,player_00075,0.537618661,0.014171564,0.269259711,0.0,0.0,0.024536558,22.367657499,0.0,46.180265976,-68.547923475,0.1,0,0,0.0,0,0,0,0
557,36,35.027689139,0.350276891,0.315249202,0.009,10,1,15,0,0,2,0.345467221,0.345467221,0,1.32434,0.857137,0.357137,3.200561449,0.9,True,activated,player,player_00952,0.345467221,0.003676863,0.069860398,0.0,0.0,0.024182705,22.371334362,0.0,46.15608327,-68.527417633,0.1,0,0,0.0,0,0,0,0
558,37,35.759031248,0.357590312,0.321831281,0.009,10,1,15,0,0,4,1.068598204,0.57908573,0.489512474,3.364627,0.376306,0.234139,3.428489072,0.9,True,activated,player,player_01060,1.068598204,0.036682173,0.696961292,0.0,0.0,0.025031322,22.408016536,-0.0,46.131051948,-68.539068484,0.1,0,0,0.0,0,0,0,0
559,37,35.733999926,0.357339999,0.357339999,0.01,0,0,5,0,0,4,1.524480042,0.530816954,0.993663088,3.106479,0.412423,0.29218,3.640228037,0.9,True,activated,player,player_00508,1.524480042,0.046038142,0.874724707,0.0,0.0,0.0250138,22.454054678,0.0,46.106038148,-68.560092827,0.1,0,0,0.0,0,0,0,0
560,38,36.379088902,0.363790889,0.29467062,0.0081,20,2,25,0,0,8,1.3130318,0.456187271,0.856844529,6.15083,0.254216,0.299562,9.079501392,0.9,True,activated,player,player_01064,1.3130318,0.055867997,1.061491934,0.0,0.0,0.025465362,22.509922675,0.0,46.080572786,-68.590495461,0.1,0,0,0.0,0,0,0,0
561,40,40.805788956,0.40805789,0.330526891,0.0081,20,2,25,0,0,4,0.651690763,0.529798355,0.121892408,3.240172,0.393104,0.267545,3.183719321,0.9,True,activated,player,player_00155,0.651690763,0.021203639,0.402869143,0.0,0.0,0.028564052,22.531126314,-0.0,46.052008734,-68.583135048,0.1,0,0,0.0,0,0,0,0
562,37,38.398476156,0.383984762,0.383984762,0.01,0,0,5,0,0,3,2.048890363,1.296880595,0.752009768,2.122682,0.632967,0.325872,3.368415089,0.9,True,activated,player,player_00873,2.048890363,0.038944435,0.739944266,0.0,0.0,0.026878933,22.570070749,0.0,46.025129801,-68.59520055,0.1,0,0,0.0,0,0,0,0
563,37,38.371597223,0.383715972,0.345344375,0.009,10,1,15,0,0,3,1.168300027,0.657754011,0.510546016,2.732336,0.436999,0.164281,1.65950486,0.9,True,activated,player,player_00467,1.168300027,0.038002881,0.722054745,0.0,0.0,0.026860118,22.60807363,0.0,45.998269683,-68.606343313,0.1,0,0,0.0,0,0,0,0
564,39,45.364357917,0.453643579,0.408279221,0.009,10,1,15,0,0,3,1.180610862,0.490601096,0.690009766,2.297685,0.584451,0.291386,2.687724552,0.9,True,activated,player,player_01070,1.180610862,0.026117807,0.496238339,0.0,0.0,0.031755051,22.634191438,-0.0,45.966514632,-68.60070607,0.1,0,2,1.582483983,0,0,0,0
565,38,44.334315095,0.443343151,0.359107952,0.0081,20,2,25,0,0,6,0.907648007,0.42096084,0.486687167,4.395681,0.333184,0.336658,6.437922864,0.9,True,activated,player,player_00697,0.907648007,0.0352981,0.670663893,0.0,0.0,0.031034021,22.669489537,-0.0,45.935480611,-68.604970149,0.1,0,0,0.0,0,0,0,0
566,38,44.303281074,0.443032811,0.322970919,0.00729,30,3,35,0,0,8,0.983021532,0.500058992,0.48296254,5.683736,0.277336,0.351994,9.307544448,0.9,True,activated,player,player_01074,0.983021532,0.040573672,0.770899766,0.0,0.0,0.031012297,22.710063209,0.0,45.904468315,-68.614531524,0.1,0,0,0.0,0,0,0,0
567,38,44.272268778,0.442722688,0.398450419,0.009,10,1,15,0,0,3,0.867967695,0.45560753,0.412360165,2.6641,0.475087,0.193149,1.947716986,0.9,True,activated,player,player_01078,0.867967695,0.024329906,0.462268212,0.0,0.0,0.030990588,22.734393115,0.0,45.873477727,-68.607870842,0.1,0,0,0.0,0,0,0,0
568,38,44.241278189,0.442412782,0.322518918,0.00729,30,3,35,0,0,8,0.776934973,0.420842031,0.356092942,5.296383,0.271623,0.39009,8.655817574,0.9,True,activated,player,player_00391,0.776934973,0.030259223,0.574925235,0.0,0.0,0.030968895,22.764652338,-0.0,45.842508832,-68.60716117,0.1,0,0,0.0,0,0,0,0
569,38,44.210309295,0.442103093,0.397892784,0.009,10,1,15,0,0,5,0.89236279,0.455847222,0.436515568,3.4891,0.423459,0.341887,7.477490439,0.9,True,activated,player,player_01081,0.89236279,0.040961433,0.778267232,0.0,0.0,0.030947217,22.805613771,0.0,45.811561615,-68.617175386,0.1,0,0,0.0,0,0,0,0
570,38,44.179362078,0.441793621,0.357852833,0.0081,20,2,25,0,0,6,0.654022974,0.52505013,0.128972844,4.029415,0.351331,0.387389,7.55134304,0.9,True,activated,player,player_00780,0.654022974,0.022758513,0.432411751,0.0,0.0,0.030925553,22.828372284,0.0,45.780636062,-68.609008346,0.1,0,0,0.0,0,0,0,0
571,37,43.317380122,0.433173801,0.389856421,0.009,10,1,15,0,0,2,1.73045493,1.73045493,0,1.268585,0.879658,0.379658,3.615682121,0.9,True,activated,player,player_00739,1.73045493,0.011928455,0.226640643,0.0,0.0,0.030322166,22.840300739,0.0,45.750313896,-68.590614635,0.1,0,0,0.0,0,0,0,0
572,37,43.287057956,0.43287058,0.43287058,0.01,0,0,5,0,0,2,0.859694548,0.602963485,0.256731063,1.720876,0.701369,0.201369,1.397773282,0.9,True,activated,player,player_00267,0.859694548,0.0143516,0.272680403,0.0,0.0,0.030300941,22.854652339,-0.0,45.720012955,-68.574665295,0.1,0,0,0.0,0,0,0,0
573,37,43.256757015,0.43256757,0.43256757,0.01,0,0,5,0,0,4,1.54569593,1.191930722,0.353765208,1.617475,0.771129,0.574377,10.831251415,0.9,True,activated,player,player_01085,1.54569593,0.019202247,0.364842691,0.0,0.0,0.03027973,22.873854586,0.0,45.689733225,-68.563587812,0.1,0,0,0.0,0,0,0,0
574,39,44.02545335,0.440254534,0.356606172,0.0081,20,2,25,0,0,7,1.469737787,0.467370133,1.002367654,4.229535,0.287403,0.441083,8.260409161,0.9,True,activated,player,player_00936,1.469737787,0.053907436,1.024241276,0.0,0.0,0.030817817,22.927762022,0.0,45.658915408,-68.58667743,0.1,0,0,0.0,0,0,0,0
575,39,43.994635533,0.439946355,0.320720893,0.00729,30,3,35,0,0,7,2.145725186,1.983840839,0.161884347,1.608439,0.782433,0.681747,32.46445871,0.9,True,activated,player,player_00503,2.145725186,0.10586831,2.01149789,0.0,0.0,0.030796245,23.033630332,-0.0,45.628119163,-68.661749495,0.1,0,0,0.0,1,0.536359558,5,0
576,38,43.427855182,0.434278552,0.390850697,0.009,10,1,15,0,0,6,0.843439469,0.398790045,0.444649424,3.955643,0.350607,0.384813,7.091918331,0.9,True,activated,player,player_01077,0.843439469,0.038538252,0.732226779,0.0,0.0,0.030399499,23.072168583,-0.0,45.597719664,-68.669888248,0.1,0,0,0.0,0,0,0,0
577,39,44.506689657,0.445066897,0.400560207,0.009,10,1,15,0,0,5,1.937773594,0.444406047,1.493367547,3.066233,0.48018,0.424868,4.694432777,0.9,True,activated,player,player_00415,1.937773594,0.08187715,1.555665859,0.0,0.0,0.031154683,23.154045734,-0.0,45.566564982,-68.720610716,0.1,0,0,0.0,0,0,0,0
578,41,45.457837383,0.454578374,0.368208483,0.0081,20,2,25,0,0,4,1.344668377,0.415030848,0.929637529,1.940135,0.691351,0.493727,6.536789191,0.9,True,activated,player,player_01099,1.344668377,0.022342567,0.424508767,0.0,0.0,0.031820486,23.176388301,0.0,45.534744496,-68.711132796,0.1,0,0,0.0,0,0,0,0
579,41,45.426016897,0.454260169,0.367950737,0.0081,20,2,25,0,0,5,0.902905028,0.385351362,0.517553666,4.026867,0.36186,0.26165,3.965191047,0.9,True,activated,player,player_00968,0.902905028,0.038949057,0.74003209,0.0,0.0,0.031798212,23.215337358,-0.0,45.502946284,-68.718283642,0.1,0,0,0.0,0,0,0,0
580,40,41.852608629,0.418526086,0.274594965,0.006561,40,4,45,0,0,5,0.357019752,0.357019752,0,3.885445,0.376399,0.296261,4.113379242,0.9,True,activated,player,player_01101,0.357019752,0.01238146,0.235247743,0.0,0.0,0.024991383,23.227718818,0.0,45.477954901,-68.705673719,0.1,0,0,0.0,0,0,0,0
581,39,41.068640944,0.410686409,0.369617768,0.009,10,1,15,0,0,2,0.476317806,0.476317806,0,1.757913,0.685548,0.185548,1.386430794,0.9,True,activated,staker,staker_00261,0.476317806,0.02381589,0.142895342,0.142895342,0.309606574,0.0,23.251534708,-0.0,45.930456817,-69.181991525,0.1,0,0,0.0,0,0,0,0
582,41,43.024944255,0.430249443,0.430249443,0.01,0,0,5,0,0,3,2.182893315,0.53933323,1.643560085,2.239484,0.602336,0.301163,2.94807288,0.9,True,activated,player,player_01103,2.182893315,0.044908756,0.853266372,0.0,0.0,0.030117461,23.296443465,0.0,45.900339356,-69.196782821,0.1,0,0,0.0,0,0,0,0
583,40,42.398210886,0.423982109,0.343425508,0.0081,20,2,25,0,0,3,0.984422567,0.984422567,0,1.697019,0.732056,0.461022,3.353236456,0.9,True,activated,staker,staker_00266,0.984422567,0.049221128,0.29532677,0.29532677,0.639874669,0.0,23.345664593,0.0,46.835540794,-70.181205388,0.1,0,0,0.0,0,0,0,0
584,40,43.333412324,0.433334123,0.35100064,0.0081,20,2,25,0,0,6,0.723181146,0.398268991,0.324912155,3.72114,0.430378,0.398248,8.035062653,0.9,True,activated,player,player_00495,0.723181146,0.034179915,0.649418377,0.0,0.0,0.030333389,23.379844508,0.0,46.805207406,-70.185051914,0.1,0,0,0.0,0,0,0,0
585,39,42.002420916,0.420024209,0.306197648,0.00729,30,3,35,0,0,5,0.940569224,0.895741544,0.04482768,1.65107,0.768269,0.606581,11.585866,0.9,True,activated,player,player_00555,0.940569224,0.012368014,0.234992258,0.0,0.0,0.029401695,23.392212521,0.0,46.775805711,-70.168018233,0.1,0,0,0.0,0,0,0,0
586,41,51.852770044,0.5185277,0.46667493,0.009,10,1,15,0,0,3,2.100536645,0.517618766,1.582917879,1.67047,0.753578,0.429584,6.092796367,0.9,True,activated,player,player_00739,2.100536645,0.027695785,0.52621992,0.0,0.0,0.036296939,23.419908307,-0.0,46.739508772,-70.159417079,0.1,0,0,0.0,0,0,0,0
587,42,52.439287873,0.524392879,0.344054168,0.006561,40,4,45,1,0.073818033,6,0.620115681,0.537813084,0.082302597,4.111569,0.348823,0.364668,9.048121472,0.9,True,activated,player,player_00957,0.620115681,0.024297989,0.461661799,0.0,0.0,0.036707502,23.444206296,0.0,46.702801271,-70.147007567,0.1,0,0,0.0,0,0,0,0
588,42,52.79013285,0.527901328,0.384840068,0.00729,30,3,35,0,0,8,0.846010725,0.388500344,0.457510381,5.66187,0.265886,0.356118,7.547993764,0.9,True,activated,player,player_00756,0.846010725,0.042711045,0.81150986,0.0,0.0,0.036953093,23.486917341,-0.0,46.665848178,-70.152765519,0.1,0,1,0.050843054,0,0,0,0
589,42,52.753179757,0.527531798,0.427300756,0.0081,20,2,25,0,0,3,0.492491013,0.492491013,0,1.452371,0.818141,0.50902,7.038376921,0.9,True,activated,player,player_00419,0.492491013,0.006201912,0.117836335,0.0,0.0,0.034474371,23.493119254,0.0,46.631373807,-70.12449306,0.1,0,0,0.0,0,0,0,0
590,41,52.046567535,0.520465675,0.307329777,0.0059049,50,5,55,0,0,8,0.565299476,0.466739235,0.098560241,4.299583,0.378433,0.470877,10.929781233,0.9,True,activated,player,player_00601,0.565299476,0.019390207,0.36841394,0.0,0.0,0.036432597,23.512509461,0.0,46.594941209,-70.10745067,0.1,0,1,0.672137851,0,0,0,0
591,41,52.010134938,0.520101349,0.421282093,0.0081,20,2,25,0,0,4,0.602589853,0.508879667,0.093710186,2.231774,0.632869,0.418763,6.227363823,0.9,True,activated,player,player_00083,0.602589853,0.012881822,0.244754621,0.0,0.0,0.036407094,23.525391283,-0.0,46.558534115,-70.083925398,0.1,0,0,0.0,0,0,0,0
592,41,51.830748267,0.518307483,0.377846155,0.00729,30,3,35,0,0,7,1.124616265,0.87313947,0.251476795,2.958396,0.491533,0.590688,26.676089133,0.9,True,activated,player,player_01041,1.124616265,0.030405568,0.577705793,0.0,0.0,0.036281524,23.555796851,0.0,46.522252591,-70.078049442,0.1,0,0,0.0,0,0,0,0
593,41,51.794466743,0.517944667,0.377581663,0.00729,30,3,35,0,0,7,1.198510733,0.447818807,0.750691926,4.468344,0.374347,0.39104,7.666401565,0.9,True,activated,player,player_00562,1.198510733,0.050070372,0.951337074,0.0,0.0,0.036256127,23.605867224,-0.0,46.485996464,-70.091863688,0.1,0,0,0.0,1,0.124581535,5,0
594,42,52.600916166,0.526009162,0.345114611,0.006561,40,4,45,0,0,6,0.467561159,0.429783153,0.037778006,5.05512,0.29711,0.234146,6.385638231,0.9,True,activated,player,player_01118,0.467561159,0.018068665,0.343304637,0.0,0.0,0.032729281,23.623935889,-0.0,46.453267183,-70.077203072,0.1,0,0,0.0,0,0,0,0
595,42,52.568186885,0.525681869,0.344899874,0.006561,40,4,45,0,0,6,0.488963983,0.399134465,0.089829518,4.891668,0.282155,0.267119,5.953035509,0.9,True,activated,player,player_00516,0.488963983,0.023155638,0.439957125,0.0,0.0,0.034227479,23.647091527,0.0,46.419039705,-70.066131231,0.1,0,0,0.0,0,0,0,0
596,42,52.533959406,0.525339594,0.525339594,0.01,0,0,5,0,0,3,0.719715661,0.530056024,0.189659637,1.728094,0.73648,0.421695,5.307165561,0.9,True,activated,player,player_01121,0.719715661,0.032081736,0.609552983,0.0,0.0,0.036773772,23.679173263,-0.0,46.382265933,-70.061439196,0.1,0,0,0.0,0,0,0,0
597,42,52.497185635,0.524971856,0.425227204,0.0081,20,2,25,0,0,7,1.133484722,0.428960889,0.704523833,4.398998,0.366226,0.382758,12.46823665,0.9,True,activated,player,player_01123,1.133484722,0.037756064,0.717365222,0.0,0.0,0.03674803,23.716929327,0.0,46.345517903,-70.06244723,0.1,0,0,0.0,0,0,0,0
598,43,52.139917501,0.521399175,0.422333332,0.0081,20,2,25,0,0,5,0.682854672,0.561571596,0.121283076,2.131287,0.658247,0.531217,8.211516153,0.9,True,activated,player,player_00575,0.682854672,0.01349327,0.256372136,0.0,0.0,0.036497942,23.730422597,-0.0,46.309019961,-70.039442558,0.1,0,0,0.0,0,0,0,0
599,42,52.028158048,0.52028158,0.42142808,0.0081,20,2,25,0,0,4,0.987223746,0.916229859,0.070993887,2.864505,0.50151,0.33558,3.742254047,0.9,True,activated,player,player_00673,0.987223746,0.03933291,0.747325299,0.0,0.0,0.036419711,23.769755508,0.0,46.27260025,-70.042355758,0.1,0,1,0.07526151,0,0,0,0
600,41,51.558616702,0.515586167,0.338276084,0.006561,40,4,45,0,0,7,0.548221778,0.346895184,0.201326594,5.867587,0.258422,0.237907,6.331410085,0.9,True,activated,player,player_00020,0.548221778,0.02819976,0.535795445,0.0,0.0,0.036091032,23.797955268,-0.0,46.236509218,-70.034464487,0.1,0,0,0.0,0,0,0,0
601,41,51.52252567,0.515225257,0.515225257,0.01,0,0,5,0,0,4,0.70508991,0.550133858,0.154956052,1.590349,0.780232,0.573987,10.852682974,0.9,True,activated,player,player_00111,0.70508991,0.009551091,0.181470729,0.0,0.0,0.036065768,23.807506359,0.0,46.20044345,-70.00794981,0.1,0,0,0.0,0,0,0,0
602,40,51.208995536,0.512089955,0.414792864,0.0081,20,2,25,0,0,4,0.684157647,0.651519272,0.032638375,2.020871,0.659961,0.501444,9.323971193,0.9,True,activated,player,player_00203,0.684157647,0.028109454,0.534079626,0.0,0.0,0.035846297,23.835615813,-0.0,46.164597154,-70.000212967,0.1,0,0,0.0,0,0,0,0
603,38,50.867756846,0.508677568,0.333743353,0.006561,40,4,45,0,0,7,1.204489642,0.451357101,0.753132541,4.252346,0.353058,0.429385,8.990581813,0.9,True,activated,player,player_01132,1.204489642,0.056079183,1.065504482,0.0,0.0,0.03560743,23.891694996,0.0,46.128989724,-70.02068472,0.1,0,1,0.212781247,0,0,0,0
604,39,51.307283172,0.513072832,0.302964376,0.0059049,50,5,55,0,0,10,1.058444814,0.468887919,0.589556895,6.891339,0.24189,0.371033,11.135801078,0.9,True,activated,player,player_00635,1.058444814,0.052809139,1.003373638,0.0,0.0,0.035915098,23.944504135,0.0,46.093074626,-70.037578761,0.1,0,0,0.0,0,0,0,0
605,39,51.271368073,0.512713681,0.415298081,0.0081,20,2,25,0,0,7,1.604679183,0.548977283,1.0557019,3.225364,0.501923,0.507177,9.791412733,0.9,True,activated,staker,staker_00086,1.604679183,0.080233959,0.481403755,0.481403755,1.043041469,0.0,24.024738094,-0.0,47.617519849,-71.642257944,0.1,0,0,0.0,0,0,0,0
606,39,52.795813297,0.527958133,0.384881479,0.00729,30,3,35,0,0,8,1.57663006,0.662970972,0.913659088,6.164999,0.231479,0.309652,7.32211638,0.9,True,activated,player,player_00548,1.57663006,0.0675527,1.283501309,0.0,0.0,0.036957069,24.092290795,0.0,47.58056278,-71.672853575,0.1,0,0,0.0,0,0,0,0
607,39,52.758856228,0.527588562,0.474829706,0.009,10,1,15,0,0,4,0.584456188,0.523083951,0.061372237,2.073391,0.641323,0.503869,7.648462057,0.9,True,activated,player,player_00179,0.584456188,0.012328108,0.234234046,0.0,0.0,0.036931199,24.104618902,0.0,47.543631581,-71.648250483,0.1,0,0,0.0,0,0,0,0
608,38,51.674757824,0.516747578,0.418565538,0.0081,20,2,25,0,0,4,0.822789327,0.54269375,0.280095577,2.83991,0.464483,0.349434,4.487278959,0.9,True,activated,player,player_00684,0.822789327,0.023839486,0.452950225,0.0,0.0,0.03617233,24.128458388,0.0,47.50745925,-71.635917638,0.1,0,0,0.0,0,0,0,0
609,38,51.638585493,0.516385855,0.376445288,0.00729,30,3,35,0,0,6,0.648049831,0.492770981,0.15527885,4.415161,0.379362,0.290333,6.664846702,0.9,True,activated,player,player_00538,0.648049831,0.031495439,0.598413333,0.0,0.0,0.03614701,24.159953827,-0.0,47.47131224,-71.631266067,0.1,0,0,0.0,0,0,0,0
610,37,51.439113812,0.514391138,0.37499114,0.00729,30,3,35,0,0,7,0.911672517,0.451477667,0.46019485,5.845136,0.24423,0.23876,7.220533763,0.9,True,activated,player,player_00624,0.911672517,0.041874588,0.795617171,0.0,0.0,0.03600738,24.201828415,-0.0,47.435304861,-71.637133275,0.1,0,0,0.0,0,0,0,0
611,37,51.403106433,0.514031064,0.514031064,0.01,0,0,5,0,0,6,2.438337373,0.646845768,1.791491605,3.288496,0.449907,0.489375,7.722775587,0.9,True,activated,player,player_01117,2.438337373,0.105604289,2.006481484,0.0,0.0,0.035982175,24.307432703,-0.0,47.399322686,-71.706755389,0.1,0,0,0.0,0,0,0,0
612,37,51.367124258,0.513671243,0.374466336,0.00729,30,3,35,0,0,6,1.166443524,0.800464936,0.365978588,4.707327,0.331422,0.277513,6.243530452,0.9,True,activated,player,player_00952,1.166443524,0.040790788,0.775024972,0.0,0.0,0.035956987,24.348223491,0.0,47.363365699,-71.71158919,0.1,0,0,0.0,0,0,0,0
613,40,52.508781213,0.525087812,0.344510114,0.006561,40,4,45,0,0,6,0.430062266,0.398953728,0.031108538,4.914983,0.288045,0.264144,5.305639473,0.9,True,activated,player,player_01157,0.430062266,0.018896476,0.359033042,0.0,0.0,0.030104359,24.367119967,-0.0,47.333261341,-71.700381308,0.1,0,0,0.0,0,0,0,0
614,42,53.578602239,0.535786022,0.433986678,0.0081,20,2,25,0,0,7,1.277790765,0.507637504,0.770153261,4.906529,0.327437,0.351979,5.384013689,0.9,True,activated,player,player_00291,1.277790765,0.044844974,0.852054498,0.0,0.0,0.037505022,24.411964941,0.0,47.295756319,-71.70772126,0.1,0,1,0.1418534,0,0,0,0
615,42,53.541097218,0.535410972,0.316154825,0.0059049,50,5,55,0,0,6,0.396387458,0.396387458,0,3.515908,0.448135,0.432587,8.500769655,0.9,True,activated,player,player_00907,0.396387458,0.012324974,0.234174515,0.0,0.0,0.027747122,24.424289915,-0.0,47.268009197,-71.692299112,0.1,0,0,0.0,0,0,0,0
616,41,53.223716612,0.532237166,0.431112105,0.0081,20,2,25,0,0,6,0.931479592,0.44508479,0.486394802,4.591572,0.324372,0.306194,6.06036652,0.9,True,activated,player,player_01161,0.931479592,0.033329498,0.633260468,0.0,0.0,0.037256602,24.457619413,0.0,47.230752595,-71.688372009,0.1,0,1,0.289633484,0,0,0,0
617,41,53.18646001,0.5318646,0.348956364,0.006561,40,4,45,0,0,9,3.219911586,1.084373158,2.135538428,2.393688,0.598636,0.685125,31.654702931,0.9,True,activated,player,player_00057,3.219911586,0.158111954,3.004127127,0.0,0.0,0.037230522,24.615731367,0.0,47.193522073,-71.809253441,0.1,0,0,0.0,0,0,0,0
618,41,53.149229488,0.531492295,0.348712095,0.006561,40,4,45,0,0,7,1.398171208,0.470840269,0.927330939,2.231942,0.642511,0.617212,16.929421679,0.9,True,activated,player,player_01169,1.398171208,0.026851734,0.510182954,0.0,0.0,0.037204461,24.642583102,0.0,47.156317613,-71.798900715,0.1,0,0,0.0,0,0,0,0
619,40,52.849134246,0.528491342,0.34674317,0.006561,40,4,45,0,0,4,0.453401811,0.453401811,0,1.743751,0.734174,0.551661,11.399819969,0.9,True,activated,player,player_00062,0.453401811,0.007613198,0.144650754,0.0,0.0,0.031738127,24.650196299,-0.0,47.124579486,-71.774775785,0.1,0,0,0.0,0,0,0,0
620,40,52.817396119,0.528173961,0.427820909,0.0081,20,2,25,0,0,4,0.482117975,0.446376031,0.035741944,2.071178,0.6657,0.450019,6.939357588,0.9,True,activated,player,player_01120,0.482117975,0.009746024,0.18517446,0.0,0.0,0.033748258,24.659942324,0.0,47.090831228,-71.750773551,0.1,0,0,0.0,0,0,0,0
621,40,52.783647861,0.527836479,0.427547548,0.0081,20,2,25,0,0,5,0.648986896,0.431615076,0.21737182,4.123351,0.322384,0.260301,4.067350657,0.9,True,activated,player,player_01171,0.648986896,0.025360711,0.481853502,0.0,0.0,0.036948554,24.685303034,-0.0,47.053882674,-71.739185709,0.1,0,0,0.0,0,0,0,0
622,40,52.746699308,0.527466993,0.346071094,0.006561,40,4,45,1,0.173840226,8,0.774177882,0.404508751,0.369669131,5.813948,0.258844,0.346136,6.897842682,0.9,True,activated,player,player_00193,0.774177882,0.030535475,0.580174018,0.0,0.0,0.03692269,24.715838509,0.0,47.016959985,-71.732798494,0.1,0,0,0.0,1,0.152053946,5,0
623,40,55.447814604,0.554478146,0.499030331,0.009,10,1,15,0,0,3,0.624388119,0.608053295,0.016334824,1.977361,0.611136,0.389983,1.832039175,0.9,True,activated,player,player_00070,0.624388119,0.014080791,0.267535023,0.0,0.0,0.03881347,24.7299193,-0.0,46.978146514,-71.708065814,0.1,0,0,0.0,0,0,0,0
624,41,55.537520336,0.555375203,0.499837683,0.009,10,1,15,0,0,3,0.788703837,0.681152292,0.107551545,1.431408,0.823662,0.52246,6.359993512,0.9,True,activated,player,player_00740,0.788703837,0.008897725,0.169056773,0.0,0.0,0.038876264,24.738817024,0.0,46.93927025,-71.678087275,0.1,0,0,0.0,0,0,0,0
625,41,55.498644072,0.554986441,0.327713943,0.0059049,50,5,55,0,0,7,0.422772867,0.388392747,0.03438012,5.084357,0.280893,0.323013,9.859380306,0.9,True,activated,player,player_00602,0.422772867,0.02122402,0.403256379,0.0,0.0,0.029594101,24.760041044,-0.0,46.90967615,-71.669717194,0.1,0,0,0.0,0,0,0,0
626,39,50.768093712,0.507680937,0.456912843,0.009,10,1,15,0,0,3,0.668673754,0.551932508,0.116741246,1.929835,0.683857,0.361534,4.780629675,0.9,True,activated,player,player_00413,0.668673754,0.012346708,0.234587447,0.0,0.0,0.035537666,24.772387752,-0.0,46.874138484,-71.646526236,0.1,0,0,0.0,0,0,0,0
627,39,50.732556047,0.50732556,0.50732556,0.01,0,0,5,0,0,2,1.738687226,1.712400157,0.026287069,1.030695,0.984881,0.484881,31.601441655,0.9,True,activated,player,player_00937,1.738687226,0.003089993,0.058709865,0.0,0.0,0.035512789,24.775477745,0.0,46.838625695,-71.61410344,0.1,0,0,0.0,1,0.338853854,5,0
628,40,50.876323107,0.508763231,0.333799556,0.006561,40,4,45,0,0,6,0.729021985,0.459945881,0.269076104,4.47324,0.369092,0.29043,6.036423024,0.9,True,activated,player,player_00576,0.729021985,0.032162814,0.611093465,0.0,0.0,0.035613426,24.807640559,-0.0,46.803012269,-71.610652828,0.1,0,0,0.0,0,0,0,0
629,40,50.840709681,0.508407097,0.457566387,0.009,10,1,15,0,0,6,1.759028039,1.115111371,0.643916668,2.468025,0.595463,0.56525,10.357915196,0.9,True,activated,player,player_00962,1.759028039,0.037359055,0.709822047,0.0,0.0,0.035588497,24.844999614,0.0,46.767423772,-71.612423386,0.1,0,0,0.0,0,0,0,0
630,40,50.805121184,0.508051212,0.370369333,0.00729,30,3,35,0,0,5,0.880542772,0.43564096,0.444901812,2.98856,0.505259,0.419018,4.345756893,0.9,True,activated,player,player_00377,0.880542772,0.023560227,0.447644318,0.0,0.0,0.035563585,24.868559841,0.0,46.731860187,-71.600420028,0.1,0,0,0.0,0,0,0,0
631,40,50.769557599,0.507695576,0.299789161,0.0059049,50,5,55,1,0.127408123,10,2.297903894,0.466509803,1.831394091,5.397828,0.271092,0.47854,18.16946279,0.9,True,activated,player,player_01186,2.297903894,0.112809917,2.14338842,0.0,0.0,0.03553869,24.981369758,-0.0,46.696321497,-71.677691255,0.1,0,0,0.0,0,0,0,0
632,40,50.734018909,0.507340189,0.45660617,0.009,10,1,15,0,0,4,0.511401392,0.461523152,0.04987824,2.408638,0.490232,0.426304,9.125726974,0.9,True,activated,player,player_00557,0.511401392,0.014810502,0.281399535,0.0,0.0,0.035513813,24.99618026,0.0,46.660807683,-71.656987943,0.1,0,0,0.0,0,0,0,0
633,39,50.327875968,0.50327876,0.330201194,0.006561,40,4,45,0,0,7,0.875393866,0.53526758,0.340126286,4.002566,0.358066,0.456444,10.859203948,0.9,True,activated,player,player_01192,0.875393866,0.029858722,0.567315727,0.0,0.0,0.035229513,25.026038983,0.0,46.62557817,-71.651617153,0.1,0,1,0.370629128,0,0,0,0
634,39,50.292646454,0.502926465,0.296973048,0.0059049,50,5,55,0,0,9,0.55937698,0.343744574,0.215632406,6.077613,0.26394,0.38394,7.927241615,0.9,True,activated,player,player_00710,0.55937698,0.022346987,0.424592745,0.0,0.0,0.035204853,25.048385969,-0.0,46.590373318,-71.638759287,0.1,0,0,0.0,0,0,0,0
635,40,50.579440089,0.505794401,0.368724118,0.00729,30,3,35,0,0,6,0.787388919,0.425073433,0.362315486,4.720754,0.276979,0.29166,4.855497563,0.9,True,activated,player,player_00461,0.787388919,0.030235204,0.574468874,0.0,0.0,0.035405608,25.078621173,0.0,46.55496771,-71.633588883,0.1,0,0,0.0,0,0,0,0
636,39,49.81852697,0.49818527,0.29417342,0.0059049,50,5,55,0,0,9,1.38940247,0.447048198,0.942354272,2.455658,0.618651,0.605565,25.874326254,0.9,True,activated,player,player_00803,1.38940247,0.028235982,0.536483665,0.0,0.0,0.034872969,25.106857155,-0.0,46.520094741,-71.626951896,0.1,0,0,0.0,0,0,0,0
637,39,49.783654002,0.49783654,0.403247597,0.0081,20,2,25,0,0,5,0.957015498,0.461504567,0.495510931,3.415334,0.430387,0.367008,5.961017223,0.9,True,activated,player,player_01202,0.957015498,0.02899885,0.550978151,0.0,0.0,0.034848558,25.135856005,0.0,46.485246183,-71.621102188,0.1,0,0,0.0,0,0,0,0
638,38,49.134688322,0.491346883,0.358191878,0.00729,30,3,35,0,0,7,0.850127278,0.505588948,0.34453833,5.509739,0.266858,0.291645,6.422085314,0.9,True,activated,player,player_00885,0.850127278,0.035354995,0.671744898,0.0,0.0,0.034394282,25.171211,0.0,46.450851901,-71.622062901,0.1,0,1,0.614117122,0,0,0,0
639,39,49.13029404,0.49130294,0.397955382,0.0081,20,2,25,0,0,8,0.872690545,0.594697408,0.277993137,2.666594,0.582035,0.582225,19.980372849,0.9,True,activated,player,player_00418,0.872690545,0.039026048,0.741494915,0.0,0.0,0.034391206,25.210237048,-0.0,46.416460695,-71.626697744,0.1,0,0,0.0,0,0,0,0
640,38,48.71465382,0.487146538,0.394588696,0.0081,20,2,25,0,0,5,1.242297786,0.452516376,0.78978141,2.656571,0.526669,0.499267,7.998783824,0.9,True,activated,player,player_01210,1.242297786,0.031105932,0.591012706,0.0,0.0,0.034100258,25.24134298,-0.0,46.382360438,-71.623703418,0.1,0,0,0.0,1,0.43197072,5,0
641,36,47.588899815,0.475888998,0.34692308,0.00729,30,3,35,0,0,8,0.866261557,0.47774166,0.388519897,7.40976,0.163173,0.153061,5.963357606,0.9,True,activated,player,player_00171,0.866261557,0.038460933,0.730757733,0.0,0.0,0.03331223,25.279803913,0.0,46.349048208,-71.628852121,0.1,0,0,0.0,0,0,0,0
642,36,47.555587585,0.475555876,0.385200259,0.0081,20,2,25,0,0,7,2.116222298,1.077875168,1.03834713,4.07008,0.394261,0.449139,9.435843307,0.9,True,activated,player,player_01217,2.116222298,0.085303228,1.620761328,0.0,0.0,0.033288911,25.365107141,0.0,46.315759296,-71.680866438,0.1,0,0,0.0,0,0,0,0
643,36,47.522298674,0.475222987,0.346437557,0.00729,30,3,35,0,0,8,1.746705194,0.363886418,1.382818776,4.235584,0.384045,0.488476,10.54046813,0.9,True,activated,player,player_00779,1.746705194,0.079768982,1.515610661,0.0,0.0,0.033265609,25.444876123,0.0,46.282493687,-71.727369811,0.1,0,0,0.0,0,0,0,0
644,35,46.89566634,0.468956663,0.27691422,0.0059049,50,5,55,0,0,7,0.352759348,0.279144956,0.073614392,6.519552,0.208682,0.149398,7.006539617,0.9,True,activated,player,player_01222,0.352759348,0.015191906,0.288646205,0.0,0.0,0.024693154,25.460068029,-0.0,46.257800533,-71.717868562,0.1,0,0,0.0,0,0,0,0
645,34,46.27200582,0.462720058,0.374803247,0.0081,20,2,25,0,0,6,0.902546266,0.544310574,0.358235692,4.544428,0.357275,0.293838,5.824448924,0.9,True,activated,player,player_01223,0.902546266,0.030623975,0.581855523,0.0,0.0,0.032390404,25.490692004,0.0,46.225410129,-71.716102133,0.1,0,0,0.0,0,0,0,0
646,34,46.239615416,0.462396154,0.374540885,0.0081,20,2,25,0,0,4,0.891997737,0.583589595,0.308408142,2.835018,0.463094,0.345782,4.916937256,0.9,True,activated,player,player_00856,0.891997737,0.042633613,0.810038646,0.0,0.0,0.032367731,25.533325617,-0.0,46.193042398,-71.726368015,0.1,0,0,0.0,0,0,0,0
647,35,45.777193565,0.457771936,0.370795268,0.0081,20,2,25,0,0,8,1.333927762,0.553034292,0.78089347,5.281856,0.338128,0.356689,8.063085021,0.9,True,activated,player,player_01229,1.333927762,0.059206897,1.12493105,0.0,0.0,0.032044035,25.592532514,0.0,46.160998363,-71.753530877,0.1,0,0,0.0,0,0,0,0
648,35,45.74514953,0.457451495,0.457451495,0.01,0,0,5,0,0,5,1.574967284,0.716722636,0.858244648,3.151265,0.455071,0.420694,3.692005434,0.9,True,activated,player,player_00946,1.574967284,0.044513313,0.84575294,0.0,0.0,0.032021605,25.637045827,0.0,46.128976758,-71.766022585,0.1,0,0,0.0,0,0,0,0
649,35,45.713127925,0.457131279,0.411418151,0.009,10,1,15,0,0,7,1.727073073,0.540308507,1.186764566,4.66383,0.295356,0.390957,7.528670777,0.9,True,activated,player,player_00768,1.727073073,0.065288645,1.240484249,0.0,0.0,0.03199919,25.702334471,0.0,46.096977568,-71.79931204,0.1,0,0,0.0,0,0,0,0
650,38,47.360635445,0.473606354,0.383621147,0.0081,20,2,25,0,0,3,0.41023417,0.41023417,0,2.520792,0.527764,0.232909,2.509417457,0.9,True,activated,player,player_00295,0.41023417,0.018288225,0.347476281,0.0,0.0,0.028716392,25.720622697,0.0,46.068261177,-71.788883873,0.1,0,0,0.0,0,0,0,0
651,37,46.727835862,0.467278359,0.420550523,0.009,10,1,15,0,0,6,0.575336484,0.429889626,0.145446858,3.296898,0.395013,0.476034,13.31790024,0.9,True,activated,player,player_01183,0.575336484,0.019039024,0.361741454,0.0,0.0,0.032709485,25.739661721,-0.0,46.035551691,-71.775213412,0.1,0,0,0.0,0,0,0,0
652,37,46.695126377,0.466951264,0.340407471,0.00729,30,3,35,0,0,4,0.359266423,0.359266423,0,1.58649,0.783521,0.552788,11.3001822,0.9,True,activated,player,player_00502,0.359266423,0.01763234,0.335014465,0.0,0.0,0.02514865,25.757294061,0.0,46.010403042,-71.767697103,0.1,0,0,0.0,0,0,0,0
653,36,46.522469834,0.465224698,0.418702229,0.009,10,1,15,0,0,5,3.00042171,1.587403836,1.413017874,2.794561,0.473878,0.484518,7.046885136,0.9,True,activated,player,player_00706,3.00042171,0.133633995,2.539045897,0.0,0.0,0.032565729,25.890928055,0.0,45.977837313,-71.868765368,0.1,0,0,0.0,0,0,0,0
654,35,45.709047881,0.457090479,0.299897063,0.006561,40,4,45,0,0,5,0.338522289,0.338522289,0,3.33625,0.472974,0.342777,6.417653809,0.9,True,activated,player,player_00221,0.338522289,0.010105328,0.192001241,0.0,0.0,0.02369656,25.901033384,0.0,45.954140753,-71.855174137,0.1,0,1,0.780856224,0,0,0,0
655,34,44.851757988,0.44851758,0.403665822,0.009,10,1,15,0,0,2,0.523357917,0.523357917,0,1.409492,0.823632,0.323632,2.516110272,0.9,True,activated,player,player_00107,0.523357917,0.006184991,0.117514827,0.0,0.0,0.031396231,25.907218375,0.0,45.922744522,-71.829962897,0.1,0,0,0.0,0,0,0,0
656,34,44.820361757,0.448203618,0.294066393,0.006561,40,4,45,0,0,5,0.342281241,0.342281241,0,4.573768,0.27822,0.17041,3.684686496,0.9,True,activated,player,player_00206,0.342281241,0.014558514,0.276611773,0.0,0.0,0.023959687,25.921776889,-0.0,45.898784835,-71.820561724,0.1,0,0,0.0,0,0,0,0
657,34,44.79640207,0.447964021,0.403167619,0.009,10,1,15,0,0,3,0.601406761,0.439069889,0.162336872,2.390916,0.563639,0.264804,2.752954375,0.9,True,activated,player,player_01245,0.601406761,0.023521369,0.446906002,0.0,0.0,0.031357481,25.945298258,-0.0,45.867427354,-71.812725612,0.1,0,0,0.0,0,0,0,0
658,34,44.765044589,0.447650446,0.402885401,0.009,10,1,15,0,0,7,0.999344045,0.410321237,0.589022808,4.196857,0.342615,0.42283,9.51737555,0.9,True,activated,player,player_00208,0.999344045,0.034414476,0.653875052,0.0,0.0,0.031335531,25.979712734,-0.0,45.836091823,-71.815804557,0.1,0,0,0.0,0,0,0,0
659,33,44.155952159,0.441559522,0.321896891,0.00729,30,3,35,0,0,5,0.689118865,0.346384673,0.342734192,4.31222,0.268596,0.207298,3.238253681,0.9,True,activated,player,player_00557,0.689118865,0.02684818,0.510115426,0.0,0.0,0.030909167,26.006560914,0.0,45.805182656,-71.811743571,0.1,0,0,0.0,0,0,0,0
660,33,44.141343949,0.441413439,0.397272096,0.009,10,1,15,0,0,2,1.032098344,1.032098344,0,1.931434,0.594207,0.094207,1.078908603,0.9,True,activated,player,player_00132,1.032098344,0.032208968,0.611970383,0.0,0.0,0.030898941,26.038769882,0.0,45.774283715,-71.813053597,0.1,0,0,0.0,0,0,0,0
661,33,44.110445008,0.44110445,0.396994005,0.009,10,1,15,0,0,3,0.435160729,0.412704501,0.022456228,2.069961,0.598115,0.36434,1.951956664,0.9,True,activated,player,player_00392,0.435160729,0.015659674,0.297533813,0.0,0.0,0.030461251,26.054429556,0.0,45.743822464,-71.798252021,0.1,0,0,0.0,0,0,0,0
662,33,44.079983757,0.440799838,0.396719854,0.009,10,1,15,0,0,7,1.021547466,0.429489812,0.592057654,3.751876,0.40609,0.487853,7.640269118,0.9,True,activated,player,player_01096,1.021547466,0.031878155,0.605684951,0.0,0.0,0.030855989,26.086307712,0.0,45.712966476,-71.799274187,0.1,0,0,0.0,0,0,0,0
663,33,44.049127769,0.440491278,0.440491278,0.01,0,0,5,0,0,1,1.215783568,1.215783568,0,1.0,1.0,0.0,0.024093655,0.9,True,activated,player,player_01099,1.215783568,0.001541719,0.02929267,0.0,0.0,0.030834389,26.087849431,-0.0,45.682132086,-71.769981517,0.1,0,0,0.0,0,0,0,0
664,34,44.302788901,0.443027889,0.443027889,0.01,0,0,5,0,0,5,0.91003633,0.486071227,0.423965103,2.866919,0.534123,0.419873,6.014326375,0.9,True,activated,player,player_00992,0.91003633,0.022748853,0.432228202,0.0,0.0,0.031011952,26.110598284,0.0,45.651120134,-71.761718418,0.1,0,0,0.0,0,0,0,0
665,35,44.669386502,0.446693865,0.361822031,0.0081,20,2,25,0,0,7,0.905980595,0.465724875,0.44025572,3.942943,0.419858,0.446556,10.204262652,0.9,True,activated,player,player_01260,0.905980595,0.03945955,0.749731442,0.0,0.0,0.031268571,26.150057833,-0.0,45.619851563,-71.769909397,0.1,0,0,0.0,0,0,0,0
666,35,44.638117932,0.446381179,0.401743061,0.009,10,1,15,0,0,5,0.732701478,0.436964063,0.295737415,2.471907,0.582541,0.511994,5.507417599,0.9,True,activated,player,player_00360,0.732701478,0.031002202,0.589041834,0.0,0.0,0.031246683,26.181060035,-0.0,45.588604881,-71.769664916,0.1,0,0,0.0,0,0,0,0
667,39,47.0042968,0.470042968,0.380734804,0.0081,20,2,25,0,0,4,1.484634308,1.306274955,0.178359353,1.620801,0.773379,0.552793,10.308306223,0.9,True,activated,player,player_00734,1.484634308,0.018467595,0.350884306,0.0,0.0,0.032903008,26.19952763,0.0,45.555701873,-71.755229503,0.1,0,0,0.0,0,0,0,0
668,42,48.786592073,0.487865921,0.395171396,0.0081,20,2,25,0,0,6,1.245041607,0.423045396,0.821996211,4.73574,0.294423,0.283573,5.122566272,0.9,True,activated,player,player_01265,1.245041607,0.055848558,1.061122607,0.0,0.0,0.034150614,26.255376189,-0.0,45.521551259,-71.776927447,0.1,0,0,0.0,0,0,0,0
669,42,48.752441458,0.487524415,0.319864768,0.006561,40,4,45,0,0,9,0.891777745,0.390513921,0.501263824,4.581931,0.390134,0.451606,16.573847928,0.9,True,activated,player,player_00284,0.891777745,0.044533195,0.8461307,0.0,0.0,0.034126709,26.299909383,0.0,45.48742455,-71.787333933,0.1,0,0,0.0,0,0,0,0
670,42,48.718314749,0.487183147,0.355156515,0.00729,30,3,35,0,0,7,1.509908104,0.825191128,0.684716976,5.034887,0.316399,0.334713,7.190807953,0.9,True,activated,player,player_00740,1.509908104,0.053313907,1.012964235,0.0,0.0,0.03410282,26.35322329,-0.0,45.453321729,-71.80654502,0.1,0,0,0.0,0,0,0,0
671,42,48.684211929,0.486842119,0.354907905,0.00729,30,3,35,0,0,4,0.457180907,0.457180907,0,2.637946,0.460981,0.392344,4.323438813,0.9,True,activated,player,player_01186,0.457180907,0.0139216,0.2645104,0.0,0.0,0.032002663,26.36714489,-0.0,45.421319066,-71.788463956,0.1,0,0,0.0,0,0,0,0
672,41,47.735363851,0.477353639,0.429618275,0.009,10,1,15,0,0,6,0.99713188,0.769510738,0.227621142,2.941859,0.478138,0.541993,13.777640772,0.9,True,activated,player,player_01275,0.99713188,0.049391393,0.938436462,0.0,0.0,0.033414755,26.416536283,0.0,45.387904311,-71.804440594,0.1,0,0,0.0,0,0,0,0
673,41,42.673905084,0.426739051,0.311092768,0.00729,40,3,45,1,0.025923553,8,1.264897794,0.367331187,0.897566607,5.487745,0.29804,0.367976,6.927346022,0.9,True,activated,player,player_00347,1.264897794,0.058199392,1.105788441,0.0,0.0,0.029871734,26.474735675,-0.0,45.358032578,-71.832768252,0.1,0,1,4.498212285,0,0,0,0
674,39,42.364668657,0.423646687,0.343153816,0.0081,20,2,25,0,0,4,0.530542576,0.446835361,0.083707215,3.458832,0.4159,0.200418,3.775206316,0.9,True,activated,player,player_00019,0.530542576,0.021993226,0.417871291,0.0,0.0,0.029655268,26.496728901,0.0,45.32837731,-71.82510621,0.1,0,0,0.0,0,0,0,0
675,37,41.744393862,0.417443939,0.304316631,0.00729,30,3,35,0,0,9,1.886376148,0.478545667,1.407830481,4.994188,0.377521,0.402841,11.047706484,0.9,True,activated,player,player_01284,1.886376148,0.0902172,1.7141268,0.0,0.0,0.029221076,26.586946101,-0.0,45.299156234,-71.886102334,0.1,0,0,0.0,0,0,0,0
676,36,41.402028225,0.414020282,0.335356429,0.0081,20,2,25,0,0,4,0.663329828,0.388327594,0.275002234,2.407726,0.4879,0.42984,7.664707562,0.9,True,activated,player,player_00797,0.663329828,0.018433621,0.350238791,0.0,0.0,0.02898142,26.605379721,0.0,45.270174814,-71.875554535,0.1,0,1,0.313144561,0,0,0,0
677,36,41.373046805,0.413730468,0.372357421,0.009,10,1,15,0,0,5,0.879462766,0.386282213,0.493180553,4.326302,0.324305,0.213101,5.344859836,0.9,True,activated,player,player_00919,0.879462766,0.031160492,0.592049348,0.0,0.0,0.028961133,26.636540213,0.0,45.241213681,-71.877753894,0.1,0,0,0.0,0,0,0,0
678,34,34.618370532,0.346183705,0.280408801,0.0081,20,2,25,0,0,8,1.153532595,0.310415974,0.843116621,3.521449,0.47338,0.518487,16.94207824,0.9,True,activated,player,player_01161,1.153532595,0.031585317,0.600121019,0.0,0.0,0.024232859,26.66812553,-0.0,45.216980822,-71.885106352,0.1,0,0,0.0,0,0,0,0
679,33,34.469257013,0.34469257,0.279200982,0.0081,20,2,25,0,0,4,0.449487466,0.345748794,0.103738672,3.684722,0.332243,0.160574,2.904845978,0.9,True,activated,player,player_00211,0.449487466,0.016213834,0.308062854,0.0,0.0,0.02412848,26.684339364,0.0,45.192852342,-71.877191706,0.1,0,0,0.0,0,0,0,0
680,33,34.445128533,0.344451285,0.310006157,0.009,10,1,15,0,0,6,0.876225276,0.33736152,0.538863756,4.271959,0.359302,0.345247,6.529011738,0.9,True,activated,player,player_00978,0.876225276,0.040707812,0.773448426,0.0,0.0,0.02411159,26.725047176,-0.0,45.168740752,-71.893787928,0.1,0,0,0.0,0,0,0,0
681,35,35.243437889,0.352434379,0.256924662,0.00729,30,3,35,0,0,4,0.391379559,0.391379559,0,2.110139,0.63278,0.487048,10.155723906,0.9,True,activated,player,player_01294,0.391379559,0.008419632,0.159973001,0.0,0.0,0.024670407,26.733466808,0.0,45.144070346,-71.877537153,0.1,0,0,0.0,1,0.205701209,5,0
682,34,35.013210264,0.350132103,0.283607003,0.0081,20,2,25,0,0,6,0.778649932,0.318774569,0.459875363,3.484639,0.403295,0.445565,11.165469679,0.9,True,activated,player,player_00868,0.778649932,0.038576835,0.732959861,0.0,0.0,0.024509247,26.772043643,-0.0,45.119561098,-71.891604741,0.1,0,0,0.0,0,0,0,0
683,34,34.988701017,0.34988701,0.206604781,0.0059049,50,5,55,0,0,9,0.955939401,0.295771389,0.660168012,3.157093,0.516214,0.514357,17.554772252,0.9,True,activated,player,player_00975,0.955939401,0.024348088,0.462613676,0.0,0.0,0.024492091,26.796391731,0.0,45.095069008,-71.891460738,0.1,0,0,0.0,0,0,0,0
684,37,38.247166516,0.382471665,0.344224499,0.009,10,1,15,0,0,4,0.784240797,0.396108709,0.388132088,2.814329,0.481727,0.349341,3.028153681,0.9,True,activated,player,player_00007,0.784240797,0.021661188,0.411562577,0.0,0.0,0.026773017,26.818052919,-0.0,45.068295991,-71.88634891,0.1,0,0,0.0,0,0,0,0
685,37,38.220393499,0.382203935,0.343983541,0.009,10,1,15,0,0,7,1.949142541,0.394644127,1.554498414,2.74318,0.570227,0.524724,13.127405638,0.9,True,activated,player,player_01144,1.949142541,0.084158856,1.599018269,0.0,0.0,0.026754275,26.902211775,0.0,45.041541716,-71.943753491,0.1,0,0,0.0,0,0,0,0
686,37,38.193639224,0.381936392,0.27843163,0.00729,30,3,35,0,0,6,1.380968108,1.251337362,0.129630746,1.720723,0.750863,0.656217,18.608552459,0.9,True,activated,player,player_00542,1.380968108,0.01853931,0.352246899,0.0,0.0,0.026735547,26.920751086,-0.0,45.014806168,-71.935557254,0.1,0,0,0.0,0,0,0,0
687,36,37.091051537,0.370910515,0.300437517,0.0081,20,2,25,0,0,6,1.951350468,0.385112962,1.566237506,2.012084,0.689562,0.56511,16.306928052,0.9,True,activated,player,player_00399,1.951350468,0.088849836,1.688146883,0.0,0.0,0.025963736,27.009600922,0.0,44.988842432,-71.998443354,0.1,0,1,1.07585214,0,0,0,0
688,34,36.356284289,0.363562843,0.294485903,0.0081,20,2,25,0,0,3,0.352273651,0.352273651,0,2.135681,0.494116,0.306937,1.202811063,0.9,True,activated,player,player_00023,0.352273651,0.010529929,0.20006865,0.0,0.0,0.024659156,27.020130851,-0.0,44.964183276,-71.984314127,0.1,0,0,0.0,0,0,0,0
689,35,36.832303553,0.368323036,0.268507493,0.00729,30,3,35,0,0,4,2.26853238,1.635125569,0.633406811,2.044662,0.637722,0.517623,8.317825761,0.9,True,activated,player,player_01312,2.26853238,0.083045409,1.577862772,0.0,0.0,0.025782612,27.10317626,-0.0,44.938400664,-72.041576924,0.1,0,0,0.0,0,0,0,0
690,34,36.561247582,0.365612476,0.365612476,0.01,0,0,5,0,0,4,0.737005655,0.384414656,0.352590999,2.79381,0.52159,0.334083,3.985467598,0.9,True,activated,player,player_01069,0.737005655,0.018909194,0.359274679,0.0,0.0,0.025592873,27.122085453,-0.0,44.912807791,-72.034893244,0.1,0,0,0.0,0,0,0,0
691,34,36.535654709,0.365356547,0.239710431,0.006561,40,4,45,0,0,8,0.660785088,0.293027779,0.367757309,5.030274,0.361095,0.36383,10.286813221,0.9,True,activated,player,player_00079,0.660785088,0.029411412,0.558816837,0.0,0.0,0.025574958,27.151496866,0.0,44.887232832,-72.038729698,0.1,0,0,0.0,0,0,0,0
692,33,33.753608508,0.337536085,0.303782477,0.009,10,1,15,0,0,4,0.911404902,0.338399206,0.573005696,2.762078,0.508656,0.358591,4.815633811,0.9,True,activated,player,player_01229,0.911404902,0.023572063,0.447869199,0.0,0.0,0.023627526,27.175068929,-0.0,44.863605306,-72.038674235,0.1,0,0,0.0,0,0,0,0
693,33,33.729980982,0.33729981,0.303569829,0.009,10,1,15,0,0,5,0.576339278,0.384353802,0.191985476,2.590542,0.57563,0.459154,5.688888243,0.9,True,activated,player,player_00707,0.576339278,0.013409604,0.254782476,0.0,0.0,0.023610987,27.188478533,-0.0,44.83999432,-72.028472853,0.1,0,0,0.0,0,0,0,0
694,36,35.383532513,0.353835325,0.257945952,0.00729,30,3,35,0,0,5,0.554391943,0.310360971,0.244030972,3.206085,0.440178,0.40949,5.429623231,0.9,True,activated,staker,staker_00258,0.554391943,0.027719597,0.166317583,0.166317583,0.360354763,0.0,27.21619813,0.0,45.366666666,-72.582864796,0.1,0,0,0.0,0,0,0,0
695,36,35.910204858,0.359102049,0.261785393,0.00729,30,3,35,0,0,5,0.356726339,0.270451534,0.086274805,4.590392,0.296211,0.160288,4.964577862,0.9,True,activated,player,player_00870,0.356726339,0.016470134,0.312932553,0.0,0.0,0.024970844,27.232668265,-0.0,45.341695822,-72.574364086,0.1,0,0,0.0,0,0,0,0
696,35,35.381574777,0.353815748,0.232138512,0.006561,40,4,45,0,0,10,2.808146708,0.338501761,2.469644947,2.142826,0.665445,0.710708,31.649994752,0.9,True,activated,player,player_01326,2.808146708,0.048212277,0.916033269,0.0,0.0,0.024767102,27.280880542,0.0,45.31692872,-72.597809261,0.1,0,0,0.0,0,0,0,0
697,34,35.218359258,0.352183593,0.28526871,0.0081,20,2,25,0,0,5,1.062520407,0.621232461,0.441287946,3.887439,0.374953,0.293603,5.258223243,0.9,True,activated,player,player_00234,1.062520407,0.040612383,0.771635277,0.0,0.0,0.024652851,27.321492925,-0.0,45.292275868,-72.613768793,0.1,0,0,0.0,0,0,0,0
698,34,35.193706407,0.351937064,0.316743358,0.009,10,1,15,0,0,2,0.349142864,0.349142864,0,1.266148,0.880656,0.380656,3.885809993,0.9,True,activated,player,player_01328,0.349142864,0.003305412,0.062802835,0.0,0.0,0.02444,27.324798337,0.0,45.267835868,-72.592634205,0.1,0,0,0.0,0,0,0,0
699,33,34.306111581,0.343061116,0.308755004,0.009,10,1,15,0,0,4,2.065233512,0.514687505,1.550546007,2.966321,0.390225,0.312727,2.439218127,0.9,True,activated,player,player_01331,2.065233512,0.067230326,1.277376189,0.0,0.0,0.024014278,27.392028663,0.0,45.243821589,-72.635850253,0.1,0,0,0.0,0,0,0,0
700,33,34.282097303,0.342820973,0.308538876,0.009,10,1,15,0,0,6,1.297037599,0.335275202,0.961762397,3.228386,0.471771,0.46558,10.164363064,0.9,True,activated,player,player_01336,1.297037599,0.03545652,0.673673871,0.0,0.0,0.023997468,27.427485183,-0.0,45.219824121,-72.647309304,0.1,0,0,0.0,0,0,0,0
701,32,34.699076134,0.346990761,0.312291685,0.009,10,1,15,0,0,4,0.4584598,0.327994192,0.130465608,2.299795,0.620783,0.394952,6.080551336,0.9,True,activated,player,player_00607,0.4584598,0.009907246,0.188237677,0.0,0.0,0.024289353,27.437392429,-0.0,45.195534768,-72.632927197,0.1,0,0,0.0,0,0,0,0
702,33,35.565197534,0.355651975,0.2880781,0.0081,20,2,25,0,0,8,1.40074406,0.322609629,1.078134431,5.205703,0.303778,0.377304,10.536257557,0.9,True,activated,player,player_01339,1.40074406,0.050006217,0.950118124,0.0,0.0,0.024895638,27.487398646,0.0,45.17063913,-72.658037776,0.1,0,0,0.0,0,0,0,0
703,33,35.540301895,0.355403019,0.355403019,0.01,0,0,5,0,0,2,0.696140732,0.471287375,0.224853357,1.777278,0.677,0.177,1.299842666,0.9,True,activated,player,player_00057,0.696140732,0.012486578,0.23724499,0.0,0.0,0.024878211,27.499885224,-0.0,45.145760918,-72.645646143,0.1,0,0,0.0,0,0,0,0
704,33,35.515423684,0.355154237,0.355154237,0.01,0,0,5,0,0,2,1.130568524,0.938393523,0.192175001,1.393097,0.830019,0.330019,2.490741062,0.9,True,activated,player,player_01304,1.130568524,0.01085179,0.206184008,0.0,0.0,0.024860797,27.510737014,0.0,45.120900122,-72.631637136,0.1,0,0,0.0,0,0,0,0
705,33,35.490562887,0.354905629,0.258726203,0.00729,30,3,35,0,0,7,1.03436916,0.767095297,0.267273863,3.434639,0.492372,0.437412,10.43804912,0.9,True,activated,player,player_01115,1.03436916,0.027495905,0.52242219,0.0,0.0,0.024843394,27.538232919,0.0,45.096056728,-72.634289647,0.1,0,0,0.0,0,0,0,0
706,34,35.7610762,0.357610762,0.357610762,0.01,0,0,5,0,0,2,0.713918002,0.384048282,0.32986972,1.988548,0.537945,0.037945,1.028013092,0.9,True,activated,player,player_00855,0.713918002,0.020454052,0.388626984,0.0,0.0,0.025032753,27.558686971,-0.0,45.071023975,-72.629710945,0.1,0,0,0.0,0,0,0,0
707,33,34.840257242,0.348402572,0.282206084,0.0081,20,2,25,0,0,5,0.689623913,0.312860349,0.376763564,3.858805,0.403878,0.277181,5.577476452,0.9,True,activated,player,player_01347,0.689623913,0.021774391,0.413713435,0.0,0.0,0.02438818,27.580461362,-0.0,45.046635794,-72.627097156,0.1,0,0,0.0,0,0,0,0
708,34,35.290995834,0.352909958,0.317618963,0.009,10,1,15,0,0,5,1.126773233,0.891594132,0.235179101,2.869684,0.486923,0.463332,7.089058615,0.9,True,activated,player,player_01245,1.126773233,0.030141282,0.572684359,0.0,0.0,0.024703697,27.610602644,0.0,45.021932097,-72.632534741,0.1,0,0,0.0,0,0,0,0
709,35,35.560026395,0.355600264,0.288036214,0.0081,20,2,25,0,0,5,0.419285327,0.371183836,0.048101491,3.261999,0.445102,0.403434,4.580147238,0.9,True,activated,player,player_00148,0.419285327,0.016796083,0.319125577,0.0,0.0,0.024892018,27.627398727,-0.0,44.997040079,-72.624438806,0.1,0,0,0.0,0,0,0,0
710,39,38.741622624,0.387416226,0.348674604,0.009,10,1,15,0,0,2,1.766406996,1.766406996,0,1.192645,0.911383,0.411383,5.021645004,0.9,True,activated,player,player_00886,1.766406996,0.009182613,0.17446965,0.0,0.0,0.027119136,27.63658134,0.0,44.969920943,-72.606502283,0.1,0,0,0.0,0,0,0,0
711,39,38.714503488,0.387145035,0.313587478,0.0081,20,2,25,0,0,5,1.961614576,1.446280111,0.515334465,2.160548,0.649998,0.538149,7.779736496,0.9,True,activated,player,player_00035,1.961614576,0.035683432,0.677985213,0.0,0.0,0.027100152,27.672264772,0.0,44.942820791,-72.615085563,0.1,0,0,0.0,1,1.909195195,5,0
712,37,36.259619657,0.362596197,0.293702919,0.0081,20,2,25,0,0,6,0.958917133,0.402185343,0.55673179,4.076301,0.385942,0.368622,6.884294826,0.9,True,activated,player,player_01351,0.958917133,0.044345121,0.842557307,0.0,0.0,0.025381734,27.716609894,-0.0,44.917439057,-72.634048951,0.1,0,0,0.0,0,0,0,0
713,36,35.437071972,0.35437072,0.35437072,0.01,0,0,5,0,0,3,1.369694026,0.541151388,0.828542638,2.80375,0.396293,0.125117,1.498067227,0.9,True,activated,player,player_00557,1.369694026,0.042667429,0.810681159,0.0,0.0,0.02480595,27.759277323,0.0,44.892633106,-72.65191043,0.1,0,0,0.0,0,0,0,0
714,36,35.412266021,0.35412266,0.286839355,0.0081,20,2,25,0,0,6,1.544347081,1.250823711,0.29352337,1.863868,0.721314,0.581289,15.323706112,0.9,True,activated,player,player_01311,1.544347081,0.022758837,0.432417912,0.0,0.0,0.024788586,27.782036161,0.0,44.86784452,-72.649880681,0.1,0,0,0.0,0,0,0,0
715,36,35.387477435,0.353874774,0.257974711,0.00729,30,3,35,0,0,4,0.328814385,0.328814385,0,3.447168,0.362051,0.218597,2.873082169,0.9,True,activated,player,player_00858,0.328814385,0.011639186,0.221144532,0.0,0.0,0.023017007,27.793675347,0.0,44.844827513,-72.63850286,0.1,0,0,0.0,0,0,0,0
716,36,35.184063826,0.351840638,0.316656574,0.009,10,1,15,0,0,5,1.471466162,0.458831343,1.012634819,2.448506,0.554368,0.5402,8.635962404,0.9,True,activated,player,player_00530,1.471466162,0.034018088,0.646343668,0.0,0.0,0.024628845,27.827693434,-0.0,44.820198669,-72.647892103,0.1,0,0,0.0,0,0,0,0
717,36,35.159434982,0.35159435,0.230681053,0.006561,40,4,45,0,0,5,0.354982455,0.354982455,0,3.370797,0.476439,0.305347,6.136627477,0.9,True,activated,player,player_01021,0.354982455,0.010523333,0.199943335,0.0,0.0,0.024611604,27.838216768,0.0,44.795587064,-72.633803832,0.1,0,0,0.0,0,0,0,0
718,36,35.134823377,0.351348234,0.284592069,0.0081,20,2,25,0,0,6,0.6497896,0.494486369,0.155303231,2.292303,0.63743,0.52878,9.665429207,0.9,True,activated,player,player_00158,0.6497896,0.013009425,0.247179078,0.0,0.0,0.024594376,27.851226193,-0.0,44.770992688,-72.622218881,0.1,0,0,0.0,0,0,0,0
719,35,34.816414771,0.348164148,0.28201296,0.0081,30,2,35,1,0.301326558,6,1.185351393,0.311649921,0.873701472,2.617185,0.577387,0.527058,10.684668273,0.9,True,activated,player,player_00981,1.185351393,0.0262658,0.499050203,0.0,0.0,0.02437149,27.877491993,-0.0,44.746621197,-72.624113191,0.1,0,1,0.566638886,0,0,0,1
720,35,34.792043281,0.347920433,0.253633996,0.00729,30,3,35,0,0,5,0.295113849,0.272667511,0.022446338,3.913126,0.367688,0.29352,4.784828233,0.9,True,activated,player,player_00197,0.295113849,0.011881683,0.225751977,0.0,0.0,0.020657969,27.889373676,0.0,44.725963228,-72.615336904,0.1,0,0,0.0,0,0,0,0
721,35,34.46920557,0.344692056,0.251280509,0.00729,30,3,35,0,0,4,0.42315654,0.42315654,0,2.029116,0.668176,0.486167,7.082431184,0.9,True,activated,player,player_00222,0.42315654,0.008227106,0.156315005,0.0,0.0,0.024128444,27.897600782,-0.0,44.701834784,-72.599435566,0.1,0,1,0.357089445,0,0,0,0
722,36,34.728400597,0.347284006,0.281300045,0.0081,20,2,25,0,0,8,1.715305311,0.494332986,1.220972325,3.416111,0.495691,0.506549,10.296847461,0.9,True,activated,player,player_00674,1.715305311,0.07773177,1.476903639,0.0,0.0,0.02430988,27.975332552,0.0,44.677524904,-72.652857456,0.1,0,0,0.0,0,0,0,0
723,35,34.675467282,0.346754673,0.252784156,0.00729,30,3,35,0,0,7,1.816181332,0.28242506,1.533756272,1.905863,0.711301,0.650775,16.40352998,0.9,True,activated,staker,staker_00321,1.816181332,0.090809067,0.5448544,0.5448544,1.180517866,0.0,28.066141619,0.0,46.402897169,-74.469038788,0.1,0,0,0.0,0,0,0,0
724,34,35.806681383,0.358066814,0.261030707,0.00729,30,3,35,0,0,8,0.870167344,0.351314886,0.518852458,4.58616,0.389816,0.414059,8.987520301,0.9,True,activated,player,player_01287,0.870167344,0.039025306,0.741480822,0.0,0.0,0.025064677,28.105166925,0.0,46.377832492,-74.482999417,0.1,0,1,0.594158164,0,0,0,0
725,34,35.781616706,0.357816167,0.32203455,0.009,10,1,15,0,0,5,1.465762047,0.353246098,1.112515949,2.956368,0.52736,0.382873,7.063156916,0.9,True,activated,player,player_01376,1.465762047,0.035891238,0.681933513,0.0,0.0,0.025047132,28.141058163,0.0,46.35278536,-74.493843523,0.1,0,0,0.0,0,0,0,0
726,34,35.756569575,0.357565696,0.321809126,0.009,10,1,15,0,0,6,1.244215852,0.739734277,0.504481575,3.842375,0.438215,0.344007,7.244827605,0.9,True,activated,player,player_00489,1.244215852,0.036200588,0.687811167,0.0,0.0,0.025029599,28.17725875,0.0,46.327755762,-74.505014512,0.1,0,0,0.0,0,0,0,0
727,34,35.731539976,0.3573154,0.3573154,0.01,0,0,5,0,0,1,0.422534178,0.422534178,0,1.0,1.0,0.0,0.056235626,0.9,True,activated,player,player_01133,0.422534178,0.001250604,0.023761474,0.0,0.0,0.025012078,28.178509354,-0.0,46.302743684,-74.481253038,0.1,0,0,0.0,0,0,0,0
728,33,35.141193734,0.351411937,0.256179302,0.00729,30,3,35,0,0,7,0.574600459,0.303446634,0.271153825,5.665094,0.255933,0.267426,7.47381646,0.9,True,activated,staker,staker_00278,0.574600459,0.028730023,0.172380138,0.172380138,0.373490298,0.0,28.207239377,-0.0,46.84861412,-75.055853497,0.1,0,0,0.0,0,0,0,0
729,31,34.427973383,0.344279734,0.278866584,0.0081,20,2,25,0,0,3,0.34279965,0.34279965,0,2.966182,0.383561,0.052123,2.317836168,0.9,True,activated,player,player_01382,0.34279965,0.013105626,0.249006888,0.0,0.0,0.023995976,28.220345003,0.0,46.824618144,-75.044963147,0.1,0,0,0.0,0,0,0,0
730,31,34.403977407,0.344039774,0.278672217,0.0081,20,2,25,0,0,3,0.278716012,0.278716012,0,2.089228,0.643091,0.327317,4.013546406,0.9,True,activated,player,player_00895,0.278716012,0.005949315,0.113036976,0.0,0.0,0.019510121,28.226294318,-0.0,46.805108023,-75.031402341,0.1,0,0,0.0,0,0,0,0
731,30,33.234112009,0.33234112,0.299107008,0.009,10,1,15,0,0,3,0.801847553,0.327212953,0.4746346,2.293998,0.591926,0.28111,3.160654477,0.9,True,activated,player,player_01385,0.801847553,0.034429365,0.654157935,0.0,0.0,0.023263878,28.260723683,0.0,46.781844145,-75.042567828,0.1,0,0,0.0,0,0,0,0
732,29,31.544005631,0.315440056,0.315440056,0.01,0,0,5,0,0,4,0.975332663,0.341022884,0.634309779,3.508878,0.349648,0.198719,2.594712429,0.9,True,activated,player,player_00993,0.975332663,0.032819529,0.623571054,0.0,0.0,0.022080804,28.293543212,0.0,46.759763341,-75.053306553,0.1,0,0,0.0,0,0,0,0
733,29,31.521924827,0.315219248,0.283697323,0.009,10,1,15,0,0,7,1.599468117,0.399691988,1.199776129,5.286589,0.281643,0.309401,9.008888717,0.9,True,activated,player,player_01391,1.599468117,0.074576033,1.416944625,0.0,0.0,0.022065347,28.368119245,0.0,46.737697994,-75.105817238,0.1,0,0,0.0,0,0,0,0
734,28,31.739980505,0.317399805,0.231384458,0.00729,30,3,35,0,0,4,0.269331702,0.269331702,0,3.467281,0.376603,0.214,3.606334129,0.9,True,activated,player,player_00372,0.269331702,0.009337685,0.17741602,0.0,0.0,0.018853219,28.37745693,0.0,46.718844775,-75.096301704,0.1,0,1,0.294056834,0,0,0,0
735,27,31.564347846,0.315643478,0.255671218,0.0081,20,2,25,0,0,4,0.560158587,0.264568144,0.295590443,2.564095,0.527691,0.405716,5.411521241,0.9,True,activated,player,player_00403,0.560158587,0.014333159,0.272330028,0.0,0.0,0.022095043,28.391790089,-0.0,46.696749731,-75.08853982,0.1,0,0,0.0,0,0,0,0
736,27,31.542252803,0.315422528,0.283880275,0.009,10,1,15,0,0,7,3.056155473,0.292258684,2.763896789,2.302583,0.635036,0.60206,10.997388104,0.9,True,activated,player,player_00035,3.056155473,0.056873301,1.080592717,0.0,0.0,0.022079577,28.44866339,0.0,46.674670154,-75.123333544,0.1,0,0,0.0,0,0,0,0
737,27,31.520173226,0.315201732,0.315201732,0.01,0,0,5,0,0,1,0.967073257,0.967073257,0,1.0,1.0,0.0,0.021674589,0.9,True,activated,player,player_01398,0.967073257,0.001103206,0.020960915,0.0,0.0,0.022064121,28.449766596,-0.0,46.652606033,-75.102372629,0.1,0,0,0.0,0,0,0,0
738,27,31.498109104,0.314981091,0.314981091,0.01,0,0,5,0,0,2,0.942097908,0.842331499,0.099766409,1.233605,0.894102,0.394102,4.184111949,0.9,True,activated,staker,staker_00266,0.942097908,0.047104895,0.282629372,0.282629372,0.61236364,0.0,28.496871492,0.0,47.547599045,-76.044470537,0.1,0,0,0.0,0,0,0,0
739,25,31.663542078,0.316635421,0.256474691,0.0081,20,2,25,0,0,4,0.394534439,0.35639569,0.038138749,2.141487,0.634346,0.481939,6.401419954,0.9,True,activated,player,player_01023,0.394534439,0.008321377,0.158106156,0.0,0.0,0.022164479,28.505192868,0.0,47.525434566,-76.030627434,0.1,0,0,0.0,0,0,0,0
740,25,31.641377598,0.316413776,0.256295159,0.0081,20,2,25,0,0,3,0.296512473,0.296512473,0,2.632594,0.508846,0.183856,2.98850936,0.9,True,activated,staker,staker_00325,0.296512473,0.014825624,0.088953742,0.088953742,0.192733107,0.0,28.520018492,0.0,47.807121415,-76.327139907,0.1,0,0,0.0,0,0,0,0
741,25,31.923064448,0.319230644,0.258576822,0.0081,20,2,25,0,0,5,2.986399193,0.31137478,2.675024413,1.28425,0.879342,0.711693,40.177838484,0.9,True,activated,player,player_01370,2.986399193,0.019133981,0.363545639,0.0,0.0,0.022346145,28.539152473,-0.0,47.78477527,-76.323927743,0.1,0,0,0.0,0,0,0,0
742,26,32.331580608,0.323315806,0.235697223,0.00729,30,3,35,0,0,9,1.193934354,0.276077234,0.91785712,5.773211,0.261991,0.415315,9.186227715,0.9,True,activated,player,player_00191,1.193934354,0.049798979,0.946180602,0.0,0.0,0.022632106,28.588951452,0.0,47.762143164,-76.351094616,0.1,0,0,0.0,0,0,0,0
743,25,32.250817134,0.322508171,0.235108457,0.00729,30,3,35,0,0,5,0.719866231,0.654833803,0.065032428,2.287463,0.626574,0.510211,9.895661688,0.9,True,activated,player,player_01147,0.719866231,0.033918396,0.644449522,0.0,0.0,0.022575572,28.622869848,0.0,47.739567592,-76.36243744,0.1,0,1,0.058131368,0,0,0,0
744,24,32.141467017,0.32141467,0.234311295,0.00729,30,3,35,0,0,5,1.125852523,0.867857923,0.2579946,2.644651,0.553267,0.481539,7.661888455,0.9,True,activated,player,player_01406,1.125852523,0.053011048,1.007209919,0.0,0.0,0.022499027,28.675880896,0.0,47.717068565,-76.392949461,0.1,0,0,0.0,0,0,0,0
745,24,32.11896799,0.32118968,0.234147277,0.00729,30,3,35,0,0,6,1.855976836,0.709094706,1.14688213,2.228481,0.599603,0.629894,25.029128782,0.9,True,activated,player,player_01410,1.855976836,0.066779011,1.268801213,0.0,0.0,0.022483278,28.742659907,-0.0,47.694585287,-76.437245195,0.1,0,0,0.0,0,0,0,0
746,23,31.57768237,0.315776824,0.230201304,0.00729,30,3,35,0,0,5,0.370343473,0.312411676,0.057931797,4.121253,0.327368,0.253183,3.426079501,0.9,True,activated,player,player_01005,0.370343473,0.013560458,0.257648711,0.0,0.0,0.022104378,28.756220366,-0.0,47.67248091,-76.428701276,0.1,0,0,0.0,0,0,0,0
747,24,32.408661235,0.324086612,0.324086612,0.01,0,0,5,0,0,6,2.19491514,0.857264951,1.337650189,3.63242,0.390569,0.447697,6.853512938,0.9,True,activated,player,player_01414,2.19491514,0.068016813,1.292319439,0.0,0.0,0.022686063,28.824237178,0.0,47.649794847,-76.474032025,0.1,0,0,0.0,0,0,0,0
748,24,32.385975172,0.323859752,0.291473777,0.009,10,1,15,0,0,4,0.520132176,0.418192851,0.101939325,2.415951,0.591054,0.399856,6.303566653,0.9,True,activated,player,player_01418,0.520132176,0.011768807,0.223607335,0.0,0.0,0.022670183,28.836005986,0.0,47.627124664,-76.46313065,0.1,0,0,0.0,0,0,0,0
749,24,32.36330499,0.32363305,0.291269745,0.009,10,1,15,0,0,4,1.043251279,0.524049525,0.519201754,3.189072,0.427039,0.269907,2.916224577,0.9,True,activated,player,player_01420,1.043251279,0.031019823,0.58937663,0.0,0.0,0.022654313,28.867025808,0.0,47.604470351,-76.471496159,0.1,0,0,0.0,0,0,0,0
750,24,32.340650676,0.323406507,0.26195927,0.0081,20,2,25,0,0,4,1.650438309,0.842915951,0.807522358,2.656708,0.489278,0.386083,5.137255878,0.9,True,activated,player,player_00530,1.650438309,0.054679235,1.038905463,0.0,0.0,0.022638455,28.921705043,-0.0,47.581831895,-76.503536938,0.1,0,0,0.0,0,0,0,0
751,24,32.318012221,0.323180122,0.323180122,0.01,0,0,5,0,0,5,1.310335255,0.651914919,0.658420336,2.926122,0.497518,0.44499,3.951432744,0.9,True,activated,player,player_01376,1.310335255,0.034052147,0.646990797,0.0,0.0,0.022622609,28.95575719,0.0,47.559209287,-76.514966477,0.1,0,0,0.0,0,0,0,0
752,23,32.004605764,0.320046058,0.233313576,0.00729,30,3,35,0,0,4,0.549550388,0.549550388,0,1.374791,0.846176,0.63602,17.455398411,0.9,True,activated,player,player_00575,0.549550388,0.005346862,0.101590369,0.0,0.0,0.022403224,28.961104052,-0.0,47.536806063,-76.497910114,0.1,0,0,0.0,0,0,0,0
753,23,31.98220254,0.319822025,0.259055841,0.0081,20,2,25,0,0,4,1.867411457,0.780752723,1.086658734,2.18194,0.581906,0.489562,9.885612842,0.9,True,activated,player,player_01414,1.867411457,0.062631302,1.189994735,0.0,0.0,0.022387542,29.023735354,0.0,47.514418521,-76.538153874,0.1,0,0,0.0,0,0,0,0
754,23,31.959814998,0.31959815,0.232987051,0.00729,30,3,35,0,0,4,0.261654881,0.261654881,0,2.465184,0.575444,0.407166,5.626677345,0.9,True,activated,player,player_01425,0.261654881,0.010902918,0.207155447,0.0,0.0,0.018315842,29.034638272,-0.0,47.496102679,-76.530740951,0.1,0,0,0.0,0,0,0,0
755,27,34.604344936,0.346043449,0.280295194,0.0081,20,2,25,0,0,3,0.300139861,0.300139861,0,1.504242,0.803389,0.472374,9.037003426,0.9,True,activated,player,player_00888,0.300139861,0.004001022,0.076019417,0.0,0.0,0.02100979,29.038639294,0.0,47.475092889,-76.513732183,0.1,0,0,0.0,0,0,0,0
756,28,34.795485226,0.347954852,0.313159367,0.009,10,1,15,0,0,2,1.390168364,1.390168364,0,1.176636,0.918259,0.418259,5.489165799,0.9,True,activated,player,player_00873,1.390168364,0.00689956,0.131091649,0.0,0.0,0.02435684,29.045538854,-0.0,47.450736049,-76.496274904,0.1,0,0,0.0,0,0,0,0
757,27,34.209987931,0.342099879,0.307889891,0.009,10,1,15,0,0,7,0.855094696,0.313333985,0.541760711,4.504863,0.331183,0.408789,7.257445963,0.9,True,activated,player,player_01426,0.855094696,0.033727963,0.640831289,0.0,0.0,0.023946992,29.079266817,0.0,47.426789058,-76.506055875,0.1,0,0,0.0,0,0,0,0
758,27,34.18604094,0.341860409,0.307674368,0.009,10,1,15,0,0,4,0.445691186,0.356399082,0.089292104,2.643995,0.530263,0.388313,4.311439969,0.9,True,activated,player,player_01131,0.445691186,0.011664398,0.22162356,0.0,0.0,0.023930229,29.090931215,-0.0,47.402858829,-76.493790044,0.1,0,0,0.0,0,0,0,0
759,25,32.659688764,0.326596888,0.293937199,0.009,10,1,15,0,0,6,1.246910258,0.430853119,0.816057139,4.395909,0.327316,0.335215,5.714093375,0.9,True,activated,staker,staker_00278,1.246910258,0.062345513,0.374073077,0.374073077,0.810491668,0.0,29.153276728,0.0,48.587423574,-77.740700302,0.1,0,0,0.0,1,0.305045144,5,0
760,24,33.531638283,0.335316383,0.301784745,0.009,10,1,15,0,0,5,1.473756233,0.331526882,1.142229351,2.405222,0.587729,0.530105,6.168442356,0.9,True,activated,player,player_01433,1.473756233,0.064870701,1.232543325,0.0,0.0,0.023472147,29.218147429,0.0,48.563951427,-77.782098856,0.1,0,0,0.0,0,0,0,0
761,24,33.508166136,0.335081661,0.271416146,0.0081,20,2,25,0,0,7,1.214426916,0.335831116,0.8785958,3.67181,0.444252,0.429943,5.454662718,0.9,True,activated,player,player_01440,1.214426916,0.034918547,0.663452389,0.0,0.0,0.023455716,29.253065976,0.0,48.540495711,-77.793561687,0.1,0,0,0.0,0,0,0,0
762,25,34.214548781,0.342145488,0.342145488,0.01,0,0,5,0,0,5,1.151213282,0.933295608,0.217917674,1.488581,0.810706,0.666179,29.46196005,0.9,True,activated,player,player_01441,1.151213282,0.012093393,0.229774465,0.0,0.0,0.023950184,29.265159369,-0.0,48.516545527,-77.781704896,0.1,0,0,0.0,0,0,0,0
763,27,34.527190357,0.345271904,0.345271904,0.01,0,0,5,0,0,3,3.193337137,2.262383598,0.930953539,1.711523,0.70847,0.469241,2.386066512,0.9,True,activated,player,player_01370,3.193337137,0.047756129,0.907366444,0.0,0.0,0.024169033,29.312915497,0.0,48.492376494,-77.805291991,0.1,0,0,0.0,0,0,0,0
764,27,34.503021323,0.345030213,0.310527192,0.009,10,1,15,0,0,2,1.12035692,1.12035692,0,1.025011,0.987647,0.487647,38.822114515,0.9,True,activated,player,player_01016,1.12035692,0.0018996,0.036092399,0.0,0.0,0.024152115,29.314815097,0.0,48.468224379,-77.783039476,0.1,0,0,0.0,0,0,0,0
765,27,34.478869208,0.344788692,0.310309823,0.009,10,1,15,0,0,3,0.54078302,0.341930887,0.198852133,2.434554,0.510627,0.25931,1.748851196,0.9,True,activated,player,player_01019,0.54078302,0.014439004,0.274341074,0.0,0.0,0.024135208,29.329254101,0.0,48.44408917,-77.773343271,0.1,0,0,0.0,0,0,0,0
766,27,34.454734,0.34454734,0.251175011,0.00729,30,3,35,0,0,5,0.365279947,0.297290713,0.067989234,3.836166,0.380797,0.306709,4.490984197,0.9,True,activated,player,player_00416,0.365279947,0.017218112,0.327144134,0.0,0.0,0.024118314,29.346472213,0.0,48.419970856,-77.76644307,0.1,0,0,0.0,0,0,0,0
767,27,34.949499163,0.349494992,0.314545492,0.009,10,1,15,0,0,5,0.828122054,0.383382272,0.444739782,3.854829,0.396464,0.287007,4.60640523,0.9,True,activated,player,player_00557,0.828122054,0.026213287,0.498052458,0.0,0.0,0.024464649,29.372685501,-0.0,48.395506207,-77.768191708,0.1,0,0,0.0,0,0,0,0
768,27,34.925034514,0.349250345,0.314325311,0.009,10,1,15,0,0,4,0.782415314,0.34777803,0.434637284,3.056957,0.390783,0.299216,3.02064115,0.9,True,activated,staker,staker_00278,0.782415314,0.039120766,0.234724594,0.234724594,0.508569954,0.0,29.411806266,0.0,49.138800755,-78.550607022,0.1,0,0,0.0,0,0,0,0
769,28,35.997771343,0.359977713,0.323979942,0.009,10,1,15,0,0,5,0.813925137,0.410834172,0.403090965,4.414612,0.256004,0.172303,3.444382707,0.9,True,activated,player,player_00403,0.813925137,0.031537772,0.599217659,0.0,0.0,0.02519844,29.443344038,0.0,49.113602315,-78.556946353,0.1,0,0,0.0,0,0,0,0
770,28,35.972572903,0.359725729,0.291377841,0.0081,20,2,25,0,0,7,0.862286319,0.315671315,0.546615004,3.843149,0.422318,0.457305,8.852931186,0.9,True,activated,player,player_01300,0.862286319,0.034528016,0.656032312,0.0,0.0,0.025180801,29.477872054,0.0,49.088421514,-78.566293569,0.1,0,0,0.0,0,0,0,0
771,27,35.290667599,0.352906676,0.317616008,0.009,10,1,15,0,0,4,0.513971093,0.355213605,0.158757488,2.650768,0.533266,0.383902,4.155484415,0.9,True,activated,player,player_00702,0.513971093,0.022877202,0.434666833,0.0,0.0,0.024703467,29.500749256,-0.0,49.063718047,-78.564467303,0.1,0,0,0.0,0,0,0,0
772,29,35.868679866,0.358686799,0.322818119,0.009,10,1,15,0,0,2,0.369874685,0.369874685,0,1.829581,0.6526,0.1526,1.287381185,0.9,True,activated,player,player_00485,0.369874685,0.013324406,0.253163714,0.0,0.0,0.025108076,29.514073662,0.0,49.038609971,-78.552683633,0.1,0,0,0.0,0,0,0,0
773,28,34.910597993,0.34910598,0.314195382,0.009,10,1,15,0,0,2,0.527647034,0.527647034,0,1.948966,0.580909,0.080909,1.091452352,0.9,True,activated,player,player_01074,0.527647034,0.012278471,0.233290957,0.0,0.0,0.024437419,29.526352134,-0.0,49.014172553,-78.540524686,0.1,0,0,0.0,0,0,0,0
774,29,35.377090866,0.353770909,0.257898992,0.00729,30,3,35,0,0,3,0.348117205,0.348117205,0,1.857495,0.681566,0.419922,2.86067117,0.9,True,activated,player,player_00337,0.348117205,0.006761028,0.128459538,0.0,0.0,0.024368204,29.533113162,0.0,48.989804348,-78.52291751,0.1,0,1,0.711012145,0,0,0,0
775,29,35.352722662,0.353527227,0.257721348,0.00729,30,3,35,0,0,5,0.585377631,0.278704758,0.306672873,2.968997,0.523889,0.389892,6.129848655,0.9,True,activated,player,player_00422,0.585377631,0.025532093,0.485109765,0.0,0.0,0.024746906,29.558645255,0.0,48.965057442,-78.523702697,0.1,0,0,0.0,0,0,0,0
776,26,34.22277316,0.342227732,0.342227732,0.01,0,0,5,0,0,6,1.307522126,0.503596166,0.80392596,3.879102,0.385153,0.40575,6.753964011,0.9,True,activated,player,player_00469,1.307522126,0.064645096,1.228256827,0.0,0.0,0.023955941,29.623290351,-0.0,48.941101501,-78.564391852,0.1,0,0,0.0,0,0,0,0
777,28,34.999110216,0.349991102,0.314991992,0.009,10,1,15,0,0,4,0.528193876,0.334100285,0.194093591,2.541887,0.555006,0.396597,5.612136903,0.9,True,activated,player,player_01117,0.528193876,0.012977117,0.246565219,0.0,0.0,0.024499377,29.636267468,0.0,48.916602124,-78.552869592,0.1,0,0,0.0,0,0,0,0
778,30,35.241214363,0.352412144,0.317170929,0.009,10,1,15,0,0,2,0.720213007,0.720213007,0,1.983843,0.545123,0.045123,1.031214702,0.9,True,activated,player,player_00202,0.720213007,0.017613863,0.334663406,0.0,0.0,0.02466885,29.653881331,0.0,48.891933274,-78.545814605,0.1,0,0,0.0,0,0,0,0
779,30,35.216545513,0.352165455,0.285254019,0.0081,20,2,25,0,0,8,0.874140607,0.286629649,0.587510958,5.161323,0.2996,0.406304,9.461237166,0.9,True,activated,player,player_00323,0.874140607,0.0422949,0.803603107,0.0,0.0,0.024651582,29.696176231,0.0,48.867281692,-78.563457924,0.1,0,0,0.0,0,0,0,0
780,30,35.191893931,0.351918939,0.285054341,0.0081,20,2,25,0,0,7,1.812961843,1.278971336,0.533990507,2.732506,0.533706,0.614137,23.541417279,0.9,True,activated,player,player_00910,1.812961843,0.043500347,0.826506599,0.0,0.0,0.024634326,29.739676579,0.0,48.842647366,-78.582323945,0.1,0,0,0.0,1,1.05923096,5,0
781,31,36.642636505,0.366426365,0.26712482,0.00729,30,3,35,0,0,8,2.586362945,0.785047106,1.801315839,3.446212,0.476518,0.542369,13.050674349,0.9,True,activated,player,player_00799,2.586362945,0.123177364,2.340369918,0.0,0.0,0.025649846,29.862853943,-0.0,48.816997521,-78.679851464,0.1,0,0,0.0,0,0,0,0
782,31,36.616986659,0.366169867,0.266937833,0.00729,30,3,35,0,0,7,1.199258107,0.433835786,0.765422321,3.68943,0.423609,0.490507,9.335993063,0.9,True,activated,player,player_01474,1.199258107,0.054030684,1.026583003,0.0,0.0,0.025631891,29.916884627,-0.0,48.79136563,-78.708250257,0.1,0,0,0.0,0,0,0,0
783,31,36.591354769,0.365913548,0.296389974,0.0081,20,2,25,0,0,5,0.756604191,0.507824626,0.248779565,3.523014,0.32014,0.329607,2.476894667,0.9,True,activated,player,player_01437,0.756604191,0.027408205,0.520755891,0.0,0.0,0.025613948,29.944292832,0.0,48.765751682,-78.710044514,0.1,0,0,0.0,0,0,0,0
784,33,41.270886541,0.412708865,0.300864763,0.00729,30,3,35,0,0,8,0.652914708,0.41904951,0.233865198,6.128227,0.257184,0.303576,9.462148532,0.9,True,activated,player,player_01481,0.652914708,0.031509804,0.598686281,0.0,0.0,0.028889621,29.975802636,-0.0,48.736862061,-78.712664698,0.1,0,0,0.0,0,0,0,0
785,32,39.24346965,0.392434696,0.353191227,0.009,10,1,15,0,0,4,0.599082382,0.370858477,0.228223905,2.55665,0.55472,0.396783,4.798644856,0.9,True,activated,player,player_00019,0.599082382,0.014711499,0.279518475,0.0,0.0,0.027470429,29.990514135,-0.0,48.709391632,-78.699905768,0.1,0,0,0.0,0,0,0,0
786,32,38.915027134,0.389150271,0.31521172,0.0081,20,2,25,0,0,6,1.252612704,1.060919401,0.191693303,1.588556,0.785412,0.67232,25.803009396,0.9,True,activated,player,player_01096,1.252612704,0.01480183,0.281234765,0.0,0.0,0.027240519,30.005315965,0.0,48.682151113,-78.687467078,0.1,0,1,0.627441961,0,0,0,0
787,31,38.442117352,0.384421174,0.252218732,0.006561,40,4,45,2,0.058868961,4,0.803909888,0.505091058,0.29881883,2.24645,0.551295,0.471257,11.227885013,0.9,True,activated,player,player_00179,0.803909888,0.026600027,0.505400513,0.0,0.0,0.026909482,30.031915992,0.0,48.655241631,-78.687157623,0.1,0,0,0.0,0,0,0,0
788,31,38.41520787,0.384152079,0.280046865,0.00729,40,3,45,1,0.353011026,5,0.51094265,0.32126872,0.18967393,3.723911,0.371224,0.326662,4.48108266,0.9,True,activated,player,player_00737,0.51094265,0.017407968,0.330751397,0.0,0.0,0.026890646,30.04932396,-0.0,48.628350986,-78.677674946,0.1,0,0,0.0,0,0,0,1
789,30,38.104959862,0.381049599,0.308650175,0.0081,20,2,25,0,0,5,0.490882661,0.370515308,0.120367353,3.08131,0.490382,0.406315,4.512828477,0.9,True,activated,player,player_00176,0.490882661,0.020758685,0.394415021,0.0,0.0,0.026673472,30.070082645,-0.0,48.601677514,-78.671760159,0.1,0,0,0.0,0,0,0,0
790,32,39.328438032,0.39328438,0.318560348,0.0081,20,2,25,0,0,5,0.653300247,0.3461041,0.307196147,4.071378,0.340127,0.265971,3.435775741,0.9,True,activated,player,player_00660,0.653300247,0.026667799,0.506688183,0.0,0.0,0.027529907,30.096750444,0.0,48.574147607,-78.670898052,0.1,0,0,0.0,0,0,0,0
791,32,39.300908126,0.393009081,0.28650362,0.00729,30,3,35,0,0,7,0.823335519,0.374667935,0.448667584,5.314457,0.262003,0.319326,6.384610355,0.9,True,activated,player,player_00096,0.823335519,0.031756472,0.603372966,0.0,0.0,0.027510636,30.128506916,0.0,48.546636972,-78.675143888,0.1,0,0,0.0,0,0,0,0
792,33,39.321223694,0.393212237,0.393212237,0.01,0,0,5,0,0,6,2.644140366,1.02864273,1.615497636,4.064933,0.389027,0.361484,7.282588332,0.9,True,activated,player,player_00830,2.644140366,0.082151125,1.560871368,0.0,0.0,0.027524857,30.210658041,-0.0,48.519112115,-78.729770156,0.1,0,0,0.0,0,0,0,0
793,35,40.355407498,0.403554075,0.363198667,0.009,10,1,15,0,0,4,0.838958159,0.609352296,0.229605863,2.874345,0.484823,0.333359,3.224818398,0.9,True,activated,player,player_01067,0.838958159,0.033743598,0.641128367,0.0,0.0,0.028248785,30.244401639,-0.0,48.49086333,-78.735264969,0.1,0,0,0.0,0,0,0,0
794,35,40.327158713,0.403271587,0.264586488,0.006561,40,4,45,0,0,10,1.338995573,0.493846017,0.845149556,6.35999,0.210752,0.416054,13.494878113,0.9,True,activated,player,player_01497,1.338995573,0.054925854,1.043591234,0.0,0.0,0.028229011,30.299327494,0.0,48.462634319,-78.761961812,0.1,0,0,0.0,0,0,0,0
795,35,40.298929702,0.402989297,0.326421331,0.0081,20,2,25,0,0,3,0.699138611,0.699138611,0,2.267207,0.59619,0.293032,3.048623767,0.9,True,activated,player,player_00844,0.699138611,0.027727164,0.526816125,0.0,0.0,0.028209251,30.327054658,-0.0,48.434425068,-78.761479726,0.1,0,0,0.0,0,0,0,0
796,34,40.040278809,0.400402788,0.262704269,0.006561,40,4,45,0,0,7,0.587304854,0.31112591,0.276178944,4.166497,0.347713,0.42753,11.783107774,0.9,True,activated,player,player_00554,0.587304854,0.028667631,0.544684996,0.0,0.0,0.028028195,30.35572229,-0.0,48.406396873,-78.762119162,0.1,0,0,0.0,0,0,0,0
797,33,39.333848659,0.393338487,0.232262443,0.0059049,50,5,55,0,0,8,0.305501574,0.265310329,0.040191245,4.835326,0.383244,0.350746,11.274121019,0.9,True,activated,player,player_01177,0.305501574,0.010490256,0.199314858,0.0,0.0,0.02138511,30.366212545,0.0,48.385011763,-78.751224308,0.1,0,1,0.678401955,0,0,0,0
798,32,39.097939498,0.390979395,0.256521581,0.006561,40,4,45,0,0,10,0.95621829,0.305734656,0.650483634,4.248975,0.43332,0.494629,16.391261093,0.9,True,activated,player,player_01506,0.95621829,0.02846193,0.540776666,0.0,0.0,0.027368558,30.394674475,-0.0,48.357643205,-78.75231768,0.1,0,0,0.0,0,0,0,0
799,32,39.070570941,0.390705709,0.390705709,0.01,0,0,5,0,0,3,0.667454116,0.44767911,0.219775006,1.933522,0.670726,0.391361,3.076764727,0.9,True,activated,player,player_00963,0.667454116,0.01235622,0.234768185,0.0,0.0,0.0273494,30.407030695,0.0,48.330293805,-78.7373245,0.1,0,0,0.0,0,0,0,0
800,32,39.043221541,0.390432215,0.256162577,0.006561,40,4,45,0,0,8,1.176579363,0.623780893,0.55279847,4.276335,0.343862,0.475388,14.11712079,0.9,True,activated,player,player_01508,1.176579363,0.056747306,1.078198808,0.0,0.0,0.027330255,30.463778001,-0.0,48.30296355,-78.766741551,0.1,0,0,0.0,0,0,0,0
801,30,37.672941297,0.376729413,0.247172168,0.006561,40,4,45,0,0,7,0.505210173,0.342096142,0.163114031,4.13366,0.300825,0.440381,14.018320954,0.9,True,activated,player,player_00323,0.505210173,0.019537694,0.371216186,0.0,0.0,0.026371059,30.483315695,0.0,48.276592491,-78.759908186,0.1,0,0,0.0,0,0,0,0
802,33,43.854878111,0.438548781,0.394693903,0.009,10,1,15,0,0,4,1.039511821,0.934858833,0.104652988,1.506324,0.806168,0.582765,12.354307477,0.9,True,activated,player,player_00855,1.039511821,0.011609461,0.220579752,0.0,0.0,0.030698415,30.494925156,0.0,48.245894077,-78.740819232,0.1,0,0,0.0,0,0,0,0
803,31,38.153454847,0.381534548,0.309042984,0.0081,20,2,25,0,0,5,1.013913102,0.386476462,0.62743664,3.546806,0.418275,0.346357,3.911702444,0.9,True,activated,player,player_01516,1.013913102,0.030826306,0.58569982,0.0,0.0,0.026707418,30.525751462,0.0,48.219186658,-78.74493812,0.1,0,1,3.947751274,0,0,0,0
804,31,38.126747429,0.381267474,0.308826654,0.0081,20,2,25,0,0,4,0.566803671,0.504692433,0.062111238,2.649699,0.468191,0.387088,4.897594126,0.9,True,activated,player,player_01260,0.566803671,0.018905037,0.359195697,0.0,0.0,0.026688723,30.544656499,-0.0,48.192497935,-78.737154434,0.1,0,0,0.0,0,0,0,0
805,31,38.100058705,0.381000587,0.381000587,0.01,0,0,5,0,0,1,0.670621198,0.670621198,0,1.0,1.0,0.0,0.037780701,0.9,True,activated,player,player_01024,0.670621198,0.001333502,0.025336539,0.0,0.0,0.026670041,30.545990001,-0.0,48.165827894,-78.711817895,0.1,0,0,0.0,0,0,0,0
806,31,38.073388664,0.380733887,0.308394448,0.0081,20,2,25,0,0,8,1.30541296,0.419500567,0.885912393,4.712268,0.375863,0.410434,8.389955064,0.9,True,activated,player,player_01251,1.30541296,0.058277813,1.107278449,0.0,0.0,0.026651372,30.604267814,-0.0,48.139176522,-78.743444336,0.1,0,0,0.0,0,0,0,0
807,33,39.097755397,0.390977554,0.285022637,0.00729,30,3,35,0,0,4,0.363215906,0.363215906,0,3.866595,0.318276,0.102948,3.239308861,0.9,True,activated,player,player_00575,0.363215906,0.014657763,0.278497506,0.0,0.0,0.025425113,30.618925577,0.0,48.113751408,-78.732676986,0.1,0,0,0.0,0,0,0,0
808,32,38.943103603,0.389431036,0.315439139,0.0081,20,2,25,0,0,7,1.141541216,0.464345043,0.677196173,4.863101,0.328531,0.346296,8.024994604,0.9,True,activated,player,player_01523,1.141541216,0.054105965,1.028013333,0.0,0.0,0.027260173,30.673031542,0.0,48.086491236,-78.759522778,0.1,0,0,0.0,0,0,0,0
809,33,39.219945785,0.392199458,0.257322064,0.006561,40,4,45,0,0,7,0.468572999,0.31877138,0.149801619,5.343708,0.239491,0.312193,5.283207093,0.9,True,activated,player,player_00378,0.468572999,0.02028494,0.385413857,0.0,0.0,0.027453962,30.693316482,-0.0,48.059037274,-78.752353756,0.1,0,0,0.0,0,0,0,0
810,33,39.192491823,0.391924918,0.231427745,0.0059049,50,5,55,1,0.025779156,9,0.857570463,0.260586626,0.596983837,3.916427,0.455313,0.475628,17.08086035,0.9,True,activated,staker,staker_00266,0.857570463,0.042878523,0.257271139,0.257271139,0.557420801,0.0,30.736195005,0.0,48.873729214,-79.609924219,0.1,0,0,0.0,0,0,0,0
811,33,40.007183762,0.400071838,0.236238419,0.0059049,60,5,65,1,0.037725757,8,0.6759128,0.562404859,0.113507941,3.738532,0.466864,0.462996,9.557395509,0.9,True,activated,player,player_00218,0.6759128,0.031178161,0.592385061,0.0,0.0,0.028005029,30.767373166,0.0,48.845724185,-79.613097351,0.1,0,0,0.0,0,0,0,1
812,33,39.979178734,0.399791787,0.262303392,0.006561,40,4,45,0,0,5,0.28904777,0.28904777,0,4.326017,0.311177,0.223177,4.111917686,0.9,True,activated,player,player_01535,0.28904777,0.011745588,0.223166165,0.0,0.0,0.020233344,30.779118754,0.0,48.825490841,-79.604609595,0.1,0,0,0.0,0,0,0,0
813,31,38.827581201,0.388275812,0.314503408,0.0081,20,2,25,0,0,8,1.054145669,0.48282895,0.571316719,4.919392,0.332248,0.41628,10.937191218,0.9,True,activated,player,player_01538,1.054145669,0.051285286,0.974420438,0.0,0.0,0.027179307,30.83040404,0.0,48.798311534,-79.628715574,0.1,0,0,0.0,0,0,0,0
814,31,38.800401894,0.388004019,0.254569437,0.006561,40,4,45,0,0,10,1.161676009,0.536328897,0.625347112,4.263118,0.348039,0.551728,22.137826278,0.9,True,activated,player,player_01541,1.161676009,0.039226374,0.745301109,0.0,0.0,0.027160281,30.869630414,0.0,48.771151253,-79.640781667,0.1,0,0,0.0,0,0,0,0
815,35,40.348629216,0.403486292,0.326823897,0.0081,20,2,25,0,0,7,1.072618124,0.37659746,0.696020664,3.519105,0.472884,0.460434,12.324652133,0.9,True,activated,player,player_00319,1.072618124,0.048294314,0.917591957,0.0,0.0,0.02824404,30.917924728,0.0,48.742907213,-79.66083194,0.1,0,0,0.0,0,0,0,0
816,35,40.320385175,0.403203852,0.362883467,0.009,10,1,15,0,0,3,1.052865034,1.026246774,0.02661826,2.005202,0.594657,0.379584,1.616606473,0.9,True,activated,player,player_01546,1.052865034,0.034046824,0.646889652,0.0,0.0,0.02822427,30.951971551,0.0,48.714682943,-79.666654494,0.1,0,0,0.0,0,0,0,0
817,34,40.210425105,0.402104251,0.361893826,0.009,10,1,15,0,0,6,1.823016624,1.236848271,0.586168353,2.366781,0.618839,0.558004,11.481175354,0.9,True,activated,staker,staker_00348,1.823016624,0.091150831,0.546904987,0.546904987,1.184960806,0.0,31.043122383,0.0,50.446548736,-81.489671118,0.1,0,0,0.0,0,0,0,0
818,34,41.942290898,0.419422909,0.377480618,0.009,10,1,15,0,0,4,0.532396574,0.405553669,0.126842905,2.164221,0.647579,0.422929,6.908877115,0.9,True,activated,player,player_01514,0.532396574,0.010849377,0.20613817,0.0,0.0,0.029359604,31.05397176,0.0,50.417189132,-81.471160892,0.1,0,0,0.0,0,0,0,0
819,33,41.71898943,0.417189894,0.337923814,0.0081,20,2,25,0,0,7,0.837306341,0.370439313,0.466867028,3.809842,0.335081,0.496599,10.117381902,0.9,True,activated,player,player_00607,0.837306341,0.029297229,0.556647343,0.0,0.0,0.029203293,31.083268989,-0.0,50.387985839,-81.471254828,0.1,0,0,0.0,0,0,0,0
820,32,41.640731581,0.416407316,0.337289926,0.0081,20,2,25,0,0,6,2.469048065,1.000057698,1.468990367,3.116599,0.408218,0.522773,13.028185115,0.9,True,activated,player,player_01552,2.469048065,0.082284138,1.563398615,0.0,0.0,0.029148512,31.165553126,0.0,50.358837327,-81.524390454,0.1,0,1,0.049054556,0,0,0,0
821,33,43.420021365,0.434200214,0.316531956,0.00729,30,3,35,0,0,4,0.445270879,0.445270879,0,1.717135,0.743976,0.549914,10.448529804,0.9,True,activated,player,player_01182,0.445270879,0.020387674,0.387365809,0.0,0.0,0.030394015,31.1859408,0.0,50.328443312,-81.514384113,0.1,0,0,0.0,0,0,0,0
822,34,43.431928215,0.434319282,0.256461193,0.0059049,50,5,55,0,0,10,1.049979158,0.775051022,0.274928136,3.833249,0.476458,0.458342,16.920249506,0.9,True,activated,player,player_00357,1.049979158,0.029005553,0.551105507,0.0,0.0,0.03040235,31.214946353,0.0,50.298040963,-81.512987316,0.1,0,0,0.0,0,0,0,0
823,33,42.683819042,0.42683819,0.384154371,0.009,10,1,15,0,0,2,0.432528399,0.432528399,0,1.917132,0.603953,0.103953,1.173017771,0.9,True,activated,player,player_01555,0.432528399,0.014555278,0.276550278,0.0,0.0,0.029878673,31.229501631,-0.0,50.268162289,-81.497663921,0.1,0,0,0.0,0,0,0,0
824,33,42.653940369,0.426539404,0.383885463,0.009,10,1,15,0,0,5,1.072809565,0.847162604,0.225646961,1.70194,0.751687,0.626698,11.710683578,0.9,True,activated,player,player_00910,1.072809565,0.014812518,0.281437836,0.0,0.0,0.029857758,31.244314149,0.0,50.238304531,-81.48261868,0.1,0,0,0.0,0,0,0,0
825,32,31.534036043,0.31534036,0.255425692,0.0081,30,2,35,1,0.026586439,7,1.100271378,0.304580909,0.795690469,4.69158,0.361274,0.361724,6.370619891,0.9,True,activated,player,player_01560,1.100271378,0.036242266,0.68860306,0.0,0.0,0.022073825,31.280556415,-0.0,50.216230706,-81.496787121,0.1,0,1,11.090046568,0,0,0,1
826,32,31.511962218,0.315119622,0.255246894,0.0081,30,2,35,1,0.117158654,5,1.201153567,0.274560737,0.92659283,2.728271,0.538908,0.471201,6.847671049,0.9,True,activated,player,player_01174,1.201153567,0.056554134,1.074528538,0.0,0.0,0.022058374,31.337110549,-0.0,50.194172332,-81.531282881,0.1,0,0,0.0,0,0,0,1
827,32,31.489903844,0.314899038,0.255068221,0.0081,20,2,25,0,0,3,0.541917957,0.541917957,0,1.750095,0.719089,0.443208,3.412281386,0.9,True,activated,player,player_01563,0.541917957,0.022057188,0.419086579,0.0,0.0,0.022042933,31.359167737,0.0,50.1721294,-81.531297137,0.1,0,0,0.0,0,0,0,0
828,31,30.724665434,0.307246654,0.24886979,0.0081,20,2,25,0,0,4,0.436434564,0.274463749,0.161970815,3.22269,0.371123,0.263722,2.908926925,0.9,True,activated,player,player_01564,0.436434564,0.014798551,0.281172464,0.0,0.0,0.021507266,31.373966288,-0.0,50.150622134,-81.524588422,0.1,0,0,0.0,0,0,0,0
829,29,30.062011368,0.300620114,0.270558102,0.009,10,1,15,0,0,2,0.394664451,0.394664451,0,1.39686,0.828551,0.328551,2.572078815,0.9,True,activated,player,player_01313,0.394664451,0.017402146,0.330640777,0.0,0.0,0.021043408,31.391368434,-0.0,50.129578726,-81.52094716,0.1,0,0,0.0,0,0,0,0
830,29,30.04096796,0.30040968,0.24333184,0.0081,20,2,25,0,0,8,2.405710797,0.243676966,2.162033831,3.183954,0.505019,0.558591,15.614304513,0.9,True,activated,player,player_01514,2.405710797,0.097193765,1.846681534,0.0,0.0,0.021028678,31.488562199,0.0,50.108550048,-81.597112247,0.1,0,0,0.0,0,0,0,0
831,29,30.019939282,0.300199393,0.243161508,0.0081,20,2,25,0,0,7,1.445594465,0.282219381,1.163375084,1.948079,0.703926,0.624525,20.061584836,0.9,True,activated,player,player_01568,1.445594465,0.071362482,1.355887161,0.0,0.0,0.021013957,31.559924681,-0.0,50.087536091,-81.647460772,0.1,0,0,0.0,0,0,0,0
832,29,29.998925325,0.299989253,0.242991295,0.0081,20,2,25,0,0,6,0.837426935,0.27390143,0.563525505,3.327039,0.482155,0.438746,6.927534524,0.9,True,activated,player,player_01572,0.837426935,0.02273283,0.431923763,0.0,0.0,0.020999248,31.582657511,-0.0,50.066536843,-81.649194354,0.1,0,0,0.0,0,0,0,0
833,29,29.977926077,0.299779261,0.242821201,0.0081,20,2,25,0,0,6,0.890887211,0.279524421,0.61136279,2.758555,0.543218,0.534559,11.316138206,0.9,True,activated,player,player_00575,0.890887211,0.035859876,0.681337648,0.0,0.0,0.020984548,31.618517387,0.0,50.045552295,-81.664069682,0.1,0,0,0.0,0,0,0,0
834,29,29.956941529,0.299569415,0.269612474,0.009,10,1,15,0,0,6,1.91935862,0.297526898,1.621831722,3.471174,0.445197,0.455239,6.17916801,0.9,True,activated,player,player_00902,1.91935862,0.085585583,1.626126082,0.0,0.0,0.020969859,31.70410297,0.0,50.024582436,-81.728685406,0.1,0,0,0.0,0,0,0,0
835,29,29.93597167,0.299359717,0.242481371,0.0081,20,2,25,0,0,6,0.805083519,0.345488533,0.459594986,3.962994,0.422896,0.338107,6.128579416,0.9,True,activated,player,player_01580,0.805083519,0.024278624,0.461293864,0.0,0.0,0.02095518,31.728381595,-0.0,50.003627256,-81.73200885,0.1,0,0,0.0,0,0,0,0
836,30,28.444387445,0.284443874,0.230399538,0.0081,20,2,25,0,0,6,0.916487644,0.678364362,0.238123282,3.202838,0.501147,0.431922,9.991405201,0.9,True,activated,player,player_01428,0.916487644,0.023855166,0.453248154,0.0,0.0,0.019911071,31.752236761,-0.0,49.983716184,-81.735952945,0.1,0,0,0.0,0,0,0,0
837,30,28.424476374,0.284244764,0.230238259,0.0081,20,2,25,0,0,3,0.464836625,0.464836625,0,2.323646,0.541298,0.29249,1.83167089,0.9,True,activated,player,player_01577,0.464836625,0.011655935,0.221462761,0.0,0.0,0.019897133,31.763892695,0.0,49.963819051,-81.727711746,0.1,0,0,0.0,0,0,0,0
838,30,28.404579241,0.284045792,0.255641213,0.009,10,1,15,0,0,4,0.736616225,0.323499015,0.41311721,3.457112,0.354774,0.215454,2.89448063,0.9,True,activated,staker,staker_00347,0.736616225,0.036830811,0.220984867,0.220984867,0.478800546,0.0,31.800723507,0.0,50.663604465,-82.464327971,0.1,0,0,0.0,0,0,0,0
839,30,29.104364654,0.291043647,0.235745354,0.0081,20,2,25,0,0,4,0.97521338,0.795044357,0.180169023,1.567479,0.787483,0.570019,9.549375903,0.9,True,activated,player,player_00801,0.97521338,0.011381123,0.216241333,0.0,0.0,0.020373055,31.812104629,0.0,50.643231409,-82.455336039,0.1,0,0,0.0,0,0,0,0
840,29,28.197990241,0.281979902,0.228403721,0.0081,20,2,25,0,0,7,0.709540456,0.48755177,0.221988686,3.551435,0.468578,0.469086,9.62178849,0.9,True,activated,staker,staker_00266,0.709540456,0.035477023,0.212862137,0.212862137,0.461201296,0.0,31.847581652,-0.0,51.317294843,-83.164876495,0.1,0,0,0.0,0,0,0,0
841,29,28.872053674,0.288720537,0.189429544,0.006561,40,4,45,1,0.046589146,3,0.304802449,0.304802449,0,2.397978,0.565262,0.257742,3.005618253,0.9,True,activated,player,player_01321,0.304802449,0.007635986,0.145083734,0.0,0.0,0.020210438,31.855217638,0.0,51.297084405,-83.152302043,0.1,0,0,0.0,0,0,0,0
842,29,28.851843237,0.288518432,0.210329937,0.00729,30,3,35,0,0,5,0.296846231,0.271075666,0.025770565,2.459127,0.592326,0.486363,10.737380358,0.9,True,activated,player,player_00670,0.296846231,0.007060639,0.134152143,0.0,0.0,0.02019629,31.862278277,0.0,51.276888115,-83.139166392,0.1,0,0,0.0,0,0,0,0
843,29,28.831646947,0.288316469,0.23353634,0.0081,20,2,25,0,0,3,0.244169567,0.244169567,0,2.245782,0.596622,0.305359,2.888816719,0.9,True,activated,staker,staker_00321,0.244169567,0.012208478,0.07325087,0.07325087,0.158710219,0.0,31.874486756,-0.0,51.508849203,-83.383335959,0.1,0,0,0.0,0,0,0,0
844,31,29.886787878,0.298867879,0.268981091,0.009,10,1,15,0,0,5,1.259280735,0.491690441,0.767590294,3.708221,0.361045,0.332365,3.760848017,0.9,True,activated,player,player_01591,1.259280735,0.041277254,0.784267827,0.0,0.0,0.020920752,31.91576401,-0.0,51.487928452,-83.403692462,0.1,0,0,0.0,0,0,0,0
845,31,29.865867127,0.298658671,0.268792804,0.009,10,1,15,0,0,7,0.774625371,0.327202564,0.447422807,5.769132,0.271464,0.25317,6.636805127,0.9,True,activated,player,player_01594,0.774625371,0.034795855,0.661121241,0.0,0.0,0.020906107,31.950559865,-0.0,51.467022345,-83.417582209,0.1,0,0,0.0,0,0,0,0
846,30,28.652744752,0.286527448,0.257874703,0.009,10,1,15,0,0,3,0.702328377,0.405383085,0.296945292,2.132465,0.537196,0.331462,1.361085752,0.9,True,activated,player,player_00673,0.702328377,0.017254856,0.327842265,0.0,0.0,0.020056921,31.967814721,-0.0,51.446965424,-83.414780144,0.1,0,0,0.0,0,0,0,0
847,30,28.63268783,0.286326878,0.286326878,0.01,0,0,5,0,0,6,0.670869576,0.300927792,0.369941784,3.730722,0.448564,0.360236,6.523062747,0.9,True,activated,player,player_00322,0.670869576,0.032140565,0.610670728,0.0,0.0,0.020042881,31.999955285,0.0,51.426922542,-83.426877827,0.1,0,0,0.0,0,0,0,0
848,30,28.612644949,0.286126449,0.257513805,0.009,10,1,15,0,0,3,0.37074102,0.306983633,0.063757387,1.980867,0.671346,0.34311,4.872562614,0.9,True,activated,player,player_01593,0.37074102,0.016634092,0.316047751,0.0,0.0,0.020028851,32.016589377,-0.0,51.406893691,-83.423483068,0.1,0,0,0.0,0,0,0,0
849,30,20.693505147,0.206935051,0.167617392,0.0081,20,2,25,0,0,3,0.296674823,0.296674823,0,2.386649,0.459428,0.243297,1.283591645,0.9,True,activated,player,player_00428,0.296674823,0.008742985,0.166116717,0.0,0.0,0.014485454,32.025332363,0.0,51.392408237,-83.4177406,0.1,0,0,0.0,0,0,0,0
850,30,20.679019694,0.206790197,0.16750006,0.0081,20,2,25,0,0,4,0.332201883,0.209982651,0.122219232,3.568418,0.367906,0.194147,3.075271024,0.9,True,activated,player,player_01602,0.332201883,0.011222898,0.213235067,0.0,0.0,0.014475314,32.036555261,0.0,51.377932923,-83.414488184,0.1,0,0,0.0,0,0,0,0
851,31,21.089144669,0.210891447,0.153739865,0.00729,30,3,35,0,0,6,0.515476403,0.325924531,0.189551872,4.475542,0.327733,0.319407,6.836309557,0.9,True,activated,player,player_01198,0.515476403,0.018065004,0.343235071,0.0,0.0,0.014762401,32.054620265,0.0,51.363170522,-83.417790786,0.1,0,0,0.0,0,0,0,0
852,31,21.074382267,0.210743823,0.18966944,0.009,10,1,15,0,0,7,0.548719485,0.194508776,0.354210709,3.740911,0.410554,0.471042,11.299643109,0.9,True,activated,player,player_00161,0.548719485,0.027150082,0.515851563,0.0,0.0,0.014752068,32.081770347,-0.0,51.348418454,-83.430188801,0.1,0,0,0.0,0,0,0,0
853,31,21.136156138,0.211361561,0.171202865,0.0081,20,2,25,0,0,4,1.324723746,1.305671102,0.019052644,1.356686,0.85248,0.641314,15.957563813,0.9,True,activated,staker,staker_00311,1.324723746,0.066236187,0.397417124,0.397417124,0.861070435,0.0,32.148006534,0.0,52.606906013,-84.754912547,0.1,0,0,0.0,0,0,0,0
854,30,21.771576976,0.21771577,0.21771577,0.01,0,0,5,0,0,2,0.839126741,0.666195318,0.172931423,1.486388,0.793915,0.293915,2.005902236,0.9,True,activated,player,player_00158,0.839126741,0.009408576,0.178762951,0.0,0.0,0.015240104,32.15741511,0.0,52.591665909,-84.74908102,0.1,0,0,0.0,0,0,0,0
855,30,21.756336872,0.217563369,0.195807032,0.009,10,1,15,0,0,7,1.138691912,0.689910939,0.448780973,3.87863,0.430872,0.445556,7.595227312,0.9,True,activated,player,player_00993,1.138691912,0.033164552,0.63012649,0.0,0.0,0.015229436,32.190579663,0.0,52.576436473,-84.767016136,0.1,0,0,0.0,0,0,0,0
856,30,21.741107436,0.217411074,0.217411074,0.01,0,0,5,0,0,6,1.200593292,0.385283656,0.815309636,4.549683,0.320911,0.310608,5.930023008,0.9,True,activated,player,player_00857,1.200593292,0.045989122,0.873793327,0.0,0.0,0.015218775,32.236568785,0.0,52.561217698,-84.797786483,0.1,0,0,0.0,0,0,0,0
857,30,21.725888661,0.217258887,0.217258887,0.01,0,0,5,0,0,4,1.427532681,0.657111299,0.770421382,2.739849,0.460313,0.377657,3.096769415,0.9,True,activated,player,player_01616,1.427532681,0.047364132,0.899918517,0.0,0.0,0.015208122,32.283932917,-0.0,52.546009576,-84.829942494,0.1,0,0,0.0,0,0,0,0
858,33,22.616923286,0.226169233,0.226169233,0.01,0,0,5,0,0,5,0.626730864,0.251077943,0.375652921,3.451224,0.400615,0.373396,4.789177225,0.9,True,activated,player,player_00850,0.626730864,0.029500344,0.560506542,0.0,0.0,0.015831846,32.313433262,0.0,52.53017773,-84.843610992,0.1,0,0,0.0,0,0,0,0
859,32,22.438479022,0.22438479,0.18175168,0.0081,20,2,25,0,0,3,0.182599734,0.182599734,0,2.711496,0.45757,0.176549,1.956921137,0.9,True,activated,player,player_01618,0.182599734,0.006576487,0.124953262,0.0,0.0,0.012781981,32.320009749,-0.0,52.517395748,-84.837405498,0.1,0,0,0.0,0,0,0,0
860,31,18.329642999,0.18329643,0.148470108,0.0081,20,2,25,0,0,4,0.342077479,0.20771517,0.134362309,3.428713,0.392783,0.226827,3.082278868,0.9,True,activated,player,player_01619,0.342077479,0.014024071,0.266457344,0.0,0.0,0.01283075,32.33403382,-0.0,52.504564998,-84.838598818,0.1,0,0,0.0,0,0,0,0
861,30,15.131795407,0.151317954,0.122567543,0.0081,20,2,25,0,0,5,0.443330982,0.150308804,0.293022178,3.712487,0.372586,0.329921,4.224627577,0.9,True,activated,player,player_01620,0.443330982,0.014437221,0.274307201,0.0,0.0,0.010592257,32.348471041,0.0,52.493972742,-84.842443783,0.1,0,0,0.0,0,0,0,0
862,31,15.505664676,0.155056647,0.125595884,0.0081,20,2,25,0,0,2,0.138302949,0.138302949,0,1.254087,0.885612,0.385612,4.067102702,0.9,True,activated,staker,staker_00393,0.138302949,0.006915147,0.041490885,0.041490885,0.089896917,0.0,32.355386189,-0.0,52.625360543,-84.980746732,0.1,0,0,0.0,0,0,0,0
863,34,18.476908787,0.184769088,0.184769088,0.01,0,0,5,0,0,6,1.372950758,0.479937666,0.893013092,3.994458,0.349567,0.395483,6.410887132,0.9,True,activated,player,player_00519,1.372950758,0.05122546,0.973283738,0.0,0.0,0.012933836,32.406611648,0.0,52.612426707,-85.019038355,0.1,0,0,0.0,0,0,0,0
864,34,18.463974951,0.18463975,0.18463975,0.01,0,0,5,0,0,4,1.865355157,1.304676916,0.560678241,1.900987,0.699425,0.506193,6.432730804,0.9,True,activated,player,player_00132,1.865355157,0.028680151,0.544922872,0.0,0.0,0.012924782,32.4352918,-0.0,52.599501924,-85.034793724,0.1,0,0,0.0,0,0,0,0
865,34,18.451050169,0.184510502,0.184510502,0.01,0,0,5,0,0,5,2.031978829,0.309727998,1.722250831,1.939979,0.69512,0.575916,12.281533888,0.9,True,activated,player,player_01629,2.031978829,0.031621254,0.600803818,0.0,0.0,0.012915735,32.466913053,0.0,52.586586189,-85.053499242,0.1,0,0,0.0,0,0,0,0
866,34,18.438134434,0.184381344,0.184381344,0.01,0,0,5,0,0,2,0.568804154,0.53408354,0.034720614,1.129472,0.938959,0.438959,7.525531487,0.9,True,activated,player,player_00875,0.568804154,0.002381365,0.045245943,0.0,0.0,0.012906694,32.469294419,-0.0,52.573679495,-85.042973914,0.1,0,0,0.0,1,0.178637097,5,0
867,36,19.908185185,0.199081852,0.1612563,0.0081,20,2,25,0,0,8,0.921024308,0.183921657,0.737102651,4.440514,0.405434,0.407548,10.016539799,0.9,True,activated,player,player_01632,0.921024308,0.028077262,0.533467971,0.0,0.0,0.01393573,32.49737168,-0.0,52.559743766,-85.057115446,0.1,0,0,0.0,1,0.181078545,5,0
868,35,19.713297666,0.197132977,0.14370994,0.00729,30,3,35,0,0,4,0.187431978,0.187431978,0,3.179393,0.43301,0.282679,3.5080349,0.9,True,activated,player,player_00288,0.187431978,0.005969614,0.113422666,0.0,0.0,0.013120238,32.503341294,-0.0,52.546623527,-85.049964821,0.1,0,0,0.0,1,0.50399572,5,0
869,34,19.196517144,0.191965171,0.155491789,0.0081,20,2,25,0,0,7,1.089905466,0.377428883,0.712476583,4.811798,0.311594,0.371178,6.059236226,0.9,True,activated,player,player_01638,1.089905466,0.047903786,0.910171938,0.0,0.0,0.013437562,32.55124508,0.0,52.533185965,-85.084431046,0.1,0,0,0.0,0,0,0,0
870,34,19.183079582,0.191830796,0.191830796,0.01,0,0,5,0,0,1,0.320738777,0.320738777,0,1.0,1.0,0.0,0.039773014,0.9,True,activated,player,player_00844,0.320738777,0.000671408,0.012756748,0.0,0.0,0.013428156,32.551916488,0.0,52.519757809,-85.071674298,0.1,0,0,0.0,0,0,0,0
871,34,19.169651426,0.191696514,0.191696514,0.01,0,0,5,0,0,6,1.675816676,0.222943615,1.452873061,4.96741,0.32584,0.224909,6.052064063,0.9,True,activated,player,player_00360,1.675816676,0.073314591,1.392977226,0.0,0.0,0.013418756,32.625231079,0.0,52.506339053,-85.131570132,0.1,0,0,0.0,1,0.381037455,5,0
872,36,19.212191397,0.192121914,0.172909723,0.009,10,1,15,0,0,3,0.349446549,0.190019705,0.159426844,2.237903,0.485029,0.28419,1.212435887,0.9,True,activated,player,player_00508,0.349446549,0.009670168,0.183733197,0.0,0.0,0.013448534,32.634901247,0.0,52.492890519,-85.127791767,0.1,0,0,0.0,0,0,0,0
873,36,19.198742863,0.191987429,0.139958835,0.00729,30,3,35,0,0,9,2.936211128,0.149950872,2.786260256,1.778301,0.737284,0.745638,54.398067856,0.9,True,activated,player,player_00488,2.936211128,0.146240374,2.778567106,0.0,0.0,0.01343912,32.781141621,0.0,52.479451399,-85.260593021,0.1,0,0,0.0,0,0,0,0
874,36,19.185303743,0.191853037,0.191853037,0.01,0,0,5,0,0,6,1.2557091,0.751345937,0.504363163,2.477413,0.598344,0.552627,8.685655077,0.9,True,activated,player,player_00326,1.2557091,0.025889644,0.491903232,0.0,0.0,0.013429713,32.807031265,0.0,52.466021687,-85.273052952,0.1,0,0,0.0,0,0,0,0
875,39,21.105803704,0.211058037,0.17095701,0.0081,20,2,25,0,0,8,1.401408726,0.234789428,1.166619298,5.250112,0.313571,0.385786,9.279784794,0.9,True,activated,player,player_01648,1.401408726,0.05920401,1.124876191,0.0,0.0,0.014774063,32.866235275,0.0,52.451247624,-85.317482899,0.1,0,0,0.0,0,0,0,0
876,39,21.091029642,0.210910296,0.17083734,0.0081,20,2,25,0,0,7,1.068138511,0.320037256,0.748101255,3.665608,0.41021,0.381888,6.253842812,0.9,True,activated,player,player_01651,1.068138511,0.032237069,0.612504312,0.0,0.0,0.014763721,32.898472344,0.0,52.436483903,-85.334956248,0.1,0,0,0.0,0,0,0,0
877,39,21.076265921,0.210762659,0.189686393,0.009,10,1,15,0,0,6,1.390981261,0.191598393,1.199382868,3.675585,0.382904,0.434806,7.452670354,0.9,True,activated,player,player_01284,1.390981261,0.049104066,0.932977255,0.0,0.0,0.014753386,32.94757641,-0.0,52.421730517,-85.369306928,0.1,0,0,0.0,0,0,0,0
878,38,20.711947794,0.207119478,0.167766777,0.0081,20,2,25,0,0,5,0.729148862,0.268332522,0.46081634,2.445427,0.595322,0.497532,7.226219406,0.9,True,activated,player,player_00562,0.729148862,0.015478455,0.29409064,0.0,0.0,0.014498363,32.963054865,-0.0,52.407232154,-85.370287019,0.1,0,1,0.349564741,0,0,0,0
879,38,20.697449431,0.206974494,0.16764934,0.0081,20,2,25,0,0,5,0.325536767,0.190857217,0.13467955,3.827609,0.362412,0.312658,4.122259271,0.9,True,activated,player,player_01657,0.325536767,0.011102321,0.210944104,0.0,0.0,0.014488215,32.974157186,0.0,52.392743939,-85.366901125,0.1,0,0,0.0,0,0,0,0
880,38,20.682961216,0.206829612,0.186146651,0.009,10,1,15,0,0,3,0.270813662,0.203338974,0.067474688,1.875648,0.682983,0.41008,3.06672325,0.9,True,activated,player,player_01660,0.270813662,0.010890852,0.206926195,0.0,0.0,0.014478073,32.985048039,0.0,52.378265866,-85.363313905,0.1,0,0,0.0,0,0,0,0
881,38,20.422817484,0.204228175,0.183805357,0.009,10,1,15,0,0,5,0.578686929,0.193653529,0.3850334,3.90335,0.312115,0.290388,3.131910493,0.9,True,activated,player,player_00295,0.578686929,0.022748776,0.432226749,0.0,0.0,0.014295972,33.007796815,-0.0,52.363969894,-85.371766709,0.1,0,0,0.0,0,0,0,0
882,38,20.408521512,0.204085215,0.148778122,0.00729,30,3,35,0,0,6,0.614726598,0.513236484,0.101490114,2.314426,0.631476,0.54596,10.392743151,0.9,True,activated,player,player_00494,0.614726598,0.012041378,0.228786174,0.0,0.0,0.014285965,33.019838192,0.0,52.349683929,-85.369522122,0.1,0,0,0.0,0,0,0,0
883,38,20.394235547,0.203942355,0.18354812,0.009,10,1,15,0,0,5,1.127456425,0.220132244,0.907324181,3.031852,0.517296,0.369166,7.465400943,0.9,True,activated,player,player_01666,1.127456425,0.027925184,0.530578504,0.0,0.0,0.014275965,33.047763377,-0.0,52.335407964,-85.383171341,0.1,0,0,0.0,0,0,0,0
884,37,19.678265711,0.196782657,0.177104391,0.009,10,1,15,0,0,7,1.249736571,0.184971732,1.064764839,3.85472,0.422359,0.447413,11.105782583,0.9,True,activated,player,player_01669,1.249736571,0.056582994,1.075076888,0.0,0.0,0.013774786,33.104346371,-0.0,52.321633178,-85.425979549,0.1,0,0,0.0,0,0,0,0
885,37,19.664490925,0.196644909,0.159282376,0.0081,20,2,25,0,0,6,1.052344857,0.664174123,0.388170734,3.299454,0.474895,0.463888,6.958792888,0.9,True,activated,player,player_01670,1.052344857,0.02831781,0.538038397,0.0,0.0,0.013765144,33.132664181,0.0,52.307868035,-85.440532216,0.1,0,0,0.0,0,0,0,0
886,37,19.650725782,0.196507258,0.196507258,0.01,0,0,5,0,0,2,0.853639442,0.426765226,0.426874216,2.0,0.500064,6.4e-05,0.980616547,0.9,True,activated,player,player_00281,0.853639442,0.022026037,0.418494697,0.0,0.0,0.013755508,33.154690218,-0.0,52.294112527,-85.448802745,0.1,0,0,0.0,0,0,0,0
887,37,19.636970274,0.196369703,0.176732732,0.009,10,1,15,0,0,6,0.396436925,0.188072295,0.20836463,3.897313,0.417637,0.365592,8.201070888,0.9,True,activated,player,player_00984,0.396436925,0.012230799,0.232385176,0.0,0.0,0.013745879,33.166921017,0.0,52.280366647,-85.447287664,0.1,0,0,0.0,0,0,0,0
888,37,19.55281828,0.195528183,0.175975365,0.009,10,1,15,0,0,2,0.283461345,0.283461345,0,1.632524,0.737222,0.237222,1.620309356,0.9,True,activated,player,player_01115,0.283461345,0.004408724,0.083765749,0.0,0.0,0.013686973,33.17132974,-0.0,52.266679675,-85.438009415,0.1,0,0,0.0,1,0.287887438,5,0
889,36,19.25144539,0.192514454,0.173263009,0.009,10,1,15,0,0,2,0.249167572,0.249167572,0,1.952643,0.577867,0.077867,1.102539828,0.9,True,activated,player,player_00437,0.249167572,0.007873082,0.149588563,0.0,0.0,0.013476012,33.179202823,0.0,52.253203663,-85.432406485,0.1,0,0,0.0,0,0,0,0
890,36,19.237969379,0.192379694,0.155827552,0.0081,20,2,25,0,0,7,0.504940153,0.282536919,0.222403234,5.954536,0.22978,0.236873,6.029112943,0.9,True,activated,staker,staker_00360,0.504940153,0.025247008,0.151482046,0.151482046,0.328211099,0.0,33.20444983,0.0,52.732896808,-85.937346638,0.1,0,0,0.0,0,0,0,0
891,36,19.717662524,0.197176625,0.159713066,0.0081,30,2,35,1,0.041294436,6,1.230543085,0.209759898,1.020783187,3.424305,0.454133,0.45325,7.032628496,0.9,True,activated,player,player_01675,1.230543085,0.056044051,1.064836974,0.0,0.0,0.013802364,33.260493882,-0.0,52.719094444,-85.979588326,0.1,0,0,0.0,0,0,0,1
892,39,20.915242039,0.20915242,0.188237178,0.009,10,1,15,0,0,3,0.463938458,0.268460606,0.195477852,2.898554,0.421344,0.091254,2.381086705,0.9,True,activated,staker,staker_00415,0.463938458,0.023196923,0.139181537,0.139181537,0.301559998,0.0,33.283690804,-0.0,53.159835979,-86.443526784,0.1,0,0,0.0,0,0,0,0
893,38,21.002329011,0.21002329,0.170118865,0.0081,20,2,25,0,0,7,1.521930211,0.578049108,0.943881103,4.541222,0.306722,0.404209,8.068772204,0.9,True,activated,player,player_00060,1.521930211,0.053491097,1.016330845,0.0,0.0,0.01470163,33.337181902,0.0,53.145134349,-86.482316251,0.1,0,0,0.0,0,0,0,0
894,37,20.631500241,0.206315002,0.167115152,0.0081,20,2,25,0,0,6,1.097020417,0.556947093,0.540073324,4.110156,0.377881,0.360892,6.961333224,0.9,True,activated,player,player_01684,1.097020417,0.041974456,0.797514658,0.0,0.0,0.01444205,33.379156357,-0.0,53.130692299,-86.509848656,0.1,0,0,0.0,0,0,0,0
895,36,20.295409507,0.202954095,0.182658686,0.009,10,1,15,0,0,4,0.341127226,0.248671839,0.092455387,2.036252,0.669643,0.475158,6.869174419,0.9,True,activated,player,player_00361,0.341127226,0.00634502,0.12055538,0.0,0.0,0.014206787,33.385501377,-0.0,53.116485512,-86.50198689,0.1,0,0,0.0,0,0,0,0
896,34,17.939276047,0.17939276,0.145308136,0.0081,20,2,25,0,0,5,0.317134347,0.212182156,0.104952191,3.921678,0.372592,0.284344,3.493487345,0.9,True,activated,player,player_00521,0.317134347,0.015310582,0.290901055,0.0,0.0,0.012557493,33.400811959,0.0,53.103928019,-86.504739978,0.1,0,0,0.0,0,0,0,0
897,36,18.377767006,0.18377767,0.148859913,0.0081,20,2,25,0,0,4,0.701332133,0.333018328,0.368313805,2.728926,0.525163,0.354864,5.113608126,0.9,True,activated,staker,staker_00375,0.701332133,0.035066607,0.21039964,0.21039964,0.455865886,0.0,33.435878566,-0.0,53.770193545,-87.206072111,0.1,0,0,0.0,1,0.257096916,5,0
898,35,18.780558252,0.187805583,0.187805583,0.01,0,0,5,0,0,2,1.357290713,1.149535197,0.207755516,1.350027,0.846934,0.346934,2.749565825,0.9,True,activated,player,player_00475,1.357290713,0.011045095,0.209856811,0.0,0.0,0.013146391,33.446923661,0.0,53.757047155,-87.203970816,0.1,0,0,0.0,0,0,0,0
899,35,18.767411861,0.187674119,0.168906707,0.009,10,1,15,0,0,6,1.191849277,0.181704542,1.010144735,4.356684,0.355069,0.329091,7.298919567,0.9,True,activated,player,player_00226,1.191849277,0.039089907,0.742708228,0.0,0.0,0.013137188,33.486013568,-0.0,53.743909966,-87.229923534,0.1,0,0,0.0,0,0,0,0
900,35,18.754274673,0.187542747,0.136718662,0.00729,30,3,35,0,0,9,0.515464788,0.187941642,0.327523146,7.260927,0.236627,0.256184,7.100521827,0.9,True,activated,player,player_01693,0.515464788,0.020330987,0.386288746,0.0,0.0,0.013127992,33.506344554,0.0,53.730781974,-87.237126529,0.1,0,0,0.0,0,0,0,0
901,34,18.665460111,0.186654601,0.167989141,0.009,10,1,15,0,0,2,0.180643592,0.180643592,0,1.449049,0.808308,0.308308,2.330171383,0.9,True,activated,player,player_01694,0.180643592,0.002363649,0.044909332,0.0,0.0,0.012645051,33.508708204,-0.0,53.718136923,-87.226845126,0.1,0,0,0.0,0,0,0,0
902,34,18.652815059,0.186528151,0.167875336,0.009,10,1,15,0,0,7,0.962784687,0.375825593,0.586959094,4.625941,0.303639,0.368277,9.500672652,0.9,True,activated,player,player_01695,0.962784687,0.034436162,0.654287071,0.0,0.0,0.013056971,33.543144365,0.0,53.705079952,-87.248224317,0.1,0,0,0.0,0,0,0,0
903,34,18.639758089,0.186397581,0.167757823,0.009,10,1,15,0,0,6,1.538780219,0.272179749,1.26660047,1.761686,0.740703,0.65064,14.657274373,0.9,True,activated,player,player_01702,1.538780219,0.020602435,0.391446269,0.0,0.0,0.013047831,33.5637468,-0.0,53.692032121,-87.255778922,0.1,0,0,0.0,0,0,0,0
904,35,20.038905734,0.200389057,0.162315136,0.0081,20,2,25,0,0,8,1.522853212,0.169666459,1.353186753,4.484916,0.302985,0.475365,16.113921055,0.9,True,activated,player,player_01704,1.522853212,0.060149308,1.142836851,0.0,0.0,0.014027234,33.623896108,-0.0,53.678004887,-87.301900996,0.1,0,0,0.0,0,0,0,0
905,35,20.0248785,0.200248785,0.180223907,0.009,10,1,15,0,0,6,0.734945692,0.450058949,0.284886743,3.015029,0.52897,0.448098,9.590914851,0.9,True,activated,player,player_01666,0.734945692,0.01800995,0.342189054,0.0,0.0,0.014017415,33.641906059,-0.0,53.663987473,-87.305893531,0.1,0,0,0.0,0,0,0,0
906,35,20.010861085,0.200108611,0.200108611,0.01,0,0,5,0,0,1,0.294524695,0.294524695,0,1.0,1.0,0.0,0.045182027,0.9,True,activated,player,player_00652,0.294524695,0.00070038,0.013307223,0.0,0.0,0.014007603,33.642606439,0.0,53.64997987,-87.292586308,0.1,0,0,0.0,0,0,0,0
907,34,19.410000356,0.194100004,0.157221003,0.0081,20,2,25,0,0,3,0.414577257,0.414577257,0,1.521811,0.794495,0.493731,5.521537493,0.9,True,activated,staker,staker_00419,0.414577257,0.020728863,0.124373177,0.124373177,0.269475217,0.0,33.663335302,-0.0,54.043828264,-87.707163565,0.1,0,0,0.0,0,0,0,0
908,33,19.44780494,0.194478049,0.15752722,0.0081,30,2,35,1,0.012027282,3,0.162650126,0.162650126,0,2.240687,0.596222,0.308332,2.814060471,0.9,True,activated,player,player_01709,0.162650126,0.003853005,0.073207096,0.0,0.0,0.011385509,33.667188307,0.0,54.032442755,-87.699631062,0.1,0,1,0.35604381,0,0,0,1
909,32,19.227033798,0.192270338,0.173043304,0.009,10,1,15,0,0,4,0.460229108,0.190101881,0.270127227,3.29379,0.413059,0.254654,3.010922071,0.9,True,activated,player,player_01230,0.460229108,0.014179308,0.269406843,0.0,0.0,0.013458924,33.681367614,0.0,54.018983831,-87.700351446,0.1,0,0,0.0,0,0,0,0
910,34,19.653174971,0.19653175,0.159190717,0.0081,20,2,25,0,0,6,0.454553916,0.167712019,0.286841897,3.085532,0.51296,0.465078,9.140553898,0.9,True,activated,player,player_01081,0.454553916,0.011757159,0.223386026,0.0,0.0,0.013757222,33.693124773,-0.0,54.005226609,-87.698351382,0.1,0,0,0.0,0,0,0,0
911,34,19.639417749,0.196394177,0.196394177,0.01,0,0,5,0,0,6,1.438089035,0.516721644,0.921367391,4.161688,0.359311,0.367998,5.710232354,0.9,True,activated,player,player_00542,1.438089035,0.046755749,0.888359234,0.0,0.0,0.013747592,33.739880523,0.0,53.991479017,-87.731359539,0.1,0,0,0.0,0,0,0,0
912,33,18.577352323,0.185773523,0.185773523,0.01,0,0,5,0,0,6,1.176373661,0.196765355,0.979608306,3.073817,0.520323,0.443578,9.21697693,0.9,True,activated,player,player_01717,1.176373661,0.02886416,0.548419038,0.0,0.0,0.013004147,33.768744682,-0.0,53.97847487,-87.747219552,0.1,0,0,0.0,0,0,0,0
913,33,18.564348176,0.185643482,0.135334098,0.00729,30,3,35,0,0,8,0.397282086,0.183692408,0.213589678,6.940591,0.213915,0.215581,7.492569474,0.9,True,activated,staker,staker_00419,0.397282086,0.019864104,0.119184626,0.119184626,0.258233356,0.0,33.788608787,-0.0,54.355892852,-88.144501638,0.1,0,0,0.0,0,0,0,0
914,32,18.894529628,0.188945296,0.15304569,0.0081,20,2,25,0,0,6,0.444541281,0.164576623,0.279964658,5.010038,0.301179,0.244122,5.369412068,0.9,True,activated,player,player_01722,0.444541281,0.016194059,0.307687112,0.0,0.0,0.013226171,33.804802845,0.0,54.342666681,-88.147469526,0.1,0,1,0.04723653,0,0,0,0
915,32,18.881303457,0.188813035,0.188813035,0.01,0,0,5,0,0,4,1.859301557,0.48504004,1.374261517,2.677882,0.528602,0.378186,4.098153722,0.9,True,activated,player,player_01725,1.859301557,0.087889688,1.669904064,0.0,0.0,0.013216912,33.892692533,-0.0,54.329449768,-88.222142301,0.1,0,0,0.0,0,0,0,0
916,32,18.868086545,0.188680865,0.137548351,0.00729,30,3,35,0,0,9,0.992789505,0.327664246,0.665125259,4.887524,0.357032,0.464805,11.495855847,0.9,True,activated,player,player_00260,0.992789505,0.045455515,0.863654778,0.0,0.0,0.013207661,33.938148047,0.0,54.316242108,-88.254390155,0.1,0,0,0.0,0,0,0,0
917,32,18.854878884,0.188548789,0.188548789,0.01,0,0,5,0,0,5,1.275810408,0.210716026,1.065094382,2.43886,0.593698,0.498057,4.861415512,0.9,True,activated,player,player_01732,1.275810408,0.026578123,0.504984331,0.0,0.0,0.013198415,33.96472617,-0.0,54.303043693,-88.267769863,0.1,0,0,0.0,0,0,0,0
918,33,19.3813853,0.193813853,0.174432468,0.009,10,1,15,0,0,2,0.324899187,0.324899187,0,1.979241,0.551206,0.051206,1.050319011,0.9,True,activated,player,player_01460,0.324899187,0.009632668,0.183020694,0.0,0.0,0.01356697,33.974358838,0.0,54.289476723,-88.263835561,0.1,0,0,0.0,0,0,0,0
919,33,19.36781833,0.193678183,0.141191396,0.00729,30,3,35,0,0,6,0.452408016,0.164729885,0.287678131,2.896896,0.530414,0.499572,10.245611111,0.9,True,activated,player,player_01576,0.452408016,0.01855491,0.352543292,0.0,0.0,0.013557473,33.992913748,0.0,54.27591925,-88.268832998,0.1,0,0,0.0,0,0,0,0
920,33,19.354260857,0.193542609,0.156769513,0.0081,20,2,25,0,0,3,0.185620723,0.185620723,0,2.888159,0.412512,0.107084,2.07889741,0.9,True,activated,player,player_00995,0.185620723,0.006815987,0.129503748,0.0,0.0,0.012993451,33.999729735,-0.0,54.262925799,-88.262655535,0.1,0,0,0.0,0,0,0,0
921,33,19.341267407,0.193412674,0.156664266,0.0081,20,2,25,0,0,6,1.070471004,0.174355967,0.896115037,1.824819,0.728314,0.61489,13.602974536,0.9,True,activated,player,player_01737,1.070471004,0.05115822,0.972006174,0.0,0.0,0.013538887,34.050887955,0.0,54.249386912,-88.300274867,0.1,0,0,0.0,0,0,0,0
922,32,19.157482564,0.191574826,0.155175609,0.0081,20,2,25,0,0,3,0.28714714,0.28714714,0,1.748159,0.725636,0.434056,4.026491842,0.9,True,activated,player,player_01585,0.28714714,0.012159086,0.231022631,0.0,0.0,0.013410238,34.063047041,-0.0,54.235976674,-88.299023715,0.1,0,1,0.170245956,0,0,0,0
923,34,23.486773469,0.234867735,0.234867735,0.01,0,0,5,0,0,4,1.336074336,0.392891707,0.943182629,2.8898,0.484676,0.331167,4.686298838,0.9,True,activated,player,player_01741,1.336074336,0.059597462,1.132351771,0.0,0.0,0.016440741,34.122644502,-0.0,54.219535933,-88.342180435,0.1,0,0,0.0,0,0,0,0
924,33,22.761332586,0.227613326,0.227613326,0.01,0,0,5,0,0,5,1.585204761,0.412701494,1.172503267,3.597942,0.364698,0.341973,2.735668289,0.9,True,activated,player,player_01188,1.585204761,0.05942181,1.12901439,0.0,0.0,0.015932933,34.182066312,0.0,54.203603,-88.385669312,0.1,0,0,0.0,0,0,0,0
925,33,22.745399653,0.227453997,0.204708597,0.009,10,1,15,0,0,3,1.115516468,0.541899489,0.573616979,2.112842,0.514217,0.322998,1.162772762,0.9,True,activated,player,player_00488,1.115516468,0.027891063,0.529930205,0.0,0.0,0.01592178,34.209957376,-0.0,54.18768122,-88.397638596,0.1,0,0,0.0,0,0,0,0
926,33,22.729477874,0.227294779,0.204565301,0.009,10,1,15,0,0,2,0.527084146,0.527084146,0,1.587697,0.754797,0.254797,1.693951485,0.9,True,activated,player,player_00857,0.527084146,0.020687611,0.393064607,0.0,0.0,0.015910635,34.230644986,0.0,54.171770586,-88.402415572,0.1,0,0,0.0,0,0,0,0
927,33,22.713567239,0.227135672,0.204422105,0.009,10,1,15,0,0,6,0.876249693,0.229823051,0.646426642,3.814679,0.43292,0.3731,6.553601296,0.9,True,activated,player,player_00287,0.876249693,0.038111468,0.724117889,0.0,0.0,0.015899497,34.268756454,0.0,54.155871089,-88.424627543,0.1,0,0,0.0,0,0,0,0
928,32,22.478057586,0.224780576,0.16386504,0.00729,30,3,35,0,0,4,0.224779722,0.224779722,0,2.950024,0.492017,0.314034,4.447155082,0.9,True,activated,player,player_00144,0.224779722,0.009209513,0.174980749,0.0,0.0,0.015734581,34.277965967,0.0,54.140136508,-88.418102476,0.1,0,0,0.0,0,0,0,0
929,31,22.219677553,0.222196776,0.161981449,0.00729,30,3,35,0,0,8,1.484523811,0.263034366,1.221489445,4.248728,0.325027,0.499697,13.092026264,0.9,True,activated,player,player_00176,1.484523811,0.069986634,1.329746037,0.0,0.0,0.015553774,34.347952601,0.0,54.124582734,-88.472535335,0.1,0,0,0.0,0,0,0,0
930,31,22.204123779,0.222041238,0.179853403,0.0081,20,2,25,0,0,6,0.49604259,0.185888607,0.310153983,5.132501,0.280511,0.229778,4.757874069,0.9,True,activated,player,player_01212,0.49604259,0.021580549,0.410030436,0.0,0.0,0.015542887,34.36953315,-0.0,54.109039847,-88.478572998,0.1,0,0,0.0,0,0,0,0
931,30,20.025712459,0.200257125,0.180231412,0.009,10,1,15,0,0,4,1.76483166,0.197090859,1.567740801,3.05492,0.474956,0.294396,3.901504301,0.9,True,activated,staker,staker_00420,1.76483166,0.088241583,0.529449498,0.529449498,1.147140579,0.0,34.457774733,-0.0,55.785629924,-90.243404658,0.1,0,0,0.0,0,0,0,0
932,30,21.702302536,0.217023025,0.217023025,0.01,10,0,15,1,0.128567571,5,1.079307935,0.826659542,0.252648393,1.649568,0.765916,0.632045,12.5534294,0.9,True,activated,player,player_01755,1.079307935,0.013392,0.254448005,0.0,0.0,0.015191612,34.471166733,0.0,55.770438313,-90.241605046,0.1,0,0,0.0,0,0,0,1
933,30,21.687110925,0.216871109,0.175665598,0.0081,20,2,25,0,0,8,1.025890844,0.192996182,0.832894662,4.685237,0.289473,0.458425,14.851280617,0.9,True,activated,player,player_00904,1.025890844,0.041294426,0.78459409,0.0,0.0,0.015180978,34.512461159,0.0,55.755257335,-90.267718494,0.1,0,0,0.0,0,0,0,0
934,30,21.671929947,0.216719299,0.216719299,0.01,0,0,5,0,0,2,0.62020425,0.524704817,0.095499433,1.35234,0.846019,0.346019,2.785445059,0.9,True,activated,player,player_01761,0.62020425,0.005533489,0.105136295,0.0,0.0,0.015170351,34.517994648,-0.0,55.740086984,-90.258081633,0.1,0,0,0.0,0,0,0,0
935,29,20.308572628,0.203085726,0.182777154,0.009,10,1,15,0,0,4,0.628826007,0.200546565,0.428279442,3.271679,0.391995,0.261777,2.889157233,0.9,True,activated,player,player_00949,0.628826007,0.022124772,0.420370671,0.0,0.0,0.014216001,34.540119421,0.0,55.725870983,-90.265990404,0.1,0,0,0.0,0,0,0,0
936,28,20.195269281,0.201952693,0.181757424,0.009,10,1,15,0,0,4,0.728058442,0.613667374,0.114391068,1.931422,0.694946,0.488112,7.392832375,0.9,True,activated,player,player_00919,0.728058442,0.011811686,0.224422027,0.0,0.0,0.014136688,34.551931106,0.0,55.711734295,-90.263665401,0.1,0,0,0.0,0,0,0,0
937,26,17.839229624,0.178392296,0.14449776,0.0081,20,2,25,0,0,3,0.389680119,0.389680119,0,1.302067,0.87057,0.556908,9.455608526,0.9,True,activated,player,player_01616,0.389680119,0.00314619,0.059777607,0.0,0.0,0.012487461,34.555077296,-0.0,55.699246834,-90.25432413,0.1,0,0,0.0,0,0,0,0
938,26,17.826742163,0.178267422,0.178267422,0.01,0,0,5,0,0,1,0.18893972,0.18893972,0,1.0,1.0,0.0,0.062743734,0.9,True,activated,player,player_01029,0.18893972,0.000623936,0.011854784,0.0,0.0,0.01247872,34.555701232,0.0,55.686768114,-90.242469347,0.1,0,0,0.0,0,0,0,0
939,25,17.77512276,0.177751228,0.143978494,0.0081,20,2,25,0,0,4,0.578331796,0.401305515,0.177026281,2.514904,0.539672,0.414125,5.635584642,0.9,True,activated,player,player_01110,0.578331796,0.013933231,0.264731392,0.0,0.0,0.012442586,34.569634463,0.0,55.674325529,-90.243959992,0.1,0,0,0.0,0,0,0,0
940,25,17.762680174,0.177626802,0.143877709,0.0081,20,2,25,0,0,6,0.447078597,0.163140244,0.283938353,4.972842,0.233768,0.240975,4.002136246,0.9,True,activated,player,player_00015,0.447078597,0.017749979,0.337249606,0.0,0.0,0.012433876,34.587384442,-0.0,55.661891652,-90.249276095,0.1,0,0,0.0,0,0,0,0
941,26,17.934987594,0.179349876,0.161414888,0.009,10,1,15,0,0,6,1.210404297,0.168214196,1.042190101,1.764157,0.738404,0.655059,21.631804345,0.9,True,activated,player,player_01769,1.210404297,0.016459564,0.312731719,0.0,0.0,0.012554491,34.603844007,-0.0,55.649337161,-90.253181168,0.1,0,0,0.0,0,0,0,0
942,26,17.922433103,0.179224331,0.179224331,0.01,0,0,5,0,0,6,1.614393814,0.444836737,1.169557077,4.553994,0.309298,0.306002,6.619118525,0.9,True,activated,player,player_00803,1.614393814,0.056380537,1.071230199,0.0,0.0,0.012545703,34.660224543,0.0,55.636791458,-90.297016001,0.1,0,0,0.0,0,0,0,0
943,26,17.909887399,0.179098874,0.145070088,0.0081,20,2,25,0,0,6,0.449552569,0.249177254,0.200375315,5.224694,0.280255,0.204397,6.314263407,0.9,True,activated,staker,staker_00311,0.449552569,0.022477628,0.134865771,0.134865771,0.29220917,0.0,34.682702172,0.0,56.063866398,-90.74656857,0.1,0,0,0.0,0,0,0,0
944,26,18.33696234,0.183369623,0.148529395,0.0081,20,2,25,0,0,6,0.598196385,0.204546594,0.393649791,3.743123,0.442772,0.375383,6.521319095,0.9,True,activated,player,player_01626,0.598196385,0.026911898,0.511326055,0.0,0.0,0.012835874,34.709614069,-0.0,56.051030525,-90.760644594,0.1,0,0,0.0,0,0,0,0
945,26,18.324126466,0.183241265,0.133582882,0.00729,30,3,35,0,0,5,0.574675997,0.495354942,0.079321055,2.216586,0.637875,0.52992,6.086312632,0.9,True,activated,player,player_00839,0.574675997,0.025150843,0.477866012,0.0,0.0,0.012826889,34.734764912,0.0,56.038203636,-90.772968549,0.1,0,0,0.0,0,0,0,0
946,26,18.311299578,0.183112996,0.183112996,0.01,0,0,5,0,0,4,0.967954224,0.354905763,0.613048461,3.172987,0.366656,0.26596,2.378947916,0.9,True,activated,player,player_01177,0.967954224,0.031293319,0.594573052,0.0,0.0,0.01281791,34.766058231,-0.0,56.025385727,-90.791443957,0.1,0,0,0.0,0,0,0,0
947,25,17.696258125,0.176962581,0.143339691,0.0081,20,2,25,0,0,5,0.548537957,0.164892622,0.383645335,2.997907,0.519254,0.385667,7.415395335,0.9,True,activated,player,player_01781,0.548537957,0.024861247,0.472363686,0.0,0.0,0.012387381,34.790919477,0.0,56.012998346,-90.803917823,0.1,0,1,0.602223544,0,0,0,0
948,25,17.683870744,0.176838707,0.159154837,0.009,10,1,15,0,0,3,0.17917823,0.161100936,0.018077294,2.405825,0.474849,0.249306,1.443884849,0.9,True,activated,player,player_00061,0.17917823,0.005776931,0.109761693,0.0,0.0,0.01237871,34.796696409,-0.0,56.000619636,-90.797316045,0.1,0,0,0.0,1,0.182499708,5,0
949,25,17.573921051,0.175739211,0.158165289,0.009,10,1,15,0,0,2,0.450854898,0.165541841,0.285313057,1.868161,0.632827,0.132827,1.150046307,0.9,True,activated,player,player_00123,0.450854898,0.008892179,0.168951406,0.0,0.0,0.012301745,34.805588588,-0.0,55.988317892,-90.79390648,0.1,0,0,0.0,0,0,0,0
950,22,14.849163851,0.148491639,0.120278227,0.0081,20,2,25,0,0,7,1.473685405,0.160754534,1.312930871,2.936844,0.504057,0.570202,12.453661046,0.9,True,activated,player,player_00927,1.473685405,0.037062891,0.704194926,0.0,0.0,0.010394415,34.842651479,0.0,55.977923477,-90.820574956,0.1,0,0,0.0,0,0,0,0
951,22,14.838769436,0.148387694,0.120194032,0.0081,20,2,25,0,0,5,0.539961307,0.179190217,0.36077109,2.778531,0.556077,0.388473,7.690288556,0.9,True,activated,player,player_01265,0.539961307,0.012504409,0.237583775,0.0,0.0,0.010387139,34.855155888,-0.0,55.967536338,-90.822692226,0.1,0,0,0.0,0,0,0,0
952,22,14.828382298,0.148283823,0.120109897,0.0081,20,2,25,0,0,6,1.364019922,0.140694348,1.223325574,3.129745,0.434482,0.505673,12.579676573,0.9,True,activated,player,player_01787,1.364019922,0.046133574,0.876537905,0.0,0.0,0.010379868,34.901289462,0.0,55.957156471,-90.858445933,0.1,0,0,0.0,0,0,0,0
953,22,14.81800243,0.148180024,0.133362022,0.009,10,1,15,0,0,2,0.225299098,0.225299098,0,1.910874,0.607983,0.107983,1.134708482,0.9,True,activated,player,player_00133,0.225299098,0.004934682,0.093758951,0.0,0.0,0.010372602,34.906224144,-0.0,55.946783869,-90.853008013,0.1,0,0,0.0,0,0,0,0
954,22,14.807629829,0.148076298,0.148076298,0.01,0,0,5,0,0,5,1.123905462,0.160291229,0.963614233,1.850529,0.713018,0.606455,8.353515191,0.9,True,activated,player,player_01192,1.123905462,0.016645323,0.316261137,0.0,0.0,0.010365341,34.922869467,0.0,55.936418528,-90.859287995,0.1,0,0,0.0,0,0,0,0
955,23,15.303167872,0.153031679,0.137728511,0.009,10,1,15,0,0,5,0.733974702,0.150670078,0.583304624,2.970246,0.523098,0.38386,8.37731021,0.9,True,activated,player,player_01149,0.733974702,0.030400561,0.577610655,0.0,0.0,0.010712218,34.953270027,0.0,55.925706311,-90.878976338,0.1,0,0,0.0,0,0,0,0
956,22,13.44040065,0.134404006,0.108867245,0.0081,20,2,25,0,0,8,1.096873831,0.138507619,0.958366212,4.387496,0.359348,0.475422,10.631721084,0.9,True,activated,player,player_00203,1.096873831,0.048511615,0.921720683,0.0,0.0,0.00940828,35.001781642,0.0,55.91629803,-90.918079672,0.1,0,1,1.852055004,0,0,0,0
957,22,13.430992369,0.134309924,0.108791038,0.0081,20,2,25,0,0,3,0.119971868,0.119971868,0,2.155884,0.619678,0.327234,3.091827572,0.9,True,activated,player,player_00646,0.119971868,0.0027013,0.051324697,0.0,0.0,0.008398031,35.004482942,0.0,55.907899999,-90.912382941,0.1,0,0,0.0,0,0,0,0
958,22,13.422594339,0.134225943,0.120803349,0.009,10,1,15,0,0,7,1.301624163,0.767635224,0.533988939,3.204629,0.507539,0.485127,12.792965714,0.9,True,activated,player,player_01364,1.301624163,0.053586883,1.018150768,0.0,0.0,0.009395816,35.058069825,0.0,55.898504183,-90.956574008,0.1,0,0,0.0,0,0,0,0
959,21,12.961776521,0.129617765,0.10499039,0.0081,20,2,25,0,0,5,0.600715943,0.10751018,0.493205763,2.564095,0.554852,0.491457,11.136015233,0.9,True,activated,player,player_01798,0.600715943,0.013824027,0.262656504,0.0,0.0,0.009073244,35.071893851,0.0,55.88943094,-90.961324791,0.1,0,0,0.0,0,0,0,0
960,22,13.052359784,0.130523598,0.130523598,0.01,0,0,5,0,0,5,0.65405827,0.316344358,0.337713912,3.089395,0.483664,0.415301,5.855453981,0.9,True,activated,player,player_00957,0.65405827,0.017342528,0.329508036,0.0,0.0,0.009136652,35.089236379,-0.0,55.880294288,-90.969530667,0.1,0,0,0.0,0,0,0,0
961,21,12.572540056,0.125725401,0.113152861,0.009,10,1,15,0,0,7,1.251104879,0.142899611,1.108205268,3.884031,0.429555,0.448817,7.738675402,0.9,True,activated,player,player_00383,1.251104879,0.053859252,1.023325779,0.0,0.0,0.008800778,35.143095631,-0.0,55.87149351,-91.014589141,0.1,0,0,0.0,0,0,0,0
962,21,12.563739278,0.125637393,0.125637393,0.01,0,0,5,0,0,2,1.031845771,0.88387032,0.147975451,1.325706,0.856592,0.356592,2.949696894,0.9,True,activated,player,player_00657,1.031845771,0.044633247,0.848031691,0.0,0.0,0.008794617,35.187728878,0.0,55.862698892,-91.05042777,0.1,0,0,0.0,0,0,0,0
963,21,12.554944661,0.125549447,0.112994502,0.009,10,1,15,0,0,6,0.831319143,0.243067247,0.588251896,4.32878,0.332543,0.340376,6.508793979,0.9,True,activated,player,player_01804,0.831319143,0.028182912,0.535475323,0.0,0.0,0.008788461,35.215911789,0.0,55.853910431,-91.069822221,0.1,0,0,0.0,0,0,0,0
964,20,11.656227774,0.116562278,0.10490605,0.009,10,1,15,0,0,4,1.059187882,0.716967169,0.342220713,1.953467,0.647354,0.538376,16.830831883,0.9,True,activated,player,player_00446,1.059187882,0.019083898,0.362594059,0.0,0.0,0.008159359,35.234995687,-0.0,55.845751072,-91.080746759,0.1,0,0,0.0,0,0,0,0
965,20,11.648068414,0.116480684,0.104832616,0.009,10,1,15,0,0,7,1.34601067,0.151229564,1.194781106,3.302469,0.508921,0.435736,10.366871253,0.9,True,activated,player,player_01810,1.34601067,0.033457578,0.635693988,0.0,0.0,0.008153648,35.268453266,0.0,55.837597424,-91.106050689,0.1,0,0,0.0,0,0,0,0
966,19,11.580500478,0.115805005,0.115805005,0.01,0,0,5,0,0,2,0.427260928,0.396546679,0.030714249,1.153985,0.928114,0.428114,6.30451455,0.9,True,activated,player,player_01811,0.427260928,0.020232651,0.384420378,0.0,0.0,0.00810635,35.288685917,0.0,55.829491074,-91.118176991,0.1,0,0,0.0,0,0,0,0
967,19,11.572394127,0.115723941,0.1,0.008641254,20,2,25,0,0,3,0.79110872,0.102085111,0.689023609,2.248301,0.591755,0.308476,2.487361397,0.9,True,activated,player,player_00423,0.79110872,0.016553355,0.314513752,0.0,0.0,0.008100676,35.305239272,-0.0,55.821390398,-91.12662967,0.1,0,0,0.0,0,0,0,0
968,19,11.564293451,0.115642935,0.115642935,0.01,0,0,5,0,0,4,0.9910147,0.253633075,0.737381625,3.64051,0.330439,0.165442,2.562141023,0.9,True,activated,player,player_01433,0.9910147,0.033582,0.638058003,0.0,0.0,0.008095005,35.338821273,-0.0,55.813295392,-91.152116665,0.1,0,0,0.0,0,0,0,0
969,19,11.556198446,0.115561984,0.104005786,0.009,10,1,15,0,0,5,0.207722205,0.116301105,0.0914211,4.32347,0.333245,0.217967,4.276942134,0.9,True,activated,player,player_00459,0.207722205,0.007329457,0.139259692,0.0,0.0,0.008089339,35.34615073,0.0,55.805206053,-91.151356783,0.1,0,0,0.0,0,0,0,0
970,19,11.548109107,0.115481091,0.115481091,0.01,0,0,5,0,0,6,0.631287919,0.142441508,0.488846411,4.876565,0.275736,0.270029,4.42135735,0.9,True,activated,player,player_00440,0.631287919,0.024846504,0.472083583,0.0,0.0,0.008083676,35.370997234,0.0,55.797122377,-91.168119611,0.1,0,0,0.0,0,0,0,0
971,19,11.540025431,0.115400254,0.115400254,0.01,0,0,5,0,0,6,0.630333643,0.144530676,0.485802967,5.075435,0.262865,0.241905,4.652410819,0.9,True,activated,player,player_01820,0.630333643,0.028873122,0.54858932,0.0,0.0,0.008078018,35.399870357,-0.0,55.789044359,-91.188914716,0.1,0,0,0.0,0,0,0,0
972,19,11.531947413,0.115319474,0.115319474,0.01,0,0,5,0,0,2,0.325387972,0.224903166,0.100484806,1.744887,0.691185,0.191185,1.330569541,0.9,True,activated,staker,staker_00412,0.325387972,0.016269399,0.097616392,0.097616392,0.211502182,0.0,35.416139755,0.0,56.098162933,-91.514302688,0.1,0,0,0.0,0,0,0,0
973,19,11.841065986,0.11841066,0.11841066,0.01,0,0,5,0,0,2,0.762115388,0.721516405,0.040598983,1.112183,0.946729,0.446729,8.570759181,0.9,True,activated,player,player_00310,0.762115388,0.002444386,0.046443343,0.0,0.0,0.008288746,35.418584142,0.0,56.089874186,-91.508458328,0.1,0,0,0.0,0,0,0,0
974,19,11.83277724,0.118327772,0.118327772,0.01,0,0,5,0,0,1,0.134326431,0.134326431,0,1.0,1.0,0.0,0.058579662,0.9,True,activated,player,player_01421,0.134326431,0.000414147,0.007868797,0.0,0.0,0.008282944,35.418998289,-0.0,56.081591242,-91.500589531,0.1,0,0,0.0,0,0,0,0
975,19,11.824494296,0.118244943,0.106420449,0.009,10,1,15,0,0,7,0.6394924,0.114968823,0.524523577,6.046836,0.233909,0.222285,5.656568966,0.9,True,activated,player,player_01359,0.6394924,0.027526695,0.52300721,0.0,0.0,0.008277146,35.446524984,-0.0,56.073314096,-91.51983908,0.1,0,0,0.0,0,0,0,0
976,20,12.477796385,0.124777964,0.112300167,0.009,10,1,15,0,0,5,1.15092473,0.750956611,0.399968119,2.303548,0.615106,0.532895,6.741805835,0.9,True,activated,player,player_01670,1.15092473,0.022585931,0.42913269,0.0,0.0,0.008734457,35.469110915,0.0,56.064579639,-91.533690554,0.1,0,0,0.0,0,0,0,0
977,20,12.469061928,0.124690619,0.112221557,0.009,10,1,15,0,0,3,0.254183523,0.128103212,0.126080311,2.358691,0.496021,0.269072,1.437513642,0.9,True,activated,player,player_01827,0.254183523,0.007914916,0.150383402,0.0,0.0,0.008728343,35.477025831,-0.0,56.055851295,-91.532877126,0.1,0,0,0.0,0,0,0,0
978,20,12.460333585,0.124603336,0.100928702,0.0081,20,2,25,0,0,7,1.36919338,0.16205425,1.20713913,2.448255,0.609722,0.578901,14.245675226,0.9,True,activated,player,player_01096,1.36919338,0.027154438,0.515934317,0.0,0.0,0.008722234,35.504180269,0.0,56.047129062,-91.551309331,0.1,0,0,0.0,0,0,0,0
979,20,12.451611351,0.124516114,0.1,0.008031089,30,3,35,1,0.016749462,6,0.720987202,0.260134232,0.46085297,3.74743,0.339239,0.423177,6.945083027,0.9,True,activated,player,player_00332,0.720987202,0.024255802,0.460860235,0.0,0.0,0.008716128,35.528436071,-0.0,56.038412934,-91.566849005,0.1,0,0,0.0,0,0,0,0
980,20,12.442895223,0.124428952,0.111986057,0.009,10,1,15,0,0,7,0.825406831,0.224727287,0.600679544,5.488683,0.279331,0.293248,6.10263363,0.9,True,activated,staker,staker_00422,0.825406831,0.041270342,0.247622049,0.247622049,0.53651444,0.0,35.569706412,0.0,56.822549423,-92.392255836,0.1,0,0,0.0,0,0,0,0
981,20,13.227031713,0.132270317,0.132270317,0.01,0,0,5,0,0,4,0.499801905,0.22831673,0.271485175,3.129787,0.456814,0.285809,3.575611792,0.9,True,activated,player,player_00127,0.499801905,0.014037205,0.266706892,0.0,0.0,0.009258922,35.583743617,-0.0,56.813290501,-92.397034118,0.1,0,0,0.0,0,0,0,0
982,20,13.21777279,0.132177728,0.132177728,0.01,0,0,5,0,0,2,0.26412877,0.21606467,0.0480641,1.423927,0.818028,0.318028,2.352732562,0.9,True,activated,player,player_01523,0.26412877,0.002865827,0.054450714,0.0,0.0,0.009252441,35.586609444,-0.0,56.80403806,-92.390647504,0.1,0,0,0.0,0,0,0,0
983,20,13.208520349,0.132085203,0.118876683,0.009,10,1,15,0,0,5,0.802566697,0.305095848,0.497470849,2.792245,0.503741,0.45523,11.458890552,0.9,True,activated,player,player_01840,0.802566697,0.038178955,0.725400145,0.0,0.0,0.009245964,35.624788399,0.0,56.794792096,-92.419580495,0.1,0,0,0.0,0,0,0,0
984,20,13.199274385,0.131992744,0.131992744,0.01,0,0,5,0,0,4,0.454463568,0.192397009,0.262066559,3.208001,0.42335,0.276975,3.331332988,0.9,True,activated,player,player_00669,0.454463568,0.016339084,0.310442587,0.0,0.0,0.009239492,35.641127483,0.0,56.785552604,-92.426680087,0.1,0,0,0.0,0,0,0,0
985,19,13.000577775,0.130005778,0.1170052,0.009,10,1,15,0,0,7,0.674665206,0.13078892,0.543876286,5.180175,0.293003,0.326803,8.282693339,0.9,True,activated,staker,staker_00375,0.674665206,0.03373326,0.202399562,0.202399562,0.438532384,0.0,35.674860743,-0.0,57.42648455,-93.101345293,0.1,0,0,0.0,0,0,0,0
986,20,13.762532621,0.137625326,0.137625326,0.01,0,0,5,0,0,2,0.200805267,0.1549621,0.045843167,1.544055,0.771703,0.271703,1.875497422,0.9,True,activated,player,player_01482,0.200805267,0.002773847,0.052703093,0.0,0.0,0.009633773,35.67763459,-0.0,57.416850777,-93.094485367,0.1,0,0,0.0,0,0,0,0
987,20,13.752898848,0.137528988,0.111398481,0.0081,20,2,25,0,0,7,1.253982636,0.544357443,0.709625193,4.487606,0.36161,0.401753,6.190051786,0.9,True,activated,player,player_01851,1.253982636,0.051051145,0.969971755,0.0,0.0,0.009627029,35.728685735,0.0,57.407223748,-93.135909483,0.1,0,0,0.0,0,0,0,0
988,21,13.856413241,0.138564132,0.124707719,0.009,10,1,15,0,0,7,1.644519127,0.128880143,1.515638984,2.248153,0.637516,0.637881,13.85625905,0.9,True,activated,player,player_01854,1.644519127,0.030290577,0.575520962,0.0,0.0,0.009699489,35.758976312,0.0,57.397524258,-93.15650057,0.1,0,0,0.0,0,0,0,0
989,21,13.846713752,0.138467138,0.138467138,0.01,0,0,5,0,0,3,0.480964013,0.144679661,0.336284352,2.748162,0.469926,0.160443,2.271765062,0.9,True,activated,player,player_01371,0.480964013,0.017298853,0.328678199,0.0,0.0,0.0096927,35.776275164,-0.0,57.387831559,-93.164106723,0.1,0,0,0.0,0,0,0,0
990,21,13.837021052,0.138370211,0.112079871,0.0081,30,2,35,0,0,3,0.112243537,0.112243537,0,2.411913,0.455322,0.236447,1.339274054,0.9,True,activated,staker,staker_00379,0.112243537,0.005612177,0.033673061,0.033673061,0.072958299,0.0,35.781887341,0.0,57.494462919,-93.27635026,0.1,0,0,0.0,0,0,0,0
991,21,13.943652412,0.139436524,0.139436524,0.01,0,0,5,0,0,6,1.391777261,0.301888305,1.089888956,3.375186,0.464893,0.45296,7.490507627,0.9,True,activated,player,player_01858,1.391777261,0.037725485,0.716784219,0.0,0.0,0.009760557,35.819612826,0.0,57.484702362,-93.304315189,0.1,0,0,0.0,0,0,0,0
992,21,13.933891855,0.139338919,0.139338919,0.01,0,0,5,0,0,2,0.411274019,0.324718075,0.086555944,1.497748,0.789542,0.289542,1.976390229,0.9,True,activated,player,player_01032,0.411274019,0.004815483,0.091494185,0.0,0.0,0.009753724,35.82442831,-0.0,57.474948638,-93.299376948,0.1,0,0,0.0,0,0,0,0
993,20,12.419871416,0.124198714,0.111778843,0.009,10,1,15,0,0,4,1.099263801,0.133231465,0.966032336,1.932442,0.688188,0.508194,8.342838857,0.9,True,activated,staker,staker_00432,1.099263801,0.05496319,0.32977914,0.32977914,0.714521471,0.0,35.8793915,0.0,58.519249249,-94.398640749,0.1,0,1,1.504266715,0,0,0,0
994,20,13.464172027,0.13464172,0.121177548,0.009,10,1,15,0,0,7,1.605448713,0.370269871,1.235178842,3.83857,0.339828,0.476483,19.867526641,0.9,True,activated,player,player_00779,1.605448713,0.053464845,1.01583205,0.0,0.0,0.00942492,35.932856345,-0.0,58.509824328,-94.442680673,0.1,0,0,0.0,0,0,0,0
995,20,13.454747107,0.134547471,0.108983452,0.0081,20,2,25,0,0,8,1.102704143,0.132671971,0.970032172,5.09566,0.321425,0.405646,9.220697221,0.9,True,activated,player,player_01869,1.102704143,0.047948312,0.91101792,0.0,0.0,0.009418323,35.980804656,0.0,58.500406005,-94.481210662,0.1,0,0,0.0,0,0,0,0
996,20,13.445328784,0.134453288,0.121007959,0.009,10,1,15,0,0,2,0.144419233,0.144419233,0,1.999905,0.503437,0.003437,1.073917712,0.9,True,activated,player,player_01853,0.144419233,0.004056247,0.07706869,0.0,0.0,0.00941173,35.984860903,-0.0,58.490994275,-94.475855178,0.1,0,0,0.0,0,0,0,0
997,22,11.284830737,0.112848307,0.101563477,0.009,10,1,15,0,0,6,1.479884854,0.663994948,0.815889906,3.017412,0.42706,0.511506,11.089407873,0.9,True,activated,player,player_00914,1.479884854,0.042789226,0.812995296,0.0,0.0,0.007899382,36.027650129,-0.0,58.483094894,-94.510745023,0.1,0,0,0.0,0,0,0,0
998,22,11.276931355,0.112769314,0.1,0.008867661,20,2,25,0,0,3,0.22942821,0.22942821,0,1.763742,0.725507,0.417746,4.645998242,0.9,True,activated,player,player_00736,0.22942821,0.003543514,0.067326772,0.0,0.0,0.007893852,36.031193644,-0.0,58.475201042,-94.506394685,0.1,0,0,0.0,0,0,0,0
999,22,11.269037503,0.112690375,0.112690375,0.01,0,0,5,0,0,2,0.199980363,0.161277253,0.03870311,1.453822,0.806465,0.306465,2.213377765,0.9,True,activated,staker,staker_00422,0.199980363,0.009999018,0.059994109,0.059994109,0.129987236,0.0,36.041192662,-0.0,58.665182387,-94.706375048,0.1,0,0,0.0,0,0,0,0
1000,23,12.197630217,0.121976302,0.109778672,0.009,10,1,15,0,0,6,0.868313261,0.167527161,0.7007861,3.517274,0.399646,0.443114,9.193092867,0.9,True,activated,player,player_00549,0.868313261,0.039068758,0.742306396,0.0,0.0,0.008538341,36.080261419,-0.0,58.656644046,-94.736905465,0.1,0,0,0.0,0,0,0,0
