participant_id,mode,archetype,staker_principal,active,active_from_draw,bankroll,cumulative_pnl,wins,losses,entries,withdrawals,fees_paid,pro_rata_received
player_00001,player,persistent_player,0.0,True,1,0.483998681,-0.237691737,1,12,13,1,0.025182565,0.0
player_00002,player,persistent_player,0.0,True,1,0.238084094,-0.44484615,0,10,10,0,0.0,0.0
player_00003,player,persistent_player,0.0,True,1,0.841904016,0.117239429,2,10,12,0,0.079146006,0.0
player_00004,player,persistent_player,0.0,True,1,3.795029781,0.853803707,6,9,17,0,0.224439195,0.0
player_00005,player,persistent_player,0.0,True,1,2.313159951,0.93416843,3,4,7,0,0.080074056,0.0
player_00006,player,persistent_player,0.0,True,1,9.277923315,1.837112789,5,5,10,0,0.294001185,0.0
player_00007,player,persistent_player,0.0,True,1,0.815604716,-0.698395941,1,11,12,0,0.019547605,0.0
player_00008,player,persistent_player,0.0,True,1,0.95571248,0.45571248,2,12,15,0,0.052491393,0.0
player_00009,player,occasional_player,0.0,True,1,0.087718228,-0.32723605,0,12,12,0,0.0,0.0
player_00010,player,occasional_player,0.0,True,1,0.077282737,-0.200238676,0,9,9,0,0.0,0.0
player_00011,player,occasional_player,0.0,True,1,1.97719094,-0.996916035,5,8,13,0,0.093084579,0.0
player_00012,player,occasional_player,0.0,True,1,4.44261232,-2.55738768,4,7,12,0,0.091142129,0.0
player_00013,player,opportunistic_player,0.0,True,1,0.964512739,-0.16689728,2,14,16,0,0.08978118,0.0
player_00014,player,occasional_player,0.0,True,1,0.037081442,-0.162918558,0,10,10,0,0.0,0.0
player_00015,player,occasional_player,0.0,True,1,0.219888216,-0.422736443,1,14,15,0,0.019591594,0.0
player_00016,player,opportunistic_player,0.0,True,1,4.541325988,2.380367763,5,6,11,0,0.244407338,0.0
player_00017,player,occasional_player,0.0,True,1,8.495832773,2.055464878,9,5,14,0,0.266287999,0.0
player_00018,player,occasional_player,0.0,True,1,0.991125566,-1.114611259,1,7,9,0,0.023009806,0.0
player_00019,player,occasional_player,0.0,True,1,0.347816638,-0.039409596,1,13,14,0,0.043851784,0.0
player_00020,player,opportunistic_player,0.0,True,1,0.110796894,-0.732337725,0,16,16,0,0.0,0.0
player_00021,player,occasional_player,0.0,True,1,0.561263128,-1.188014319,1,11,12,0,0.043497797,0.0
player_00022,player,occasional_player,0.0,True,1,3.309730887,-3.690269113,1,7,8,0,0.021334312,0.0
player_00023,player,occasional_player,0.0,True,1,0.098270888,-0.727458331,0,14,14,0,0.0,0.0
player_00024,player,occasional_player,0.0,True,1,0.185045657,-0.346761244,0,9,9,0,0.0,0.0
player_00025,player,occasional_player,0.0,True,1,0.256973344,-0.462706664,0,8,8,0,0.0,0.0
player_00026,player,occasional_player,0.0,True,1,0.310659892,-0.373117092,1,7,8,2,0.012288409,0.0
player_00027,player,player_whale,0.0,True,1,16.518893576,-4.019301101,2,8,10,0,0.110945366,0.0
player_00028,player,occasional_player,0.0,True,1,0.691866505,-0.176160316,2,11,14,0,0.05865882,0.0
player_00029,player,occasional_player,0.0,True,1,0.390091224,-1.350766662,0,11,11,0,0.0,0.0
player_00030,player,occasional_player,0.0,True,1,0.217633026,-0.374488326,0,6,6,0,0.0,0.0
player_00031,player,occasional_player,0.0,True,1,0.240129917,-0.455308089,0,8,8,0,0.0,0.0
player_00032,player,occasional_player,0.0,True,1,0.05765054,-0.221191257,0,10,10,0,0.0,0.0
player_00033,player,occasional_player,0.0,True,1,0.510762315,-0.951084618,0,6,6,1,0.0,0.0
player_00034,player,occasional_player,0.0,True,1,3.820946132,-3.179053868,2,6,8,0,0.039419143,0.0
player_00035,player,occasional_player,0.0,True,1,0.454259085,-0.75295207,0,5,5,0,0.0,0.0
player_00036,player,opportunistic_player,0.0,True,1,6.38885035,0.671968546,2,3,5,0,0.087068724,0.0
player_00037,player,occasional_player,0.0,True,1,1.837202041,1.111964563,2,3,5,0,0.070886236,0.0
player_00038,player,occasional_player,0.0,True,1,0.782437054,-0.07676845,2,11,13,0,0.074881788,0.0
player_00039,player,opportunistic_player,0.0,True,1,2.425496633,-1.039178468,1,4,5,0,0.013535733,0.0
player_00040,player,occasional_player,0.0,True,1,0.121034748,-0.438501633,0,11,11,1,0.0,0.0
player_00041,player,occasional_player,0.0,True,1,0.486261754,-0.714427877,3,11,14,0,0.044232737,0.0
player_00042,player,occasional_player,0.0,True,1,0.092375749,-0.366998849,0,10,10,0,0.0,0.0
player_00043,player,occasional_player,0.0,True,1,1.655815524,0.326482382,3,4,7,0,0.075556318,0.0
player_00044,player,occasional_player,0.0,True,1,2.238795715,0.422442989,3,5,8,0,0.109940287,0.0
player_00045,player,occasional_player,0.0,True,1,2.542302209,0.337805697,3,9,12,0,0.143020623,0.0
player_00046,player,occasional_player,0.0,True,1,0.17791748,-0.646069079,0,12,12,0,0.0,0.0
player_00047,player,occasional_player,0.0,True,1,0.157138809,-0.162201737,0,6,6,0,0.0,0.0
player_00048,player,occasional_player,0.0,True,1,1.018697727,-1.321394982,0,6,6,0,0.0,0.0
player_00049,player,occasional_player,0.0,True,1,0.314167647,-0.284115206,0,5,5,0,0.0,0.0
player_00050,player,occasional_player,0.0,True,1,0.591088979,-0.433491007,0,4,4,0,0.0,0.0
player_00051,player,occasional_player,0.0,True,1,0.663169242,-0.168286371,1,9,10,0,0.048084676,0.0
player_00052,player,occasional_player,0.0,True,1,0.046394288,-0.223719804,0,9,9,0,0.0,0.0
player_00053,player,opportunistic_player,0.0,True,1,0.631281031,-0.491850674,1,7,8,1,0.014944689,0.0
player_00054,player,player_whale,0.0,True,1,6.717457454,-0.282542546,5,5,10,0,0.062003394,0.0
player_00055,player,occasional_player,0.0,True,1,0.0947204,-0.16599543,0,7,7,0,0.0,0.0
player_00056,player,occasional_player,0.0,True,1,0.139739114,-0.107211538,0,5,5,0,0.0,0.0
player_00057,player,occasional_player,0.0,True,1,0.498000265,-0.044786515,1,6,7,0,0.022636327,0.0
player_00058,player,opportunistic_player,0.0,True,1,1.568660271,-0.360653687,2,6,8,0,0.047721565,0.0
player_00059,player,occasional_player,0.0,True,1,0.098041939,-0.360996148,0,9,9,0,0.0,0.0
player_00060,player,occasional_player,0.0,True,1,0.605353024,-0.317172394,0,3,3,0,0.0,0.0
player_00061,player,occasional_player,0.0,True,1,0.109562232,-0.098794612,0,6,6,0,0.0,0.0
player_00062,player,occasional_player,0.0,True,1,0.675880465,-1.237674085,1,6,7,0,0.00775084,0.0
player_00063,player,occasional_player,0.0,True,1,0.126151371,-0.273894081,0,9,9,0,0.0,0.0
player_00064,player,occasional_player,0.0,True,1,0.597405491,0.367891305,1,7,8,0,0.033372238,0.0
player_00065,player,occasional_player,0.0,True,1,0.206342457,-0.47530878,0,7,7,0,0.0,0.0
player_00066,player,occasional_player,0.0,True,1,0.323835609,-0.526880999,0,7,7,0,0.0,0.0
player_00067,player,occasional_player,0.0,True,1,0.188655625,-0.421086496,0,8,8,0,0.0,0.0
player_00068,player,opportunistic_player,0.0,True,1,0.379999998,-0.841908997,0,9,9,0,0.0,0.0
player_00069,player,opportunistic_player,0.0,True,1,0.473118613,-0.212266011,2,10,12,0,0.035177491,0.0
player_00070,player,occasional_player,0.0,True,1,0.464591732,0.234961835,1,3,4,0,0.020925355,0.0
player_00071,player,occasional_player,0.0,True,1,0.679416552,-0.003102801,1,7,8,0,0.023782772,0.0
player_00072,player,occasional_player,0.0,True,1,0.389103993,-0.59199522,0,7,7,0,0.0,0.0
player_00073,player,occasional_player,0.0,True,1,3.693085873,2.879883265,3,5,8,0,0.201140705,0.0
player_00074,player,occasional_player,0.0,True,1,0.10879861,-0.148135777,0,5,5,0,0.0,0.0
player_00075,player,occasional_player,0.0,True,1,1.89280839,0.924476614,4,4,8,0,0.112013612,0.0
player_00076,player,opportunistic_player,0.0,True,1,4.333366665,0.332861423,2,1,3,0,0.018681067,0.0
player_00077,player,occasional_player,0.0,True,1,0.322098708,-0.442824241,0,5,5,0,0.0,0.0
player_00078,player,occasional_player,0.0,True,1,0.274646126,-0.40464722,0,6,6,0,0.0,0.0
player_00079,player,occasional_player,0.0,True,1,0.973715122,0.01025954,1,6,7,0,0.038489082,0.0
player_00080,player,opportunistic_player,0.0,True,1,2.782351542,0.757387203,5,3,8,0,0.109639032,0.0
player_00081,player,occasional_player,0.0,True,1,1.179247325,-0.832128745,1,4,5,0,0.001678822,0.0
player_00082,player,occasional_player,0.0,True,1,0.139162851,-0.083206996,0,3,3,0,0.0,0.0
player_00083,player,opportunistic_player,0.0,True,1,1.53708213,-2.050347878,1,10,11,0,0.011706404,0.0
player_00084,player,occasional_player,0.0,True,1,0.138707723,-0.191943079,0,7,7,0,0.0,0.0
player_00085,player,occasional_player,0.0,True,1,1.758583032,0.614675733,2,3,5,0,0.052469419,0.0
player_00086,player,occasional_player,0.0,True,1,0.555609395,-1.436112883,1,11,12,0,0.031229894,0.0
player_00087,player,occasional_player,0.0,True,1,0.409582743,-0.312593657,0,4,4,0,0.0,0.0
player_00088,player,player_whale,0.0,True,1,23.617266307,0.511085469,4,2,6,0,0.146108463,0.0
player_00089,player,occasional_player,0.0,True,1,1.436579351,0.478913392,1,7,8,0,0.052507122,0.0
player_00090,player,occasional_player,0.0,True,1,0.164055398,-0.306963336,0,9,9,0,0.0,0.0
player_00091,player,occasional_player,0.0,True,1,2.615065484,0.26722325,2,2,4,0,0.074945341,0.0
player_00092,player,occasional_player,0.0,True,1,0.214100395,-0.459119883,0,7,7,0,0.0,0.0
player_00093,player,occasional_player,0.0,True,1,0.134170906,-0.435223547,0,8,8,1,0.0,0.0
player_00094,player,opportunistic_player,0.0,True,1,0.859246691,-0.130461084,1,7,8,0,0.030129387,0.0
player_00095,player,occasional_player,0.0,True,1,0.151205811,-0.621646149,0,10,10,0,0.0,0.0
player_00096,player,occasional_player,0.0,True,1,0.58354355,0.004556555,1,6,7,0,0.024221629,0.0
player_00097,player,occasional_player,0.0,True,1,0.393712042,-1.191862512,0,9,9,0,0.0,0.0
player_00098,player,occasional_player,0.0,True,1,0.879033384,0.249697698,1,5,6,0,0.03626182,0.0
player_00099,player,occasional_player,0.0,True,1,1.353673853,-0.405711875,1,6,7,1,0.027065066,0.0
player_00100,player,occasional_player,0.0,True,1,0.861586926,0.201868225,1,0,1,0,0.009409469,0.0
player_00101,player,occasional_player,0.0,True,1,2.106594087,-2.524467197,2,6,8,0,0.043856495,0.0
player_00102,player,occasional_player,0.0,True,1,0.347055577,-0.445341045,0,5,5,0,0.0,0.0
player_00103,player,occasional_player,0.0,True,1,0.120926086,-0.145977099,0,7,7,0,0.0,0.0
player_00104,player,occasional_player,0.0,True,1,0.662345821,-0.447487187,0,5,5,0,0.0,0.0
player_00105,player,opportunistic_player,0.0,True,1,1.185023664,0.585023664,2,6,8,0,0.052791463,0.0
player_00106,player,occasional_player,0.0,True,1,4.773901371,1.363904558,3,2,5,0,0.101256096,0.0
player_00107,player,occasional_player,0.0,True,1,0.115427453,-0.181400107,0,7,7,1,0.0,0.0
player_00108,player,occasional_player,0.0,True,1,0.088567699,-0.161510979,0,7,7,0,0.0,0.0
player_00109,player,occasional_player,0.0,True,1,0.212499877,-0.131446274,0,4,4,0,0.0,0.0
player_00110,player,player_whale,0.0,True,1,8.211353779,0.670740097,3,3,6,0,0.089306249,0.0
player_00111,player,occasional_player,0.0,True,1,0.530769618,-0.294467856,2,8,10,0,0.041336557,0.0
player_00112,player,occasional_player,0.0,True,1,0.372025574,-0.178932579,1,5,6,0,0.011480024,0.0
player_00113,player,opportunistic_player,0.0,True,1,18.603637193,1.040167638,4,1,5,0,0.051808088,0.0
player_00114,player,occasional_player,0.0,True,1,0.665969043,-0.728477561,0,6,6,0,0.0,0.0
player_00115,player,occasional_player,0.0,True,1,0.078645728,-0.121354272,0,6,6,0,0.0,0.0
player_00116,player,opportunistic_player,0.0,True,1,7.054717841,-0.21490412,4,5,9,0,0.096461141,0.0
player_00117,player,occasional_player,0.0,True,1,1.560497341,0.535890211,3,4,7,0,0.059538841,0.0
player_00118,player,occasional_player,0.0,True,1,0.302927942,-1.421354484,0,10,10,0,0.0,0.0
player_00119,player,opportunistic_player,0.0,True,1,1.114771886,-2.436708379,2,11,13,0,0.09113536,0.0
player_00120,player,player_whale,0.0,True,1,6.837448167,-1.367258836,1,5,6,0,0.026649883,0.0
player_00121,player,occasional_player,0.0,True,1,1.642211287,0.01886707,1,7,8,0,0.048604052,0.0
player_00122,player,opportunistic_player,0.0,True,1,1.359716779,-0.87606889,0,5,5,0,0.0,0.0
player_00123,player,occasional_player,0.0,True,1,1.157526208,-0.328165024,1,4,5,0,0.021813591,0.0
player_00124,player,occasional_player,0.0,True,1,1.041919434,-1.132741386,1,7,8,0,0.064045527,0.0
player_00125,player,occasional_player,0.0,True,1,0.528042544,-0.297798237,1,7,8,0,0.030415011,0.0
player_00126,player,opportunistic_player,0.0,True,1,2.40323992,-1.032103238,1,4,5,0,0.01595942,0.0
player_00127,player,occasional_player,0.0,True,1,0.19771975,-0.438468452,0,8,8,0,0.0,0.0
player_00128,player,occasional_player,0.0,True,1,0.45298846,-0.084961097,0,1,1,0,0.0,0.0
player_00129,player,occasional_player,0.0,True,1,2.454609248,0.321634439,2,2,4,0,0.033550585,0.0
player_00130,player,occasional_player,0.0,True,1,0.471746583,-0.719404298,0,5,5,0,0.0,0.0
player_00131,player,occasional_player,0.0,True,1,0.309870311,-0.270892358,0,5,5,0,0.0,0.0
player_00132,player,occasional_player,0.0,True,1,1.359013163,0.416123358,1,4,5,0,0.038251743,0.0
player_00133,player,occasional_player,0.0,True,1,0.460580487,-0.200252452,0,2,2,0,0.0,0.0
player_00134,player,occasional_player,0.0,True,1,1.601696511,-2.524743949,2,10,12,0,0.054063684,0.0
player_00135,player,occasional_player,0.0,True,1,0.343553261,-0.082237455,1,5,6,0,0.007683585,0.0
player_00136,player,occasional_player,0.0,True,1,0.050925917,-0.167983474,0,10,10,0,0.0,0.0
player_00137,player,occasional_player,0.0,True,1,0.195993905,-0.272778468,0,6,6,0,0.0,0.0
player_00138,player,occasional_player,0.0,True,1,2.522928472,-0.02417126,1,7,8,0,0.096441995,0.0
player_00139,player,opportunistic_player,0.0,True,1,1.377448781,0.273941035,1,8,9,1,0.078879474,0.0
player_00140,player,occasional_player,0.0,True,1,1.055401615,-0.191960897,1,4,5,0,0.017146558,0.0
player_00141,player,occasional_player,0.0,True,1,0.879742889,0.389635679,1,5,6,0,0.0663837,0.0
player_00142,player,occasional_player,0.0,True,1,1.361040165,0.333689331,3,6,9,0,0.107871717,0.0
player_00143,player,occasional_player,0.0,True,1,0.213546528,-0.270493618,0,5,5,0,0.0,0.0
player_00144,player,occasional_player,0.0,True,1,1.957083387,-0.854908896,0,3,3,0,0.0,0.0
player_00145,player,occasional_player,0.0,True,1,4.926902654,2.442465001,4,1,5,0,0.191744656,0.0
player_00146,player,occasional_player,0.0,True,1,0.109615651,-0.178764396,0,7,7,1,0.0,0.0
player_00147,player,occasional_player,0.0,True,1,0.188554945,-0.330761709,0,7,7,0,0.0,0.0
player_00148,player,player_whale,0.0,True,1,12.846390122,-0.439969974,1,2,3,0,0.034847315,0.0
player_00149,player,occasional_player,0.0,True,1,0.09724045,-0.356242964,0,10,10,0,0.0,0.0
player_00150,player,player_whale,0.0,True,1,8.113808137,-0.250522371,2,4,6,0,0.086022505,0.0
player_00151,player,occasional_player,0.0,True,1,0.307160802,-0.26273586,0,4,4,0,0.0,0.0
player_00152,player,opportunistic_player,0.0,True,1,0.870620193,-0.60800892,0,6,6,0,0.0,0.0
player_00153,player,occasional_player,0.0,True,1,1.576870528,-0.412604949,2,3,5,0,0.011102118,0.0
player_00154,player,occasional_player,0.0,True,1,0.304684527,-0.229514159,0,4,4,0,0.0,0.0
player_00155,player,occasional_player,0.0,True,1,0.055187311,-0.344837435,0,12,12,0,0.0,0.0
player_00156,player,opportunistic_player,0.0,True,1,0.673559728,0.073559728,1,8,9,0,0.032436313,0.0
player_00157,player,opportunistic_player,0.0,True,1,2.464612367,-0.994520666,2,4,6,0,0.014352381,0.0
player_00158,player,opportunistic_player,0.0,True,1,4.936670257,-1.08518918,2,4,6,0,0.066926287,0.0
player_00159,player,occasional_player,0.0,True,1,0.486109012,-0.338922597,0,3,3,0,0.0,0.0
player_00160,player,occasional_player,0.0,True,1,0.220175381,-0.270258769,0,5,5,0,0.0,0.0
player_00161,player,occasional_player,0.0,True,1,0.285654349,-0.261507413,0,5,5,0,0.0,0.0
player_00162,player,occasional_player,0.0,True,1,0.066611958,-0.205157983,0,7,7,0,0.0,0.0
player_00163,player,occasional_player,0.0,True,1,0.12951974,-0.083220659,0,3,3,0,0.0,0.0
player_00164,player,opportunistic_player,0.0,True,1,2.563957618,0.997400726,2,3,5,0,0.072560288,0.0
player_00165,player,occasional_player,0.0,True,1,0.21192621,-0.06887751,0,2,2,0,0.0,0.0
player_00166,player,occasional_player,0.0,True,1,0.562992713,-0.110244538,1,6,8,0,0.025156136,0.0
player_00167,player,occasional_player,0.0,True,1,0.815521006,-0.134617501,1,6,7,0,0.030341075,0.0
player_00168,player,occasional_player,0.0,True,1,4.545484184,2.966426096,2,2,4,0,0.171994459,0.0
player_00169,player,occasional_player,0.0,True,1,1.363380984,-0.515130877,0,2,2,0,0.0,0.0
player_00170,player,occasional_player,0.0,True,1,0.145244549,-0.168156478,0,4,4,0,0.0,0.0
player_00171,player,opportunistic_player,0.0,True,1,11.740154232,1.494276041,7,1,8,0,0.169437767,0.0
player_00172,player,occasional_player,0.0,True,1,0.191838745,-0.451876788,0,7,7,0,0.0,0.0
player_00173,player,occasional_player,0.0,True,1,0.306697386,-0.568287735,0,7,7,0,0.0,0.0
player_00174,player,opportunistic_player,0.0,True,1,3.015157634,1.393931649,6,4,10,1,0.116210814,0.0
player_00175,player,player_whale,0.0,True,1,6.143333069,-0.856666931,2,8,10,0,0.091548953,0.0
player_00176,player,occasional_player,0.0,True,1,0.294952104,-0.37020833,0,6,6,0,0.0,0.0
player_00177,player,occasional_player,0.0,True,1,0.635207169,-0.590248669,0,4,4,0,0.0,0.0
player_00178,player,opportunistic_player,0.0,True,1,9.86825003,1.938702318,2,0,2,0,0.099003063,0.0
player_00179,player,opportunistic_player,0.0,True,1,0.623476285,-0.356955047,0,4,4,0,0.0,0.0
player_00180,player,occasional_player,0.0,True,1,0.179125239,-0.236673277,0,6,6,0,0.0,0.0
player_00181,player,occasional_player,0.0,True,1,1.853296784,-0.588411965,1,5,6,0,0.041957592,0.0
player_00182,player,opportunistic_player,0.0,True,1,1.797526146,0.376756033,2,5,7,0,0.049176365,0.0
player_00183,player,occasional_player,0.0,True,1,1.812793845,-0.088711502,2,6,8,0,0.053689902,0.0
player_00184,player,occasional_player,0.0,True,1,0.106683692,-0.355903649,0,9,9,0,0.0,0.0
player_00185,player,occasional_player,0.0,True,1,2.916252801,-0.632750711,2,4,6,0,0.060733102,0.0
player_00186,player,occasional_player,0.0,True,1,0.232806069,-0.687329694,0,8,8,0,0.0,0.0
player_00187,player,occasional_player,0.0,True,1,0.592026618,0.167307933,1,6,8,0,0.04491433,0.0
player_00188,player,occasional_player,0.0,True,1,0.88828773,-0.789547526,0,4,4,0,0.0,0.0
player_00189,player,opportunistic_player,0.0,True,1,1.420462529,-0.141847699,2,4,6,0,0.03857025,0.0
player_00190,player,occasional_player,0.0,True,1,0.199713244,-0.260441857,0,6,6,0,0.0,0.0
player_00191,player,occasional_player,0.0,True,1,0.268301554,-0.13943521,0,2,2,1,0.0,0.0
player_00192,player,occasional_player,0.0,True,1,1.972183029,-0.231563027,1,4,5,0,0.044007069,0.0
player_00193,player,occasional_player,0.0,True,1,0.443061311,-0.691091947,0,6,6,0,0.0,0.0
player_00194,player,player_whale,0.0,True,1,10.79267831,2.541434296,4,3,7,0,0.176300815,0.0
player_00195,player,occasional_player,0.0,True,1,0.063531981,-0.346777292,0,11,11,0,0.0,0.0
player_00196,player,occasional_player,0.0,True,1,0.529147305,-0.387014329,0,3,3,0,0.0,0.0
player_00197,player,occasional_player,0.0,True,1,0.584045931,-0.517292501,0,4,4,0,0.0,0.0
player_00198,player,occasional_player,0.0,True,1,0.277570893,-0.295861699,0,5,5,0,0.0,0.0
player_00199,player,opportunistic_player,0.0,True,1,1.975114929,0.426043683,2,4,6,0,0.09019667,0.0
player_00200,player,opportunistic_player,0.0,True,1,0.679415892,-0.415641961,0,4,4,0,0.0,0.0
player_00201,player,occasional_player,0.0,True,1,0.535306119,-0.235742842,0,4,4,0,0.0,0.0
player_00202,player,occasional_player,0.0,True,1,0.745650962,-0.266878776,0,3,3,0,0.0,0.0
player_00203,player,player_whale,0.0,True,1,12.232674587,1.946132677,5,2,7,0,0.106332061,0.0
player_00204,player,occasional_player,0.0,True,1,0.948986652,0.365107231,1,2,3,0,0.023208088,0.0
player_00205,player,occasional_player,0.0,True,1,0.62256256,-0.116635017,1,4,5,0,0.020763148,0.0
player_00206,player,opportunistic_player,0.0,True,1,2.417517994,-0.056806493,1,2,3,0,0.032736096,0.0
player_00207,player,occasional_player,0.0,True,1,0.189620731,-0.159267257,0,6,6,0,0.0,0.0
player_00208,player,opportunistic_player,0.0,True,1,0.563775148,-0.380887763,0,4,4,0,0.0,0.0
player_00209,player,occasional_player,0.0,True,1,0.393755825,-0.648655553,0,6,6,0,0.0,0.0
player_00210,player,occasional_player,0.0,True,1,2.835840841,1.897981912,3,3,6,0,0.117536467,0.0
player_00211,player,occasional_player,0.0,True,1,0.293009872,-0.155421571,0,4,4,0,0.0,0.0
player_00212,player,occasional_player,0.0,True,1,0.669388644,-0.815216666,1,6,7,0,0.010527109,0.0
player_00213,player,opportunistic_player,0.0,True,1,0.872207189,-0.320891848,0,3,3,0,0.0,0.0
player_00214,player,occasional_player,0.0,True,1,3.199829611,1.68423098,3,2,5,0,0.138285482,0.0
player_00215,player,occasional_player,0.0,True,1,0.6212747,-0.260331001,1,3,4,0,0.010612026,0.0
player_00216,player,occasional_player,0.0,True,1,1.417507495,-1.46524496,0,6,6,0,0.0,0.0
player_00217,player,player_whale,0.0,True,1,15.436312631,-3.150057834,3,5,8,0,0.078838439,0.0
player_00218,player,occasional_player,0.0,True,1,1.209917944,-1.479861405,1,8,9,0,0.022735001,0.0
player_00219,player,occasional_player,0.0,True,1,0.420409258,-0.77809074,0,7,7,0,0.0,0.0
player_00220,player,occasional_player,0.0,True,1,0.44149119,-0.365127651,0,5,5,0,0.0,0.0
player_00221,player,player_whale,0.0,True,1,11.577007212,-0.080462809,1,3,4,0,0.065647483,0.0
player_00222,player,opportunistic_player,0.0,True,1,4.436473367,1.633536833,3,1,4,0,0.107192619,0.0
player_00223,player,occasional_player,0.0,True,1,1.082211083,0.550105714,1,4,5,0,0.046097772,0.0
player_00224,player,occasional_player,0.0,True,1,1.626845181,0.1744203,3,7,10,1,0.07822554,0.0
player_00225,player,occasional_player,0.0,True,1,0.815809524,-0.357898939,0,3,3,0,0.0,0.0
player_00226,player,occasional_player,0.0,True,1,0.309175052,0.066516943,1,8,9,0,0.038116467,0.0
player_00227,player,occasional_player,0.0,True,1,0.111201571,-0.582706863,0,11,11,0,0.0,0.0
player_00228,player,opportunistic_player,0.0,True,1,2.31105717,1.436782399,1,3,4,0,0.085960187,0.0
player_00229,player,occasional_player,0.0,True,1,0.66280113,-0.585425579,0,5,5,0,0.0,0.0
player_00230,player,opportunistic_player,0.0,True,1,0.720542328,-0.411631577,0,3,3,0,0.0,0.0
player_00231,player,opportunistic_player,0.0,True,1,5.308658116,1.516024934,2,0,2,0,0.077240558,0.0
player_00232,player,opportunistic_player,0.0,True,1,7.009212358,1.855039847,3,2,6,0,0.102620703,0.0
player_00233,player,occasional_player,0.0,True,1,0.101963774,-0.164911493,0,6,6,0,0.0,0.0
player_00234,player,player_whale,0.0,True,1,9.295592714,-1.937010749,1,4,5,0,0.006404886,0.0
player_00235,player,occasional_player,0.0,True,1,0.607672936,-1.119860875,0,6,6,1,0.0,0.0
player_00236,player,occasional_player,0.0,True,1,1.058258413,0.3861687,1,5,6,0,0.080197201,0.0
player_00237,player,occasional_player,0.0,True,1,0.24044947,-0.189728641,0,4,4,0,0.0,0.0
player_00238,player,occasional_player,0.0,True,1,2.620156917,2.135703608,3,3,6,0,0.159247767,0.0
player_00239,player,opportunistic_player,0.0,True,1,0.633350595,-0.6033168,0,6,6,0,0.0,0.0
player_00240,player,occasional_player,0.0,True,1,0.089386105,-0.185190036,0,8,8,0,0.0,0.0
player_00241,player,occasional_player,0.0,True,1,0.136146475,-0.414583939,0,8,8,0,0.0,0.0
player_00242,player,occasional_player,0.0,True,1,0.152021908,-0.241399056,0,6,6,0,0.0,0.0
player_00243,player,occasional_player,0.0,True,1,0.396351421,0.125981361,1,5,6,0,0.018031681,0.0
player_00244,player,player_whale,0.0,True,1,9.29533244,-2.188785989,2,6,8,0,0.039237883,0.0
player_00245,player,occasional_player,0.0,True,1,0.267026826,-0.455910673,0,6,6,0,0.0,0.0
player_00246,player,occasional_player,0.0,True,1,0.046607626,-0.153392374,0,8,8,0,0.0,0.0
player_00247,player,occasional_player,0.0,True,1,1.945601216,1.313236686,3,3,6,0,0.098516095,0.0
player_00248,player,opportunistic_player,0.0,True,1,0.824167344,-0.554353685,0,5,5,0,0.0,0.0
player_00249,player,occasional_player,0.0,True,1,0.608940026,-0.268128574,1,5,6,0,0.019031903,0.0
player_00250,player,occasional_player,0.0,True,1,0.950118214,-0.523254078,1,5,6,0,0.032238425,0.0
player_00251,player,occasional_player,0.0,True,1,0.998090324,-0.443211863,0,3,3,0,0.0,0.0
player_00252,player,occasional_player,0.0,True,1,0.402702701,-0.620222579,0,7,7,0,0.0,0.0
player_00253,player,occasional_player,0.0,True,1,0.369079849,-0.475541261,0,5,5,0,0.0,0.0
player_00254,player,occasional_player,0.0,True,1,0.200393904,-0.212949726,0,5,5,0,0.0,0.0
player_00255,player,occasional_player,0.0,True,1,0.707143723,-1.246186601,0,7,7,0,0.0,0.0
player_00256,player,occasional_player,0.0,True,1,0.338571795,-0.170715203,0,3,3,0,0.0,0.0
player_00257,player,occasional_player,0.0,True,1,0.319726685,-0.443542802,0,5,5,0,0.0,0.0
player_00258,player,occasional_player,0.0,True,1,0.7251289,-0.45661132,0,3,3,0,0.0,0.0
player_00259,player,occasional_player,0.0,True,1,0.334022136,0.008174723,1,5,6,0,0.020536421,0.0
player_00260,player,opportunistic_player,0.0,True,1,5.157656156,-0.130238847,2,2,4,0,0.023797597,0.0
player_00261,player,occasional_player,0.0,True,1,0.286946409,-0.170357102,0,3,3,0,0.0,0.0
player_00262,player,opportunistic_player,0.0,True,1,0.41575553,-0.297714842,0,4,4,0,0.0,0.0
player_00263,player,opportunistic_player,0.0,True,1,0.421919928,-0.278839716,0,4,4,0,0.0,0.0
player_00264,player,opportunistic_player,0.0,True,1,3.421773838,0.281092532,1,3,4,0,0.05774352,0.0
player_00265,player,occasional_player,0.0,True,1,2.001029552,-0.811225577,0,2,2,0,0.0,0.0
player_00266,player,occasional_player,0.0,True,1,0.211221546,-0.22916977,0,5,5,0,0.0,0.0
player_00267,player,player_whale,0.0,True,1,5.387583487,-1.612416513,1,5,6,0,0.003527824,0.0
player_00268,player,occasional_player,0.0,True,1,0.585374984,-0.271009883,0,3,3,0,0.0,0.0
player_00269,player,occasional_player,0.0,True,1,0.533398721,-0.138467763,0,3,3,0,0.0,0.0
player_00270,player,opportunistic_player,0.0,True,1,3.303918916,-1.184662239,0,4,4,0,0.0,0.0
player_00271,player,occasional_player,0.0,True,1,0.138218786,-0.167771841,0,5,5,0,0.0,0.0
player_00272,player,occasional_player,0.0,True,1,0.341692159,-0.080168925,0,1,1,0,0.0,0.0
player_00273,player,opportunistic_player,0.0,True,1,0.529746811,-0.070253189,0,1,1,0,0.0,0.0
player_00274,player,opportunistic_player,0.0,True,1,2.365443583,0.323577367,1,4,5,0,0.063286876,0.0
player_00275,player,player_whale,0.0,True,1,39.027906785,1.865580018,3,1,4,0,0.140070691,0.0
player_00276,player,occasional_player,0.0,True,1,0.242313551,-0.402772259,0,6,6,0,0.0,0.0
player_00277,player,occasional_player,0.0,True,1,0.12397473,-0.118042895,0,4,4,0,0.0,0.0
player_00278,player,occasional_player,0.0,True,1,4.605425782,1.755677101,2,1,3,0,0.120548425,0.0
player_00279,player,occasional_player,0.0,True,1,0.060039213,-0.139960787,0,8,8,0,0.0,0.0
player_00280,player,opportunistic_player,0.0,True,1,0.455201723,-0.287723829,0,3,3,0,0.0,0.0
player_00281,player,occasional_player,0.0,True,1,0.159143082,-0.318425291,0,6,6,0,0.0,0.0
player_00282,player,occasional_player,0.0,True,1,1.146330331,0.489339496,2,6,8,0,0.076538245,0.0
player_00283,player,occasional_player,0.0,True,1,0.898874644,0.384749191,1,5,6,0,0.04106294,0.0
player_00284,player,occasional_player,0.0,True,1,0.508160838,-0.238725511,1,6,7,0,0.033661789,0.0
player_00285,player,occasional_player,0.0,True,1,0.244069996,-0.200147932,0,4,4,0,0.0,0.0
player_00286,player,opportunistic_player,0.0,True,1,0.866825933,0.266825933,1,4,5,0,0.029641336,0.0
player_00287,player,occasional_player,0.0,True,1,0.553661148,-0.511259197,0,5,5,0,0.0,0.0
player_00288,player,opportunistic_player,0.0,True,1,6.822522016,4.083343864,5,2,7,0,0.231990476,0.0
player_00289,player,occasional_player,0.0,True,1,0.643755117,-0.991852942,0,6,6,0,0.0,0.0
player_00290,player,occasional_player,0.0,True,1,0.173875688,-0.364647595,0,8,8,0,0.0,0.0
player_00291,player,occasional_player,0.0,True,1,1.25616088,0.796982823,1,1,2,1,0.053238692,0.0
player_00292,player,occasional_player,0.0,True,1,1.059269231,-0.94682758,1,5,6,0,0.021962921,0.0
player_00293,player,occasional_player,0.0,True,1,1.119681825,-0.859268608,0,4,4,0,0.0,0.0
player_00294,player,occasional_player,0.0,True,1,3.566802625,-0.190764415,1,2,3,0,0.025229556,0.0
player_00295,player,occasional_player,0.0,True,1,0.330662824,-0.117314483,0,2,2,0,0.0,0.0
player_00296,player,occasional_player,0.0,True,1,2.986017544,0.528395387,2,1,3,0,0.040493334,0.0
player_00297,player,opportunistic_player,0.0,True,1,1.007349211,-0.30676116,0,4,4,0,0.0,0.0
player_00298,player,occasional_player,0.0,True,1,1.07813246,0.196285193,1,4,5,0,0.027061292,0.0
player_00299,player,opportunistic_player,0.0,True,1,2.488455479,0.348528171,1,3,4,0,0.077972951,0.0
player_00300,player,player_whale,0.0,True,1,11.552741883,-0.640473454,1,3,4,0,0.036085143,0.0
player_00301,player,player_whale,0.0,True,1,12.416216663,2.043249436,2,2,4,0,0.147058593,0.0
player_00302,player,occasional_player,0.0,True,1,0.569314619,-1.154229442,0,7,7,1,0.0,0.0
player_00303,player,occasional_player,0.0,True,1,0.263387669,-0.231811262,0,5,5,0,0.0,0.0
player_00304,player,occasional_player,0.0,True,1,1.95909673,1.56354707,3,2,5,0,0.133070318,0.0
player_00305,player,occasional_player,0.0,True,1,0.138653446,-0.061346554,0,4,4,0,0.0,0.0
player_00306,player,occasional_player,0.0,True,1,0.309537914,-0.128948267,0,2,2,0,0.0,0.0
player_00307,player,opportunistic_player,0.0,True,1,2.753975133,0.891375746,3,2,5,0,0.07969494,0.0
player_00308,player,player_whale,0.0,True,1,10.488665532,-0.041935741,3,5,8,0,0.069314965,0.0
player_00309,player,occasional_player,0.0,True,1,0.662610402,-0.432905696,0,4,4,0,0.0,0.0
player_00310,player,opportunistic_player,0.0,True,1,1.689614178,-0.127533257,1,2,3,0,0.014757703,0.0
player_00311,player,occasional_player,0.0,True,1,3.32015362,3.049625065,2,4,6,0,0.188069019,0.0
player_00312,player,occasional_player,0.0,True,1,2.429860926,1.07236574,1,3,4,0,0.075122824,0.0
player_00313,player,occasional_player,0.0,True,1,2.161518969,-0.896724037,0,3,3,0,0.0,0.0
player_00314,player,occasional_player,0.0,True,1,0.98765962,-1.39923682,0,6,6,0,0.0,0.0
player_00315,player,occasional_player,0.0,True,1,2.485191677,-0.389147537,0,2,2,0,0.0,0.0
player_00316,player,occasional_player,0.0,True,1,0.771140769,0.529286579,1,7,8,0,0.048810514,0.0
player_00317,player,occasional_player,0.0,True,1,0.16094855,-0.101756851,0,4,4,0,0.0,0.0
player_00318,player,occasional_player,0.0,True,1,1.28432742,0.109491856,1,3,4,0,0.026831924,0.0
player_00319,player,opportunistic_player,0.0,True,1,0.443645677,-0.522114398,0,7,7,0,0.0,0.0
player_00320,player,occasional_player,0.0,True,1,0.314326238,-0.217965692,0,3,3,0,0.0,0.0
player_00321,player,opportunistic_player,0.0,True,1,0.407025666,-0.192974334,0,3,3,0,0.0,0.0
player_00322,player,opportunistic_player,0.0,True,1,1.547761855,0.311357621,2,4,6,0,0.043615139,0.0
player_00323,player,opportunistic_player,0.0,True,1,1.986676631,0.430998841,1,1,2,0,0.034364414,0.0
player_00324,player,occasional_player,0.0,True,1,0.298256217,-0.507035133,0,7,7,0,0.0,0.0
player_00325,player,opportunistic_player,0.0,True,1,1.32234618,-0.014881246,1,4,5,0,0.034043144,0.0
player_00326,player,occasional_player,0.0,True,1,0.129500701,-0.070499299,0,2,2,0,0.0,0.0
player_00327,player,occasional_player,0.0,True,1,1.079813258,-0.40613171,0,2,2,0,0.0,0.0
player_00328,player,occasional_player,0.0,True,1,0.309130686,-0.377956455,0,7,7,0,0.0,0.0
player_00329,player,occasional_player,0.0,True,1,6.101196316,0.241692961,2,1,3,0,0.043268315,0.0
player_00330,player,opportunistic_player,0.0,True,1,0.846479551,-0.616543099,0,6,6,0,0.0,0.0
player_00331,player,opportunistic_player,0.0,True,1,0.730378425,-0.515765234,0,4,4,0,0.0,0.0
player_00332,player,opportunistic_player,0.0,True,1,3.855915796,2.273296205,2,2,4,0,0.13629473,0.0
player_00333,player,occasional_player,0.0,True,1,0.820127564,-0.382525843,0,3,3,0,0.0,0.0
player_00334,player,occasional_player,0.0,True,1,1.855418022,0.862112039,1,1,2,0,0.049776071,0.0
player_00335,player,occasional_player,0.0,True,1,1.07524297,0.188568166,1,3,4,0,0.019306844,0.0
player_00336,player,occasional_player,0.0,True,1,0.562610976,-0.409177059,0,3,3,0,0.0,0.0
player_00337,player,occasional_player,0.0,True,1,0.23444671,-0.268982862,0,5,5,0,0.0,0.0
player_00338,player,occasional_player,0.0,True,1,0.212119581,-0.51172095,0,6,6,0,0.0,0.0
player_00339,player,occasional_player,0.0,True,1,0.248043261,-0.139714138,0,3,3,0,0.0,0.0
player_00340,player,occasional_player,0.0,True,1,0.098268398,-0.101731602,0,6,6,0,0.0,0.0
player_00341,player,occasional_player,0.0,True,1,0.565148888,-1.122747376,0,6,6,0,0.0,0.0
player_00342,player,occasional_player,0.0,True,1,0.261180055,-0.308771434,0,6,6,0,0.0,0.0
player_00343,player,occasional_player,0.0,True,1,0.210229378,-0.345287734,0,6,6,0,0.0,0.0
player_00344,player,occasional_player,0.0,True,1,3.848042532,0.679401123,2,2,4,0,0.054054448,0.0
player_00345,player,occasional_player,0.0,True,1,2.633469422,1.273874601,2,2,4,0,0.089167325,0.0
player_00346,player,occasional_player,0.0,True,1,0.681428592,-0.229628066,0,3,3,0,0.0,0.0
player_00347,player,player_whale,0.0,True,1,14.034814218,1.116146229,3,1,4,0,0.071091959,0.0
player_00348,player,occasional_player,0.0,True,1,0.316734545,-0.220770576,0,4,4,0,0.0,0.0
player_00349,player,occasional_player,0.0,True,1,0.853124241,-0.255855949,1,4,5,0,0.0164913,0.0
player_00350,player,occasional_player,0.0,True,1,0.13801616,-0.06198384,0,2,2,0,0.0,0.0
player_00351,player,opportunistic_player,0.0,True,1,2.284931805,0.970605228,1,2,3,0,0.068082708,0.0
player_00352,player,occasional_player,0.0,True,1,1.755573198,0.693440115,2,3,5,0,0.050324519,0.0
player_00353,player,opportunistic_player,0.0,True,1,1.244679331,-0.700275832,0,6,6,0,0.0,0.0
player_00354,player,occasional_player,0.0,True,1,4.301006765,-0.132415485,1,2,3,0,0.054611215,0.0
player_00355,player,occasional_player,0.0,True,1,1.322032184,-0.666045361,0,4,4,0,0.0,0.0
player_00356,player,occasional_player,0.0,True,1,0.660391979,-1.350800622,0,7,7,0,0.0,0.0
player_00357,player,occasional_player,0.0,True,1,0.078018862,-0.121981138,0,5,5,0,0.0,0.0
player_00358,player,opportunistic_player,0.0,True,1,0.356856487,-0.243143513,0,4,4,0,0.0,0.0
player_00359,player,occasional_player,0.0,True,1,1.538931603,-1.482167558,0,5,5,0,0.0,0.0
player_00360,player,occasional_player,0.0,True,1,0.766382495,-0.250278012,0,2,2,0,0.0,0.0
player_00361,player,occasional_player,0.0,True,1,1.746981635,-1.252506691,1,4,5,0,0.005883322,0.0
player_00362,player,occasional_player,0.0,True,1,0.498575184,-0.301868502,0,3,3,0,0.0,0.0
player_00363,player,occasional_player,0.0,True,1,0.481279125,-0.326701531,0,3,3,0,0.0,0.0
player_00364,player,occasional_player,0.0,True,1,0.91983211,0.454136807,1,5,6,0,0.051483356,0.0
player_00365,player,opportunistic_player,0.0,True,1,6.695147892,1.526870875,4,6,10,0,0.166975071,0.0
player_00366,player,occasional_player,0.0,True,1,0.179656044,-0.053914957,0,2,2,0,0.0,0.0
player_00367,player,occasional_player,0.0,True,1,1.221920074,-0.652423738,1,4,5,0,0.00676422,0.0
player_00368,player,opportunistic_player,0.0,True,1,1.737996696,1.009659916,1,2,3,0,0.060893409,0.0
player_00369,player,occasional_player,0.0,True,1,0.183767416,-0.016232584,0,1,1,0,0.0,0.0
player_00370,player,occasional_player,0.0,True,1,0.1846228,-0.261895979,0,5,5,0,0.0,0.0
player_00371,player,opportunistic_player,0.0,True,1,3.306213243,-1.574377843,1,4,5,0,0.007202854,0.0
player_00372,player,occasional_player,0.0,True,1,1.140208611,0.60963025,1,4,5,0,0.039950586,0.0
player_00373,player,opportunistic_player,0.0,True,1,1.968956393,-0.288294928,1,3,4,0,0.015964641,0.0
player_00374,player,occasional_player,0.0,True,1,0.614132117,-0.358882644,0,3,3,0,0.0,0.0
player_00375,player,occasional_player,0.0,True,1,0.268396157,-0.174964267,0,3,3,0,0.0,0.0
player_00376,player,occasional_player,0.0,True,1,0.77656052,-0.896724608,0,5,5,0,0.0,0.0
player_00377,player,occasional_player,0.0,True,1,0.219403735,-0.064332166,0,2,2,0,0.0,0.0
player_00378,player,occasional_player,0.0,True,1,4.124282693,0.151459014,2,4,6,0,0.092697118,0.0
player_00379,player,player_whale,0.0,True,1,11.824937335,-0.219268418,1,2,3,0,0.053865356,0.0
player_00380,player,opportunistic_player,0.0,True,1,0.55259213,-0.04740787,0,1,1,0,0.0,0.0
player_00381,player,occasional_player,0.0,True,1,1.462019364,0.368558422,2,8,10,0,0.089698762,0.0
player_00382,player,occasional_player,0.0,True,1,0.156223317,-0.043776683,0,2,2,0,0.0,0.0
player_00383,player,occasional_player,0.0,True,1,0.490876486,-0.401699098,0,4,4,0,0.0,0.0
player_00384,player,occasional_player,0.0,True,1,0.251926987,-0.105350558,0,2,2,0,0.0,0.0
player_00385,player,occasional_player,0.0,True,1,0.922357497,0.567712545,1,6,7,0,0.038142493,0.0
player_00386,player,occasional_player,0.0,True,1,0.319739671,-0.454509353,0,6,6,0,0.0,0.0
player_00387,player,opportunistic_player,0.0,True,1,1.90156909,-0.812175642,0,4,4,0,0.0,0.0
player_00388,player,occasional_player,0.0,True,1,0.138076998,-0.169798095,0,5,5,0,0.0,0.0
player_00389,player,occasional_player,0.0,True,1,1.981933396,0.497831361,1,3,4,0,0.050137072,0.0
player_00390,player,occasional_player,0.0,True,1,0.405929036,-0.36166379,0,4,4,0,0.0,0.0
player_00391,player,opportunistic_player,0.0,True,1,0.709512004,-0.291976544,0,3,3,0,0.0,0.0
player_00392,player,occasional_player,0.0,True,1,1.65705189,0.611815938,2,1,3,0,0.033929013,0.0
player_00393,player,occasional_player,0.0,True,1,3.073747164,-0.011677519,2,3,5,0,0.081214443,0.0
player_00394,player,opportunistic_player,0.0,True,1,5.196220776,1.891061097,2,3,5,0,0.147057223,0.0
player_00395,player,occasional_player,0.0,True,1,0.345323353,-0.315568324,0,4,4,0,0.0,0.0
player_00396,player,occasional_player,0.0,True,1,0.088321562,-0.111678438,0,5,5,0,0.0,0.0
player_00397,player,occasional_player,0.0,True,1,0.248461105,-0.328395673,0,5,5,0,0.0,0.0
player_00398,player,occasional_player,0.0,True,1,2.24025219,0.088417063,1,2,3,0,0.01814688,0.0
player_00399,player,opportunistic_player,0.0,True,1,4.504265313,1.684260818,1,1,2,0,0.094654548,0.0
player_00400,player,occasional_player,0.0,True,1,7.414955913,0.414955913,2,1,3,0,0.07215775,0.0
player_00401,player,occasional_player,0.0,True,1,0.103595672,-0.096404328,0,5,5,0,0.0,0.0
player_00402,player,occasional_player,0.0,True,1,2.069551349,1.133540084,1,2,3,0,0.091900542,0.0
player_00403,player,occasional_player,0.0,True,1,0.594870949,-0.503066909,0,4,4,0,0.0,0.0
player_00404,player,opportunistic_player,0.0,True,1,1.069598153,-1.238766592,0,5,5,0,0.0,0.0
player_00405,player,occasional_player,0.0,True,1,5.156314619,2.01343333,2,1,3,0,0.120793185,0.0
player_00406,player,occasional_player,0.0,True,1,0.100152658,-0.099847342,0,5,5,0,0.0,0.0
player_00407,player,player_whale,0.0,True,1,8.299522277,0.434961056,1,3,4,0,0.06110419,0.0
player_00408,player,occasional_player,0.0,True,1,0.747784006,-0.33548274,0,2,2,0,0.0,0.0
player_00409,player,occasional_player,0.0,True,1,0.355149879,-0.346808258,0,6,6,0,0.0,0.0
player_00410,player,player_whale,0.0,True,1,11.566232361,-1.702306612,0,2,2,0,0.0,0.0
player_00411,player,opportunistic_player,0.0,True,1,6.493954398,2.884044071,2,2,4,0,0.178844522,0.0
player_00412,player,occasional_player,0.0,True,1,0.353086241,-0.338608571,0,4,4,0,0.0,0.0
player_00413,player,occasional_player,0.0,True,1,0.346195154,-0.132291756,0,2,2,0,0.0,0.0
player_00414,player,occasional_player,0.0,True,1,1.377511862,-0.287472378,1,3,4,0,0.025080611,0.0
player_00415,player,occasional_player,0.0,True,1,0.113333173,-0.086666827,0,3,3,0,0.0,0.0
player_00416,player,occasional_player,0.0,True,1,0.202811034,-0.150279377,0,4,4,0,0.0,0.0
player_00417,player,occasional_player,0.0,True,1,0.935693284,-0.801683059,0,5,5,0,0.0,0.0
player_00418,player,player_whale,0.0,True,1,7.504425611,0.504425611,2,3,5,0,0.077330478,0.0
player_00419,player,occasional_player,0.0,True,1,0.192578356,-0.03564411,0,2,2,0,0.0,0.0
player_00420,player,occasional_player,0.0,True,1,1.872885673,-0.068545418,1,5,6,0,0.048343402,0.0
player_00421,player,opportunistic_player,0.0,True,1,0.650070395,-0.110543467,0,1,1,0,0.0,0.0
player_00422,player,occasional_player,0.0,True,1,5.300702083,-1.699297917,2,3,5,0,0.078676772,0.0
player_00423,player,occasional_player,0.0,True,1,0.403406108,-0.152384723,0,2,2,0,0.0,0.0
player_00424,player,player_whale,0.0,True,1,7.669466621,0.669466621,2,1,3,0,0.041365097,0.0
player_00425,player,occasional_player,0.0,True,1,0.238626182,-0.130235032,0,3,3,0,0.0,0.0
player_00426,player,occasional_player,0.0,True,1,4.386485722,2.304780849,2,2,4,0,0.139000172,0.0
player_00427,player,opportunistic_player,0.0,True,1,2.440120615,0.085085702,1,3,4,0,0.042829199,0.0
player_00428,player,opportunistic_player,0.0,True,1,1.036546759,-1.204626277,0,6,6,0,0.0,0.0
player_00429,player,opportunistic_player,0.0,True,1,1.898881448,-0.229076105,0,1,1,0,0.0,0.0
player_00430,player,occasional_player,0.0,True,1,0.0924431,-0.318662265,0,9,9,0,0.0,0.0
player_00431,player,occasional_player,0.0,True,1,1.633168725,1.154924885,2,2,4,0,0.072981027,0.0
player_00432,player,opportunistic_player,0.0,True,1,0.677123657,-0.651514409,0,6,6,0,0.0,0.0
player_00433,player,opportunistic_player,0.0,True,1,1.556054302,-0.573486124,0,3,3,0,0.0,0.0
player_00434,player,occasional_player,0.0,True,1,3.874229427,0.206229437,2,2,4,0,0.0753777,0.0
player_00435,player,occasional_player,0.0,True,1,0.688759272,-0.436006715,0,3,3,0,0.0,0.0
player_00436,player,occasional_player,0.0,True,1,0.728463094,-1.600131487,0,7,7,0,0.0,0.0
player_00437,player,player_whale,0.0,True,1,6.668752024,-1.366129031,0,4,4,0,0.0,0.0
player_00438,player,occasional_player,0.0,True,1,0.862494792,-0.473892255,0,4,4,1,0.0,0.0
player_00439,player,occasional_player,0.0,True,1,0.825261925,-0.523711691,0,3,3,0,0.0,0.0
player_00440,player,occasional_player,0.0,True,1,1.042620369,0.597642364,1,3,4,0,0.046344569,0.0
player_00441,player,opportunistic_player,0.0,True,1,7.647178882,-1.401206178,3,2,5,0,0.093243468,0.0
player_00442,player,occasional_player,0.0,True,1,0.380895114,-0.182846309,1,6,7,0,0.017092218,0.0
player_00443,player,occasional_player,0.0,True,1,0.628166452,-0.581926083,0,5,5,0,0.0,0.0
player_00444,player,occasional_player,0.0,True,1,1.001722488,-0.208267811,0,1,1,0,0.0,0.0
player_00445,player,occasional_player,0.0,True,1,0.125239242,-0.09314899,0,3,3,0,0.0,0.0
player_00446,player,occasional_player,0.0,True,1,1.645025432,-1.149203811,0,3,3,0,0.0,0.0
player_00447,player,occasional_player,0.0,True,1,1.504972439,-0.431424356,0,2,2,0,0.0,0.0
player_00448,player,player_whale,0.0,True,1,17.371564378,0.042349811,2,2,4,0,0.074926272,0.0
player_00449,player,occasional_player,0.0,True,1,0.372417457,-0.403946451,0,5,5,0,0.0,0.0
player_00450,player,occasional_player,0.0,True,1,0.995467514,-0.196333246,0,1,1,0,0.0,0.0
player_00451,player,occasional_player,0.0,True,1,2.357675102,0.408404186,1,1,2,0,0.027924268,0.0
player_00452,player,occasional_player,0.0,True,1,0.824031358,-0.128510743,0,1,1,0,0.0,0.0
player_00453,player,occasional_player,0.0,True,1,0.226025054,-0.131788285,0,3,3,0,0.0,0.0
player_00454,player,occasional_player,0.0,True,1,0.258351332,-0.110359472,0,2,2,0,0.0,0.0
player_00455,player,occasional_player,0.0,True,1,0.117939668,-0.088730885,0,3,3,0,0.0,0.0
player_00456,player,opportunistic_player,0.0,True,1,1.636464584,-0.725420759,0,2,2,0,0.0,0.0
player_00457,player,occasional_player,0.0,True,1,0.273098509,-0.219727342,0,4,4,0,0.0,0.0
player_00458,player,occasional_player,0.0,True,1,0.389026589,-0.169845993,0,3,3,0,0.0,0.0
player_00459,player,opportunistic_player,0.0,True,1,3.286584008,-0.224130093,1,1,2,0,0.019784123,0.0
player_00460,player,opportunistic_player,0.0,True,1,1.5139345,-0.889898706,0,4,4,0,0.0,0.0
player_00461,player,occasional_player,0.0,True,1,0.563081929,-0.091133042,0,1,1,0,0.0,0.0
player_00462,player,occasional_player,0.0,True,1,0.114603042,-0.160754286,0,6,6,0,0.0,0.0
player_00463,player,occasional_player,0.0,True,1,1.887760628,-0.63468337,1,3,4,0,0.009809507,0.0
player_00464,player,occasional_player,0.0,True,1,5.557453374,1.287099754,2,2,4,0,0.132781159,0.0
player_00465,player,occasional_player,0.0,True,1,0.114851148,-0.085148852,0,4,4,0,0.0,0.0
player_00466,player,occasional_player,0.0,True,1,1.324486506,-0.369344565,0,2,2,0,0.0,0.0
player_00467,player,occasional_player,0.0,True,1,1.753228714,-0.250285776,1,3,4,1,0.016621963,0.0
player_00468,player,opportunistic_player,0.0,True,1,1.804450873,0.434372728,2,4,6,0,0.056974076,0.0
player_00469,player,occasional_player,0.0,True,1,1.729610258,0.621967447,1,4,5,0,0.071480194,0.0
player_00470,player,occasional_player,0.0,True,1,0.121669104,-0.078330896,0,3,3,0,0.0,0.0
player_00471,player,opportunistic_player,0.0,True,1,6.693617688,1.701660824,2,0,2,0,0.085990733,0.0
player_00472,player,opportunistic_player,0.0,True,1,1.756341946,-0.247744551,0,2,2,0,0.0,0.0
player_00473,player,occasional_player,0.0,True,1,0.168468685,-0.130437567,0,5,5,0,0.0,0.0
player_00474,player,opportunistic_player,0.0,True,1,0.333319632,-0.317123744,0,5,5,0,0.0,0.0
player_00475,player,opportunistic_player,0.0,True,1,2.950533388,0.580292477,1,2,3,0,0.081083687,0.0
player_00476,player,occasional_player,0.0,True,1,1.180454823,-0.825512138,0,3,3,0,0.0,0.0
player_00477,player,occasional_player,0.0,True,1,0.527142182,-0.103560226,0,2,2,0,0.0,0.0
player_00478,player,occasional_player,0.0,True,1,0.210815644,-0.218018558,0,4,4,0,0.0,0.0
player_00479,player,player_whale,0.0,True,1,12.741329214,-1.346461244,0,2,2,0,0.0,0.0
player_00480,player,occasional_player,0.0,True,1,0.614559475,-0.338422258,0,3,3,0,0.0,0.0
player_00481,player,opportunistic_player,0.0,True,1,5.339646224,-1.235054303,2,4,6,0,0.024274274,0.0
player_00482,player,occasional_player,0.0,True,1,0.782911593,-0.416850564,0,2,2,0,0.0,0.0
player_00483,player,occasional_player,0.0,True,1,0.279727273,-0.08027869,0,2,2,0,0.0,0.0
player_00484,player,occasional_player,0.0,True,1,0.286304032,-0.280547164,0,4,4,0,0.0,0.0
player_00485,player,player_whale,0.0,True,1,9.938421415,-0.720738505,1,2,3,0,0.004323851,0.0
player_00486,player,occasional_player,0.0,True,1,1.818907773,1.23984437,2,3,5,0,0.094294115,0.0
player_00487,player,occasional_player,0.0,True,1,0.147518937,-0.137750493,0,5,5,0,0.0,0.0
player_00488,player,occasional_player,0.0,True,1,0.390978623,-0.066308909,0,2,2,0,0.0,0.0
player_00489,player,occasional_player,0.0,True,1,2.815209045,2.567481958,2,1,3,0,0.132658263,0.0
player_00490,player,occasional_player,0.0,True,1,0.171006701,-0.275061947,0,6,6,0,0.0,0.0
player_00491,player,player_whale,0.0,True,1,7.382521724,0.084342019,1,1,2,0,0.02170446,0.0
player_00492,player,occasional_player,0.0,True,1,0.186670763,-0.524093681,0,9,9,0,0.0,0.0
player_00493,player,occasional_player,0.0,True,1,0.196195212,-0.066713927,0,2,2,0,0.0,0.0
player_00494,player,occasional_player,0.0,True,1,0.211450814,-0.283715755,0,4,4,0,0.0,0.0
player_00495,player,occasional_player,0.0,True,1,0.130223766,-0.075067705,0,3,3,0,0.0,0.0
player_00496,player,player_whale,0.0,True,1,8.13800531,-0.736535709,1,3,4,0,0.036154716,0.0
player_00497,player,player_whale,0.0,True,1,20.998136293,-2.305762134,0,1,1,0,0.0,0.0
player_00498,player,occasional_player,0.0,True,1,0.501578952,-0.739939928,0,5,5,0,0.0,0.0
player_00499,player,opportunistic_player,0.0,True,1,1.27381145,-0.475281207,0,3,3,0,0.0,0.0
player_00500,player,occasional_player,0.0,True,1,0.182567896,-0.040076863,0,2,2,0,0.0,0.0
player_00501,player,player_whale,0.0,True,1,9.540603371,2.540603371,3,1,4,0,0.145172133,0.0
player_00502,player,occasional_player,0.0,True,1,0.123949785,-0.076050215,0,3,3,0,0.0,0.0
player_00503,player,occasional_player,0.0,True,1,0.606707535,-0.308896261,0,2,2,0,0.0,0.0
player_00504,player,opportunistic_player,0.0,True,1,7.426076959,-1.247059886,2,4,6,0,0.103536892,0.0
player_00505,player,occasional_player,0.0,True,1,0.208639954,-0.10346604,0,3,3,0,0.0,0.0
player_00506,player,occasional_player,0.0,True,1,1.447588473,-0.598888935,0,2,2,0,0.0,0.0
player_00507,player,player_whale,0.0,True,1,9.712202352,0.945389148,4,0,4,0,0.042503421,0.0
player_00508,player,occasional_player,0.0,True,1,0.626094308,-0.284279118,0,3,3,0,0.0,0.0
player_00509,player,occasional_player,0.0,True,1,1.940984065,-1.44630345,0,4,4,0,0.0,0.0
player_00510,player,opportunistic_player,0.0,True,1,0.628213546,-0.622178672,0,6,6,0,0.0,0.0
player_00511,player,occasional_player,0.0,True,1,4.716844994,2.158273568,1,0,1,0,0.112012943,0.0
player_00512,player,occasional_player,0.0,True,1,0.434312284,-0.360182444,0,4,4,0,0.0,0.0
player_00513,player,occasional_player,0.0,True,1,0.201031097,-0.146441739,0,4,4,0,0.0,0.0
player_00514,player,occasional_player,0.0,True,1,4.133520719,0.675017322,1,1,2,0,0.041208017,0.0
player_00515,player,opportunistic_player,0.0,True,1,0.494737147,-0.341806239,0,5,5,0,0.0,0.0
player_00516,player,occasional_player,0.0,True,1,0.815610285,-0.314755334,0,2,2,0,0.0,0.0
player_00517,player,occasional_player,0.0,True,1,0.470768869,-0.286069974,0,3,3,0,0.0,0.0
player_00518,player,occasional_player,0.0,True,1,0.942169898,-0.705314121,0,4,4,0,0.0,0.0
player_00519,player,occasional_player,0.0,True,1,0.204228148,-0.049110468,0,2,2,0,0.0,0.0
player_00520,player,occasional_player,0.0,True,1,1.54673897,-0.091139041,1,4,5,0,0.024348634,0.0
player_00521,player,player_whale,0.0,True,1,14.126237652,-0.006649039,2,1,3,0,0.016729294,0.0
player_00522,player,occasional_player,0.0,True,1,0.138407554,-0.106824816,0,4,4,0,0.0,0.0
player_00523,player,opportunistic_player,0.0,True,1,0.40383853,-0.19616147,0,3,3,0,0.0,0.0
player_00524,player,occasional_player,0.0,True,1,0.852230749,-0.311837644,0,2,2,0,0.0,0.0
player_00525,player,occasional_player,0.0,True,1,0.266727402,-0.077838967,0,2,2,0,0.0,0.0
player_00526,player,occasional_player,0.0,True,1,0.69185975,-0.94910328,0,6,6,0,0.0,0.0
player_00527,player,occasional_player,0.0,True,1,0.544126921,-0.273167441,0,3,3,0,0.0,0.0
player_00528,player,occasional_player,0.0,True,1,0.347907975,-0.349349886,0,5,5,0,0.0,0.0
player_00529,player,opportunistic_player,0.0,True,1,1.838152735,-0.537409055,0,3,3,0,0.0,0.0
player_00530,player,occasional_player,0.0,True,1,2.678352194,1.764097237,1,1,2,0,0.094068215,0.0
player_00531,player,occasional_player,0.0,True,1,0.355389261,-0.05360002,0,1,1,0,0.0,0.0
player_00532,player,opportunistic_player,0.0,True,1,0.639426658,-0.623839908,0,5,5,0,0.0,0.0
player_00533,player,occasional_player,0.0,True,1,2.079107667,-0.156317567,1,3,4,0,0.028018076,0.0
player_00534,player,occasional_player,0.0,True,1,2.342821353,-0.40825548,0,2,2,0,0.0,0.0
player_00535,player,opportunistic_player,0.0,True,1,1.89779323,-0.149709168,0,1,1,0,0.0,0.0
player_00536,player,occasional_player,0.0,True,1,7.121535553,2.281403364,2,0,2,0,0.11646793,0.0
player_00537,player,occasional_player,0.0,True,1,0.220517564,-0.051410735,0,2,2,0,0.0,0.0
player_00538,player,occasional_player,0.0,True,1,1.461541703,0.385270294,1,2,3,0,0.028096245,0.0
player_00539,player,occasional_player,0.0,True,1,0.970402843,0.088589973,1,3,4,0,0.029751095,0.0
player_00540,player,occasional_player,0.0,True,1,0.308886394,-0.213842143,0,4,4,0,0.0,0.0
player_00541,player,occasional_player,0.0,True,1,1.573580368,-0.587469457,0,3,3,0,0.0,0.0
player_00542,player,opportunistic_player,0.0,True,1,1.296911081,-0.450303737,0,3,3,0,0.0,0.0
player_00543,player,occasional_player,0.0,True,1,0.527271298,-0.352360653,0,4,4,0,0.0,0.0
player_00544,player,opportunistic_player,0.0,True,1,0.294639955,-0.305360045,0,6,6,0,0.0,0.0
player_00545,player,opportunistic_player,0.0,True,1,0.840546283,-0.814584678,0,5,5,0,0.0,0.0
player_00546,player,player_whale,0.0,True,1,5.376963237,-2.583789446,0,5,5,0,0.0,0.0
player_00547,player,occasional_player,0.0,True,1,0.278521808,-0.027086522,0,1,1,0,0.0,0.0
player_00548,player,occasional_player,0.0,True,1,0.840155155,-0.1341967,0,2,2,0,0.0,0.0
player_00549,player,occasional_player,0.0,True,1,0.882813719,0.65623988,1,5,6,0,0.045654399,0.0
player_00550,player,occasional_player,0.0,True,1,2.641711803,1.386964132,2,3,5,0,0.088828319,0.0
player_00551,player,player_whale,0.0,True,1,14.355635282,-0.564095512,0,1,1,0,0.0,0.0
player_00552,player,occasional_player,0.0,True,1,1.373372841,-0.430656216,0,2,2,0,0.0,0.0
player_00553,player,occasional_player,0.0,True,1,0.452474467,-0.181386221,0,2,2,0,0.0,0.0
player_00554,player,occasional_player,0.0,True,1,1.153217317,-0.448815732,0,2,2,0,0.0,0.0
player_00555,player,opportunistic_player,0.0,True,1,1.184979983,-0.582422006,0,5,5,0,0.0,0.0
player_00556,player,occasional_player,0.0,True,1,0.307538834,-0.154326054,0,3,3,0,0.0,0.0
player_00557,player,opportunistic_player,0.0,True,1,1.562171776,0.46493387,1,4,5,0,0.042565728,0.0
player_00558,player,opportunistic_player,0.0,True,1,1.555329432,0.685450426,1,1,2,0,0.04465326,0.0
player_00559,player,player_whale,0.0,True,1,7.834140804,0.642546433,1,1,2,0,0.049895378,0.0
player_00560,player,occasional_player,0.0,True,1,3.172610196,-0.529524745,0,2,2,0,0.0,0.0
player_00561,player,occasional_player,0.0,True,1,1.682777425,-0.291564172,0,1,1,0,0.0,0.0
player_00562,player,opportunistic_player,0.0,True,1,0.503118047,-0.178982497,0,3,3,0,0.0,0.0
player_00563,player,occasional_player,0.0,True,1,0.524998844,-0.344554502,0,4,4,0,0.0,0.0
player_00564,player,opportunistic_player,0.0,True,1,0.716033546,-0.203653272,0,2,2,0,0.0,0.0
player_00565,player,opportunistic_player,0.0,True,1,2.214616917,0.069334044,2,6,8,1,0.054775012,0.0
player_00566,player,occasional_player,0.0,True,1,0.526241263,-0.346949134,0,3,3,0,0.0,0.0
player_00567,player,occasional_player,0.0,True,1,0.166610678,-0.274980409,0,6,6,0,0.0,0.0
player_00568,player,opportunistic_player,0.0,True,1,2.411268587,-0.457760365,1,2,3,0,0.015102553,0.0
player_00569,player,occasional_player,0.0,True,1,0.38580043,-0.491597639,0,5,5,0,0.0,0.0
player_00570,player,occasional_player,0.0,True,1,1.307434459,-0.488520808,0,3,3,0,0.0,0.0
player_00571,player,opportunistic_player,0.0,True,1,2.26503973,1.133798881,1,2,3,0,0.074810596,0.0
player_00572,player,opportunistic_player,0.0,True,1,1.200049091,-0.244786466,0,2,2,0,0.0,0.0
player_00573,player,occasional_player,0.0,True,1,2.168247475,0.876888097,1,0,1,0,0.044298217,0.0
player_00574,player,occasional_player,0.0,True,1,0.497363359,-0.047024284,0,1,1,0,0.0,0.0
player_00575,player,occasional_player,0.0,True,1,1.190038949,0.170126672,1,2,3,0,0.029435042,0.0
player_00576,player,opportunistic_player,0.0,True,1,5.421363181,0.712083731,1,0,1,0,0.0356256,0.0
player_00577,player,opportunistic_player,0.0,True,1,0.876851652,-0.538597059,0,4,4,0,0.0,0.0
player_00578,player,occasional_player,0.0,True,1,0.123664226,-0.076335774,0,3,3,0,0.0,0.0
player_00579,player,opportunistic_player,0.0,True,1,1.933837965,-1.034988864,0,4,4,0,0.0,0.0
player_00580,player,occasional_player,0.0,True,1,0.41258986,-0.049734333,0,1,1,0,0.0,0.0
player_00581,player,occasional_player,0.0,True,1,0.621699554,-0.660783192,0,5,5,0,0.0,0.0
player_00582,player,occasional_player,0.0,True,1,1.929140396,-0.978523211,1,3,4,0,0.02965369,0.0
player_00583,player,occasional_player,0.0,True,1,0.104624732,-0.095375268,0,4,4,0,0.0,0.0
player_00584,player,occasional_player,0.0,True,1,1.343323329,0.372016949,1,3,4,0,0.050275642,0.0
player_00585,player,opportunistic_player,0.0,True,1,2.356999076,-0.957707767,1,4,5,0,0.019825423,0.0
player_00586,player,occasional_player,0.0,True,1,0.248606968,-0.250917748,0,4,4,0,0.0,0.0
player_00587,player,occasional_player,0.0,True,1,1.908063513,0.793784147,2,3,5,0,0.063083337,0.0
player_00588,player,occasional_player,0.0,True,1,5.227279047,1.879658074,2,1,3,0,0.113410467,0.0
player_00589,player,occasional_player,0.0,True,1,0.414456654,-0.087519672,0,1,1,0,0.0,0.0
player_00590,player,occasional_player,0.0,True,1,0.925943697,-0.712259481,0,5,5,0,0.0,0.0
player_00591,player,occasional_player,0.0,True,1,1.151810241,-0.339205413,0,3,3,0,0.0,0.0
player_00592,player,occasional_player,0.0,True,1,0.637714695,-0.146943881,0,1,1,0,0.0,0.0
player_00593,player,occasional_player,0.0,True,1,2.674103097,1.584911852,1,3,4,0,0.098465319,0.0
player_00594,player,occasional_player,0.0,True,1,0.247029735,-0.172268576,0,3,3,0,0.0,0.0
player_00595,player,opportunistic_player,0.0,True,1,3.07618314,-1.237552409,0,3,3,0,0.0,0.0
player_00596,player,occasional_player,0.0,True,1,0.345570754,-0.23590603,0,3,3,0,0.0,0.0
player_00597,player,opportunistic_player,0.0,True,1,0.8143419,-0.128512976,0,2,2,0,0.0,0.0
player_00598,player,occasional_player,0.0,True,1,3.192342,-0.556147393,0,2,2,0,0.0,0.0
player_00599,player,occasional_player,0.0,True,1,0.250146435,-0.373978771,0,6,6,0,0.0,0.0
player_00600,player,occasional_player,0.0,True,1,0.431600629,-0.189800153,0,3,3,0,0.0,0.0
player_00601,player,occasional_player,0.0,True,1,0.437413204,-0.129147411,0,2,2,0,0.0,0.0
player_00602,player,occasional_player,0.0,True,1,1.259473783,0.281630366,1,1,2,1,0.01746514,0.0
player_00603,player,occasional_player,0.0,True,1,1.462224542,-0.789600799,0,3,3,0,0.0,0.0
player_00604,player,occasional_player,0.0,True,1,0.559225904,-0.119984949,0,2,2,0,0.0,0.0
player_00605,player,occasional_player,0.0,True,1,1.466130693,-0.655911405,1,4,5,0,0.014510941,0.0
player_00606,player,occasional_player,0.0,True,1,0.357467309,-0.191850931,0,5,5,0,0.0,0.0
player_00607,player,occasional_player,0.0,True,1,0.407152862,-0.234021241,0,3,3,0,0.0,0.0
player_00608,player,occasional_player,0.0,True,1,1.891216502,1.225393587,1,1,2,0,0.084059835,0.0
player_00609,player,occasional_player,0.0,True,1,1.155301645,-0.691989504,0,3,3,0,0.0,0.0
player_00610,player,opportunistic_player,0.0,True,1,0.80449459,-0.51659177,0,4,4,0,0.0,0.0
player_00611,player,occasional_player,0.0,True,1,1.323659786,-1.079472163,0,4,4,0,0.0,0.0
player_00612,player,occasional_player,0.0,True,1,2.381003637,0.509821326,1,2,3,0,0.044699488,0.0
player_00613,player,opportunistic_player,0.0,True,1,7.086082773,2.402116638,3,0,3,0,0.121121041,0.0
player_00614,player,occasional_player,0.0,True,1,4.787581795,-0.35133441,1,3,4,0,0.028286847,0.0
player_00615,player,occasional_player,0.0,True,1,0.542785643,-0.073155847,0,1,1,0,0.0,0.0
player_00616,player,player_whale,0.0,True,1,8.297171056,-0.844866345,0,2,2,0,0.0,0.0
player_00617,player,occasional_player,0.0,True,1,0.442619743,-0.562442824,0,5,5,0,0.0,0.0
player_00618,player,occasional_player,0.0,True,1,6.409225372,0.738435294,3,1,4,0,0.065742461,0.0
player_00619,player,occasional_player,0.0,True,1,0.339901558,-0.232066686,0,3,3,0,0.0,0.0
player_00620,player,occasional_player,0.0,True,1,2.080393278,-0.131055218,1,2,3,0,0.014987691,0.0
player_00621,player,occasional_player,0.0,True,1,0.492300714,-0.136078522,0,2,2,0,0.0,0.0
player_00622,player,occasional_player,0.0,True,1,0.370416182,-0.138183661,0,2,2,0,0.0,0.0
player_00623,player,occasional_player,0.0,True,1,0.123586011,-0.076413989,0,4,4,0,0.0,0.0
player_00624,player,opportunistic_player,0.0,True,1,1.540604435,-0.237955288,0,1,1,0,0.0,0.0
player_00625,player,occasional_player,0.0,True,1,0.344719949,-0.141172318,0,2,2,0,0.0,0.0
player_00626,player,occasional_player,0.0,True,1,0.154564565,-0.167628181,0,4,4,0,0.0,0.0
player_00627,player,occasional_player,0.0,True,1,1.197893182,-0.941102875,0,3,3,0,0.0,0.0
player_00628,player,occasional_player,0.0,True,1,0.307375712,-0.246397344,0,3,3,0,0.0,0.0
player_00629,player,player_whale,0.0,True,1,16.669143132,-0.460726672,0,2,2,0,0.0,0.0
player_00630,player,occasional_player,0.0,True,1,3.938638655,-0.356921246,1,1,2,0,0.02869842,0.0
player_00631,player,occasional_player,0.0,True,1,2.654979706,-0.315317223,1,2,3,0,0.014155001,0.0
player_00632,player,player_whale,0.0,True,1,11.199694271,0.195140196,2,3,5,0,0.08755976,0.0
player_00633,player,opportunistic_player,0.0,True,1,0.889387783,-0.591842346,0,3,3,0,0.0,0.0
player_00634,player,opportunistic_player,0.0,True,1,0.610083638,-0.390256586,0,5,5,0,0.0,0.0
player_00635,player,opportunistic_player,0.0,True,1,2.284912608,-1.104282087,0,3,3,0,0.0,0.0
player_00636,player,opportunistic_player,0.0,True,1,0.851926509,-0.301179948,0,2,2,0,0.0,0.0
player_00637,player,player_whale,0.0,True,1,13.225673545,-1.07077485,1,3,4,0,0.010804197,0.0
player_00638,player,occasional_player,0.0,True,1,2.038298279,0.629024779,2,4,6,0,0.063122516,0.0
player_00639,player,occasional_player,0.0,True,1,1.482790514,-0.692676908,0,2,2,0,0.0,0.0
player_00640,player,occasional_player,0.0,True,1,0.432458062,-0.063070952,0,1,1,0,0.0,0.0
player_00641,player,player_whale,0.0,True,1,10.173686992,-2.022377515,0,3,3,0,0.0,0.0
player_00642,player,opportunistic_player,0.0,True,1,3.47964801,0.276401496,1,1,2,0,0.027904854,0.0
player_00643,player,occasional_player,0.0,True,1,2.885971567,-0.89664686,0,2,2,0,0.0,0.0
player_00644,player,occasional_player,0.0,True,1,0.630211491,-0.296127266,0,2,2,0,0.0,0.0
player_00645,player,occasional_player,0.0,True,1,0.450910384,-0.260115653,0,3,3,0,0.0,0.0
player_00646,player,occasional_player,0.0,True,1,0.099758641,-0.139287327,0,5,5,0,0.0,0.0
player_00647,player,occasional_player,0.0,True,1,0.407164946,-0.095816076,0,2,2,0,0.0,0.0
player_00648,player,occasional_player,0.0,True,1,1.144105039,0.211381819,1,2,3,0,0.022563913,0.0
player_00649,player,occasional_player,0.0,True,1,0.583581032,-0.358320208,0,3,3,0,0.0,0.0
player_00650,player,opportunistic_player,0.0,True,1,1.895280904,-0.11554033,1,2,3,0,0.019912722,0.0
player_00651,player,player_whale,0.0,True,1,7.145623945,0.082542962,1,2,3,0,0.025600335,0.0
player_00652,player,occasional_player,0.0,True,1,1.809981437,-0.481518113,2,4,6,0,0.052174733,0.0
player_00653,player,opportunistic_player,0.0,True,1,0.382314592,-0.217685408,0,4,4,0,0.0,0.0
player_00654,player,occasional_player,0.0,True,1,2.723758127,-0.32099041,1,3,4,0,0.015270928,0.0
player_00655,player,occasional_player,0.0,True,1,2.445353047,-0.76398888,0,2,2,0,0.0,0.0
player_00656,player,opportunistic_player,0.0,True,1,3.6789836,2.327461167,3,4,7,0,0.162752982,0.0
player_00657,player,occasional_player,0.0,True,1,1.05293141,-0.329583386,0,2,2,0,0.0,0.0
player_00658,player,occasional_player,0.0,True,1,1.089611034,-0.074302657,0,1,1,0,0.0,0.0
player_00659,player,occasional_player,0.0,True,1,0.413478471,-0.307936961,0,4,4,0,0.0,0.0
player_00660,player,occasional_player,0.0,True,1,0.567190997,-0.349475896,0,3,3,0,0.0,0.0
player_00661,player,opportunistic_player,0.0,True,1,2.295707798,-0.042157157,1,3,4,0,0.030820055,0.0
player_00662,player,player_whale,0.0,True,1,7.953898593,-0.712110666,0,2,2,0,0.0,0.0
player_00663,player,occasional_player,0.0,True,1,0.173133876,-0.034438113,0,2,2,1,0.0,0.0
player_00664,player,occasional_player,0.0,True,1,0.71224045,0.377991762,1,2,3,0,0.034651322,0.0
player_00665,player,occasional_player,0.0,True,1,0.911242358,0.711242358,1,4,5,0,0.050294923,0.0
player_00666,player,occasional_player,0.0,True,1,2.391784866,0.958497981,1,2,3,0,0.064593223,0.0
player_00667,player,occasional_player,0.0,True,1,1.208611027,0.794622287,1,3,4,0,0.047867034,0.0
player_00668,player,occasional_player,0.0,True,1,2.012790299,-0.118891362,1,3,4,0,0.021565416,0.0
player_00669,player,opportunistic_player,0.0,True,1,1.429838556,-1.155877088,0,4,4,0,0.0,0.0
player_00670,player,occasional_player,0.0,True,1,0.629932521,-0.144313886,0,1,1,0,0.0,0.0
player_00671,player,occasional_player,0.0,True,1,2.415662401,1.085985265,1,4,5,0,0.089987592,0.0
player_00672,player,occasional_player,0.0,True,1,1.047546749,0.346781367,1,2,3,0,0.032827625,0.0
player_00673,player,occasional_player,0.0,True,1,0.612794122,-0.676446983,0,4,4,0,0.0,0.0
player_00674,player,occasional_player,0.0,True,1,0.980421919,-0.405167675,1,5,6,0,0.007290462,0.0
player_00675,player,player_whale,0.0,True,1,9.729959392,0.595166323,2,2,4,0,0.072728177,0.0
player_00676,player,opportunistic_player,0.0,True,1,1.480916632,-0.245149282,0,2,2,0,0.0,0.0
player_00677,player,opportunistic_player,0.0,True,1,2.741029973,-0.196949341,1,2,3,0,0.016555675,0.0
player_00678,player,occasional_player,0.0,True,1,1.38063384,0.45948859,1,4,5,0,0.049302899,0.0
player_00679,player,occasional_player,0.0,True,1,0.215399111,-0.085715056,0,2,2,0,0.0,0.0
player_00680,player,opportunistic_player,0.0,True,1,3.426848375,1.755718874,2,1,3,0,0.099421702,0.0
player_00681,player,opportunistic_player,0.0,True,1,1.603000567,-0.363900335,0,2,2,0,0.0,0.0
player_00682,player,occasional_player,0.0,True,1,0.262904956,-0.161776789,0,3,3,0,0.0,0.0
player_00683,player,opportunistic_player,0.0,True,1,1.274663162,-0.543316216,1,3,4,0,0.005359953,0.0
player_00684,player,occasional_player,0.0,True,1,6.722350488,-0.115383175,3,2,5,0,0.057901742,0.0
player_00685,player,occasional_player,0.0,True,1,1.710172282,0.609023307,1,1,2,0,0.04129847,0.0
player_00686,player,occasional_player,0.0,True,1,0.706228515,-0.761748184,0,5,5,0,0.0,0.0
player_00687,player,occasional_player,0.0,True,1,1.7187665,1.243296369,1,2,3,0,0.068608819,0.0
player_00688,player,occasional_player,0.0,True,1,0.344492741,-0.128156768,0,2,2,0,0.0,0.0
player_00689,player,occasional_player,0.0,True,1,1.125428399,0.362818433,1,3,4,0,0.039290838,0.0
player_00690,player,occasional_player,0.0,True,1,0.736377259,0.189823614,1,2,3,0,0.0266793,0.0
player_00691,player,occasional_player,0.0,True,1,0.233071693,-0.083819605,0,2,2,0,0.0,0.0
player_00692,player,occasional_player,0.0,True,1,0.672168583,0.09702624,1,3,4,0,0.02126673,0.0
player_00693,player,occasional_player,0.0,True,1,0.503064919,-0.26572865,0,3,3,0,0.0,0.0
player_00694,player,occasional_player,0.0,True,1,0.60692162,-0.407469394,0,3,3,0,0.0,0.0
player_00695,player,occasional_player,0.0,True,1,0.462226226,-0.037055994,0,1,1,0,0.0,0.0
player_00696,player,opportunistic_player,0.0,True,1,3.057526625,0.651152887,2,2,4,0,0.071690828,0.0
player_00697,player,player_whale,0.0,True,1,9.050038522,-1.253038196,0,2,2,0,0.0,0.0
player_00698,player,occasional_player,0.0,True,1,1.299063849,0.088773889,1,1,2,1,0.016025118,0.0
player_00699,player,occasional_player,0.0,True,1,0.761105506,-0.197444897,0,1,1,0,0.0,0.0
player_00700,player,occasional_player,0.0,True,1,0.332222538,-0.191458131,0,3,3,0,0.0,0.0
player_00701,player,player_whale,0.0,True,1,12.57150257,0.315749069,2,3,5,0,0.073858707,0.0
player_00702,player,opportunistic_player,0.0,True,1,5.445999794,1.209277373,3,1,4,0,0.061639255,0.0
player_00703,player,occasional_player,0.0,True,1,1.15057628,0.520819003,1,1,2,0,0.02915586,0.0
player_00704,player,opportunistic_player,0.0,True,1,0.664379051,0.064379051,1,7,8,0,0.049691195,0.0
player_00705,player,occasional_player,0.0,True,1,0.448718799,-0.594099838,0,5,5,0,0.0,0.0
player_00706,player,occasional_player,0.0,True,1,0.361936003,-0.05223478,0,2,2,0,0.0,0.0
player_00707,player,occasional_player,0.0,True,1,0.198873868,-0.027446524,0,1,1,0,0.0,0.0
player_00708,player,occasional_player,0.0,True,1,1.611875479,0.417798491,1,1,2,0,0.030259397,0.0
player_00709,player,occasional_player,0.0,True,1,0.67344484,-0.465344147,0,3,3,0,0.0,0.0
player_00710,player,occasional_player,0.0,True,1,2.776958575,2.010813095,2,1,3,0,0.111029858,0.0
player_00711,player,occasional_player,0.0,True,1,1.657782655,-0.285730722,0,1,1,0,0.0,0.0
player_00712,player,occasional_player,0.0,True,1,0.498526894,-0.421834426,0,4,4,0,0.0,0.0
player_00713,player,occasional_player,0.0,True,1,0.73073007,-0.266845951,0,2,2,0,0.0,0.0
player_00714,player,opportunistic_player,0.0,True,1,8.649721232,1.069366112,2,2,4,0,0.113220115,0.0
player_00715,player,opportunistic_player,0.0,True,1,0.54842775,-0.199946703,0,3,3,0,0.0,0.0
player_00716,player,player_whale,0.0,True,1,7.217483265,0.045721248,1,1,2,0,0.028191314,0.0
player_00717,player,occasional_player,0.0,True,1,0.295651695,-0.091175007,0,2,2,0,0.0,0.0
player_00718,player,occasional_player,0.0,True,1,0.954691749,-0.298541687,0,2,2,0,0.0,0.0
player_00719,player,occasional_player,0.0,True,1,0.452157167,-0.326569526,0,3,3,0,0.0,0.0
player_00720,player,occasional_player,0.0,True,1,0.7557465,-0.113384994,1,5,6,0,0.015761655,0.0
player_00721,player,occasional_player,0.0,True,1,0.413636389,-0.155435381,0,2,2,0,0.0,0.0
player_00722,player,occasional_player,0.0,True,1,6.294545649,1.670770532,2,2,4,0,0.113335857,0.0
player_00723,player,occasional_player,0.0,True,1,0.401724064,-0.107027152,0,2,2,0,0.0,0.0
player_00724,player,occasional_player,0.0,True,1,0.61020546,-0.650040794,0,4,4,0,0.0,0.0
player_00725,player,opportunistic_player,0.0,True,1,2.233720538,0.402544915,1,1,2,0,0.029064907,0.0
player_00726,player,occasional_player,0.0,True,1,2.547549882,-1.021688493,1,4,5,0,0.018881561,0.0
player_00727,player,occasional_player,0.0,True,1,0.876378048,0.292642158,2,4,6,0,0.037164395,0.0
player_00728,player,occasional_player,0.0,True,1,0.459932207,-0.113653609,0,2,2,0,0.0,0.0
player_00729,player,occasional_player,0.0,True,1,2.186726884,-0.85960178,0,2,2,0,0.0,0.0
player_00730,player,occasional_player,0.0,True,1,1.444838078,-0.315723883,0,2,2,0,0.0,0.0
player_00731,player,occasional_player,0.0,True,1,0.605791027,-0.100080636,0,1,1,0,0.0,0.0
player_00732,player,occasional_player,0.0,True,1,3.300840735,-0.575330555,1,2,3,0,0.00722858,0.0
player_00733,player,occasional_player,0.0,True,1,2.613360009,-0.258299101,0,1,1,0,0.0,0.0
player_00734,player,player_whale,0.0,True,1,14.876632293,2.601004871,3,3,6,0,0.174832462,0.0
player_00735,player,occasional_player,0.0,True,1,2.368372728,1.121024298,1,1,2,0,0.091465005,0.0
player_00736,player,opportunistic_player,0.0,True,1,7.771145609,0.289607441,1,2,3,0,0.051333456,0.0
player_00737,player,occasional_player,0.0,True,1,1.099750538,-0.948943232,0,4,4,0,0.0,0.0
player_00738,player,opportunistic_player,0.0,True,1,3.360833866,0.944466391,2,1,3,0,0.061626919,0.0
player_00739,player,opportunistic_player,0.0,True,1,4.422603994,0.439539683,3,2,5,0,0.061152533,0.0
player_00740,player,occasional_player,0.0,True,1,0.854429774,-0.495760833,0,2,2,0,0.0,0.0
player_00741,player,occasional_player,0.0,True,1,0.441197068,-0.169536224,0,3,3,0,0.0,0.0
player_00742,player,occasional_player,0.0,True,1,1.397372595,-0.588118775,0,4,4,0,0.0,0.0
player_00743,player,occasional_player,0.0,True,1,0.836822318,-0.204189562,0,2,2,0,0.0,0.0
player_00744,player,opportunistic_player,0.0,True,1,0.451109483,-0.148890517,0,3,3,0,0.0,0.0
player_00745,player,occasional_player,0.0,True,1,0.617114147,0.109214872,1,1,2,0,0.012513658,0.0
player_00746,player,opportunistic_player,0.0,True,1,1.910195941,-0.550151404,1,3,4,0,0.013578674,0.0
player_00747,player,occasional_player,0.0,True,1,0.925333695,0.340130393,1,3,4,0,0.037750683,0.0
player_00748,player,occasional_player,0.0,True,1,0.21833731,-0.122730955,0,2,2,0,0.0,0.0
player_00749,player,occasional_player,0.0,True,1,0.430782641,-0.194944986,0,2,2,0,0.0,0.0
player_00750,player,occasional_player,0.0,True,1,0.91111961,-0.11874918,0,1,1,0,0.0,0.0
player_00751,player,opportunistic_player,0.0,True,1,2.340167773,-0.036002142,2,3,5,0,0.054430474,0.0
player_00752,player,occasional_player,0.0,True,1,2.430057859,0.348116064,1,3,4,0,0.049959241,0.0
player_00753,player,occasional_player,0.0,True,1,1.298247899,0.454112632,1,2,3,0,0.043598323,0.0
player_00754,player,occasional_player,0.0,True,1,7.009609604,0.959103081,1,1,2,0,0.059665558,0.0
player_00755,player,opportunistic_player,0.0,True,1,1.609826519,-0.132507701,0,1,1,0,0.0,0.0
player_00756,player,occasional_player,0.0,True,1,0.197154273,-0.222369782,0,4,4,0,0.0,0.0
player_00757,player,occasional_player,0.0,True,1,1.404834508,-0.460854113,0,3,3,0,0.0,0.0
player_00758,player,occasional_player,0.0,True,1,0.277475743,-0.149043604,0,3,3,0,0.0,0.0
player_00759,player,opportunistic_player,0.0,True,1,2.43242762,0.834047828,1,2,3,0,0.062172278,0.0
player_00760,player,occasional_player,0.0,True,1,1.211217358,-0.286330434,0,2,2,0,0.0,0.0
player_00761,player,occasional_player,0.0,True,1,2.786866465,0.432872444,1,1,2,0,0.028995414,0.0
player_00762,player,occasional_player,0.0,True,1,0.176930357,-0.043161083,0,1,1,0,0.0,0.0
player_00763,player,occasional_player,0.0,True,1,0.481417977,-0.502527701,0,5,5,0,0.0,0.0
player_00764,player,occasional_player,0.0,True,1,0.873894786,-0.101605001,0,1,1,0,0.0,0.0
player_00765,player,occasional_player,0.0,True,1,0.214551452,-0.064215469,0,2,2,0,0.0,0.0
player_00766,player,occasional_player,0.0,True,1,0.640803861,-0.578769161,0,4,4,0,0.0,0.0
player_00767,player,occasional_player,0.0,True,1,1.227978319,0.537504095,1,1,2,0,0.031551259,0.0
player_00768,player,occasional_player,0.0,True,1,0.226586,-0.102759136,0,3,3,0,0.0,0.0
player_00769,player,occasional_player,0.0,True,1,0.548071992,-0.312918346,0,2,2,0,0.0,0.0
player_00770,player,occasional_player,0.0,True,1,0.317972178,-0.110415911,0,2,2,0,0.0,0.0
player_00771,player,occasional_player,0.0,True,1,1.039342224,-0.229703642,0,1,1,0,0.0,0.0
player_00772,player,occasional_player,0.0,True,1,0.822612517,-0.414460844,0,3,3,0,0.0,0.0
player_00773,player,occasional_player,0.0,True,1,0.218546693,-0.035751394,0,1,1,0,0.0,0.0
player_00774,player,occasional_player,0.0,True,1,3.010361349,0.024908994,2,4,6,0,0.108449022,0.0
player_00775,player,occasional_player,0.0,True,1,0.48923887,-0.201265255,0,2,2,0,0.0,0.0
player_00776,player,opportunistic_player,0.0,True,1,0.809179011,-0.296950496,0,3,3,0,0.0,0.0
player_00777,player,occasional_player,0.0,True,1,3.895782136,3.372591482,2,0,2,0,0.174897464,0.0
player_00778,player,occasional_player,0.0,True,1,4.530727603,-2.469272397,0,3,3,0,0.0,0.0
player_00779,player,occasional_player,0.0,True,1,1.170638687,0.115507127,1,4,5,0,0.0363002,0.0
player_00780,player,occasional_player,0.0,True,1,1.819179802,-0.773413576,0,3,3,0,0.0,0.0
player_00781,player,occasional_player,0.0,True,1,0.373210326,-0.124892589,0,2,2,1,0.0,0.0
player_00782,player,occasional_player,0.0,True,1,0.440415223,-0.201199735,0,2,2,0,0.0,0.0
player_00783,player,opportunistic_player,0.0,True,1,0.771643229,-0.790041685,0,6,6,1,0.0,0.0
player_00784,player,occasional_player,0.0,True,1,4.449371685,1.760150481,4,1,5,0,0.102677458,0.0
player_00785,player,opportunistic_player,0.0,True,1,2.853642175,-0.191396058,0,1,1,0,0.0,0.0
player_00786,player,occasional_player,0.0,True,1,1.358569157,1.158569157,2,2,4,0,0.073981956,0.0
player_00787,player,occasional_player,0.0,True,1,1.119937059,-0.844294424,0,4,4,0,0.0,0.0
player_00788,player,opportunistic_player,0.0,True,1,1.477711624,-0.188275438,0,1,1,0,0.0,0.0
player_00789,player,opportunistic_player,0.0,True,1,0.522533026,-0.113415527,0,2,2,0,0.0,0.0
player_00790,player,player_whale,0.0,True,1,8.886511898,0.236777641,1,1,2,0,0.0348548,0.0
player_00791,player,occasional_player,0.0,True,1,0.270361786,-0.147604598,0,3,3,0,0.0,0.0
player_00792,player,occasional_player,0.0,True,1,0.210394908,-0.214611816,0,4,4,0,0.0,0.0
player_00793,player,occasional_player,0.0,True,1,1.122783735,-0.193877471,1,2,3,0,0.016024935,0.0
player_00794,player,occasional_player,0.0,True,1,0.21268453,-0.045514933,0,1,1,0,0.0,0.0
player_00795,player,player_whale,0.0,True,1,6.769833118,-0.230166882,2,2,4,0,0.021029857,0.0
player_00796,player,occasional_player,0.0,True,1,0.986645559,-0.17753318,0,2,2,0,0.0,0.0
player_00797,player,occasional_player,0.0,True,1,0.269035891,-0.115408656,0,2,2,0,0.0,0.0
player_00798,player,opportunistic_player,0.0,True,1,1.651383862,0.584284743,1,2,3,0,0.040465667,0.0
player_00799,player,occasional_player,0.0,True,1,1.396692953,-0.469193206,0,2,2,0,0.0,0.0
player_00800,player,occasional_player,0.0,True,1,1.231229573,-0.122330843,0,1,1,0,0.0,0.0
player_00801,player,opportunistic_player,0.0,True,1,1.549343447,-0.247251869,0,2,2,0,0.0,0.0
player_00802,player,occasional_player,0.0,True,1,1.134306526,-0.004151937,1,3,4,0,0.017034383,0.0
player_00803,player,occasional_player,0.0,True,1,0.182931683,-0.047349456,0,2,2,0,0.0,0.0
player_00804,player,opportunistic_player,0.0,True,1,3.172437114,-0.619685394,0,2,2,0,0.0,0.0
player_00805,player,occasional_player,0.0,True,1,0.177180733,-0.243654323,0,5,5,0,0.0,0.0
player_00806,player,occasional_player,0.0,True,1,1.672463565,-0.437922952,0,2,2,0,0.0,0.0
player_00807,player,occasional_player,0.0,True,1,1.695383788,0.197437773,2,3,5,0,0.034866796,0.0
player_00808,player,occasional_player,0.0,True,1,0.702646463,-0.07710189,0,1,1,0,0.0,0.0
player_00809,player,occasional_player,0.0,True,1,1.840027304,1.318124981,2,1,3,0,0.090124195,0.0
player_00810,player,opportunistic_player,0.0,True,1,2.145882086,-0.276917681,0,2,2,0,0.0,0.0
player_00811,player,opportunistic_player,0.0,True,1,5.610764695,3.144188699,2,0,2,1,0.161866761,0.0
player_00812,player,occasional_player,0.0,True,1,0.121336753,-0.078663247,0,3,3,0,0.0,0.0
player_00813,player,occasional_player,0.0,True,1,2.10249555,1.019797164,2,3,5,0,0.073661106,0.0
player_00814,player,occasional_player,0.0,True,1,0.60535464,-0.226764448,0,3,3,0,0.0,0.0
player_00815,player,occasional_player,0.0,True,1,0.161956203,-0.038753801,0,1,1,0,0.0,0.0
player_00816,player,occasional_player,0.0,True,1,0.317683871,-0.135519914,0,3,3,0,0.0,0.0
player_00817,player,occasional_player,0.0,True,1,0.238688617,-0.198576436,0,3,3,0,0.0,0.0
player_00818,player,occasional_player,0.0,True,1,0.349157111,-0.229195333,0,4,4,0,0.0,0.0
player_00819,player,opportunistic_player,0.0,True,1,2.7969795,-0.121602556,1,1,2,0,0.012657447,0.0
player_00820,player,occasional_player,0.0,True,1,0.150302787,-0.049697213,0,2,2,0,0.0,0.0
player_00821,player,occasional_player,0.0,True,1,0.643338051,-0.153254681,0,2,2,0,0.0,0.0
player_00822,player,occasional_player,0.0,True,1,1.391620258,-0.457714228,0,2,2,0,0.0,0.0
player_00823,player,occasional_player,0.0,True,1,1.953982594,1.301976368,1,2,3,0,0.096078472,0.0
player_00824,player,player_whale,0.0,True,1,6.791693065,-1.412694707,0,2,2,0,0.0,0.0
player_00825,player,occasional_player,0.0,True,1,0.745924529,-0.209999482,0,2,2,0,0.0,0.0
player_00826,player,occasional_player,0.0,True,1,0.474489138,-0.289929453,0,2,2,0,0.0,0.0
player_00827,player,occasional_player,0.0,True,1,0.632418683,-0.309958584,1,5,6,0,0.018943197,0.0
player_00828,player,occasional_player,0.0,True,1,0.720306284,-0.19984294,0,2,2,0,0.0,0.0
player_00829,player,player_whale,0.0,True,1,8.50305231,-0.431994666,1,3,4,0,0.028830265,0.0
player_00830,player,occasional_player,0.0,True,1,1.4387957,-0.348993805,0,2,2,0,0.0,0.0
player_00831,player,occasional_player,0.0,True,1,0.487893183,-0.400939053,0,3,3,0,0.0,0.0
player_00832,player,occasional_player,0.0,True,1,0.422854,-0.198104247,0,3,3,0,0.0,0.0
player_00833,player,occasional_player,0.0,True,1,1.385465592,0.558791382,1,2,3,0,0.043631798,0.0
player_00834,player,occasional_player,0.0,True,1,0.936368411,-0.061063196,0,1,1,0,0.0,0.0
player_00835,player,opportunistic_player,0.0,True,1,2.326006614,0.538963361,1,3,4,0,0.053193344,0.0
player_00836,player,occasional_player,0.0,True,1,0.361502064,0.0,0,0,0,1,0.0,0.0
player_00837,player,occasional_player,0.0,True,1,0.380731341,-0.100512922,0,1,1,0,0.0,0.0
player_00838,player,occasional_player,0.0,True,1,0.338180612,-0.229422928,0,3,3,0,0.0,0.0
player_00839,player,occasional_player,0.0,True,1,7.009682526,0.116150747,2,1,4,0,0.041270045,0.0
player_00840,player,occasional_player,0.0,True,1,0.151056505,-0.084000339,0,2,2,0,0.0,0.0
player_00841,player,occasional_player,0.0,True,1,2.472311575,0.527466593,1,0,1,0,0.026287835,0.0
player_00842,player,occasional_player,0.0,True,1,0.100912889,-0.099087111,0,5,5,0,0.0,0.0
player_00843,player,occasional_player,0.0,True,1,0.222857218,-0.107496674,0,3,3,0,0.0,0.0
player_00844,player,occasional_player,0.0,True,1,0.38165336,-0.568479921,0,5,5,0,0.0,0.0
player_00845,player,occasional_player,0.0,True,1,0.641297182,-0.158561923,0,1,1,0,0.0,0.0
player_00846,player,occasional_player,0.0,True,1,1.21323446,0.31858929,1,2,3,0,0.026731777,0.0
player_00847,player,occasional_player,0.0,True,1,1.052402491,-0.113335814,0,1,1,0,0.0,0.0
player_00848,player,player_whale,0.0,True,1,9.531882947,0.954398831,1,0,1,0,0.048817704,0.0
player_00849,player,occasional_player,0.0,True,1,0.370564332,-0.322394755,0,4,4,0,0.0,0.0
player_00850,player,occasional_player,0.0,True,1,0.233496173,-0.055484025,0,2,2,0,0.0,0.0
player_00851,player,occasional_player,0.0,True,1,0.520933497,-0.193596684,0,3,3,0,0.0,0.0
player_00852,player,occasional_player,0.0,True,1,0.175654624,-0.069512565,0,2,2,0,0.0,0.0
player_00853,player,occasional_player,0.0,True,1,0.84218521,-0.631323757,0,3,3,0,0.0,0.0
player_00854,player,opportunistic_player,0.0,True,1,2.036593586,0.830758123,1,0,1,0,0.042354164,0.0
player_00855,player,opportunistic_player,0.0,True,1,0.792293494,-0.524278213,0,4,4,0,0.0,0.0
player_00856,player,occasional_player,0.0,True,1,0.90295563,-0.1618073,0,1,1,0,0.0,0.0
player_00857,player,occasional_player,0.0,True,1,3.744765766,2.43518066,4,3,7,0,0.147904088,0.0
player_00858,player,occasional_player,0.0,True,1,1.09758369,-0.343472835,0,3,3,0,0.0,0.0
player_00859,player,occasional_player,0.0,True,1,1.211307651,1.011307651,1,1,2,0,0.053068505,0.0
player_00860,player,occasional_player,0.0,True,1,0.401847392,-0.196310246,0,3,3,0,0.0,0.0
player_00861,player,occasional_player,0.0,True,1,3.08401589,2.386752669,2,0,2,0,0.122659816,0.0
player_00862,player,occasional_player,0.0,True,1,4.741055445,-0.547621534,0,1,1,0,0.0,0.0
player_00863,player,occasional_player,0.0,True,1,2.511707771,1.113846192,1,0,1,0,0.05725358,0.0
player_00864,player,opportunistic_player,0.0,True,1,1.870459062,-0.991505104,0,3,3,0,0.0,0.0
player_00865,player,occasional_player,0.0,True,1,0.709721652,-0.256465379,0,3,3,0,0.0,0.0
player_00866,player,occasional_player,0.0,True,1,0.301734529,-0.413999666,0,5,5,0,0.0,0.0
player_00867,player,occasional_player,0.0,True,1,0.360327217,-0.247252266,0,3,3,0,0.0,0.0
player_00868,player,occasional_player,0.0,True,1,0.898436546,0.567037745,1,1,2,0,0.02941378,0.0
player_00869,player,occasional_player,0.0,True,1,0.804857632,0.385628505,1,2,3,0,0.025956602,0.0
player_00870,player,occasional_player,0.0,True,1,0.57534584,-0.068941066,0,1,1,0,0.0,0.0
player_00871,player,occasional_player,0.0,True,1,0.440873781,-0.115251629,0,2,2,0,0.0,0.0
player_00872,player,occasional_player,0.0,True,1,0.737396606,-0.071154973,0,1,1,0,0.0,0.0
player_00873,player,occasional_player,0.0,True,1,1.733595618,0.461287587,1,2,3,0,0.042096538,0.0
player_00874,player,opportunistic_player,0.0,True,1,6.794042619,0.091281326,1,2,3,0,0.068736338,0.0
player_00875,player,opportunistic_player,0.0,True,1,3.847821319,-0.818575767,0,1,1,0,0.0,0.0
player_00876,player,player_whale,0.0,True,1,27.746335959,-1.697024642,0,1,1,0,0.0,0.0
player_00877,player,opportunistic_player,0.0,True,1,9.146466135,1.755195363,1,1,2,0,0.188011836,0.0
player_00878,player,occasional_player,0.0,True,1,1.161004974,0.247419443,1,2,3,0,0.022768646,0.0
player_00879,player,occasional_player,0.0,True,1,0.665155873,-0.16914296,0,2,2,0,0.0,0.0
player_00880,player,occasional_player,0.0,True,1,1.036053772,-0.890193328,0,4,4,0,0.0,0.0
player_00881,player,opportunistic_player,0.0,True,1,0.50364633,-0.09635367,0,2,2,0,0.0,0.0
player_00882,player,occasional_player,0.0,True,1,1.234522965,-0.939093039,0,3,3,0,0.0,0.0
player_00883,player,occasional_player,0.0,True,1,2.085582241,1.031397346,1,1,2,0,0.059805043,0.0
player_00884,player,occasional_player,0.0,True,1,0.427087719,-0.219082236,0,3,3,0,0.0,0.0
player_00885,player,occasional_player,0.0,True,1,2.659155018,-0.413781347,0,2,2,0,0.0,0.0
player_00886,player,occasional_player,0.0,True,1,2.450759828,0.270409987,1,1,2,0,0.032469017,0.0
player_00887,player,occasional_player,0.0,True,1,1.845493155,0.16468061,1,0,1,0,0.007426863,0.0
player_00888,player,occasional_player,0.0,True,1,0.750090783,0.289563333,1,1,2,0,0.018844595,0.0
player_00889,player,occasional_player,0.0,True,1,3.421876701,2.531816731,4,4,8,0,0.171448535,0.0
player_00890,player,occasional_player,0.0,True,1,3.59355492,0.280659599,1,0,1,0,0.013532757,0.0
player_00891,player,occasional_player,0.0,True,1,0.619857857,-0.257026354,0,2,2,0,0.0,0.0
player_00892,player,occasional_player,0.0,True,1,6.983285605,4.021439745,4,0,4,0,0.205103265,0.0
player_00893,player,occasional_player,0.0,True,1,0.247092107,-0.116978724,0,2,2,0,0.0,0.0
player_00894,player,occasional_player,0.0,True,1,1.969134043,1.210801026,2,4,6,0,0.089831996,0.0
player_00895,player,occasional_player,0.0,True,1,0.371174968,-0.128528515,0,2,2,2,0.0,0.0
player_00896,player,player_whale,0.0,True,1,20.046103603,2.155148043,2,0,2,0,0.110649849,0.0
player_00897,player,occasional_player,0.0,True,1,0.469980877,-0.225288483,0,2,2,0,0.0,0.0
player_00898,player,occasional_player,0.0,True,1,1.052378617,-0.075147226,1,2,3,0,0.007012949,0.0
player_00899,player,occasional_player,0.0,True,1,0.361119158,-0.058115336,0,1,1,0,0.0,0.0
player_00900,player,opportunistic_player,0.0,True,1,6.712101274,0.446884075,1,1,2,0,0.054588069,0.0
player_00901,player,occasional_player,0.0,True,1,0.863008103,-0.097607719,0,1,1,0,0.0,0.0
player_00902,player,occasional_player,0.0,True,1,1.033608324,-0.768905371,0,3,3,0,0.0,0.0
player_00903,player,occasional_player,0.0,True,1,1.416526396,-0.641239474,0,2,2,0,0.0,0.0
player_00904,player,occasional_player,0.0,True,1,0.417268161,-0.411443505,0,4,4,0,0.0,0.0
player_00905,player,occasional_player,0.0,True,1,0.177283769,-0.148957733,0,4,4,0,0.0,0.0
player_00906,player,occasional_player,0.0,True,1,1.118175926,-0.263967932,0,1,1,0,0.0,0.0
player_00907,player,occasional_player,0.0,True,1,1.278681688,0.504514831,1,2,3,0,0.033771224,0.0
player_00908,player,occasional_player,0.0,True,1,0.498122691,-0.050234173,0,1,1,0,0.0,0.0
player_00909,player,occasional_player,0.0,True,1,1.514324848,0.714317636,1,0,1,0,0.036038761,0.0
player_00910,player,opportunistic_player,0.0,True,1,1.739781851,-0.206084964,0,1,1,0,0.0,0.0
player_00911,player,occasional_player,0.0,True,1,0.428078391,-0.203352205,0,3,3,0,0.0,0.0
player_00912,player,occasional_player,0.0,True,1,0.333653059,-0.196011912,0,4,4,0,0.0,0.0
player_00913,player,occasional_player,0.0,True,1,0.269999002,-0.132972677,0,3,3,0,0.0,0.0
player_00914,player,occasional_player,0.0,True,1,0.495921204,-0.110403918,0,1,1,0,0.0,0.0
player_00915,player,occasional_player,0.0,True,1,0.552381527,-0.184936181,0,2,2,0,0.0,0.0
player_00916,player,occasional_player,0.0,True,1,1.329425732,-0.133747896,0,1,1,0,0.0,0.0
player_00917,player,occasional_player,0.0,True,1,0.319418349,-0.301548901,0,4,4,0,0.0,0.0
player_00918,player,opportunistic_player,0.0,True,1,2.760847585,0.172773599,1,1,2,0,0.026714356,0.0
player_00919,player,player_whale,0.0,True,1,8.286317169,1.286317169,2,2,4,0,0.095252048,0.0
player_00920,player,opportunistic_player,0.0,True,1,1.950110499,-0.571342828,0,2,2,0,0.0,0.0
player_00921,player,player_whale,0.0,True,1,10.298151287,0.024811771,2,2,4,0,0.062638856,0.0
player_00922,player,occasional_player,0.0,True,1,1.185435021,0.715215726,1,0,1,0,0.036109432,0.0
player_00923,player,occasional_player,0.0,True,1,1.483013926,-0.760213478,0,3,3,0,0.0,0.0
player_00924,player,occasional_player,0.0,True,1,1.029241735,-0.384554477,0,2,2,0,0.0,0.0
player_00925,player,occasional_player,0.0,True,1,0.374962214,-0.0470573,0,1,1,0,0.0,0.0
player_00926,player,occasional_player,0.0,True,1,0.179832354,-0.076405473,0,2,2,0,0.0,0.0
player_00927,player,occasional_player,0.0,True,1,5.271673476,0.271108178,2,1,3,0,0.041229057,0.0
player_00928,player,occasional_player,0.0,True,1,0.095747944,-0.104252056,0,4,4,0,0.0,0.0
player_00929,player,occasional_player,0.0,True,1,0.865311874,0.196388118,1,2,3,0,0.026426401,0.0
player_00930,player,opportunistic_player,0.0,True,1,2.758547274,1.929634111,2,1,3,0,0.100860284,0.0
player_00931,player,occasional_player,0.0,True,1,3.41142898,2.624798536,1,2,3,0,0.177372252,0.0
player_00932,player,occasional_player,0.0,True,1,0.165284839,-0.034715161,0,1,1,1,0.0,0.0
player_00933,player,opportunistic_player,0.0,True,1,2.300084704,0.470758004,1,0,1,0,0.023247526,0.0
player_00934,player,occasional_player,0.0,True,1,1.70653757,-0.240582822,1,2,3,0,0.020144138,0.0
player_00935,player,occasional_player,0.0,True,1,4.266414528,3.789196871,3,1,4,0,0.195632218,0.0
player_00936,player,occasional_player,0.0,True,1,0.310352854,-0.112637809,0,3,3,0,0.0,0.0
player_00937,player,opportunistic_player,0.0,True,1,1.352078199,-0.409717133,0,4,4,0,0.0,0.0
player_00938,player,occasional_player,0.0,True,1,1.182819146,-0.898878657,0,3,3,0,0.0,0.0
player_00939,player,occasional_player,0.0,True,1,0.557943376,-0.133169895,0,2,2,0,0.0,0.0
player_00940,player,player_whale,0.0,True,1,17.741799333,-0.10363886,3,2,5,0,0.058159286,0.0
player_00941,player,occasional_player,0.0,True,1,4.820760578,-0.641863618,1,2,3,0,0.01059859,0.0
player_00942,player,occasional_player,0.0,True,1,2.018892286,1.593467699,2,2,4,0,0.101491216,0.0
player_00943,player,occasional_player,0.0,True,1,3.986296301,0.037950332,1,0,1,0,0.0,0.0
player_00944,player,occasional_player,0.0,True,1,0.242062986,-0.113862972,0,2,2,0,0.0,0.0
player_00945,player,occasional_player,0.0,True,1,0.53278471,-0.367846528,0,3,3,0,0.0,0.0
player_00946,player,occasional_player,0.0,True,1,0.182905383,-0.110302586,0,3,3,0,0.0,0.0
player_00947,player,opportunistic_player,0.0,True,1,3.343457139,-0.250750396,0,1,1,0,0.0,0.0
player_00948,player,occasional_player,0.0,True,1,3.910832512,0.105040714,2,2,4,0,0.063739348,0.0
player_00949,player,occasional_player,0.0,True,1,0.699948674,-0.283112966,0,3,3,0,0.0,0.0
player_00950,player,occasional_player,0.0,True,1,1.454434885,0.276266145,1,1,2,0,0.023321934,0.0
player_00951,player,occasional_player,0.0,True,1,2.555576354,0.169816016,1,1,2,0,0.021746305,0.0
player_00952,player,opportunistic_player,0.0,True,1,0.794757272,-0.300495859,0,2,2,0,0.0,0.0
player_00953,player,opportunistic_player,0.0,True,1,3.887928335,-1.069311244,0,3,3,0,0.0,0.0
player_00954,player,occasional_player,0.0,True,1,0.139635214,-0.137040025,0,5,5,0,0.0,0.0
player_00955,player,opportunistic_player,0.0,True,1,1.702715789,-0.144475068,0,1,1,0,0.0,0.0
player_00956,player,opportunistic_player,0.0,True,1,4.983381497,0.931568872,1,0,1,0,0.047198693,0.0
player_00957,player,opportunistic_player,0.0,True,1,2.07595645,0.424888824,1,3,4,0,0.042362946,0.0
player_00958,player,occasional_player,0.0,True,1,1.067236886,0.750977853,1,4,5,0,0.045163569,0.0
player_00959,player,occasional_player,0.0,True,1,0.21134081,-0.162049249,0,4,4,0,0.0,0.0
player_00960,player,occasional_player,0.0,True,1,0.425218222,-0.041556996,0,1,1,0,0.0,0.0
player_00961,player,occasional_player,0.0,True,1,1.220179373,-0.324357772,0,2,2,0,0.0,0.0
player_00962,player,occasional_player,0.0,True,1,0.525746569,-0.370610298,0,3,3,0,0.0,0.0
player_00963,player,occasional_player,0.0,True,1,2.569231333,1.107986333,1,0,1,0,0.056511722,0.0
player_00964,player,occasional_player,0.0,True,1,2.016851747,-0.431846089,1,2,3,0,0.009652827,0.0
player_00965,player,occasional_player,0.0,True,1,1.852608246,0.454043095,1,1,2,0,0.031712594,0.0
player_00966,player,opportunistic_player,0.0,True,1,3.436706713,-1.058596871,0,2,2,0,0.0,0.0
player_00967,player,occasional_player,0.0,True,1,8.440296697,1.440296697,2,0,2,0,0.072028564,0.0
player_00968,player,occasional_player,0.0,True,1,0.974397356,-0.651328511,0,3,3,0,0.0,0.0
player_00969,player,opportunistic_player,0.0,True,1,2.29353389,-0.387901613,0,2,2,0,0.0,0.0
player_00970,player,player_whale,0.0,True,1,13.070972679,-0.302842093,0,1,1,0,0.0,0.0
player_00971,player,occasional_player,0.0,True,1,1.117615968,0.55987142,1,0,1,0,0.027695311,0.0
player_00972,player,occasional_player,0.0,True,1,1.123130784,-0.106793487,0,1,1,0,0.0,0.0
player_00973,player,occasional_player,0.0,True,1,0.425366755,-0.089801578,0,1,1,0,0.0,0.0
player_00974,player,occasional_player,0.0,True,1,2.547676534,1.411941925,1,1,2,0,0.083676915,0.0
player_00975,player,occasional_player,0.0,True,1,0.369183803,-0.038852104,0,1,1,0,0.0,0.0
player_00976,player,occasional_player,0.0,True,1,4.453367173,2.254377741,1,0,1,0,0.116858873,0.0
player_00977,player,occasional_player,0.0,True,1,4.505607174,-1.286460868,1,4,5,0,0.021272958,0.0
player_00978,player,opportunistic_player,0.0,True,1,0.822405978,-0.071604003,0,1,1,0,0.0,0.0
player_00979,player,occasional_player,0.0,True,1,0.172098975,-0.027901025,0,2,2,0,0.0,0.0
player_00980,player,occasional_player,0.0,True,1,0.678015891,-0.183576668,0,2,2,0,0.0,0.0
player_00981,player,occasional_player,0.0,True,1,1.416251221,-0.228438501,1,2,3,0,0.013601562,0.0
player_00982,player,player_whale,0.0,True,1,10.336813055,-0.948447655,0,2,2,0,0.0,0.0
player_00983,player,occasional_player,0.0,True,1,2.11589855,0.632674041,2,1,3,0,0.033726934,0.0
player_00984,player,opportunistic_player,0.0,True,1,4.983005472,-1.04521716,0,1,1,0,0.0,0.0
player_00985,player,occasional_player,0.0,True,1,0.623088178,-0.318406743,0,3,3,0,0.0,0.0
player_00986,player,occasional_player,0.0,True,1,2.666956887,1.322438109,1,1,2,0,0.077656787,0.0
player_00987,player,occasional_player,0.0,True,1,1.608832196,-0.575987218,0,2,2,0,0.0,0.0
player_00988,player,occasional_player,0.0,True,1,1.618180702,0.389626711,1,3,4,0,0.037791435,0.0
player_00989,player,occasional_player,0.0,True,1,0.684281842,-0.481405656,0,3,3,0,0.0,0.0
player_00990,player,occasional_player,0.0,True,1,0.315487399,-0.110561245,0,2,2,0,0.0,0.0
player_00991,player,occasional_player,0.0,True,1,0.500194358,-0.1506602,0,3,3,0,0.0,0.0
player_00992,player,occasional_player,0.0,True,1,0.633346302,-0.199049713,0,2,2,0,0.0,0.0
player_00993,player,occasional_player,0.0,True,1,1.096879598,-0.214804986,0,1,1,0,0.0,0.0
player_00994,player,occasional_player,0.0,True,1,0.33496448,-0.080840423,0,2,2,0,0.0,0.0
player_00995,player,occasional_player,0.0,True,1,3.287323712,-0.611615514,0,2,2,0,0.0,0.0
player_00996,player,occasional_player,0.0,True,1,1.567411744,0.291030463,1,3,4,0,0.032377353,0.0
player_00997,player,occasional_player,0.0,True,1,0.238471109,-0.07654,0,2,2,0,0.0,0.0
player_00998,player,opportunistic_player,0.0,True,1,2.043773439,-0.711311791,0,3,3,0,0.0,0.0
player_00999,player,occasional_player,0.0,True,1,0.335152641,-0.108212522,0,2,2,0,0.0,0.0
player_01000,player,opportunistic_player,0.0,True,1,2.296585923,-0.75510102,1,4,5,0,0.027573232,0.0
player_01001,player,occasional_player,0.0,True,1,2.929614978,2.686920406,2,0,2,0,0.138263219,0.0
player_01002,player,occasional_player,0.0,True,1,0.54611603,-0.143091795,0,2,2,0,0.0,0.0
player_01003,player,opportunistic_player,0.0,True,1,0.792575053,-0.108435829,0,1,1,0,0.0,0.0
player_01004,player,occasional_player,0.0,True,1,0.231409948,-0.241327244,0,4,4,0,0.0,0.0
player_01005,player,occasional_player,0.0,True,1,0.923724547,-0.06676142,0,1,1,0,0.0,0.0
player_01006,player,occasional_player,0.0,True,1,0.273613619,-0.075380508,0,1,1,0,0.0,0.0
player_01007,player,opportunistic_player,0.0,True,1,0.669717669,-0.117139934,0,2,2,0,0.0,0.0
player_01008,player,occasional_player,0.0,True,1,2.73658411,0.848458225,3,2,5,0,0.064714289,0.0
player_01009,player,occasional_player,0.0,True,1,1.624589991,0.924624518,1,1,2,0,0.049047887,0.0
player_01010,player,occasional_player,0.0,True,1,0.217697587,-0.068627028,0,2,2,0,0.0,0.0
player_01011,player,occasional_player,0.0,True,1,1.045315772,-0.36675431,0,2,2,0,0.0,0.0
player_01012,player,occasional_player,0.0,True,1,1.077089214,-0.515858347,0,2,2,0,0.0,0.0
player_01013,player,occasional_player,0.0,True,1,0.167600389,-0.032399611,0,1,1,0,0.0,0.0
player_01014,player,opportunistic_player,0.0,True,1,2.803728129,1.206166964,2,0,2,0,0.060522935,0.0
player_01015,player,occasional_player,0.0,True,1,1.052330718,-0.094261752,0,1,1,0,0.0,0.0
player_01016,player,occasional_player,0.0,True,1,0.168167077,-0.044017719,0,2,2,0,0.0,0.0
player_01017,player,occasional_player,0.0,True,1,1.256005556,-0.697192112,0,2,2,0,0.0,0.0
player_01018,player,occasional_player,0.0,True,1,1.413725879,-0.186378286,0,1,1,0,0.0,0.0
player_01019,player,opportunistic_player,0.0,True,1,1.360208998,-0.380004712,0,2,2,0,0.0,0.0
player_01020,player,opportunistic_player,0.0,True,1,3.878708441,0.471471587,1,1,2,0,0.03645695,0.0
player_01021,player,opportunistic_player,0.0,True,1,3.401143684,1.129741841,1,2,3,0,0.079223615,0.0
player_01022,player,occasional_player,0.0,True,1,2.047552306,0.473338564,2,2,4,0,0.057967898,0.0
player_01023,player,opportunistic_player,0.0,True,1,2.016021358,0.785482232,1,3,4,0,0.051513629,0.0
player_01024,player,occasional_player,0.0,True,1,1.093510991,0.32934959,1,3,4,0,0.03857736,0.0
player_01025,player,occasional_player,0.0,True,1,0.769099108,-0.144511871,0,1,1,0,0.0,0.0
player_01026,player,occasional_player,0.0,True,1,1.317833314,-0.543088235,1,4,5,0,0.010500846,0.0
player_01027,player,opportunistic_player,0.0,True,1,0.799785617,-0.166961702,0,1,1,0,0.0,0.0
player_01028,player,occasional_player,0.0,True,1,1.23338412,-0.243984329,0,2,2,0,0.0,0.0
player_01029,player,opportunistic_player,0.0,True,1,0.636319108,-0.239224015,0,2,2,0,0.0,0.0
player_01030,player,occasional_player,0.0,True,1,0.90165684,0.415751239,1,2,3,0,0.036108132,0.0
player_01031,player,occasional_player,0.0,True,1,0.447463042,-0.17563994,0,3,3,0,0.0,0.0
player_01032,player,opportunistic_player,0.0,True,1,2.252436445,0.434779872,1,1,2,0,0.034766055,0.0
player_01033,player,occasional_player,0.0,True,1,0.585651201,-0.057300588,0,1,1,0,0.0,0.0
player_01034,player,occasional_player,0.0,True,1,0.156008056,-0.043991944,0,3,3,0,0.0,0.0
player_01035,player,occasional_player,0.0,True,1,0.416889196,-0.110127426,0,1,1,0,0.0,0.0
player_01036,player,occasional_player,0.0,True,1,0.245452205,-0.063782378,0,2,2,0,0.0,0.0
player_01037,player,opportunistic_player,0.0,True,1,0.795488157,0.086091282,1,2,3,0,0.017882241,0.0
player_01038,player,opportunistic_player,0.0,True,1,2.10152182,-0.444848707,0,2,2,0,0.0,0.0
player_01039,player,opportunistic_player,0.0,True,1,1.8545953,-0.149571101,0,1,1,0,0.0,0.0
player_01040,player,occasional_player,0.0,True,1,0.540185641,-0.185693967,0,2,2,0,0.0,0.0
player_01041,player,occasional_player,0.0,True,1,0.251831396,-0.099332415,0,2,2,0,0.0,0.0
player_01042,player,occasional_player,0.0,True,1,3.36591675,-0.086502702,1,2,3,0,0.036623103,0.0
player_01043,player,opportunistic_player,0.0,True,1,1.067399879,-0.079237487,0,1,1,0,0.0,0.0
player_01044,player,opportunistic_player,0.0,True,1,2.216376441,-0.869168442,0,2,2,0,0.0,0.0
player_01045,player,occasional_player,0.0,True,1,2.489718791,0.132886069,2,0,2,0,0.003777626,0.0
player_01046,player,occasional_player,0.0,True,1,0.410651541,-0.092536544,0,1,1,0,0.0,0.0
player_01047,player,opportunistic_player,0.0,True,1,0.727730991,-0.077505121,0,1,1,0,0.0,0.0
player_01048,player,occasional_player,0.0,True,1,2.016467482,-1.990567601,0,4,4,0,0.0,0.0
player_01049,player,occasional_player,0.0,True,1,3.813688921,2.067383193,2,1,3,0,0.129432476,0.0
player_01050,player,opportunistic_player,0.0,True,1,5.702552421,0.522911229,1,1,2,0,0.040175956,0.0
player_01051,player,opportunistic_player,0.0,True,1,1.011493108,-0.593938625,0,4,4,0,0.0,0.0
player_01052,player,occasional_player,0.0,True,1,0.18275639,-0.01724361,0,1,1,0,0.0,0.0
player_01053,player,player_whale,0.0,True,1,9.668637451,-0.192605235,1,1,2,0,0.014783266,0.0
player_01054,player,occasional_player,0.0,True,1,2.077909591,0.698583421,2,2,4,0,0.048402536,0.0
player_01055,player,opportunistic_player,0.0,True,1,1.462687047,-0.272845742,0,2,2,0,0.0,0.0
player_01056,player,occasional_player,0.0,True,1,0.181885646,-0.025966751,0,1,1,0,0.0,0.0
player_01057,player,occasional_player,0.0,True,1,0.647935583,-0.187924757,0,3,3,0,0.0,0.0
player_01058,player,occasional_player,0.0,True,1,2.404321882,0.614026263,1,1,2,0,0.044711936,0.0
player_01059,player,occasional_player,0.0,True,1,1.846045935,-0.404894037,0,1,1,0,0.0,0.0
player_01060,player,occasional_player,0.0,True,1,0.782880196,-0.245864099,0,2,2,0,0.0,0.0
player_01061,player,occasional_player,0.0,True,1,4.815787291,0.910122405,1,1,2,0,0.066069897,0.0
player_01062,player,occasional_player,0.0,True,1,0.672879824,-0.184932033,0,1,1,0,0.0,0.0
player_01063,player,occasional_player,0.0,True,1,0.229678355,-0.030198021,0,1,1,0,0.0,0.0
player_01064,player,occasional_player,0.0,True,1,0.363122757,-0.030616117,0,1,1,0,0.0,0.0
player_01065,player,occasional_player,0.0,True,1,0.80349902,-0.294552723,0,2,2,0,0.0,0.0
player_01066,player,occasional_player,0.0,True,1,2.413755561,1.461966394,1,1,2,0,0.081418066,0.0
player_01067,player,player_whale,0.0,True,1,6.114539657,-0.885460343,0,2,2,0,0.0,0.0
player_01068,player,occasional_player,0.0,True,1,0.701249293,-0.223406753,0,2,2,0,0.0,0.0
player_01069,player,occasional_player,0.0,True,1,0.686772846,-0.20661896,0,3,3,0,0.0,0.0
player_01070,player,occasional_player,0.0,True,1,3.452143567,1.177539039,1,0,1,0,0.060688393,0.0
player_01071,player,occasional_player,0.0,True,1,3.780658919,1.841075115,2,1,3,0,0.104463476,0.0
player_01072,player,opportunistic_player,0.0,True,1,1.495485326,0.117114004,1,1,2,0,0.014739609,0.0
player_01073,player,occasional_player,0.0,True,1,0.138719552,-0.061280448,0,3,3,0,0.0,0.0
player_01074,player,player_whale,0.0,True,1,8.889437214,-1.165088684,1,2,3,0,0.014595778,0.0
player_01075,player,occasional_player,0.0,True,1,1.129572476,-0.253148949,0,1,1,0,0.0,0.0
player_01076,player,occasional_player,0.0,True,1,0.109709223,-0.141641635,0,4,4,0,0.0,0.0
player_01077,player,occasional_player,0.0,True,1,1.228122121,-0.123194048,0,1,1,0,0.0,0.0
player_01078,player,opportunistic_player,0.0,True,1,3.34958443,-0.658830507,0,1,1,0,0.0,0.0
player_01079,player,occasional_player,0.0,True,1,1.073256986,-0.258771085,0,1,1,0,0.0,0.0
player_01080,player,occasional_player,0.0,True,1,2.413561545,0.056286175,1,1,2,0,0.025019195,0.0
player_01081,player,occasional_player,0.0,True,1,0.299361204,-0.061802661,0,1,1,0,0.0,0.0
player_01082,player,opportunistic_player,0.0,True,1,1.840492316,-0.509405445,0,3,3,0,0.0,0.0
player_01083,player,occasional_player,0.0,True,1,1.129632059,-0.085298786,0,1,1,0,0.0,0.0
player_01084,player,occasional_player,0.0,True,1,0.799793388,-0.185857998,0,2,2,0,0.0,0.0
player_01085,player,occasional_player,0.0,True,1,1.811251557,0.047318284,1,2,3,0,0.049116144,0.0
player_01086,player,opportunistic_player,0.0,True,1,5.75517236,0.354740905,2,1,3,0,0.039963998,0.0
player_01087,player,player_whale,0.0,True,1,7.129198763,-0.10006978,1,1,2,0,0.002827463,0.0
player_01088,player,player_whale,0.0,True,1,7.077321071,0.077321071,1,0,1,0,0.002765699,0.0
player_01089,player,occasional_player,0.0,True,1,0.184583786,-0.015416214,0,1,1,0,0.0,0.0
player_01090,player,occasional_player,0.0,True,1,3.583676682,0.156697293,2,2,4,0,0.045762136,0.0
player_01091,player,occasional_player,0.0,True,1,0.171423742,-0.038827488,0,1,1,0,0.0,0.0
player_01092,player,occasional_player,0.0,True,1,2.112594909,-0.176034218,0,1,1,0,0.0,0.0
player_01093,player,player_whale,0.0,True,1,9.139048783,-0.971966165,1,2,3,0,0.022344613,0.0
player_01094,player,occasional_player,0.0,True,1,4.876588307,-0.652017839,1,1,2,0,0.017441487,0.0
player_01095,player,occasional_player,0.0,True,1,2.820531509,1.541569805,1,1,2,0,0.087089342,0.0
player_01096,player,opportunistic_player,0.0,True,1,1.614218711,-0.410831122,0,2,2,0,0.0,0.0
player_01097,player,opportunistic_player,0.0,True,1,7.110753855,3.923292115,2,1,3,0,0.21184044,0.0
player_01098,player,opportunistic_player,0.0,True,1,1.217135853,-0.342650671,0,3,3,0,0.0,0.0
player_01099,player,occasional_player,0.0,True,1,0.139882781,-0.060117219,0,2,2,0,0.0,0.0
player_01100,player,occasional_player,0.0,True,1,0.983432575,-0.098635117,0,1,1,0,0.0,0.0
player_01101,player,opportunistic_player,0.0,True,1,5.866396169,-0.675286066,0,1,1,0,0.0,0.0
player_01102,player,occasional_player,0.0,True,1,0.278542571,-0.063400909,0,2,2,0,0.0,0.0
player_01103,player,occasional_player,0.0,True,1,0.83977606,-0.22837012,0,1,1,0,0.0,0.0
player_01104,player,occasional_player,0.0,True,1,0.696323888,-0.123251289,0,1,1,0,0.0,0.0
player_01105,player,occasional_player,0.0,True,1,4.559882685,-0.374847885,0,1,1,0,0.0,0.0
player_01106,player,opportunistic_player,0.0,True,1,0.951189155,-0.562948481,0,3,3,0,0.0,0.0
player_01107,player,occasional_player,0.0,True,1,2.584549061,-0.852866659,1,2,3,0,0.001715343,0.0
player_01108,player,occasional_player,0.0,True,1,0.670388729,-0.134440027,0,1,1,0,0.0,0.0
player_01109,player,occasional_player,0.0,True,1,0.445449102,-0.12500435,0,1,1,0,0.0,0.0
player_01110,player,occasional_player,0.0,True,1,0.466419008,-0.281474909,0,3,3,0,0.0,0.0
player_01111,player,occasional_player,0.0,True,1,1.150276264,0.530120275,1,0,1,0,0.026374786,0.0
player_01112,player,opportunistic_player,0.0,True,1,1.52706314,-1.549078662,0,6,6,0,0.0,0.0
player_01113,player,occasional_player,0.0,True,1,0.125719488,-0.074280512,0,3,3,0,0.0,0.0
player_01114,player,occasional_player,0.0,True,1,0.805809902,-0.289761159,0,2,2,0,0.0,0.0
player_01115,player,occasional_player,0.0,True,1,0.680332707,-0.275906125,0,2,2,0,0.0,0.0
player_01116,player,occasional_player,0.0,True,1,0.725652947,-0.142602225,0,1,1,0,0.0,0.0
player_01117,player,occasional_player,0.0,True,1,0.576654222,-0.207897324,0,2,2,0,0.0,0.0
player_01118,player,occasional_player,0.0,True,1,0.315119473,-0.092214444,0,2,2,0,0.0,0.0
player_01119,player,occasional_player,0.0,True,1,1.195311923,0.651086675,1,0,1,0,0.03278584,0.0
player_01120,player,opportunistic_player,0.0,True,1,5.791603395,-0.356690392,0,1,1,0,0.0,0.0
player_01121,player,occasional_player,0.0,True,1,0.239628403,-0.09445273,0,2,2,0,0.0,0.0
player_01122,player,opportunistic_player,0.0,True,1,0.949506236,-0.169998448,0,1,1,0,0.0,0.0
player_01123,player,opportunistic_player,0.0,True,1,4.572923846,1.678338021,2,0,2,0,0.084654394,0.0
player_01124,player,occasional_player,0.0,True,1,0.654348941,-0.099085294,0,1,1,0,0.0,0.0
player_01125,player,opportunistic_player,0.0,True,1,1.995844146,-0.69154124,0,3,3,0,0.0,0.0
player_01126,player,occasional_player,0.0,True,1,1.06793172,-0.394778713,0,2,2,0,0.0,0.0
player_01127,player,opportunistic_player,0.0,True,1,0.99412619,-0.228069017,0,3,3,0,0.0,0.0
player_01128,player,occasional_player,0.0,True,1,0.19802626,-0.075692925,0,2,2,0,0.0,0.0
player_01129,player,occasional_player,0.0,True,1,1.13214495,-0.008747697,1,2,3,0,0.018390526,0.0
player_01130,player,occasional_player,0.0,True,1,1.738094841,-0.273129777,1,4,5,0,0.039110706,0.0
player_01131,player,occasional_player,0.0,True,1,1.809503497,-0.04597166,1,2,3,0,0.020849789,0.0
player_01132,player,occasional_player,0.0,True,1,0.687151309,-0.354578866,0,3,3,0,0.0,0.0
player_01133,player,occasional_player,0.0,True,1,4.096488382,-0.126068329,1,2,3,0,0.021042619,0.0
player_01134,player,occasional_player,0.0,True,1,0.638285627,-0.465943843,0,4,4,0,0.0,0.0
player_01135,player,occasional_player,0.0,True,1,1.303761926,0.241945743,1,1,2,0,0.024457348,0.0
player_01136,player,occasional_player,0.0,True,1,0.510355083,-0.250014773,0,3,3,0,0.0,0.0
player_01137,player,occasional_player,0.0,True,1,0.688823838,-0.228809384,0,2,2,0,0.0,0.0
player_01138,player,occasional_player,0.0,True,1,4.021203127,1.883544562,2,0,2,0,0.095394352,0.0
player_01139,player,occasional_player,0.0,True,1,0.533340324,-0.115069701,0,2,2,0,0.0,0.0
player_01140,player,occasional_player,0.0,True,1,1.036179001,-0.301007199,0,2,2,0,0.0,0.0
player_01141,player,occasional_player,0.0,True,1,0.313848921,-0.083170016,0,2,2,0,0.0,0.0
player_01142,player,occasional_player,0.0,True,1,0.399371326,-0.031245977,0,1,1,0,0.0,0.0
player_01143,player,occasional_player,0.0,True,1,1.028062615,-0.376858723,0,2,2,0,0.0,0.0
player_01144,player,opportunistic_player,0.0,True,1,4.039170703,1.957287354,1,0,1,0,0.101559718,0.0
player_01145,player,occasional_player,0.0,True,1,3.25554388,1.256640198,2,0,2,0,0.062491576,0.0
player_01146,player,occasional_player,0.0,True,1,2.723302213,1.314735137,2,1,3,0,0.07297833,0.0
player_01147,player,occasional_player,0.0,True,1,0.15884555,-0.058299548,0,2,2,0,0.0,0.0
player_01148,player,opportunistic_player,0.0,True,1,1.82092852,-0.228868858,0,1,1,0,0.0,0.0
player_01149,player,occasional_player,0.0,True,1,0.795788457,-0.15064155,0,2,2,0,0.0,0.0
player_01150,player,occasional_player,0.0,True,1,2.322718684,-0.266448391,0,1,1,0,0.0,0.0
player_01151,player,occasional_player,0.0,True,1,0.734918481,-0.062470089,0,1,1,0,0.0,0.0
player_01152,player,opportunistic_player,0.0,True,1,1.386015863,-0.428448137,0,3,3,0,0.0,0.0
player_01153,player,occasional_player,0.0,True,1,3.228387434,-0.653570379,2,3,5,0,0.047712569,0.0
player_01154,player,occasional_player,0.0,True,1,0.829157637,-0.17592136,0,2,2,0,0.0,0.0
player_01155,player,occasional_player,0.0,True,1,0.955819206,-0.063912657,0,1,1,0,0.0,0.0
player_01156,player,occasional_player,0.0,True,1,0.494591451,-0.223092763,0,2,2,0,0.0,0.0
player_01157,player,opportunistic_player,0.0,True,1,1.463429747,-0.326535985,0,2,2,0,0.0,0.0
player_01158,player,occasional_player,0.0,True,1,2.108241647,0.987910227,1,2,3,0,0.066103981,0.0
player_01159,player,occasional_player,0.0,True,1,1.384686212,-0.130864775,0,1,1,0,0.0,0.0
player_01160,player,occasional_player,0.0,True,1,3.256010088,0.977435651,2,0,2,0,0.047793823,0.0
player_01161,player,occasional_player,0.0,True,1,1.937090877,0.578670511,1,1,2,0,0.036638019,0.0
player_01162,player,occasional_player,0.0,True,1,0.414596513,-0.185182853,0,3,3,0,0.0,0.0
player_01163,player,occasional_player,0.0,True,1,0.093400514,-0.106599486,0,4,4,0,0.0,0.0
player_01164,player,occasional_player,0.0,True,1,3.172723221,1.889394047,2,0,2,1,0.095892134,0.0
player_01165,player,occasional_player,0.0,True,1,1.077836236,-0.312802714,0,2,2,0,0.0,0.0
player_01166,player,occasional_player,0.0,True,1,0.487952863,-0.04231037,0,1,1,0,0.0,0.0
player_01167,player,occasional_player,0.0,True,1,0.989133849,0.418036131,1,0,1,0,0.020420705,0.0
player_01168,player,occasional_player,0.0,True,1,1.146225084,-0.310162629,0,2,2,0,0.0,0.0
player_01169,player,occasional_player,0.0,True,1,0.733050193,-0.162578249,0,2,2,0,0.0,0.0
player_01170,player,occasional_player,0.0,True,1,0.461174161,-0.186733741,0,2,2,0,0.0,0.0
player_01171,player,occasional_player,0.0,True,1,0.247739912,-0.122168842,0,2,2,0,0.0,0.0
player_01172,player,occasional_player,0.0,True,1,0.717199688,-0.07042724,0,1,1,0,0.0,0.0
player_01173,player,occasional_player,0.0,True,1,0.602220895,-0.115081186,0,1,1,0,0.0,0.0
player_01174,player,occasional_player,0.0,True,1,0.85598744,-0.15574697,0,2,2,0,0.0,0.0
player_01175,player,occasional_player,0.0,True,1,1.036507862,-0.170928858,0,2,2,0,0.0,0.0
player_01176,player,opportunistic_player,0.0,True,1,1.415341159,-0.305662911,0,1,1,0,0.0,0.0
player_01177,player,occasional_player,0.0,True,1,0.509620068,-0.331301557,0,3,3,0,0.0,0.0
player_01178,player,player_whale,0.0,True,1,30.54955935,-2.538620083,0,1,1,0,0.0,0.0
player_01179,player,opportunistic_player,0.0,True,1,2.644462733,-0.400568909,0,2,2,0,0.0,0.0
player_01180,player,occasional_player,0.0,True,1,0.320632286,-0.196834939,0,3,3,0,0.0,0.0
player_01181,player,occasional_player,0.0,True,1,0.489527255,-0.044891027,0,1,1,1,0.0,0.0
player_01182,player,occasional_player,0.0,True,1,1.15002932,-0.30438612,0,2,2,0,0.0,0.0
player_01183,player,occasional_player,0.0,True,1,0.863708646,-0.163340787,0,1,1,0,0.0,0.0
player_01184,player,occasional_player,0.0,True,1,7.205811689,0.831543774,2,1,3,0,0.057089467,0.0
player_01185,player,occasional_player,0.0,True,1,2.576510174,1.098795121,1,0,1,0,0.056236471,0.0
player_01186,player,occasional_player,0.0,True,1,1.287622225,-0.702781739,0,2,2,0,0.0,0.0
player_01187,player,occasional_player,0.0,True,1,0.162752605,-0.037247395,0,2,2,0,0.0,0.0
player_01188,player,occasional_player,0.0,True,1,0.282844671,-0.07904357,0,3,3,0,0.0,0.0
player_01189,player,occasional_player,0.0,True,1,2.518824203,0.564144808,1,0,1,0,0.028164539,0.0
player_01190,player,occasional_player,0.0,True,1,1.062317673,-0.430539746,0,3,3,0,0.0,0.0
player_01191,player,occasional_player,0.0,True,1,0.151077605,-0.10811964,0,4,4,0,0.0,0.0
player_01192,player,occasional_player,0.0,True,1,4.794150397,0.444804036,1,0,1,0,0.021884515,0.0
player_01193,player,occasional_player,0.0,True,1,0.510257222,-0.042063562,0,1,1,0,0.0,0.0
player_01194,player,opportunistic_player,0.0,True,1,2.214454782,0.589654329,1,1,2,0,0.037966684,0.0
player_01195,player,occasional_player,0.0,True,1,0.902179056,-0.455585502,0,3,3,0,0.0,0.0
player_01196,player,occasional_player,0.0,True,1,0.664304401,-0.287497801,0,2,2,0,0.0,0.0
player_01197,player,opportunistic_player,0.0,True,1,2.529183516,-0.218975451,0,1,1,0,0.0,0.0
player_01198,player,occasional_player,0.0,True,1,0.998819831,-0.411035998,0,3,3,0,0.0,0.0
player_01199,player,occasional_player,0.0,True,1,0.263050807,-0.278725421,0,4,4,0,0.0,0.0
player_01200,player,player_whale,0.0,True,1,9.96668761,-0.329743885,1,2,3,0,0.023840177,0.0
player_01201,player,occasional_player,0.0,True,1,2.613519453,1.608880963,2,1,3,0,0.085820122,0.0
player_01202,player,opportunistic_player,0.0,True,1,1.635830411,1.035830411,1,4,5,0,0.074058761,0.0
player_01203,player,occasional_player,0.0,True,1,0.827980023,-0.301147751,0,2,2,0,0.0,0.0
player_01204,player,occasional_player,0.0,True,1,0.599762176,-0.196993665,0,2,2,0,0.0,0.0
player_01205,player,occasional_player,0.0,True,1,0.161623572,-0.068749611,0,3,3,0,0.0,0.0
player_01206,player,occasional_player,0.0,True,1,3.579538808,-0.298144229,0,1,1,0,0.0,0.0
player_01207,player,occasional_player,0.0,True,1,0.654688507,-0.047648228,0,1,1,0,0.0,0.0
player_01208,player,opportunistic_player,0.0,True,1,3.917264758,0.884285372,2,2,4,0,0.062337179,0.0
player_01209,player,occasional_player,0.0,True,1,0.582144137,-0.185712023,0,2,2,0,0.0,0.0
player_01210,player,occasional_player,0.0,True,1,4.338979477,1.518938251,1,1,2,0,0.086220103,0.0
player_01211,player,occasional_player,0.0,True,1,0.407511497,-0.063526855,0,1,1,0,0.0,0.0
player_01212,player,occasional_player,0.0,True,1,0.185770513,-0.014229487,0,1,1,0,0.0,0.0
player_01213,player,occasional_player,0.0,True,1,0.295137045,-0.068872708,0,2,2,0,0.0,0.0
player_01214,player,occasional_player,0.0,True,1,0.470841216,0.0,0,0,0,1,0.0,0.0
player_01215,player,player_whale,0.0,True,1,7.411814073,0.369302448,1,1,2,0,0.03125716,0.0
player_01216,player,occasional_player,0.0,True,1,0.586201143,-0.284649461,0,3,3,0,0.0,0.0
player_01217,player,occasional_player,0.0,True,1,1.696783149,-1.023491138,0,3,3,0,0.0,0.0
player_01218,player,occasional_player,0.0,True,1,1.565836734,-0.267260088,0,1,1,0,0.0,0.0
player_01219,player,occasional_player,0.0,True,1,0.248147323,-0.108030669,0,2,2,0,0.0,0.0
player_01220,player,opportunistic_player,0.0,True,1,2.482909105,-0.419476599,0,1,1,0,0.0,0.0
player_01221,player,opportunistic_player,0.0,True,1,0.826212655,-0.17520086,0,2,2,0,0.0,0.0
player_01222,player,occasional_player,0.0,True,1,1.326634404,-0.007795992,1,1,2,0,0.009427287,0.0
player_01223,player,occasional_player,0.0,True,1,2.238698807,-0.313556908,0,1,1,0,0.0,0.0
player_01224,player,occasional_player,0.0,True,1,0.689145259,-0.208525994,0,2,2,0,0.0,0.0
player_01225,player,occasional_player,0.0,True,1,0.429229246,-0.080494089,0,1,1,0,0.0,0.0
player_01226,player,opportunistic_player,0.0,True,1,2.567783503,1.016126599,1,0,1,0,0.051575481,0.0
player_01227,player,occasional_player,0.0,True,1,0.341700927,-0.088500375,0,1,1,0,0.0,0.0
player_01228,player,opportunistic_player,0.0,True,1,1.603305952,-0.467024766,0,2,2,0,0.0,0.0
player_01229,player,occasional_player,0.0,True,1,0.8665296,-0.092197066,0,1,1,0,0.0,0.0
player_01230,player,occasional_player,0.0,True,1,0.669566439,0.469566439,1,0,1,0,0.022888147,0.0
player_01231,player,occasional_player,0.0,True,1,2.135895284,-0.182700747,1,2,3,0,0.049063482,0.0
player_01232,player,occasional_player,0.0,True,1,5.472282064,1.43601758,2,2,4,0,0.121901674,0.0
player_01233,player,occasional_player,0.0,True,1,1.431493834,0.802548233,1,1,2,0,0.045680419,0.0
player_01234,player,occasional_player,0.0,True,1,0.435533192,-0.237911185,0,2,2,0,0.0,0.0
player_01235,player,player_whale,0.0,True,1,8.248546789,-2.561009889,0,4,4,0,0.0,0.0
player_01236,player,opportunistic_player,0.0,True,1,3.783116755,0.430911944,1,1,2,0,0.030567697,0.0
player_01237,player,occasional_player,0.0,True,1,0.682045769,-0.230763305,0,2,2,0,0.0,0.0
player_01238,player,occasional_player,0.0,True,1,0.861360416,-0.084021886,0,1,1,0,0.0,0.0
player_01239,player,opportunistic_player,0.0,True,1,1.503028283,-0.455849953,0,2,2,0,0.0,0.0
player_01240,player,occasional_player,0.0,True,1,1.492138021,-0.393589213,0,1,1,0,0.0,0.0
player_01241,player,occasional_player,0.0,True,1,0.394256096,-0.072786905,0,1,1,0,0.0,0.0
player_01242,player,player_whale,0.0,True,1,10.889246343,-1.054409615,0,2,2,0,0.0,0.0
player_01243,player,occasional_player,0.0,True,1,1.408830843,-0.403847712,0,2,2,0,0.0,0.0
player_01244,player,occasional_player,0.0,True,1,0.58695779,-0.298381284,0,2,2,0,0.0,0.0
player_01245,player,occasional_player,0.0,True,1,2.003444193,-0.791678656,0,2,2,0,0.0,0.0
player_01246,player,occasional_player,0.0,True,1,0.877813484,-0.244198238,0,1,1,0,0.0,0.0
player_01247,player,opportunistic_player,0.0,True,1,0.660164217,-0.232353556,0,3,3,0,0.0,0.0
player_01248,player,occasional_player,0.0,True,1,3.370516887,1.352968343,2,1,3,0,0.08559367,0.0
player_01249,player,occasional_player,0.0,True,1,6.986878279,-0.013121721,2,1,3,0,0.051025305,0.0
player_01250,player,occasional_player,0.0,True,1,2.21230173,1.877578975,2,1,3,0,0.117537898,0.0
player_01251,player,occasional_player,0.0,True,1,0.372519513,-0.026859325,0,1,1,0,0.0,0.0
player_01252,player,occasional_player,0.0,True,1,0.209280242,-0.022226166,0,1,1,0,0.0,0.0
player_01253,player,opportunistic_player,0.0,True,1,5.388659663,0.252288368,1,0,1,0,0.011046342,0.0
player_01254,player,occasional_player,0.0,True,1,1.832992464,-0.679569992,0,2,2,0,0.0,0.0
player_01255,player,opportunistic_player,0.0,True,1,1.090916972,-0.184885667,0,1,1,0,0.0,0.0
player_01256,player,occasional_player,0.0,True,1,0.138632517,-0.061367483,0,2,2,0,0.0,0.0
player_01257,player,opportunistic_player,0.0,True,1,2.819435552,0.940314609,1,0,1,0,0.047136694,0.0
player_01258,player,occasional_player,0.0,True,1,0.257432022,-0.071699564,0,1,1,0,0.0,0.0
player_01259,player,occasional_player,0.0,True,1,0.145718304,-0.064946794,0,2,2,0,0.0,0.0
player_01260,player,occasional_player,0.0,True,1,0.174052259,-0.025947741,0,1,1,0,0.0,0.0
player_01261,player,occasional_player,0.0,True,1,0.502271457,-0.309887046,0,3,3,0,0.0,0.0
player_01262,player,opportunistic_player,0.0,True,1,0.845275789,-0.180893571,0,1,1,0,0.0,0.0
player_01263,player,occasional_player,0.0,True,1,0.175324196,-0.074106432,0,2,2,1,0.0,0.0
player_01264,player,occasional_player,0.0,True,1,0.451958888,-0.192344321,0,2,2,0,0.0,0.0
player_01265,player,occasional_player,0.0,True,1,0.682947664,-0.20999717,0,2,2,0,0.0,0.0
player_01266,player,occasional_player,0.0,True,1,2.878398812,1.096263188,1,0,1,0,0.055596492,0.0
player_01267,player,occasional_player,0.0,True,1,0.744098531,-0.155914761,0,1,1,0,0.0,0.0
player_01268,player,occasional_player,0.0,True,1,0.88393112,-0.456007894,0,2,2,0,0.0,0.0
player_01269,player,occasional_player,0.0,True,1,0.634725703,-0.061888368,0,1,1,0,0.0,0.0
player_01270,player,occasional_player,0.0,True,1,1.038695914,-0.200467313,0,1,1,0,0.0,0.0
player_01271,player,occasional_player,0.0,True,1,0.489394977,-0.186345516,0,2,2,0,0.0,0.0
player_01272,player,occasional_player,0.0,True,1,0.186156606,-0.074661479,0,3,3,0,0.0,0.0
player_01273,player,occasional_player,0.0,True,1,1.104320035,-0.468668517,0,2,2,0,0.0,0.0
player_01274,player,occasional_player,0.0,True,1,0.327448879,-0.171982219,0,3,3,0,0.0,0.0
player_01275,player,opportunistic_player,0.0,True,1,1.036031636,-0.390738214,0,2,2,0,0.0,0.0
player_01276,player,occasional_player,0.0,True,1,0.398633762,-0.02598938,0,1,1,0,0.0,0.0
player_01277,player,occasional_player,0.0,True,1,0.331763262,-0.172038024,0,2,2,0,0.0,0.0
player_01278,player,occasional_player,0.0,True,1,3.335789328,2.257948071,1,1,2,0,0.122450021,0.0
player_01279,player,player_whale,0.0,True,1,6.196144294,-0.803855706,0,2,2,0,0.0,0.0
player_01280,player,occasional_player,0.0,True,1,0.987037058,-0.292106231,0,2,2,0,0.0,0.0
player_01281,player,opportunistic_player,0.0,True,1,1.226024211,-0.084738166,0,1,1,0,0.0,0.0
player_01282,player,occasional_player,0.0,True,1,0.511532735,-0.092884529,0,1,1,0,0.0,0.0
player_01283,player,opportunistic_player,0.0,True,1,3.19342519,-0.336320268,0,1,1,0,0.0,0.0
player_01284,player,opportunistic_player,0.0,True,1,2.532149897,-0.950780302,0,3,3,0,0.0,0.0
player_01285,player,occasional_player,0.0,True,1,0.197604428,-0.106051104,0,3,3,0,0.0,0.0
player_01286,player,occasional_player,0.0,True,1,2.131624458,-1.018160128,0,3,3,0,0.0,0.0
player_01287,player,occasional_player,0.0,True,1,0.115179088,-0.084820912,0,3,3,0,0.0,0.0
player_01288,player,opportunistic_player,0.0,True,1,1.304842998,-0.277256707,0,2,2,0,0.0,0.0
player_01289,player,occasional_player,0.0,True,1,0.563417964,-0.145705315,0,2,2,0,0.0,0.0
player_01290,player,occasional_player,0.0,True,1,3.432289581,-0.372349077,0,1,1,0,0.0,0.0
player_01291,player,player_whale,0.0,True,1,12.49995503,0.847114165,1,0,1,0,0.042716506,0.0
player_01292,player,occasional_player,0.0,True,1,0.717184481,-0.113936092,0,1,1,0,0.0,0.0
player_01293,player,occasional_player,0.0,True,1,0.796114227,-0.27447126,0,2,2,0,0.0,0.0
player_01294,player,player_whale,0.0,True,1,18.272834463,0.294686062,1,1,2,0,0.018969426,0.0
player_01295,player,opportunistic_player,0.0,True,1,0.473377292,-0.126622708,0,2,2,0,0.0,0.0
player_01296,player,occasional_player,0.0,True,1,0.297070851,-0.212625154,0,3,3,0,0.0,0.0
player_01297,player,occasional_player,0.0,True,1,0.144558275,-0.055441725,0,2,2,0,0.0,0.0
player_01298,player,occasional_player,0.0,True,1,0.583390876,-0.148813892,0,2,2,0,0.0,0.0
player_01299,player,opportunistic_player,0.0,True,1,5.48267783,0.43837908,1,0,1,0,0.021245294,0.0
player_01300,player,occasional_player,0.0,True,1,0.303881344,-0.04394422,0,1,1,0,0.0,0.0
player_01301,player,occasional_player,0.0,True,1,0.726938419,-0.092903738,0,1,1,0,0.0,0.0
player_01302,player,occasional_player,0.0,True,1,0.477695131,-0.121483351,0,1,1,0,0.0,0.0
player_01303,player,occasional_player,0.0,True,1,2.931684367,1.921711159,2,1,3,0,0.102836736,0.0
player_01304,player,occasional_player,0.0,True,1,0.40314205,-0.427681223,0,5,5,0,0.0,0.0
player_01305,player,opportunistic_player,0.0,True,1,2.343654734,0.567520408,1,1,2,0,0.045801859,0.0
player_01306,player,occasional_player,0.0,True,1,0.669613784,-0.211317578,0,2,2,0,0.0,0.0
player_01307,player,occasional_player,0.0,True,1,0.289050856,-0.216823576,0,3,3,0,0.0,0.0
player_01308,player,occasional_player,0.0,True,1,0.156496012,-0.043503988,0,2,2,0,0.0,0.0
player_01309,player,occasional_player,0.0,True,1,0.496801392,-0.033591992,0,1,1,0,0.0,0.0
player_01310,player,occasional_player,0.0,True,1,0.394387516,-0.209377154,0,3,3,0,0.0,0.0
player_01311,player,occasional_player,0.0,True,1,0.572674091,-0.13961225,0,1,1,0,0.0,0.0
player_01312,player,occasional_player,0.0,True,1,1.213001909,-0.162850982,0,1,1,0,0.0,0.0
player_01313,player,opportunistic_player,0.0,True,1,3.701354663,0.81606127,1,0,1,0,0.040668395,0.0
player_01314,player,occasional_player,0.0,True,1,0.29208347,-0.168897578,0,3,3,0,0.0,0.0
player_01315,player,occasional_player,0.0,True,1,0.236003724,-0.087192797,0,2,2,0,0.0,0.0
player_01316,player,occasional_player,0.0,True,1,0.242273483,-0.059273219,0,1,1,0,0.0,0.0
player_01317,player,occasional_player,0.0,True,1,1.492880865,-0.694787512,0,2,2,0,0.0,0.0
player_01318,player,occasional_player,0.0,True,1,0.746405608,-0.089854138,0,1,1,0,0.0,0.0
player_01319,player,occasional_player,0.0,True,1,0.156287125,-0.043712875,0,2,2,0,0.0,0.0
player_01320,player,occasional_player,0.0,True,1,1.815334076,-0.367779947,0,1,1,0,0.0,0.0
player_01321,player,occasional_player,0.0,True,1,1.219880699,0.686006967,1,3,4,0,0.061874268,0.0
player_01322,player,occasional_player,0.0,True,1,1.518151041,-0.957554475,0,3,3,0,0.0,0.0
player_01323,player,occasional_player,0.0,True,1,1.073030446,-0.183298667,0,1,1,0,0.0,0.0
player_01324,player,opportunistic_player,0.0,True,1,7.66030167,1.070469534,2,1,3,0,0.121453048,0.0
player_01325,player,opportunistic_player,0.0,True,1,1.992042148,-0.135732758,0,1,1,0,0.0,0.0
player_01326,player,occasional_player,0.0,True,1,1.663803242,0.383435773,1,1,2,0,0.042224715,0.0
player_01327,player,occasional_player,0.0,True,1,0.163143297,-0.036856703,0,1,1,0,0.0,0.0
player_01328,player,occasional_player,0.0,True,1,1.114911583,0.227030191,1,2,3,0,0.023019719,0.0
player_01329,player,occasional_player,0.0,True,1,1.464501801,0.166739009,1,1,2,0,0.021937251,0.0
player_01330,player,occasional_player,0.0,True,1,0.291379023,-0.126118229,0,2,2,0,0.0,0.0
player_01331,player,opportunistic_player,0.0,True,1,0.535272805,-0.393136424,0,4,4,0,0.0,0.0
player_01332,player,occasional_player,0.0,True,1,0.963694037,-0.096450918,0,1,1,0,0.0,0.0
player_01333,player,opportunistic_player,0.0,True,1,0.643423663,-0.185940685,0,2,2,0,0.0,0.0
player_01334,player,occasional_player,0.0,True,1,2.846481197,0.195624906,1,3,4,0,0.085664143,0.0
player_01335,player,occasional_player,0.0,True,1,0.172272682,-0.027727318,0,2,2,1,0.0,0.0
player_01336,player,opportunistic_player,0.0,True,1,0.45048798,-0.163233703,0,2,2,0,0.0,0.0
player_01337,player,occasional_player,0.0,True,1,1.888353281,0.240138557,1,2,3,0,0.039910952,0.0
player_01338,player,occasional_player,0.0,True,1,0.984992421,-0.138297583,0,1,1,0,0.0,0.0
player_01339,player,occasional_player,0.0,True,1,0.515463512,-0.050814345,0,1,1,0,0.0,0.0
player_01340,player,occasional_player,0.0,True,1,0.334459666,-0.065557157,0,2,2,0,0.0,0.0
player_01341,player,occasional_player,0.0,True,1,2.006921387,-0.425265466,0,1,1,0,0.0,0.0
player_01342,player,occasional_player,0.0,True,1,0.770519413,-0.183035231,0,1,1,0,0.0,0.0
player_01343,player,occasional_player,0.0,True,1,1.476127549,0.38825151,1,1,2,0,0.028162796,0.0
player_01344,player,occasional_player,0.0,True,1,0.735483595,-0.131578304,0,1,1,0,0.0,0.0
player_01345,player,occasional_player,0.0,True,1,2.462470624,-0.196920585,0,1,1,0,0.0,0.0
player_01346,player,occasional_player,0.0,True,1,0.129959284,-0.070040716,0,2,2,0,0.0,0.0
player_01347,player,occasional_player,0.0,True,1,0.210086703,-0.114624874,0,2,2,0,0.0,0.0
player_01348,player,occasional_player,0.0,True,1,1.814764448,0.997814406,1,0,1,0,0.050306575,0.0
player_01349,player,opportunistic_player,0.0,True,1,4.278200894,0.614989945,2,0,2,0,0.028134424,0.0
player_01350,player,opportunistic_player,0.0,True,1,4.421782778,0.0,0,0,0,1,0.0,0.0
player_01351,player,opportunistic_player,0.0,True,1,3.920188617,1.27903178,2,1,3,0,0.072029773,0.0
player_01352,player,occasional_player,0.0,True,1,0.56099575,-0.322355793,0,3,3,0,0.0,0.0
player_01353,player,occasional_player,0.0,True,1,0.881600844,-0.209185747,0,1,1,0,0.0,0.0
player_01354,player,occasional_player,0.0,True,1,2.000715874,-0.266708012,0,1,1,0,0.0,0.0
player_01355,player,occasional_player,0.0,True,1,0.60663482,-0.063811445,0,1,1,0,0.0,0.0
player_01356,player,occasional_player,0.0,True,1,0.51393824,-0.088842775,0,1,1,0,0.0,0.0
player_01357,player,opportunistic_player,0.0,True,1,2.187289592,0.667318953,1,0,1,0,0.032921983,0.0
player_01358,player,occasional_player,0.0,True,1,0.618283609,-0.077711532,0,1,1,0,0.0,0.0
player_01359,player,occasional_player,0.0,True,1,0.501470633,-0.09845397,0,1,1,0,0.0,0.0
player_01360,player,occasional_player,0.0,True,1,2.065401091,-0.14874171,0,1,1,0,0.0,0.0
player_01361,player,occasional_player,0.0,True,1,0.8745368,-0.317213007,0,2,2,0,0.0,0.0
player_01362,player,occasional_player,0.0,True,1,0.496140912,-0.136747003,0,2,2,0,0.0,0.0
player_01363,player,occasional_player,0.0,True,1,0.458257993,-0.092110049,0,1,1,0,0.0,0.0
player_01364,player,occasional_player,0.0,True,1,2.163309231,-0.641888294,0,2,2,0,0.0,0.0
player_01365,player,occasional_player,0.0,True,1,1.068623271,-0.518382101,0,2,2,0,0.0,0.0
player_01366,player,occasional_player,0.0,True,1,1.007497895,-0.121708523,0,1,1,0,0.0,0.0
player_01367,player,occasional_player,0.0,True,1,1.108229891,-0.590223109,0,3,3,0,0.0,0.0
player_01368,player,occasional_player,0.0,True,1,0.765548901,-0.170852953,0,1,1,0,0.0,0.0
player_01369,player,occasional_player,0.0,True,1,0.492192745,-0.17635227,0,2,2,0,0.0,0.0
player_01370,player,occasional_player,0.0,True,1,0.591895842,-0.137715351,0,1,1,0,0.0,0.0
player_01371,player,occasional_player,0.0,True,1,0.397652647,-0.169473668,0,2,2,0,0.0,0.0
player_01372,player,occasional_player,0.0,True,1,5.775111646,-0.510667329,0,1,1,0,0.0,0.0
player_01373,player,occasional_player,0.0,True,1,0.240413016,-0.138797959,0,2,2,0,0.0,0.0
player_01374,player,occasional_player,0.0,True,1,0.180175323,-0.098034397,0,2,2,0,0.0,0.0
player_01375,player,occasional_player,0.0,True,1,0.17844122,-0.097169369,0,3,3,0,0.0,0.0
player_01376,player,occasional_player,0.0,True,1,0.296802092,-0.036776206,0,1,1,0,0.0,0.0
player_01377,player,opportunistic_player,0.0,True,1,2.634388669,-1.159433938,0,3,3,0,0.0,0.0
player_01378,player,opportunistic_player,0.0,True,1,0.439687302,-0.160312698,0,2,2,0,0.0,0.0
player_01379,player,occasional_player,0.0,True,1,0.345918033,-0.146327508,0,2,2,0,0.0,0.0
player_01380,player,occasional_player,0.0,True,1,0.377085006,-0.103399363,0,2,2,0,0.0,0.0
player_01381,player,opportunistic_player,0.0,True,1,1.712317374,-0.171697845,0,1,1,0,0.0,0.0
player_01382,player,occasional_player,0.0,True,1,0.456502756,-0.197316362,0,2,2,0,0.0,0.0
player_01383,player,occasional_player,0.0,True,1,0.162199841,-0.037800159,0,1,1,0,0.0,0.0
player_01384,player,occasional_player,0.0,True,1,1.519501061,-0.169132186,0,1,1,0,0.0,0.0
player_01385,player,occasional_player,0.0,True,1,0.576138567,-0.139236914,0,1,1,0,0.0,0.0
player_01386,player,occasional_player,0.0,True,1,2.986691568,-0.706375172,0,2,2,0,0.0,0.0
player_01387,player,player_whale,0.0,True,1,10.334261949,-0.011527703,1,1,2,0,0.055291549,0.0
player_01388,player,opportunistic_player,0.0,True,1,1.46366092,-0.438427223,0,2,2,0,0.0,0.0
player_01389,player,occasional_player,0.0,True,1,0.79896586,-0.419762148,0,2,2,0,0.0,0.0
player_01390,player,occasional_player,0.0,True,1,1.629035393,-0.310149896,0,1,1,0,0.0,0.0
player_01391,player,occasional_player,0.0,True,1,0.290121533,-0.131645023,0,2,2,0,0.0,0.0
player_01392,player,occasional_player,0.0,True,1,0.334091219,-0.053873281,0,1,1,0,0.0,0.0
player_01393,player,opportunistic_player,0.0,True,1,1.493157562,-0.227705997,0,1,1,0,0.0,0.0
player_01394,player,occasional_player,0.0,True,1,1.067826929,-0.670092451,0,3,3,0,0.0,0.0
player_01395,player,occasional_player,0.0,True,1,1.699425702,-0.185090162,0,1,1,0,0.0,0.0
player_01396,player,occasional_player,0.0,True,1,1.838004725,-0.238799101,0,1,1,0,0.0,0.0
player_01397,player,occasional_player,0.0,True,1,0.347128073,-0.183019434,0,2,2,0,0.0,0.0
player_01398,player,occasional_player,0.0,True,1,0.264850321,-0.037932535,0,1,1,0,0.0,0.0
player_01399,player,occasional_player,0.0,True,1,1.819084952,-0.336889378,0,1,1,0,0.0,0.0
player_01400,player,occasional_player,0.0,True,1,1.493834183,-0.199424615,0,1,1,0,0.0,0.0
player_01401,player,occasional_player,0.0,True,1,0.384712604,-0.195333399,0,3,3,0,0.0,0.0
player_01402,player,opportunistic_player,0.0,True,1,1.597649312,-0.347905215,0,3,3,0,0.0,0.0
player_01403,player,opportunistic_player,0.0,True,1,1.80890517,-0.25837663,0,1,1,0,0.0,0.0
player_01404,player,occasional_player,0.0,True,1,0.390361039,-0.097533084,0,2,2,0,0.0,0.0
player_01405,player,occasional_player,0.0,True,1,2.902142604,0.777206828,1,0,1,0,0.038715737,0.0
player_01406,player,occasional_player,0.0,True,1,0.777607648,-0.074175761,0,1,1,0,0.0,0.0
player_01407,player,occasional_player,0.0,True,1,0.219414737,-0.038789752,0,1,1,0,0.0,0.0
player_01408,player,player_whale,0.0,True,1,6.717676139,-0.282323861,0,1,1,0,0.0,0.0
player_01409,player,occasional_player,0.0,True,1,1.550980276,-0.122190516,0,1,1,0,0.0,0.0
player_01410,player,player_whale,0.0,True,1,8.924356751,0.963868473,2,1,3,0,0.086134746,0.0
player_01411,player,occasional_player,0.0,True,1,1.79276975,-1.356610306,0,3,3,0,0.0,0.0
player_01412,player,occasional_player,0.0,True,1,0.207354047,-0.086977223,0,2,2,0,0.0,0.0
player_01413,player,occasional_player,0.0,True,1,0.561066078,-0.255884193,0,2,2,0,0.0,0.0
player_01414,player,opportunistic_player,0.0,True,1,0.735323227,-0.26976671,0,2,2,0,0.0,0.0
player_01415,player,occasional_player,0.0,True,1,0.263049775,-0.028192866,0,1,1,0,0.0,0.0
player_01416,player,occasional_player,0.0,True,1,3.317813582,0.388161786,2,1,3,0,0.058689215,0.0
player_01417,player,occasional_player,0.0,True,1,0.85831363,-0.246968427,0,2,2,0,0.0,0.0
player_01418,player,occasional_player,0.0,True,1,0.1837804,-0.024379878,0,1,1,0,0.0,0.0
player_01419,player,occasional_player,0.0,True,1,3.809619357,1.040809366,1,0,1,0,0.052533354,0.0
player_01420,player,occasional_player,0.0,True,1,2.483464781,0.26909461,2,2,4,0,0.055541391,0.0
player_01421,player,occasional_player,0.0,True,1,0.206067397,-0.019056103,0,1,1,0,0.0,0.0
player_01422,player,occasional_player,0.0,True,1,1.905881726,-0.072123142,0,1,1,0,0.0,0.0
player_01423,player,occasional_player,0.0,True,1,1.023365541,-0.225822253,0,1,1,0,0.0,0.0
player_01424,player,opportunistic_player,0.0,True,1,0.564557361,-0.122865839,0,1,1,0,0.0,0.0
player_01425,player,occasional_player,0.0,True,1,0.28770866,-0.069429606,0,1,1,0,0.0,0.0
player_01426,player,player_whale,0.0,True,1,15.972069605,-2.478414731,1,4,5,0,0.032799394,0.0
player_01427,player,occasional_player,0.0,True,1,1.09519034,-0.334179847,0,2,2,0,0.0,0.0
player_01428,player,occasional_player,0.0,True,1,0.307527117,-0.033960748,0,1,1,0,0.0,0.0
player_01429,player,occasional_player,0.0,True,1,0.575246653,-0.128126486,0,2,2,0,0.0,0.0
player_01430,player,occasional_player,0.0,True,1,2.062736379,-0.312783247,0,1,1,0,0.0,0.0
player_01431,player,occasional_player,0.0,True,1,0.3024792,-0.04293502,0,1,1,0,0.0,0.0
player_01432,player,occasional_player,0.0,True,1,0.446434046,-0.209958624,0,3,3,0,0.0,0.0
player_01433,player,occasional_player,0.0,True,1,0.176874164,-0.055373737,0,2,2,0,0.0,0.0
player_01434,player,occasional_player,0.0,True,1,0.370687714,-0.105675662,0,2,2,0,0.0,0.0
player_01435,player,occasional_player,0.0,True,1,0.379801009,-0.137217041,0,2,2,0,0.0,0.0
player_01436,player,occasional_player,0.0,True,1,0.851491788,-0.059813405,0,1,1,0,0.0,0.0
player_01437,player,occasional_player,0.0,True,1,4.751691564,-1.67577725,1,3,4,0,0.017338551,0.0
player_01438,player,occasional_player,0.0,True,1,0.332351127,-0.024876341,0,1,1,0,0.0,0.0
player_01439,player,occasional_player,0.0,True,1,0.543137619,-0.279670922,0,3,3,0,0.0,0.0
player_01440,player,opportunistic_player,0.0,True,1,0.821267286,-0.184101083,0,2,2,0,0.0,0.0
player_01441,player,opportunistic_player,0.0,True,1,0.48045613,-0.175015591,0,2,2,0,0.0,0.0
player_01442,player,player_whale,0.0,True,1,20.072892724,0.649542756,1,0,1,0,0.032224747,0.0
player_01443,player,opportunistic_player,0.0,True,1,0.751998451,-0.077189515,0,1,1,0,0.0,0.0
player_01444,player,player_whale,0.0,True,1,13.151983571,-0.739158775,1,3,4,0,0.035779866,0.0
player_01445,player,opportunistic_player,0.0,True,1,0.607984979,-0.066135437,0,1,1,0,0.0,0.0
player_01446,player,occasional_player,0.0,True,1,0.383323137,-0.239765117,0,2,2,0,0.0,0.0
player_01447,player,opportunistic_player,0.0,True,1,3.411337149,1.030560344,1,0,1,0,0.052352556,0.0
player_01448,player,opportunistic_player,0.0,True,1,2.201391168,-0.355418163,0,1,1,0,0.0,0.0
player_01449,player,occasional_player,0.0,True,1,0.502424416,-0.142973594,0,2,2,0,0.0,0.0
player_01450,player,occasional_player,0.0,True,1,0.538559114,-0.198221485,0,2,2,0,0.0,0.0
player_01451,player,opportunistic_player,0.0,True,1,2.224919901,-0.450418015,0,1,1,0,0.0,0.0
player_01452,player,occasional_player,0.0,True,1,0.369323987,-0.050343739,0,1,1,0,0.0,0.0
player_01453,player,opportunistic_player,0.0,True,1,4.051450781,0.175850412,1,0,1,0,0.007290672,0.0
player_01454,player,occasional_player,0.0,True,1,0.702955352,-0.263795956,0,3,3,0,0.0,0.0
player_01455,player,player_whale,0.0,True,1,16.707046508,-0.054546537,0,1,1,0,0.0,0.0
player_01456,player,occasional_player,0.0,True,1,0.205229314,-0.046318982,0,1,1,0,0.0,0.0
player_01457,player,occasional_player,0.0,True,1,0.386335693,-0.106271572,0,1,1,0,0.0,0.0
player_01458,player,occasional_player,0.0,True,1,0.648078929,-0.133961142,0,1,1,0,0.0,0.0
player_01459,player,occasional_player,0.0,True,1,0.387946274,-0.051685772,0,1,1,0,0.0,0.0
player_01460,player,occasional_player,0.0,True,1,0.669839682,-0.091340734,0,1,1,0,0.0,0.0
player_01461,player,occasional_player,0.0,True,1,1.522172168,-0.306105443,0,2,2,0,0.0,0.0
player_01462,player,opportunistic_player,0.0,True,1,2.762509648,1.040799228,1,0,1,0,0.052846139,0.0
player_01463,player,opportunistic_player,0.0,True,1,1.008031623,-0.060732932,0,1,1,0,0.0,0.0
player_01464,player,occasional_player,0.0,True,1,0.758002863,-0.127799764,0,1,1,0,0.0,0.0
player_01465,player,occasional_player,0.0,True,1,0.514310384,-0.288849917,0,3,3,0,0.0,0.0
player_01466,player,opportunistic_player,0.0,True,1,1.226944821,-0.572391393,0,3,3,0,0.0,0.0
player_01467,player,occasional_player,0.0,True,1,0.716478541,-0.16899467,0,1,1,0,0.0,0.0
player_01468,player,player_whale,0.0,True,1,12.45250583,-0.719299976,0,1,1,0,0.0,0.0
player_01469,player,opportunistic_player,0.0,True,1,1.291211037,-0.139733461,0,1,1,0,0.0,0.0
player_01470,player,occasional_player,0.0,True,1,0.82587797,-0.118630607,0,1,1,0,0.0,0.0
player_01471,player,occasional_player,0.0,True,1,0.872284741,-0.321799856,0,2,2,0,0.0,0.0
player_01472,player,opportunistic_player,0.0,True,1,1.740665066,-0.265752436,0,1,1,0,0.0,0.0
player_01473,player,occasional_player,0.0,True,1,0.394932175,-0.044405396,0,1,1,0,0.0,0.0
player_01474,player,occasional_player,0.0,True,1,0.452009474,-0.042795963,0,1,1,0,0.0,0.0
player_01475,player,occasional_player,0.0,True,1,1.749189824,-0.157761902,0,1,1,0,0.0,0.0
player_01476,player,occasional_player,0.0,True,1,1.051883411,0.355380434,1,2,3,0,0.026523541,0.0
player_01477,player,occasional_player,0.0,True,1,1.261146974,-0.29574253,0,1,1,0,0.0,0.0
player_01478,player,occasional_player,0.0,True,1,1.600945547,-0.535777358,0,2,2,0,0.0,0.0
player_01479,player,occasional_player,0.0,True,1,2.911320457,2.556441342,2,1,3,0,0.156029527,0.0
player_01480,player,occasional_player,0.0,True,1,1.877282218,-1.113795819,0,2,2,0,0.0,0.0
player_01481,player,occasional_player,0.0,True,1,0.286193451,-0.054738457,0,1,1,0,0.0,0.0
player_01482,player,occasional_player,0.0,True,1,0.334386062,-0.023261174,0,1,1,0,0.0,0.0
player_01483,player,opportunistic_player,0.0,True,1,0.782369833,-0.100379245,0,1,1,0,0.0,0.0
player_01484,player,opportunistic_player,0.0,True,1,0.788156693,-0.343102401,0,3,3,0,0.0,0.0
player_01485,player,occasional_player,0.0,True,1,0.430980816,-0.11256181,0,1,1,0,0.0,0.0
player_01486,player,occasional_player,0.0,True,1,0.427950756,-0.138484079,0,2,2,0,0.0,0.0
player_01487,player,occasional_player,0.0,True,1,1.284853276,-0.336885968,0,1,1,0,0.0,0.0
player_01488,player,occasional_player,0.0,True,1,0.889985377,-0.144099025,0,1,1,0,0.0,0.0
player_01489,player,occasional_player,0.0,True,1,4.518323072,0.943129479,1,0,1,0,0.047619119,0.0
player_01490,player,player_whale,0.0,True,1,21.148449767,-0.790996244,0,1,1,0,0.0,0.0
player_01491,player,occasional_player,0.0,True,1,1.293172549,-0.178578188,0,1,1,0,0.0,0.0
player_01492,player,occasional_player,0.0,True,1,0.786642731,-0.206162844,0,1,1,0,0.0,0.0
player_01493,player,occasional_player,0.0,True,1,0.67800956,-0.114848653,0,1,1,0,0.0,0.0
player_01494,player,occasional_player,0.0,True,1,0.431185976,-0.04136991,0,1,1,0,0.0,0.0
player_01495,player,occasional_player,0.0,True,1,1.701859185,1.00678304,1,0,1,0,0.05097072,0.0
player_01496,player,occasional_player,0.0,True,1,0.202314076,-0.01395208,0,1,1,0,0.0,0.0
player_01497,player,occasional_player,0.0,True,1,0.685595939,-0.191717796,0,1,1,0,0.0,0.0
player_01498,player,player_whale,0.0,True,1,33.53786809,-1.390429753,0,1,1,0,0.0,0.0
player_01499,player,occasional_player,0.0,True,1,0.549005468,-0.212474827,0,3,3,0,0.0,0.0
player_01500,player,occasional_player,0.0,True,1,0.684827208,-0.122484382,0,1,1,0,0.0,0.0
player_01501,player,occasional_player,0.0,True,1,1.053662936,-0.155146422,0,1,1,0,0.0,0.0
player_01502,player,occasional_player,0.0,True,1,1.202446749,-0.076816467,0,1,1,0,0.0,0.0
player_01503,player,occasional_player,0.0,True,1,1.42472262,0.768267225,1,2,3,0,0.048587991,0.0
player_01504,player,occasional_player,0.0,True,1,1.983466242,0.477981624,1,1,2,0,0.03115526,0.0
player_01505,player,occasional_player,0.0,True,1,0.671732832,-0.089192726,0,1,1,0,0.0,0.0
player_01506,player,occasional_player,0.0,True,1,0.909511286,-0.329857059,0,2,2,0,0.0,0.0
player_01507,player,occasional_player,0.0,True,1,0.372044226,-0.035614562,0,1,1,0,0.0,0.0
player_01508,player,occasional_player,0.0,True,1,2.534102852,-1.908529515,0,3,3,0,0.0,0.0
player_01509,player,occasional_player,0.0,True,1,0.367602154,-0.055337657,0,1,1,0,0.0,0.0
player_01510,player,opportunistic_player,0.0,True,1,2.911963873,-0.306094278,0,1,1,0,0.0,0.0
player_01511,player,occasional_player,0.0,True,1,3.815689596,-0.24775756,0,1,1,0,0.0,0.0
player_01512,player,occasional_player,0.0,True,1,0.556089769,-0.128159404,0,1,1,0,0.0,0.0
player_01513,player,occasional_player,0.0,True,1,0.732516432,-0.164679373,0,1,1,0,0.0,0.0
player_01514,player,occasional_player,0.0,True,1,0.414213356,-0.043902715,0,1,1,0,0.0,0.0
player_01515,player,occasional_player,0.0,True,1,0.946145458,-0.265700655,0,1,1,0,0.0,0.0
player_01516,player,occasional_player,0.0,True,1,1.763094944,1.061327404,1,0,1,0,0.053838607,0.0
player_01517,player,occasional_player,0.0,True,1,1.17461962,-0.416669029,0,2,2,0,0.0,0.0
player_01518,player,player_whale,0.0,True,1,7.907925017,-0.346897722,0,2,2,0,0.0,0.0
player_01519,player,occasional_player,0.0,True,1,0.746179764,-0.238148018,0,2,2,0,0.0,0.0
player_01520,player,occasional_player,0.0,True,1,0.367617488,-0.235338172,0,3,3,0,0.0,0.0
player_01521,player,occasional_player,0.0,True,1,3.783182877,-1.620931264,0,2,2,0,0.0,0.0
player_01522,player,occasional_player,0.0,True,1,1.718049828,-0.781957909,0,2,2,0,0.0,0.0
player_01523,player,occasional_player,0.0,True,1,0.204574854,-0.014718846,0,1,1,0,0.0,0.0
player_01524,player,opportunistic_player,0.0,True,1,4.385058166,0.227938137,1,1,2,0,0.025948178,0.0
player_01525,player,occasional_player,0.0,True,1,0.581071012,-0.069546135,0,1,1,0,0.0,0.0
player_01526,player,occasional_player,0.0,True,1,1.934037516,1.459729558,1,1,2,0,0.079342867,0.0
player_01527,player,occasional_player,0.0,True,1,0.450760849,-0.044154771,0,1,1,0,0.0,0.0
player_01528,player,occasional_player,0.0,True,1,1.479252391,-0.140943672,0,1,1,0,0.0,0.0
player_01529,player,occasional_player,0.0,True,1,0.716222167,-0.249333377,0,2,2,0,0.0,0.0
player_01530,player,occasional_player,0.0,True,1,0.222719388,-0.04834096,0,1,1,0,0.0,0.0
player_01531,player,occasional_player,0.0,True,1,1.139465875,0.718718969,1,2,3,0,0.041007144,0.0
player_01532,player,occasional_player,0.0,True,1,3.740892619,0.603201264,1,0,1,0,0.029434305,0.0
player_01533,player,occasional_player,0.0,True,1,0.541369848,-0.140765082,0,2,2,0,0.0,0.0
player_01534,player,occasional_player,0.0,True,1,1.183721349,-0.27397028,0,1,1,0,0.0,0.0
player_01535,player,opportunistic_player,0.0,True,1,0.928526736,-0.195049525,0,1,1,0,0.0,0.0
player_01536,player,opportunistic_player,0.0,True,1,1.842634029,-0.192361144,0,1,1,0,0.0,0.0
player_01537,player,occasional_player,0.0,True,1,0.520294279,-0.141986589,0,1,1,0,0.0,0.0
player_01538,player,occasional_player,0.0,True,1,1.022823933,-0.109923266,0,1,1,0,0.0,0.0
player_01539,player,occasional_player,0.0,True,1,0.69939395,-0.354624511,0,3,3,0,0.0,0.0
player_01540,player,occasional_player,0.0,True,1,1.785429522,-0.158494878,0,1,1,0,0.0,0.0
player_01541,player,occasional_player,0.0,True,1,2.808137922,0.889092293,1,0,1,0,0.044505569,0.0
player_01542,player,occasional_player,0.0,True,1,1.113352859,-0.629984193,0,2,2,0,0.0,0.0
player_01543,player,occasional_player,0.0,True,1,1.748179928,-0.205221876,0,1,1,0,0.0,0.0
player_01544,player,occasional_player,0.0,True,1,0.252801382,-0.118344178,0,2,2,1,0.0,0.0
player_01545,player,occasional_player,0.0,True,1,5.738842103,0.78919191,1,0,1,0,0.039159329,0.0
player_01546,player,occasional_player,0.0,True,1,0.635601097,-0.129324865,0,1,1,0,0.0,0.0
player_01547,player,occasional_player,0.0,True,1,0.169607689,-0.030392311,0,1,1,0,0.0,0.0
player_01548,player,occasional_player,0.0,True,1,2.499427237,0.151858051,1,1,2,0,0.024718289,0.0
player_01549,player,occasional_player,0.0,True,1,0.186440224,-0.013559776,0,1,1,0,0.0,0.0
player_01550,player,occasional_player,0.0,True,1,0.56934704,-0.13585337,0,2,2,0,0.0,0.0
player_01551,player,occasional_player,0.0,True,1,0.836601187,-0.190039837,0,1,1,0,0.0,0.0
player_01552,player,occasional_player,0.0,True,1,4.188687249,0.939203549,2,0,2,0,0.044845045,0.0
player_01553,player,occasional_player,0.0,True,1,0.409677425,-0.047178056,0,1,1,0,0.0,0.0
player_01554,player,occasional_player,0.0,True,1,1.132988796,-0.187364897,0,1,1,0,0.0,0.0
player_01555,player,occasional_player,0.0,True,1,0.408382741,-0.030110301,0,1,1,0,0.0,0.0
player_01556,player,opportunistic_player,0.0,True,1,0.722088094,-0.195955192,0,2,2,0,0.0,0.0
player_01557,player,occasional_player,0.0,True,1,0.96187706,-0.13732479,0,1,1,0,0.0,0.0
player_01558,player,occasional_player,0.0,True,1,1.216581882,-0.455088264,0,2,2,0,0.0,0.0
player_01559,player,opportunistic_player,0.0,True,1,1.444030955,-0.298137189,0,1,1,0,0.0,0.0
player_01560,player,occasional_player,0.0,True,1,1.073976669,-0.217586622,0,1,1,0,0.0,0.0
player_01561,player,occasional_player,0.0,True,1,0.235202966,-0.05871944,0,1,1,0,0.0,0.0
player_01562,player,player_whale,0.0,True,1,6.74671009,-0.25328991,0,1,1,0,0.0,0.0
player_01563,player,occasional_player,0.0,True,1,0.393242282,-0.200710063,0,2,2,0,0.0,0.0
player_01564,player,player_whale,0.0,True,1,7.269247706,-0.271634712,0,1,1,0,0.0,0.0
player_01565,player,opportunistic_player,0.0,True,1,1.208452568,-0.208064409,0,1,1,0,0.0,0.0
player_01566,player,occasional_player,0.0,True,1,2.876916744,-0.288432678,0,1,1,0,0.0,0.0
player_01567,player,occasional_player,0.0,True,1,1.713842793,-0.434678018,0,2,2,0,0.0,0.0
player_01568,player,occasional_player,0.0,True,1,0.564439698,-0.081768629,0,1,1,0,0.0,0.0
player_01569,player,player_whale,0.0,True,1,8.896617065,1.019301173,2,0,2,0,0.04858671,0.0
player_01570,player,occasional_player,0.0,True,1,0.623667558,-0.112137954,0,1,1,0,0.0,0.0
player_01571,player,player_whale,0.0,True,1,24.066274293,0.822721933,1,0,1,0,0.041033598,0.0
player_01572,player,occasional_player,0.0,True,1,0.370520568,-0.155610469,0,3,3,0,0.0,0.0
player_01573,player,occasional_player,0.0,True,1,0.596545162,-0.083720424,0,1,1,0,0.0,0.0
player_01574,player,occasional_player,0.0,True,1,1.249676459,-0.145458746,0,1,1,0,0.0,0.0
player_01575,player,occasional_player,0.0,True,1,0.161760318,-0.038239682,0,1,1,1,0.0,0.0
player_01576,player,opportunistic_player,0.0,True,1,1.999560017,-0.233089128,0,1,1,0,0.0,0.0
player_01577,player,occasional_player,0.0,True,1,1.116318028,-0.30179015,0,1,1,0,0.0,0.0
player_01578,player,occasional_player,0.0,True,1,0.98270218,-0.097100498,0,1,1,0,0.0,0.0
player_01579,player,occasional_player,0.0,True,1,2.49022755,1.441115178,1,0,1,0,0.073707505,0.0
player_01580,player,occasional_player,0.0,True,1,1.007790807,-0.628150636,0,3,3,0,0.0,0.0
player_01581,player,occasional_player,0.0,True,1,0.463161652,-0.0882694,0,1,1,0,0.0,0.0
player_01582,player,opportunistic_player,0.0,True,1,9.463623317,-0.900385741,1,1,2,0,0.009791936,0.0
player_01583,player,opportunistic_player,0.0,True,1,1.254470063,-0.41821191,0,2,2,0,0.0,0.0
player_01584,player,occasional_player,0.0,True,1,0.175212369,-0.024787631,0,2,2,0,0.0,0.0
player_01585,player,occasional_player,0.0,True,1,0.169001434,-0.030998566,0,1,1,0,0.0,0.0
player_01586,player,occasional_player,0.0,True,1,1.182798304,-0.432802346,0,2,2,0,0.0,0.0
player_01587,player,opportunistic_player,0.0,True,1,1.91583102,-0.104687609,0,1,1,0,0.0,0.0
player_01588,player,occasional_player,0.0,True,1,0.350154708,-0.122195323,0,2,2,0,0.0,0.0
player_01589,player,occasional_player,0.0,True,1,3.222377655,1.282563294,1,0,1,0,0.065268598,0.0
player_01590,player,occasional_player,0.0,True,1,0.44579524,-0.122796619,0,1,1,0,0.0,0.0
player_01591,player,occasional_player,0.0,True,1,0.157157481,-0.042842519,0,1,1,0,0.0,0.0
player_01592,player,occasional_player,0.0,True,1,0.528703199,-0.062471309,0,1,1,0,0.0,0.0
player_01593,player,occasional_player,0.0,True,1,1.708160479,-0.36915302,0,1,1,0,0.0,0.0
player_01594,player,opportunistic_player,0.0,True,1,1.810642249,-0.120488309,0,1,1,0,0.0,0.0
player_01595,player,occasional_player,0.0,True,1,0.166408442,-0.033591558,0,1,1,0,0.0,0.0
player_01596,player,occasional_player,0.0,True,1,1.106926135,-0.612478935,0,2,2,0,0.0,0.0
player_01597,player,occasional_player,0.0,True,1,0.187989331,-0.012010669,0,1,1,0,0.0,0.0
player_01598,player,player_whale,0.0,True,1,16.241101587,0.828723311,1,0,1,0,0.041629971,0.0
player_01599,player,occasional_player,0.0,True,1,1.577495064,-0.127003478,0,1,1,0,0.0,0.0
player_01600,player,opportunistic_player,0.0,True,1,1.083480816,-0.173857535,0,1,1,0,0.0,0.0
player_01601,player,occasional_player,0.0,True,1,0.247631715,-0.112785565,0,2,2,0,0.0,0.0
player_01602,player,occasional_player,0.0,True,1,0.797029385,-0.15227242,0,1,1,0,0.0,0.0
player_01603,player,occasional_player,0.0,True,1,5.05554151,0.454663196,1,1,2,0,0.047029412,0.0
player_01604,player,opportunistic_player,0.0,True,1,2.443495224,-0.210621895,0,1,1,0,0.0,0.0
player_01605,player,opportunistic_player,0.0,True,1,0.837132894,-0.493443771,0,3,3,0,0.0,0.0
player_01606,player,occasional_player,0.0,True,1,2.376929158,-0.811852904,0,2,2,0,0.0,0.0
player_01607,player,occasional_player,0.0,True,1,0.617146369,-0.375159054,0,3,3,0,0.0,0.0
player_01608,player,occasional_player,0.0,True,1,1.054254855,0.019501674,1,1,2,0,0.014450236,0.0
player_01609,player,occasional_player,0.0,True,1,0.479212633,-0.132848879,0,1,1,0,0.0,0.0
player_01610,player,occasional_player,0.0,True,1,0.749407635,-0.139372377,0,1,1,0,0.0,0.0
player_01611,player,opportunistic_player,0.0,True,1,1.499725416,-0.491368099,0,2,2,0,0.0,0.0
player_01612,player,occasional_player,0.0,True,1,0.555376115,-0.051536168,0,1,1,0,0.0,0.0
player_01613,player,occasional_player,0.0,True,1,0.683733189,-0.178847321,0,1,1,0,0.0,0.0
player_01614,player,occasional_player,0.0,True,1,1.598738476,0.401589545,1,1,2,1,0.0285404,0.0
player_01615,player,occasional_player,0.0,True,1,0.212628842,-0.016092247,0,1,1,0,0.0,0.0
player_01616,player,occasional_player,0.0,True,1,0.42748365,-0.113851872,0,1,1,0,0.0,0.0
player_01617,player,occasional_player,0.0,True,1,0.489314988,-0.181578969,0,2,2,0,0.0,0.0
player_01618,player,occasional_player,0.0,True,1,0.637547766,-0.065094988,0,1,1,1,0.0,0.0
player_01619,player,occasional_player,0.0,True,1,4.596626464,3.04768378,2,0,2,0,0.156217622,0.0
player_01620,player,occasional_player,0.0,True,1,0.813742324,-0.111061793,0,1,1,0,0.0,0.0
player_01621,player,occasional_player,0.0,True,1,0.333331743,-0.067667196,0,1,1,0,0.0,0.0
player_01622,player,occasional_player,0.0,True,1,1.935619062,0.292844807,1,1,2,0,0.028250828,0.0
player_01623,player,occasional_player,0.0,True,1,1.360948561,-0.095250894,0,1,1,0,0.0,0.0
player_01624,player,occasional_player,0.0,True,1,0.16756471,-0.04053621,0,1,1,0,0.0,0.0
player_01625,player,opportunistic_player,0.0,True,1,1.172818956,-0.479854294,0,2,2,0,0.0,0.0
player_01626,player,occasional_player,0.0,True,1,2.210658592,1.10126788,1,0,1,0,0.056029549,0.0
player_01627,player,occasional_player,0.0,True,1,0.224536803,-0.055444469,0,1,1,0,0.0,0.0
player_01628,player,occasional_player,0.0,True,1,0.511999471,-0.097015858,0,1,1,0,0.0,0.0
player_01629,player,occasional_player,0.0,True,1,2.752795604,-0.873743371,0,2,2,0,0.0,0.0
player_01630,player,occasional_player,0.0,True,1,0.956511847,-0.238419037,0,1,1,0,0.0,0.0
player_01631,player,opportunistic_player,0.0,True,1,6.46382394,-0.149804422,1,1,2,0,0.015835946,0.0
player_01632,player,occasional_player,0.0,True,1,0.762358008,-0.2451584,0,2,2,0,0.0,0.0
player_01633,player,opportunistic_player,0.0,True,1,1.891895155,0.68529894,1,0,1,0,0.034106657,0.0
player_01634,player,occasional_player,0.0,True,1,0.442453736,-0.101965233,0,1,1,0,0.0,0.0
player_01635,player,occasional_player,0.0,True,1,0.282648947,-0.04978731,0,1,1,0,0.0,0.0
player_01636,player,opportunistic_player,0.0,True,1,0.827892529,-0.196374011,0,2,2,0,0.0,0.0
player_01637,player,occasional_player,0.0,True,1,1.024388017,-0.131736313,0,1,1,0,0.0,0.0
player_01638,player,occasional_player,0.0,True,1,0.15724257,-0.04275743,0,2,2,0,0.0,0.0
player_01639,player,occasional_player,0.0,True,1,0.550117613,-0.069489901,0,1,1,0,0.0,0.0
player_01640,player,occasional_player,0.0,True,1,1.620359841,-0.373983606,0,1,1,0,0.0,0.0
player_01641,player,occasional_player,0.0,True,1,2.211587624,1.034576503,1,0,1,0,0.05245036,0.0
player_01642,player,occasional_player,0.0,True,1,0.298350881,-0.06011772,0,1,1,0,0.0,0.0
player_01643,player,occasional_player,0.0,True,1,2.988138479,0.877094959,1,0,1,0,0.044182824,0.0
player_01644,player,occasional_player,0.0,True,1,0.383554387,-0.126644273,0,2,2,0,0.0,0.0
player_01645,player,opportunistic_player,0.0,True,1,0.693063294,-0.077976205,0,1,1,0,0.0,0.0
player_01646,player,occasional_player,0.0,True,1,1.73522601,0.476436874,1,0,1,0,0.023105817,0.0
player_01647,player,occasional_player,0.0,True,1,0.171637273,-0.028362727,0,1,1,0,0.0,0.0
player_01648,player,occasional_player,0.0,True,1,0.391658327,-0.040474298,0,1,1,0,0.0,0.0
player_01649,player,occasional_player,0.0,True,1,1.74195037,-0.289265132,0,1,1,0,0.0,0.0
player_01650,player,opportunistic_player,0.0,True,1,2.178239845,-0.345874326,0,1,1,0,0.0,0.0
player_01651,player,occasional_player,0.0,True,1,0.87792669,-0.278642655,0,2,2,0,0.0,0.0
player_01652,player,occasional_player,0.0,True,1,1.221228174,-0.048304017,0,1,1,0,0.0,0.0
player_01653,player,occasional_player,0.0,True,1,0.129374507,-0.070625493,0,2,2,0,0.0,0.0
player_01654,player,occasional_player,0.0,True,1,0.566290216,-0.09320807,0,1,1,0,0.0,0.0
player_01655,player,occasional_player,0.0,True,1,0.179261327,-0.020738673,0,1,1,0,0.0,0.0
player_01656,player,opportunistic_player,0.0,True,1,2.182228063,0.852954001,1,0,1,0,0.042886743,0.0
player_01657,player,occasional_player,0.0,True,1,0.39206545,-0.037719499,0,1,1,0,0.0,0.0
player_01658,player,occasional_player,0.0,True,1,4.160143265,-0.0159773,1,1,2,0,0.046475724,0.0
player_01659,player,occasional_player,0.0,True,1,1.448790055,-0.22410307,0,1,1,0,0.0,0.0
player_01660,player,occasional_player,0.0,True,1,3.133661919,-0.244290789,0,1,1,0,0.0,0.0
player_01661,player,occasional_player,0.0,True,1,0.929475524,0.600856663,1,0,1,0,0.029676998,0.0
player_01662,player,occasional_player,0.0,True,1,0.43814951,-0.039106594,0,1,1,0,0.0,0.0
player_01663,player,occasional_player,0.0,True,1,2.691923125,-0.247330454,0,1,1,0,0.0,0.0
player_01664,player,occasional_player,0.0,True,1,0.396764543,-0.025457506,0,1,1,0,0.0,0.0
player_01665,player,occasional_player,0.0,True,1,1.538856027,-0.211047794,0,1,1,0,0.0,0.0
player_01666,player,player_whale,0.0,True,1,18.407247462,1.059603369,1,0,1,0,0.053428266,0.0
player_01667,player,occasional_player,0.0,True,1,3.986261851,0.768731714,1,1,2,0,0.0540311,0.0
player_01668,player,opportunistic_player,0.0,True,1,0.5637748,-0.094127053,0,1,1,0,0.0,0.0
player_01669,player,occasional_player,0.0,True,1,0.864431222,-0.134714115,0,1,1,0,0.0,0.0
player_01670,player,opportunistic_player,0.0,True,1,2.05611897,-0.520221068,0,2,2,0,0.0,0.0
player_01671,player,occasional_player,0.0,True,1,0.381442787,-0.056019529,0,1,1,0,0.0,0.0
player_01672,player,opportunistic_player,0.0,True,1,1.309385181,-0.43316697,0,2,2,0,0.0,0.0
player_01673,player,occasional_player,0.0,True,1,0.150468063,-0.073125592,0,2,2,0,0.0,0.0
player_01674,player,occasional_player,0.0,True,1,0.302006006,-0.073342904,0,1,1,0,0.0,0.0
player_01675,player,occasional_player,0.0,True,1,1.258809042,-0.106158701,0,1,1,0,0.0,0.0
player_01676,player,opportunistic_player,0.0,True,1,0.930115045,-0.086437887,0,1,1,0,0.0,0.0
player_01677,player,opportunistic_player,0.0,True,1,2.167210563,-0.514669653,0,2,2,0,0.0,0.0
player_01678,player,opportunistic_player,0.0,True,1,2.610744944,-0.14845486,0,1,1,0,0.0,0.0
player_01679,player,occasional_player,0.0,True,1,0.226997513,-0.051934275,0,1,1,0,0.0,0.0
player_01680,player,player_whale,0.0,True,1,9.979379683,1.792203523,2,0,2,0,0.089246146,0.0
player_01681,player,occasional_player,0.0,True,1,0.156422915,-0.049246527,0,2,2,0,0.0,0.0
player_01682,player,opportunistic_player,0.0,True,1,3.203487442,-0.30921551,0,1,1,0,0.0,0.0
player_01683,player,occasional_player,0.0,True,1,2.482782627,0.336574981,1,1,2,0,0.027091767,0.0
player_01684,player,occasional_player,0.0,True,1,0.255095337,-0.11755297,0,2,2,0,0.0,0.0
player_01685,player,occasional_player,0.0,True,1,0.267472336,-0.056706143,0,1,1,0,0.0,0.0
player_01686,player,opportunistic_player,0.0,True,1,5.957311327,-0.86844083,0,1,1,0,0.0,0.0
player_01687,player,occasional_player,0.0,True,1,1.018315899,-0.413320585,0,2,2,0,0.0,0.0
player_01688,player,opportunistic_player,0.0,True,1,2.01660136,-0.414757547,0,1,1,0,0.0,0.0
player_01689,player,occasional_player,0.0,True,1,0.480531054,-0.074819751,0,1,1,0,0.0,0.0
player_01690,player,opportunistic_player,0.0,True,1,1.192592476,-0.072669517,0,1,1,0,0.0,0.0
player_01691,player,occasional_player,0.0,True,1,0.517113008,-0.113223027,0,1,1,0,0.0,0.0
player_01692,player,occasional_player,0.0,True,1,0.708713902,-0.089565422,0,1,1,0,0.0,0.0
player_01693,player,occasional_player,0.0,True,1,0.474063062,-0.139076405,0,2,2,0,0.0,0.0
player_01694,player,occasional_player,0.0,True,1,6.629972508,0.631254938,1,0,1,0,0.030875748,0.0
player_01695,player,occasional_player,0.0,True,1,2.633230487,-0.313655984,0,1,1,0,0.0,0.0
player_01696,player,occasional_player,0.0,True,1,0.265498613,-0.067233961,0,1,1,0,0.0,0.0
player_01697,player,occasional_player,0.0,True,1,0.300843425,-0.040860686,0,1,1,0,0.0,0.0
player_01698,player,occasional_player,0.0,True,1,5.133236197,-0.899158521,0,2,2,0,0.0,0.0
player_01699,player,occasional_player,0.0,True,1,0.307385151,-0.223864514,0,3,3,0,0.0,0.0
player_01700,player,occasional_player,0.0,True,1,5.003857102,1.442333629,1,1,2,0,0.085192555,0.0
player_01701,player,occasional_player,0.0,True,1,0.163066221,-0.036933779,0,1,1,0,0.0,0.0
player_01702,player,occasional_player,0.0,True,1,1.375797865,-0.16850187,0,1,1,0,0.0,0.0
player_01703,player,opportunistic_player,0.0,True,1,0.555958259,-0.044041741,0,1,1,0,0.0,0.0
player_01704,player,occasional_player,0.0,True,1,1.086197408,-0.215357447,0,1,1,0,0.0,0.0
player_01705,player,occasional_player,0.0,True,1,0.603835695,-0.191197501,0,2,2,0,0.0,0.0
player_01706,player,occasional_player,0.0,True,1,0.258830578,-0.148054091,0,3,3,0,0.0,0.0
player_01707,player,occasional_player,0.0,True,1,1.187734442,-0.311196223,0,1,1,0,0.0,0.0
player_01708,player,occasional_player,0.0,True,1,1.715658606,0.975958966,1,0,1,0,0.049087227,0.0
player_01709,player,occasional_player,0.0,True,1,0.477479893,-0.150145977,0,2,2,0,0.0,0.0
player_01710,player,occasional_player,0.0,True,1,0.730832219,-0.154785082,0,1,1,0,0.0,0.0
player_01711,player,occasional_player,0.0,True,1,0.534810613,-0.145003491,0,2,2,0,0.0,0.0
player_01712,player,occasional_player,0.0,True,1,0.420688209,-0.05629907,0,1,1,0,0.0,0.0
player_01713,player,opportunistic_player,0.0,True,1,1.500362885,0.74217024,1,0,1,0,0.036785474,0.0
player_01714,player,occasional_player,0.0,True,1,1.920885346,-0.1939577,0,1,1,0,0.0,0.0
player_01715,player,occasional_player,0.0,True,1,0.13951437,-0.06048563,0,2,2,0,0.0,0.0
player_01716,player,occasional_player,0.0,True,1,0.970964264,-0.17866903,0,1,1,0,0.0,0.0
player_01717,player,occasional_player,0.0,True,1,0.787349098,-0.1579642,0,1,1,0,0.0,0.0
player_01718,player,occasional_player,0.0,True,1,0.256606345,-0.052728905,0,1,1,0,0.0,0.0
player_01719,player,occasional_player,0.0,True,1,0.365515797,-0.04303947,0,1,1,0,0.0,0.0
player_01720,player,occasional_player,0.0,True,1,0.204226671,-0.022354733,0,1,1,0,0.0,0.0
player_01721,player,occasional_player,0.0,True,1,2.202669415,-0.382351298,0,1,1,0,0.0,0.0
player_01722,player,occasional_player,0.0,True,1,1.399112128,-0.191007337,0,1,1,0,0.0,0.0
player_01723,player,opportunistic_player,0.0,True,1,0.820464078,-0.163471838,0,1,1,0,0.0,0.0
player_01724,player,occasional_player,0.0,True,1,0.270741139,-0.225660532,0,3,3,0,0.0,0.0
player_01725,player,occasional_player,0.0,True,1,2.713513577,-0.358136879,0,1,1,0,0.0,0.0
player_01726,player,opportunistic_player,0.0,True,1,2.134776713,-0.466297706,0,1,1,0,0.0,0.0
player_01727,player,opportunistic_player,0.0,True,1,3.360759642,-0.616095963,0,1,1,0,0.0,0.0
player_01728,player,opportunistic_player,0.0,True,1,2.62691346,-0.188131811,0,1,1,0,0.0,0.0
player_01729,player,occasional_player,0.0,True,1,1.410302747,-0.448951554,0,2,2,0,0.0,0.0
player_01730,player,opportunistic_player,0.0,True,1,0.598204693,-0.212313033,0,2,2,0,0.0,0.0
player_01731,player,occasional_player,0.0,True,1,0.20916229,-0.162126358,0,3,3,0,0.0,0.0
player_01732,player,player_whale,0.0,True,1,18.379330381,0.005495279,1,1,2,0,0.033185461,0.0
player_01733,player,player_whale,0.0,True,1,19.043567486,-1.992395709,0,1,1,0,0.0,0.0
player_01734,player,occasional_player,0.0,True,1,0.696086911,-0.075452617,0,1,1,0,0.0,0.0
player_01735,player,occasional_player,0.0,True,1,0.256807039,-0.053980524,0,1,1,0,0.0,0.0
player_01736,player,occasional_player,0.0,True,1,0.404017015,-0.085610753,0,1,1,0,0.0,0.0
player_01737,player,occasional_player,0.0,True,1,1.79282106,-0.144234796,0,1,1,0,0.0,0.0
player_01738,player,occasional_player,0.0,True,1,0.206548968,-0.013997591,0,1,1,0,0.0,0.0
player_01739,player,occasional_player,0.0,True,1,0.443861122,-0.228882712,0,3,3,0,0.0,0.0
player_01740,player,occasional_player,0.0,True,1,1.947641366,0.812205233,1,0,1,0,0.04053802,0.0
player_01741,player,occasional_player,0.0,True,1,1.606908888,-0.105656626,0,1,1,0,0.0,0.0
player_01742,player,occasional_player,0.0,True,1,0.718332539,-0.235371918,0,2,2,0,0.0,0.0
player_01743,player,opportunistic_player,0.0,True,1,0.74563128,-0.197451411,0,2,2,0,0.0,0.0
player_01744,player,occasional_player,0.0,True,1,0.450144675,-0.231201465,0,2,2,0,0.0,0.0
player_01745,player,opportunistic_player,0.0,True,1,4.648174816,1.173710914,1,1,2,0,0.07136341,0.0
player_01746,player,occasional_player,0.0,True,1,0.146106927,-0.053893073,0,2,2,0,0.0,0.0
player_01747,player,opportunistic_player,0.0,True,1,1.753037652,-0.31015499,0,1,1,0,0.0,0.0
player_01748,player,occasional_player,0.0,True,1,2.333305401,-0.352149794,1,3,4,0,0.037807927,0.0
player_01749,player,opportunistic_player,0.0,True,1,0.493973203,-0.106026797,0,1,1,0,0.0,0.0
player_01750,player,occasional_player,0.0,True,1,0.600411339,-0.065219999,0,1,1,0,0.0,0.0
player_01751,player,occasional_player,0.0,True,1,0.174112871,-0.025887129,0,1,1,0,0.0,0.0
player_01752,player,occasional_player,0.0,True,1,0.976135813,-0.27321138,0,1,1,0,0.0,0.0
player_01753,player,occasional_player,0.0,True,1,1.254977048,-0.166368884,0,1,1,0,0.0,0.0
player_01754,player,opportunistic_player,0.0,True,1,3.964760411,0.791866842,1,0,1,0,0.039365197,0.0
player_01755,player,occasional_player,0.0,True,1,0.485637486,-0.055651039,0,1,1,0,0.0,0.0
player_01756,player,occasional_player,0.0,True,1,0.176122396,-0.023877604,0,1,1,0,0.0,0.0
player_01757,player,opportunistic_player,0.0,True,1,7.42109887,1.165561415,1,0,1,0,0.059034951,0.0
player_01758,player,occasional_player,0.0,True,1,1.348628852,-0.13163385,0,1,1,0,0.0,0.0
player_01759,player,occasional_player,0.0,True,1,0.291385567,-0.105262049,0,2,2,0,0.0,0.0
player_01760,player,occasional_player,0.0,True,1,0.761413215,-0.087006485,0,1,1,0,0.0,0.0
player_01761,player,occasional_player,0.0,True,1,1.136423362,-0.242117228,0,1,1,0,0.0,0.0
player_01762,player,occasional_player,0.0,True,1,0.979531103,-0.148168734,0,1,1,0,0.0,0.0
player_01763,player,occasional_player,0.0,True,1,0.360195662,-0.062729761,0,1,1,0,0.0,0.0
player_01764,player,occasional_player,0.0,True,1,1.160791935,-0.256452408,0,1,1,0,0.0,0.0
player_01765,player,occasional_player,0.0,True,1,0.396822039,-0.05873603,0,1,1,0,0.0,0.0
player_01766,player,occasional_player,0.0,True,1,0.385105593,-0.054681993,0,1,1,0,0.0,0.0
player_01767,player,occasional_player,0.0,True,1,5.774302287,2.14115719,1,0,1,0,0.110409234,0.0
player_01768,player,occasional_player,0.0,True,1,0.523465821,-0.122405777,0,1,1,0,0.0,0.0
player_01769,player,occasional_player,0.0,True,1,1.287910462,-0.198976544,0,1,1,0,0.0,0.0
player_01770,player,occasional_player,0.0,True,1,0.248219744,-0.066541018,0,1,1,0,0.0,0.0
player_01771,player,opportunistic_player,0.0,True,1,0.59003625,-0.218335367,0,2,2,0,0.0,0.0
player_01772,player,occasional_player,0.0,True,1,1.118347215,-0.285838999,0,1,1,0,0.0,0.0
player_01773,player,occasional_player,0.0,True,1,0.381527558,-0.200003448,0,2,2,0,0.0,0.0
player_01774,player,occasional_player,0.0,True,1,8.578166459,1.578166459,1,0,1,0,0.080801895,0.0
player_01775,player,opportunistic_player,0.0,True,1,1.15385426,-0.108447771,0,1,1,0,0.0,0.0
player_01776,player,occasional_player,0.0,True,1,0.793346076,-0.166620434,0,1,1,0,0.0,0.0
player_01777,player,occasional_player,0.0,True,1,0.318532081,-0.044120946,0,1,1,0,0.0,0.0
player_01778,player,occasional_player,0.0,True,1,0.209391833,-0.020921679,0,1,1,0,0.0,0.0
player_01779,player,occasional_player,0.0,True,1,0.825625699,-0.066930683,0,1,1,0,0.0,0.0
player_01780,player,opportunistic_player,0.0,True,1,4.365588398,-0.880697091,0,1,1,0,0.0,0.0
player_01781,player,occasional_player,0.0,True,1,0.671960038,-0.137234721,0,1,1,0,0.0,0.0
player_01782,player,occasional_player,0.0,True,1,1.120601042,-0.116478102,0,1,1,0,0.0,0.0
player_01783,player,occasional_player,0.0,True,1,0.498119947,-0.033196126,0,1,1,0,0.0,0.0
player_01784,player,opportunistic_player,0.0,True,1,3.448606831,1.594258441,1,1,2,0,0.098750903,0.0
player_01785,player,occasional_player,0.0,True,1,2.125217721,0.2535901,1,0,1,0,0.011460923,0.0
player_01786,player,occasional_player,0.0,True,1,0.364102374,-0.067769247,0,1,1,0,0.0,0.0
player_01787,player,occasional_player,0.0,True,1,0.949806055,-0.211867336,0,1,1,0,0.0,0.0
player_01788,player,occasional_player,0.0,True,1,1.689573369,0.493128033,1,1,2,0,0.031028173,0.0
player_01789,player,player_whale,0.0,True,1,12.216032391,0.64804576,1,0,1,0,0.031757347,0.0
player_01790,player,occasional_player,0.0,True,1,3.849394861,-0.191435112,0,1,1,0,0.0,0.0
player_01791,player,occasional_player,0.0,True,1,0.343591611,-0.068834304,0,1,1,0,0.0,0.0
player_01792,player,player_whale,0.0,True,1,27.394195663,-0.835015457,0,1,1,0,0.0,0.0
player_01793,player,occasional_player,0.0,True,1,0.714594594,-0.051025602,0,1,1,0,0.0,0.0
player_01794,player,occasional_player,0.0,True,1,0.640403107,-0.0586552,0,1,1,0,0.0,0.0
player_01795,player,opportunistic_player,0.0,True,1,2.609192765,-0.53841563,0,1,1,0,0.0,0.0
player_01796,player,occasional_player,0.0,True,1,1.726311391,-0.127288822,0,1,1,0,0.0,0.0
player_01797,player,occasional_player,0.0,True,1,0.967767504,-0.140615146,0,1,1,0,0.0,0.0
player_01798,player,opportunistic_player,0.0,True,1,0.495827611,-0.104172389,0,2,2,0,0.0,0.0
player_01799,player,occasional_player,0.0,True,1,0.472486667,-0.128957657,0,1,1,0,0.0,0.0
player_01800,player,occasional_player,0.0,True,1,2.808679419,0.17450597,1,0,1,0,0.006878416,0.0
player_01801,player,player_whale,0.0,True,1,15.260839483,-0.323313382,0,1,1,0,0.0,0.0
player_01802,player,occasional_player,0.0,True,1,0.318587494,-0.060721658,0,1,1,0,0.0,0.0
player_01803,player,occasional_player,0.0,True,1,0.741827166,-0.107379807,0,1,1,0,0.0,0.0
player_01804,player,occasional_player,0.0,True,1,3.081126982,-0.700243737,0,1,1,0,0.0,0.0
player_01805,player,player_whale,0.0,True,1,18.801425772,-2.215008857,0,3,3,0,0.0,0.0
player_01806,player,occasional_player,0.0,True,1,0.903212346,-0.15893564,0,1,1,0,0.0,0.0
player_01807,player,occasional_player,0.0,True,1,1.231940998,-0.257061529,0,1,1,0,0.0,0.0
player_01808,player,occasional_player,0.0,True,1,0.269175778,-0.048667515,0,1,1,0,0.0,0.0
player_01809,player,player_whale,0.0,True,1,9.364234425,-0.648136586,0,1,1,0,0.0,0.0
player_01810,player,occasional_player,0.0,True,1,1.220962279,-0.28525098,0,1,1,0,0.0,0.0
player_01811,player,opportunistic_player,0.0,True,1,0.534735327,-0.098847311,0,1,1,0,0.0,0.0
player_01812,player,occasional_player,0.0,True,1,0.635576642,-0.097270727,0,1,1,0,0.0,0.0
player_01813,player,occasional_player,0.0,True,1,0.839126633,-0.068520505,0,1,1,0,0.0,0.0
player_01814,player,occasional_player,0.0,True,1,0.478736481,-0.078585029,0,1,1,0,0.0,0.0
player_01815,player,occasional_player,0.0,True,1,1.70886702,-0.164326094,0,1,1,0,0.0,0.0
player_01816,player,occasional_player,0.0,True,1,1.26665174,0.852313358,1,0,1,0,0.042178977,0.0
player_01817,player,occasional_player,0.0,True,1,0.559323529,-0.123176234,0,1,1,0,0.0,0.0
player_01818,player,occasional_player,0.0,True,1,0.422251545,-0.047173024,0,1,1,0,0.0,0.0
player_01819,player,occasional_player,0.0,True,1,0.641375683,-0.153895775,0,1,1,0,0.0,0.0
player_01820,player,occasional_player,0.0,True,1,0.833845099,-0.167899443,0,1,1,0,0.0,0.0
player_01821,player,occasional_player,0.0,True,1,0.725835841,-0.163501729,0,2,2,0,0.0,0.0
player_01822,player,occasional_player,0.0,True,1,3.204306652,-0.444388195,0,1,1,0,0.0,0.0
player_01823,player,player_whale,0.0,True,1,6.726022773,-0.273977227,0,1,1,0,0.0,0.0
player_01824,player,occasional_player,0.0,True,1,0.522654574,-0.069497832,0,1,1,0,0.0,0.0
player_01825,player,opportunistic_player,0.0,True,1,0.569322681,-0.081437152,0,1,1,0,0.0,0.0
player_01826,player,occasional_player,0.0,True,1,0.163456749,-0.036543251,0,1,1,0,0.0,0.0
player_01827,player,occasional_player,0.0,True,1,0.495668988,-0.096000318,0,1,1,0,0.0,0.0
player_01828,player,occasional_player,0.0,True,1,0.627575499,-0.095230201,0,1,1,0,0.0,0.0
player_01829,player,occasional_player,0.0,True,1,1.225170398,-0.151696333,0,1,1,0,0.0,0.0
player_01830,player,occasional_player,0.0,True,1,0.219218385,-0.029371115,0,1,1,0,0.0,0.0
player_01831,player,occasional_player,0.0,True,1,0.509179582,-0.059792022,0,1,1,0,0.0,0.0
player_01832,player,occasional_player,0.0,True,1,1.080159513,-0.169805625,0,1,1,0,0.0,0.0
player_01833,player,occasional_player,0.0,True,1,1.855927508,-0.119123015,0,1,1,0,0.0,0.0
player_01834,player,opportunistic_player,0.0,True,1,1.974443165,-0.179481093,0,1,1,0,0.0,0.0
player_01835,player,occasional_player,0.0,True,1,0.23741501,-0.02828696,0,1,1,0,0.0,0.0
player_01836,player,opportunistic_player,0.0,True,1,2.169913138,0.614098489,1,0,1,0,0.029530919,0.0
player_01837,player,occasional_player,0.0,True,1,1.19015488,-0.269703855,0,1,1,0,0.0,0.0
player_01838,player,occasional_player,0.0,True,1,0.691467744,-0.150294349,0,1,1,0,0.0,0.0
player_01839,player,occasional_player,0.0,True,1,0.41277483,-0.054795137,0,1,1,0,0.0,0.0
player_01840,player,opportunistic_player,0.0,True,1,1.261540917,-0.159958375,0,1,1,0,0.0,0.0
player_01841,player,occasional_player,0.0,True,1,0.218341793,-0.048550298,0,1,1,0,0.0,0.0
player_01842,player,occasional_player,0.0,True,1,0.556834645,-0.139175415,0,1,1,0,0.0,0.0
player_01843,player,occasional_player,0.0,True,1,1.761566379,-0.385073142,0,1,1,0,0.0,0.0
player_01844,player,occasional_player,0.0,True,1,0.485396263,-0.098063744,0,1,1,0,0.0,0.0
player_01845,player,occasional_player,0.0,True,1,0.174928287,-0.025071713,0,1,1,0,0.0,0.0
player_01846,player,opportunistic_player,0.0,True,1,2.877426784,0.900563772,1,0,1,0,0.044657283,0.0
player_01847,player,opportunistic_player,0.0,True,1,1.387363174,-0.098507805,0,1,1,0,0.0,0.0
player_01848,player,occasional_player,0.0,True,1,3.39454019,0.418092955,1,1,2,0,0.031909004,0.0
player_01849,player,occasional_player,0.0,True,1,1.278963512,-0.091446435,0,1,1,0,0.0,0.0
player_01850,player,occasional_player,0.0,True,1,0.657305993,-0.179613707,0,1,1,0,0.0,0.0
player_01851,player,opportunistic_player,0.0,True,1,1.980245034,-0.348460813,0,1,1,0,0.0,0.0
player_01852,player,opportunistic_player,0.0,True,1,1.736664039,-0.243505323,0,2,2,0,0.0,0.0
player_01853,player,occasional_player,0.0,True,1,0.520166969,-0.141356343,0,1,1,0,0.0,0.0
player_01854,player,occasional_player,0.0,True,1,1.868360856,1.164237107,1,0,1,0,0.058444585,0.0
player_01855,player,occasional_player,0.0,True,1,0.875728064,-0.076386675,0,1,1,0,0.0,0.0
player_01856,player,occasional_player,0.0,True,1,0.9831285,-0.069963903,0,1,1,0,0.0,0.0
player_01857,player,occasional_player,0.0,True,1,0.857969796,-0.127187102,0,1,1,0,0.0,0.0
player_01858,player,player_whale,0.0,True,1,8.804402318,1.007763499,1,0,1,0,0.050211114,0.0
player_01859,player,occasional_player,0.0,True,1,1.721939238,1.314158761,1,1,2,0,0.069856799,0.0
player_01860,player,player_whale,0.0,True,1,10.703696626,-0.304246022,0,1,1,0,0.0,0.0
player_01861,player,player_whale,0.0,True,1,12.779177127,1.279987051,1,0,1,0,0.064584698,0.0
player_01862,player,occasional_player,0.0,True,1,0.414062779,-0.044146398,0,1,1,0,0.0,0.0
player_01863,player,player_whale,0.0,True,1,9.250754287,-0.387179455,0,1,1,0,0.0,0.0
player_01864,player,occasional_player,0.0,True,1,0.884682886,-0.098967614,0,1,1,0,0.0,0.0
player_01865,player,occasional_player,0.0,True,1,2.114910962,-0.262539657,0,1,1,0,0.0,0.0
player_01866,player,occasional_player,0.0,True,1,0.435326939,-0.070564891,0,1,1,0,0.0,0.0
player_01867,player,occasional_player,0.0,True,1,0.671535474,-0.084305999,0,1,1,0,0.0,0.0
player_01868,player,opportunistic_player,0.0,True,1,0.540808723,-0.059191277,0,1,1,0,0.0,0.0
player_01869,player,occasional_player,0.0,True,1,0.612180636,-0.127159452,0,1,1,0,0.0,0.0
player_01870,player,occasional_player,0.0,True,1,4.814147049,1.04810176,1,0,1,0,0.052369719,0.0
player_01871,player,occasional_player,0.0,True,1,0.396525289,-0.044804192,0,1,1,0,0.0,0.0
player_01872,player,occasional_player,0.0,True,1,0.73382519,-0.080909741,0,1,1,0,0.0,0.0
player_01873,player,occasional_player,0.0,True,1,2.453127814,2.048637861,1,1,2,0,0.109110285,0.0
player_01874,player,occasional_player,0.0,True,1,0.41111381,-0.055348111,0,1,1,0,0.0,0.0
player_01875,player,occasional_player,0.0,True,1,0.522547454,-0.045368174,0,1,1,0,0.0,0.0
player_01876,player,opportunistic_player,0.0,True,1,1.595759106,-0.343369708,0,1,1,0,0.0,0.0
player_01877,player,occasional_player,0.0,True,1,4.406539912,0.116125341,1,0,1,0,0.00377357,0.0
player_01878,player,occasional_player,0.0,True,1,0.332458545,-0.091517668,0,1,1,0,0.0,0.0
player_01879,player,occasional_player,0.0,True,1,1.696744763,-0.257532356,0,1,1,0,0.0,0.0
player_01880,player,opportunistic_player,0.0,True,1,0.892486946,-0.135619509,0,1,1,0,0.0,0.0
player_01881,player,occasional_player,0.0,True,1,0.643924976,-0.180106879,0,1,1,0,0.0,0.0
player_01882,player,occasional_player,0.0,True,1,2.524029566,2.105117492,1,1,2,0,0.118434282,0.0
player_01883,player,player_whale,0.0,True,1,12.360374859,-1.373233428,0,1,1,0,0.0,0.0
player_01884,player,occasional_player,0.0,True,1,0.419934459,-0.100182885,0,1,1,0,0.0,0.0
player_01885,player,occasional_player,0.0,True,1,0.824984038,-0.456310549,0,2,2,0,0.0,0.0
player_01886,player,occasional_player,0.0,True,1,0.68243653,-0.054580644,0,1,1,0,0.0,0.0
player_01887,player,player_whale,0.0,True,1,11.531751115,-0.473869139,0,1,1,0,0.0,0.0
player_01888,player,occasional_player,0.0,True,1,1.856429527,1.344957652,1,0,1,0,0.068557767,0.0
player_01889,player,occasional_player,0.0,True,1,0.468697359,-0.089704798,0,1,1,0,0.0,0.0
player_01890,player,occasional_player,0.0,True,1,0.188482828,-0.050686379,0,1,1,0,0.0,0.0
player_01891,player,occasional_player,0.0,True,1,0.787034195,-0.131619494,0,1,1,0,0.0,0.0
player_01892,player,player_whale,0.0,True,1,6.485757063,-0.514242937,0,1,1,0,0.0,0.0
player_01893,player,opportunistic_player,0.0,True,1,1.235095558,-0.115764153,0,1,1,0,0.0,0.0
player_01894,player,occasional_player,0.0,True,1,0.185257082,-0.014742918,0,1,1,0,0.0,0.0
player_01895,player,occasional_player,0.0,True,1,1.617020981,-0.244109663,0,1,1,0,0.0,0.0
player_01896,player,occasional_player,0.0,True,1,0.679468451,-0.123284484,0,1,1,0,0.0,0.0
player_01897,player,occasional_player,0.0,True,1,0.803768305,-0.073192578,0,1,1,0,0.0,0.0
player_01898,player,player_whale,0.0,True,1,10.24988064,-0.635199641,0,1,1,0,0.0,0.0
player_01899,player,opportunistic_player,0.0,True,1,2.919250551,-0.465608199,0,1,1,0,0.0,0.0
player_01900,player,occasional_player,0.0,True,1,0.415726504,-0.085406191,0,1,1,0,0.0,0.0
player_01901,player,occasional_player,0.0,True,1,0.232172758,-0.059070813,0,1,1,0,0.0,0.0
player_01902,player,occasional_player,0.0,True,1,1.00948024,-0.088445021,0,1,1,0,0.0,0.0
player_01903,player,occasional_player,0.0,True,1,0.368722612,-0.029730554,0,1,1,0,0.0,0.0
player_01904,player,opportunistic_player,0.0,True,1,0.791371596,-0.075295565,0,1,1,0,0.0,0.0
player_01905,player,occasional_player,0.0,True,1,2.901784141,-0.305724487,0,2,2,0,0.0,0.0
player_01906,player,occasional_player,0.0,True,1,1.128196917,-0.096418399,0,1,1,0,0.0,0.0
player_01907,player,occasional_player,0.0,True,1,7.710184201,0.710184201,1,0,1,0,0.035169982,0.0
player_01908,player,occasional_player,0.0,True,1,0.875994897,-0.092120789,0,1,1,0,0.0,0.0
player_01909,player,opportunistic_player,0.0,True,1,1.486848003,-0.143823433,0,1,1,0,0.0,0.0
player_01910,player,opportunistic_player,0.0,True,1,1.946783047,-0.234887007,0,1,1,0,0.0,0.0
player_01911,player,occasional_player,0.0,True,1,0.324288744,-0.116549163,0,2,2,0,0.0,0.0
player_01912,player,occasional_player,0.0,True,1,3.589584828,0.324436498,1,1,2,0,0.044265345,0.0
player_01913,player,occasional_player,0.0,True,1,2.292624179,0.988879061,1,0,1,0,0.049862742,0.0
player_01914,player,occasional_player,0.0,True,1,1.256295407,-0.093913585,0,1,1,0,0.0,0.0
player_01915,player,occasional_player,0.0,True,1,1.32179497,-0.251044123,0,1,1,0,0.0,0.0
player_01916,player,occasional_player,0.0,True,1,0.958705388,-0.130483267,0,1,1,0,0.0,0.0
player_01917,player,opportunistic_player,0.0,True,1,1.219011563,0.573782049,1,0,1,0,0.028018586,0.0
player_01918,player,opportunistic_player,0.0,True,1,9.745303309,-0.144784223,0,1,1,0,0.0,0.0
player_01919,player,occasional_player,0.0,True,1,5.125571591,1.221419991,1,0,1,0,0.06210632,0.0
player_01920,player,occasional_player,0.0,True,1,1.346467037,-0.276040336,0,1,1,0,0.0,0.0
player_01921,player,occasional_player,0.0,True,1,2.030233819,-0.335564458,0,1,1,0,0.0,0.0
player_01922,player,occasional_player,0.0,True,1,3.360767692,-0.78941363,0,1,1,0,0.0,0.0
player_01923,player,occasional_player,0.0,True,1,1.174426469,-0.317865692,0,1,1,0,0.0,0.0
player_01924,player,occasional_player,0.0,True,1,0.488581668,-0.094114108,0,1,1,0,0.0,0.0
player_01925,player,occasional_player,0.0,True,1,0.37035875,-0.087745975,0,1,1,0,0.0,0.0
player_01926,player,occasional_player,0.0,True,1,0.506289235,-0.06907707,0,1,1,0,0.0,0.0
player_01927,player,occasional_player,0.0,True,1,0.722863375,-0.180258909,0,1,1,0,0.0,0.0
player_01928,player,occasional_player,0.0,True,1,0.928944413,-0.074579111,0,1,1,0,0.0,0.0
player_01929,player,occasional_player,0.0,True,1,3.169139701,2.187825494,2,0,2,0,0.111377033,0.0
player_01930,player,occasional_player,0.0,True,1,1.200093719,-0.281242133,0,1,1,0,0.0,0.0
player_01931,player,opportunistic_player,0.0,True,1,1.438930545,0.838930545,1,0,1,0,0.04206151,0.0
player_01932,player,occasional_player,0.0,True,1,1.072052681,-0.101016748,0,1,1,0,0.0,0.0
player_01933,player,occasional_player,0.0,True,1,0.807992058,-0.159904459,0,1,1,0,0.0,0.0
player_01934,player,opportunistic_player,0.0,True,1,3.260278168,-0.211870425,0,1,1,0,0.0,0.0
player_01935,player,occasional_player,0.0,True,1,0.735697239,-0.115260723,0,1,1,0,0.0,0.0
player_01936,player,occasional_player,0.0,True,1,1.455842611,-0.37725121,0,1,1,0,0.0,0.0
player_01937,player,occasional_player,0.0,True,1,2.639110237,1.339498873,1,0,1,0,0.068521704,0.0
player_01938,player,occasional_player,0.0,True,1,1.62589331,0.946843478,1,0,1,0,0.047857016,0.0
player_01939,player,occasional_player,0.0,True,1,0.918192764,-0.126766932,0,1,1,0,0.0,0.0
player_01940,player,occasional_player,0.0,True,1,0.182541774,-0.017458226,0,1,1,0,0.0,0.0
player_01941,player,occasional_player,0.0,True,1,1.927830134,0.419504293,1,0,1,0,0.020115815,0.0
player_01942,player,occasional_player,0.0,True,1,0.633117274,-0.114812402,0,1,1,0,0.0,0.0
player_01943,player,occasional_player,0.0,True,1,5.569752888,1.11904992,1,0,1,0,0.056935381,0.0
player_01944,player,opportunistic_player,0.0,True,1,2.154422012,-0.39491855,0,1,1,0,0.0,0.0
player_01945,player,occasional_player,0.0,True,1,0.630094787,-0.079229465,0,1,1,0,0.0,0.0
player_01946,player,opportunistic_player,0.0,True,1,2.08081923,-0.31929283,0,1,1,0,0.0,0.0
player_01947,player,occasional_player,0.0,True,1,0.325659109,-0.031535505,0,1,1,0,0.0,0.0
player_01948,player,opportunistic_player,0.0,True,1,3.161559154,-0.515692935,0,1,1,0,0.0,0.0
player_01949,player,occasional_player,0.0,True,1,1.485514126,-0.113370407,0,1,1,0,0.0,0.0
player_01950,player,occasional_player,0.0,True,1,5.331142899,-1.356361511,0,1,1,0,0.0,0.0
player_01951,player,occasional_player,0.0,True,1,1.190951767,-0.112506641,0,1,1,0,0.0,0.0
player_01952,player,occasional_player,0.0,True,1,2.230201463,-0.467792915,0,1,1,0,0.0,0.0
player_01953,player,occasional_player,0.0,True,1,0.596646166,-0.079799368,0,1,1,0,0.0,0.0
player_01954,player,occasional_player,0.0,True,1,0.246903652,-0.033944113,0,1,1,0,0.0,0.0
player_01955,player,occasional_player,0.0,True,1,1.241240924,-0.10465704,0,1,1,0,0.0,0.0
player_01956,player,occasional_player,0.0,True,1,0.58521944,-0.09159619,0,1,1,0,0.0,0.0
player_01957,player,occasional_player,0.0,True,1,0.99022954,-0.124712644,0,1,1,0,0.0,0.0
player_01958,player,occasional_player,0.0,True,1,1.674465172,0.238442079,1,0,1,0,0.010685008,0.0
player_01959,player,occasional_player,0.0,True,1,4.698451641,0.702225787,1,0,1,0,0.034674786,0.0
player_01960,player,occasional_player,0.0,True,1,0.266035569,-0.027500911,0,1,1,0,0.0,0.0
player_01961,player,occasional_player,0.0,True,1,1.307503168,-0.128776275,0,1,1,0,0.0,0.0
player_01962,player,opportunistic_player,0.0,True,1,1.138838417,-0.104049734,0,1,1,0,0.0,0.0
player_01963,player,occasional_player,0.0,True,1,1.278793007,-0.279911179,0,1,1,0,0.0,0.0
player_01964,player,occasional_player,0.0,True,1,2.21549898,-0.549931158,0,1,1,0,0.0,0.0
player_01965,player,occasional_player,0.0,True,1,8.308532004,1.308532004,1,0,1,0,0.066598178,0.0
player_01966,player,opportunistic_player,0.0,True,1,1.511128114,-0.305764737,0,1,1,0,0.0,0.0
player_01967,player,occasional_player,0.0,True,1,1.981426151,-0.145402303,0,1,1,0,0.0,0.0
player_01968,player,occasional_player,0.0,True,1,0.164659159,-0.035340841,0,1,1,0,0.0,0.0
player_01969,player,occasional_player,0.0,True,1,0.351435351,-0.03688456,0,1,1,0,0.0,0.0
player_01970,player,occasional_player,0.0,True,1,2.769011376,1.044151678,1,0,1,0,0.052695232,0.0
player_01971,player,opportunistic_player,0.0,True,1,2.556911462,-0.23642038,0,1,1,0,0.0,0.0
player_01972,player,occasional_player,0.0,True,1,0.178275294,-0.021724706,0,1,1,0,0.0,0.0
player_01973,player,occasional_player,0.0,True,1,0.725830325,-0.17292011,0,1,1,0,0.0,0.0
player_01974,player,occasional_player,0.0,True,1,2.028984576,-0.435022563,0,1,1,0,0.0,0.0
player_01975,player,occasional_player,0.0,True,1,0.830333128,-0.147849976,0,1,1,0,0.0,0.0
player_01976,player,occasional_player,0.0,True,1,0.224691286,-0.047529058,0,1,1,0,0.0,0.0
player_01977,player,player_whale,0.0,True,1,13.865071725,-0.516493484,0,1,1,0,0.0,0.0
player_01978,player,player_whale,0.0,True,1,8.448106883,-0.364261793,0,1,1,0,0.0,0.0
player_01979,player,occasional_player,0.0,True,1,0.648872952,-0.177762791,0,1,1,0,0.0,0.0
staker_00001,staker,staker_whale,3.833480794,False,1,0.0,0.759373147,2,0,0,1,0.0,0.297122168
staker_00002,staker,staker_whale,4.293375681,False,1,0.0,0.014881329,0,0,0,1,0.0,0.026923848
staker_00003,staker,small_persistent_staker,0.262504204,False,1,0.0,0.030139471,0,0,0,1,0.0,0.042502851
staker_00004,staker,small_persistent_staker,0.538690815,False,1,0.0,0.162437548,0,0,0,1,0.0,0.24024685
staker_00005,staker,small_persistent_staker,0.345973006,False,1,0.0,0.012020894,0,0,0,1,0.0,0.026796611
staker_00006,staker,small_persistent_staker,1.2913843,False,1,0.0,1.549338285,3,0,0,1,0.0,0.51541399
staker_00007,staker,small_persistent_staker,0.103316229,False,1,0.0,0.005053241,0,0,0,1,0.0,0.007301887
staker_00008,staker,small_persistent_staker,1.216879722,False,1,0.0,0.552293569,1,0,0,1,0.0,0.474007815
staker_00009,staker,small_persistent_staker,0.243182961,False,1,0.0,0.009453546,0,0,0,1,0.0,0.017368349
staker_00010,staker,small_persistent_staker,0.34597226,False,1,0.0,0.017128543,0,0,0,1,0.0,0.022215002
staker_00011,staker,small_persistent_staker,0.611224462,False,1,0.0,0.026626509,0,0,0,1,0.0,0.039492451
staker_00012,staker,small_persistent_staker,1.664003435,False,1,0.0,0.00692839,0,0,0,1,0.0,0.010427695
staker_00013,staker,small_persistent_staker,0.251325588,False,1,0.0,0.146283717,0,0,0,1,0.0,0.213534605
staker_00014,staker,small_persistent_staker,0.254236739,False,1,0.0,0.058291787,0,0,0,1,0.0,0.083723731
staker_00015,staker,small_persistent_staker,0.238869853,False,1,0.0,0.140058074,1,0,0,1,0.0,0.092059801
staker_00016,staker,small_persistent_staker,1.004817491,False,1,0.0,0.0,0,0,0,1,0.0,0.0
staker_00017,staker,small_persistent_staker,0.029135871,False,1,0.0,0.001210961,0,0,0,1,0.0,0.00207509
staker_00018,staker,small_persistent_staker,0.510042055,False,1,0.0,0.024606573,0,0,0,1,0.0,0.036072536
staker_00019,staker,small_persistent_staker,0.881304957,False,1,0.0,0.003669478,0,0,0,1,0.0,0.005522813
staker_00020,staker,small_persistent_staker,0.389759529,False,1,0.0,0.019814849,0,0,0,1,0.0,0.024991573
staker_00021,staker,small_persistent_staker,0.64204416,False,1,0.0,0.073450867,0,0,0,1,0.0,0.10400389
staker_00022,staker,small_persistent_staker,0.455765897,False,1,0.0,0.123976018,0,0,0,1,0.0,0.175159649
staker_00023,staker,small_persistent_staker,0.19551042,False,1,0.0,0.009288621,0,0,0,1,0.0,0.012580193
staker_00024,staker,small_persistent_staker,0.554553605,False,1,0.0,0.088693401,0,0,0,1,0.0,0.120255543
staker_00025,staker,small_persistent_staker,0.551540408,False,1,0.0,0.106398273,0,0,0,1,0.0,0.154607967
staker_00026,staker,small_persistent_staker,0.192728578,False,1,0.0,0.005241083,0,0,0,1,0.0,0.006595391
staker_00027,staker,small_persistent_staker,2.115956871,False,1,0.0,0.093603621,0,0,0,1,0.0,0.150280342
staker_00028,staker,small_persistent_staker,0.410387274,False,1,0.0,-0.000575146,0,0,0,1,0.0,0.0
staker_00029,staker,small_persistent_staker,0.259194168,False,1,0.0,0.052441777,0,0,0,1,0.0,0.075469008
staker_00030,staker,small_persistent_staker,0.136055908,False,1,0.0,0.037256948,0,0,0,1,0.0,0.055765121
staker_00031,staker,small_persistent_staker,1.024464423,False,2,0.0,0.164607266,0,0,0,1,0.0,0.222156207
staker_00032,staker,small_persistent_staker,0.698988798,False,2,0.0,0.030949341,0,0,0,1,0.0,0.045163083
staker_00033,staker,small_persistent_staker,0.594082122,False,2,0.0,0.02112783,0,0,0,1,0.0,0.042608069
staker_00034,staker,small_persistent_staker,0.295385335,False,2,0.0,0.046417619,0,0,0,1,0.0,0.064324316
staker_00035,staker,staker_whale,10.716220937,False,4,0.0,12.842285523,18,0,0,1,0.0,8.958160941
staker_00036,staker,small_persistent_staker,0.148331311,False,7,0.0,0.001299156,0,0,0,1,0.0,0.005377946
staker_00037,staker,small_persistent_staker,0.214344388,False,9,0.0,0.135257871,1,0,0,1,0.0,0.056274264
staker_00038,staker,small_persistent_staker,1.160241773,False,9,0.0,0.137737072,0,0,0,1,0.0,0.21227333
staker_00039,staker,small_persistent_staker,0.263886768,False,19,0.0,0.001428166,0,0,0,1,0.0,0.005102678
staker_00040,staker,small_persistent_staker,0.282812224,False,20,0.0,0.064405357,0,0,0,1,0.0,0.099965879
staker_00041,staker,small_persistent_staker,1.344063831,False,24,0.0,0.20980081,1,0,0,1,0.0,0.203963369
staker_00042,staker,small_persistent_staker,0.063607073,False,24,0.0,0.013792443,0,0,0,1,0.0,0.021497978
staker_00043,staker,small_persistent_staker,0.278171403,False,27,0.0,0.058136567,0,0,0,1,0.0,0.088390751
staker_00044,staker,small_persistent_staker,0.414199686,False,27,0.0,-0.000871039,0,0,0,1,0.0,0.0
staker_00045,staker,small_persistent_staker,1.207324177,False,35,0.0,0.316992152,1,0,0,1,0.0,0.267994006
staker_00046,staker,small_persistent_staker,0.649401137,False,35,0.0,0.074777912,0,0,0,1,0.0,0.113120063
staker_00047,staker,small_persistent_staker,0.564063882,False,36,0.0,-0.006751056,0,0,0,1,0.0,0.0
staker_00048,staker,small_persistent_staker,0.097232982,False,36,0.0,0.0,0,0,0,1,0.0,0.0
staker_00049,staker,small_persistent_staker,0.31802366,False,39,0.0,0.035957832,0,0,0,1,0.0,0.045597225
staker_00050,staker,small_persistent_staker,0.564141647,False,45,0.0,0.355294949,0,0,0,1,0.0,0.523821306
staker_00051,staker,small_persistent_staker,0.271735735,False,45,0.0,0.171753504,0,0,0,1,0.0,0.250771611
staker_00052,staker,small_persistent_staker,0.327536156,False,55,0.0,0.037751558,0,0,0,1,0.0,0.042522554
staker_00053,staker,small_persistent_staker,0.169072284,False,62,0.0,0.026671179,0,0,0,1,0.0,0.033549388
staker_00054,staker,small_persistent_staker,2.433987146,False,63,0.0,0.305094493,0,0,0,1,0.0,0.335393157
staker_00055,staker,small_persistent_staker,0.384563596,False,63,0.0,0.174422083,0,0,0,1,0.0,0.245479595
staker_00056,staker,small_persistent_staker,0.389736693,False,63,0.0,0.132549958,0,0,0,1,0.0,0.187897843
staker_00057,staker,small_persistent_staker,0.786825792,False,68,0.0,0.447221263,0,0,0,1,0.0,0.627456667
staker_00058,staker,staker_whale,5.099117712,False,68,0.0,-0.01430255,0,0,0,1,0.0,0.0
staker_00059,staker,small_persistent_staker,0.424783824,False,72,0.0,0.071611516,0,0,0,1,0.0,0.08944641
staker_00060,staker,small_persistent_staker,0.227152335,False,72,0.0,0.012845221,0,0,0,1,0.0,0.012845221
staker_00061,staker,small_persistent_staker,0.081308211,False,72,0.0,0.008940711,0,0,0,1,0.0,0.011484545
staker_00062,staker,small_persistent_staker,0.685610524,False,83,0.0,0.005083369,0,0,0,1,0.0,0.00893491
staker_00063,staker,small_persistent_staker,0.757257335,False,83,0.0,0.078018328,0,0,0,1,0.0,0.129757725
staker_00064,staker,staker_whale,3.240102246,False,92,0.0,4.789121526,6,0,0,1,0.0,2.250545353
staker_00065,staker,small_persistent_staker,3.893274979,False,95,0.0,0.15676023,0,0,0,1,0.0,0.263485252
staker_00066,staker,small_persistent_staker,0.107249019,False,97,0.0,0.033958615,0,0,0,1,0.0,0.051027113
staker_00067,staker,small_persistent_staker,0.190594292,False,97,0.0,0.019754399,0,0,0,1,0.0,0.029852336
staker_00068,staker,small_persistent_staker,0.278405523,False,97,0.0,0.011088774,0,0,0,1,0.0,0.018878476
staker_00069,staker,small_persistent_staker,0.080598169,False,104,0.0,0.010771168,0,0,0,1,0.0,0.017079895
staker_00070,staker,small_persistent_staker,0.384832274,False,104,0.0,0.013951886,0,0,0,1,0.0,0.022017221
staker_00071,staker,small_persistent_staker,1.019662074,False,104,0.0,0.919574658,1,0,0,1,0.0,0.707752167
staker_00072,staker,small_persistent_staker,1.559933678,False,108,0.0,0.004519619,0,0,0,1,0.0,0.020772349
staker_00073,staker,small_persistent_staker,0.469151732,False,120,0.0,0.023485465,0,0,0,1,0.0,0.026766272
staker_00074,staker,small_persistent_staker,0.444195392,False,120,0.0,0.066670982,0,0,0,1,0.0,0.096877429
staker_00075,staker,small_persistent_staker,0.081425071,False,122,0.0,0.010487414,0,0,0,1,0.0,0.012650047
staker_00076,staker,small_persistent_staker,0.327662755,False,122,0.0,0.017516602,0,0,0,1,0.0,0.018654745
staker_00077,staker,staker_whale,3.476807979,False,128,0.0,1.309495169,0,0,0,1,0.0,1.832687189
staker_00078,staker,small_persistent_staker,0.277469537,False,136,0.0,0.0495255,0,0,0,1,0.0,0.070450428
staker_00079,staker,staker_whale,3.665554754,False,136,0.0,0.737246216,1,0,0,1,0.0,0.967116052
staker_00080,staker,small_persistent_staker,0.509575279,False,142,0.0,9.6907e-05,0,0,0,1,0.0,0.003208826
staker_00081,staker,small_persistent_staker,0.538733587,False,149,0.0,0.214127593,0,0,0,1,0.0,0.312750124
staker_00082,staker,small_persistent_staker,0.367387795,False,149,0.0,-0.001534245,0,0,0,1,0.0,0.0
staker_00083,staker,staker_whale,3.757540279,False,149,0.0,0.352721627,0,0,0,1,0.0,0.595181348
staker_00084,staker,small_persistent_staker,0.582609464,False,150,0.0,0.050615816,0,0,0,1,0.0,0.081803445
staker_00085,staker,small_persistent_staker,0.126187931,False,150,0.0,0.012802237,0,0,0,1,0.0,0.019836767
staker_00086,staker,small_persistent_staker,0.077198668,False,154,0.0,0.005243442,0,0,0,1,0.0,0.006213926
staker_00087,staker,small_persistent_staker,0.210854504,False,158,0.0,0.070677291,0,0,0,1,0.0,0.105816232
staker_00088,staker,small_persistent_staker,0.758217971,False,164,0.0,0.063858116,0,0,0,1,0.0,0.121255456
staker_00089,staker,small_persistent_staker,0.220536366,False,164,0.0,0.059711769,0,0,0,1,0.0,0.095026903
staker_00090,staker,small_persistent_staker,3.70401526,False,164,0.0,0.052745181,0,0,0,1,0.0,0.187054304
staker_00091,staker,small_persistent_staker,1.446666525,False,164,0.0,-0.019092508,0,0,0,1,0.0,0.025117698
staker_00092,staker,small_persistent_staker,0.917607163,False,169,0.0,-0.014329818,0,0,0,1,0.0,0.0
staker_00093,staker,small_persistent_staker,0.437241449,False,169,0.0,-0.006828184,0,0,0,1,0.0,0.0
staker_00094,staker,staker_whale,8.920499514,False,171,0.0,2.52316455,1,0,0,1,0.0,3.341288292
staker_00095,staker,small_persistent_staker,0.397429194,False,171,0.0,-0.009287449,0,0,0,1,0.0,0.0
staker_00096,staker,small_persistent_staker,0.182707229,False,171,0.0,0.016733253,0,0,0,1,0.0,0.027830933
staker_00097,staker,small_persistent_staker,0.060193325,False,171,0.0,0.005521855,0,0,0,1,0.0,0.010525632
staker_00098,staker,small_persistent_staker,0.107457226,False,176,0.0,0.333749985,1,0,0,1,0.0,0.060149816
staker_00099,staker,small_persistent_staker,0.935572761,False,176,0.0,0.318064899,0,0,0,1,0.0,0.477928664
staker_00100,staker,small_persistent_staker,0.314587127,False,177,0.0,0.102447383,0,0,0,1,0.0,0.152608341
staker_00101,staker,small_persistent_staker,0.586092567,False,181,0.0,0.117754757,0,0,0,1,0.0,0.178159811
staker_00102,staker,small_persistent_staker,0.416577262,False,187,0.0,0.082232478,0,0,0,1,0.0,0.121991608
staker_00103,staker,small_persistent_staker,0.294858806,False,187,0.0,0.030374457,0,0,0,1,0.0,0.047055347
staker_00104,staker,small_persistent_staker,1.218420767,False,192,0.0,-0.003360622,0,0,0,1,0.0,0.0
staker_00105,staker,small_persistent_staker,0.108044433,False,192,0.0,0.000518877,0,0,0,1,0.0,0.001878547
staker_00106,staker,small_persistent_staker,0.535961304,False,192,0.0,0.011318025,0,0,0,1,0.0,0.018823343
staker_00107,staker,small_persistent_staker,0.440947986,False,194,0.0,0.296834947,1,0,0,1,0.0,0.024963502
staker_00108,staker,small_persistent_staker,0.641013777,False,196,0.0,0.003972238,0,0,0,1,0.0,0.011160797
staker_00109,staker,small_persistent_staker,0.321368094,False,196,0.0,0.031880935,0,0,0,1,0.0,0.051863693
staker_00110,staker,small_persistent_staker,0.226255358,False,199,0.0,0.023931422,0,0,0,1,0.0,0.036335468
staker_00111,staker,small_persistent_staker,0.431208256,False,199,0.0,0.016087093,0,0,0,1,0.0,0.024480577
staker_00112,staker,small_persistent_staker,0.912247014,False,200,0.0,0.11624548,0,0,0,1,0.0,0.184505491
staker_00113,staker,small_persistent_staker,0.302851522,False,202,0.0,0.116012157,0,0,0,1,0.0,0.168950888
staker_00114,staker,small_persistent_staker,0.100822081,False,202,0.0,0.016910279,0,0,0,1,0.0,0.024910671
staker_00115,staker,small_persistent_staker,0.140937106,False,213,0.0,0.004016262,0,0,0,1,0.0,0.004662225
staker_00116,staker,small_persistent_staker,0.246769876,False,213,0.0,0.010031993,0,0,0,1,0.0,0.013780618
staker_00117,staker,small_persistent_staker,0.624296593,False,217,0.0,0.264553711,0,0,0,1,0.0,0.393179709
staker_00118,staker,small_persistent_staker,0.843695344,False,217,0.0,-0.003059325,0,0,0,1,0.0,0.004972327
staker_00119,staker,small_persistent_staker,0.838001545,False,217,0.0,0.062432834,0,0,0,1,0.0,0.089393252
staker_00120,staker,small_persistent_staker,0.103038377,False,217,0.0,-0.000327396,0,0,0,1,0.0,0.0
staker_00121,staker,small_persistent_staker,1.981184272,False,219,0.0,1.682084025,3,0,0,1,0.0,1.328050972
staker_00122,staker,small_persistent_staker,0.189294584,False,219,0.0,0.082814819,0,0,0,1,0.0,0.130255829
staker_00123,staker,small_persistent_staker,0.255985857,False,219,0.0,0.019150492,0,0,0,1,0.0,0.025590037
staker_00124,staker,small_persistent_staker,0.269777324,False,219,0.0,0.012920175,0,0,0,1,0.0,0.018740037
staker_00125,staker,small_persistent_staker,1.023416774,False,227,0.0,0.729811624,1,0,0,1,0.0,0.679912433
staker_00126,staker,small_persistent_staker,0.067113132,False,232,0.0,0.006074018,0,0,0,1,0.0,0.009520627
staker_00127,staker,small_persistent_staker,0.15258842,False,238,0.0,0.008207783,0,0,0,1,0.0,0.012948209
staker_00128,staker,small_persistent_staker,0.150913829,False,238,0.0,0.06239055,0,0,0,1,0.0,0.090901023
staker_00129,staker,small_persistent_staker,0.229669229,False,239,0.0,0.050781063,0,0,0,1,0.0,0.068336058
staker_00130,staker,small_persistent_staker,1.289402171,False,244,0.0,0.0,0,0,0,1,0.0,0.0
staker_00131,staker,small_persistent_staker,0.740790459,False,246,0.0,0.052267425,0,0,0,1,0.0,0.062117447
staker_00132,staker,small_persistent_staker,0.118601209,False,248,0.0,0.033084107,0,0,0,1,0.0,0.045462559
staker_00133,staker,small_persistent_staker,0.632315644,False,248,0.0,0.042444849,0,0,0,1,0.0,0.049060378
staker_00134,staker,small_persistent_staker,0.275866441,False,254,0.0,0.009407281,0,0,0,1,0.0,0.01095701
staker_00135,staker,small_persistent_staker,0.444717761,False,258,0.0,-0.002185231,0,0,0,1,0.0,0.0
staker_00136,staker,small_persistent_staker,0.321776342,False,259,0.0,-0.002230139,0,0,0,1,0.0,0.0
staker_00137,staker,small_persistent_staker,0.062935277,False,273,0.0,0.588154219,1,0,0,1,0.0,0.013118846
staker_00138,staker,small_persistent_staker,0.301856027,False,277,0.0,0.006842453,0,0,0,1,0.0,0.01149164
staker_00139,staker,small_persistent_staker,0.085421189,False,282,0.0,0.002239476,0,0,0,1,0.0,0.003251979
staker_00140,staker,small_persistent_staker,0.09266128,False,283,0.0,-0.000585814,0,0,0,1,0.0,0.0
staker_00141,staker,small_persistent_staker,0.379716767,False,286,0.0,0.061163356,0,0,0,1,0.0,0.079540815
staker_00142,staker,small_persistent_staker,0.563695784,False,286,0.0,0.126955551,0,0,0,1,0.0,0.175901365
staker_00143,staker,small_persistent_staker,0.329843056,False,286,0.0,-0.000462266,0,0,0,1,0.0,0.0
staker_00144,staker,small_persistent_staker,0.494119362,False,287,0.0,0.171630932,0,0,0,1,0.0,0.250832662
staker_00145,staker,small_persistent_staker,0.137713042,False,287,0.0,0.050961641,0,0,0,1,0.0,0.08138285
staker_00146,staker,small_persistent_staker,1.753241589,False,287,0.0,0.308441985,0,0,0,1,0.0,0.422822632
staker_00147,staker,small_persistent_staker,0.225462473,False,291,0.0,0.005349516,0,0,0,1,0.0,0.008661835
staker_00148,staker,small_persistent_staker,0.796951731,False,293,0.0,0.942943091,1,0,0,1,0.0,0.427436163
staker_00149,staker,small_persistent_staker,0.400281124,False,294,0.0,0.052929411,0,0,0,1,0.0,0.06530842
staker_00150,staker,small_persistent_staker,0.147284397,False,295,0.0,0.03958713,0,0,0,1,0.0,0.055766229
staker_00151,staker,small_persistent_staker,0.436418045,False,300,0.0,0.156145174,0,0,0,1,0.0,0.235724043
staker_00152,staker,small_persistent_staker,0.523073002,False,304,0.0,0.102917773,0,0,0,1,0.0,0.141676869
staker_00153,staker,small_persistent_staker,0.634321716,False,304,0.0,-0.007596195,0,0,0,1,0.0,0.0
staker_00154,staker,small_persistent_staker,3.977654803,False,304,0.0,-0.022345197,0,0,0,1,0.0,0.0
staker_00155,staker,small_persistent_staker,0.87364023,False,305,0.0,0.04663691,0,0,0,1,0.0,0.060777643
staker_00156,staker,small_persistent_staker,0.282483922,False,305,0.0,0.095381244,0,0,0,1,0.0,0.139764093
staker_00157,staker,small_persistent_staker,0.839695513,False,310,0.0,0.178473441,0,0,0,1,0.0,0.248304573
staker_00158,staker,small_persistent_staker,0.657423304,False,310,0.0,0.212782898,0,0,0,1,0.0,0.303440294
staker_00159,staker,small_persistent_staker,0.287225774,False,318,0.0,0.04379163,0,0,0,1,0.0,0.058027411
staker_00160,staker,small_persistent_staker,1.538628329,False,323,0.0,0.304404751,0,0,0,1,0.0,0.386327838
staker_00161,staker,small_persistent_staker,0.517394259,False,323,0.0,0.124863018,0,0,0,1,0.0,0.175300555
staker_00162,staker,small_persistent_staker,1.167587988,False,323,0.0,0.1783296,0,0,0,1,0.0,0.197010439
staker_00163,staker,small_persistent_staker,0.367445134,False,336,0.0,0.025573656,0,0,0,1,0.0,0.029168004
staker_00164,staker,small_persistent_staker,0.524260427,False,336,0.0,0.034776981,0,0,0,1,0.0,0.041762054
staker_00165,staker,small_persistent_staker,0.164712463,False,339,0.0,0.009867108,0,0,0,1,0.0,0.016384111
staker_00166,staker,small_persistent_staker,0.355980897,False,339,0.0,0.04578865,0,0,0,1,0.0,0.067465153
staker_00167,staker,small_persistent_staker,0.176103737,False,339,0.0,0.011359017,0,0,0,1,0.0,0.017431558
staker_00168,staker,small_persistent_staker,0.432886946,False,346,0.0,0.151218434,1,0,0,1,0.0,0.088236066
staker_00169,staker,small_persistent_staker,0.257729938,False,346,0.0,0.013390795,0,0,0,1,0.0,0.023025868
staker_00170,staker,small_persistent_staker,1.230978548,False,346,0.0,0.127835359,0,0,0,1,0.0,0.201878346
staker_00171,staker,small_persistent_staker,0.090989435,False,347,0.0,0.003096835,0,0,0,1,0.0,0.006432345
staker_00172,staker,small_persistent_staker,0.241813988,False,348,0.0,0.038973234,0,0,0,1,0.0,0.077188585
staker_00173,staker,small_persistent_staker,0.118693964,False,350,0.0,-0.000583232,0,0,0,1,0.0,0.0
staker_00174,staker,small_persistent_staker,0.147580584,False,351,0.0,0.000722414,0,0,0,1,0.0,0.004146896
staker_00175,staker,small_persistent_staker,0.086416985,False,352,0.0,0.015827731,0,0,0,1,0.0,0.032315662
staker_00176,staker,small_persistent_staker,2.879094119,False,358,0.0,0.165214002,0,0,0,1,0.0,0.340528727
staker_00177,staker,small_persistent_staker,0.483098444,False,358,0.0,-0.005425258,0,0,0,1,0.0,0.0
staker_00178,staker,small_persistent_staker,1.346187945,False,359,0.0,0.080023884,0,0,0,1,0.0,0.158999356
staker_00179,staker,small_persistent_staker,0.174125702,False,360,0.0,0.005592089,0,0,0,1,0.0,0.010715636
staker_00180,staker,small_persistent_staker,0.239432043,False,360,0.0,-0.000503512,0,0,0,1,0.0,0.0
staker_00181,staker,small_persistent_staker,0.291677039,False,361,0.0,0.024745729,0,0,0,1,0.0,0.045502118
staker_00182,staker,small_persistent_staker,0.146256546,False,362,0.0,0.010072159,0,0,0,1,0.0,0.017141931
staker_00183,staker,small_persistent_staker,0.111332324,False,362,0.0,0.021092498,0,0,0,1,0.0,0.033840333
staker_00184,staker,small_persistent_staker,0.211340229,False,362,0.0,0.013448756,0,0,0,1,0.0,0.024909184
staker_00185,staker,small_persistent_staker,1.39276717,False,364,0.0,0.885293517,2,0,0,1,0.0,0.519041549
staker_00186,staker,small_persistent_staker,0.144659112,False,364,0.0,0.002149241,0,0,0,1,0.0,0.004061959
staker_00187,staker,staker_whale,3.120759422,False,368,0.0,2.125662133,4,0,0,1,0.0,2.689723885
staker_00188,staker,small_persistent_staker,0.283593276,False,373,0.0,0.050300193,0,0,0,1,0.0,0.077951873
staker_00189,staker,small_persistent_staker,0.622979448,False,375,0.0,0.045167004,0,0,0,1,0.0,0.073477634
staker_00190,staker,small_persistent_staker,1.118924926,False,388,0.0,0.146909591,0,0,0,1,0.0,0.23580593
staker_00191,staker,small_persistent_staker,0.210205643,False,394,0.0,0.011774541,0,0,0,1,0.0,0.018655764
staker_00192,staker,small_persistent_staker,0.072843794,False,404,0.0,0.009752911,0,0,0,1,0.0,0.01516805
staker_00193,staker,small_persistent_staker,0.733559248,False,404,0.0,0.102030812,0,0,0,1,0.0,0.182772078
staker_00194,staker,small_persistent_staker,0.257504506,False,414,0.0,0.010976695,0,0,0,1,0.0,0.019766082
staker_00195,staker,small_persistent_staker,0.029111558,False,421,0.0,0.000802282,0,0,0,1,0.0,0.001690724
staker_00196,staker,small_persistent_staker,3.752008943,False,421,0.0,0.40400851,0,0,0,1,0.0,0.651999567
staker_00197,staker,small_persistent_staker,0.580989382,False,428,0.0,0.050944714,0,0,0,1,0.0,0.088045711
staker_00198,staker,small_persistent_staker,0.739029563,False,428,0.0,0.631862864,1,0,0,1,0.0,0.220514846
staker_00199,staker,small_persistent_staker,0.045998137,False,429,0.0,0.002485584,0,0,0,1,0.0,0.004814066
staker_00200,staker,small_persistent_staker,0.185282148,False,430,0.0,0.336447257,1,0,0,1,0.0,0.047473115
staker_00201,staker,small_persistent_staker,0.269278579,False,430,0.0,-0.000755301,0,0,0,1,0.0,0.0
staker_00202,staker,small_persistent_staker,0.296328698,False,431,0.0,0.027765988,0,0,0,1,0.0,0.10742835
staker_00203,staker,staker_whale,2.776119154,True,431,0.0,2.267686602,4,0,0,0,0.0,1.978788286
staker_00204,staker,small_persistent_staker,0.408983645,False,432,0.0,0.057942375,0,0,0,1,0.0,0.12186869
staker_00205,staker,small_persistent_staker,0.45997358,False,432,0.0,0.027386789,0,0,0,1,0.0,0.047971595
staker_00206,staker,small_persistent_staker,0.867929589,False,432,0.0,0.080427066,0,0,0,1,0.0,0.165891266
staker_00207,staker,small_persistent_staker,1.420565717,False,434,0.0,-0.001990882,0,0,0,1,0.0,0.0
staker_00208,staker,small_persistent_staker,0.791385012,False,442,0.0,-0.004445749,0,0,0,1,0.0,0.0
staker_00209,staker,small_persistent_staker,0.200160084,False,442,0.0,0.021927686,0,0,0,1,0.0,0.036324489
staker_00210,staker,small_persistent_staker,0.280084811,False,444,0.0,0.014445184,0,0,0,1,0.0,0.022755989
staker_00211,staker,small_persistent_staker,0.211328757,False,446,0.0,0.02430941,0,0,0,1,0.0,0.038244077
staker_00212,staker,small_persistent_staker,1.960292719,False,448,0.0,1.404294729,4,0,0,1,0.0,0.373893243
staker_00213,staker,small_persistent_staker,0.185672388,False,448,0.0,0.028593648,0,0,0,1,0.0,0.055362951
staker_00214,staker,small_persistent_staker,0.146632005,False,458,0.0,0.015125382,0,0,0,1,0.0,0.023812111
staker_00215,staker,staker_whale,3.067893936,False,458,0.0,1.69248083,3,0,0,1,0.0,1.96330612
staker_00216,staker,small_persistent_staker,0.316670575,False,458,0.0,0.004862507,0,0,0,1,0.0,0.009724194
staker_00217,staker,small_persistent_staker,0.268516506,False,467,0.0,0.021122906,0,0,0,1,0.0,0.072827275
staker_00218,staker,small_persistent_staker,0.057892196,False,467,0.0,0.002980487,0,0,0,1,0.0,0.003872123
staker_00219,staker,small_persistent_staker,0.08088103,False,467,0.0,0.00673444,0,0,0,1,0.0,0.012248891
staker_00220,staker,staker_whale,3.947133834,False,469,0.0,0.122508688,0,0,0,1,0.0,0.175374853
staker_00221,staker,small_persistent_staker,0.765560865,False,469,0.0,0.070648998,0,0,0,1,0.0,0.134478388
staker_00222,staker,small_persistent_staker,0.243268933,False,469,0.0,0.019267297,0,0,0,1,0.0,0.027696249
staker_00223,staker,small_persistent_staker,0.989015483,False,471,0.0,0.087734996,0,0,0,1,0.0,0.174706378
staker_00224,staker,small_persistent_staker,0.206968068,False,483,0.0,0.015222503,0,0,0,1,0.0,0.021048372
staker_00225,staker,small_persistent_staker,0.592602598,False,483,0.0,0.028385113,0,0,0,1,0.0,0.032477145
staker_00226,staker,small_persistent_staker,0.297031209,False,483,0.0,0.013447106,0,0,0,1,0.0,0.016323496
staker_00227,staker,staker_whale,8.192121789,False,484,0.0,2.716745215,5,0,0,1,0.0,1.988588502
staker_00228,staker,small_persistent_staker,1.0809,False,484,0.0,0.088885943,0,0,0,1,0.0,0.141887996
staker_00229,staker,small_persistent_staker,0.070138262,False,484,0.0,0.004980574,0,0,0,1,0.0,0.018145492
staker_00230,staker,small_persistent_staker,1.317264978,False,484,0.0,0.142449957,0,0,0,1,0.0,0.509974032
staker_00231,staker,small_persistent_staker,0.057782217,False,501,0.0,0.003219171,0,0,0,1,0.0,0.010777232
staker_00232,staker,small_persistent_staker,0.660756489,False,505,0.0,0.047689006,0,0,0,1,0.0,0.103820743
staker_00233,staker,small_persistent_staker,0.348418827,False,521,0.0,0.00026111,0,0,0,1,0.0,0.011848302
staker_00234,staker,small_persistent_staker,0.615212589,False,539,0.0,-0.003364843,0,0,0,1,0.0,0.0
staker_00235,staker,small_persistent_staker,0.10442702,False,539,0.0,-0.001525536,0,0,0,1,0.0,0.000670498
staker_00236,staker,small_persistent_staker,0.204664035,False,555,0.0,0.003075503,0,0,0,1,0.0,0.045909793
staker_00237,staker,small_persistent_staker,0.130148662,False,556,0.0,-0.000987528,0,0,0,1,0.0,0.003731824
staker_00238,staker,small_persistent_staker,0.29625061,False,556,0.0,0.010662673,0,0,0,1,0.0,0.030643542
staker_00239,staker,small_persistent_staker,0.217504803,False,563,0.0,-0.001221873,0,0,0,1,0.0,0.0
staker_00240,staker,small_persistent_staker,0.880505414,False,566,0.0,0.036129812,0,0,0,1,0.0,0.084640179
staker_00241,staker,small_persistent_staker,0.176886766,False,571,0.0,0.001708335,0,0,0,1,0.0,0.034169907
staker_00242,staker,small_persistent_staker,2.155117189,False,575,0.0,0.065617035,0,0,0,1,0.0,0.210909252
staker_00243,staker,small_persistent_staker,0.467477496,False,575,0.0,0.016416664,0,0,0,1,0.0,0.034036706
staker_00244,staker,small_persistent_staker,0.38037872,False,575,0.0,0.005173617,0,0,0,1,0.0,0.037872324
staker_00245,staker,small_persistent_staker,0.689588635,False,578,0.0,-0.002418637,0,0,0,1,0.0,0.0
staker_00246,staker,small_persistent_staker,0.36062621,False,578,0.0,0.004570904,0,0,0,1,0.0,0.007868739
staker_00247,staker,small_persistent_staker,0.07247199,False,578,0.0,0.002702856,0,0,0,1,0.0,0.005276634
staker_00248,staker,small_persistent_staker,0.093980297,False,579,0.0,0.004567219,0,0,0,1,0.0,0.009053025
staker_00249,staker,small_persistent_staker,2.054372614,False,579,0.0,0.07700857,0,0,0,1,0.0,0.200207011
staker_00250,staker,small_persistent_staker,0.697583733,False,580,0.0,0.011200393,0,0,0,1,0.0,0.152884472
staker_00251,staker,small_persistent_staker,0.381761184,False,580,0.0,0.006277078,0,0,0,1,0.0,0.017076456
staker_00252,staker,small_persistent_staker,0.190969029,False,580,0.0,0.005750346,0,0,0,1,0.0,0.018767756
staker_00253,staker,small_persistent_staker,0.243352217,False,581,0.0,0.002783552,0,0,0,1,0.0,0.024395042
staker_00254,staker,small_persistent_staker,0.429751529,False,581,0.0,-0.000301037,0,0,0,1,0.0,0.0
staker_00255,staker,small_persistent_staker,2.087013664,False,581,0.0,0.019321671,0,0,0,1,0.0,0.045793733
staker_00256,staker,small_persistent_staker,0.447004581,False,581,0.0,0.01349071,0,0,0,1,0.0,0.043960791
staker_00257,staker,small_persistent_staker,0.476229548,False,586,0.0,0.036936616,0,0,0,1,0.0,0.142487451
staker_00258,staker,small_persistent_staker,0.044880077,False,594,0.0,0.001622368,0,0,0,1,0.0,0.003305827
staker_00259,staker,small_persistent_staker,0.078744123,False,594,0.0,-0.002216992,0,0,0,1,0.0,0.009226301
staker_00260,staker,small_persistent_staker,0.967872075,False,599,0.0,-0.01281781,0,0,0,1,0.0,0.075229003
staker_00261,staker,small_persistent_staker,0.518567871,True,599,0.0,0.247766008,1,0,0,0,0.0,0.225002767
staker_00262,staker,small_persistent_staker,0.384509647,False,599,0.0,0.003488305,0,0,0,1,0.0,0.008620863
staker_00263,staker,small_persistent_staker,0.649860096,False,599,0.0,0.00246493,0,0,0,1,0.0,0.096383217
staker_00264,staker,small_persistent_staker,0.118738306,False,602,0.0,0.00078592,0,0,0,1,0.0,0.00161496
staker_00265,staker,small_persistent_staker,0.108689737,False,602,0.0,-0.003264665,0,0,0,1,0.0,0.010308804
staker_00266,staker,small_persistent_staker,0.939051829,False,602,0.0,0.037664241,0,0,0,1,0.0,0.06930229
staker_00267,staker,small_persistent_staker,0.525295482,True,603,0.0,0.075670931,0,0,0,0,0.0,0.227921827
staker_00268,staker,small_persistent_staker,0.555151711,False,603,0.0,-0.003306702,0,0,0,1,0.0,0.042968912
staker_00269,staker,small_persistent_staker,0.701500218,False,603,0.0,0.0173127,0,0,0,1,0.0,0.052642761
staker_00270,staker,small_persistent_staker,0.138667302,False,603,0.0,0.004643406,0,0,0,1,0.0,0.010312068
staker_00271,staker,small_persistent_staker,0.340852786,False,604,0.0,-0.001659575,0,0,0,1,0.0,0.0
staker_00272,staker,small_persistent_staker,0.361911919,False,606,0.0,0.012152157,0,0,0,1,0.0,0.018260194
staker_00273,staker,small_persistent_staker,1.224019991,False,614,0.0,0.036765127,0,0,0,1,0.0,0.073546582
staker_00274,staker,small_persistent_staker,1.040719849,False,624,0.0,0.007266246,0,0,0,1,0.0,0.054291301
staker_00275,staker,small_persistent_staker,0.408512319,False,624,0.0,-0.000945575,0,0,0,1,0.0,0.058095846
staker_00276,staker,small_persistent_staker,0.513058226,False,624,0.0,-0.002358542,0,0,0,1,0.0,0.027076829
staker_00277,staker,small_persistent_staker,3.803507817,False,624,0.0,0.003154997,0,0,0,1,0.0,0.19964718
staker_00278,staker,small_persistent_staker,0.319505443,True,627,0.0,0.036969885,0,0,0,0,0.0,0.123605472
staker_00279,staker,small_persistent_staker,0.303860353,False,627,0.0,0.001736664,0,0,0,1,0.0,0.004056055
staker_00280,staker,small_persistent_staker,1.360271906,False,627,0.0,0.024665576,0,0,0,1,0.0,0.04915777
staker_00281,staker,small_persistent_staker,1.084871571,False,627,0.0,-0.023760394,0,0,0,1,0.0,0.040803846
staker_00282,staker,small_persistent_staker,1.978137183,False,630,0.0,-0.118777659,0,0,0,1,0.0,0.047790265
staker_00283,staker,small_persistent_staker,0.508041987,False,635,0.0,-0.027492546,0,0,0,1,0.0,0.012248145
staker_00284,staker,small_persistent_staker,0.441471355,False,635,0.0,0.000560103,0,0,0,1,0.0,0.010084027
staker_00285,staker,small_persistent_staker,0.352043404,False,635,0.0,-0.015185123,0,0,0,1,0.0,0.008398839
staker_00286,staker,small_persistent_staker,0.07816814,False,642,0.0,-0.006271496,0,0,0,1,0.0,0.000548915
staker_00287,staker,small_persistent_staker,0.364864201,False,643,0.0,-0.022821695,0,0,0,1,0.0,0.0
staker_00288,staker,staker_whale,7.118273238,False,644,0.0,1.647935671,4,0,0,1,0.0,1.548422539
staker_00289,staker,small_persistent_staker,0.508065694,False,647,0.0,-0.038650344,0,0,0,1,0.0,0.0
staker_00290,staker,small_persistent_staker,0.952847634,False,647,0.0,-0.007159965,0,0,0,1,0.0,0.0
staker_00291,staker,small_persistent_staker,0.494914954,True,651,0.0,0.0444426,0,0,0,0,0.0,0.16913235
staker_00292,staker,small_persistent_staker,1.397085592,False,651,0.0,-0.013398389,0,0,0,1,0.0,0.0
staker_00293,staker,small_persistent_staker,0.70008924,False,653,0.0,-0.045525551,0,0,0,1,0.0,0.0
staker_00294,staker,small_persistent_staker,0.24721023,False,653,0.0,-0.002933994,0,0,0,1,0.0,0.0
staker_00295,staker,small_persistent_staker,0.437545579,False,653,0.0,-0.011996722,0,0,0,1,0.0,0.0
staker_00296,staker,small_persistent_staker,0.164366938,False,653,0.0,-0.00379862,0,0,0,1,0.0,0.0
staker_00297,staker,small_persistent_staker,2.153808973,False,655,0.0,0.047298683,0,0,0,1,0.0,0.468185435
staker_00298,staker,small_persistent_staker,0.274287908,False,655,0.0,-0.010855223,0,0,0,1,0.0,0.018340515
staker_00299,staker,small_persistent_staker,0.039293113,False,655,0.0,-0.001045614,0,0,0,1,0.0,0.0
staker_00300,staker,small_persistent_staker,0.356832224,False,657,0.0,-0.022418144,0,0,0,1,0.0,0.0
staker_00301,staker,small_persistent_staker,0.904951063,False,657,0.0,-0.021590629,0,0,0,1,0.0,0.0
staker_00302,staker,small_persistent_staker,0.643092554,False,658,0.0,-0.027241227,0,0,0,1,0.0,0.043211245
staker_00303,staker,small_persistent_staker,0.767078926,False,660,0.0,-0.029628191,0,0,0,1,0.0,0.0
staker_00304,staker,small_persistent_staker,0.207861112,False,662,0.0,-0.013843209,0,0,0,1,0.0,0.0
staker_00305,staker,small_persistent_staker,0.155690158,False,672,0.0,-0.004000955,0,0,0,1,0.0,0.016899719
staker_00306,staker,small_persistent_staker,0.219572947,False,675,0.0,-0.004086602,0,0,0,1,0.0,0.0
staker_00307,staker,small_persistent_staker,0.908736785,False,675,0.0,-0.035385003,0,0,0,1,0.0,0.04538328
staker_00308,staker,small_persistent_staker,0.574238985,False,682,0.0,-0.019698783,0,0,0,1,0.0,0.0
staker_00309,staker,staker_whale,11.253570056,False,682,0.0,2.332743571,4,0,0,1,0.0,2.836516458
staker_00310,staker,small_persistent_staker,0.583316001,False,691,0.0,-0.014216917,0,0,0,1,0.0,0.0
staker_00311,staker,small_persistent_staker,0.789891476,False,692,0.0,-0.014723337,0,0,0,1,0.0,0.053186573
staker_00312,staker,small_persistent_staker,0.523116193,False,692,0.0,-0.012374586,0,0,0,1,0.0,0.0
staker_00313,staker,small_persistent_staker,0.235424262,False,692,0.0,-0.00405507,0,0,0,1,0.0,0.0
staker_00314,staker,small_persistent_staker,0.568273512,False,692,0.0,-0.017511641,0,0,0,1,0.0,0.0
staker_00315,staker,small_persistent_staker,0.781902247,False,693,0.0,-0.025293815,0,0,0,1,0.0,0.0
staker_00316,staker,small_persistent_staker,0.065646582,False,693,0.0,-0.002476401,0,0,0,1,0.0,0.000458773
staker_00317,staker,small_persistent_staker,1.17250982,True,694,0.0,0.148025483,0,0,0,0,0.0,0.400693774
staker_00318,staker,small_persistent_staker,0.419216593,False,694,0.0,-0.013575202,0,0,0,1,0.0,0.0
staker_00319,staker,small_persistent_staker,0.109870001,False,702,0.0,-0.001019316,0,0,0,1,0.0,0.007382482
staker_00320,staker,small_persistent_staker,0.157783879,False,709,0.0,0.004097111,0,0,0,1,0.0,0.021394806
staker_00321,staker,small_persistent_staker,0.179791958,False,710,0.0,-0.006614895,0,0,0,1,0.0,0.002622495
staker_00322,staker,small_persistent_staker,0.76618688,False,715,0.0,0.012310374,0,0,0,1,0.0,0.082433178
staker_00323,staker,small_persistent_staker,0.270419301,False,715,0.0,0.001928891,0,0,0,1,0.0,0.023025491
staker_00324,staker,small_persistent_staker,0.082355662,False,721,0.0,-0.000288851,0,0,0,1,0.0,0.0
staker_00325,staker,small_persistent_staker,1.018631642,False,721,0.0,-0.012887228,0,0,0,1,0.0,0.0
staker_00326,staker,small_persistent_staker,0.670696808,False,721,0.0,-0.015012264,0,0,0,1,0.0,0.009721507
staker_00327,staker,small_persistent_staker,1.899173065,False,725,0.0,-0.01060733,0,0,0,1,0.0,0.0
staker_00328,staker,small_persistent_staker,1.117451607,False,729,0.0,0.177077586,1,0,0,1,0.0,0.039905904
staker_00329,staker,small_persistent_staker,0.801476862,False,729,0.0,-0.010139892,0,0,0,1,0.0,0.0
staker_00330,staker,small_persistent_staker,0.115329555,False,731,0.0,0.00333399,0,0,0,1,0.0,0.01239949
staker_00331,staker,small_persistent_staker,3.197224807,False,731,0.0,-0.015606698,0,0,0,1,0.0,0.0
staker_00332,staker,small_persistent_staker,0.620767411,False,731,0.0,-0.003030168,0,0,0,1,0.0,0.0
staker_00333,staker,small_persistent_staker,0.210065953,False,739,0.0,-0.00104755,0,0,0,1,0.0,0.001468053
staker_00334,staker,small_persistent_staker,0.531048646,False,739,0.0,0.020649703,0,0,0,1,0.0,0.056859142
staker_00335,staker,small_persistent_staker,1.329156499,False,739,0.0,0.002194007,0,0,0,1,0.0,0.047399779
staker_00336,staker,small_persistent_staker,0.204537688,False,749,0.0,0.009072781,0,0,0,1,0.0,0.021945252
staker_00337,staker,small_persistent_staker,0.473090712,False,751,0.0,0.172047168,1,0,0,1,0.0,0.016940326
staker_00338,staker,small_persistent_staker,0.828101622,True,751,0.0,0.143598321,0,0,0,0,0.0,0.282995638
staker_00339,staker,small_persistent_staker,0.526618652,False,751,0.0,0.000386003,0,0,0,1,0.0,0.003690442
staker_00340,staker,small_persistent_staker,0.355762731,False,765,0.0,0.0,0,0,0,1,0.0,0.0
staker_00341,staker,small_persistent_staker,2.955644627,False,765,0.0,0.091563237,0,0,0,1,0.0,0.1768174
staker_00342,staker,small_persistent_staker,0.709431577,False,771,0.0,0.072259353,0,0,0,1,0.0,0.134748002
staker_00343,staker,small_persistent_staker,0.556759914,False,780,0.0,0.056349937,0,0,0,1,0.0,0.094578922
staker_00344,staker,small_persistent_staker,0.417289013,True,780,0.0,0.074452305,0,0,0,0,0.0,0.135644704
staker_00345,staker,small_persistent_staker,0.343927982,False,782,0.0,0.006487296,0,0,0,1,0.0,0.007210557
staker_00346,staker,small_persistent_staker,0.175269567,False,786,0.0,-0.001567622,0,0,0,1,0.0,0.0
staker_00347,staker,staker_whale,6.808547501,False,786,0.0,0.185862482,0,0,0,1,0.0,0.328507149
staker_00348,staker,small_persistent_staker,0.346794721,True,787,0.0,0.237701405,1,0,0,0,0.0,0.104421994
staker_00349,staker,small_persistent_staker,0.504378118,False,787,0.0,0.047551297,0,0,0,1,0.0,0.08406042
staker_00350,staker,small_persistent_staker,0.337587922,False,787,0.0,0.006906696,0,0,0,1,0.0,0.010403455
staker_00351,staker,small_persistent_staker,0.08893972,False,789,0.0,0.013618204,0,0,0,1,0.0,0.025594986
staker_00352,staker,small_persistent_staker,0.631224297,False,789,0.0,0.020061877,0,0,0,1,0.0,0.044545515
staker_00353,staker,small_persistent_staker,0.944035034,False,789,0.0,0.086209298,0,0,0,1,0.0,0.167665037
staker_00354,staker,small_persistent_staker,0.166483573,False,791,0.0,0.015350589,0,0,0,1,0.0,0.029588973
staker_00355,staker,small_persistent_staker,0.947282796,False,793,0.0,0.016925414,0,0,0,1,0.0,0.029396801
staker_00356,staker,small_persistent_staker,1.027772301,False,795,0.0,0.027588961,0,0,0,1,0.0,0.049935989
staker_00357,staker,small_persistent_staker,0.457100632,False,795,0.0,0.067103699,0,0,0,1,0.0,0.124203665
staker_00358,staker,small_persistent_staker,0.27347421,False,795,0.0,0.025024948,0,0,0,1,0.0,0.046015421
staker_00359,staker,small_persistent_staker,0.518314767,False,812,0.0,0.003518706,0,0,0,1,0.0,0.008935036
staker_00360,staker,small_persistent_staker,0.191432745,True,812,0.0,0.027272044,0,0,0,0,0.0,0.05097449
staker_00361,staker,small_persistent_staker,1.637334554,False,812,0.0,0.362291975,1,0,0,1,0.0,0.435377386
staker_00362,staker,small_persistent_staker,0.361624855,True,812,0.0,0.051518087,0,0,0,0,0.0,0.096293049
staker_00363,staker,small_persistent_staker,1.184479603,False,815,0.0,0.013805049,0,0,0,1,0.0,0.020361692
staker_00364,staker,small_persistent_staker,0.10618555,False,815,0.0,0.002541287,0,0,0,1,0.0,0.004095881
staker_00365,staker,small_persistent_staker,0.171925976,False,815,0.0,0.010500541,0,0,0,1,0.0,0.016667658
staker_00366,staker,small_persistent_staker,0.919902099,False,817,0.0,0.074007938,0,0,0,1,0.0,0.154288042
staker_00367,staker,small_persistent_staker,0.066272073,False,829,0.0,0.518246126,1,0,0,1,0.0,0.007725383
staker_00368,staker,small_persistent_staker,0.216261688,False,829,0.0,0.009040393,0,0,0,1,0.0,0.014941497
staker_00369,staker,small_persistent_staker,0.118328165,False,829,0.0,0.007178092,0,0,0,1,0.0,0.011503827
staker_00370,staker,small_persistent_staker,0.261427861,False,829,0.0,0.022422364,0,0,0,1,0.0,0.045653985
staker_00371,staker,small_persistent_staker,0.972229025,False,832,0.0,0.087903224,0,0,0,1,0.0,0.155218262
staker_00372,staker,small_persistent_staker,0.4609207,False,832,0.0,0.032018839,0,0,0,1,0.0,0.058108992
staker_00373,staker,small_persistent_staker,0.120391047,True,832,0.0,0.016523234,0,0,0,0,0.0,0.029749368
staker_00374,staker,small_persistent_staker,0.159613154,False,832,0.0,0.013615696,0,0,0,1,0.0,0.025625704
staker_00375,staker,small_persistent_staker,0.795552985,False,834,0.0,0.033307009,0,0,0,1,0.0,0.083047304
staker_00376,staker,small_persistent_staker,0.412697066,True,838,0.0,0.048518619,0,0,0,0,0.0,0.092297246
staker_00377,staker,small_persistent_staker,0.638645964,False,839,0.0,0.029730567,0,0,0,1,0.0,0.048056651
staker_00378,staker,small_persistent_staker,0.29116729,False,840,0.0,0.03005319,0,0,0,1,0.0,0.056622637
staker_00379,staker,small_persistent_staker,1.069931358,False,847,0.0,0.052079728,0,0,0,1,0.0,0.11200252
staker_00380,staker,small_persistent_staker,0.147531228,False,847,0.0,0.298306889,1,0,0,1,0.0,0.015400697
staker_00381,staker,small_persistent_staker,0.606697244,False,850,0.0,-0.004119127,0,0,0,1,0.0,0.0
staker_00382,staker,staker_whale,7.765570579,True,850,0.0,2.423542413,3,0,0,0,0.0,1.736723706
staker_00383,staker,small_persistent_staker,0.468858742,False,850,0.0,0.037072227,0,0,0,1,0.0,0.071009123
staker_00384,staker,small_persistent_staker,1.154405739,False,852,0.0,0.041191968,0,0,0,1,0.0,0.054740693
staker_00385,staker,small_persistent_staker,0.136362807,False,853,0.0,0.014262486,0,0,0,1,0.0,0.02485124
staker_00386,staker,small_persistent_staker,0.382582364,False,853,0.0,0.022886509,0,0,0,1,0.0,0.028687831
staker_00387,staker,small_persistent_staker,0.524053948,False,853,0.0,0.00965835,0,0,0,1,0.0,0.013955809
staker_00388,staker,small_persistent_staker,1.315871436,False,853,0.0,0.071617949,0,0,0,1,0.0,0.137555549
staker_00389,staker,small_persistent_staker,0.50073735,False,858,0.0,0.030295942,0,0,0,1,0.0,0.037652967
staker_00390,staker,small_persistent_staker,0.230184519,False,858,0.0,0.015789775,0,0,0,1,0.0,0.02163201
staker_00391,staker,small_persistent_staker,0.065215093,True,861,0.0,0.008798199,0,0,0,0,0.0,0.014584968
staker_00392,staker,small_persistent_staker,0.076170034,False,861,0.0,0.005438421,0,0,0,1,0.0,0.007153207
staker_00393,staker,small_persistent_staker,0.1703475,False,868,0.0,0.010786374,0,0,0,1,0.0,0.018614025
staker_00394,staker,small_persistent_staker,0.571193617,True,868,0.0,0.062718952,0,0,0,0,0.0,0.111229478
staker_00395,staker,small_persistent_staker,0.05638446,True,879,0.0,0.004641717,0,0,0,0,0.0,0.009095904
staker_00396,staker,small_persistent_staker,0.433418256,False,888,0.0,0.007179046,0,0,0,1,0.0,0.025873404
staker_00397,staker,small_persistent_staker,0.559616683,False,888,0.0,0.009269369,0,0,0,1,0.0,0.033406965
staker_00398,staker,small_persistent_staker,0.476777289,False,888,0.0,0.025361883,0,0,0,1,0.0,0.054709604
staker_00399,staker,small_persistent_staker,1.143597468,False,888,0.0,0.082082083,0,0,0,1,0.0,0.162954375
staker_00400,staker,small_persistent_staker,0.855248666,False,891,0.0,0.253244646,1,0,0,1,0.0,0.087785444
staker_00401,staker,small_persistent_staker,0.118856672,True,900,0.0,0.00699924,0,0,0,0,0.0,0.014696753
staker_00402,staker,small_persistent_staker,0.122656044,False,900,0.0,0.001661161,0,0,0,1,0.0,0.005000993
staker_00403,staker,small_persistent_staker,0.278271607,True,905,0.0,0.017414758,0,0,0,0,0.0,0.034408578
staker_00404,staker,small_persistent_staker,0.099180877,False,906,0.0,0.001077574,0,0,0,1,0.0,0.004072198
staker_00405,staker,small_persistent_staker,1.135704265,False,906,0.0,-0.011487671,0,0,0,1,0.0,0.009787794
staker_00406,staker,small_persistent_staker,0.340250777,False,906,0.0,-0.001049664,0,0,0,1,0.0,0.002911961
staker_00407,staker,small_persistent_staker,0.382200562,True,906,0.0,0.024173639,0,0,0,0,0.0,0.047259504
staker_00408,staker,small_persistent_staker,0.229202247,False,907,0.0,0.004003322,0,0,0,1,0.0,0.011254674
staker_00409,staker,small_persistent_staker,0.089622771,True,907,0.0,0.005735037,0,0,0,0,0.0,0.01108195
staker_00410,staker,small_persistent_staker,0.239268787,False,908,0.0,0.003719967,0,0,0,1,0.0,0.012882963
staker_00411,staker,small_persistent_staker,0.296341913,False,908,0.0,0.004942065,0,0,0,1,0.0,0.014571872
staker_00412,staker,small_persistent_staker,0.202759708,False,908,0.0,0.00260807,0,0,0,1,0.0,0.008319142
staker_00413,staker,small_persistent_staker,0.165966791,True,908,0.0,0.010720381,0,0,0,0,0.0,0.020521969
staker_00414,staker,small_persistent_staker,0.524547305,False,914,0.0,0.012227663,0,0,0,1,0.0,0.028144518
staker_00415,staker,staker_whale,7.913484995,True,914,0.0,0.546175504,0,0,0,0,0.0,0.978510789
staker_00416,staker,small_persistent_staker,2.183335497,True,918,0.0,0.135722216,0,0,0,0,0.0,0.250385539
staker_00417,staker,small_persistent_staker,1.188124669,True,923,0.0,0.078116794,0,0,0,0,0.0,0.136254477
staker_00418,staker,small_persistent_staker,0.423537957,False,925,0.0,0.008139154,0,0,0,1,0.0,0.017122251
staker_00419,staker,small_persistent_staker,2.9232365,False,925,0.0,0.060943893,0,0,0,1,0.0,0.13131806
staker_00420,staker,small_persistent_staker,0.343074761,False,929,0.0,0.005784538,0,0,0,1,0.0,0.01110387
staker_00421,staker,small_persistent_staker,0.632814873,True,929,0.0,0.044378615,0,0,0,0,0.0,0.072571391
staker_00422,staker,small_persistent_staker,1.389177361,False,929,0.0,0.036106776,0,0,0,1,0.0,0.073540231
staker_00423,staker,small_persistent_staker,0.681311701,False,930,0.0,0.018198069,0,0,0,1,0.0,0.036067259
staker_00424,staker,small_persistent_staker,1.216664144,False,931,0.0,0.023079242,0,0,0,1,0.0,0.039350678
staker_00425,staker,small_persistent_staker,0.167737983,True,931,0.0,0.298508544,1,0,0,0,0.0,0.01923624
staker_00426,staker,small_persistent_staker,0.854177182,True,931,0.0,0.061151199,0,0,0,0,0.0,0.097957283
staker_00427,staker,small_persistent_staker,0.233164069,True,931,0.0,0.016692394,0,0,0,0,0.0,0.026739322
staker_00428,staker,small_persistent_staker,0.38518151,True,932,0.0,0.027856685,0,0,0,0,0.0,0.044172726
staker_00429,staker,small_persistent_staker,0.131015158,False,932,0.0,0.003382898,0,0,0,1,0.0,0.004210886
staker_00430,staker,small_persistent_staker,0.474022438,True,932,0.0,0.034281743,0,0,0,0,0.0,0.054361029
staker_00431,staker,staker_whale,4.248093732,True,932,0.0,0.917560755,1,0,0,0,0.0,0.487172604
staker_00432,staker,small_persistent_staker,0.746866577,True,936,0.0,0.044591096,0,0,0,0,0.0,0.07459596
staker_00433,staker,small_persistent_staker,1.722692772,True,938,0.0,0.072254169,0,0,0,0,0.0,0.140207867
staker_00434,staker,small_persistent_staker,0.683881093,True,938,0.0,0.367224681,1,0,0,0,0.0,0.055660249
staker_00435,staker,small_persistent_staker,0.747667873,False,945,0.0,-0.001572303,0,0,0,1,0.0,0.0
staker_00436,staker,small_persistent_staker,0.206053382,False,952,0.0,0.0094911,0,0,0,1,0.0,0.014227596
staker_00437,staker,small_persistent_staker,0.302977488,True,953,0.0,0.015992899,0,0,0,0,0.0,0.024658969
staker_00438,staker,small_persistent_staker,0.500623431,False,953,0.0,0.02675773,0,0,0,1,0.0,0.04071661
staker_00439,staker,small_persistent_staker,0.109417986,True,956,0.0,0.005038706,0,0,0,0,0.0,0.008010879
staker_00440,staker,small_persistent_staker,1.731037076,True,956,0.0,0.079714386,0,0,0,0,0.0,0.126735368
staker_00441,staker,small_persistent_staker,1.63545876,True,960,0.0,0.080011735,0,0,0,0,0.0,0.119737741
staker_00442,staker,small_persistent_staker,1.000711042,True,961,0.0,0.04447252,0,0,0,0,0.0,0.068780227
staker_00443,staker,small_persistent_staker,0.228972461,True,972,0.0,0.010004232,0,0,0,0,0.0,0.013929494
staker_00444,staker,small_persistent_staker,0.445111056,True,972,0.0,0.019447728,0,0,0,0,0.0,0.027078243
staker_00445,staker,small_persistent_staker,0.107491924,True,972,0.0,0.004696522,0,0,0,0,0.0,0.00653925
staker_00446,staker,small_persistent_staker,0.087781672,True,972,0.0,0.003835344,0,0,0,0,0.0,0.005340181
staker_00447,staker,small_persistent_staker,0.341648225,True,984,0.0,0.005727547,0,0,0,0,0.0,0.009159517
staker_00448,staker,small_persistent_staker,1.710593332,True,984,0.0,0.028677168,0,0,0,0,0.0,0.045860645
staker_00449,staker,small_persistent_staker,0.207980223,False,987,0.0,0.001643347,0,0,0,1,0.0,0.002465546
staker_00450,staker,small_persistent_staker,0.228934401,True,987,0.0,0.000692878,0,0,0,0,0.0,0.002727287
staker_00451,staker,small_persistent_staker,0.190776582,True,987,0.0,0.000577392,0,0,0,0,0.0,0.002272714
staker_00452,staker,small_persistent_staker,0.858432481,True,988,0.0,0.003092572,0,0,0,0,0.0,0.010226474
staker_00453,staker,small_persistent_staker,0.048378599,True,988,0.0,0.000174288,0,0,0,0,0.0,0.000576332
staker_00454,staker,small_persistent_staker,0.176466983,True,990,0.0,0.000884756,0,0,0,0,0.0,0.002102245
staker_00455,staker,staker_whale,9.23888556,True,990,0.0,0.046321197,0,0,0,0,0.0,0.110062499
staker_00456,staker,small_persistent_staker,0.234200192,False,992,0.0,0.002287757,0,0,0,1,0.0,0.002780267
