draw,phase,participant_id,archetype,amount,player_tvl_before_deposit,early_boost,second_draw_weight,entered_at_minute,withdrawn_at_minute,probability_if_player_side_wins,probability_side_and_wallet,profit_if_win,payout_multiple,ev,status,pnl,fee_paid
1,bootstrap,player_00004,persistent_player,0.132286589,0,1.5,0.198429884,0,,0.420502452,0.378452207,0.257686502,1.947941242,0.015299588,won,0.257686502,0.013562447
1,bootstrap,player_00002,persistent_player,0.08487315,0.132286589,1.222875587,0.103789303,10,,0.219944978,0.19795048,0.30272927,3.566843808,-0.008147065,lost,-0.08487315,0.0
1,countdown,player_00009,occasional_player,0.094091633,0.217159739,1.0,0.094091633,10,,0.199394172,0.179454755,0.293971711,3.124312984,-0.024451821,lost,-0.094091633,0.0
1,countdown,player_00008,persistent_player,0.075576759,0.311251372,1.0,0.075576759,10,,0.160158399,0.144142559,0.311560841,4.122442469,-0.019773755,lost,-0.075576759,0.0
2,bootstrap,player_00002,persistent_player,0.085472961,0,1.5,0.128209441,0,,0.064925445,0.058432901,1.671711153,19.55836247,0.017204404,lost,-0.085472961,0.0
2,bootstrap,player_00007,persistent_player,0.117512778,0.085472961,1.336761724,0.157086584,10,,0.142784442,0.128505997,1.522644534,6.28192064,-0.015568286,lost,-0.117512778,0.0
2,bootstrap,player_00006,persistent_player,0.583666451,0.202985739,1.11233305,0.649231484,20,,0.328771757,0.295894582,1.198427337,2.053274323,-0.056354555,won,1.198427337,0.063075123
2,countdown,player_00010,occasional_player,0.206041419,0.78665219,1.0,0.206041419,20,,0.104339671,0.093905704,1.557171118,7.557563548,-0.040465705,lost,-0.206041419,0.0
2,countdown,player_00007,persistent_player,0.124872413,0.992693609,1.0,0.124872413,20,,0.142784442,0.128505997,1.522644534,6.28192064,-0.015568286,lost,-0.124872413,0.0
2,countdown,player_00008,persistent_player,0.043133071,1.117566022,1.0,0.043133071,20,,0.021842649,0.019658384,1.711934048,39.689593354,-0.008631287,lost,-0.043133071,0.0
2,countdown,player_00011,opportunistic_player,0.448290789,1.160699093,1.0,0.448290789,20,,0.2270151,0.20431359,1.327034216,2.960208527,-0.085567763,lost,-0.448290789,0.0
2,countdown,player_00005,persistent_player,0.217852729,1.608989882,1.0,0.217852729,20,,0.110320935,0.099288842,1.545950373,7.09630942,-0.042726762,lost,-0.217852729,0.0
3,bootstrap,player_00001,persistent_player,0.111023508,0,1.5,0.166535262,0,,0.231586158,0.208427543,0.602403753,4.243932305,0.013198009,lost,-0.111023508,0.0
3,bootstrap,player_00012,opportunistic_player,0.136803185,0.111023508,1.287816158,0.176177352,10,,0.206629019,0.185966117,0.607288205,4.439137909,0.001572602,won,0.607288205,0.031962537
3,countdown,player_00003,persistent_player,0.061514017,0.247826693,1.0,0.061514017,10,,0.07214651,0.064931859,0.678812914,11.035093257,-0.013443213,lost,-0.061514017,0.0
3,countdown,player_00013,occasional_player,0.068304546,0.30934071,1.0,0.068304546,10,,0.080110759,0.072099683,0.672361912,9.843589498,-0.014902729,lost,-0.068304546,0.0
3,countdown,player_00014,player_whale,0.268998588,0.377645256,1.0,0.268998588,10,,0.315494096,0.283944687,0.481702572,1.79072528,-0.055840982,lost,-0.268998588,0.0
3,countdown,player_00009,occasional_player,0.080175406,0.646643844,1.0,0.080175406,10,,0.094033457,0.084630112,0.661084595,8.245478603,-0.017442489,lost,-0.080175406,0.0
3,countdown,player_00001,persistent_player,0.030921205,0.72681925,1.0,0.030921205,10,,0.231586158,0.208427543,0.602403753,4.243932305,0.013198009,lost,-0.030921205,0.0
4,bootstrap,player_00002,persistent_player,0.045478717,0,1.5,0.068218076,0,,0.076277989,0.06865019,0.622270836,13.68268229,0.000362417,lost,-0.045478717,0.0
4,bootstrap,player_00011,opportunistic_player,0.458560739,0.045478717,1.413021947,0.647956388,10,,0.724511938,0.652060745,0.229842915,0.501226763,-0.00967974,won,0.229842915,0.012096996
4,countdown,player_00013,occasional_player,0.100127931,0.504039456,1.0,0.100127931,10,,0.111957969,0.100762172,0.570354082,5.69625355,-0.032568707,lost,-0.100127931,0.0
4,countdown,player_00015,occasional_player,0.07803261,0.604167387,1.0,0.07803261,10,,0.087252103,0.078526893,0.591344637,7.578173245,-0.025468495,lost,-0.07803261,0.0
5,bootstrap,player_00004,persistent_player,0.445296176,0,1.5,0.667944264,0,,0.642073642,0.577866278,0.371184353,0.833567349,0.026520388,won,0.371184353,0.019536019
5,countdown,player_00003,persistent_player,0.044661274,0.445296176,1.0,0.044661274,0,,0.042931467,0.03863832,0.75178751,16.833095935,-0.013887831,lost,-0.044661274,0.0
5,countdown,player_00014,player_whale,0.212993823,0.48995745,1.0,0.212993823,0,,0.204744209,0.184269788,0.591871588,2.778820437,-0.064681445,lost,-0.212993823,0.0
5,countdown,player_00016,occasional_player,0.071742862,0.702951273,1.0,0.071742862,0,,0.068964138,0.062067725,0.726060001,10.120309965,-0.022225054,lost,-0.071742862,0.0
5,countdown,player_00002,persistent_player,0.042950074,0.774694135,1.0,0.042950074,0,,0.041286544,0.03715789,0.75341315,17.541603068,-0.013358897,lost,-0.042950074,0.0
6,bootstrap,player_00007,persistent_player,0.083492622,0,1.5,0.125238933,0,,0.104071399,0.09366426,0.982180331,11.763678126,0.016322846,lost,-0.083492622,0.0
6,bootstrap,player_00010,occasional_player,0.184979871,0.083492622,1.33530568,0.247004672,10,,0.205256635,0.184730971,0.885767445,4.788453143,0.01282032,lost,-0.184979871,0.0
6,countdown,player_00011,opportunistic_player,0.696421953,0.268472493,1.0,0.696421953,10,,0.578714666,0.520843199,0.399897467,0.574217204,-0.125411439,won,0.399897467,0.021047235
6,countdown,player_00017,occasional_player,0.134728781,0.964894446,1.0,0.134728781,10,,0.1119573,0.10076157,0.93350598,6.928779235,-0.027091769,lost,-0.134728781,0.0
7,bootstrap,player_00008,persistent_player,0.044128063,0,1.5,0.066192095,0,,0.13374109,0.120366981,0.673483431,7.692675928,0.00405448,lost,-0.044128063,0.0
7,bootstrap,player_00018,occasional_player,0.122827708,0.044128063,1.420620258,0.17449153,10,,0.197296112,0.177566501,0.639968331,5.210292864,0.012619315,lost,-0.122827708,0.0
7,bootstrap,player_00008,persistent_player,0.043420592,0.166955771,1.199671704,0.052090456,20,,0.13374109,0.120366981,0.673483431,7.692675928,0.00405448,lost,-0.043420592,0.0
7,bootstrap,player_00004,persistent_player,0.205611017,0.210376363,1.121564596,0.230606037,30,,0.260744315,0.234669883,0.561324187,2.730029719,-0.025634422,won,0.561324187,0.029543378
7,countdown,player_00003,persistent_player,0.052243882,0.41598738,1.0,0.052243882,30,,0.05907172,0.053164548,0.707022965,13.53312461,-0.011877803,lost,-0.052243882,0.0
7,countdown,player_00019,opportunistic_player,0.131646271,0.468231262,1.0,0.131646271,30,,0.148851336,0.133966203,0.631590696,4.797634531,-0.029398313,lost,-0.131646271,0.0
7,countdown,player_00005,persistent_player,0.177144168,0.599877533,1.0,0.177144168,30,,0.200295427,0.180265885,0.588367694,3.32140595,-0.039148495,lost,-0.177144168,0.0
8,bootstrap,player_00007,persistent_player,0.085380833,0,1.5,0.12807125,0,,0.247468384,0.222721545,0.30372542,3.557302141,0.001281513,lost,-0.085380833,0.0
8,bootstrap,player_00004,persistent_player,0.257538038,0.085380833,1.34630515,0.346724787,10,,0.669966309,0.602969678,0.140176075,0.544292705,-0.017728487,won,0.140176075,0.007377688
8,countdown,player_00020,occasional_player,0.042729669,0.342918871,1.0,0.042729669,10,,0.082565307,0.074308777,0.344244026,8.056323249,-0.013974127,lost,-0.042729669,0.0
9,bootstrap,player_00020,occasional_player,0.049619095,0,1.5,0.074428643,0,,0.223846593,0.201461934,0.200546543,4.041721104,0.000779758,lost,-0.049619095,0.0
9,bootstrap,player_00019,opportunistic_player,0.123920595,0.049619095,1.410617627,0.174804576,10,,0.525730515,0.473157463,0.129960118,1.048737044,-0.003795041,won,0.129960118,0.006840006
9,bootstrap,player_00021,occasional_player,0.070124534,0.17353969,1.187390725,0.083265221,20,,0.250422892,0.225380603,0.181066376,2.582068872,-0.013510975,lost,-0.070124534,0.0
10,bootstrap,player_00007,persistent_player,0.050023496,0,1.5,0.075035244,0,,0.088984559,0.080086103,0.668294803,13.359618106,0.007503818,lost,-0.050023496,0.0
10,bootstrap,player_00019,opportunistic_player,0.127389362,0.050023496,1.409833744,0.179597821,10,,0.212985686,0.191687118,0.59479723,4.669127947,0.011044504,lost,-0.127389362,0.0
10,bootstrap,player_00004,persistent_player,0.177256765,0.177412858,1.180217208,0.209201484,20,,0.248092774,0.223283497,0.547423197,3.088306375,-0.015447689,won,0.547423197,0.028811747
10,countdown,player_00022,occasional_player,0.031792596,0.354669623,1.0,0.031792596,20,,0.037702951,0.033932656,0.685614158,21.565214678,-0.007449079,lost,-0.031792596,0.0
10,countdown,player_00023,occasional_player,0.129624453,0.386462219,1.0,0.129624453,20,,0.153722094,0.138349884,0.592673894,4.57223834,-0.02969456,lost,-0.129624453,0.0
10,countdown,player_00024,occasional_player,0.159972843,0.516086672,1.0,0.159972843,20,,0.189712356,0.17074112,0.563842923,3.524616508,-0.036387728,lost,-0.159972843,0.0
10,countdown,player_00009,occasional_player,0.058014483,0.676059515,1.0,0.058014483,20,,0.068799579,0.061919621,0.660703365,11.388593522,-0.013511746,lost,-0.058014483,0.0
11,bootstrap,player_00015,occasional_player,0.048508234,0,1.5,0.072762351,0,,0.035471616,0.031924455,1.767061756,36.428078489,0.009452848,lost,-0.048508234,0.0
11,bootstrap,player_00005,persistent_player,0.044109326,0.048508234,1.413177575,0.06233431,10,,0.030387951,0.027349156,1.771240718,40.155696737,0.005538965,lost,-0.044109326,0.0
11,bootstrap,player_00006,persistent_player,0.358395939,0.09261756,1.334228532,0.478182088,20,,0.72317736,0.650859624,0.517671536,0.379620373,-0.139175808,won,0.517671536,0.02724587
11,countdown,player_00025,occasional_player,0.143722589,0.451013499,1.0,0.143722589,20,,0.070064703,0.063058233,1.676608118,11.665585277,-0.028935751,lost,-0.143722589,0.0
11,countdown,player_00009,occasional_player,0.043934288,0.594736088,1.0,0.043934288,20,,0.021417947,0.019276153,1.771407004,40.319465385,-0.008941492,lost,-0.043934288,0.0
11,countdown,player_00010,occasional_player,0.092225267,0.638670376,1.0,0.092225267,20,,0.04495978,0.040463802,1.725530574,18.709954769,-0.018671955,lost,-0.092225267,0.0
11,countdown,player_00026,opportunistic_player,0.152862983,0.730895643,1.0,0.152862983,20,,0.074520642,0.067068578,1.667924744,10.911240323,-0.03074534,lost,-0.152862983,0.0
11,countdown,player_00006,persistent_player,1.005259894,0.883758626,1.0,1.005259894,20,,0.72317736,0.650859624,0.517671536,0.379620373,-0.139175808,winner_wallet_merged,0.0,0.0
12,bootstrap,player_00001,persistent_player,0.061211827,0,1.5,0.091817741,0,,0.082014165,0.073812748,0.949158569,15.506130365,0.013366389,lost,-0.061211827,0.0
12,bootstrap,player_00009,occasional_player,0.035742583,0.061211827,1.390363313,0.049695176,10,,0.084247057,0.075822352,0.941393391,13.56754208,0.007253949,lost,-0.035742583,0.0
12,bootstrap,player_00009,occasional_player,0.033643116,0.09695441,1.326344666,0.044622367,20,,0.084247057,0.075822352,0.941393391,13.56754208,0.007253949,lost,-0.033643116,0.0
12,bootstrap,player_00020,occasional_player,0.087236046,0.130597526,1.26608638,0.11044837,30,,0.098655562,0.088790005,0.924435561,10.596944768,0.002590281,lost,-0.087236046,0.0
12,countdown,player_00014,player_whale,0.749758569,0.217833572,1.0,0.749758569,30,,0.669705245,0.60273472,0.295039164,0.393512227,-0.120022699,lost,-0.749758569,0.0
12,countdown,player_00027,occasional_player,0.015947999,0.967592141,1.0,0.015947999,30,,0.014245197,0.012820677,0.992159206,62.212143726,-0.003023382,lost,-0.015947999,0.0
12,countdown,player_00002,persistent_player,0.057244939,0.98354014,1.0,0.057244939,30,,0.051132775,0.046019497,0.952927113,16.646486651,-0.010757329,lost,-0.057244939,0.0
13,bootstrap,player_00028,occasional_player,0.12540393,0,1.5,0.188105895,0,,0.135246769,0.121722092,1.122317269,8.949617996,0.026471304,won,1.122317269,0.05906933
13,bootstrap,player_00021,occasional_player,0.100304925,0.12540393,1.283071999,0.128698441,10,,0.092533242,0.083279918,1.146161323,11.426770155,0.003500682,lost,-0.100304925,0.0
13,bootstrap,player_00010,occasional_player,0.120314705,0.225708855,1.109561115,0.133496518,20,,0.095983024,0.086384722,1.127152032,9.368364677,-0.012552638,lost,-0.120314705,0.0
13,countdown,player_00002,persistent_player,0.057279508,0.34602356,1.0,0.057279508,20,,0.041183549,0.037065194,1.18703547,20.723562597,-0.011158732,lost,-0.057279508,0.0
13,countdown,player_00019,opportunistic_player,0.227057854,0.403303068,1.0,0.227057854,20,,0.163252944,0.146927649,1.025746041,4.517553667,-0.042986323,lost,-0.227057854,0.0
13,countdown,player_00020,occasional_player,0.058969321,0.630360922,1.0,0.058969321,20,,0.042398512,0.038158661,1.185430147,20.102489347,-0.011484703,lost,-0.058969321,0.0
13,countdown,player_00006,persistent_player,0.597227132,0.689330243,1.0,0.597227132,20,,0.429401959,0.386461763,0.674085227,1.128691566,-0.105913516,lost,-0.597227132,0.0
14,bootstrap,player_00009,occasional_player,0.071839413,0,1.5,0.10775912,0,,0.114350164,0.102915147,0.747007057,10.398290106,0.012432292,lost,-0.071839413,0.0
14,bootstrap,player_00018,occasional_player,0.10003491,0.071839413,1.37564268,0.137612292,10,,0.146029293,0.131426364,0.720221335,7.199699938,0.007768386,lost,-0.10003491,0.0
14,bootstrap,player_00025,occasional_player,0.152708906,0.171874323,1.202477661,0.183629048,20,,0.194860646,0.175374581,0.670181039,4.388617905,-0.008394927,lost,-0.152708906,0.0
14,countdown,player_00002,persistent_player,0.042481219,0.324583229,1.0,0.042481219,20,,0.045079566,0.040571609,0.774897342,18.240939408,-0.009318855,lost,-0.042481219,0.0
14,countdown,player_00019,opportunistic_player,0.211125987,0.367064448,1.0,0.211125987,20,,0.224039424,0.201635482,0.614684812,2.911459744,-0.044613229,lost,-0.211125987,0.0
14,countdown,player_00029,occasional_player,0.081770374,0.578190435,1.0,0.081770374,20,,0.086771826,0.078094644,0.737572644,9.02004734,-0.017784073,won,0.737572644,0.038819613
14,countdown,player_00030,occasional_player,0.138174427,0.659960809,1.0,0.138174427,20,,0.146625811,0.13196323,0.683988794,4.950183684,-0.029679113,lost,-0.138174427,0.0
14,countdown,player_00020,occasional_player,0.039808405,0.798135236,1.0,0.039808405,20,,0.04224327,0.038018943,0.777436515,19.529456532,-0.008737617,lost,-0.039808405,0.0
15,bootstrap,player_00021,occasional_player,0.178033832,0,1.5,0.267050748,0,,0.321597002,0.289437302,0.501768878,2.818390598,0.01872643,won,0.501768878,0.026408888
15,bootstrap,player_00003,persistent_player,0.029990537,0.178033832,1.196352209,0.035879245,10,,0.043207734,0.03888696,0.642410008,21.420423665,-0.003842924,lost,-0.029990537,0.0
15,bootstrap,player_00031,player_whale,0.342925483,0.208024369,1.14520148,0.392718771,20,,0.472933255,0.42563993,0.34512181,1.006404676,-0.050065082,lost,-0.342925483,0.0
15,countdown,player_00015,occasional_player,0.034832187,0.550949852,1.0,0.034832187,20,,0.04194681,0.037752129,0.637810441,18.310950184,-0.009438496,lost,-0.034832187,0.0
15,countdown,player_00023,occasional_player,0.099908468,0.585782039,1.0,0.099908468,20,,0.120315199,0.108283679,0.575987974,5.765156703,-0.026719915,lost,-0.099908468,0.0
16,bootstrap,player_00027,occasional_player,0.036395594,0,1.5,0.054593391,0,,0.03974948,0.035774532,1.131684647,31.094001284,0.00539193,lost,-0.036395594,0.0
16,bootstrap,player_00026,opportunistic_player,0.044305221,0.036395594,1.448511869,0.064176638,10,,0.046727048,0.042054343,1.124170501,25.37331889,0.004834258,lost,-0.044305221,0.0
16,bootstrap,player_00006,persistent_player,0.34332204,0.080700815,1.385834143,0.475787405,20,,0.346421091,0.311778982,0.840104523,2.446986867,0.025645489,lost,-0.34332204,0.0
16,countdown,player_00004,persistent_player,0.310316256,0.424022855,1.0,0.310316256,20,,0.396174433,0.356556989,0.649346019,1.193386503,-0.118581648,won,0.649346019,0.034176106
16,countdown,player_00005,persistent_player,0.062040604,0.734339111,1.0,0.062040604,20,,0.0451718,0.04065462,1.107321887,17.8483415,-0.014500616,lost,-0.062040604,0.0
16,countdown,player_00008,persistent_player,0.036638619,0.796379715,1.0,0.036638619,20,,0.0266766,0.02400894,1.131453773,30.881452514,-0.008593959,lost,-0.036638619,0.0
16,countdown,player_00032,occasional_player,0.136079476,0.833018334,1.0,0.136079476,20,,0.099079547,0.089171592,1.036984959,7.620436154,-0.031475452,lost,-0.136079476,0.0
16,countdown,player_00004,persistent_player,0.233804209,0.96909781,1.0,0.233804209,20,,0.396174433,0.356556989,0.649346019,1.193386503,-0.118581648,winner_wallet_merged,0.0,0.0
17,bootstrap,player_00032,occasional_player,0.084067398,0,1.5,0.126101097,0,,0.270824345,0.243741911,0.275859615,3.281410176,0.0036619,lost,-0.084067398,0.0
17,bootstrap,player_00030,occasional_player,0.102500101,0.084067398,1.380988196,0.14155143,10,,0.30400666,0.273605994,0.258348547,2.52047115,-0.003769748,lost,-0.102500101,0.0
17,bootstrap,player_00002,persistent_player,0.019397186,0.186567499,1.235881744,0.023972628,20,,0.051485446,0.046336902,0.337296317,17.388930367,-0.002869114,won,0.337296317,0.017752438
17,bootstrap,player_00018,occasional_player,0.143984792,0.205964685,1.208421704,0.173994348,30,,0.373683548,0.336315193,0.218938091,1.520563998,-0.021928312,lost,-0.143984792,0.0
18,bootstrap,player_00021,occasional_player,0.089121183,0,1.5,0.133681775,0,,0.339424269,0.305481842,0.20884965,2.34343444,0.001903496,lost,-0.089121183,0.0
18,bootstrap,player_00030,occasional_player,0.105196617,0.089121183,1.373746131,0.144513446,10,,0.366926388,0.330233749,0.193577987,1.840154112,-0.006531159,won,0.193577987,0.010188315
18,bootstrap,player_00023,occasional_player,0.094432592,0.1943178,1.224718936,0.115653384,20,,0.293649343,0.264284408,0.203803811,2.158193551,-0.015613361,lost,-0.094432592,0.0
19,bootstrap,player_00006,persistent_player,0.284153362,0,1.5,0.426230043,0,,0.138463833,0.12461745,2.535480768,8.922930736,0.067222252,won,2.535480768,0.133446356
19,bootstrap,player_00013,occasional_player,0.080350493,0.284153362,1.097222375,0.088162359,10,,0.028640164,0.025776147,2.729093493,33.964863079,-0.007933851,lost,-0.080350493,0.0
19,countdown,player_00001,persistent_player,0.048016585,0.364503855,1.0,0.048016585,10,,0.015598526,0.014038673,2.759810706,57.476197144,-0.008598415,lost,-0.048016585,0.0
19,countdown,player_00033,occasional_player,0.138206517,0.41252044,1.0,0.138206517,10,,0.044897361,0.040407625,2.67413027,19.348800102,-0.024566667,lost,-0.138206517,0.0
19,countdown,player_00034,occasional_player,0.2263469,0.550726957,1.0,0.2263469,10,,0.073530385,0.066177347,2.590396906,11.444366618,-0.039942268,lost,-0.2263469,0.0
19,countdown,player_00035,opportunistic_player,2.151314672,0.777073857,1.0,2.151314672,10,,0.698869731,0.628982758,0.761677523,0.354052121,-0.319092807,lost,-2.151314672,0.0
20,bootstrap,player_00036,occasional_player,0.027412641,0,1.5,0.041118962,0,,0.034293624,0.030864262,1.031860938,37.641792263,0.005281056,lost,-0.027412641,0.0
20,bootstrap,player_00030,occasional_player,0.167991886,0.027412641,1.461116305,0.245455684,10,,0.204712486,0.184241238,0.898310655,5.347345497,0.028465014,lost,-0.167991886,0.0
20,bootstrap,player_00016,occasional_player,0.054439327,0.195404527,1.222826777,0.066569867,20,,0.100261158,0.090235042,0.961699456,9.496687385,-0.005350026,lost,-0.054439327,0.0
20,bootstrap,player_00016,occasional_player,0.046827506,0.249843854,1.145606848,0.053645912,30,,0.100261158,0.090235042,0.961699456,9.496687385,-0.005350026,lost,-0.046827506,0.0
20,countdown,player_00022,occasional_player,0.016728215,0.29667136,1.0,0.016728215,30,,0.013951498,0.012556348,1.042011143,62.290635469,-0.003434315,lost,-0.016728215,0.0
20,countdown,player_00037,occasional_player,0.02151092,0.313399575,1.0,0.02151092,30,,0.017940322,0.016146289,1.037467573,48.229809458,-0.004412347,lost,-0.02151092,0.0
20,countdown,player_00011,opportunistic_player,0.753996882,0.334910495,1.0,0.753996882,30,,0.628840913,0.565956821,0.341605909,0.453060108,-0.133933009,won,0.341605909,0.017979258
21,bootstrap,player_00014,player_whale,0.54990009,0,1.5,0.824850135,0,,0.345199068,0.310679162,1.510617102,2.747075567,0.090259664,lost,-0.54990009,0.0
21,countdown,player_00036,occasional_player,0.030451428,0.54990009,1.0,0.030451428,0,,0.012743896,0.011469507,2.004093331,65.812786531,-0.007116203,lost,-0.030451428,0.0
21,countdown,player_00004,persistent_player,0.755024681,0.580351518,1.0,0.755024681,0,,0.315977176,0.284379459,1.31574874,1.742656596,-0.166139256,lost,-0.755024681,0.0
21,countdown,player_00019,opportunistic_player,0.081614125,1.335376199,1.0,0.081614125,0,,0.034155441,0.030739897,1.955488768,23.960175624,-0.018993793,lost,-0.081614125,0.0
21,countdown,player_00038,occasional_player,0.474737024,1.416990324,1.0,0.474737024,0,,0.198677034,0.178809331,1.582022014,3.3324176,-0.106969317,won,1.582022014,0.083264317
21,countdown,player_00039,occasional_player,0.222813803,1.891727348,1.0,0.222813803,0,,0.093247384,0.083922646,1.821349074,8.174309894,-0.051262246,lost,-0.222813803,0.0
22,bootstrap,player_00030,occasional_player,0.184497224,0,1.5,0.276745836,0,,0.43574411,0.392169699,0.332531045,1.802363408,0.018265597,won,0.332531045,0.017501634
22,bootstrap,player_00001,persistent_player,0.067017631,0.184497224,1.246414156,0.083531724,10,,0.131523051,0.118370746,0.444136659,6.627161421,-0.006511916,lost,-0.067017631,0.0
22,bootstrap,player_00028,occasional_player,0.112006563,0.251514855,1.154300452,0.129289226,20,,0.203569526,0.183212574,0.401397173,3.583693335,-0.017944543,lost,-0.112006563,0.0
22,countdown,player_00010,occasional_player,0.064791538,0.363521418,1.0,0.064791538,20,,0.102016101,0.091814491,0.446251447,6.887495819,-0.017870387,lost,-0.064791538,0.0
22,countdown,player_00040,occasional_player,0.080752581,0.428312956,1.0,0.080752581,20,,0.127147212,0.114432491,0.431088456,5.338386103,-0.022181336,lost,-0.080752581,0.0
23,bootstrap,player_00024,occasional_player,0.255903157,0,1.5,0.383854735,0,,0.309790031,0.278811028,0.81211524,3.173525678,0.04187215,lost,-0.255903157,0.0
23,bootstrap,player_00023,occasional_player,0.047590052,0.255903157,1.14802248,0.05463445,10,,0.044092742,0.039683468,1.01001269,21.223189453,-0.005620707,lost,-0.047590052,0.0
23,bootstrap,player_00033,occasional_player,0.227329559,0.303493209,1.082565575,0.246099155,20,,0.198614366,0.178752929,0.839260158,3.69182152,-0.036673523,lost,-0.227329559,0.0
23,countdown,player_00011,opportunistic_player,0.473897526,0.530822768,1.0,0.473897526,20,,0.382459081,0.344213173,0.605020589,1.276690753,-0.102519698,won,0.605020589,0.031843189
23,countdown,player_00041,occasional_player,0.039522692,1.004720294,1.0,0.039522692,20,,0.06504378,0.058539402,0.978658494,12.142998219,-0.018586434,lost,-0.039522692,0.0
23,countdown,player_00041,occasional_player,0.041071777,1.044242986,1.0,0.041071777,20,,0.06504378,0.058539402,0.978658494,12.142998219,-0.018586434,lost,-0.041071777,0.0
24,bootstrap,player_00009,occasional_player,0.058933703,0,1.5,0.088400554,0,,0.079227642,0.071304878,0.892065853,15.136769081,0.008877204,lost,-0.058933703,0.0
24,bootstrap,player_00038,occasional_player,0.2716387,0.058933703,1.41874831,0.385386946,10,,0.345397144,0.31085743,0.689996106,2.54012446,0.027292624,lost,-0.2716387,0.0
24,countdown,player_00021,occasional_player,0.159370302,0.330572403,1.0,0.159370302,10,,0.142833191,0.128549872,0.796651084,4.99874239,-0.036473875,lost,-0.159370302,0.0
24,countdown,player_00020,occasional_player,0.016150105,0.489942705,1.0,0.016150105,10,,0.014474284,0.013026856,0.932710271,57.752582506,-0.003789438,lost,-0.016150105,0.0
24,countdown,player_00042,occasional_player,0.038109344,0.50609281,1.0,0.038109344,10,,0.034154916,0.030739424,0.911848994,23.927176349,-0.008908172,lost,-0.038109344,0.0
24,countdown,player_00001,persistent_player,0.062505816,0.544202154,1.0,0.062505816,10,,0.05601988,0.050417892,0.888672346,14.217434519,-0.014549418,lost,-0.062505816,0.0
24,countdown,player_00043,player_whale,0.365856123,0.60670797,1.0,0.365856123,10,,0.327892944,0.295103649,0.600489554,1.641327059,-0.080683987,won,0.600489554,0.031604713
25,bootstrap,player_00015,occasional_player,0.034816207,0,1.5,0.052224311,0,,0.026223686,0.023601318,1.586553332,45.569390475,0.003450251,lost,-0.034816207,0.0
25,bootstrap,player_00044,player_whale,0.103949609,0.034816207,1.453624276,0.151103675,10,,0.075874537,0.068287083,1.5208766,14.630902553,0.007005033,lost,-0.103949609,0.0
25,bootstrap,player_00023,occasional_player,0.053416741,0.138765816,1.315161797,0.070251657,20,,0.035275859,0.031748273,1.568882824,29.370620426,-0.001911531,lost,-0.053416741,0.0
25,bootstrap,player_00011,opportunistic_player,0.948733806,0.192182557,1.244009875,1.180234224,30,,0.592637636,0.533373873,0.718331613,0.757147693,-0.059564668,won,0.718331613,0.037806927
25,countdown,player_00001,persistent_player,0.048608311,1.140916363,1.0,0.048608311,30,,0.024407964,0.021967168,1.573450833,32.369996004,-0.012976266,lost,-0.048608311,0.0
25,countdown,player_00045,opportunistic_player,0.10981819,1.189524674,1.0,0.10981819,30,,0.055143624,0.049629262,1.515301448,13.798273745,-0.029164702,lost,-0.10981819,0.0
25,countdown,player_00046,occasional_player,0.320329444,1.299342864,1.0,0.320329444,30,,0.160848822,0.14476394,1.315315756,4.106134422,-0.083547001,lost,-0.320329444,0.0
25,countdown,player_00047,occasional_player,0.058924065,1.619672308,1.0,0.058924065,30,,0.029587872,0.026629084,1.563650867,26.536710706,-0.01571638,lost,-0.058924065,0.0
26,bootstrap,player_00010,occasional_player,0.109928276,0,1.5,0.164892414,0,,0.227294801,0.204565321,0.502745139,4.573392374,0.015403458,lost,-0.109928276,0.0
26,bootstrap,player_00048,occasional_player,0.088270843,0.109928276,1.357059489,0.119788785,10,,0.165122017,0.148609816,0.5233197,5.92856806,0.002617515,lost,-0.088270843,0.0
26,bootstrap,player_00047,occasional_player,0.039849493,0.198199119,1.24228029,0.04950424,20,,0.068238775,0.061414898,0.569319983,14.286755994,-0.002437412,lost,-0.039849493,0.0
26,bootstrap,player_00005,persistent_player,0.037669897,0.238048612,1.190463714,0.044844645,30,,0.061815789,0.05563421,0.571390599,15.16836107,-0.003785297,lost,-0.037669897,0.0
26,bootstrap,player_00040,occasional_player,0.070169145,0.275718509,1.141481281,0.080096766,40,,0.11040883,0.099367947,0.540516314,7.703048306,-0.009486585,lost,-0.070169145,0.0
26,countdown,player_00049,opportunistic_player,0.227148671,0.345887654,1.0,0.227148671,40,,0.313111505,0.281800355,0.391385764,1.723037877,-0.052845448,won,0.391385764,0.020599251
26,countdown,player_00016,occasional_player,0.039180641,0.573036325,1.0,0.039180641,40,,0.054008282,0.048607454,0.569955392,14.546862374,-0.009572089,lost,-0.039180641,0.0
27,bootstrap,player_00043,player_whale,0.579124789,0,1.5,0.868687183,0,,0.430068302,0.387061471,1.119187976,1.93255063,0.078226649,lost,-0.579124789,0.0
27,countdown,player_00049,opportunistic_player,0.222942147,0.579124789,1.0,0.222942147,0,,0.110373852,0.099336467,1.457561485,6.537846276,-0.056006854,won,1.457561485,0.076713762
27,countdown,player_00050,occasional_player,0.261940509,0.802066936,1.0,0.261940509,0,,0.1296811,0.11671299,1.420513042,5.423036883,-0.065576324,lost,-0.261940509,0.0
27,countdown,player_00051,occasional_player,0.666312072,1.064007445,1.0,0.666312072,0,,0.329876746,0.296889071,1.036360057,1.555367373,-0.160807325,lost,-0.666312072,0.0
28,bootstrap,player_00052,occasional_player,0.187184715,0,1.5,0.280777073,0,,0.116011759,0.104410583,2.01651115,10.772840879,0.042904454,lost,-0.187184715,0.0
28,bootstrap,player_00025,occasional_player,0.035507337,0.187184715,1.255015629,0.044562263,10,,0.018412281,0.016571053,2.160604659,60.849526925,0.000884552,lost,-0.035507337,0.0
28,bootstrap,player_00043,player_whale,0.165498447,0.222692052,1.208544192,0.200012187,20,,0.08264124,0.074377116,2.037113104,12.308956013,-0.001674552,lost,-0.165498447,0.0
28,countdown,player_00017,occasional_player,0.039982344,0.388190499,1.0,0.039982344,20,,0.016519946,0.014867951,2.156353402,53.932640922,-0.007327331,lost,-0.039982344,0.0
28,countdown,player_00044,player_whale,1.644598098,0.428172843,1.0,1.644598098,20,,0.679516727,0.611565054,0.631968436,0.384269225,-0.252329563,won,0.631968436,0.033261497
28,countdown,player_00027,occasional_player,0.023150595,2.072770941,1.0,0.023150595,20,,0.009565387,0.008608848,2.172343564,93.835323183,-0.00424992,lost,-0.023150595,0.0
28,countdown,player_00053,opportunistic_player,0.187164115,2.095921536,1.0,0.187164115,20,,0.077332661,0.069599395,2.01653072,10.77413114,-0.033788288,lost,-0.187164115,0.0
29,bootstrap,player_00006,persistent_player,1.706447205,0,1.5,2.559670807,0,,0.941227775,0.847104997,0.177227101,0.103857359,-0.110777287,won,0.177227101,0.009327742
29,countdown,player_00054,occasional_player,0.159831183,1.706447205,1.0,0.159831183,0,,0.058772225,0.052895003,1.646512322,10.301571262,-0.064284639,lost,-0.159831183,0.0
30,bootstrap,player_00016,occasional_player,0.058707868,0,1.5,0.088061802,0,,0.127781073,0.115002966,1.087566058,8.535506532,0.012309923,lost,-0.058707868,0.0
30,bootstrap,player_00009,occasional_player,0.049446726,0.058707868,1.422485558,0.070337254,10,,0.051338997,0.046205098,1.161637531,23.492708728,0.00651154,lost,-0.049446726,0.0
30,bootstrap,player_00033,occasional_player,0.0688526,0.108154594,1.357198987,0.093446679,20,,0.068206512,0.061385861,1.143201951,16.603613388,0.005550412,lost,-0.0688526,0.0
30,bootstrap,player_00016,occasional_player,0.06870883,0.177007194,1.266290033,0.087005307,30,,0.127781073,0.115002966,1.087566058,8.535506532,0.012309923,lost,-0.06870883,0.0
30,bootstrap,player_00048,occasional_player,0.177736049,0.245716024,1.175570905,0.208941328,40,,0.152505787,0.137255208,1.039762675,5.850038191,-0.010628008,lost,-0.177736049,0.0
30,countdown,player_00055,occasional_player,0.085845016,0.423452073,1.0,0.085845016,40,,0.062658076,0.056392269,1.127059156,13.128999312,-0.017446598,lost,-0.085845016,0.0
30,countdown,player_00046,occasional_player,0.506057095,0.509297089,1.0,0.506057095,40,,0.36936989,0.332432901,0.727857681,1.438291624,-0.095863226,won,0.727857681,0.038308299
30,countdown,player_00056,occasional_player,0.2303606,1.015354184,1.0,0.2303606,40,,0.168139663,0.151325697,0.989769351,4.29660867,-0.045723585,lost,-0.2303606,0.0
31,bootstrap,player_00050,occasional_player,0.07552799,0,1.5,0.113291985,0,,0.256877302,0.231189572,0.895849557,2.806180038,-0.038325238,won,0.895849557,0.047149977
31,bootstrap,player_00026,opportunistic_player,0.059067327,0.07552799,1.396479103,0.082486288,10,,0.059351596,0.053416437,1.143015167,19.351056251,0.005143636,lost,-0.059067327,0.0
31,bootstrap,player_00057,occasional_player,0.129562383,0.134595317,1.315519677,0.170441864,20,,0.122638525,0.110374672,1.076044864,8.30522594,0.003506122,lost,-0.129562383,0.0
31,bootstrap,player_00012,opportunistic_player,0.369896462,0.2641577,1.137937643,0.420919108,30,,0.302865137,0.272578623,0.847727489,2.291796695,-0.037998202,lost,-0.369896462,0.0
31,countdown,player_00050,occasional_player,0.243713664,0.634054162,1.0,0.243713664,30,,0.256877302,0.231189572,0.895849557,2.806180038,-0.038325238,winner_wallet_merged,0.0,0.0
31,countdown,player_00058,occasional_player,0.034503313,0.877767826,1.0,0.034503313,30,,0.024826268,0.022343641,1.166350981,33.804028636,-0.007671855,lost,-0.034503313,0.0
31,countdown,player_00059,occasional_player,0.324434338,0.912271139,1.0,0.324434338,30,,0.233441173,0.210097055,0.890916507,2.746061075,-0.069092704,lost,-0.324434338,0.0
32,bootstrap,player_00048,occasional_player,0.165937089,0,1.5,0.248905634,0,,0.154558932,0.139103039,1.143269635,6.88977758,0.016177545,lost,-0.165937089,0.0
32,bootstrap,player_00037,occasional_player,0.037697859,0.165937089,1.295392716,0.048833532,10,,0.030323374,0.027291036,1.265096904,33.558852877,-0.00214324,lost,-0.037697859,0.0
32,bootstrap,player_00060,player_whale,0.704381928,0.203634948,1.248909699,0.879709422,20,,0.546259025,0.491633123,0.631747038,0.896881384,-0.047496672,lost,-0.704381928,0.0
32,countdown,player_00049,opportunistic_player,0.432976835,0.908016876,1.0,0.432976835,20,,0.268858669,0.241972802,0.889581877,2.054571526,-0.112953598,won,0.889581877,0.046820099
33,bootstrap,player_00031,player_whale,0.541305887,0,1.5,0.811958831,0,,0.189414305,0.170472875,3.327852974,6.147823355,0.118280747,lost,-0.541305887,0.0
33,countdown,player_00008,persistent_player,0.031693549,0.541305887,1.0,0.031693549,0,,0.007393493,0.006654143,3.811984695,120.276359564,-0.006117163,lost,-0.031693549,0.0
33,countdown,player_00046,occasional_player,0.494072996,0.572999436,1.0,0.494072996,0,,0.115257683,0.103731914,3.372724221,6.826368266,-0.092962718,lost,-0.494072996,0.0
33,countdown,player_00006,persistent_player,1.502066223,1.067072432,1.0,1.502066223,0,,0.63408553,0.570676977,1.259876888,0.463509919,-0.447969973,won,1.259876888,0.06630931
33,countdown,player_00061,occasional_player,0.230833478,2.569138655,1.0,0.230833478,0,,0.05384899,0.048464091,3.622801763,15.694438234,-0.044070549,lost,-0.230833478,0.0
33,countdown,player_00006,persistent_player,1.216056597,2.799972133,1.0,1.216056597,0,,0.63408553,0.570676977,1.259876888,0.463509919,-0.447969973,winner_wallet_merged,0.0,0.0
34,bootstrap,player_00035,opportunistic_player,2.089497864,0,1.5,3.134246796,0,,0.831176998,0.748059298,0.631623956,0.302285045,-0.053937386,won,0.631623956,0.033243366
34,countdown,player_00062,opportunistic_player,0.63660683,2.089497864,1.0,0.63660683,0,,0.168823002,0.151940702,2.011870438,3.160302942,-0.234195335,lost,-0.63660683,0.0
35,bootstrap,player_00057,occasional_player,0.216374967,0,1.5,0.32456245,0,,1.0,0.9,0.0272946,0.06322961,-0.018602294,won,0.0272946,0.001436558
35,bootstrap,player_00057,occasional_player,0.215299381,0.216374967,1.236414253,0.266199223,10,,1.0,0.9,0.0272946,0.06322961,-0.018602294,winner_wallet_merged,0.0,0.0
36,bootstrap,player_00025,occasional_player,0.048264698,0,1.5,0.072397047,0,,0.04814377,0.043329393,1.149795384,23.822699232,0.003646519,lost,-0.048264698,0.0
36,bootstrap,player_00004,persistent_player,0.566338352,0.048264698,1.440265824,0.815677773,10,,0.542422724,0.488180452,0.657625413,1.161188202,0.031176832,won,0.657625413,0.034611864
36,countdown,player_00063,occasional_player,0.304471646,0.61460305,1.0,0.304471646,10,,0.202472527,0.182225274,0.906398783,2.976956296,-0.08382045,lost,-0.304471646,0.0
36,countdown,player_00064,occasional_player,0.185135429,0.919074696,1.0,0.185135429,10,,0.123114381,0.110802942,1.01976819,5.508228193,-0.051628563,lost,-0.185135429,0.0
36,countdown,player_00019,opportunistic_player,0.126085806,1.104210125,1.0,0.126085806,10,,0.083846598,0.075461938,1.075865331,8.532802902,-0.035384243,lost,-0.126085806,0.0
37,bootstrap,player_00017,occasional_player,0.092706387,0,1.5,0.139059581,0,,0.10491376,0.094422384,1.086954329,11.724697341,0.01867999,lost,-0.092706387,0.0
37,bootstrap,player_00028,occasional_player,0.118221385,0.092706387,1.385182773,0.163758226,10,,0.123547699,0.111192929,1.062715081,8.989194984,0.0130904,lost,-0.118221385,0.0
37,bootstrap,player_00043,player_whale,0.087669968,0.210927772,1.238765121,0.108602498,20,,0.081935357,0.073741822,1.091738927,12.452826802,-0.000698208,won,1.091738927,0.057459944
37,bootstrap,player_00002,persistent_player,0.030987355,0.29859774,1.130185519,0.03502146,30,,0.026422006,0.023779805,1.14558741,36.96951255,-0.003008636,lost,-0.030987355,0.0
37,countdown,player_00049,opportunistic_player,0.54371952,0.329585095,1.0,0.54371952,30,,0.410210206,0.369189186,0.658491853,1.211087387,-0.099876082,lost,-0.54371952,0.0
37,countdown,player_00065,occasional_player,0.050250506,0.873304615,1.0,0.050250506,30,,0.121654189,0.10948877,1.021839376,6.337049567,-0.031713613,lost,-0.050250506,0.0
37,countdown,player_00065,occasional_player,0.110997937,0.923555121,1.0,0.110997937,30,,0.121654189,0.10948877,1.021839376,6.337049567,-0.031713613,lost,-0.110997937,0.0
37,countdown,player_00066,opportunistic_player,0.145426681,1.034553058,1.0,0.145426681,30,,0.109717431,0.098745688,1.03687005,7.129847444,-0.028679977,lost,-0.145426681,0.0
37,countdown,player_00042,occasional_player,0.028629198,1.179979739,1.0,0.028629198,30,,0.021599352,0.019439417,1.147827659,40.092903011,-0.005759563,lost,-0.028629198,0.0
38,bootstrap,player_00064,occasional_player,0.124363035,0,1.5,0.186544552,0,,0.06183785,0.055654065,2.134274444,17.161646498,0.001339321,lost,-0.124363035,0.0
38,bootstrap,player_00044,player_whale,1.753052753,0.124363035,1.349341875,2.365467489,10,,0.784131305,0.705718174,0.587019212,0.334855418,-0.101621438,won,0.587019212,0.030895748
38,countdown,player_00054,occasional_player,0.195882879,1.877415788,1.0,0.195882879,10,,0.064933422,0.058440079,2.066330592,10.548806526,-0.063678944,lost,-0.195882879,0.0
38,countdown,player_00067,player_whale,0.268777765,2.073298667,1.0,0.268777765,10,,0.089097424,0.080187682,1.997080451,7.430229397,-0.087083848,lost,-0.268777765,0.0
39,bootstrap,player_00043,player_whale,0.196809627,0,1.5,0.295214441,0,,0.203130892,0.182817803,1.024655932,5.206330337,0.026496023,won,1.024655932,0.05392926
39,bootstrap,player_00031,player_whale,0.414645752,0.196809627,1.261410297,0.523038421,10,,0.359891815,0.323902634,0.817711613,1.972072809,-0.015481956,lost,-0.414645752,0.0
39,countdown,player_00036,occasional_player,0.020963965,0.611455379,1.0,0.020963965,10,,0.014424867,0.01298238,1.19170931,56.845606759,-0.00522058,lost,-0.020963965,0.0
39,countdown,player_00068,player_whale,0.600365182,0.632419344,1.0,0.600365182,10,,0.413098745,0.371788871,0.641278154,1.068146811,-0.138736008,lost,-0.600365182,0.0
39,countdown,player_00020,occasional_player,0.013739235,1.232784526,1.0,0.013739235,10,,0.009453681,0.008508313,1.198572804,87.23723002,-0.003424505,lost,-0.013739235,0.0
40,bootstrap,player_00011,opportunistic_player,0.116909893,0,1.5,0.17536484,0,,0.123770237,0.111393213,1.06524634,9.111686892,0.014774289,lost,-0.116909893,0.0
40,bootstrap,player_00008,persistent_player,0.028979973,0.116909893,1.358172407,0.0393598,10,,0.027779638,0.025001674,1.148779764,39.640470458,0.000465992,lost,-0.028979973,0.0
40,bootstrap,player_00032,occasional_player,0.070155283,0.145889866,1.32301576,0.092816545,20,,0.065508718,0.058957846,1.109663219,15.817243857,-0.000595726,lost,-0.070155283,0.0
40,bootstrap,player_00067,player_whale,0.487545447,0.216045149,1.237907864,0.603536343,30,,0.425968149,0.383371334,0.713142563,1.462720179,-0.027236083,won,0.713142563,0.037533819
40,countdown,player_00015,occasional_player,0.022185212,0.703590596,1.0,0.022185212,30,,0.015658036,0.014092232,1.155234787,52.07228971,-0.005592736,lost,-0.022185212,0.0
40,countdown,player_00069,occasional_player,0.061797308,0.725775808,1.0,0.061797308,30,,0.043615741,0.039254167,1.117603295,18.084983497,-0.01550092,lost,-0.061797308,0.0
40,countdown,player_00070,opportunistic_player,0.421797866,0.787573116,1.0,0.421797866,30,,0.297699481,0.267929533,0.775602765,1.838802013,-0.100978874,lost,-0.421797866,0.0
41,bootstrap,player_00006,persistent_player,1.763395301,0,1.5,2.645092952,0,,0.912684815,0.821416333,0.267788586,0.151859646,-0.094947681,won,0.267788586,0.014094136
41,countdown,player_00071,occasional_player,0.029527512,1.763395301,1.0,0.029527512,0,,0.010188418,0.009169576,1.914962985,64.853516452,-0.011697359,lost,-0.029527512,0.0
41,countdown,player_00019,opportunistic_player,0.127538125,1.792922813,1.0,0.127538125,0,,0.044006813,0.039606131,1.821852903,14.284770949,-0.050330288,lost,-0.127538125,0.0
41,countdown,player_00023,occasional_player,0.027514562,1.920460938,1.0,0.027514562,0,,0.009493853,0.008544467,1.916875288,69.66766499,-0.010900786,lost,-0.027514562,0.0
41,countdown,player_00016,occasional_player,0.047878014,1.9479755,1.0,0.047878014,0,,0.016520227,0.014868204,1.897530008,39.632596464,-0.01895329,lost,-0.047878014,0.0
41,countdown,player_00008,persistent_player,0.020593857,1.995853514,1.0,0.020593857,0,,0.007105875,0.006395288,1.923449958,93.399209168,-0.008161137,lost,-0.020593857,0.0
42,bootstrap,player_00037,occasional_player,0.024702975,0,1.5,0.037054462,0,,0.061036415,0.054932774,0.438911439,17.767553879,0.000764651,lost,-0.024702975,0.0
42,bootstrap,player_00064,occasional_player,0.24907287,0.024702975,1.469989934,0.366134612,10,,0.603099952,0.542789957,0.225760039,0.906401564,0.008661664,lost,-0.24907287,0.0
42,bootstrap,player_00057,occasional_player,0.118095313,0.273775845,1.167407215,0.13786532,20,,0.227092892,0.204383603,0.350188718,2.965305814,-0.022385736,lost,-0.118095313,0.0
42,countdown,player_00003,persistent_player,0.066033388,0.391871158,1.0,0.066033388,20,,0.108770741,0.097893667,0.399647547,6.052204181,-0.020446174,won,0.399647547,0.021034081
43,bootstrap,player_00049,opportunistic_player,0.30441007,0,1.5,0.456615105,0,,0.495388659,0.445849793,0.664696767,1.280106724,0.008611837,won,0.664696767,0.03498404
43,bootstrap,player_00013,occasional_player,0.1018313,0.30441007,1.123427668,0.1144001,10,,0.08440241,0.075962169,1.061245534,10.421604499,-0.013481461,lost,-0.1018313,0.0
43,countdown,player_00027,occasional_player,0.010525496,0.40624137,1.0,0.010525496,10,,0.007765528,0.006988976,1.147986048,109.067168715,-0.002428687,lost,-0.010525496,0.0
43,countdown,player_00049,opportunistic_player,0.214840985,0.416766866,1.0,0.214840985,10,,0.495388659,0.445849793,0.664696767,1.280106724,0.008611837,winner_wallet_merged,0.0,0.0
43,countdown,player_00046,occasional_player,0.456500369,0.631607851,1.0,0.456500369,10,,0.336798056,0.30311825,0.724309919,1.586657904,-0.098575221,lost,-0.456500369,0.0
43,countdown,player_00055,occasional_player,0.029561127,1.08810822,1.0,0.029561127,10,,0.021809687,0.019628718,1.129902199,38.222568395,-0.006802348,lost,-0.029561127,0.0
43,countdown,player_00072,opportunistic_player,0.072969538,1.117669347,1.0,0.072969538,10,,0.05383566,0.048452094,1.088664208,14.919434027,-0.016685951,lost,-0.072969538,0.0
44,bootstrap,player_00002,persistent_player,0.090315021,0,1.5,0.135472531,0,,0.082188341,0.073969507,1.396621861,15.463893446,0.019672966,lost,-0.090315021,0.0
44,bootstrap,player_00027,occasional_player,0.02334891,0.090315021,1.384793679,0.032333423,10,,0.019616009,0.017654408,1.460239667,62.539950121,0.002842968,lost,-0.02334891,0.0
44,bootstrap,player_00034,occasional_player,0.069003175,0.113663931,1.355009686,0.09349997,20,,0.056724469,0.051052022,1.416868115,20.533375675,0.006853559,lost,-0.069003175,0.0
44,bootstrap,player_00064,occasional_player,0.137361383,0.182667106,1.266988869,0.174035343,30,,0.105583589,0.09502523,1.351927817,9.842124387,0.004158666,lost,-0.137361383,0.0
44,countdown,player_00046,occasional_player,0.140671234,0.320028489,1.0,0.140671234,30,,0.085342285,0.076808056,1.348783459,9.588196681,-0.026269114,lost,-0.140671234,0.0
44,countdown,player_00022,occasional_player,0.026977253,0.460699723,1.0,0.026977253,30,,0.016366533,0.01472988,1.456792741,54.000781359,-0.005121499,lost,-0.026977253,0.0
44,countdown,player_00068,player_whale,0.548205977,0.487676976,1.0,0.548205977,30,,0.332585058,0.299326552,0.961625453,1.754131647,-0.096273341,lost,-0.548205977,0.0
44,countdown,player_00073,player_whale,0.497122389,1.035882953,1.0,0.497122389,30,,0.301593717,0.271434346,1.010154862,2.03200436,-0.087995575,lost,-0.497122389,0.0
45,bootstrap,player_00047,occasional_player,0.035703064,0,1.5,0.053554596,0,,0.052851662,0.047566496,0.828375878,23.201814772,0.005398144,lost,-0.035703064,0.0
45,bootstrap,player_00042,occasional_player,0.013573674,0.035703064,1.45824204,0.019793702,10,,0.019533899,0.017580509,0.849398798,62.576926351,0.001597821,lost,-0.013573674,0.0
45,bootstrap,player_00021,occasional_player,0.239710048,0.049276738,1.442366402,0.345749719,20,,0.341211564,0.307090407,0.634569243,2.647236727,0.028772735,lost,-0.239710048,0.0
45,bootstrap,player_00002,persistent_player,0.033556156,0.288986786,1.162003839,0.038992382,30,,0.038480586,0.034632527,0.83041544,24.747037185,-0.003634636,lost,-0.033556156,0.0
45,countdown,player_00074,opportunistic_player,0.39630211,0.322542942,1.0,0.39630211,30,,0.391100427,0.351990384,0.485806784,1.225849603,-0.085808262,won,0.485806784,0.025568778
45,countdown,player_00052,occasional_player,0.158907613,0.718845052,1.0,0.158907613,30,,0.156821863,0.141139677,0.711331556,4.476384377,-0.036082338,lost,-0.158907613,0.0
46,bootstrap,player_00015,occasional_player,0.031379842,0,1.5,0.047069763,0,,0.048780199,0.043902179,0.794027077,25.303730874,0.00485732,lost,-0.031379842,0.0
46,bootstrap,player_00059,occasional_player,0.175691715,0.031379842,1.46327273,0.257084895,10,,0.266426925,0.239784233,0.656930797,3.739110848,0.023958035,lost,-0.175691715,0.0
46,bootstrap,player_00003,persistent_player,0.066318253,0.207071557,1.257641451,0.083404584,20,,0.086435365,0.077791829,0.760835586,11.472491388,-0.001972443,lost,-0.066318253,0.0
46,bootstrap,player_00007,persistent_player,0.074839067,0.27338981,1.180021928,0.08831174,30,,0.091520839,0.082368755,0.752740813,10.058126634,-0.006672342,lost,-0.074839067,0.0
46,countdown,player_00031,player_whale,0.143279455,0.348228877,1.0,0.143279455,30,,0.148485988,0.133637389,0.687722444,4.799867814,-0.032226531,lost,-0.143279455,0.0
46,countdown,player_00075,occasional_player,0.345785426,0.491508332,1.0,0.345785426,30,,0.358350683,0.322515615,0.495341772,1.432512,-0.07450877,lost,-0.345785426,0.0
47,bootstrap,player_00053,opportunistic_player,0.070092821,0,1.5,0.105139231,0,,0.066449749,0.059804774,1.264274665,18.03714913,0.009708725,lost,-0.070092821,0.0
47,bootstrap,player_00054,occasional_player,0.172948667,0.070092821,1.42055552,0.245683184,10,,0.155275872,0.139748285,1.166561612,6.745132136,0.014245597,lost,-0.172948667,0.0
47,bootstrap,player_00011,opportunistic_player,0.46508913,0.243041488,1.224532351,0.569516686,20,,0.35994405,0.323949645,0.889028172,1.911522146,-0.026423311,won,0.889028172,0.046790956
47,countdown,player_00043,player_whale,0.52080202,0.708130618,1.0,0.52080202,20,,0.329155568,0.296240011,0.836100926,1.605410298,-0.118833076,lost,-0.52080202,0.0
47,countdown,player_00076,occasional_player,0.14109558,1.228932638,1.0,0.14109558,20,,0.089174761,0.080257285,1.196822044,8.482349655,-0.033717944,lost,-0.14109558,0.0
48,bootstrap,player_00030,occasional_player,0.128231617,0,1.5,0.192347426,0,,0.159644955,0.143680459,0.804415678,6.273146179,0.005771575,lost,-0.128231617,0.0
48,bootstrap,player_00007,persistent_player,0.062521628,0.128231617,1.346885681,0.084209486,10,,0.069892381,0.062903143,0.866840168,13.864644852,-0.00406185,lost,-0.062521628,0.0
48,bootstrap,player_00074,opportunistic_player,0.6368409,0.190753245,1.272232045,0.810209401,20,,0.672459445,0.6052135,0.321236859,0.504422469,-0.056999306,won,0.321236859,0.016907203
48,countdown,player_00077,occasional_player,0.050430837,0.827594145,1.0,0.050430837,20,,0.041856701,0.037671031,0.878326419,17.416455318,-0.015443594,lost,-0.050430837,0.0
48,countdown,player_00078,occasional_player,0.067647852,0.878024982,1.0,0.067647852,20,,0.056146518,0.050531867,0.861970255,12.742019584,-0.020672514,lost,-0.067647852,0.0
49,bootstrap,player_00005,persistent_player,0.114002172,0,1.5,0.171003258,0,,0.251112474,0.226001226,0.432105964,3.790330976,0.009418936,lost,-0.114002172,0.0
49,bootstrap,player_00079,occasional_player,0.191978602,0.114002172,1.363780925,0.261816755,10,,0.384469008,0.346022107,0.358028355,1.864938861,-0.001664036,lost,-0.191978602,0.0
49,bootstrap,player_00078,occasional_player,0.108524641,0.305980774,1.134389265,0.123109188,20,,0.180781659,0.162703493,0.437309618,4.029588251,-0.0197155,won,0.437309618,0.023016296
49,countdown,player_00023,occasional_player,0.053184346,0.414505415,1.0,0.053184346,20,,0.078099405,0.070289464,0.489882899,9.211035491,-0.01501244,lost,-0.053184346,0.0
49,countdown,player_00080,occasional_player,0.071869184,0.467689761,1.0,0.071869184,20,,0.105537455,0.094983709,0.472132302,6.569328831,-0.020197905,lost,-0.071869184,0.0
50,bootstrap,player_00031,player_whale,0.131177089,0,1.5,0.196765633,0,,0.145619142,0.131057228,1.06096512,8.088036779,0.025061764,lost,-0.131177089,0.0
50,bootstrap,player_00026,opportunistic_player,0.054405841,0.131177089,1.343149141,0.073075159,10,,0.054080287,0.048672259,1.133897806,20.841471893,0.003431581,lost,-0.054405841,0.0
50,bootstrap,player_00002,persistent_player,0.053166326,0.18558293,1.278095075,0.067951619,20,,0.05028854,0.045259686,1.135075345,21.349516332,0.000613119,lost,-0.053166326,0.0
50,bootstrap,player_00061,occasional_player,0.156067746,0.238749256,1.214523121,0.189547886,30,,0.140277548,0.126249793,1.037318996,6.646594334,-0.005402917,lost,-0.156067746,0.0
50,countdown,player_00055,occasional_player,0.066368698,0.394817002,1.0,0.066368698,30,,0.049117078,0.04420537,1.122533092,16.913592186,-0.013812855,lost,-0.066368698,0.0
50,countdown,player_00081,occasional_player,0.104318133,0.4611857,1.0,0.104318133,30,,0.077202084,0.069481876,1.086481129,10.415074517,-0.021579166,won,1.086481129,0.057183217
50,countdown,player_00046,occasional_player,0.164580961,0.565503833,1.0,0.164580961,30,,0.121800428,0.109620385,1.029231442,6.25364827,-0.033714785,lost,-0.164580961,0.0
50,countdown,player_00082,opportunistic_player,0.488626579,0.730084794,1.0,0.488626579,30,,0.361614892,0.325453403,0.721388105,1.476358708,-0.094823182,lost,-0.488626579,0.0
51,bootstrap,player_00054,occasional_player,0.146970704,0,1.5,0.220456056,0,,0.302259416,0.272033475,0.459168313,3.124216598,0.017919399,lost,-0.146970704,0.0
51,bootstrap,player_00064,occasional_player,0.105965046,0.146970704,1.320760721,0.139954471,10,,0.191886571,0.172697914,0.498123688,4.700830196,-0.001640182,lost,-0.105965046,0.0
51,bootstrap,player_00040,occasional_player,0.032938428,0.25293575,1.191530216,0.039247132,20,,0.053810339,0.048429306,0.567498975,17.229084978,-0.003859662,lost,-0.032938428,0.0
51,bootstrap,player_00083,player_whale,0.092297222,0.285874178,1.151359897,0.10626732,30,,0.145699323,0.131129391,0.511108121,5.537632766,-0.013173047,lost,-0.092297222,0.0
51,countdown,player_00062,opportunistic_player,0.223435445,0.3781714,1.0,0.223435445,30,,0.30634435,0.275709915,0.386526809,1.729926104,-0.055262804,won,0.386526809,0.020343516
52,bootstrap,player_00055,occasional_player,0.034989236,0,1.5,0.052483854,0,,0.043782664,0.039404398,0.804256328,22.985821367,-0.00191927,lost,-0.034989236,0.0
52,bootstrap,player_00004,persistent_player,0.718010632,0.034989236,1.457298711,1.046355969,10,,0.87288277,0.785594493,0.155386002,0.21641184,-0.031875046,won,0.155386002,0.008178211
52,countdown,player_00084,occasional_player,0.099896141,0.752999868,1.0,0.099896141,10,,0.083334566,0.075001109,0.742594769,7.433668221,-0.036708388,lost,-0.099896141,0.0
53,bootstrap,player_00068,player_whale,0.187679129,0,1.5,0.281518694,0,,0.421179462,0.379061516,0.336283072,1.791797916,0.010934777,lost,-0.187679129,0.0
53,bootstrap,player_00028,occasional_player,0.228009253,0.187679129,1.269061272,0.289357713,10,,0.4329074,0.38961666,0.297969454,1.306830536,-0.023079186,won,0.297969454,0.015682603
53,countdown,player_00019,opportunistic_player,0.097529152,0.415688382,1.0,0.097529152,10,,0.145913137,0.131321823,0.42192555,4.326148046,-0.029313413,lost,-0.097529152,0.0
54,bootstrap,player_00021,occasional_player,0.070750499,0,1.5,0.106125748,0,,0.13763815,0.123874335,0.575766485,8.137984799,0.009336363,lost,-0.070750499,0.0
54,bootstrap,player_00085,occasional_player,0.106791468,0.070750499,1.412880693,0.150883603,10,,0.195686159,0.176117543,0.541527565,5.070887918,0.007388887,lost,-0.106791468,0.0
54,bootstrap,player_00061,occasional_player,0.153474377,0.177541967,1.281381993,0.196659303,20,,0.255054246,0.229548821,0.497178801,3.239490598,-0.004117707,lost,-0.153474377,0.0
54,countdown,player_00086,occasional_player,0.082734968,0.331016344,1.0,0.082734968,20,,0.107301839,0.096571655,0.56438124,6.821556272,-0.020241885,lost,-0.082734968,0.0
54,countdown,player_00064,occasional_player,0.104742685,0.413751312,1.0,0.104742685,20,,0.135844408,0.122259967,0.543473909,5.18865741,-0.025491746,lost,-0.104742685,0.0
54,countdown,player_00087,occasional_player,0.129902621,0.518493997,1.0,0.129902621,20,,0.168475198,0.151627678,0.519571969,3.999703512,-0.031424297,won,0.519571969,0.027345893
55,bootstrap,player_00078,occasional_player,0.14799146,0,1.5,0.22198719,0,,0.148691159,0.133822044,1.165880164,7.878023257,0.027833526,lost,-0.14799146,0.0
55,bootstrap,player_00017,occasional_player,0.062139089,0.14799146,1.369319544,0.085088269,10,,0.056993709,0.051294338,1.247439916,20.074963059,0.0050349,lost,-0.062139089,0.0
55,bootstrap,player_00019,opportunistic_player,0.03768392,0.210130549,1.31444905,0.049533593,20,,0.033178524,0.029860672,1.270672327,33.71921835,0.001384477,lost,-0.03768392,0.0
55,bootstrap,player_00039,occasional_player,0.172667571,0.247814469,1.28117313,0.221217052,30,,0.148175307,0.133357776,1.142437858,6.61640082,0.002711964,lost,-0.172667571,0.0
55,countdown,player_00088,opportunistic_player,0.444904275,0.42048204,1.0,0.444904275,30,,0.29800518,0.268204662,0.88381299,1.986523932,-0.08853611,won,0.88381299,0.046516473
55,countdown,player_00089,occasional_player,0.092274126,0.865386315,1.0,0.092274126,30,,0.06180693,0.055626237,1.218811631,13.208595778,-0.019343359,lost,-0.092274126,0.0
55,countdown,player_00090,occasional_player,0.37793691,0.957660441,1.0,0.37793691,30,,0.25314919,0.227834271,0.947431986,2.506852232,-0.075972454,lost,-0.37793691,0.0
56,bootstrap,player_00052,occasional_player,0.119709951,0,1.5,0.179564926,0,,0.087961782,0.079165603,1.432617839,11.967408111,0.003181015,lost,-0.119709951,0.0
56,bootstrap,player_00015,occasional_player,0.028291333,0.119709951,1.394018412,0.039438639,10,,0.019319435,0.017387492,1.519465526,53.707809583,-0.001379723,won,1.519465526,0.07997187
56,bootstrap,player_00062,opportunistic_player,0.128469133,0.148001284,1.368971535,0.175870586,20,,0.08615207,0.077536863,1.424296616,11.086683489,-0.008072548,lost,-0.128469133,0.0
56,bootstrap,player_00006,persistent_player,1.311724574,0.276470417,1.255235269,1.646522949,30,,0.806566713,0.725910042,0.300203947,0.228862028,-0.141609474,lost,-1.311724574,0.0
57,bootstrap,player_00038,occasional_player,0.775870908,0,1.5,1.163806362,0,,0.793651099,0.714285989,0.324990396,0.418871738,0.010458897,won,0.324990396,0.017104758
57,countdown,player_00091,opportunistic_player,0.15529183,0.775870908,1.0,0.15529183,0,,0.105900376,0.095310339,0.91454052,5.889173437,-0.053325746,lost,-0.15529183,0.0
57,countdown,player_00092,occasional_player,0.042917891,0.931162738,1.0,0.042917891,0,,0.029267611,0.026340849,1.021295762,23.796503939,-0.014885599,lost,-0.042917891,0.0
57,countdown,player_00087,occasional_player,0.104379369,0.974080629,1.0,0.104379369,0,,0.071180914,0.064062823,0.962907358,9.225073569,-0.036005968,lost,-0.104379369,0.0
58,bootstrap,player_00014,player_whale,0.430318062,0,1.5,0.645477093,0,,0.510458093,0.459412284,0.612312111,1.422929143,0.048679047,lost,-0.430318062,0.0
58,bootstrap,player_00071,occasional_player,0.027313505,0.430318062,1.118496987,0.030550073,10,,0.024159699,0.021743729,0.99516644,36.434959206,-0.005080978,lost,-0.027313505,0.0
58,bootstrap,player_00093,occasional_player,0.113820744,0.457631567,1.094281912,0.124551981,20,,0.098498564,0.088648707,0.912984563,8.021249302,-0.022795781,won,0.912984563,0.048051819
58,countdown,player_00090,occasional_player,0.219461639,0.571452311,1.0,0.219461639,20,,0.173555299,0.156199769,0.812625713,3.702814382,-0.058249833,lost,-0.219461639,0.0
58,countdown,player_00008,persistent_player,0.019153122,0.79091395,1.0,0.019153122,20,,0.015146728,0.013632055,1.002918804,52.363202422,-0.005220181,lost,-0.019153122,0.0
58,countdown,player_00091,opportunistic_player,0.140616739,0.810067072,1.0,0.140616739,20,,0.111202943,0.100082649,0.887528368,6.311683619,-0.037717253,lost,-0.140616739,0.0
58,countdown,player_00022,occasional_player,0.017098296,0.950683811,1.0,0.017098296,20,,0.013521725,0.012169552,1.004870889,58.770235876,-0.004661389,lost,-0.017098296,0.0
58,countdown,player_00017,occasional_player,0.06759661,0.967782107,1.0,0.06759661,20,,0.05345695,0.048111255,0.956897491,14.155998218,-0.018306913,lost,-0.06759661,0.0
59,bootstrap,player_00039,occasional_player,0.14492736,0,1.5,0.21739104,0,,0.308703287,0.277832958,0.395805231,2.731059412,0.005305975,won,0.395805231,0.020831854
59,bootstrap,player_00030,occasional_player,0.176983666,0.14492736,1.367718436,0.242063823,10,,0.343739548,0.309365593,0.36535174,2.064324625,-0.009203751,lost,-0.176983666,0.0
59,bootstrap,player_00091,opportunistic_player,0.202915558,0.321911026,1.206177674,0.244752216,20,,0.347557165,0.312801449,0.340716443,1.679104579,-0.032866681,lost,-0.202915558,0.0
60,bootstrap,player_00091,opportunistic_player,0.074467316,0,1.5,0.111700974,0,,0.083120324,0.074808292,1.086481214,14.590041269,0.01238126,lost,-0.074467316,0.0
60,bootstrap,player_00070,opportunistic_player,0.120333868,0.074467316,1.431984797,0.17231627,10,,0.128226136,0.115403522,1.042907989,8.666786887,0.013908339,won,1.042907989,0.054889894
60,bootstrap,player_00031,player_whale,0.125864967,0.194801184,1.322077084,0.166403189,20,,0.12382602,0.111443418,1.037653445,8.244180012,0.003801502,lost,-0.125864967,0.0
60,bootstrap,player_00019,opportunistic_player,0.046106581,0.320666151,1.207117506,0.055656061,30,,0.041415483,0.037273935,1.113423912,24.148915138,-0.002886317,lost,-0.046106581,0.0
60,bootstrap,player_00078,occasional_player,0.149881983,0.366772732,1.165005763,0.174613374,40,,0.129935485,0.116941937,1.01483728,6.770909082,-0.013677457,lost,-0.149881983,0.0
60,countdown,player_00055,occasional_player,0.059981191,0.516654715,1.0,0.059981191,40,,0.044633953,0.040170558,1.100243032,18.34313414,-0.013374337,lost,-0.059981191,0.0
60,countdown,player_00094,opportunistic_player,0.397103735,0.576635906,1.0,0.397103735,40,,0.295497792,0.265948013,0.779976616,1.964163383,-0.084061554,lost,-0.397103735,0.0
60,countdown,player_00020,occasional_player,0.024192424,0.973739641,1.0,0.024192424,40,,0.018002369,0.016202132,1.134242361,46.884196516,-0.005423311,lost,-0.024192424,0.0
60,countdown,player_00058,occasional_player,0.05855368,0.997932065,1.0,0.05855368,40,,0.043571696,0.039214526,1.101599168,18.813491617,-0.013058836,lost,-0.05855368,0.0
60,countdown,player_00084,occasional_player,0.123325808,1.056485745,1.0,0.123325808,40,,0.091770741,0.082593667,1.040065646,8.433479278,-0.027237042,lost,-0.123325808,0.0
61,bootstrap,player_00091,opportunistic_player,0.074800719,0,1.5,0.112201078,0,,0.087208385,0.078487547,0.999015383,13.355692256,0.009480472,lost,-0.074800719,0.0
61,bootstrap,player_00033,occasional_player,0.098664323,0.074800719,1.42990715,0.141080821,10,,0.10965519,0.098689671,0.97634496,9.895623159,0.00742799,lost,-0.098664323,0.0
61,bootstrap,player_00093,occasional_player,0.348860778,0.173465042,1.337452644,0.46658477,20,,0.362653417,0.326388075,0.738658327,2.11734415,0.00609249,lost,-0.348860778,0.0
61,countdown,player_00095,occasional_player,0.059057634,0.52232582,1.0,0.059057634,20,,0.045902597,0.041312338,1.013971314,17.169182806,-0.0147283,lost,-0.059057634,0.0
61,countdown,player_00065,occasional_player,0.102962708,0.581383454,1.0,0.102962708,20,,0.080027854,0.072025069,0.972261494,9.442850842,-0.025519611,lost,-0.102962708,0.0
61,countdown,player_00096,occasional_player,0.404698881,0.684346162,1.0,0.404698881,20,,0.314552556,0.283097301,0.68561213,1.694129047,-0.096034777,lost,-0.404698881,0.0
62,bootstrap,player_00015,occasional_player,0.138100181,0,1.5,0.207150271,0,,0.067995874,0.061196287,2.51155652,18.186482465,0.024048971,lost,-0.138100181,0.0
62,bootstrap,player_00047,occasional_player,0.021250811,0.138100181,1.373053123,0.029178492,10,,0.009577671,0.008619904,2.622563422,123.410039348,0.001538613,lost,-0.021250811,0.0
62,bootstrap,player_00079,occasional_player,0.638624771,0.159350992,1.353518579,0.864390492,20,,0.283731163,0.255358047,2.03605816,3.188191646,0.044377038,lost,-0.638624771,0.0
62,countdown,player_00073,player_whale,1.90155143,0.797975763,1.0,1.90155143,20,,0.624173223,0.561755901,0.836277834,0.439787124,-0.363559686,won,0.836277834,0.044014623
62,countdown,player_00041,occasional_player,0.021620934,2.699527193,1.0,0.021620934,20,,0.007096946,0.006387252,2.622211805,121.281153017,-0.004734109,lost,-0.021620934,0.0
62,countdown,player_00097,occasional_player,0.022620728,2.721148127,1.0,0.022620728,20,,0.007425123,0.00668261,2.621262001,115.878763961,-0.00495269,lost,-0.022620728,0.0
63,bootstrap,player_00098,occasional_player,0.253794296,0,1.5,0.380691444,0,,0.151197137,0.136077423,2.000206322,7.881210703,0.0529243,lost,-0.253794296,0.0
63,bootstrap,player_00081,occasional_player,0.261593034,0.253794296,1.266539322,0.331317864,10,,0.131587702,0.118428932,1.992797521,7.61793038,0.005392032,lost,-0.261593034,0.0
63,countdown,player_00074,opportunistic_player,0.533967186,0.51538733,1.0,0.533967186,10,,0.212072824,0.190865542,1.734042076,3.247469361,-0.101082369,won,1.734042076,0.091265372
63,countdown,player_00099,occasional_player,0.215852362,1.049354516,1.0,0.215852362,10,,0.085728901,0.077156011,2.036251159,9.43353661,-0.042089038,lost,-0.215852362,0.0
63,countdown,player_00100,occasional_player,0.185579409,1.265206878,1.0,0.185579409,10,,0.073705558,0.066335002,2.065010465,11.127368471,-0.036286525,lost,-0.185579409,0.0
63,countdown,player_00101,player_whale,0.566579973,1.450786287,1.0,0.566579973,10,,0.225025466,0.20252292,1.703059929,3.005859737,-0.106925873,lost,-0.566579973,0.0
63,countdown,player_00075,occasional_player,0.303859996,2.01736626,1.0,0.303859996,10,,0.120682411,0.10861417,1.952643907,6.426130233,-0.058771697,lost,-0.303859996,0.0
64,bootstrap,player_00047,occasional_player,0.0157416,0,1.5,0.0236124,0,,0.015832207,0.014248986,1.274668682,80.974531288,0.002645439,lost,-0.0157416,0.0
64,bootstrap,player_00023,occasional_player,0.027906328,0.0157416,1.48550945,0.041455114,10,,0.027795817,0.025016235,1.26311219,45.26257235,0.004390095,lost,-0.027906328,0.0
64,bootstrap,player_00071,occasional_player,0.058882777,0.043647928,1.459820953,0.085958312,20,,0.057635387,0.051871848,1.233684564,20.951535006,0.00816508,lost,-0.058882777,0.0
64,bootstrap,player_00029,occasional_player,0.259998206,0.102530705,1.405617833,0.365458115,30,,0.245041105,0.220536995,1.042624906,4.010123462,0.02727838,lost,-0.259998206,0.0
64,bootstrap,player_00081,occasional_player,0.108154086,0.362528911,1.166282758,0.126138246,40,,0.084576191,0.076118572,1.18687682,10.973943416,-0.009578183,lost,-0.108154086,0.0
64,countdown,player_00072,opportunistic_player,0.167102073,0.470682997,1.0,0.167102073,40,,0.112042598,0.100838338,1.130876232,6.767577518,-0.036216098,lost,-0.167102073,0.0
64,countdown,player_00030,occasional_player,0.191290662,0.63778507,1.0,0.191290662,40,,0.128261142,0.115435028,1.107897073,5.791694489,-0.04131889,lost,-0.191290662,0.0
64,countdown,player_00102,opportunistic_player,0.075052241,0.829075732,1.0,0.075052241,40,,0.050322823,0.045290541,1.218323573,16.233007256,-0.016474551,won,1.218323573,0.064122293
64,countdown,player_00046,occasional_player,0.415348389,0.904127973,1.0,0.415348389,40,,0.27849273,0.250643457,0.895042232,2.154919234,-0.086907553,lost,-0.415348389,0.0
65,bootstrap,player_00097,occasional_player,0.026541427,0,1.5,0.03981214,0,,0.042070614,0.037863552,0.76153643,28.692369484,0.003298,lost,-0.026541427,0.0
65,bootstrap,player_00010,occasional_player,0.039305666,0.026541427,1.475550815,0.057997508,10,,0.061287606,0.055158845,0.749410403,19.066218164,0.004199002,lost,-0.039305666,0.0
65,bootstrap,player_00079,occasional_player,0.208638046,0.065847093,1.439343588,0.300301834,20,,0.317337435,0.285603692,0.588544642,2.820888392,0.019040273,lost,-0.208638046,0.0
65,bootstrap,player_00100,occasional_player,0.131607662,0.274485139,1.247152335,0.164134803,40,,0.173445885,0.156101297,0.661723507,5.028001385,-0.007767638,lost,-0.131607662,0.0
65,countdown,player_00103,occasional_player,0.185455987,0.406092801,1.0,0.185455987,40,,0.195976583,0.176378925,0.610567598,3.292250674,-0.045054203,lost,-0.185455987,0.0
65,countdown,player_00056,occasional_player,0.198614804,0.591548788,1.0,0.198614804,40,,0.209881877,0.188893689,0.598066722,3.011189045,-0.048126691,won,0.598066722,0.031477196
65,bootstrap,player_00008,persistent_player,0.023368312,0.274485139,1.247152335,0.029143845,30,40,0.0,0.0,0.0,0.0,0.0,pending_withdrawn,0.0,0.0
66,bootstrap,player_00041,occasional_player,0.017080939,0,1.5,0.025621408,0,,0.015920496,0.014328447,2.872349448,75.075360886,0.003444957,lost,-0.017080939,0.0
66,bootstrap,player_00049,opportunistic_player,0.268013387,0.017080939,1.484254518,0.39780008,10,,0.122864461,0.110578015,2.654083302,9.902801245,0.055106265,lost,-0.268013387,0.0
66,bootstrap,player_00027,occasional_player,0.014212257,0.285094326,1.2371955,0.01758334,20,,0.005430787,0.004887709,2.895194376,203.711090779,8.075e-06,lost,-0.014212257,0.0
66,bootstrap,player_00041,occasional_player,0.02117861,0.299306583,1.224094414,0.025924618,30,,0.015920496,0.014328447,2.872349448,75.075360886,0.003444957,lost,-0.02117861,0.0
66,bootstrap,player_00043,player_whale,0.329731722,0.320485193,1.204571634,0.397185479,50,,0.122674636,0.110407172,2.595450884,7.871401843,-0.006770582,lost,-0.329731722,0.0
66,countdown,player_00020,occasional_player,0.015434057,0.650216915,1.0,0.015434057,50,,0.00476696,0.004290264,2.894033666,187.509587783,-0.002951672,lost,-0.015434057,0.0
66,countdown,player_00035,opportunistic_player,2.213842121,0.665650972,1.0,2.213842121,50,,0.68376688,0.615390192,0.805546005,0.363867865,-0.355740282,won,0.805546005,0.042397158
66,countdown,player_00015,occasional_player,0.097246191,2.879493093,1.0,0.097246191,50,,0.030035441,0.027031897,2.816312139,28.960642156,-0.018487182,lost,-0.097246191,0.0
66,countdown,player_00104,occasional_player,0.047077467,2.976739284,1.0,0.047077467,50,,0.014540338,0.013086304,2.863972426,60.835312707,-0.008982583,lost,-0.047077467,0.0
67,bootstrap,player_00018,occasional_player,0.162492834,0,1.5,0.243739251,0,,0.200266384,0.180239746,0.816280196,5.023484271,0.013920968,lost,-0.162492834,0.0
67,bootstrap,player_00105,occasional_player,0.023915046,0.162492834,1.349664074,0.032277278,10,,0.097161925,0.087445733,0.881781875,9.426416679,-0.008255639,lost,-0.023915046,0.0
67,bootstrap,player_00092,occasional_player,0.100258734,0.18640788,1.327538233,0.133097303,20,,0.109358323,0.09842249,0.875402591,8.731434718,-0.004231717,won,0.875402591,0.046073821
67,bootstrap,player_00105,occasional_player,0.069628652,0.286666614,1.23478036,0.085976092,30,,0.097161925,0.087445733,0.881781875,9.426416679,-0.008255639,lost,-0.069628652,0.0
67,bootstrap,player_00101,player_whale,0.553974732,0.356295266,1.170360978,0.648350409,40,,0.53271187,0.479440683,0.444372393,0.802152819,-0.075326505,lost,-0.553974732,0.0
67,countdown,player_00106,occasional_player,0.073634874,0.910269998,1.0,0.073634874,40,,0.060501499,0.054451349,0.900695258,12.231911442,-0.020581284,lost,-0.073634874,0.0
68,bootstrap,player_00107,occasional_player,0.147898641,0,1.5,0.221847961,0,,0.265554851,0.238999366,0.544027832,3.678382899,0.017471347,lost,-0.147898641,0.0
68,bootstrap,player_00037,occasional_player,0.024485583,0.147898641,1.367550725,0.033485277,10,,0.040082306,0.036074075,0.661270237,27.006513869,0.000252424,lost,-0.024485583,0.0
68,bootstrap,player_00080,occasional_player,0.049407719,0.172384224,1.345622885,0.066484157,20,,0.079582388,0.071624149,0.637594208,12.904748905,-0.000201791,lost,-0.049407719,0.0
68,bootstrap,player_00095,occasional_player,0.02538958,0.221791943,1.301376255,0.033041397,30,,0.039550976,0.035595878,0.66041144,26.011121087,-0.000977891,lost,-0.02538958,0.0
68,bootstrap,player_00078,occasional_player,0.166016654,0.247181523,1.278638848,0.212275343,40,,0.254096305,0.228686675,0.526815719,3.173270312,-0.007575123,won,0.526815719,0.027727143
68,countdown,player_00097,occasional_player,0.0261753,0.413198177,1.0,0.0261753,40,,0.031332169,0.028198952,0.659665006,25.201812615,-0.006835322,lost,-0.0261753,0.0
68,countdown,player_00108,occasional_player,0.107286891,0.439373477,1.0,0.107286891,40,,0.128423783,0.115581405,0.582608994,5.430383795,-0.027547755,lost,-0.107286891,0.0
68,countdown,player_00064,occasional_player,0.134816621,0.546660368,1.0,0.134816621,40,,0.161377222,0.1452395,0.556455751,4.127501095,-0.034416567,lost,-0.134816621,0.0
69,bootstrap,player_00105,occasional_player,0.060780157,0,1.5,0.091170236,0,,0.120416734,0.108375061,0.554397035,9.121349183,0.005889709,lost,-0.060780157,0.0
69,bootstrap,player_00064,occasional_player,0.071108928,0.060780157,1.441184243,0.102481067,10,,0.135355967,0.12182037,0.544584703,7.6584575,0.003895098,won,0.544584703,0.028662353
69,bootstrap,player_00009,occasional_player,0.047753078,0.131889085,1.371958051,0.06551522,20,,0.086531846,0.077878662,0.56677276,11.868821533,0.000105372,lost,-0.047753078,0.0
69,bootstrap,player_00061,occasional_player,0.150898985,0.179642163,1.325597906,0.200031379,30,,0.264199441,0.237779497,0.468784149,3.106609026,-0.003551041,lost,-0.150898985,0.0
69,bootstrap,player_00082,opportunistic_player,0.112570893,0.330541148,1.179100566,0.132732404,40,,0.175311629,0.157780466,0.505195836,4.487801622,-0.01509937,lost,-0.112570893,0.0
69,countdown,player_00109,occasional_player,0.165192336,0.443112041,1.0,0.165192336,40,,0.218184382,0.196365944,0.455205465,2.755608864,-0.043367336,lost,-0.165192336,0.0
70,bootstrap,player_00087,occasional_player,0.120215979,0,1.5,0.180323968,0,,0.133968112,0.120571301,1.037426404,8.629688108,0.019362469,lost,-0.120215979,0.0
70,bootstrap,player_00023,occasional_player,0.021122962,0.120215979,1.384269522,0.029239873,10,,0.021723183,0.019550865,1.131564771,53.570364352,0.00141308,lost,-0.021122962,0.0
70,bootstrap,player_00055,occasional_player,0.023838242,0.141338941,1.363083388,0.032493512,20,,0.037613991,0.033852592,1.11175631,26.486801954,-0.002917213,lost,-0.023838242,0.0
70,bootstrap,player_00012,opportunistic_player,0.273619305,0.165177183,1.339991016,0.366647411,30,,0.272393414,0.245154073,0.891693245,3.258882792,0.012061813,lost,-0.273619305,0.0
70,countdown,player_00110,occasional_player,0.13254813,0.438796488,1.0,0.13254813,30,,0.098474001,0.088626601,1.025710861,7.738403106,-0.029895572,lost,-0.13254813,0.0
70,countdown,player_00111,opportunistic_player,0.47778275,0.571344618,1.0,0.47778275,30,,0.354959208,0.319463287,0.697737972,1.460366604,-0.102247036,won,0.697737972,0.036723051
70,countdown,player_00020,occasional_player,0.026195222,1.049127368,1.0,0.026195222,30,,0.01946122,0.017515098,1.126746124,43.013421438,-0.006001341,lost,-0.026195222,0.0
70,countdown,player_00112,opportunistic_player,0.082654972,1.07532259,1.0,0.082654972,30,,0.06140687,0.055266183,1.073109361,12.982998301,-0.018780288,lost,-0.082654972,0.0
70,countdown,player_00055,occasional_player,0.018135731,1.157977562,1.0,0.018135731,30,,0.037613991,0.033852592,1.11175631,26.486801954,-0.002917213,lost,-0.018135731,0.0
71,bootstrap,player_00113,occasional_player,0.802409145,0,1.5,1.203613718,0,,0.864102482,0.777692234,0.214841801,0.267745953,-0.011300985,lost,-0.802409145,0.0
71,countdown,player_00114,occasional_player,0.042697991,0.802409145,1.0,0.042697991,0,,0.030653888,0.027588499,0.936567398,21.934694715,-0.015681529,lost,-0.042697991,0.0
71,countdown,player_00099,occasional_player,0.146594507,0.845107136,1.0,0.146594507,0,,0.10524363,0.094719267,0.837865707,5.715532761,-0.053347157,won,0.837865707,0.044098195
72,bootstrap,player_00114,occasional_player,0.066454788,0,1.5,0.099682182,0,,0.076089158,0.068480243,1.072211026,16.134443549,0.011521323,lost,-0.066454788,0.0
72,bootstrap,player_00080,occasional_player,0.015065679,0.066454788,1.438580985,0.021673199,10,,0.016543533,0.01488918,1.121030679,74.40956887,0.001849864,lost,-0.015065679,0.0
72,bootstrap,player_00021,occasional_player,0.079134725,0.081520467,1.424656944,0.112739835,20,,0.086056294,0.077450665,1.060165085,13.396964296,0.009104803,lost,-0.079134725,0.0
72,bootstrap,player_00032,occasional_player,0.024481172,0.160655192,1.351518845,0.033086765,30,,0.025255708,0.022730137,1.112085961,45.426173256,0.001353155,lost,-0.024481172,0.0
72,bootstrap,player_00111,opportunistic_player,0.215258108,0.185136364,1.328892793,0.286054948,40,,0.218350761,0.196515685,0.930847872,4.324333612,0.009969693,lost,-0.215258108,0.0
72,countdown,player_00115,occasional_player,0.079279984,0.400394472,1.0,0.079279984,40,,0.060515803,0.054464223,1.060027089,13.370677388,-0.01722851,lost,-0.079279984,0.0
72,countdown,player_00014,player_whale,0.677553851,0.479674456,1.0,0.677553851,40,,0.517188742,0.465469868,0.491666916,0.725649946,-0.133316815,lost,-0.677553851,0.0
73,bootstrap,player_00063,occasional_player,0.216224579,0,1.5,0.324336868,0,,0.1174524,0.10570716,2.164691303,10.01131006,0.035455277,lost,-0.216224579,0.0
73,bootstrap,player_00084,occasional_player,0.143427214,0.216224579,1.305789474,0.187285746,10,,0.067821955,0.061039759,2.2338488,15.574790428,0.001681141,lost,-0.143427214,0.0
73,bootstrap,player_00082,opportunistic_player,0.867867387,0.359651793,1.176964736,1.02144931,20,,0.369898352,0.332908517,1.545630635,1.780952549,-0.064393341,lost,-0.867867387,0.0
73,countdown,player_00044,player_whale,1.228360521,1.22751918,1.0,1.228360521,20,,0.444827294,0.400344564,1.203162158,0.979486183,-0.254913634,won,1.203162158,0.063324324
74,bootstrap,player_00043,player_whale,0.29199728,0,1.5,0.43799592,0,,0.581865593,0.523679034,0.290300169,0.994187921,0.012939685,won,0.290300169,0.015278956
74,bootstrap,player_00048,occasional_player,0.067966061,0.29199728,1.237547555,0.084111233,10,,0.111739471,0.100565524,0.503129827,7.402662733,-0.010533504,lost,-0.067966061,0.0
74,bootstrap,player_00062,opportunistic_player,0.181141566,0.359963341,1.176458428,0.213105522,20,,0.283104854,0.254794368,0.395613097,2.183999542,-0.034187726,lost,-0.181141566,0.0
74,countdown,player_00116,occasional_player,0.017531473,0.541104907,1.0,0.017531473,20,,0.023290082,0.020961074,0.551042685,31.431625024,-0.005613548,lost,-0.017531473,0.0
75,bootstrap,player_00021,occasional_player,0.158900426,0,1.5,0.238350639,0,,0.303110237,0.272799214,0.465883793,2.931922872,0.011540218,lost,-0.158900426,0.0
75,bootstrap,player_00054,occasional_player,0.162884581,0.158900426,1.357077372,0.221046979,10,,0.281105192,0.252994673,0.462098846,2.836971083,-0.004767103,lost,-0.162884581,0.0
75,bootstrap,player_00106,occasional_player,0.096777354,0.321785007,1.210571206,0.117155878,20,,0.148986997,0.134088297,0.524900712,5.423796891,-0.013417601,won,0.524900712,0.027626353
75,bootstrap,player_00060,player_whale,0.145451455,0.418562361,1.123525034,0.163418351,30,,0.207818932,0.187037038,0.478660316,3.290859592,-0.028719438,lost,-0.145451455,0.0
75,countdown,player_00117,occasional_player,0.046377836,0.564013816,1.0,0.046377836,30,,0.058978641,0.053080777,0.572780254,12.350301422,-0.013512443,lost,-0.046377836,0.0
76,bootstrap,player_00110,occasional_player,0.047776829,0,1.5,0.071665244,0,,0.046951895,0.042256705,1.281223158,26.816831194,0.008382332,lost,-0.047776829,0.0
76,bootstrap,player_00054,occasional_player,0.234614543,0.047776829,1.456997138,0.341832718,10,,0.223953663,0.201558296,1.10372733,4.704428446,0.035139365,lost,-0.234614543,0.0
76,bootstrap,player_00118,occasional_player,0.092075862,0.282391372,1.245825799,0.114710484,20,,0.07515323,0.067637907,1.239139077,13.457805879,-0.002035269,lost,-0.092075862,0.0
76,bootstrap,player_00119,occasional_player,0.092458817,0.374467234,1.162950362,0.107525015,30,,0.070445629,0.063401066,1.23877527,13.398130215,-0.008057156,lost,-0.092458817,0.0
76,countdown,player_00042,occasional_player,0.018634435,0.466926051,1.0,0.018634435,30,,0.012208457,0.010987611,1.308908433,70.241380144,-0.00404791,lost,-0.018634435,0.0
76,countdown,player_00120,opportunistic_player,0.164861696,0.485560486,1.0,0.164861696,30,,0.108010084,0.097209076,1.169992535,7.096812438,-0.03510175,lost,-0.164861696,0.0
76,countdown,player_00084,occasional_player,0.129053253,0.650422182,1.0,0.129053253,30,,0.084549978,0.07609498,1.204010555,9.329563785,-0.027613789,lost,-0.129053253,0.0
76,countdown,player_00028,occasional_player,0.347740621,0.779475435,1.0,0.347740621,30,,0.227824259,0.205041833,0.996257556,2.864944432,-0.072164771,lost,-0.347740621,0.0
76,countdown,player_00030,occasional_player,0.230331201,1.127216056,1.0,0.230331201,30,,0.150902805,0.135812525,1.107796505,4.809580726,-0.048596699,lost,-0.230331201,0.0
77,bootstrap,player_00121,opportunistic_player,0.270922215,0,1.5,0.406383323,0,,0.32149521,0.289345689,0.781870799,2.885960457,0.033698905,lost,-0.270922215,0.0
77,bootstrap,player_00064,occasional_player,0.133739438,0.270922215,1.261681745,0.168736607,10,,0.133489757,0.120140781,0.912194437,6.820683944,-0.008080125,lost,-0.133739438,0.0
77,bootstrap,player_00122,occasional_player,0.273731725,0.404661653,1.144037094,0.313159247,20,,0.247744413,0.222969972,0.779201765,2.846589174,-0.038959175,won,0.779201765,0.041010619
77,countdown,player_00123,occasional_player,0.375762434,0.678393378,1.0,0.375762434,20,,0.29727062,0.267543558,0.682272591,1.815701969,-0.092691978,lost,-0.375762434,0.0
78,bootstrap,player_00121,opportunistic_player,0.165859843,0,1.5,0.248789765,0,,0.736239299,0.662615369,0.241618717,0.535242908,0.007798506,won,0.241618717,0.012716775
78,bootstrap,player_00095,occasional_player,0.027593101,0.165859843,1.35172045,0.037298159,10,,0.043744719,0.039370247,0.644253142,23.348341371,-0.001142349,lost,-0.027593101,0.0
78,bootstrap,player_00121,opportunistic_player,0.285558968,0.193452944,1.327052077,0.378951621,20,,0.736239299,0.662615369,0.241618717,0.535242908,0.007798506,winner_wallet_merged,0.0,0.0
78,countdown,player_00124,occasional_player,0.084592665,0.479011912,1.0,0.084592665,20,,0.099213539,0.089292185,0.590103556,6.975824155,-0.024347565,lost,-0.084592665,0.0
78,countdown,player_00125,occasional_player,0.040148945,0.563604577,1.0,0.040148945,20,,0.047088231,0.042379407,0.63232509,15.74948208,-0.011649894,lost,-0.040148945,0.0
78,countdown,player_00126,occasional_player,0.062851117,0.603753522,1.0,0.062851117,20,,0.073714213,0.066342792,0.610758026,9.717536546,-0.018162006,lost,-0.062851117,0.0
79,bootstrap,player_00127,occasional_player,0.106397779,0,1.5,0.159596668,0,,0.097748599,0.087973739,1.340320365,12.597258871,0.020875426,lost,-0.106397779,0.0
79,bootstrap,player_00102,opportunistic_player,0.116760795,0.106397779,1.40029676,0.163499763,10,,0.100139138,0.090125225,1.3304755,11.394882162,0.013671701,lost,-0.116760795,0.0
79,bootstrap,player_00001,persistent_player,0.036385904,0.223158574,1.290882543,0.046969928,20,,0.028767798,0.025891018,1.406831647,38.664193877,0.000980468,lost,-0.036385904,0.0
79,bootstrap,player_00123,occasional_player,0.164700314,0.259544478,1.256786037,0.206993055,30,,0.126777592,0.114099832,1.284932957,7.801642425,0.000702599,lost,-0.164700314,0.0
79,countdown,player_00128,occasional_player,0.213325693,0.424244792,1.0,0.213325693,30,,0.130656159,0.117590543,1.238738847,5.806796311,-0.042576635,lost,-0.213325693,0.0
79,countdown,player_00129,occasional_player,0.185105139,0.637570485,1.0,0.185105139,30,,0.113371841,0.102034657,1.265548373,6.836916469,-0.037088206,lost,-0.185105139,0.0
79,countdown,player_00012,opportunistic_player,0.140656443,0.822675624,1.0,0.140656443,30,,0.086148229,0.077533406,1.307774635,9.297651829,-0.028354648,lost,-0.140656443,0.0
79,countdown,player_00130,occasional_player,0.516579192,0.963332067,1.0,0.516579192,30,,0.316390643,0.284751579,0.950648023,1.840275485,-0.098783926,won,0.950648023,0.050034106
80,bootstrap,player_00083,player_whale,0.869639728,0,1.5,1.304459592,0,,0.361409497,0.325268548,2.22500079,2.558531675,0.136949498,lost,-0.869639728,0.0
80,countdown,player_00131,opportunistic_player,0.091187855,0.869639728,1.0,0.091187855,0,,0.025264222,0.0227378,2.964530069,32.510141502,-0.021707552,lost,-0.091187855,0.0
80,countdown,player_00093,occasional_player,0.171782515,0.960827583,1.0,0.171782515,0,,0.047593527,0.042834174,2.887965142,16.811752595,-0.040720751,lost,-0.171782515,0.0
80,countdown,player_00132,player_whale,1.779434939,1.132610098,1.0,1.779434939,0,,0.493004682,0.443704214,1.36069534,0.764678331,-0.386145902,lost,-1.779434939,0.0
80,countdown,player_00107,occasional_player,0.111256516,2.912045037,1.0,0.111256516,0,,0.030824383,0.027741944,2.945464841,26.474537827,-0.026457122,lost,-0.111256516,0.0
80,countdown,player_00030,occasional_player,0.151245802,3.023301553,1.0,0.151245802,0,,0.041903689,0.03771332,2.90747502,19.223508892,-0.035891284,lost,-0.151245802,0.0
81,bootstrap,player_00018,occasional_player,0.059018572,0,1.5,0.088527858,0,,0.085108754,0.076597879,0.751291981,12.729755313,0.003049497,lost,-0.059018572,0.0
81,bootstrap,player_00057,occasional_player,0.144956846,0.059018572,1.447451689,0.209818032,10,,0.201714485,0.181543036,0.66965062,4.619655012,0.002929467,lost,-0.144956846,0.0
81,bootstrap,player_00058,occasional_player,0.061763974,0.203975418,1.318386597,0.081428796,20,,0.07828387,0.070455483,0.748683849,12.121691661,-0.004663481,lost,-0.061763974,0.0
81,bootstrap,player_00050,occasional_player,0.438868863,0.265739392,1.263393865,0.554464229,30,,0.533049829,0.479744847,0.390434204,0.889637514,-0.04101499,won,0.390434204,0.020549169
81,countdown,player_00133,occasional_player,0.105934439,0.704608255,1.0,0.105934439,30,,0.101843062,0.091658755,0.706721907,6.671314008,-0.03144737,lost,-0.105934439,0.0
82,bootstrap,player_00059,occasional_player,0.413284193,0,1.5,0.61992629,0,,0.580872947,0.522785652,0.442914707,1.071695251,0.034324307,lost,-0.413284193,0.0
82,bootstrap,player_00114,occasional_player,0.022740938,0.413284193,1.139927715,0.025923025,10,,0.024289959,0.021860963,0.813930799,35.791434778,-0.004450488,lost,-0.022740938,0.0
82,bootstrap,player_00044,player_whale,0.150440438,0.436025131,1.120114759,0.168510555,20,,0.157894937,0.142105444,0.692616274,4.603923542,-0.03063749,lost,-0.150440438,0.0
82,countdown,player_00134,occasional_player,0.052289023,0.586465569,1.0,0.052289023,20,,0.048994984,0.044095486,0.785860118,15.029160489,-0.015330429,lost,-0.052289023,0.0
82,countdown,player_00135,occasional_player,0.041137305,0.638754592,1.0,0.041137305,20,,0.038545788,0.03469121,0.796454251,19.360875744,-0.012080241,lost,-0.041137305,0.0
82,countdown,player_00136,occasional_player,0.159445962,0.679891897,1.0,0.159445962,20,,0.149401384,0.134461246,0.684061026,4.290237381,-0.046026961,won,0.684061026,0.036003212
83,bootstrap,player_00094,opportunistic_player,0.463708733,0,1.5,0.695563099,0,,0.482465658,0.434219092,0.74135542,1.598752336,0.059553129,lost,-0.463708733,0.0
83,bootstrap,player_00060,player_whale,0.061080588,0.463708733,1.094526429,0.066854318,10,,0.046372374,0.041735137,1.123852158,18.399498018,-0.011627257,lost,-0.061080588,0.0
83,countdown,player_00137,occasional_player,0.070376477,0.524789321,1.0,0.070376477,10,,0.048815461,0.043933915,1.115021063,15.843661275,-0.018297322,lost,-0.070376477,0.0
83,countdown,player_00138,occasional_player,0.249973222,0.595165798,1.0,0.249973222,10,,0.173389726,0.156050753,0.944404156,3.778021294,-0.063589733,lost,-0.249973222,0.0
83,countdown,player_00075,occasional_player,0.230336187,0.84513902,1.0,0.230336187,10,,0.159768826,0.143791944,0.963059339,4.181103071,-0.058735525,lost,-0.230336187,0.0
83,countdown,player_00093,occasional_player,0.128580862,1.075475207,1.0,0.128580862,10,,0.089187955,0.080269159,1.059726898,8.24171561,-0.033196397,won,1.059726898,0.0557751
84,bootstrap,player_00018,occasional_player,0.090642348,0,1.5,0.135963522,0,,0.071316645,0.06418498,1.552152866,17.123926068,0.01480043,lost,-0.090642348,0.0
84,bootstrap,player_00080,occasional_player,0.021223168,0.090642348,1.419785616,0.030132349,10,,0.015805254,0.014224729,1.618101087,76.242203181,0.002095775,lost,-0.021223168,0.0
84,bootstrap,player_00050,occasional_player,0.417225007,0.111865516,1.401004071,0.584533933,30,,0.306604287,0.275943859,1.24189934,2.976569762,0.040600167,won,1.24189934,0.065363123
84,countdown,player_00139,occasional_player,0.022483749,0.529090523,1.0,0.022483749,30,,0.011793351,0.010614016,1.616903535,71.914320643,-0.005083266,lost,-0.022483749,0.0
84,countdown,player_00140,occasional_player,0.099661653,0.551574272,1.0,0.099661653,30,,0.052275306,0.047047775,1.543584526,15.488249287,-0.022350576,lost,-0.099661653,0.0
84,countdown,player_00141,opportunistic_player,0.119568903,0.651235925,1.0,0.119568903,30,,0.062717211,0.05644549,1.524672639,12.751414459,-0.026758883,lost,-0.119568903,0.0
84,countdown,player_00101,player_whale,0.914132601,0.770804828,1.0,0.914132601,30,,0.479487946,0.431539151,0.769837125,0.842150389,-0.187433735,lost,-0.914132601,0.0
84,bootstrap,player_00027,occasional_player,0.010695956,0.111865516,1.401004071,0.014985078,20,30,0.0,0.0,0.0,0.0,0.0,pending_withdrawn,0.0,0.0
85,bootstrap,player_00087,occasional_player,0.114327288,0,1.5,0.171490932,0,,0.103598518,0.093238666,1.314897808,11.501172036,0.018931754,lost,-0.114327288,0.0
85,bootstrap,player_00142,occasional_player,0.028663165,0.114327288,1.405123344,0.040275282,10,,0.024330497,0.021897447,1.396278725,48.713347761,0.002539424,lost,-0.028663165,0.0
85,bootstrap,player_00143,occasional_player,0.268423821,0.142990453,1.381336676,0.370783669,20,,0.223992244,0.201593019,1.168506101,4.353213128,0.02125122,won,1.168506101,0.061500321
85,bootstrap,player_00001,persistent_player,0.024011593,0.411414274,1.158580106,0.027819354,30,,0.016805809,0.015125228,1.400697718,58.334227054,-0.00246254,lost,-0.024011593,0.0
85,bootstrap,player_00103,occasional_player,0.174126564,0.435425867,1.138653633,0.198269845,40,,0.119775791,0.107798212,1.258088496,7.225138236,-0.019736341,lost,-0.174126564,0.0
85,countdown,player_00034,occasional_player,0.113567334,0.609552431,1.0,0.113567334,40,,0.068606587,0.061745928,1.315619764,11.584491048,-0.02532085,lost,-0.113567334,0.0
85,countdown,player_00127,occasional_player,0.090803202,0.723119765,1.0,0.090803202,40,,0.054854662,0.049369196,1.337245689,14.726856102,-0.020301576,lost,-0.090803202,0.0
85,countdown,player_00028,occasional_player,0.317753044,0.813922967,1.0,0.317753044,40,,0.191956181,0.172760563,1.12164334,3.529921619,-0.069082114,lost,-0.317753044,0.0
85,countdown,player_00144,occasional_player,0.28084813,1.131676011,1.0,0.28084813,40,,0.169661741,0.152695567,1.156703008,4.118606764,-0.061340444,lost,-0.28084813,0.0
85,countdown,player_00145,occasional_player,0.043730764,1.412524141,1.0,0.043730764,40,,0.02641797,0.023776173,1.381964506,31.601654742,-0.009833186,lost,-0.043730764,0.0
86,bootstrap,player_00066,opportunistic_player,0.176407273,0,1.5,0.264610909,0,,0.362464303,0.326217873,0.386025963,2.188265579,0.007068501,lost,-0.176407273,0.0
86,bootstrap,player_00088,opportunistic_player,0.211199512,0.176407273,1.352563639,0.285660781,10,,0.39129844,0.352168596,0.352973336,1.671279129,-0.012515552,won,0.352973336,0.018577544
86,bootstrap,player_00052,occasional_player,0.061215954,0.387606785,1.176048879,0.071992954,20,,0.098616025,0.088754422,0.495457717,8.093604431,-0.011808704,lost,-0.061215954,0.0
86,bootstrap,player_00146,occasional_player,0.095803796,0.448822739,1.124886264,0.107768374,30,,0.147621233,0.132859109,0.462599267,4.828611036,-0.021614862,lost,-0.095803796,0.0
87,bootstrap,player_00119,occasional_player,0.046371668,0,1.5,0.069557502,0,,0.076820965,0.069138868,0.662555406,14.287935603,0.002642747,lost,-0.046371668,0.0
87,bootstrap,player_00147,occasional_player,0.160979309,0.046371668,1.461219118,0.235226044,10,,0.259789254,0.233810329,0.553678147,3.439436724,0.006114986,lost,-0.160979309,0.0
87,bootstrap,player_00129,occasional_player,0.061461901,0.207350977,1.326591234,0.081534819,20,,0.090048999,0.081044099,0.648219685,10.546691109,-0.003946396,lost,-0.061461901,0.0
87,bootstrap,player_00144,occasional_player,0.312497601,0.268812878,1.275190307,0.398493912,30,,0.440106183,0.396095564,0.40973577,1.311164529,-0.026424166,won,0.40973577,0.021565041
87,countdown,player_00148,occasional_player,0.034858061,0.581310479,1.0,0.034858061,30,,0.038498074,0.034648267,0.673493333,19.321021121,-0.010314913,lost,-0.034858061,0.0
87,countdown,player_00149,occasional_player,0.049706428,0.61616854,1.0,0.049706428,30,,0.054896965,0.049407268,0.659387384,13.26563607,-0.01467204,lost,-0.049706428,0.0
87,countdown,player_00150,occasional_player,0.036072709,0.665874968,1.0,0.036072709,30,,0.03983956,0.035855604,0.672339417,18.638450947,-0.010672164,lost,-0.036072709,0.0
88,bootstrap,player_00134,occasional_player,0.050399019,0,1.5,0.075598529,0,,0.055484793,0.049936314,0.976748869,19.380315091,0.00089296,lost,-0.050399019,0.0
88,bootstrap,player_00010,occasional_player,0.025378635,0.050399019,1.45813345,0.037005437,10,,0.027159775,0.024443797,1.000518233,39.423642497,-0.00030182,lost,-0.025378635,0.0
88,bootstrap,player_00061,occasional_player,0.059672246,0.075777654,1.437051376,0.085752083,20,,0.062936894,0.056643205,0.967939303,16.220929624,-0.001465035,lost,-0.059672246,0.0
88,bootstrap,player_00028,occasional_player,0.135057904,0.1354499,1.387481541,0.187390349,30,,0.137533295,0.123779965,0.896322928,6.636582541,-0.00739362,won,0.896322928,0.047174891
88,bootstrap,player_00130,occasional_player,0.765914863,0.270507804,1.275288714,0.97676258,40,,0.716885243,0.645196719,0.297008817,0.38778307,-0.080119992,lost,-0.765914863,0.0
89,bootstrap,player_00151,occasional_player,0.080546275,0,1.5,0.120819413,0,,0.116874807,0.105187326,0.794391489,9.862547823,0.011486089,lost,-0.080546275,0.0
89,bootstrap,player_00152,occasional_player,0.055687316,0.080546275,1.433043205,0.07980233,10,,0.077196882,0.069477194,0.8180075,14.689296576,0.005014548,lost,-0.055687316,0.0
89,bootstrap,player_00042,occasional_player,0.022159112,0.136233591,1.386751253,0.030729176,20,,0.029725906,0.026753315,0.849859294,38.352588047,0.001170271,lost,-0.022159112,0.0
89,bootstrap,player_00153,occasional_player,0.094234441,0.158392703,1.368330748,0.128943883,30,,0.124734023,0.112260621,0.781387731,8.291954865,0.004063448,lost,-0.094234441,0.0
89,bootstrap,player_00052,occasional_player,0.079222995,0.252627144,1.289995205,0.102197284,40,,0.098860668,0.088974601,0.795648605,10.043152309,-0.001381643,lost,-0.079222995,0.0
89,bootstrap,player_00136,occasional_player,0.12699503,0.331850139,1.22413843,0.155459497,50,,0.150383935,0.135345541,0.750265172,5.907830975,-0.008261773,lost,-0.12699503,0.0
89,countdown,player_00139,occasional_player,0.022084395,0.458845169,1.0,0.022084395,50,,0.021363367,0.01922703,0.849930275,38.485558476,-0.005318143,lost,-0.022084395,0.0
89,countdown,player_00068,player_whale,0.393714716,0.480929564,1.0,0.393714716,50,,0.380860413,0.342774371,0.49688147,1.262034285,-0.088441168,won,0.49688147,0.026151656
90,bootstrap,player_00154,occasional_player,0.028943564,0,1.5,0.043415346,0,,0.01025876,0.009232884,3.543216656,122.418118795,0.004037776,lost,-0.028943564,0.0
90,bootstrap,player_00074,opportunistic_player,1.052281671,0.028943564,1.475658284,1.552808165,10,,0.366918323,0.330226491,2.571045454,2.443305367,0.144236931,won,2.571045454,0.135318182
90,countdown,player_00155,occasional_player,0.327021632,1.081225235,1.0,0.327021632,10,,0.077273054,0.069545748,3.260042492,9.968889433,-0.077556573,lost,-0.327021632,0.0
90,countdown,player_00156,occasional_player,0.02657147,1.408246867,1.0,0.02657147,10,,0.006278663,0.005650797,3.545470145,133.4314641,-0.006386589,lost,-0.02657147,0.0
90,countdown,player_00035,opportunistic_player,1.554619811,1.434818337,1.0,1.554619811,10,,0.367346403,0.330611763,2.093824221,1.346840048,-0.348401297,lost,-1.554619811,0.0
90,countdown,player_00157,opportunistic_player,0.727590342,2.989438148,1.0,0.727590342,10,,0.171924797,0.154732317,2.879502217,3.95758719,-0.169456552,lost,-0.727590342,0.0
91,bootstrap,player_00018,occasional_player,0.091893036,0,1.5,0.137839554,0,,0.052486681,0.047238013,2.273464144,24.740331188,0.019841737,lost,-0.091893036,0.0
91,bootstrap,player_00092,occasional_player,0.162744814,0.091893036,1.420563878,0.231189404,10,,0.088032529,0.079229276,2.206154955,13.555915554,0.0249414,lost,-0.162744814,0.0
91,bootstrap,player_00101,player_whale,0.24033769,0.25463785,1.279880564,0.307603538,30,,0.117129578,0.10541662,2.132441723,8.872689603,0.009792697,lost,-0.24033769,0.0
91,countdown,player_00042,occasional_player,0.017220517,0.49497554,1.0,0.017220517,30,,0.006557245,0.005901521,2.344403038,136.140107614,-0.003283346,lost,-0.017220517,0.0
91,countdown,player_00075,occasional_player,0.220540599,0.512196057,1.0,0.220540599,30,,0.083977666,0.0755799,2.15124896,9.754435099,-0.041280982,lost,-0.220540599,0.0
91,countdown,player_00158,opportunistic_player,0.502429373,0.732736656,1.0,0.502429373,30,,0.191315551,0.172183996,1.883454624,3.74869529,-0.091618332,won,1.883454624,0.099129191
91,countdown,player_00159,occasional_player,1.063281982,1.235166029,1.0,1.063281982,30,,0.40487756,0.364389804,1.350644646,1.270260071,-0.183671731,lost,-1.063281982,0.0
91,countdown,player_00160,opportunistic_player,0.146076591,2.298448011,1.0,0.146076591,30,,0.055623188,0.050060869,2.221989767,15.211128299,-0.02752913,lost,-0.146076591,0.0
92,bootstrap,player_00158,opportunistic_player,0.938375722,0,1.5,1.407563583,0,,0.762975434,0.686677891,0.453736776,0.483534224,0.017557152,won,0.453736776,0.023880883
92,countdown,player_00161,occasional_player,0.038342874,0.938375722,1.0,0.038342874,0,,0.020783907,0.018705517,1.308767982,34.133278114,-0.01314447,lost,-0.038342874,0.0
92,countdown,player_00162,occasional_player,0.288384811,0.976718596,1.0,0.288384811,0,,0.156320133,0.14068812,1.071228142,3.714578927,-0.097103421,lost,-0.288384811,0.0
92,countdown,player_00163,opportunistic_player,0.110543467,1.265103407,1.0,0.110543467,0,,0.059920526,0.053928473,1.240177419,11.218911911,-0.037701152,lost,-0.110543467,0.0
93,bootstrap,player_00100,occasional_player,0.199938335,0,1.5,0.299907502,0,,0.408977251,0.368079526,0.378904973,1.895109173,0.013122035,lost,-0.199938335,0.0
93,bootstrap,player_00138,occasional_player,0.151900719,0.199938335,1.334688151,0.20274009,10,,0.276472193,0.248824974,0.424540708,2.794856473,-0.008467696,won,0.424540708,0.022344248
93,bootstrap,player_00071,occasional_player,0.029183489,0.351839054,1.209094483,0.035285596,20,,0.04811819,0.043306371,0.541122076,18.542062476,-0.004485625,lost,-0.029183489,0.0
93,bootstrap,player_00153,occasional_player,0.090760539,0.381022543,1.184965161,0.107548077,30,,0.146660943,0.131994848,0.482623879,5.317551924,-0.01507675,lost,-0.090760539,0.0
93,countdown,player_00164,opportunistic_player,0.087829698,0.471783082,1.0,0.087829698,30,,0.119771424,0.107794281,0.485408178,5.526697562,-0.026037933,lost,-0.087829698,0.0
94,bootstrap,player_00043,player_whale,0.528559827,0,1.5,0.792839741,0,,0.909705129,0.818734616,0.11047623,0.209013671,-0.005358886,won,0.11047623,0.005814538
94,bootstrap,player_00075,occasional_player,0.074225498,0.528559827,1.060216926,0.078695129,10,,0.090294871,0.081265384,0.542093843,7.303337224,-0.02414007,lost,-0.074225498,0.0
95,bootstrap,player_00005,persistent_player,0.044163908,0,1.5,0.066245862,0,,0.026141031,0.023526928,2.220909414,50.287882442,0.009126308,lost,-0.044163908,0.0
95,bootstrap,player_00165,opportunistic_player,0.12500304,0.044163908,1.46331921,0.18291935,10,,0.072181117,0.064963006,2.144112238,17.152480758,0.022405509,lost,-0.12500304,0.0
95,bootstrap,player_00010,occasional_player,0.0680779,0.169166948,1.359496643,0.092551677,20,,0.036521469,0.032869323,2.198191121,32.289349719,0.006412827,lost,-0.0680779,0.0
95,bootstrap,player_00026,opportunistic_player,0.048290277,0.237244848,1.30295384,0.062920002,30,,0.024828626,0.022345763,2.216989363,45.909642703,0.002329125,lost,-0.048290277,0.0
95,bootstrap,player_00083,player_whale,0.286277835,0.285535125,1.262845851,0.361524776,40,,0.142659933,0.12839394,1.990901183,6.954437052,0.006098151,lost,-0.286277835,0.0
95,countdown,player_00166,occasional_player,0.031640662,0.57181296,1.0,0.031640662,40,,0.012485603,0.011237042,2.232806497,70.567629001,-0.006194973,lost,-0.031640662,0.0
95,countdown,player_00167,opportunistic_player,1.080878229,0.603453622,1.0,1.080878229,40,,0.426521296,0.383869167,1.236030809,1.14354307,-0.191488288,lost,-1.080878229,0.0
95,countdown,player_00168,opportunistic_player,0.433784526,1.684331851,1.0,0.433784526,40,,0.171174082,0.154056674,1.850769827,4.266564886,-0.081833682,lost,-0.433784526,0.0
95,countdown,player_00169,opportunistic_player,0.147190425,2.118116377,1.0,0.147190425,40,,0.05808226,0.052274034,2.123034223,14.423725066,-0.028516624,lost,-0.147190425,0.0
95,countdown,player_00170,occasional_player,0.074516263,2.265306802,1.0,0.074516263,40,,0.029404583,0.026464124,2.192074676,29.41739948,-0.014532919,lost,-0.074516263,0.0
96,bootstrap,player_00170,occasional_player,0.07410977,0,1.5,0.111164655,0,,0.128636328,0.115772695,0.592218222,7.991095122,0.003032817,lost,-0.07410977,0.0
96,bootstrap,player_00122,occasional_player,0.351829981,0.07410977,1.441028035,0.506996866,10,,0.586681216,0.528013094,0.328384021,0.933359972,0.007331919,lost,-0.351829981,0.0
96,bootstrap,player_00127,occasional_player,0.114507325,0.425939751,1.161063525,0.132950278,20,,0.153845982,0.138461384,0.553840544,4.836725898,-0.021966954,lost,-0.114507325,0.0
96,countdown,player_00135,occasional_player,0.038497798,0.540447076,1.0,0.038497798,20,,0.044548471,0.040093623,0.626049595,16.26195854,-0.011853685,lost,-0.038497798,0.0
96,countdown,player_00163,opportunistic_player,0.052553819,0.578944874,1.0,0.052553819,20,,0.060813667,0.0547323,0.612696375,11.658455783,-0.016143146,lost,-0.052553819,0.0
96,countdown,player_00055,occasional_player,0.022014356,0.631498693,1.0,0.022014356,20,,0.025474337,0.022926904,0.641708865,29.149563352,-0.006797238,lost,-0.022014356,0.0
97,bootstrap,player_00130,occasional_player,0.614395612,0,1.5,0.921593418,0,,0.258375738,0.232538164,2.553878274,4.156732606,0.122348982,won,2.553878274,0.134414646
97,bootstrap,player_00170,occasional_player,0.088614212,0.614395612,1.016557905,0.090081478,10,,0.025255029,0.022729526,3.053370604,34.456895058,-0.017198386,lost,-0.088614212,0.0
97,countdown,player_00171,occasional_player,0.826501699,0.703009824,1.0,0.826501699,10,,0.23171605,0.208544445,2.352377491,2.846185911,-0.163564102,lost,-0.826501699,0.0
97,countdown,player_00172,occasional_player,0.125014092,1.529511523,1.0,0.125014092,10,,0.035048653,0.031543788,3.018790718,24.147603436,-0.025846579,lost,-0.125014092,0.0
97,countdown,player_00173,occasional_player,0.07183604,1.654525615,1.0,0.07183604,10,,0.020139781,0.018125803,3.069309867,42.726601674,-0.014900248,lost,-0.07183604,0.0
97,countdown,player_00174,opportunistic_player,1.531846169,1.726361655,1.0,1.531846169,10,,0.429464748,0.386518273,1.682300244,1.098217483,-0.289519848,lost,-1.531846169,0.0
98,bootstrap,player_00080,occasional_player,0.033519005,0,1.5,0.050278507,0,,0.032502677,0.02925241,1.31411423,39.205048902,0.005902514,lost,-0.033519005,0.0
98,bootstrap,player_00024,occasional_player,0.179728865,0.033519005,1.473606828,0.264849683,10,,0.171212797,0.154091517,1.175214863,6.538820924,0.029056469,lost,-0.179728865,0.0
98,bootstrap,player_00175,occasional_player,0.043505491,0.21324787,1.332086671,0.057953085,20,,0.037463929,0.033717536,1.304627068,29.987641525,0.001950217,lost,-0.043505491,0.0
98,bootstrap,player_00102,opportunistic_player,0.096817289,0.256753361,1.297830048,0.125652387,30,,0.081228327,0.073105494,1.25398086,12.952034428,0.001933477,lost,-0.096817289,0.0
98,bootstrap,player_00030,occasional_player,0.132642604,0.35357065,1.221595227,0.162035572,40,,0.104748335,0.094273502,1.219946811,9.197247146,-0.005129263,won,1.219946811,0.064207727
98,countdown,player_00176,occasional_player,0.044405282,0.486213254,1.0,0.044405282,40,,0.028705915,0.025835324,1.303772267,29.360747378,-0.009574679,lost,-0.044405282,0.0
98,countdown,player_00015,occasional_player,0.123401942,0.530618536,1.0,0.123401942,40,,0.07977352,0.071796168,1.22872544,9.957099703,-0.026324377,lost,-0.123401942,0.0
98,countdown,player_00177,occasional_player,0.718327093,0.654020478,1.0,0.718327093,40,,0.464364499,0.417928049,0.663546547,0.923738716,-0.140803338,lost,-0.718327093,0.0
99,bootstrap,player_00170,occasional_player,0.137537165,0,1.5,0.206305747,0,,0.110685807,0.099617226,1.172621416,8.525851296,-0.007022801,lost,-0.137537165,0.0
99,bootstrap,player_00158,opportunistic_player,1.18876551,0.137537165,1.39437124,1.657580439,10,,0.889314193,0.800382774,0.173954489,0.146332045,-0.098067898,lost,-1.18876551,0.0
100,bootstrap,player_00153,occasional_player,0.079193751,0,1.5,0.118790627,0,,0.065394245,0.058854821,1.253659101,15.830278091,-0.000748935,lost,-0.079193751,0.0
100,bootstrap,player_00069,occasional_player,0.015668402,0.079193751,1.440333821,0.022567729,10,,0.012423536,0.011181182,1.314008183,83.86357351,-0.000801046,lost,-0.015668402,0.0
100,bootstrap,player_00159,occasional_player,0.974622622,0.094862153,1.428528929,1.39227661,20,,0.766448333,0.6898035,0.403001674,0.413495095,-0.024332562,won,0.403001674,0.021210614
100,countdown,player_00112,opportunistic_player,0.092191968,1.069484775,1.0,0.092191968,20,,0.050751682,0.045676514,1.241310795,13.464413681,-0.03128221,lost,-0.092191968,0.0
100,countdown,player_00127,occasional_player,0.027963146,1.161676743,1.0,0.027963146,20,,0.015393713,0.013854342,1.302328176,46.573020651,-0.009532835,lost,-0.027963146,0.0
100,countdown,player_00178,opportunistic_player,0.162740207,1.189639889,1.0,0.162740207,20,,0.089588491,0.080629642,1.174289968,7.215733529,-0.054935943,lost,-0.162740207,0.0
101,bootstrap,player_00179,occasional_player,0.231810665,0,1.5,0.347715997,0,,0.194225862,0.174803275,1.311267586,5.656631827,0.037924467,lost,-0.231810665,0.0
101,bootstrap,player_00016,occasional_player,0.031794735,0.231810665,1.325226799,0.042135235,10,,0.023535737,0.021182163,1.501282719,47.217966088,0.000679162,lost,-0.031794735,0.0
101,bootstrap,player_00063,occasional_player,0.057985722,0.2636054,1.30125522,0.075454223,20,,0.042146929,0.037932236,1.476401281,25.461462416,0.000217008,lost,-0.057985722,0.0
101,bootstrap,player_00020,occasional_player,0.015870184,0.321591122,1.257536997,0.019957344,30,,0.011147696,0.010032927,1.516411042,95.550942728,-0.000496919,lost,-0.015870184,0.0
101,bootstrap,player_00078,occasional_player,0.312717943,0.337461306,1.245571703,0.389512621,40,,0.217572459,0.195815213,1.234405671,3.947345201,-0.009767603,lost,-0.312717943,0.0
101,countdown,player_00180,opportunistic_player,0.244562648,0.650179249,1.0,0.244562648,40,,0.136606861,0.122946175,1.299153202,5.3121489,-0.054768689,lost,-0.244562648,0.0
101,countdown,player_00181,occasional_player,0.255884988,0.894741897,1.0,0.255884988,40,,0.142931251,0.128638125,1.288396979,5.035062779,-0.057231451,lost,-0.255884988,0.0
101,countdown,player_00171,occasional_player,0.24302659,1.150626885,1.0,0.24302659,40,,0.135748856,0.12217397,1.300612457,5.35172903,-0.054434079,lost,-0.24302659,0.0
101,countdown,player_00156,occasional_player,0.055381793,1.393653475,1.0,0.055381793,40,,0.030934949,0.027841454,1.478875014,26.703270765,-0.012665853,lost,-0.055381793,0.0
101,countdown,player_00182,occasional_player,0.11663477,1.449035268,1.0,0.11663477,40,,0.0651494,0.05863446,1.420684686,12.18062749,-0.026494873,lost,-0.11663477,0.0
102,bootstrap,player_00114,occasional_player,0.052099786,0,1.5,0.078149679,0,,0.1085453,0.09769077,0.503175045,9.657910009,0.00214544,lost,-0.052099786,0.0
102,bootstrap,player_00057,occasional_player,0.076349099,0.052099786,1.460467307,0.111505363,10,,0.15487438,0.139386942,0.480138197,6.288721198,0.001217964,lost,-0.076349099,0.0
102,bootstrap,player_00183,occasional_player,0.068571419,0.128448885,1.402534527,0.096173783,20,,0.133579719,0.120221747,0.487526993,7.109769645,-0.001716296,lost,-0.068571419,0.0
102,bootstrap,player_00184,occasional_player,0.184181089,0.197020304,1.350503357,0.248737179,30,,0.345481289,0.31093316,0.377697807,2.050687228,-0.009474309,lost,-0.184181089,0.0
102,bootstrap,player_00110,occasional_player,0.108705249,0.381201393,1.210748956,0.131614767,40,,0.182805158,0.164524642,0.449399855,4.13411366,-0.016883207,lost,-0.108705249,0.0
102,countdown,player_00045,opportunistic_player,0.053792169,0.489906642,1.0,0.053792169,40,,0.074714154,0.067242738,0.501567281,9.324169115,-0.016448279,lost,-0.053792169,0.0
103,bootstrap,player_00071,occasional_player,0.019199733,0,1.5,0.0287996,0,,0.014835918,0.013352326,1.621057159,84.431234506,0.002701512,lost,-0.019199733,0.0
103,bootstrap,player_00153,occasional_player,0.073393369,0.019199733,1.48554478,0.109029136,20,,0.082031643,0.073828479,1.532127354,13.581478779,0.008633173,lost,-0.073393369,0.0
103,bootstrap,player_00185,occasional_player,0.207771197,0.092593102,1.430287903,0.29717263,30,,0.153086461,0.137777814,1.441914269,6.939914143,0.019518861,lost,-0.207771197,0.0
103,bootstrap,player_00153,occasional_player,0.039416685,0.300364299,1.273859771,0.050211329,40,,0.082031643,0.073828479,1.532127354,13.581478779,0.008633173,lost,-0.039416685,0.0
103,bootstrap,player_00094,opportunistic_player,0.477870743,0.339780984,1.244183481,0.594558884,50,,0.306282968,0.275654671,1.1853197,2.480419061,-0.019404528,lost,-0.477870743,0.0
103,countdown,player_00074,opportunistic_player,0.861436213,0.817651727,1.0,0.861436213,50,,0.44376301,0.399386709,0.820932503,0.952981185,-0.189520508,won,0.820932503,0.043206974
104,bootstrap,player_00186,occasional_player,0.112036985,0,1.5,0.168055477,10,,0.192970253,0.173673228,0.593873772,5.300693976,0.010560814,lost,-0.112036985,0.0
104,bootstrap,player_00126,occasional_player,0.085889901,0.112036985,1.415589778,0.121584866,20,,0.139610221,0.125649199,0.618713501,7.203565193,0.002642952,lost,-0.085889901,0.0
104,bootstrap,player_00020,occasional_player,0.023919614,0.197926886,1.350879133,0.032312507,30,,0.037102942,0.033392648,0.677585274,28.327600686,-0.000494508,lost,-0.023919614,0.0
104,bootstrap,player_00080,occasional_player,0.015166798,0.2218465,1.332857763,0.020215184,40,,0.023212151,0.020890936,0.685900449,45.223813831,-0.000520847,lost,-0.015166798,0.0
104,bootstrap,player_00172,occasional_player,0.162463001,0.237013298,1.321430887,0.214683628,50,,0.24651118,0.221860062,0.545969056,3.360574734,-0.005290221,lost,-0.162463001,0.0
104,bootstrap,player_00155,occasional_player,0.114559041,0.399476299,1.199029004,0.137359613,60,,0.157723626,0.141951264,0.591477818,5.163082836,-0.014336217,lost,-0.114559041,0.0
104,countdown,player_00133,occasional_player,0.135219732,0.51403534,1.0,0.135219732,60,,0.155266501,0.139739851,0.571850162,4.229043745,-0.03641389,won,0.571850162,0.030097377
104,countdown,player_00187,occasional_player,0.04145699,0.649255072,1.0,0.04145699,60,,0.047603125,0.042842812,0.660924767,15.942420488,-0.01136498,lost,-0.04145699,0.0
104,bootstrap,player_00085,occasional_player,0.067592393,0,1.5,0.10138859,0,10,0.0,0.0,0.0,0.0,0.0,pending_withdrawn,0.0,0.0
105,bootstrap,player_00188,occasional_player,0.234308397,0,1.5,0.351462596,0,,0.25753969,0.231785721,0.869886534,3.712570891,0.021628221,lost,-0.234308397,0.0
105,bootstrap,player_00072,opportunistic_player,0.183798264,0.234308397,1.323345139,0.243228539,10,,0.178229499,0.160406549,0.917871161,4.993905495,-0.007083273,lost,-0.183798264,0.0
105,bootstrap,player_00097,occasional_player,0.020208936,0.418106661,1.184771971,0.023942981,20,,0.017544592,0.015790133,1.073281022,53.109229606,-0.002942584,lost,-0.020208936,0.0
105,bootstrap,player_00156,occasional_player,0.031732645,0.438315597,1.160555641,0.0368275,30,,0.026985924,0.024287332,1.062333499,33.477622132,-0.005160698,lost,-0.031732645,0.0
105,bootstrap,player_00073,player_whale,0.547839309,0.470048242,1.135980957,0.622335023,40,,0.456025678,0.41042311,0.572032168,1.044160502,-0.088218174,won,0.572032168,0.030106956
105,countdown,player_00189,occasional_player,0.0868963,1.017887551,1.0,0.0868963,40,,0.063674617,0.057307155,1.009928026,11.622221272,-0.024040418,lost,-0.0868963,0.0
106,bootstrap,player_00104,occasional_player,0.038652176,0,1.5,0.057978264,0,,0.031032676,0.027929408,1.301140966,33.66281282,-0.001232546,lost,-0.038652176,0.0
106,bootstrap,player_00011,opportunistic_player,1.034461363,0.038652176,1.470796027,1.521481663,10,,0.81436808,0.732931272,0.355122238,0.34329193,-0.015992087,won,0.355122238,0.018690644
106,countdown,player_00050,occasional_player,0.288837346,1.073113539,1.0,0.288837346,10,,0.154599244,0.13913932,1.063465054,3.681882101,-0.10067891,lost,-0.288837346,0.0
107,bootstrap,player_00189,occasional_player,0.088462095,0,1.5,0.132693142,0,,0.052000012,0.04680001,2.210804631,24.991547299,0.019143612,lost,-0.088462095,0.0
107,bootstrap,player_00029,occasional_player,0.115451029,0.088462095,1.433114909,0.165454591,10,,0.064838623,0.058354761,2.185165144,18.927203707,0.018800878,lost,-0.115451029,0.0
107,bootstrap,player_00046,occasional_player,0.238574456,0.203913124,1.34582382,0.321079186,20,,0.125825051,0.113242546,2.068197888,8.668982938,0.022650317,lost,-0.238574456,0.0
107,bootstrap,player_00008,persistent_player,0.018281091,0.44248758,1.165440638,0.021305526,30,,0.008349245,0.007514321,2.277476585,124.580999306,-0.001030031,lost,-0.018281091,0.0
107,bootstrap,player_00190,occasional_player,0.017761168,0.460768671,1.151618532,0.02045409,40,,0.008015583,0.007214025,2.277970512,128.255670575,-0.001199703,lost,-0.017761168,0.0
107,countdown,player_00191,occasional_player,0.232930147,0.478529839,1.0,0.232930147,40,,0.091281058,0.082152952,2.073559982,8.902067889,-0.043445175,won,2.073559982,0.109134736
107,countdown,player_00017,occasional_player,0.043951634,0.711459986,1.0,0.043951634,40,,0.01722384,0.015501456,2.253089569,51.262930733,-0.00834415,lost,-0.043951634,0.0
107,countdown,player_00094,opportunistic_player,0.280529499,0.75541162,1.0,0.280529499,40,,0.109934372,0.098940934,2.028340598,7.230400385,-0.052087734,lost,-0.280529499,0.0
107,countdown,player_00192,player_whale,1.333392812,1.035941119,1.0,1.333392812,40,,0.522532216,0.470278995,1.02812045,0.771055942,-0.222822729,lost,-1.333392812,0.0
108,bootstrap,player_00141,opportunistic_player,0.365710377,0,1.5,0.548565565,10,,0.469316297,0.422384667,0.589199008,1.611108256,0.037628706,lost,-0.365710377,0.0
108,bootstrap,player_00155,occasional_player,0.08262797,0.365710377,1.21623057,0.100494663,20,,0.085976565,0.077378909,0.858127294,10.385433582,-0.009833354,won,0.858127294,0.045164594
108,bootstrap,player_00065,occasional_player,0.023610819,0.448338347,1.152116196,0.027202407,30,,0.023272574,0.020945317,0.914193588,38.719266279,-0.003968208,lost,-0.023610819,0.0
108,bootstrap,player_00191,occasional_player,0.179882498,0.471949166,1.128109719,0.202927194,40,,0.173611042,0.156249938,0.765735493,4.256864906,-0.032129746,lost,-0.179882498,0.0
108,countdown,player_00070,opportunistic_player,0.289671275,0.651831664,1.0,0.289671275,40,,0.247823522,0.223041169,0.661436155,2.283402642,-0.077535162,lost,-0.289671275,0.0
109,bootstrap,player_00076,occasional_player,0.141203749,0,1.5,0.211805623,0,,0.080466108,0.072419497,2.219183015,15.716176311,0.029734274,lost,-0.141203749,0.0
109,bootstrap,player_00007,persistent_player,0.106853644,0.141203749,1.388655199,0.148382868,10,,0.056371458,0.050734313,2.251815615,21.073830807,0.012811819,won,2.251815615,0.118516611
109,bootstrap,player_00046,occasional_player,0.206631291,0.248057393,1.304396828,0.269529201,20,,0.102395609,0.092156048,2.15702685,10.439013567,0.011194103,lost,-0.206631291,0.0
109,bootstrap,player_00031,player_whale,0.172521978,0.454688684,1.141459794,0.196926901,30,,0.074813601,0.06733224,2.189430697,12.690734959,-0.013486412,lost,-0.172521978,0.0
109,countdown,player_00178,opportunistic_player,0.496972334,0.627210662,1.0,0.496972334,30,,0.188802492,0.169922243,1.881202859,3.785327131,-0.092867471,lost,-0.496972334,0.0
109,countdown,player_00022,occasional_player,0.015292922,1.124182996,1.0,0.015292922,30,,0.005809864,0.005228878,2.338798301,152.933383213,-0.002983667,lost,-0.015292922,0.0
109,countdown,player_00193,occasional_player,1.293324124,1.139475918,1.0,1.293324124,30,,0.491340868,0.442206781,1.124668659,0.869595361,-0.224071319,lost,-1.293324124,0.0
110,bootstrap,player_00152,occasional_player,0.106287701,0,1.5,0.159431551,0,,0.124326465,0.111893818,0.942160077,8.864243639,0.011027124,lost,-0.106287701,0.0
110,bootstrap,player_00002,persistent_player,0.018835372,0.106287701,1.416129189,0.02667332,10,,0.020800146,0.018720132,1.02523979,54.431618874,0.000709852,lost,-0.018835372,0.0
110,bootstrap,player_00194,player_whale,0.417926774,0.125123073,1.401266341,0.585626721,20,,0.456678113,0.411010301,0.646102958,1.545971683,0.019400407,won,0.646102958,0.034005419
110,countdown,player_00195,occasional_player,0.148568713,0.543049847,1.0,0.148568713,20,,0.115855505,0.104269954,0.901993116,6.071218481,-0.039026679,lost,-0.148568713,0.0
110,countdown,player_00196,occasional_player,0.134986474,0.69161856,1.0,0.134986474,20,,0.105263927,0.094737534,0.914896243,6.777688283,-0.035523174,lost,-0.134986474,0.0
110,countdown,player_00116,occasional_player,0.016543107,0.826605034,1.0,0.016543107,20,,0.012900496,0.011610446,1.027417442,62.105470381,-0.004422259,lost,-0.016543107,0.0
110,countdown,player_00081,occasional_player,0.153431266,0.843148141,1.0,0.153431266,20,,0.119647377,0.107682639,0.897373691,5.848701599,-0.040277815,lost,-0.153431266,0.0
110,countdown,player_00197,occasional_player,0.057100986,0.996579407,1.0,0.057100986,20,,0.044527972,0.040075175,0.988887457,17.318220332,-0.015182816,lost,-0.057100986,0.0
111,bootstrap,player_00198,player_whale,1.431940235,0,1.5,2.147910352,0,,0.770482391,0.693434152,0.650375726,0.454191949,0.012008767,lost,-1.431940235,0.0
111,countdown,player_00199,opportunistic_player,0.135537151,1.431940235,1.0,0.135537151,0,,0.048618876,0.043756989,1.881958656,13.885186772,-0.047257609,lost,-0.135537151,0.0
111,countdown,player_00200,occasional_player,0.044319136,1.567477386,1.0,0.044319136,0,,0.01589783,0.014308047,1.96861577,44.419091799,-0.015517969,lost,-0.044319136,0.0
111,countdown,player_00201,opportunistic_player,0.046427037,1.611796522,1.0,0.046427037,0,,0.016653961,0.014988565,1.966613264,42.359224098,-0.016254452,lost,-0.046427037,0.0
111,countdown,player_00055,occasional_player,0.03397922,1.658223559,1.0,0.03397922,0,,0.012188773,0.010969895,1.978438691,58.224958979,-0.011903206,lost,-0.03397922,0.0
111,countdown,player_00202,opportunistic_player,0.379574596,1.692202779,1.0,0.379574596,0,,0.13615817,0.122542353,1.650123083,4.347295896,-0.130850667,lost,-0.379574596,0.0
112,bootstrap,player_00058,occasional_player,0.055715412,0,1.5,0.083573118,0,,0.026715321,0.024043789,2.420530389,43.444538993,0.003822919,lost,-0.055715412,0.0
112,bootstrap,player_00044,player_whale,1.186175225,0.055715412,1.457430942,1.728768476,10,,0.552625126,0.497362613,1.346593567,1.135240004,0.07352928,won,1.346593567,0.070873346
112,countdown,player_00203,opportunistic_player,0.156431551,1.241890637,1.0,0.156431551,10,,0.050005543,0.045004988,2.324850057,14.86177208,-0.044761501,lost,-0.156431551,0.0
112,countdown,player_00204,occasional_player,0.072370351,1.398322188,1.0,0.072370351,10,,0.023134199,0.020820779,2.404708197,33.227808956,-0.020795645,lost,-0.072370351,0.0
112,countdown,player_00205,opportunistic_player,0.132065745,1.470692539,1.0,0.132065745,10,,0.04221667,0.037995003,2.347997573,17.779005243,-0.037835731,lost,-0.132065745,0.0
112,countdown,player_00073,player_whale,0.955075007,1.602758284,1.0,0.955075007,10,,0.305303141,0.274772827,1.566138774,1.639807096,-0.262313969,lost,-0.955075007,0.0
113,bootstrap,player_00086,occasional_player,0.05677969,0,1.5,0.085169535,0,,0.064954921,0.058459429,1.067672701,18.803778273,0.008955154,lost,-0.05677969,0.0
113,bootstrap,player_00206,occasional_player,0.198211623,0.05677969,1.456587398,0.288712552,10,,0.220187899,0.198169109,0.933312365,4.708666176,0.026021477,lost,-0.198211623,0.0
113,bootstrap,player_00064,occasional_player,0.118592356,0.254991313,1.305038801,0.154767626,20,,0.118034211,0.10623079,1.008950668,8.507720923,0.00118743,won,1.008950668,0.053102667
113,bootstrap,player_00207,occasional_player,0.067399239,0.373583669,1.214365485,0.08184731,30,,0.062421211,0.05617909,1.05758413,15.691336361,-0.004198697,lost,-0.067399239,0.0
113,bootstrap,player_00040,occasional_player,0.041925495,0.440982908,1.162833391,0.048752366,40,,0.037181207,0.033463086,1.081784186,25.802538203,-0.004322701,lost,-0.041925495,0.0
113,countdown,player_00208,opportunistic_player,0.130846073,0.482908403,1.0,0.130846073,40,,0.099790334,0.0898113,0.997309637,7.622006641,-0.029524942,lost,-0.130846073,0.0
113,countdown,player_00209,occasional_player,0.325565277,0.613754476,1.0,0.325565277,40,,0.248293792,0.223464413,0.812326394,2.495126019,-0.071286983,lost,-0.325565277,0.0
113,countdown,player_00210,occasional_player,0.195549158,0.939319753,1.0,0.195549158,40,,0.149136426,0.134222784,0.935841707,4.785710745,-0.043690727,lost,-0.195549158,0.0
114,bootstrap,player_00028,occasional_player,0.321077256,0,1.5,0.481615884,0,,0.41077617,0.369698553,0.655772892,2.042414651,0.040062831,lost,-0.321077256,0.0
114,bootstrap,player_00131,opportunistic_player,0.05952853,0.321077256,1.254338863,0.074668949,10,,0.063686074,0.057317467,0.904244181,15.190097613,-0.00428752,won,0.904244181,0.047591799
114,bootstrap,player_00211,occasional_player,0.1492126,0.380605786,1.208792671,0.180367097,20,,0.153837338,0.138453604,0.819044315,5.489109599,-0.015153941,lost,-0.1492126,0.0
114,countdown,player_00212,occasional_player,0.092628752,0.529818386,1.0,0.092628752,20,,0.079004213,0.071103792,0.872798971,9.422549173,-0.02398318,lost,-0.092628752,0.0
114,countdown,player_00209,occasional_player,0.221694226,0.622447138,1.0,0.221694226,20,,0.189085759,0.170177183,0.75018677,3.383880509,-0.056302255,lost,-0.221694226,0.0
114,countdown,player_00072,opportunistic_player,0.12147841,0.844141364,1.0,0.12147841,20,,0.103610445,0.0932494,0.845391795,6.959193782,-0.031318343,lost,-0.12147841,0.0
115,bootstrap,player_00046,occasional_player,0.146907579,0,1.5,0.220361369,0,,0.149742398,0.134768158,1.064217873,7.244131858,0.016313568,lost,-0.146907579,0.0
115,bootstrap,player_00132,player_whale,0.456041085,0.146907579,1.387520021,0.632766136,10,,0.429984253,0.386985828,0.770541042,1.689630754,0.018628815,lost,-0.456041085,0.0
115,countdown,player_00213,occasional_player,0.378857662,0.602948664,1.0,0.378857662,10,,0.257445555,0.231700999,0.843865294,2.227394029,-0.095551531,won,0.843865294,0.044413963
115,countdown,player_00182,occasional_player,0.13693038,0.981806326,1.0,0.13693038,10,,0.093048448,0.083743604,1.073696212,7.841183324,-0.035548147,lost,-0.13693038,0.0
115,countdown,player_00214,occasional_player,0.061953731,1.118736706,1.0,0.061953731,10,,0.042099485,0.037889537,1.144924029,18.48030797,-0.016225692,lost,-0.061953731,0.0
115,countdown,player_00215,occasional_player,0.040733767,1.180690437,1.0,0.040733767,10,,0.027679861,0.024911874,1.165082995,28.602387659,-0.010694611,lost,-0.040733767,0.0
116,bootstrap,player_00189,occasional_player,0.074576423,0,1.5,0.111864635,0,,0.131598988,0.118439089,0.573786554,7.6939404,0.002215098,lost,-0.074576423,0.0
116,bootstrap,player_00158,opportunistic_player,0.318158068,0.074576423,1.442860467,0.459057699,10,,0.540041352,0.486037217,0.342383991,1.076144299,0.002889956,lost,-0.318158068,0.0
116,bootstrap,player_00216,opportunistic_player,0.088786683,0.392734491,1.199091689,0.106463374,20,,0.125244876,0.112720388,0.560286807,6.310482472,-0.015622867,lost,-0.088786683,0.0
116,bootstrap,player_00059,occasional_player,0.152649171,0.481521174,1.13106443,0.172656048,30,,0.203114784,0.182803306,0.499617443,3.272978425,-0.033412678,won,0.499617443,0.026295655
117,bootstrap,player_00168,opportunistic_player,0.150685272,0,1.5,0.226027908,0,,0.282789341,0.254510407,1.508242202,3.001477372,0.009254861,lost,-0.150685272,0.0
117,bootstrap,player_00072,opportunistic_player,0.082166055,0.150685272,1.383059754,0.113640564,10,,0.05005169,0.045046521,1.907559394,23.215905815,0.007464155,lost,-0.082166055,0.0
117,bootstrap,player_00012,opportunistic_player,0.161346906,0.232851327,1.319294274,0.212864049,20,,0.093753542,0.084378188,1.832337586,11.356508972,0.006876579,lost,-0.161346906,0.0
117,bootstrap,player_00037,occasional_player,0.014869283,0.394198233,1.19408,0.017755113,30,,0.007820037,0.007038033,1.971491327,132.588190532,-0.000889211,lost,-0.014869283,0.0
117,bootstrap,player_00168,opportunistic_player,0.351814669,0.409067516,1.1825406,0.41603513,40,,0.282789341,0.254510407,1.508242202,3.001477372,0.009254861,lost,-0.351814669,0.0
117,countdown,player_00217,opportunistic_player,1.219850795,0.760882185,1.0,1.219850795,40,,0.537269368,0.483542431,0.826758891,0.677754111,-0.230228171,lost,-1.219850795,0.0
117,countdown,player_00218,occasional_player,0.064290508,1.98073298,1.0,0.064290508,40,,0.028316021,0.025484419,1.924541164,29.935074766,-0.013606289,lost,-0.064290508,0.0
118,bootstrap,player_00019,opportunistic_player,0.08072984,0,1.5,0.12109476,0,,0.054774751,0.049297276,1.671528829,20.705216671,0.005651738,won,1.671528829,0.087975202
118,bootstrap,player_00213,occasional_player,0.857587864,0.08072984,1.439182981,1.234225858,10,,0.558276953,0.502449258,0.933513706,1.088534185,0.04234979,lost,-0.857587864,0.0
118,countdown,player_00030,occasional_player,0.276414906,0.938317704,1.0,0.276414906,10,,0.125030658,0.112527592,1.485628016,5.374630615,-0.078136458,lost,-0.276414906,0.0
118,countdown,player_00219,opportunistic_player,0.299534637,1.21473261,1.0,0.299534637,10,,0.135488398,0.121939558,1.463664272,4.886460833,-0.084530941,lost,-0.299534637,0.0
118,countdown,player_00076,occasional_player,0.279506859,1.514267247,1.0,0.279506859,10,,0.12642924,0.113786316,1.482690661,5.304666462,-0.078992895,lost,-0.279506859,0.0
119,bootstrap,player_00144,occasional_player,0.168173946,0,1.5,0.252260919,0,,0.06350276,0.057152484,2.939966553,17.481700483,0.009464005,lost,-0.168173946,0.0
119,bootstrap,player_00220,occasional_player,0.048771526,0.168173946,1.373219089,0.066973991,10,,0.01685966,0.015173694,3.053398852,62.606178285,-0.001700142,lost,-0.048771526,0.0
119,bootstrap,player_00073,player_whale,1.942930392,0.216945472,1.33645181,2.596632839,30,,0.653661904,0.588295713,1.253947929,0.645390043,-0.062220579,won,1.253947929,0.065997259
119,countdown,player_00222,occasional_player,0.138131806,2.159875864,1.0,0.138131806,30,,0.034772532,0.031295279,2.968506586,21.490391474,-0.040908691,lost,-0.138131806,0.0
119,countdown,player_00047,occasional_player,0.013355625,2.29800767,1.0,0.013355625,30,,0.003362071,0.003025864,3.087043958,231.141856553,-0.003974239,lost,-0.013355625,0.0
119,countdown,player_00163,opportunistic_player,0.070891402,2.311363295,1.0,0.070891402,30,,0.017845807,0.016061226,3.03238497,42.775074046,-0.021048978,lost,-0.070891402,0.0
119,countdown,player_00223,occasional_player,0.223353839,2.382254697,1.0,0.223353839,30,,0.056225853,0.050603267,2.887545655,12.928121887,-0.06593216,lost,-0.223353839,0.0
119,countdown,player_00130,occasional_player,0.610839802,2.605608536,1.0,0.610839802,30,,0.153769413,0.138392472,2.51943399,4.124541298,-0.177633474,lost,-0.610839802,0.0
119,bootstrap,player_00221,opportunistic_player,0.035430645,0.216945472,1.33645181,0.04735135,20,30,0.0,0.0,0.0,0.0,0.0,pending_withdrawn,0.0,0.0
120,bootstrap,player_00010,occasional_player,0.043194788,0,1.5,0.064792182,0,,0.073763697,0.066387327,0.607711798,14.069100142,1.716e-05,lost,-0.043194788,0.0
120,bootstrap,player_00224,occasional_player,0.199725971,0.043194788,1.467414033,0.293080693,20,,0.333662407,0.300296166,0.459007174,2.298184717,-0.001910933,lost,-0.199725971,0.0
120,bootstrap,player_00088,opportunistic_player,0.395295519,0.242920759,1.316741598,0.520502054,30,,0.592573896,0.533316507,0.273216104,0.69116924,-0.038767236,won,0.273216104,0.014379795
121,bootstrap,player_00225,opportunistic_player,0.325073948,0,1.5,0.487610922,0,,0.376657515,0.338991764,0.703938779,2.165472758,0.023752891,lost,-0.325073948,0.0
121,bootstrap,player_00226,occasional_player,0.15978433,0.325073948,1.254600164,0.200465447,10,,0.154850545,0.139365491,0.860963916,5.388287548,-0.01752725,won,0.860963916,0.04531389
121,bootstrap,player_00093,occasional_player,0.534840387,0.484858278,1.13397823,0.606497355,20,,0.46849194,0.421642746,0.504660662,0.943572464,-0.096542311,lost,-0.534840387,0.0
122,bootstrap,player_00161,occasional_player,0.022121458,0,1.5,0.033182187,0,,0.017932932,0.016139639,1.474784052,66.667579159,0.002038057,lost,-0.022121458,0.0
122,bootstrap,player_00010,occasional_player,0.046560965,0.022121458,1.483288711,0.069063354,10,,0.037324497,0.033592047,1.451566521,31.175610744,0.003764205,lost,-0.046560965,0.0
122,bootstrap,player_00223,occasional_player,0.156405212,0.068682423,1.448115,0.226492734,20,,0.122405399,0.110164859,1.347214486,8.613616316,0.00924084,won,1.347214486,0.070906026
122,bootstrap,player_00038,occasional_player,0.662210645,0.225087635,1.32996127,0.88071451,40,,0.475972051,0.428374846,0.866699325,1.308797029,-0.007264072,lost,-0.662210645,0.0
122,countdown,player_00227,occasional_player,0.336313656,0.88729828,1.0,0.336313656,40,,0.181756856,0.163581171,1.176301464,3.497632175,-0.088878304,lost,-0.336313656,0.0
122,countdown,player_00228,occasional_player,0.068918246,1.223611936,1.0,0.068918246,40,,0.037246075,0.033521468,1.430327104,20.753968459,-0.018661341,lost,-0.068918246,0.0
122,countdown,player_00210,occasional_player,0.165438455,1.292530182,1.0,0.165438455,40,,0.089409315,0.080468383,1.338632905,8.091425329,-0.044408264,lost,-0.165438455,0.0
122,countdown,player_00229,occasional_player,0.07022607,1.457968637,1.0,0.07022607,40,,0.037952874,0.034157586,1.429084671,20.34977425,-0.019013234,lost,-0.07022607,0.0
122,bootstrap,player_00084,occasional_player,0.062527191,0.225087635,1.32996127,0.083158742,30,40,0.0,0.0,0.0,0.0,0.0,pending_withdrawn,0.0,0.0
123,bootstrap,player_00209,occasional_player,0.167830194,0,1.5,0.251745291,0,,0.1748302,0.15734718,0.998757348,5.950999185,0.015729066,lost,-0.167830194,0.0
123,bootstrap,player_00159,occasional_player,0.490909578,0.167830194,1.373126645,0.674081022,10,,0.468130782,0.421317704,0.691831933,1.409285872,0.00740036,won,0.691831933,0.036412207
123,countdown,player_00168,opportunistic_player,0.208339292,0.658739772,1.0,0.208339292,10,,0.144685924,0.130217332,0.960273705,4.609181952,-0.056165626,lost,-0.208339292,0.0
123,countdown,player_00230,occasional_player,0.089164538,0.867079064,1.0,0.089164538,10,,0.061922326,0.055730094,1.073489721,12.039424473,-0.024369707,lost,-0.089164538,0.0
123,countdown,player_00053,opportunistic_player,0.137251733,0.956243602,1.0,0.137251733,10,,0.095317564,0.085785808,1.027806886,7.488480205,-0.037306238,lost,-0.137251733,0.0
123,countdown,player_00231,occasional_player,0.043031536,1.093495335,1.0,0.043031536,10,,0.029884222,0.026895799,1.117316073,25.965052068,-0.011823059,lost,-0.043031536,0.0
123,countdown,player_00232,occasional_player,0.036328262,1.136526871,1.0,0.036328262,10,,0.025228982,0.022706083,1.123684183,30.931404952,-0.009988923,lost,-0.036328262,0.0
124,bootstrap,player_00143,occasional_player,0.715971548,0,1.5,1.073957322,0,,0.977684162,0.879915746,0.067240495,0.093915037,-0.026810939,won,0.067240495,0.003538973
124,countdown,player_00233,occasional_player,0.024513292,0.715971548,1.0,0.024513292,0,,0.022315838,0.020084254,0.724125838,29.540130216,-0.009477434,lost,-0.024513292,0.0
125,bootstrap,player_00168,opportunistic_player,0.229237633,0,1.5,0.343856449,0,,0.178665716,0.160799145,1.477902786,6.447033879,0.045269086,lost,-0.229237633,0.0
125,bootstrap,player_00163,opportunistic_player,0.038933254,0.229237633,1.326903858,0.051660685,10,,0.026842577,0.02415832,1.658691946,42.603475845,0.002078518,lost,-0.038933254,0.0
125,bootstrap,player_00127,occasional_player,0.041988516,0.268170887,1.297505561,0.054480333,20,,0.028307649,0.025476884,1.655789447,39.434340748,0.001265577,lost,-0.041988516,0.0
125,bootstrap,player_00112,opportunistic_player,0.173697615,0.310159403,1.265800251,0.219866485,30,,0.114241286,0.102817158,1.530665803,8.812244218,0.001540187,won,1.530665803,0.080561358
125,countdown,player_00039,occasional_player,0.32412581,0.483857018,1.0,0.32412581,30,,0.168413797,0.151572417,1.387759018,4.281544312,-0.064651289,lost,-0.32412581,0.0
125,countdown,player_00234,occasional_player,0.077148016,0.807982828,1.0,0.077148016,30,,0.040085639,0.036077075,1.622387922,21.029548219,-0.01583373,lost,-0.077148016,0.0
125,countdown,player_00235,opportunistic_player,0.191502964,0.885130844,1.0,0.191502964,30,,0.099503774,0.089553396,1.513750722,7.904581163,-0.038791705,lost,-0.191502964,0.0
125,countdown,player_00082,opportunistic_player,0.661939172,1.076633808,1.0,0.661939172,30,,0.343939562,0.309545605,1.066836324,1.611683323,-0.126804314,lost,-0.661939172,0.0
126,bootstrap,player_00194,player_whale,0.302545012,0,1.5,0.453817518,0,,0.294789757,0.265310781,0.966579311,3.194828117,0.034167354,lost,-0.302545012,0.0
126,bootstrap,player_00213,occasional_player,0.421944913,0.302545012,1.271389811,0.536456463,10,,0.348470176,0.313623158,0.853149405,2.021944995,-0.022045806,lost,-0.421944913,0.0
126,countdown,player_00191,occasional_player,0.201206971,0.724489925,1.0,0.201206971,10,,0.130699569,0.117629612,1.06285045,5.282373889,-0.052516387,lost,-0.201206971,0.0
126,countdown,player_00060,player_whale,0.347980672,0.925696896,1.0,0.347980672,10,,0.226040498,0.203436448,0.923415434,2.65364001,-0.089332364,won,0.923415434,0.048600812
127,bootstrap,player_00075,occasional_player,0.166506892,0,1.5,0.249760338,0,,0.298547651,0.268692886,0.477785852,2.86946592,0.006609985,won,0.477785852,0.025146624
127,bootstrap,player_00089,occasional_player,0.092825855,0.166506892,1.38210657,0.128295224,10,,0.153355966,0.138020369,0.547782837,5.901188168,-0.004408807,lost,-0.092825855,0.0
127,bootstrap,player_00133,occasional_player,0.172872135,0.259332747,1.316382213,0.227565804,20,,0.272017715,0.244815943,0.471738871,2.728831174,-0.015061084,lost,-0.172872135,0.0
127,bootstrap,player_00236,occasional_player,0.193439387,0.432204882,1.193981941,0.230963135,30,,0.276078668,0.248470802,0.452199982,2.337683079,-0.033016856,lost,-0.193439387,0.0
128,bootstrap,player_00157,opportunistic_player,0.325182178,0,1.5,0.487773267,0,,0.257379823,0.23164184,1.314072276,4.041034119,0.054537741,won,1.314072276,0.069161699
128,bootstrap,player_00223,occasional_player,0.165639782,0.325182178,1.269615347,0.210298809,10,,0.110966865,0.099870178,1.465637553,8.84834268,-0.002723824,lost,-0.165639782,0.0
128,bootstrap,player_00193,occasional_player,0.189704238,0.49082196,1.152263087,0.218589191,20,,0.115341391,0.103807252,1.442776319,7.605398459,-0.020240917,lost,-0.189704238,0.0
128,countdown,player_00090,occasional_player,0.464578132,0.680526198,1.0,0.464578132,20,,0.245140612,0.220626551,1.18164612,2.543482008,-0.101377353,lost,-0.464578132,0.0
128,countdown,player_00182,occasional_player,0.098408376,1.14510433,1.0,0.098408376,20,,0.051926442,0.046733798,1.529507388,15.542451267,-0.02232969,lost,-0.098408376,0.0
128,countdown,player_00237,occasional_player,0.166013954,1.243512706,1.0,0.166013954,20,,0.087599393,0.078839454,1.465282089,8.8262586,-0.037403465,lost,-0.166013954,0.0
128,countdown,player_00238,occasional_player,0.249487868,1.40952666,1.0,0.249487868,20,,0.131645475,0.118480927,1.385981871,5.555307687,-0.055715897,lost,-0.249487868,0.0
129,bootstrap,player_00239,occasional_player,0.162381265,0,1.5,0.243571897,0,,0.218154719,0.196339247,0.725286444,4.466564811,0.011902745,lost,-0.162381265,0.0
129,bootstrap,player_00126,occasional_player,0.036698822,0.162381265,1.384875743,0.050823308,10,,0.045519802,0.040967822,0.844684765,23.016672444,-0.000590456,lost,-0.036698822,0.0
129,bootstrap,player_00191,occasional_player,0.403283301,0.199080087,1.358857195,0.548004415,20,,0.490819142,0.441737227,0.49642951,1.230969665,-0.005846658,lost,-0.403283301,0.0
129,countdown,player_00240,opportunistic_player,0.274110248,0.602363388,1.0,0.274110248,20,,0.245506337,0.220955703,0.61914391,2.25874047,-0.076740647,won,0.61914391,0.032586522
130,bootstrap,player_00154,occasional_player,0.048667371,0,1.5,0.073001056,0,,0.067359939,0.060623946,0.742972739,15.266342183,-0.000675024,lost,-0.048667371,0.0
130,bootstrap,player_00241,occasional_player,0.591148902,0.048667371,1.466567859,0.86695998,10,,0.799966123,0.719969511,0.227615284,0.385038835,-0.001663651,won,0.227615284,0.011979752
130,bootstrap,player_00018,occasional_player,0.062947522,0.639816273,1.060477024,0.066754401,20,,0.061595991,0.055436392,0.729406595,11.587534699,-0.019022268,lost,-0.062947522,0.0
130,countdown,player_00109,occasional_player,0.07703043,0.702763795,1.0,0.07703043,20,,0.071077946,0.063970151,0.716027833,9.295389274,-0.026298373,lost,-0.07703043,0.0
131,bootstrap,player_00226,occasional_player,0.363663011,0,1.5,0.545494517,0,,0.334555599,0.301100039,0.967265659,2.659785654,0.037079664,won,0.967265659,0.050908719
131,bootstrap,player_00043,player_whale,0.470988537,0.363663011,1.250006024,0.588738509,10,,0.361077442,0.324969698,0.86530641,1.837213312,-0.036733172,lost,-0.470988537,0.0
131,countdown,player_00242,player_whale,0.404548907,0.834651548,1.0,0.404548907,10,,0.248112672,0.223301405,0.928424058,2.294961233,-0.106894172,lost,-0.404548907,0.0
131,countdown,player_00243,occasional_player,0.091722886,1.239200455,1.0,0.091722886,10,,0.056254287,0.050628858,1.225608778,13.362082591,-0.025027888,lost,-0.091722886,0.0
132,bootstrap,player_00178,opportunistic_player,0.211902022,0,1.5,0.317853033,0,,0.332677172,0.299409455,0.496293414,2.34208909,0.000138387,won,0.496293414,0.026120706
132,bootstrap,player_00037,occasional_player,0.015279165,0.211902022,1.354229506,0.020691496,10,,0.021656513,0.019490862,0.683085128,44.706967162,-0.001667443,lost,-0.015279165,0.0
132,bootstrap,player_00094,opportunistic_player,0.459095581,0.227181187,1.343718745,0.616895338,20,,0.645666315,0.581099683,0.261459533,0.569510018,-0.040381233,lost,-0.459095581,0.0
133,bootstrap,player_00147,occasional_player,0.20097919,0,1.5,0.301468785,0,,0.085570669,0.077013602,2.74256617,13.646020616,0.025713841,lost,-0.20097919,0.0
133,bootstrap,player_00244,occasional_player,0.280229499,0.20097919,1.361652041,0.381575069,10,,0.108308507,0.097477656,2.667278377,9.518192717,0.00708666,lost,-0.280229499,0.0
133,bootstrap,player_00006,persistent_player,1.683890138,0.481208689,1.168750582,1.968047579,20,,0.558622174,0.502759957,1.333800769,0.792094888,-0.166715988,won,1.333800769,0.07020004
133,countdown,player_00024,occasional_player,0.148397051,2.165098827,1.0,0.148397051,20,,0.04212189,0.037909701,2.792519202,18.817888788,-0.036907796,lost,-0.148397051,0.0
133,countdown,player_00245,opportunistic_player,0.231393687,2.313495878,1.0,0.231393687,20,,0.065680142,0.059112128,2.713672398,11.727512678,-0.057304564,lost,-0.231393687,0.0
133,countdown,player_00238,occasional_player,0.354824232,2.544889565,1.0,0.354824232,20,,0.100715392,0.090643853,2.59641338,7.317463538,-0.087312684,lost,-0.354824232,0.0
133,countdown,player_00072,opportunistic_player,0.098587538,2.899713797,1.0,0.098587538,20,,0.027983665,0.025185299,2.839838239,28.805245542,-0.024582407,lost,-0.098587538,0.0
133,countdown,player_00246,occasional_player,0.038744832,2.998301335,1.0,0.038744832,20,,0.01099756,0.009897804,2.89668881,74.763230621,-0.009690484,lost,-0.038744832,0.0
134,bootstrap,player_00247,occasional_player,0.054276348,0,1.5,0.081414522,0,,0.044559033,0.04010313,1.529148933,28.173393922,0.009223962,lost,-0.054276348,0.0
134,bootstrap,player_00031,player_whale,0.263416139,0.054276348,1.462611642,0.385275512,10,,0.210865382,0.189778844,1.330466131,5.050814792,0.039068996,lost,-0.263416139,0.0
134,bootstrap,player_00189,occasional_player,0.024579326,0.317692487,1.281156969,0.031489975,20,,0.017234798,0.015511318,1.557361104,63.360610611,-4.1345e-05,lost,-0.024579326,0.0
134,bootstrap,player_00224,occasional_player,0.151750178,0.342271813,1.264225457,0.191846438,30,,0.104999594,0.094499635,1.436548794,9.466537788,-0.001656505,lost,-0.151750178,0.0
134,bootstrap,player_00133,occasional_player,0.112804113,0.494021991,1.159692079,0.130818036,40,,0.071598101,0.064438291,1.473547556,13.06288855,-0.010582322,lost,-0.112804113,0.0
134,countdown,player_00103,occasional_player,0.260966736,0.606826104,1.0,0.260966736,40,,0.142829868,0.128546881,1.332793064,5.107137732,-0.056093884,lost,-0.260966736,0.0
134,countdown,player_00024,occasional_player,0.116050978,0.86779284,1.0,0.116050978,40,,0.063515934,0.05716434,1.470463034,12.670837073,-0.025358951,lost,-0.116050978,0.0
134,countdown,player_00014,player_whale,0.629253796,0.983843818,1.0,0.629253796,40,,0.34439729,0.309957561,0.982920357,1.562041204,-0.129548228,won,0.982920357,0.05173265
135,bootstrap,player_00153,occasional_player,0.05507976,0,1.5,0.08261964,0,,0.033765988,0.03038939,1.939337383,35.209619347,0.00552936,lost,-0.05507976,0.0
135,bootstrap,player_00077,occasional_player,0.048298909,0.05507976,1.462187677,0.07062207,10,,0.028862677,0.02597641,1.945779192,40.286193457,0.00350008,lost,-0.048298909,0.0
135,bootstrap,player_00188,occasional_player,0.342386117,0.103378669,1.429030416,0.489280175,20,,0.199964909,0.179968418,1.666396344,4.867009091,0.019131284,won,1.666396344,0.087705071
135,bootstrap,player_00132,player_whale,1.054576165,0.445764786,1.193981925,1.25914488,30,,0.514602479,0.463142231,0.989815799,0.938591096,-0.10773191,lost,-1.054576165,0.0
135,countdown,player_00248,occasional_player,0.030318275,1.500340951,1.0,0.030318275,30,,0.012390837,0.011151754,1.962860794,64.741836205,-0.008090833,lost,-0.030318275,0.0
135,countdown,player_00249,occasional_player,0.121031084,1.530659226,1.0,0.121031084,30,,0.04946444,0.044517996,1.876683626,15.505798705,-0.032096829,lost,-0.121031084,0.0
135,countdown,player_00250,occasional_player,0.136161532,1.65169031,1.0,0.136161532,30,,0.055648133,0.05008332,1.8623097,13.677208772,-0.036071458,lost,-0.136161532,0.0
135,countdown,player_00251,occasional_player,0.156972717,1.787851842,1.0,0.156972717,30,,0.064153499,0.057738149,1.842539074,11.737957458,-0.041524608,lost,-0.156972717,0.0
135,countdown,player_00118,occasional_player,0.100679816,1.944824559,1.0,0.100679816,30,,0.041147039,0.037032335,1.89601733,18.832149337,-0.026737459,lost,-0.100679816,0.0
136,bootstrap,player_00116,occasional_player,0.027016601,0,1.5,0.040524902,0,,0.048374536,0.043537083,0.589694154,21.827103805,-0.000166814,lost,-0.027016601,0.0
136,bootstrap,player_00055,occasional_player,0.015114703,0.027016601,1.481440078,0.022391527,10,,0.026728744,0.02405587,0.601000958,39.762670665,-0.000293505,lost,-0.015114703,0.0
136,bootstrap,player_00096,occasional_player,0.314489499,0.042131304,1.471056548,0.462631837,20,,0.552243178,0.49701886,0.316594901,1.006694667,-0.00082865,lost,-0.314489499,0.0
136,bootstrap,player_00178,opportunistic_player,0.248750496,0.356620803,1.255007885,0.312183834,30,,0.372653542,0.335388187,0.379046954,1.523803813,-0.038194647,won,0.379046954,0.01994984
137,bootstrap,player_00088,opportunistic_player,0.241632625,0,1.5,0.362448937,0,,0.334343873,0.300909486,0.620573764,2.568253205,0.017813456,lost,-0.241632625,0.0
137,bootstrap,player_00252,occasional_player,0.030836563,0.241632625,1.333906002,0.041133076,10,,0.03794353,0.034149177,0.820830022,26.618726037,-0.00175285,lost,-0.030836563,0.0
137,bootstrap,player_00253,occasional_player,0.020486701,0.272469188,1.309365763,0.026824585,20,,0.024744549,0.022270095,0.830662391,40.546420398,-0.00153153,lost,-0.020486701,0.0
137,bootstrap,player_00067,player_whale,0.344932516,0.292955889,1.295032154,0.446698699,30,,0.412060729,0.370854656,0.522438867,1.514611824,-0.0232638,won,0.522438867,0.027496782
137,countdown,player_00254,occasional_player,0.206955055,0.637888405,1.0,0.206955055,30,,0.190907319,0.171816587,0.653517455,3.157774788,-0.059111605,lost,-0.206955055,0.0
138,bootstrap,player_00179,occasional_player,0.216664723,0,1.5,0.324997084,0,,0.15712921,0.141416289,1.57782996,7.282357452,0.037106056,lost,-0.216664723,0.0
138,bootstrap,player_00063,occasional_player,0.126517034,0.216664723,1.348303409,0.170583348,10,,0.082473438,0.074226094,1.663470265,13.148192082,0.006346731,lost,-0.126517034,0.0
138,bootstrap,player_00255,occasional_player,0.112056888,0.343181757,1.259723217,0.141160663,20,,0.068248192,0.061423373,1.677207403,14.967463699,-0.00215424,lost,-0.112056888,0.0
138,bootstrap,player_00123,occasional_player,0.327095868,0.455238645,1.181267215,0.386387625,30,,0.186810237,0.168129214,1.472920372,4.503023476,-0.024460553,lost,-0.327095868,0.0
138,countdown,player_00256,occasional_player,0.137572896,0.782334513,1.0,0.137572896,30,,0.066513583,0.059862225,1.652967196,12.015209709,-0.030387183,won,1.652967196,0.086998273
138,countdown,player_00181,occasional_player,0.167798897,0.919907409,1.0,0.167798897,30,,0.081127215,0.073014493,1.624252495,9.679756684,-0.036953173,lost,-0.167798897,0.0
138,countdown,player_00257,occasional_player,0.303044267,1.087706306,1.0,0.303044267,30,,0.146515488,0.131863939,1.495769393,4.93581155,-0.065845612,lost,-0.303044267,0.0
138,countdown,player_00052,occasional_player,0.019554074,1.390750573,1.0,0.019554074,30,,0.009453981,0.008508583,1.765085077,90.266871071,-0.004369324,lost,-0.019554074,0.0
138,countdown,player_00192,player_whale,0.41724403,1.410304647,1.0,0.41724403,30,,0.201728656,0.18155579,1.387279618,3.324863914,-0.089622313,lost,-0.41724403,0.0
139,bootstrap,player_00178,opportunistic_player,0.297396178,0,1.5,0.446094267,0,,0.265200459,0.238680413,1.125872527,3.785766633,0.042310184,lost,-0.297396178,0.0
139,bootstrap,player_00171,occasional_player,0.345663309,0.297396178,1.291884665,0.446557128,10,,0.265475627,0.238928064,1.080018753,3.124481901,-0.005027854,lost,-0.345663309,0.0
139,countdown,player_00043,player_whale,0.679298772,0.643059487,1.0,0.679298772,10,,0.403839187,0.363455268,0.763065063,1.123312885,-0.155064038,won,0.763065063,0.040161319
139,countdown,player_00228,occasional_player,0.020613953,1.322358259,1.0,0.020613953,10,,0.012254876,0.011029388,1.388815641,67.372601516,-0.005068807,lost,-0.020613953,0.0
139,countdown,player_00258,opportunistic_player,0.089538049,1.342972212,1.0,0.089538049,10,,0.053229852,0.047906867,1.32333775,14.779613413,-0.021851597,lost,-0.089538049,0.0
140,bootstrap,player_00123,occasional_player,0.185010319,0,1.5,0.277515479,0,,0.281803971,0.253623574,0.590168814,3.189923768,0.011593383,lost,-0.185010319,0.0
140,bootstrap,player_00089,occasional_player,0.052195772,0.185010319,1.372905315,0.071659853,10,,0.072767224,0.065490502,0.716342634,13.724150561,-0.001863806,lost,-0.052195772,0.0
140,bootstrap,player_00251,occasional_player,0.092793649,0.237206091,1.337048908,0.124069647,20,,0.125986915,0.113388224,0.67777465,7.304106021,-0.005420278,lost,-0.092793649,0.0
140,bootstrap,player_00098,occasional_player,0.173093299,0.32999974,1.273303384,0.220400283,30,,0.223806164,0.201425548,0.601489983,3.47494667,-0.017072437,won,0.601489983,0.031657368
140,bootstrap,player_00241,occasional_player,0.2521985,0.503093039,1.154395215,0.291136742,40,,0.295635725,0.266072153,0.526340042,2.087007028,-0.045051074,lost,-0.2521985,0.0
141,bootstrap,player_00234,occasional_player,0.137986465,0,1.5,0.206979698,0,,0.132326171,0.119093554,1.201376446,8.706480347,0.021523024,won,1.201376446,0.063230339
141,bootstrap,player_00149,occasional_player,0.032757256,0.137986465,1.409313104,0.04616523,10,,0.029514335,0.026562901,1.301344194,39.726898806,0.002680349,lost,-0.032757256,0.0
141,bootstrap,player_00019,opportunistic_player,0.250965295,0.170743721,1.387784516,0.34828575,20,,0.222665895,0.200399305,1.094046557,4.359353979,0.018574146,lost,-0.250965295,0.0
141,bootstrap,player_00131,opportunistic_player,0.157521344,0.421709016,1.222846139,0.192624367,30,,0.123148527,0.110833674,1.182818311,7.508939936,-0.008966576,lost,-0.157521344,0.0
141,countdown,player_00067,player_whale,0.770107938,0.57923036,1.0,0.770107938,30,,0.492345073,0.443110566,0.600861046,0.780229649,-0.162617096,lost,-0.770107938,0.0
142,bootstrap,player_00259,occasional_player,0.223931924,0,1.5,0.335897886,0,,0.379568787,0.341611908,0.431551619,1.927155411,-1.094e-05,lost,-0.223931924,0.0
142,bootstrap,player_00058,occasional_player,0.021242223,0.223931924,1.352725292,0.028734892,10,,0.032470785,0.029223707,0.624106835,29.380485973,-0.002382731,lost,-0.021242223,0.0
142,bootstrap,player_00007,persistent_player,0.388654625,0.245174147,1.338754786,0.520313239,20,,0.587960428,0.529164385,0.275065053,0.707736472,-0.03743781,won,0.275065053,0.014477108
143,bootstrap,player_00192,player_whale,0.923816278,0,1.5,1.385724417,0,,0.540617105,0.486555394,1.16915484,1.265570728,0.094530109,won,1.16915484,0.061534465
143,countdown,player_00219,opportunistic_player,0.410255153,0.923816278,1.0,0.410255153,0,,0.160054157,0.144048741,1.657037908,4.03904228,-0.11246419,lost,-0.410255153,0.0
143,countdown,player_00260,occasional_player,0.297116876,1.334071431,1.0,0.297116876,0,,0.115915158,0.104323643,1.764519272,5.938805279,-0.082039483,lost,-0.297116876,0.0
143,countdown,player_00086,occasional_player,0.090365827,1.631188307,1.0,0.090365827,0,,0.035254709,0.031729239,1.960932768,21.699937169,-0.025279685,lost,-0.090365827,0.0
143,countdown,player_00237,occasional_player,0.158365885,1.721554134,1.0,0.158365885,0,,0.06178379,0.055605411,1.896332713,11.974376382,-0.044113525,lost,-0.158365885,0.0
143,countdown,player_00261,occasional_player,0.221398948,1.879920019,1.0,0.221398948,0,,0.086375081,0.077737573,1.836451303,8.294760746,-0.061426665,lost,-0.221398948,0.0
144,bootstrap,player_00165,opportunistic_player,0.071968495,0,1.5,0.107952742,0,,0.050845033,0.04576053,1.64136094,22.806659224,0.006434368,lost,-0.071968495,0.0
144,bootstrap,player_00167,opportunistic_player,0.276790216,0.071968495,1.452607216,0.402067465,10,,0.189371139,0.170434025,1.446780305,5.226992219,0.016964846,lost,-0.276790216,0.0
144,bootstrap,player_00157,opportunistic_player,0.796577842,0.348758711,1.270334975,1.011920693,20,,0.47660801,0.428947209,0.952982061,1.196345179,-0.046109005,lost,-0.796577842,0.0
144,countdown,player_00262,occasional_player,0.185339415,1.145336553,1.0,0.185339415,20,,0.087293649,0.078564284,1.533658566,8.274864612,-0.050287569,lost,-0.185339415,0.0
144,countdown,player_00169,opportunistic_player,0.130160778,1.330675968,1.0,0.130160778,20,,0.061304873,0.055174385,1.586078272,12.185531586,-0.035468343,lost,-0.130160778,0.0
144,countdown,player_00263,occasional_player,0.285730722,1.460836746,1.0,0.285730722,20,,0.134577296,0.121119566,1.438286825,5.033714312,-0.076918464,lost,-0.285730722,0.0
145,bootstrap,player_00002,persistent_player,0.028767061,0,1.5,0.043150592,0,,0.034256177,0.03083056,0.999749727,34.753280044,0.002942687,lost,-0.028767061,0.0
145,bootstrap,player_00181,occasional_player,0.208641371,0.028767061,1.481461401,0.309094138,10,,0.245382117,0.220843905,0.828869132,3.972697881,0.0204865,won,0.828869132,0.043624691
145,bootstrap,player_00007,persistent_player,0.205064925,0.237408432,1.347004885,0.276223456,20,,0.219286903,0.197358213,0.832266756,4.058552462,-0.000338998,lost,-0.205064925,0.0
145,bootstrap,player_00122,occasional_player,0.217939247,0.442473357,1.214853169,0.264764185,30,,0.210189674,0.189170707,0.82003615,3.762682314,-0.021584707,lost,-0.217939247,0.0
145,countdown,player_00211,occasional_player,0.130150933,0.660412604,1.0,0.130150933,30,,0.103323575,0.092991218,0.903435049,6.9414412,-0.034036514,lost,-0.130150933,0.0
145,countdown,player_00264,occasional_player,0.027462592,0.790563537,1.0,0.027462592,30,,0.021801866,0.019621679,1.000988973,36.449180489,-0.007282645,lost,-0.027462592,0.0
145,countdown,player_00265,occasional_player,0.208798213,0.818026129,1.0,0.208798213,30,,0.165759687,0.149183718,0.828720133,3.969000121,-0.054017369,lost,-0.208798213,0.0
146,bootstrap,player_00266,occasional_player,0.057322777,0,1.5,0.085984166,0,,0.069495714,0.062546142,0.988350724,17.241850025,0.008080066,lost,-0.057322777,0.0
146,bootstrap,player_00210,occasional_player,0.188326523,0.057322777,1.462368867,0.275402844,10,,0.222591182,0.200332064,0.863897165,4.587230474,0.02246762,lost,-0.188326523,0.0
146,bootstrap,player_00059,occasional_player,0.142561057,0.2456493,1.338736678,0.190851716,20,,0.154253705,0.138828335,0.907374358,6.364812223,0.003199728,won,0.907374358,0.047756545
146,bootstrap,player_00176,occasional_player,0.080965479,0.388210357,1.245148503,0.100814045,30,,0.081481793,0.073333613,0.965890157,11.929654083,-0.004195772,lost,-0.080965479,0.0
146,bootstrap,player_00005,persistent_player,0.046899206,0.469175836,1.19199646,0.055903688,40,,0.045183513,0.040665162,0.998253116,21.285074986,-0.004397918,lost,-0.046899206,0.0
146,countdown,player_00072,opportunistic_player,0.046895487,0.516075042,1.0,0.046895487,40,,0.037902738,0.034112464,0.99825665,21.286838317,-0.011242772,lost,-0.046895487,0.0
146,countdown,player_00089,occasional_player,0.025534672,0.562970529,1.0,0.025534672,40,,0.020638105,0.018574295,1.018549424,39.888878298,-0.006141546,lost,-0.025534672,0.0
146,countdown,player_00140,occasional_player,0.074058938,0.588505201,1.0,0.074058938,40,,0.059857285,0.053871557,0.972451371,13.130776613,-0.017681799,lost,-0.074058938,0.0
146,countdown,player_00099,occasional_player,0.381812998,0.662564139,1.0,0.381812998,40,,0.308595965,0.277736369,0.680085014,1.78119922,-0.0868853,lost,-0.381812998,0.0
147,bootstrap,player_00054,occasional_player,0.130825722,0,1.5,0.196238583,0,,0.1806188,0.16255692,0.725929901,5.548831608,0.008445833,lost,-0.130825722,0.0
147,bootstrap,player_00263,occasional_player,0.110106024,0.130825722,1.414055652,0.155696046,10,,0.143303282,0.128972954,0.745613614,6.771778576,0.000258665,won,0.745613614,0.039242822
147,bootstrap,player_00056,occasional_player,0.243802476,0.240931746,1.341722854,0.327115354,30,,0.301078319,0.270970487,0.618601985,2.53730805,-0.010116319,lost,-0.243802476,0.0
147,bootstrap,player_00267,occasional_player,0.279665444,0.484734222,1.178944207,0.329709955,40,,0.3034664,0.27311976,0.584532165,2.090112232,-0.043636,lost,-0.279665444,0.0
147,countdown,player_00262,occasional_player,0.077719338,0.764399666,1.0,0.077719338,40,,0.071533199,0.064379879,0.776380966,9.989546825,-0.022732464,lost,-0.077719338,0.0
148,bootstrap,player_00125,occasional_player,0.105427122,0,1.5,0.158140683,0,,0.052079861,0.046871875,2.646999609,25.107387537,0.02358428,lost,-0.105427122,0.0
148,bootstrap,player_00268,occasional_player,0.227620616,0.105427122,1.429780462,0.32544751,10,,0.107178373,0.096460536,2.53091579,11.119009491,0.038469284,lost,-0.227620616,0.0
148,bootstrap,player_00063,occasional_player,0.092983028,0.333047738,1.278174177,0.118848505,20,,0.03913992,0.035225928,2.658821498,28.594696855,0.00395184,lost,-0.092983028,0.0
148,bootstrap,player_00197,occasional_player,0.069023011,0.426030766,1.216243005,0.083948754,30,,0.027646519,0.024881867,2.681583514,38.850572811,-0.000582784,lost,-0.069023011,0.0
148,bootstrap,player_00142,occasional_player,0.035109583,0.495053777,1.170270357,0.041087704,40,,0.013531255,0.01217813,2.713801271,77.295172405,-0.00163299,lost,-0.035109583,0.0
148,countdown,player_00269,opportunistic_player,0.336450909,0.53016336,1.0,0.336450909,40,,0.11080208,0.099721872,2.427527011,7.215100172,-0.060821856,won,2.427527011,0.12776458
148,countdown,player_00037,occasional_player,0.01109401,0.866614269,1.0,0.01109401,40,,0.003653548,0.003288193,2.736616065,246.675103539,-0.00205901,lost,-0.01109401,0.0
148,countdown,player_00270,player_whale,1.917120781,0.877708279,1.0,1.917120781,40,,0.631357993,0.568222194,0.925890633,0.482958947,-0.301658599,lost,-1.917120781,0.0
148,countdown,player_00271,occasional_player,0.044364685,2.79482906,1.0,0.044364685,40,,0.014610451,0.013149406,2.705008924,60.972120599,-0.008212056,lost,-0.044364685,0.0
149,bootstrap,player_00142,occasional_player,0.0265548,0,1.5,0.0398322,0,,0.028262604,0.025436344,1.169296575,44.033341422,0.003863287,lost,-0.0265548,0.0
149,bootstrap,player_00272,opportunistic_player,0.201263168,0.0265548,1.482300836,0.298332562,10,,0.211679374,0.190511436,1.003323625,4.985132825,0.028224392,lost,-0.201263168,0.0
149,bootstrap,player_00119,occasional_player,0.03568923,0.227817968,1.348155977,0.048114649,20,,0.034139347,0.030725412,1.160618866,32.520143088,0.001067829,lost,-0.03568923,0.0
149,bootstrap,player_00273,occasional_player,0.033858644,0.263507198,1.324368581,0.044841324,30,,0.031816786,0.028635108,1.162357923,34.329724575,0.000395146,lost,-0.033858644,0.0
149,bootstrap,player_00054,occasional_player,0.046560375,0.297365842,1.301801298,0.060612357,40,,0.043006991,0.038706292,1.150291279,24.705369717,-0.000234686,won,1.150291279,0.060541646
149,bootstrap,player_00083,player_whale,0.209302194,0.343926217,1.270768124,0.265974556,50,,0.188720021,0.169848019,0.99568655,4.757172065,-0.004637243,lost,-0.209302194,0.0
149,countdown,player_00175,occasional_player,0.030869036,0.553228411,1.0,0.030869036,50,,0.021902866,0.01971258,1.165198051,37.746499456,-0.007291468,lost,-0.030869036,0.0
149,countdown,player_00274,opportunistic_player,0.272343564,0.584097447,1.0,0.272343564,50,,0.193239098,0.173915188,0.935797249,3.436090926,-0.062229528,lost,-0.272343564,0.0
149,countdown,player_00234,occasional_player,0.278490312,0.856441011,1.0,0.278490312,50,,0.197600471,0.177840424,0.929957838,3.339282547,-0.06357938,lost,-0.278490312,0.0
149,countdown,player_00117,occasional_player,0.016484013,1.134931323,1.0,0.016484013,50,,0.011696094,0.010526484,1.178863822,71.515584369,-0.003901203,lost,-0.016484013,0.0
149,countdown,player_00271,occasional_player,0.053465993,1.151415336,1.0,0.053465993,50,,0.037936348,0.034142713,1.143730941,21.391745992,-0.012590441,lost,-0.053465993,0.0
150,bootstrap,player_00109,occasional_player,0.116360492,0,1.5,0.174540738,0,,0.068916527,0.062024874,1.893853081,16.275739714,0.008322752,lost,-0.116360492,0.0
150,bootstrap,player_00003,persistent_player,0.06641854,0.116360492,1.422320222,0.094468433,10,,0.037300383,0.033570344,1.941297935,29.228253665,0.000981194,lost,-0.06641854,0.0
150,bootstrap,player_00089,occasional_player,0.040375053,0.182779032,1.377980624,0.055636041,20,,0.021967609,0.019770848,1.966039248,48.694406613,-0.00070654,lost,-0.040375053,0.0
150,bootstrap,player_00192,player_whale,1.06455279,0.223154085,1.351027101,1.43823967,30,,0.567881656,0.51109349,0.993070398,0.932852186,-0.012914974,won,0.993070398,0.052266863
150,countdown,player_00136,occasional_player,0.336544889,1.287706875,1.0,0.336544889,30,,0.132883046,0.119594742,1.684677904,5.005804452,-0.094817271,lost,-0.336544889,0.0
150,countdown,player_00275,occasional_player,0.134480008,1.624251764,1.0,0.134480008,30,,0.053098751,0.047788876,1.876639541,13.95478457,-0.038370866,lost,-0.134480008,0.0
150,countdown,player_00276,occasional_player,0.128941701,1.758731772,1.0,0.128941701,30,,0.050911978,0.04582078,1.881900932,14.59497523,-0.036803322,lost,-0.128941701,0.0
150,countdown,player_00165,opportunistic_player,0.169788297,1.887673473,1.0,0.169788297,30,,0.06704005,0.060336045,1.843096666,10.855263281,-0.048338779,lost,-0.169788297,0.0
151,bootstrap,player_00139,occasional_player,0.032830982,0,1.5,0.049246473,0,,0.028113793,0.025302414,1.373908099,41.847913634,0.002762912,lost,-0.032830982,0.0
151,bootstrap,player_00255,occasional_player,0.183076283,0.032830982,1.478067385,0.270599083,10,,0.15447942,0.139031478,1.231175063,6.72492932,0.013549172,won,1.231175063,0.064798688
151,bootstrap,player_00163,opportunistic_player,0.059985878,0.215907265,1.355763958,0.081326691,20,,0.046427726,0.041784953,1.348110948,22.473805385,-0.001148618,lost,-0.059985878,0.0
151,bootstrap,player_00209,occasional_player,0.188754111,0.275893143,1.315690616,0.248342013,30,,0.141773319,0.127595987,1.225781127,6.494063203,-0.008265091,lost,-0.188754111,0.0
151,bootstrap,player_00277,occasional_player,0.022317252,0.464647254,1.189594137,0.026548472,40,,0.015155974,0.013640376,1.383896143,62.010149939,-0.003135972,lost,-0.022317252,0.0
151,bootstrap,player_00219,opportunistic_player,0.779460531,0.486964506,1.174308236,0.915326922,50,,0.522541209,0.470287088,0.664610028,0.852653856,-0.100332793,lost,-0.779460531,0.0
151,countdown,player_00029,occasional_player,0.160294052,1.266425037,1.0,0.160294052,50,,0.091508559,0.082357703,1.252818183,7.815749662,-0.043913374,lost,-0.160294052,0.0
152,bootstrap,player_00162,occasional_player,0.112835068,0,1.5,0.169252602,0,,0.101085471,0.090976923,1.32283353,11.723602895,0.017777644,lost,-0.112835068,0.0
152,bootstrap,player_00231,occasional_player,0.082538815,0.112835068,1.424480749,0.117574953,20,,0.070221192,0.063199073,1.35161497,16.375507332,0.008098374,lost,-0.082538815,0.0
152,bootstrap,player_00278,occasional_player,0.026121368,0.195373883,1.369238441,0.035766381,30,,0.021361335,0.019225201,1.405211545,53.795480574,0.001396295,lost,-0.026121368,0.0
152,bootstrap,player_00025,occasional_player,0.10360447,0.221495251,1.351755701,0.140047933,40,,0.083643093,0.075278784,1.331602598,12.852752376,0.004436173,lost,-0.10360447,0.0
152,bootstrap,player_00202,opportunistic_player,0.296770219,0.325099721,1.282414386,0.380582398,50,,0.227301385,0.204571246,1.148095136,3.868633248,-0.001192313,lost,-0.296770219,0.0
152,countdown,player_00279,opportunistic_player,0.424133717,0.62186994,1.0,0.424133717,50,,0.253312244,0.227981019,1.027099813,2.421641506,-0.093280018,lost,-0.424133717,0.0
152,countdown,player_00028,occasional_player,0.193726042,1.046003657,1.0,0.193726042,50,,0.115702139,0.104131925,1.245987105,6.431696491,-0.04380594,lost,-0.193726042,0.0
152,countdown,player_00179,occasional_player,0.213267403,1.239729699,1.0,0.213267403,50,,0.127373142,0.114635828,1.227422812,5.755323103,-0.048112687,won,1.227422812,0.064601201
152,bootstrap,player_00246,occasional_player,0.088354281,0.112835068,1.424480749,0.125858972,10,20,0.0,0.0,0.0,0.0,0.0,pending_withdrawn,0.0,0.0
153,bootstrap,player_00184,occasional_player,0.093663386,0,1.5,0.140495079,0,,0.104157172,0.093741455,1.012965101,10.814952828,0.010073578,lost,-0.093663386,0.0
153,bootstrap,player_00081,occasional_player,0.19885535,0.093663386,1.43702091,0.285759296,10,,0.211849983,0.190664985,0.913032735,4.591441646,0.013142775,lost,-0.19885535,0.0
153,bootstrap,player_00280,opportunistic_player,0.353597926,0.292518736,1.303310935,0.460848044,20,,0.341653454,0.307488109,0.766027288,2.166379472,-0.009326487,won,0.766027288,0.040317226
153,countdown,player_00272,opportunistic_player,0.120621277,0.646116662,1.0,0.120621277,20,,0.089423567,0.08048121,0.987355105,8.185579936,-0.031449997,lost,-0.120621277,0.0
153,countdown,player_00281,occasional_player,0.174291289,0.766737939,1.0,0.174291289,20,,0.129212268,0.116291041,0.936368593,5.37243484,-0.045131495,lost,-0.174291289,0.0
153,countdown,player_00282,occasional_player,0.114977034,0.941029228,1.0,0.114977034,20,,0.085239161,0.076715245,0.992717136,8.634047176,-0.030000004,lost,-0.114977034,0.0
153,countdown,player_00283,occasional_player,0.027187463,1.056006262,1.0,0.027187463,20,,0.020155647,0.018140083,1.076117228,39.5813772,-0.007173425,lost,-0.027187463,0.0
153,countdown,player_00284,occasional_player,0.024696224,1.083193725,1.0,0.024696224,20,,0.018308747,0.016477872,1.078483905,43.669992027,-0.006518163,lost,-0.024696224,0.0
154,bootstrap,player_00285,occasional_player,0.081254358,0,1.5,0.121881537,0,,0.087354458,0.078619012,1.12407621,13.834042109,0.01350754,lost,-0.081254358,0.0
154,bootstrap,player_00034,occasional_player,0.048698651,0.081254358,1.443068259,0.070275478,10,,0.050367565,0.045330809,1.155004132,23.717374261,0.00586617,lost,-0.048698651,0.0
154,bootstrap,player_00286,occasional_player,0.109558833,0.129953009,1.408947025,0.154362592,20,,0.110634152,0.099570737,1.097186959,10.01459151,0.010597735,lost,-0.109558833,0.0
154,bootstrap,player_00087,occasional_player,0.163069452,0.239511842,1.332183449,0.217238425,30,,0.155698273,0.140128446,1.046351871,6.416602607,0.006404878,lost,-0.163069452,0.0
154,bootstrap,player_00232,occasional_player,0.089645878,0.402581294,1.217927082,0.109182143,40,,0.078252598,0.070427338,1.116104266,12.450145963,-0.004728105,lost,-0.089645878,0.0
154,countdown,player_00238,occasional_player,0.44848659,0.492227172,1.0,0.44848659,40,,0.321437552,0.289293797,0.77520559,1.728492238,-0.094480033,won,0.77520559,0.040800294
154,countdown,player_00142,occasional_player,0.022508023,0.940713762,1.0,0.022508023,40,,0.016131862,0.014518676,1.179885228,52.420651443,-0.005050865,lost,-0.022508023,0.0
154,countdown,player_00125,occasional_player,0.061161123,0.963221785,1.0,0.061161123,40,,0.043835161,0.039451644,1.143164783,18.691036516,-0.013648486,lost,-0.061161123,0.0
154,countdown,player_00287,occasional_player,0.060997699,1.024382908,1.0,0.060997699,40,,0.043718032,0.039346229,1.143320036,18.743658448,-0.013612338,lost,-0.060997699,0.0
154,countdown,player_00288,occasional_player,0.12915902,1.085380607,1.0,0.12915902,40,,0.092570347,0.083313312,1.078566781,8.350688796,-0.028539383,lost,-0.12915902,0.0
155,bootstrap,player_00281,occasional_player,0.425588944,0,1.5,0.638383416,0,,0.448567071,0.403710364,0.760251838,1.786352415,0.05314727,lost,-0.425588944,0.0
155,bootstrap,player_00081,occasional_player,0.144049873,0.425588944,1.201597643,0.173089988,10,,0.121623568,0.109461211,1.027713956,7.134431528,-0.015787185,won,1.027713956,0.054090208
155,bootstrap,player_00156,occasional_player,0.043277205,0.569638817,1.087240191,0.047052717,20,,0.033062105,0.029755894,1.12344799,25.959347192,-0.008560253,lost,-0.043277205,0.0
155,countdown,player_00286,occasional_player,0.063479666,0.612916022,1.0,0.063479666,20,,0.04460468,0.040144212,1.104255652,17.39542316,-0.016601852,lost,-0.063479666,0.0
155,countdown,player_00289,opportunistic_player,0.098767471,0.676395688,1.0,0.098767471,20,,0.069400041,0.062460037,1.070732237,10.840940105,-0.025720476,lost,-0.098767471,0.0
155,countdown,player_00186,occasional_player,0.124122262,0.775163159,1.0,0.124122262,20,,0.087215861,0.078494275,1.046645186,8.4323728,-0.03222372,lost,-0.124122262,0.0
155,countdown,player_00290,occasional_player,0.027156513,0.899285421,1.0,0.027156513,20,,0.01908182,0.017173638,1.138762648,41.933316236,-0.007133439,lost,-0.027156513,0.0
155,countdown,player_00090,occasional_player,0.251109535,0.926441934,1.0,0.251109535,20,,0.176444854,0.158800369,0.926007277,3.687662743,-0.064182951,lost,-0.251109535,0.0
156,bootstrap,player_00121,opportunistic_player,0.14666859,0,1.5,0.220002885,0,,0.216747381,0.195072642,0.628245064,4.283432903,0.004495864,lost,-0.14666859,0.0
156,bootstrap,player_00220,occasional_player,0.100475852,0.14666859,1.393649618,0.140028133,10,,0.137956059,0.124160453,0.672128165,6.689449772,-0.004548987,lost,-0.100475852,0.0
156,bootstrap,player_00187,occasional_player,0.02245937,0.247144442,1.320793901,0.029664199,20,,0.029225241,0.026302717,0.746243823,33.226391622,-0.002240387,lost,-0.02245937,0.0
156,bootstrap,player_00110,occasional_player,0.043283569,0.269603812,1.30450846,0.056463782,30,,0.055628256,0.050065431,0.726460834,16.783755382,-0.004745984,lost,-0.043283569,0.0
156,bootstrap,player_00291,player_whale,0.446823047,0.312887381,1.273123253,0.568860811,40,,0.560443063,0.504398756,0.34309833,0.767861757,-0.048387687,won,0.34309833,0.018057807
157,bootstrap,player_00224,occasional_player,0.059567992,0,1.5,0.089351988,0,,0.047878988,0.043091089,1.385372951,23.257002696,0.002696087,lost,-0.059567992,0.0
157,bootstrap,player_00010,occasional_player,0.033107988,0.059567992,1.456630788,0.048226115,10,,0.025841815,0.023257634,1.410509954,42.603312359,0.00046715,lost,-0.033107988,0.0
157,bootstrap,player_00190,occasional_player,0.023983299,0.09267598,1.432526109,0.034356702,20,,0.018409933,0.01656894,1.419178409,59.173611141,-7.1639e-05,lost,-0.023983299,0.0
157,bootstrap,player_00249,occasional_player,0.161559193,0.116659279,1.415064772,0.228616723,30,,0.122503568,0.110253211,1.28848131,7.975289339,-0.001687571,lost,-0.161559193,0.0
157,bootstrap,player_00078,occasional_player,0.101188017,0.278218472,1.297439608,0.131285341,40,,0.070348846,0.063313962,1.345833927,13.300329097,-0.009571325,lost,-0.101188017,0.0
157,bootstrap,player_00174,opportunistic_player,1.090376013,0.379406489,1.223768423,1.334367734,50,,0.715016849,0.643515164,0.406105331,0.372445217,-0.127367576,won,0.406105331,0.021373965
158,bootstrap,player_00187,occasional_player,0.026625344,0,1.5,0.039938016,0,,0.024188123,0.02176931,1.337503918,50.234239885,0.003070809,lost,-0.026625344,0.0
158,bootstrap,player_00179,occasional_player,0.388496384,0.026625344,1.480313859,0.575096581,10,,0.348302394,0.313472155,0.99372643,2.557878195,0.04479198,won,0.99372643,0.052301391
158,bootstrap,player_00292,occasional_player,0.331704113,0.415121728,1.193068941,0.395745875,20,,0.239680152,0.215712137,1.047679087,3.158474815,-0.034154416,lost,-0.331704113,0.0
158,countdown,player_00023,occasional_player,0.029664599,0.746825841,1.0,0.029664599,20,,0.017966114,0.016169503,1.334616625,44.990212923,-0.00760485,lost,-0.029664599,0.0
158,countdown,player_00121,opportunistic_player,0.307845885,0.77649044,1.0,0.307845885,20,,0.186444264,0.167799838,1.070344404,3.476883908,-0.076585778,lost,-0.307845885,0.0
158,countdown,player_00284,occasional_player,0.053466233,1.084336325,1.0,0.053466233,20,,0.032381373,0.029143236,1.312005073,24.538947282,-0.013671981,lost,-0.053466233,0.0
158,countdown,player_00293,occasional_player,0.090202139,1.137802558,1.0,0.090202139,20,,0.054630165,0.049167148,1.277105962,14.158266937,-0.022975499,lost,-0.090202139,0.0
158,countdown,player_00103,occasional_player,0.159182296,1.228004697,1.0,0.159182296,20,,0.096407415,0.086766674,1.211574813,7.611240971,-0.040246261,lost,-0.159182296,0.0
159,bootstrap,player_00088,opportunistic_player,0.236832957,0,1.5,0.355249435,0,,0.206200907,0.185580817,1.253389226,5.292292263,0.039723692,lost,-0.236832957,0.0
159,bootstrap,player_00130,occasional_player,0.210683497,0.236832957,1.319893894,0.278079861,10,,0.161408616,0.145267754,1.278231213,6.067068523,0.005607799,lost,-0.210683497,0.0
159,bootstrap,player_00294,occasional_player,0.068711089,0.447516454,1.159673861,0.079682454,20,,0.046250867,0.04162578,1.413105,20.5658944,-0.007029338,lost,-0.068711089,0.0
159,bootstrap,player_00237,occasional_player,0.147839938,0.516227543,1.107420633,0.163720998,30,,0.095030182,0.085527163,1.337932594,9.049872531,-0.020766028,lost,-0.147839938,0.0
159,countdown,player_00238,occasional_player,0.780057389,0.664067481,1.0,0.780057389,30,,0.452776347,0.407498712,0.737326015,0.945220218,-0.161725606,won,0.737326015,0.038806632
159,countdown,player_00239,occasional_player,0.066041444,1.44412487,1.0,0.066041444,30,,0.038333082,0.034499774,1.415641163,21.435648246,-0.014923729,lost,-0.066041444,0.0
160,bootstrap,player_00098,occasional_player,0.136687822,0,1.5,0.205031733,0,,0.330495415,0.297445873,0.680193059,2.562273192,0.015817305,won,0.680193059,0.035799635
160,bootstrap,player_00013,occasional_player,0.089442951,0.136687822,1.395979189,0.124860498,10,,0.112956499,0.101660849,0.847413711,9.474348746,0.005798693,lost,-0.089442951,0.0
160,bootstrap,player_00295,occasional_player,0.092230222,0.226130773,1.327912202,0.122473637,20,,0.110797198,0.099717478,0.844765803,9.159316598,0.001204659,lost,-0.092230222,0.0
160,bootstrap,player_00097,occasional_player,0.017067243,0.318360995,1.257724073,0.021465882,30,,0.019419359,0.017477423,0.916170633,53.680060292,-0.000756649,lost,-0.017067243,0.0
160,bootstrap,player_00098,occasional_player,0.128776868,0.335428238,1.244735729,0.160293169,40,,0.330495415,0.297445873,0.680193059,2.562273192,0.015817305,winner_wallet_merged,0.0,0.0
160,countdown,player_00296,occasional_player,0.135063609,0.464205106,1.0,0.135063609,40,,0.122186862,0.109968176,0.804074086,5.953299275,-0.03178835,lost,-0.135063609,0.0
160,countdown,player_00206,occasional_player,0.239869415,0.599268715,1.0,0.239869415,40,,0.217000652,0.195300586,0.70450857,2.937050436,-0.055431841,lost,-0.239869415,0.0
160,countdown,player_00297,opportunistic_player,0.096327747,0.83913813,1.0,0.096327747,40,,0.087144015,0.078429613,0.840873154,8.729293279,-0.022823443,lost,-0.096327747,0.0
161,bootstrap,player_00298,occasional_player,0.048398562,0,1.5,0.072597843,0,,0.061385644,0.05524708,0.811719999,16.771572656,-0.000879523,lost,-0.048398562,0.0
161,bootstrap,player_00142,occasional_player,0.018488531,0.048398562,1.463251637,0.027053373,10,,0.02287518,0.020587662,0.840134528,45.440848086,-0.00081149,lost,-0.018488531,0.0
161,bootstrap,player_00299,player_whale,0.652569232,0.066887093,1.449213549,0.945712173,20,,0.799653935,0.719688542,0.237757863,0.364341208,-0.011811024,won,0.237757863,0.012513572
161,countdown,player_00300,occasional_player,0.112937691,0.719456325,1.0,0.112937691,20,,0.095495301,0.085945771,0.750407826,6.644441017,-0.038736795,lost,-0.112937691,0.0
161,countdown,player_00301,occasional_player,0.024350729,0.832394016,1.0,0.024350729,20,,0.020589939,0.018530945,0.83456544,34.272708649,-0.0084342,lost,-0.024350729,0.0
162,bootstrap,player_00302,opportunistic_player,0.594721954,0,1.5,0.892082931,0,,0.412415256,0.37117373,1.249375125,2.100771825,0.089758438,lost,-0.594721954,0.0
162,bootstrap,player_00002,persistent_player,0.037834842,0.594721954,1.046580999,0.039597227,10,,0.018306034,0.016475431,1.778417881,47.004765631,-0.007911296,lost,-0.037834842,0.0
162,countdown,player_00231,occasional_player,0.076057823,0.632556796,1.0,0.076057823,10,,0.035161985,0.031645786,1.742106049,22.905021209,-0.018520597,lost,-0.076057823,0.0
162,countdown,player_00147,occasional_player,0.268234853,0.708614619,1.0,0.268234853,10,,0.124006571,0.111605914,1.55953787,5.814076184,-0.064244607,won,1.55953787,0.082080941
162,countdown,player_00043,player_whale,0.864251222,0.976849472,1.0,0.864251222,10,,0.399548491,0.359593642,0.99332232,1.14934442,-0.196279587,lost,-0.864251222,0.0
162,countdown,player_00303,occasional_player,0.022845612,1.841100694,1.0,0.022845612,10,,0.010561663,0.009505496,1.792657649,78.468357486,-0.005588352,lost,-0.022845612,0.0
163,bootstrap,player_00079,occasional_player,0.498431322,0,1.5,0.747646983,0,,0.750522372,0.675470134,0.260692764,0.523026449,0.014334327,won,0.260692764,0.013720672
163,bootstrap,player_00109,occasional_player,0.054296102,0.498431322,1.118366141,0.060722922,10,,0.060956457,0.054860812,0.682621223,12.57219576,-0.013868219,lost,-0.054296102,0.0
163,bootstrap,player_00254,occasional_player,0.174405729,0.552727424,1.07679325,0.187798912,20,,0.188521171,0.169669054,0.568517078,3.259738547,-0.048354719,lost,-0.174405729,0.0
164,bootstrap,player_00082,opportunistic_player,0.319268655,0,1.5,0.478902983,0,,0.353538139,0.318184325,0.812678426,2.54543756,0.040899163,won,0.812678426,0.042772549
164,bootstrap,player_00134,occasional_player,0.038367734,0.319268655,1.255374364,0.04816587,10,,0.035557248,0.032001523,1.079534301,28.136514427,-0.002593166,lost,-0.038367734,0.0
164,bootstrap,player_00151,occasional_player,0.033078627,0.357636389,1.225976767,0.040553628,20,,0.029937701,0.026943931,1.084558953,32.787302595,-0.002965078,lost,-0.033078627,0.0
164,bootstrap,player_00246,occasional_player,0.041771523,0.390715016,1.200631716,0.050152215,30,,0.037023617,0.033321256,1.076300702,25.766374419,-0.004515953,lost,-0.041771523,0.0
164,bootstrap,player_00070,opportunistic_player,0.23882684,0.432486539,1.168626115,0.279099282,40,,0.206038058,0.185434253,0.889098151,3.722773163,-0.029670912,lost,-0.23882684,0.0
164,countdown,player_00304,occasional_player,0.150703621,0.671313379,1.0,0.150703621,40,,0.111253176,0.100127858,0.972815209,6.45515484,-0.038208087,lost,-0.150703621,0.0
164,countdown,player_00305,occasional_player,0.059006873,0.822017,1.0,0.059006873,40,,0.043560347,0.039204312,1.059927119,17.962773916,-0.015139835,lost,-0.059006873,0.0
164,countdown,player_00027,occasional_player,0.015037372,0.881023873,1.0,0.015037372,40,,0.011100963,0.009990867,1.101698145,73.264008174,-0.003880216,lost,-0.015037372,0.0
164,countdown,player_00234,occasional_player,0.232978778,0.896061245,1.0,0.232978778,40,,0.171990751,0.154791676,0.894653809,3.840065679,-0.05843064,lost,-0.232978778,0.0
165,bootstrap,player_00127,occasional_player,0.072121946,0,1.5,0.108182919,0,,0.145801734,0.131221561,0.520595405,7.218266197,0.00565535,lost,-0.072121946,0.0
165,bootstrap,player_00105,occasional_player,0.022484573,0.072121946,1.444701006,0.032483485,10,,0.043779078,0.03940117,0.567750909,25.250686735,0.000771396,lost,-0.022484573,0.0
165,bootstrap,player_00222,occasional_player,0.125202407,0.094606519,1.427461117,0.178721568,20,,0.240869028,0.216782125,0.470168967,3.75527099,0.003863465,won,0.470168967,0.024745735
165,bootstrap,player_00306,occasional_player,0.154734636,0.219808926,1.331463053,0.206023451,30,,0.277664688,0.249898219,0.442113349,2.857235851,-0.005583387,lost,-0.154734636,0.0
165,bootstrap,player_00262,occasional_player,0.054364575,0.374543562,1.21282136,0.065934518,40,,0.088862153,0.079975937,0.537464907,9.886307532,-0.007032457,lost,-0.054364575,0.0
165,countdown,player_00307,occasional_player,0.026717111,0.428908137,1.0,0.026717111,40,,0.036007543,0.032406789,0.563729998,21.099960924,-0.007582616,lost,-0.026717111,0.0
165,countdown,player_00131,opportunistic_player,0.067166867,0.455625248,1.0,0.067166867,40,,0.090523031,0.081470728,0.52530273,7.820860989,-0.018897938,lost,-0.067166867,0.0
165,countdown,player_00308,occasional_player,0.01499763,0.522792115,1.0,0.01499763,40,,0.020212807,0.018191526,0.574863505,38.330289856,-0.004267156,lost,-0.01499763,0.0
165,countdown,player_00309,occasional_player,0.041758955,0.537789745,1.0,0.041758955,40,,0.056279939,0.050651945,0.549440246,13.157423271,-0.011813566,lost,-0.041758955,0.0
166,bootstrap,player_00068,player_whale,0.486688671,0,1.5,0.730033007,0,,0.371425764,0.334283188,1.16692524,2.39768318,0.066086659,won,1.16692524,0.061417118
166,bootstrap,player_00296,occasional_player,0.412119892,0.486688671,1.128526994,0.465088423,10,,0.236627415,0.212964673,1.23776558,3.003411396,-0.060752572,lost,-0.412119892,0.0
166,countdown,player_00310,player_whale,0.351857321,0.898808563,1.0,0.351857321,10,,0.179017761,0.161115985,1.295015023,3.680511802,-0.086519861,lost,-0.351857321,0.0
166,countdown,player_00311,occasional_player,0.127246157,1.250665884,1.0,0.127246157,10,,0.064740225,0.058266203,1.508395628,11.854154688,-0.031943521,lost,-0.127246157,0.0
166,countdown,player_00185,occasional_player,0.291263426,1.377912041,1.0,0.291263426,10,,0.148188835,0.133369951,1.352579223,4.643834763,-0.072024212,lost,-0.291263426,0.0
167,bootstrap,player_00109,occasional_player,0.044265318,0,1.5,0.066397977,0,,0.036742564,0.033068308,1.207325329,27.274746537,-0.002877333,lost,-0.044265318,0.0
167,bootstrap,player_00312,player_whale,1.106136761,0.044265318,1.466190113,1.621806782,10,,0.897457166,0.807711449,0.198547458,0.179496302,-0.05232838,won,0.198547458,0.010449866
167,countdown,player_00313,opportunistic_player,0.118908543,1.150402079,1.0,0.118908543,10,,0.06580027,0.059220243,1.136414265,9.557044737,-0.044568021,lost,-0.118908543,0.0
168,bootstrap,player_00105,occasional_player,0.020902044,0,1.5,0.031353066,0,,0.034871785,0.031384607,0.705185727,33.737644377,0.001885935,lost,-0.020902044,0.0
168,bootstrap,player_00048,occasional_player,0.115538148,0.020902044,1.484023818,0.171461363,10,,0.190704279,0.171633851,0.615281428,5.325353046,0.009895231,won,0.615281428,0.032383233
168,bootstrap,player_00314,occasional_player,0.119946441,0.136440192,1.39521378,0.167350927,20,,0.186132534,0.16751928,0.61109355,5.094720152,0.002516852,lost,-0.119946441,0.0
168,bootstrap,player_00211,occasional_player,0.07739789,0.256386633,1.30309478,0.100856786,40,,0.11217583,0.100958247,0.651514674,8.417731718,-0.003808155,lost,-0.07739789,0.0
168,bootstrap,player_00197,occasional_player,0.03432469,0.333784523,1.243653114,0.042688008,50,,0.047478835,0.042730952,0.692434214,20.173065322,-0.00326959,lost,-0.03432469,0.0
168,bootstrap,player_00259,occasional_player,0.165052879,0.368109213,1.217291714,0.200917502,60,,0.223466248,0.201119623,0.568242434,3.442790198,-0.017572802,lost,-0.165052879,0.0
168,countdown,player_00315,occasional_player,0.112121254,0.533162092,1.0,0.112121254,60,,0.124704496,0.112234047,0.618527478,5.516594363,-0.03011759,lost,-0.112121254,0.0
168,countdown,player_00053,opportunistic_player,0.072346613,0.645283346,1.0,0.072346613,60,,0.080465992,0.072419393,0.656313387,9.07179147,-0.019577498,lost,-0.072346613,0.0
169,bootstrap,player_00023,occasional_player,0.013904359,0,1.5,0.020856539,0,,0.023524684,0.021172216,0.677982437,48.760423729,0.000744418,lost,-0.013904359,0.0
169,bootstrap,player_00316,occasional_player,0.106882063,0.013904359,1.489508233,0.159201713,10,,0.179568145,0.161611331,0.589653618,5.516862242,0.005685995,lost,-0.106882063,0.0
169,bootstrap,player_00237,occasional_player,0.128767509,0.120786422,1.408858585,0.181415211,20,,0.204623382,0.184161044,0.568862444,4.4177483,-0.000291249,lost,-0.128767509,0.0
169,bootstrap,player_00214,occasional_player,0.075033074,0.249553931,1.311694908,0.098420501,30,,0.111011286,0.099910157,0.619910157,8.261825409,-0.005601187,lost,-0.075033074,0.0
169,bootstrap,player_00114,occasional_player,0.020988379,0.324587005,1.255077447,0.026342041,40,,0.029711938,0.026740744,0.671252618,31.982108648,-0.00247734,lost,-0.020988379,0.0
169,bootstrap,player_00245,opportunistic_player,0.270583876,0.345575384,1.239240315,0.335318448,50,,0.378215226,0.340393703,0.434136895,1.604444809,-0.030701363,lost,-0.270583876,0.0
169,countdown,player_00317,occasional_player,0.065026587,0.61615926,1.0,0.065026587,50,,0.073345339,0.066010805,0.62941632,9.679368839,-0.019185852,lost,-0.065026587,0.0
170,bootstrap,player_00077,occasional_player,0.024681098,0,1.5,0.037021647,0,,0.027662274,0.024896047,0.99904393,40.478099061,0.000805608,lost,-0.024681098,0.0
170,bootstrap,player_00233,occasional_player,0.012218839,0.024681098,1.481556583,0.018102901,10,,0.013526341,0.012173707,1.010883076,82.731516131,0.000236104,lost,-0.012218839,0.0
170,bootstrap,player_00315,occasional_player,0.055559492,0.036899937,1.472425825,0.081807231,20,,0.0611257,0.05501313,0.969709455,17.453533511,0.000843762,lost,-0.055559492,0.0
170,bootstrap,player_00100,occasional_player,0.154318228,0.092459429,1.430907945,0.220815178,30,,0.16499131,0.148492179,0.875888656,5.675859992,-0.001340563,lost,-0.154318228,0.0
170,bootstrap,player_00318,occasional_player,0.095643378,0.246777657,1.315590733,0.125827542,40,,0.094017319,0.084615587,0.931629764,9.740661437,-0.008720058,lost,-0.095643378,0.0
170,bootstrap,player_00111,opportunistic_player,0.687048029,0.342421035,1.244119412,0.85476979,50,,0.638677056,0.57480935,0.369795345,0.538237983,-0.079564576,won,0.369795345,0.019462913
171,bootstrap,player_00007,persistent_player,0.198620552,0.134246042,1.399611837,0.277991676,10,,0.106062782,0.095456504,1.766516076,8.893923907,-0.011035479,lost,-0.198620552,0.0
171,bootstrap,player_00200,occasional_player,0.047264232,0.332866594,1.251084908,0.059131567,30,,0.022560598,0.020304538,1.91030458,40.417552535,-0.007516701,lost,-0.047264232,0.0
171,bootstrap,player_00073,player_whale,1.640042562,0.245884784,1.31612924,2.158507971,40,,0.823540347,0.741186313,0.397165166,0.242167597,-0.130092078,won,0.397165166,0.02090343
171,countdown,player_00319,occasional_player,0.125379375,1.885927346,1.0,0.125379375,40,,0.047836272,0.043052645,1.836095194,14.644316053,-0.040932707,lost,-0.125379375,0.0
171,bootstrap,player_00285,occasional_player,0.069766685,0.332866594,1.251084908,0.087284047,20,30,0.0,0.0,0.0,0.0,0.0,pending_withdrawn,0.0,0.0
171,bootstrap,player_00272,opportunistic_player,0.134246042,0,1.5,0.201369063,0,40,0.0,0.0,0.0,0.0,0.0,pending_withdrawn,0.0,0.0
172,bootstrap,player_00296,occasional_player,0.212879168,0,1.5,0.319318752,0,,0.152165257,0.136948732,1.503531209,7.062838621,0.022181056,lost,-0.212879168,0.0
172,bootstrap,player_00205,opportunistic_player,0.059650402,0.212879168,1.345833611,0.080279516,10,,0.038255671,0.034430104,1.649098537,27.646059066,-0.000817998,lost,-0.059650402,0.0
172,bootstrap,player_00194,player_whale,0.74088211,0.27252957,1.302634988,0.965098958,20,,0.45989949,0.413909541,1.001928414,1.352345266,-0.019516205,lost,-0.74088211,0.0
172,countdown,player_00320,occasional_player,0.085431141,1.01341168,1.0,0.085431141,20,,0.04071058,0.036639522,1.624606835,19.016564872,-0.022776167,lost,-0.085431141,0.0
172,countdown,player_00321,occasional_player,0.204172683,1.098842821,1.0,0.204172683,20,,0.097294596,0.087565136,1.51180237,7.404528107,-0.053913094,lost,-0.204172683,0.0
172,countdown,player_00030,occasional_player,0.322433428,1.303015504,1.0,0.322433428,20,,0.153649497,0.138284547,1.399454662,4.340290245,-0.084322913,lost,-0.322433428,0.0
172,countdown,player_00322,occasional_player,0.121765255,1.625448932,1.0,0.121765255,20,,0.058024909,0.052222418,1.590089427,13.058646546,-0.032368065,lost,-0.121765255,0.0
173,bootstrap,player_00126,occasional_player,0.04251521,0,1.5,0.063772815,0,,0.029085079,0.026176571,1.860613082,43.763469167,0.007302163,lost,-0.04251521,0.0
173,bootstrap,player_00054,occasional_player,0.133251878,0.04251521,1.469933462,0.195871394,10,,0.089331716,0.080398544,1.774413247,13.316234442,0.020121621,lost,-0.133251878,0.0
173,bootstrap,player_00323,occasional_player,0.066631348,0.175767088,1.375698417,0.09166464,20,,0.041805796,0.037625217,1.837702751,27.580152676,0.005019635,lost,-0.066631348,0.0
173,bootstrap,player_00014,player_whale,0.402205581,0.242398436,1.32857707,0.534361112,30,,0.243707843,0.219337059,1.518907229,3.776444936,0.019165653,won,1.518907229,0.079942486
173,countdown,player_00324,occasional_player,0.106578364,0.644604017,1.0,0.106578364,30,,0.048607548,0.043746793,1.799753086,16.886664592,-0.023182477,lost,-0.106578364,0.0
173,countdown,player_00049,opportunistic_player,0.453673352,0.751182381,1.0,0.453673352,30,,0.206908309,0.186217478,1.470012847,3.240245081,-0.095449359,lost,-0.453673352,0.0
173,countdown,player_00325,occasional_player,0.027720861,1.204855733,1.0,0.027720861,30,,0.012642745,0.01137847,1.874667713,67.62660487,-0.006074589,lost,-0.027720861,0.0
173,countdown,player_00326,player_whale,0.58368709,1.232576594,1.0,0.58368709,30,,0.266204106,0.239583695,1.346499796,2.306886376,-0.121245784,lost,-0.58368709,0.0
173,countdown,player_00327,occasional_player,0.135300303,1.816263684,1.0,0.135300303,30,,0.061706858,0.055536172,1.772467244,13.100245929,-0.029350197,lost,-0.135300303,0.0
174,bootstrap,player_00246,occasional_player,0.05523815,0,1.5,0.082857225,0,,0.078210712,0.070389641,0.780704012,14.133420697,0.003603519,lost,-0.05523815,0.0
174,bootstrap,player_00328,occasional_player,0.139799573,0.05523815,1.4609085,0.204234384,10,,0.192781216,0.173503095,0.700370661,5.009819741,0.005972563,lost,-0.139799573,0.0
174,bootstrap,player_00043,player_whale,0.38616373,0.195037723,1.361973705,0.525944846,20,,0.496450623,0.446805561,0.466324711,1.207582886,-0.005267154,won,0.466324711,0.024543406
174,countdown,player_00199,opportunistic_player,0.208877805,0.581201453,1.0,0.208877805,20,,0.197164241,0.177447817,0.63474634,3.038840533,-0.059178542,lost,-0.208877805,0.0
174,countdown,player_00283,occasional_player,0.037495924,0.790079258,1.0,0.037495924,20,,0.035393207,0.031853886,0.797559127,21.270555359,-0.010896175,lost,-0.037495924,0.0
175,bootstrap,player_00268,occasional_player,0.295497318,0,1.5,0.443245977,0,,0.466215471,0.419593924,0.462791223,1.566143565,0.022675946,lost,-0.295497318,0.0
175,bootstrap,player_00197,occasional_player,0.037631471,0.295497318,1.285545876,0.048376982,10,,0.05088393,0.045795537,0.707763778,18.807762731,-0.003495695,lost,-0.037631471,0.0
175,bootstrap,player_00233,occasional_player,0.029269787,0.333128789,1.258235224,0.036828277,30,,0.038736759,0.034863083,0.715707378,24.45208698,-0.003297586,lost,-0.029269787,0.0
175,bootstrap,player_00329,occasional_player,0.21207399,0.362398576,1.236992979,0.262334037,40,,0.275928475,0.248335628,0.542043385,2.55591638,-0.024799778,lost,-0.21207399,0.0
175,countdown,player_00330,occasional_player,0.035579406,0.574472566,1.0,0.035579406,40,,0.03742317,0.033680853,0.70971324,19.947304335,-0.010477314,lost,-0.035579406,0.0
175,countdown,player_00331,occasional_player,0.101733147,0.610051972,1.0,0.101733147,40,,0.107005071,0.096304564,0.646867186,6.35847022,-0.029639519,won,0.646867186,0.034045641
175,countdown,player_00040,occasional_player,0.022634195,0.711785119,1.0,0.022634195,40,,0.023807124,0.021426411,0.72201119,31.899132706,-0.006679117,lost,-0.022634195,0.0
176,bootstrap,player_00207,occasional_player,0.083218864,0,1.5,0.124828296,0,,0.064854076,0.058368669,1.552984758,18.661451067,0.012284163,lost,-0.083218864,0.0
176,bootstrap,player_00332,occasional_player,0.090416263,0.083218864,1.439562463,0.130159858,10,,0.06762407,0.060861663,1.546147229,17.100322199,0.009187712,won,1.546147229,0.08137617
176,bootstrap,player_00269,opportunistic_player,0.464449258,0.173635127,1.37389783,0.638105828,20,,0.331525507,0.298372957,1.190815884,2.563931072,0.029437096,lost,-0.464449258,0.0
176,countdown,player_00333,occasional_player,0.078906822,0.638084385,1.0,0.078906822,20,,0.040995746,0.036896171,1.557081198,19.733163227,-0.018545128,lost,-0.078906822,0.0
176,countdown,player_00327,occasional_player,0.289357593,0.716991207,1.0,0.289357593,20,,0.15033466,0.135301194,1.357152966,4.690227589,-0.066582748,lost,-0.289357593,0.0
176,countdown,player_00334,opportunistic_player,0.169761156,1.0063488,1.0,0.169761156,20,,0.088198777,0.079378899,1.470769581,8.663758045,-0.039537632,lost,-0.169761156,0.0
176,countdown,player_00335,player_whale,0.430193508,1.176109956,1.0,0.430193508,20,,0.223505435,0.201154892,1.223358847,2.843740837,-0.097573363,lost,-0.430193508,0.0
176,countdown,player_00336,opportunistic_player,0.063443297,1.606303464,1.0,0.063443297,20,,0.032961729,0.029665556,1.571771547,24.774430418,-0.01493374,lost,-0.063443297,0.0
177,bootstrap,player_00279,opportunistic_player,0.449364448,0,1.5,0.674046672,0,,0.369968721,0.332971849,1.106791986,2.463016359,0.068791838,lost,-0.449364448,0.0
177,bootstrap,player_00076,occasional_player,0.178582846,0.449364448,1.173421346,0.209552924,10,,0.115018782,0.103516904,1.364034508,7.638104885,-0.018895873,lost,-0.178582846,0.0
177,countdown,player_00009,occasional_player,0.017396674,0.627947294,1.0,0.017396674,10,,0.009548634,0.008593771,1.517161372,87.209852397,-0.004209034,lost,-0.017396674,0.0
177,countdown,player_00337,occasional_player,0.320054967,0.645343968,1.0,0.320054967,10,,0.175670813,0.158103732,1.229635993,3.84195254,-0.075043043,lost,-0.320054967,0.0
177,countdown,player_00338,opportunistic_player,0.572993103,0.965398935,1.0,0.572993103,10,,0.314502741,0.283052467,0.989344764,1.726625956,-0.130769516,lost,-0.572993103,0.0
177,countdown,player_00271,occasional_player,0.02785744,1.538392038,1.0,0.02785744,10,,0.015290308,0.013761278,1.507223644,54.104887026,-0.006732763,lost,-0.02785744,0.0
178,bootstrap,player_00232,occasional_player,0.059052139,0,1.5,0.088578208,0,,0.087341133,0.07860702,0.735789593,12.459998999,0.003428001,lost,-0.059052139,0.0
178,bootstrap,player_00046,occasional_player,0.162215044,0.059052139,1.459589554,0.236767384,10,,0.233460713,0.210114641,0.637784833,3.931724317,0.005876643,lost,-0.162215044,0.0
178,bootstrap,player_00146,occasional_player,0.077147238,0.221267183,1.348582868,0.104039443,20,,0.102586438,0.092327794,0.718599249,9.314646479,-0.00367772,lost,-0.077147238,0.0
178,bootstrap,player_00312,player_whale,0.340686093,0.298414421,1.295789618,0.441457502,30,,0.435292148,0.391762933,0.468237337,1.374395216,-0.023779878,lost,-0.340686093,0.0
178,countdown,player_00339,occasional_player,0.107419168,0.639100514,1.0,0.107419168,30,,0.105918962,0.095327066,0.689840915,6.421953624,-0.031418704,lost,-0.107419168,0.0
178,countdown,player_00340,occasional_player,0.035902011,0.746519682,1.0,0.035902011,30,,0.035400607,0.031860546,0.757782214,21.106957335,-0.010614798,lost,-0.035902011,0.0
179,bootstrap,player_00341,occasional_player,0.040441828,0,1.5,0.060662742,0,,0.05449419,0.049044771,0.869951871,21.511190622,0.004208222,lost,-0.040441828,0.0
179,bootstrap,player_00330,occasional_player,0.107574998,0.040441828,1.472603632,0.158415333,10,,0.14230671,0.128076039,0.80617536,7.494077385,0.009454528,lost,-0.107574998,0.0
179,bootstrap,player_00311,occasional_player,0.118428989,0.148016826,1.399729471,0.165768546,20,,0.148912204,0.134020984,0.795864068,6.720179535,0.004105466,lost,-0.118428989,0.0
179,bootstrap,player_00059,occasional_player,0.257241005,0.266445815,1.318743194,0.339234825,30,,0.304739389,0.27426545,0.663992653,2.581208439,-0.004578441,lost,-0.257241005,0.0
179,bootstrap,player_00305,occasional_player,0.056146234,0.52368682,1.143748204,0.064217154,40,,0.057687168,0.051918451,0.855032686,15.228673851,-0.008839236,lost,-0.056146234,0.0
179,countdown,player_00327,occasional_player,0.179076386,0.579833054,1.0,0.179076386,40,,0.160866823,0.14478014,0.738249041,4.122537078,-0.046265882,won,0.738249041,0.038855213
179,countdown,player_00342,occasional_player,0.106272727,0.75890944,1.0,0.106272727,40,,0.095466277,0.08591965,0.807412517,7.597551507,-0.027769211,lost,-0.106272727,0.0
179,countdown,player_00343,occasional_player,0.039548799,0.865182167,1.0,0.039548799,40,,0.035527239,0.031974515,0.870800249,22.018374029,-0.010440829,lost,-0.039548799,0.0
180,bootstrap,player_00307,occasional_player,0.06144284,0,1.5,0.09216426,0,,0.050718572,0.045646715,1.501145306,24.43157423,0.009884176,lost,-0.06144284,0.0
180,bootstrap,player_00034,occasional_player,0.093072894,0.06144284,1.458172605,0.135716344,10,,0.074685558,0.067217002,1.471096755,15.805855946,0.012065901,lost,-0.093072894,0.0
180,bootstrap,player_00296,occasional_player,0.176608906,0.154515734,1.394812958,0.246336391,20,,0.135560466,0.122004419,1.391737544,7.880336135,0.014736292,lost,-0.176608906,0.0
180,bootstrap,player_00320,occasional_player,0.16381995,0.33112464,1.274585925,0.208802602,30,,0.114905386,0.103414847,1.403887052,8.569695277,-0.00169577,lost,-0.16381995,0.0
180,bootstrap,player_00213,occasional_player,0.238633058,0.49494459,1.163065011,0.27754576,40,,0.152735178,0.13746166,1.332814599,5.585205212,-0.022619254,lost,-0.238633058,0.0
180,countdown,player_00344,occasional_player,0.103113735,0.733577648,1.0,0.103113735,40,,0.056744137,0.051069724,1.461557956,14.174231552,-0.023206384,lost,-0.103113735,0.0
180,countdown,player_00147,occasional_player,0.661754097,0.836691383,1.0,0.661754097,40,,0.364167444,0.327750699,0.930849612,1.406639742,-0.139777117,won,0.930849612,0.048992085
180,countdown,player_00329,occasional_player,0.091736655,1.49844548,1.0,0.091736655,40,,0.050483259,0.045434933,1.472366182,16.04992227,-0.020671748,lost,-0.091736655,0.0
181,bootstrap,player_00099,occasional_player,0.305215771,0,1.5,0.457823657,0,,0.30998342,0.278985078,0.868454371,2.845378428,0.022220685,lost,-0.305215771,0.0
181,bootstrap,player_00076,occasional_player,0.130207243,0.305215771,1.292077918,0.168237903,10,,0.113910585,0.102519526,1.034712472,7.946658331,-0.010780226,lost,-0.130207243,0.0
181,bootstrap,player_00001,persistent_player,0.019301048,0.435423014,1.203376863,0.023226435,20,,0.015726164,0.014153547,1.140073358,59.067951002,-0.002891788,lost,-0.019301048,0.0
181,bootstrap,player_00082,opportunistic_player,0.601198149,0.454724062,1.190228414,0.715563119,30,,0.484493755,0.436044379,0.587271112,0.97683453,-0.082972808,won,0.587271112,0.030909006
181,countdown,player_00345,occasional_player,0.039201094,1.055922211,1.0,0.039201094,30,,0.026542292,0.023888063,1.121168314,28.600434311,-0.011482117,lost,-0.039201094,0.0
181,countdown,player_00342,occasional_player,0.072877292,1.095123305,1.0,0.072877292,30,,0.049343785,0.044409407,1.089175926,14.945340254,-0.021271198,lost,-0.072877292,0.0
182,bootstrap,player_00003,persistent_player,0.091218762,0,1.5,0.136828143,0,,0.1980502,0.17824518,0.417861673,4.580874195,-0.000477628,lost,-0.091218762,0.0
182,bootstrap,player_00346,occasional_player,0.098181745,0.091218762,1.438717641,0.141255809,10,,0.20445897,0.184013073,0.411246839,4.188628335,-0.004440226,won,0.411246839,0.02164457
182,bootstrap,player_00347,opportunistic_player,0.04940616,0.189400507,1.372757429,0.067822673,20,,0.098169087,0.088352179,0.457583645,9.261671922,-0.004612506,lost,-0.04940616,0.0
182,bootstrap,player_00056,occasional_player,0.257523384,0.238806667,1.339565507,0.344969442,50,,0.499321743,0.449389569,0.259872282,1.009121106,-0.025011169,lost,-0.257523384,0.0
182,bootstrap,player_00297,opportunistic_player,0.207709783,0.238806667,1.339565507,0.278240861,30,40,0.0,0.0,0.0,0.0,0.0,pending_withdrawn,0.0,0.0
183,bootstrap,player_00307,occasional_player,0.04306591,0,1.5,0.064598865,0,,0.05054901,0.045494109,1.044027723,24.242555732,0.006390446,lost,-0.04306591,0.0
183,bootstrap,player_00058,occasional_player,0.026540834,0.04306591,1.473932479,0.039119397,10,,0.030611169,0.027550052,1.059726546,39.928155443,0.003385889,lost,-0.026540834,0.0
183,bootstrap,player_00348,occasional_player,0.150788744,0.069606744,1.457867481,0.219830006,20,,0.172018333,0.1548165,0.941691031,6.245101631,0.018345151,lost,-0.150788744,0.0
183,bootstrap,player_00196,occasional_player,0.150440594,0.220395488,1.366596015,0.205591516,30,,0.160876627,0.144788965,0.942021774,6.261752553,0.007735901,lost,-0.150440594,0.0
183,bootstrap,player_00173,occasional_player,0.104080871,0.370836082,1.275535282,0.132758823,40,,0.103884597,0.093496137,0.98606351,9.47401286,-0.002156583,lost,-0.104080871,0.0
183,bootstrap,player_00016,occasional_player,0.031732419,0.474916953,1.212535794,0.038476694,50,,0.03010825,0.027097425,1.05479454,33.240281486,-0.002290336,lost,-0.031732419,0.0
183,countdown,player_00349,occasional_player,0.577569913,0.506649372,1.0,0.577569913,50,,0.451952014,0.406756812,0.53624892,0.928457159,-0.124516515,lost,-0.577569913,0.0
184,bootstrap,player_00255,occasional_player,0.191035466,0,1.5,0.286553199,0,,0.24427236,0.219845124,0.760110155,3.978895496,0.018069261,lost,-0.191035466,0.0
184,bootstrap,player_00151,occasional_player,0.056340875,0.191035466,1.385791532,0.078076707,10,,0.066556512,0.059900861,0.888070017,15.762446301,0.000230151,lost,-0.056340875,0.0
184,bootstrap,player_00118,occasional_player,0.049636053,0.247376341,1.352108755,0.067113342,20,,0.057210788,0.05148971,0.894439598,18.019958147,-0.001025872,lost,-0.049636053,0.0
184,bootstrap,player_00007,persistent_player,0.310434813,0.297012394,1.322225469,0.410464816,30,,0.349900855,0.314910769,0.646680776,2.083145152,-0.009028807,lost,-0.310434813,0.0
184,bootstrap,player_00095,occasional_player,0.041431966,0.607447207,1.13641705,0.047083993,40,,0.040136764,0.036123087,0.90223348,21.776265222,-0.007343857,lost,-0.041431966,0.0
184,countdown,player_00350,opportunistic_player,0.116337017,0.648879173,1.0,0.116337017,40,,0.099171525,0.089254372,0.831073682,7.143673641,-0.03177647,won,0.831073682,0.04374072
184,countdown,player_00351,occasional_player,0.052850029,0.76521619,1.0,0.052850029,40,,0.045052023,0.040546821,0.89138632,16.866335502,-0.014564247,lost,-0.052850029,0.0
184,countdown,player_00170,occasional_player,0.080277497,0.818066219,1.0,0.080277497,40,,0.068432576,0.061589319,0.865330226,10.779237746,-0.022038162,lost,-0.080277497,0.0
184,countdown,player_00246,occasional_player,0.03433232,0.898343716,1.0,0.03433232,40,,0.029266596,0.026339937,0.908978144,26.475872996,-0.009485582,lost,-0.03433232,0.0
185,bootstrap,player_00129,occasional_player,0.134144687,0,1.5,0.201217031,0,,0.146339247,0.131705322,0.941523312,7.018714887,0.007526513,lost,-0.134144687,0.0
185,bootstrap,player_00272,opportunistic_player,0.093199904,0.134144687,1.419652465,0.132311473,10,,0.096226255,0.086603629,0.980420855,10.519547912,-0.00022045,lost,-0.093199904,0.0
185,bootstrap,player_00099,occasional_player,0.360012364,0.227344591,1.363829288,0.490995406,20,,0.357086562,0.321377906,0.726949018,2.01923348,-0.010686991,won,0.726949018,0.038260475
185,bootstrap,player_00093,occasional_player,0.479430452,0.587356955,1.148195656,0.550479962,30,,0.400347936,0.360313142,0.613501835,1.279647199,-0.085632585,lost,-0.479430452,0.0
186,bootstrap,player_00024,occasional_player,0.085002169,0,1.5,0.127503253,10,,0.095536506,0.085982855,1.031388998,12.133678584,0.010988331,lost,-0.085002169,0.0
186,bootstrap,player_00036,occasional_player,0.047539061,0.085002169,1.449051289,0.068886538,20,,0.051615774,0.046454197,1.06697895,22.444258,0.004234978,lost,-0.047539061,0.0
186,bootstrap,player_00352,occasional_player,0.075004994,0.13254123,1.420557264,0.106548889,30,,0.079835677,0.071852109,1.040886314,13.877560124,0.00517415,lost,-0.075004994,0.0
186,bootstrap,player_00348,occasional_player,0.218659125,0.207546224,1.375600673,0.300787639,40,,0.22537621,0.202838589,0.904414889,4.136186356,0.009143624,lost,-0.218659125,0.0
186,bootstrap,player_00260,occasional_player,0.183201625,0.426205349,1.24454048,0.228001838,50,,0.17083877,0.153754893,0.938099514,5.120585117,-0.010796089,lost,-0.183201625,0.0
186,countdown,player_00353,opportunistic_player,0.05218471,0.609406974,1.0,0.05218471,50,,0.039101315,0.035191183,1.062565584,20.361626684,-0.012955328,lost,-0.05218471,0.0
186,countdown,player_00297,opportunistic_player,0.291298279,0.661591684,1.0,0.291298279,50,,0.218265958,0.196439362,0.835407693,2.867877201,-0.069968876,won,0.835407693,0.043968826
186,countdown,player_00322,occasional_player,0.159391289,0.952889963,1.0,0.159391289,50,,0.11942979,0.107486811,0.960719334,6.027426841,-0.03899417,lost,-0.159391289,0.0
186,bootstrap,player_00337,occasional_player,0.350314995,0,1.5,0.525472493,0,10,0.0,0.0,0.0,0.0,0.0,pending_withdrawn,0.0,0.0
187,bootstrap,player_00111,opportunistic_player,0.485913566,0,1.5,0.728870349,0,,0.479555189,0.43159967,0.72786128,1.497923357,0.037951257,lost,-0.485913566,0.0
187,bootstrap,player_00341,occasional_player,0.05821863,0.485913566,1.207861599,0.070320048,10,,0.046266588,0.041639929,1.134171469,19.481246286,-0.008567591,lost,-0.05821863,0.0
187,bootstrap,player_00148,occasional_player,0.028574676,0.544132196,1.1728597,0.033514086,20,,0.02205036,0.019845324,1.162333226,40.677039548,-0.004940722,lost,-0.028574676,0.0
187,bootstrap,player_00004,persistent_player,0.424093056,0.572706872,1.155680184,0.490115941,30,,0.322468383,0.290221544,0.786590765,1.854759831,-0.072726528,lost,-0.424093056,0.0
187,countdown,player_00249,occasional_player,0.070079913,0.996799928,1.0,0.070079913,30,,0.046108593,0.041497733,1.122903251,16.023182714,-0.020573816,lost,-0.070079913,0.0
187,countdown,player_00354,occasional_player,0.076129604,1.066879841,1.0,0.076129604,30,,0.050088945,0.04508005,1.117156044,14.674397152,-0.022336227,lost,-0.076129604,0.0
187,countdown,player_00355,occasional_player,0.050858418,1.143009445,1.0,0.050858418,30,,0.033461943,0.030115749,1.141163671,22.438048915,-0.01495978,lost,-0.050858418,0.0
188,bootstrap,player_00172,occasional_player,0.144590127,0,1.5,0.216885191,0,,0.126672984,0.114005686,1.317228333,9.110084905,0.022065489,lost,-0.144590127,0.0
188,bootstrap,player_00308,occasional_player,0.013165441,0.144590127,1.414707439,0.018625247,10,,0.010878178,0.00979036,1.442081785,109.535395369,0.001081953,lost,-0.013165441,0.0
188,bootstrap,player_00302,opportunistic_player,0.361176079,0.157755568,1.40694125,0.508153524,20,,0.296789849,0.267110864,1.111471679,3.07736792,0.032184137,lost,-0.361176079,0.0
188,bootstrap,player_00275,occasional_player,0.080564863,0.518931647,1.193886366,0.096185291,40,,0.056177546,0.050559792,1.378052334,17.104880253,-0.006817482,lost,-0.080564863,0.0
188,countdown,player_00346,occasional_player,0.064979349,0.59949651,1.0,0.064979349,40,,0.037951545,0.03415639,1.392858573,21.435403616,-0.015184868,lost,-0.064979349,0.0
188,countdown,player_00239,occasional_player,0.08650205,0.664475859,1.0,0.08650205,40,,0.050521996,0.045469797,1.372412007,15.865658751,-0.020165525,lost,-0.08650205,0.0
188,countdown,player_00357,occasional_player,0.124490146,0.750977909,1.0,0.124490146,40,,0.072709152,0.065438237,1.336323315,10.734370216,-0.028897089,lost,-0.124490146,0.0
188,countdown,player_00358,opportunistic_player,0.548914602,0.875468055,1.0,0.548914602,40,,0.32059658,0.288536922,0.933120082,1.699936709,-0.121292876,lost,-0.548914602,0.0
188,countdown,player_00359,occasional_player,0.047430717,1.424382657,1.0,0.047430717,40,,0.02770217,0.024931953,1.409529773,29.717656871,-0.011105846,lost,-0.047430717,0.0
188,bootstrap,player_00356,occasional_player,0.06288564,0.518931647,1.193886366,0.075078308,30,40,0.0,0.0,0.0,0.0,0.0,pending_withdrawn,0.0,0.0
189,bootstrap,player_00331,occasional_player,0.221550445,0,1.5,0.332325668,0,,0.181950381,0.163755343,1.362177553,6.148385543,0.037793476,lost,-0.221550445,0.0
189,bootstrap,player_00356,occasional_player,0.070371369,0.221550445,1.366526333,0.096164329,10,,0.052650571,0.047385514,1.505797675,21.397873834,0.004316212,lost,-0.070371369,0.0
189,bootstrap,player_00155,occasional_player,0.243100572,0.291921814,1.32413091,0.321896982,20,,0.17624061,0.158616549,1.341704933,5.519135235,0.008275808,lost,-0.243100572,0.0
189,bootstrap,player_00209,occasional_player,0.07751747,0.535022386,1.17767431,0.091290333,30,,0.049982028,0.044983825,1.499008879,19.337690967,-0.006599284,lost,-0.07751747,0.0
189,countdown,player_00247,occasional_player,0.01787867,0.612539856,1.0,0.01787867,30,,0.009788684,0.008809815,1.555665739,87.012386235,-0.004016034,lost,-0.01787867,0.0
189,countdown,player_00360,occasional_player,0.4281503,0.630418526,1.0,0.4281503,30,,0.234414966,0.210973469,1.165907691,2.723127114,-0.091846356,lost,-0.4281503,0.0
189,countdown,player_00177,occasional_player,0.216819505,1.058568826,1.0,0.216819505,30,,0.118710034,0.106839031,1.366671946,6.303270299,-0.047640813,won,1.366671946,0.071930102
189,countdown,player_00090,occasional_player,0.192814388,1.275388331,1.0,0.192814388,30,,0.105567083,0.095010374,1.389476807,7.206292133,-0.042480309,lost,-0.192814388,0.0
189,countdown,player_00361,occasional_player,0.129122989,1.468202719,1.0,0.129122989,30,,0.070695644,0.063626079,1.449983636,11.229477009,-0.028650626,lost,-0.129122989,0.0
190,bootstrap,player_00227,occasional_player,0.230737978,0,1.5,0.346106967,0,,0.223884022,0.20149562,1.023298648,4.434894753,0.021944909,lost,-0.230737978,0.0
190,bootstrap,player_00299,player_whale,0.485439346,0.230737978,1.361309692,0.660833287,10,,0.427469043,0.384722139,0.781332348,1.609536505,0.00191577,lost,-0.485439346,0.0
190,bootstrap,player_00362,opportunistic_player,0.07900213,0.716177324,1.069525335,0.08449478,20,,0.054656603,0.049190943,1.167447704,14.777420603,-0.017688087,lost,-0.07900213,0.0
190,countdown,player_00167,opportunistic_player,0.369662154,0.795179454,1.0,0.369662154,20,,0.239121016,0.215208915,0.891320681,2.411176452,-0.098287407,lost,-0.369662154,0.0
190,countdown,player_00131,opportunistic_player,0.084823616,1.164841608,1.0,0.084823616,20,,0.054869315,0.049382384,1.161917292,13.698040082,-0.023256578,lost,-0.084823616,0.0
191,bootstrap,player_00225,opportunistic_player,0.240788005,0,1.5,0.361182008,0,,0.102693443,0.092424098,2.889297618,11.999341987,0.048507337,lost,-0.240788005,0.0
191,bootstrap,player_00363,occasional_player,0.116243277,0.240788005,1.356991939,0.15774119,10,,0.044849925,0.040364932,3.00761511,25.873454256,0.009851055,lost,-0.116243277,0.0
191,bootstrap,player_00364,occasional_player,0.04685571,0.357031282,1.287953095,0.060347957,20,,0.017158494,0.015442645,3.073533299,65.595704317,0.00133135,lost,-0.04685571,0.0
191,bootstrap,player_00114,occasional_player,0.032301261,0.403886992,1.260124698,0.040703617,30,,0.011573097,0.010415788,3.087360025,95.580170238,0.000192469,lost,-0.032301261,0.0
191,bootstrap,player_00365,player_whale,0.456874996,0.436188253,1.240940433,0.566954656,40,,0.161199961,0.145079965,2.684014977,5.874725035,-0.00119479,lost,-0.456874996,0.0
191,countdown,player_00366,player_whale,1.686032161,0.893063249,1.0,1.686032161,40,,0.479382814,0.431444532,1.51631567,0.899339707,-0.304396699,won,1.51631567,0.079806088
191,countdown,player_00367,opportunistic_player,0.644127704,2.57909541,1.0,0.644127704,40,,0.183142266,0.16482804,2.506124904,3.890726775,-0.124877742,lost,-0.644127704,0.0
192,bootstrap,player_00065,occasional_player,0.06760028,0,1.5,0.10140042,0,,0.026601917,0.023941726,2.985430914,44.162996274,0.005494555,lost,-0.06760028,0.0
192,bootstrap,player_00093,occasional_player,0.45314428,0.06760028,1.459822929,0.66151041,10,,0.173544107,0.156189696,2.619164114,5.779978319,0.026718634,lost,-0.45314428,0.0
192,bootstrap,player_00368,player_whale,2.195935183,0.52074456,1.190504368,2.614270428,30,,0.6858414,0.61725726,0.963512756,0.438771036,-0.245743004,won,0.963512756,0.050711198
192,countdown,player_00369,occasional_player,0.132362066,2.716679743,1.0,0.132362066,30,,0.034724558,0.031252102,2.923907217,22.09022045,-0.036847226,lost,-0.132362066,0.0
192,countdown,player_00169,opportunistic_player,0.073447511,2.849041809,1.0,0.073447511,30,,0.019268605,0.017341744,2.979876044,40.57150479,-0.020497554,lost,-0.073447511,0.0
192,countdown,player_00370,occasional_player,0.028655724,2.92248932,1.0,0.028655724,30,,0.007517693,0.006765923,3.022428242,105.473804884,-0.008012323,lost,-0.028655724,0.0
192,countdown,player_00371,opportunistic_player,0.200124539,2.951145044,1.0,0.200124539,30,,0.05250172,0.047251548,2.859532868,14.288766795,-0.05555099,lost,-0.200124539,0.0
193,bootstrap,player_00367,opportunistic_player,0.631685859,0,1.5,0.947528788,0,,0.518602406,0.466742166,0.869915156,1.377132547,0.069174651,lost,-0.631685859,0.0
193,bootstrap,player_00002,persistent_player,0.026375431,0.631685859,1.120326489,0.029549094,10,,0.01617284,0.014555556,1.444960062,54.784320386,-0.004959325,lost,-0.026375431,0.0
193,bootstrap,player_00030,occasional_player,0.181006178,0.65806129,1.104473589,0.199916543,20,,0.109418523,0.098476671,1.298060853,7.171362143,-0.035352581,lost,-0.181006178,0.0
193,countdown,player_00372,occasional_player,0.157140916,0.839067468,1.0,0.157140916,20,,0.086006524,0.077405871,1.320732851,8.404767422,-0.042744809,lost,-0.157140916,0.0
193,countdown,player_00128,occasional_player,0.350644929,0.996208384,1.0,0.350644929,20,,0.191915334,0.172723801,1.136904039,3.242322775,-0.093709817,lost,-0.350644929,0.0
193,countdown,player_00373,occasional_player,0.142301086,1.346853313,1.0,0.142301086,20,,0.077884373,0.070095936,1.33483069,9.380326795,-0.038760152,lost,-0.142301086,0.0
194,bootstrap,player_00106,occasional_player,0.208006222,0,1.5,0.312009333,0,,0.167302477,0.15057223,1.389680481,6.680956308,0.032561027,won,1.389680481,0.073141078
194,bootstrap,player_00015,occasional_player,0.085421495,0.208006222,1.377532408,0.117670878,10,,0.063096284,0.056786655,1.506135972,17.631814705,0.00495773,lost,-0.085421495,0.0
194,bootstrap,player_00374,occasional_player,0.069989026,0.293427717,1.327238889,0.092892157,20,,0.04980969,0.044828721,1.520796817,21.729075315,0.001323868,lost,-0.069989026,0.0
194,bootstrap,player_00134,occasional_player,0.019229051,0.363416743,1.286031528,0.024729166,30,,0.013260022,0.01193402,1.569018793,81.596267722,-0.000274869,lost,-0.019229051,0.0
194,bootstrap,player_00375,opportunistic_player,0.079237487,0.382645794,1.274710062,0.101004822,40,,0.05415978,0.048743802,1.512010779,19.08201328,-0.001673996,lost,-0.079237487,0.0
194,bootstrap,player_00376,opportunistic_player,0.294385057,0.461883281,1.228057494,0.361521775,50,,0.193851537,0.174466383,1.307620588,4.441871476,-0.014888927,lost,-0.294385057,0.0
194,countdown,player_00201,opportunistic_player,0.041086487,0.756268338,1.0,0.041086487,50,,0.022030979,0.019827881,1.548254229,37.682808687,-0.009573228,lost,-0.041086487,0.0
194,countdown,player_00100,occasional_player,0.115992193,0.797354825,1.0,0.115992193,50,,0.062196156,0.055976541,1.477093809,12.734424364,-0.02681675,lost,-0.115992193,0.0
194,countdown,player_00377,player_whale,0.698034687,0.913347018,1.0,0.698034687,50,,0.374293074,0.336863767,0.924153439,1.323936269,-0.151578284,lost,-0.698034687,0.0
195,bootstrap,player_00378,occasional_player,0.058411291,0,1.5,0.087616936,0,,0.067853892,0.061068503,1.039224314,17.791497095,0.008619672,won,1.039224314,0.054696017
195,bootstrap,player_00092,occasional_player,0.106169786,0.058411291,1.465184444,0.155558319,10,,0.120470286,0.108423257,0.993853744,9.360984715,0.013098348,lost,-0.106169786,0.0
195,bootstrap,player_00249,occasional_player,0.05124755,0.164581077,1.401902842,0.071844086,20,,0.055638796,0.050074916,1.046029868,20.41131465,0.003698525,lost,-0.05124755,0.0
195,bootstrap,player_00145,occasional_player,0.036972904,0.215828627,1.371357174,0.050703057,30,,0.039266378,0.03533974,1.059590782,28.65857607,0.001779372,lost,-0.036972904,0.0
195,bootstrap,player_00379,occasional_player,0.049925052,0.252801531,1.349319787,0.067364861,40,,0.052169914,0.046952922,1.047286241,20.977168761,0.001592225,lost,-0.049925052,0.0
195,bootstrap,player_00220,occasional_player,0.081085677,0.302726583,1.304787793,0.105799602,50,,0.081935241,0.073741717,1.017683647,12.550720239,-6.0541e-05,lost,-0.081085677,0.0
195,bootstrap,player_00380,opportunistic_player,0.151006236,0.38381226,1.25249997,0.189135306,60,,0.146473583,0.131826225,0.951259116,6.299469092,-0.005698756,lost,-0.151006236,0.0
195,countdown,player_00168,opportunistic_player,0.076236521,0.534818496,1.0,0.076236521,60,,0.059040465,0.053136418,1.022290346,13.409456941,-0.017864738,lost,-0.076236521,0.0
195,countdown,player_00381,opportunistic_player,0.079661457,0.611055017,1.0,0.079661457,60,,0.061692866,0.055523579,1.019036656,12.792091619,-0.018657805,lost,-0.079661457,0.0
195,countdown,player_00232,occasional_player,0.027163089,0.690716474,1.0,0.027163089,60,,0.02103613,0.018932517,1.068910106,39.351566608,-0.006411664,lost,-0.027163089,0.0
195,countdown,player_00079,occasional_player,0.380175584,0.717879563,1.0,0.380175584,60,,0.294422449,0.264980204,0.733548236,1.929498544,-0.085060819,lost,-0.380175584,0.0
196,bootstrap,player_00379,occasional_player,0.018939841,0,1.5,0.028409761,0,,0.029851217,0.026866096,0.680838194,35.9474081,-0.000139537,lost,-0.018939841,0.0
196,bootstrap,player_00192,player_whale,0.46039634,0.018939841,1.486900202,0.684563411,10,,0.719296833,0.64736715,0.26145452,0.567890092,0.006906194,lost,-0.46039634,0.0
196,bootstrap,player_00075,occasional_player,0.181565096,0.479336181,1.168465678,0.212152583,20,,0.222916794,0.200625115,0.526344202,2.898928336,-0.039540712,won,0.526344202,0.027702326
196,countdown,player_00370,occasional_player,0.026586222,0.660901277,1.0,0.026586222,20,,0.027935155,0.02514164,0.673574132,25.335458789,-0.008983043,lost,-0.026586222,0.0
197,bootstrap,player_00052,occasional_player,0.050300282,0,1.5,0.075450423,0,,0.057461607,0.051715446,1.017247885,20.223502626,0.004908448,lost,-0.050300282,0.0
197,bootstrap,player_00090,occasional_player,0.088922882,0.050300282,1.465186482,0.130288605,10,,0.099225324,0.089302791,0.980556415,11.027042681,0.006584604,lost,-0.088922882,0.0
197,bootstrap,player_00382,occasional_player,0.411622499,0.139223164,1.403641731,0.577770517,20,,0.440019037,0.396017134,0.673991779,1.63740267,0.018299355,lost,-0.411622499,0.0
197,bootstrap,player_00056,occasional_player,0.083167422,0.550845663,1.11875213,0.093043731,30,,0.070860336,0.063774302,0.986024102,11.855893551,-0.014980478,lost,-0.083167422,0.0
197,countdown,player_00383,occasional_player,0.357836407,0.634013085,1.0,0.357836407,30,,0.272521402,0.245269262,0.725088566,2.026313008,-0.092228198,won,0.725088566,0.038162556
197,countdown,player_00166,occasional_player,0.015950064,0.991849492,1.0,0.015950064,30,,0.012147265,0.010932539,1.049880592,65.822970504,-0.004297829,lost,-0.015950064,0.0
197,countdown,player_00221,opportunistic_player,0.062718253,1.007799556,1.0,0.062718253,30,,0.047765029,0.042988526,1.005450813,16.031231174,-0.01679924,lost,-0.062718253,0.0
198,bootstrap,player_00271,occasional_player,0.039624122,0,1.5,0.059436183,0,,0.033061285,0.029755156,1.535512965,38.751974503,0.007244328,lost,-0.039624122,0.0
198,bootstrap,player_00032,occasional_player,0.022425509,0.039624122,1.472122675,0.0330131,10,,0.018363486,0.016527137,1.551851648,69.200286503,0.003592786,lost,-0.022425509,0.0
198,bootstrap,player_00239,occasional_player,0.062966525,0.062049631,1.456345337,0.091701005,20,,0.051008542,0.045907688,1.513337683,24.034003505,0.009397957,lost,-0.062966525,0.0
198,bootstrap,player_00384,occasional_player,0.126638559,0.125016156,1.412045598,0.17881942,30,,0.099468026,0.089521223,1.45284925,11.47240826,0.014759122,lost,-0.126638559,0.0
198,bootstrap,player_00385,occasional_player,0.248451538,0.251654715,1.322949764,0.328688904,40,,0.182832695,0.164549425,1.33712692,5.381841992,0.012454486,won,1.33712692,0.070375101
198,countdown,player_00117,occasional_player,0.031882145,0.500106253,1.0,0.031882145,40,,0.017734394,0.015960954,1.542867844,48.392849464,-0.006747632,lost,-0.031882145,0.0
198,countdown,player_00256,occasional_player,0.638606547,0.531988398,1.0,0.638606547,40,,0.355223904,0.319701514,0.966479662,1.513419595,-0.125458056,lost,-0.638606547,0.0
198,countdown,player_00061,occasional_player,0.123658733,1.170594945,1.0,0.123658733,40,,0.068784979,0.061906481,1.455680085,11.771753193,-0.025887424,lost,-0.123658733,0.0
198,countdown,player_00075,occasional_player,0.311951769,1.294253678,1.0,0.311951769,40,,0.173522689,0.15617042,1.276801701,4.092945858,-0.063835472,lost,-0.311951769,0.0
199,bootstrap,player_00254,occasional_player,0.165795462,0,1.5,0.248693193,0,,0.114782573,0.103304315,1.710193268,10.315078875,0.028002269,lost,-0.165795462,0.0
199,bootstrap,player_00081,occasional_player,0.232504432,0.165795462,1.383273842,0.321617299,10,,0.148440174,0.133596157,1.646819746,7.082960664,0.018566056,lost,-0.232504432,0.0
199,bootstrap,player_00099,occasional_player,0.356812853,0.398299894,1.219582094,0.435162566,20,,0.200846184,0.180761566,1.528726746,4.284393719,-0.015979763,won,1.528726746,0.080459302
199,countdown,player_00386,occasional_player,0.182946751,0.755112747,1.0,0.182946751,20,,0.08443777,0.075993993,1.693899543,9.258975816,-0.040317706,lost,-0.182946751,0.0
199,countdown,player_00015,occasional_player,0.116286291,0.938059498,1.0,0.116286291,20,,0.05367111,0.048303999,1.75722698,15.111213583,-0.025788108,lost,-0.116286291,0.0
199,countdown,player_00178,opportunistic_player,0.459253055,1.054345789,1.0,0.459253055,20,,0.211964978,0.19076848,1.431408554,3.116818797,-0.098574414,lost,-0.459253055,0.0
199,countdown,player_00387,occasional_player,0.128370373,1.513598844,1.0,0.128370373,20,,0.059248432,0.053323589,1.745747102,13.599299133,-0.028435704,lost,-0.128370373,0.0
199,countdown,player_00388,occasional_player,0.274316396,1.641969217,1.0,0.274316396,20,,0.126608779,0.113947902,1.60709838,5.858557504,-0.05993313,lost,-0.274316396,0.0
200,bootstrap,player_00389,occasional_player,0.038548128,0,1.5,0.057822192,0,,0.01750574,0.015755166,2.618465701,67.927181868,0.003313567,lost,-0.038548128,0.0
200,bootstrap,player_00196,occasional_player,0.110166463,0.038548128,1.472841677,0.162257758,10,,0.049123738,0.044211364,2.550428283,23.150677744,0.00746206,lost,-0.110166463,0.0
200,bootstrap,player_00351,occasional_player,0.083392897,0.148714591,1.395226068,0.116351944,20,,0.035225696,0.031703126,2.575863171,30.888280219,0.000913833,lost,-0.083392897,0.0
200,bootstrap,player_00044,player_whale,1.35423802,0.232107488,1.334484027,1.807209006,30,,0.547134773,0.492421295,1.368560304,1.010575899,-0.013474142,won,1.368560304,0.07202949
200,countdown,player_00029,occasional_player,0.058105392,1.586345508,1.0,0.058105392,30,,0.01759148,0.015832332,2.599886301,44.744320811,-0.016023186,lost,-0.058105392,0.0
200,countdown,player_00375,opportunistic_player,0.17549379,1.6444509,1.0,0.17549379,30,,0.053130963,0.047817867,2.488367322,14.179232909,-0.048113634,lost,-0.17549379,0.0
200,countdown,player_00390,player_whale,0.925801685,1.81994469,1.0,0.925801685,30,,0.280287611,0.25225885,1.775574822,1.917878149,-0.244355555,lost,-0.925801685,0.0
201,bootstrap,player_00034,occasional_player,0.053961575,0,1.5,0.080942363,0,,0.035561999,0.032005799,1.499045868,27.77987611,-0.00425633,lost,-0.053961575,0.0
201,bootstrap,player_00194,player_whale,1.443729954,0.053961575,1.461388471,2.10985031,10,,0.926962008,0.834265808,0.178765908,0.123822262,-0.090137133,lost,-1.443729954,0.0
201,countdown,player_00391,occasional_player,0.085298786,1.497691529,1.0,0.085298786,10,,0.037475992,0.033728393,1.469275518,17.22504606,-0.032865493,won,1.469275518,0.07733029
202,bootstrap,player_00168,opportunistic_player,0.067890755,0,1.5,0.101836132,0,,0.061492564,0.055343308,1.379825666,20.324205645,0.01223066,lost,-0.067890755,0.0
202,bootstrap,player_00353,opportunistic_player,0.071448481,0.067890755,1.449257781,0.103547267,10,,0.062525813,0.056273232,1.376445826,19.264871793,0.010029211,lost,-0.071448481,0.0
202,bootstrap,player_00082,opportunistic_player,0.228978882,0.139339236,1.395856483,0.319621657,20,,0.19299982,0.173699838,1.226791945,5.357664142,0.023888276,lost,-0.228978882,0.0
202,bootstrap,player_00146,occasional_player,0.046346112,0.368318118,1.224715413,0.056760798,30,,0.034274348,0.030846913,1.400293077,30.21381981,-0.001721759,lost,-0.046346112,0.0
202,bootstrap,player_00304,occasional_player,0.081337224,0.41466423,1.190075873,0.096797468,40,,0.058450025,0.052605023,1.36705152,16.807206507,-0.005144701,lost,-0.081337224,0.0
202,countdown,player_00392,occasional_player,0.290867392,0.496001454,1.0,0.290867392,40,,0.175636892,0.158073203,1.167997861,4.015568238,-0.060259889,lost,-0.290867392,0.0
202,countdown,player_00132,player_whale,0.673343843,0.786868846,1.0,0.673343843,40,,0.406590849,0.365931764,0.804645232,1.19499902,-0.132500694,won,0.804645232,0.042349749
202,countdown,player_00393,occasional_player,0.013297745,1.460212689,1.0,0.013297745,40,,0.008029689,0.00722672,1.431689025,107.664045708,-0.00285523,lost,-0.013297745,0.0
203,bootstrap,player_00281,occasional_player,0.387289556,0,1.5,0.580934334,0,,0.448771842,0.403894657,0.674254147,1.740956183,0.041462274,won,0.674254147,0.03548706
203,bootstrap,player_00360,occasional_player,0.238887933,0.387289556,1.215328808,0.290327387,10,,0.224277941,0.201850147,0.815235689,3.412628167,-0.026112925,lost,-0.238887933,0.0
203,countdown,player_00079,occasional_player,0.423236463,0.626177489,1.0,0.423236463,10,,0.326950218,0.294255196,0.640104585,1.512404155,-0.110342835,lost,-0.423236463,0.0
204,bootstrap,player_00117,occasional_player,0.032804794,0,1.5,0.049207191,0,,0.03525595,0.031730355,1.1682176,35.611185358,0.005304073,lost,-0.032804794,0.0
204,bootstrap,player_00331,occasional_player,0.180316796,0.032804794,1.475870453,0.266124231,10,,0.19067259,0.171605331,1.028081198,5.701527648,0.027050742,lost,-0.180316796,0.0
204,bootstrap,player_00275,occasional_player,0.088426551,0.21312159,1.343238542,0.118777951,30,,0.085101982,0.076591784,1.115376931,12.61359759,0.003774905,lost,-0.088426551,0.0
204,bootstrap,player_00394,opportunistic_player,0.173358836,0.301548141,1.278196445,0.221586648,40,,0.158762319,0.142886087,1.03469126,5.968494504,-0.000745284,lost,-0.173358836,0.0
204,countdown,player_00157,opportunistic_player,0.723289212,0.474906977,1.0,0.723289212,40,,0.518221986,0.466399787,0.512257403,0.708233158,-0.147030534,won,0.512257403,0.026960916
204,countdown,player_00001,persistent_player,0.016727862,1.198196189,1.0,0.016727862,40,,0.011985172,0.010786655,1.183490685,70.749668139,-0.003781518,lost,-0.016727862,0.0
204,bootstrap,player_00155,occasional_player,0.112353221,0.21312159,1.343238542,0.150917177,20,30,0.0,0.0,0.0,0.0,0.0,pending_withdrawn,0.0,0.0
205,bootstrap,player_00331,occasional_player,0.09224174,0,1.5,0.13836261,0,,0.064372006,0.057934805,1.727457142,18.727499527,0.01318216,lost,-0.09224174,0.0
205,bootstrap,player_00335,player_whale,0.555962528,0.09224174,1.432104116,0.796196225,10,,0.370423396,0.333381057,1.286922394,2.314764627,0.058420394,won,1.286922394,0.067732758
205,countdown,player_00395,occasional_player,0.292017708,0.648204268,1.0,0.292017708,10,,0.135858709,0.122272838,1.537669973,5.265673726,-0.068296603,lost,-0.292017708,0.0
205,countdown,player_00189,occasional_player,0.040375498,0.940221976,1.0,0.040375498,10,,0.018784351,0.016905916,1.776730072,44.005155605,-0.009655665,lost,-0.040375498,0.0
205,countdown,player_00396,opportunistic_player,0.320441389,0.980597474,1.0,0.320441389,10,,0.14908258,0.134174322,1.510667476,4.71433319,-0.074753598,lost,-0.320441389,0.0
205,countdown,player_00397,opportunistic_player,0.562028645,1.301038863,1.0,0.562028645,10,,0.261478958,0.235331062,1.281159582,2.279527198,-0.128269201,lost,-0.562028645,0.0
206,bootstrap,player_00175,occasional_player,0.022186425,0,1.5,0.033279638,0,,0.039495071,0.035545564,0.674661791,30.408765304,0.002583438,lost,-0.022186425,0.0
206,bootstrap,player_00356,occasional_player,0.061331791,0.022186425,1.483657917,0.090995397,10,,0.107990048,0.097191043,0.637473693,10.393854193,0.006585843,lost,-0.061331791,0.0
206,bootstrap,player_00395,occasional_player,0.130790907,0.083518216,1.438482131,0.188140383,20,,0.223278206,0.200950385,0.571487533,4.369474499,0.010332216,won,0.571487533,0.030078291
206,bootstrap,player_00029,occasional_player,0.105047417,0.214309123,1.342144132,0.140988774,30,,0.167320381,0.150588342,0.595943848,5.673093783,0.000513696,lost,-0.105047417,0.0
206,bootstrap,player_00053,opportunistic_player,0.067615241,0.31935654,1.264768279,0.085517612,40,,0.101489211,0.09134029,0.631504416,9.339675585,-0.003757449,lost,-0.067615241,0.0
206,bootstrap,player_00010,occasional_player,0.027156852,0.386971781,1.214964227,0.032994604,50,,0.039156803,0.035241123,0.669939885,24.669276288,-0.00259038,lost,-0.027156852,0.0
206,countdown,player_00398,occasional_player,0.079225791,0.414128633,1.0,0.079225791,50,,0.094022305,0.084620074,0.620474393,7.831722287,-0.020017109,lost,-0.079225791,0.0
206,countdown,player_00399,opportunistic_player,0.116808714,0.493354424,1.0,0.116808714,50,,0.138624359,0.124761923,0.584770616,5.006224246,-0.029278327,lost,-0.116808714,0.0
206,countdown,player_00400,occasional_player,0.04359509,0.610163138,1.0,0.04359509,50,,0.051737077,0.046563369,0.654323559,15.009111324,-0.011097646,lost,-0.04359509,0.0
206,countdown,player_00317,occasional_player,0.031081617,0.653758228,1.0,0.031081617,50,,0.03688654,0.033197886,0.666211358,21.43425673,-0.007932965,lost,-0.031081617,0.0
207,bootstrap,player_00263,occasional_player,0.295485425,0,1.5,0.443228138,10,,0.405401464,0.364861318,0.575923177,1.949074737,0.022457866,lost,-0.295485425,0.0
207,bootstrap,player_00119,occasional_player,0.05113634,0.295485425,1.28219881,0.065566954,20,,0.059971236,0.053974112,0.808054808,15.80196799,-0.004762261,lost,-0.05113634,0.0
207,bootstrap,player_00216,opportunistic_player,0.202815252,0.346621765,1.244506407,0.252404881,30,,0.230863746,0.207777372,0.663959841,3.273717508,-0.022719001,lost,-0.202815252,0.0
207,bootstrap,player_00382,occasional_player,0.287405878,0.549437017,1.095012051,0.3147129,40,,0.287854176,0.259068759,0.583598747,2.030573455,-0.061755791,won,0.583598747,0.030715724
207,countdown,player_00400,occasional_player,0.017393829,0.836842895,1.0,0.017393829,40,,0.015909377,0.01431844,0.840110193,48.299324621,-0.005115709,lost,-0.017393829,0.0
208,bootstrap,player_00254,occasional_player,0.12403639,0,1.5,0.186054585,0,,0.113414106,0.102072695,1.239672021,9.994421967,0.015161003,lost,-0.12403639,0.0
208,bootstrap,player_00122,occasional_player,0.261762902,0.12403639,1.408509202,0.368695456,10,,0.224747299,0.202272569,1.108831834,4.236015975,0.015470817,lost,-0.261762902,0.0
208,bootstrap,player_00188,occasional_player,0.417928906,0.385799292,1.2154296,0.507963163,20,,0.309641324,0.278677191,0.960474131,2.298175878,-0.033799419,lost,-0.417928906,0.0
208,countdown,player_00401,occasional_player,0.028447645,0.803728198,1.0,0.028447645,20,,0.017340955,0.01560686,1.330481329,46.76947173,-0.007239031,lost,-0.028447645,0.0
208,countdown,player_00071,occasional_player,0.015400135,0.832175843,1.0,0.015400135,20,,0.009387528,0.008448775,1.342876463,87.199005925,-0.003924362,lost,-0.015400135,0.0
208,countdown,player_00402,occasional_player,0.053174725,0.847575978,1.0,0.053174725,20,,0.032413949,0.029172554,1.306990603,24.579169946,-0.013495228,lost,-0.053174725,0.0
208,countdown,player_00403,occasional_player,0.184551166,0.900750703,1.0,0.184551166,20,,0.11249766,0.101247894,1.182182984,6.405719396,-0.046172211,won,1.182182984,0.062220157
208,countdown,player_00181,occasional_player,0.296202052,1.085301869,1.0,0.296202052,20,,0.180557178,0.162501461,1.076114642,3.633042495,-0.073198585,lost,-0.296202052,0.0
209,bootstrap,player_00006,persistent_player,0.307735135,0,1.5,0.461602703,0,,0.273624376,0.246261938,1.14046216,3.705986189,0.048900738,lost,-0.307735135,0.0
209,bootstrap,player_00360,occasional_player,0.147169916,0.307735135,1.272851698,0.187325478,10,,0.111040981,0.099936883,1.292999118,8.78575699,-0.003243912,lost,-0.147169916,0.0
209,bootstrap,player_00404,opportunistic_player,0.195872935,0.454905051,1.16422128,0.228039439,20,,0.135175008,0.121657507,1.24673125,6.365000097,-0.020369306,lost,-0.195872935,0.0
209,countdown,player_00273,occasional_player,0.056847568,0.650777986,1.0,0.056847568,20,,0.03369755,0.030327795,1.378805349,24.254429826,-0.01330738,lost,-0.056847568,0.0
209,countdown,player_00385,occasional_player,0.32275782,0.707625554,1.0,0.32275782,20,,0.191321252,0.172189127,1.126190609,3.489274433,-0.073264655,won,1.126190609,0.05927319
209,countdown,player_00297,opportunistic_player,0.393391749,1.030383374,1.0,0.393391749,20,,0.233190948,0.209871853,1.059088377,2.692197738,-0.088557054,lost,-0.393391749,0.0
209,countdown,player_00405,occasional_player,0.037029326,1.423775123,1.0,0.037029326,20,,0.021949885,0.019754896,1.397632679,37.743940539,-0.008687727,lost,-0.037029326,0.0
210,bootstrap,player_00019,opportunistic_player,0.178069471,0,1.5,0.267104206,0,,0.295091879,0.265582691,0.549547824,3.086142849,0.015173089,won,0.549547824,0.02892357
210,bootstrap,player_00105,occasional_player,0.03446262,0.178069471,1.348425903,0.046470289,10,,0.051339532,0.046205579,0.685974333,19.904880503,-0.001174414,lost,-0.03446262,0.0
210,bootstrap,player_00083,player_whale,0.191015613,0.212532091,1.319091057,0.251966987,20,,0.278368554,0.250531699,0.53724899,2.812592024,-0.008562245,lost,-0.191015613,0.0
210,bootstrap,player_00396,opportunistic_player,0.177252347,0.403547704,1.156497105,0.204991826,30,,0.226471249,0.203824124,0.550324092,3.104749255,-0.028954717,lost,-0.177252347,0.0
210,countdown,player_00406,occasional_player,0.01412387,0.580800051,1.0,0.01412387,30,,0.015603795,0.014043416,0.705296145,49.93646539,-0.004020756,lost,-0.01412387,0.0
210,countdown,player_00407,occasional_player,0.084197291,0.594923921,1.0,0.084197291,30,,0.093019639,0.083717675,0.638726395,7.586068244,-0.023675801,lost,-0.084197291,0.0
210,countdown,player_00408,occasional_player,0.036301602,0.679121212,1.0,0.036301602,30,,0.040105351,0.036094816,0.6842273,18.848405093,-0.010294244,lost,-0.036301602,0.0
211,bootstrap,player_00409,occasional_player,0.252376979,0,1.5,0.378565469,0,,0.317855409,0.286069868,0.753544665,2.985790019,0.035386893,won,0.753544665,0.039660246
211,bootstrap,player_00410,occasional_player,0.060091819,0.252376979,1.2850243,0.077219448,10,,0.064835864,0.058352277,0.936215567,15.579750831,-0.001955014,lost,-0.060091819,0.0
211,bootstrap,player_00188,occasional_player,0.132956969,0.312468798,1.233837853,0.164047341,20,,0.137739279,0.123965351,0.866993675,6.5208592,-0.008997737,lost,-0.132956969,0.0
211,bootstrap,player_00209,occasional_player,0.100343445,0.445425767,1.120584586,0.112443318,30,,0.094410927,0.084969834,0.897976522,8.949030226,-0.015516363,lost,-0.100343445,0.0
211,countdown,player_00411,occasional_player,0.144967699,0.545769212,1.0,0.144967699,30,,0.121719414,0.109547473,0.855583481,5.901890469,-0.035359846,lost,-0.144967699,0.0
211,countdown,player_00280,opportunistic_player,0.275749241,0.690736911,1.0,0.275749241,30,,0.231527688,0.208374919,0.731341016,2.652195935,-0.06589689,lost,-0.275749241,0.0
211,countdown,player_00412,occasional_player,0.038006469,0.966486152,1.0,0.038006469,30,,0.03191142,0.028720278,0.95719665,25.185098082,-0.009423959,lost,-0.038006469,0.0
212,bootstrap,player_00011,opportunistic_player,0.549331054,0,1.5,0.823996581,0,,0.598434476,0.538591028,0.563046004,1.02496664,0.04978525,won,0.563046004,0.029634
212,bootstrap,player_00316,occasional_player,0.033796272,0.549331054,1.027394628,0.034722108,10,,0.025217224,0.022695502,1.052804047,31.151484619,-0.009135333,lost,-0.033796272,0.0
212,countdown,player_00371,opportunistic_player,0.162781934,0.583127326,1.0,0.162781934,10,,0.118221754,0.106399579,0.930267668,5.714809043,-0.046481917,lost,-0.162781934,0.0
212,countdown,player_00413,opportunistic_player,0.355419682,0.74590926,1.0,0.355419682,10,,0.258126546,0.232313891,0.747261808,2.102477285,-0.099251454,lost,-0.355419682,0.0
213,bootstrap,player_00382,occasional_player,0.336022984,0,1.5,0.504034476,0,,0.196903879,0.177213492,1.92302901,5.722909151,0.064311507,lost,-0.336022984,0.0
213,bootstrap,player_00333,occasional_player,0.094814295,0.336022984,1.210707217,0.114792351,10,,0.044844272,0.040359845,2.152177265,22.698869033,-0.004126064,lost,-0.094814295,0.0
213,bootstrap,player_00116,occasional_player,0.014294957,0.430837279,1.1290786,0.01614013,20,,0.006305232,0.005674709,2.228670636,155.906074829,-0.001566781,lost,-0.014294957,0.0
213,bootstrap,player_00049,opportunistic_player,0.431221999,0.445132236,1.116771621,0.481576491,30,,0.188130542,0.169317488,1.832589946,4.249759869,-0.047919047,won,1.832589946,0.096452102
213,countdown,player_00118,occasional_player,0.046582279,0.876354235,1.0,0.046582279,30,,0.018197627,0.016377864,2.19799768,47.185275753,-0.009820853,lost,-0.046582279,0.0
213,countdown,player_00414,opportunistic_player,0.086475883,0.922936514,1.0,0.086475883,30,,0.033782286,0.030404057,2.160098756,24.979204387,-0.018170899,lost,-0.086475883,0.0
213,countdown,player_00415,opportunistic_player,0.920959561,1.009412397,1.0,0.920959561,30,,0.359777989,0.32380019,1.367339262,1.484689795,-0.180007966,lost,-0.920959561,0.0
213,countdown,player_00416,occasional_player,0.38923845,1.930371958,1.0,0.38923845,30,,0.152058172,0.136852354,1.872474317,4.810609839,-0.079717733,lost,-0.38923845,0.0
214,bootstrap,player_00153,occasional_player,0.025532959,0,1.5,0.038299439,0,,0.034402538,0.030962285,0.817312981,32.010116054,0.000563477,lost,-0.025532959,0.0
214,bootstrap,player_00182,occasional_player,0.024589226,0.174070766,1.350032011,0.033196242,20,,0.029818583,0.026836724,0.818209527,33.275123306,-0.001971268,lost,-0.024589226,0.0
214,bootstrap,player_00417,occasional_player,0.074861566,0.050122185,1.456614637,0.109044453,30,,0.097949372,0.088154435,0.770450804,10.291673623,-0.000343532,lost,-0.074861566,0.0
214,bootstrap,player_00238,occasional_player,0.541810697,0.124983751,1.391815062,0.754100289,40,,0.677371911,0.60963472,0.32684913,0.603253372,-0.012245507,won,0.32684913,0.017202586
214,countdown,player_00222,occasional_player,0.178633211,0.666794448,1.0,0.178633211,40,,0.160457596,0.144411836,0.671867741,3.76115806,-0.055810807,lost,-0.178633211,0.0
214,bootstrap,player_00292,occasional_player,0.148537807,0.025532959,1.478002472,0.219539246,10,30,0.0,0.0,0.0,0.0,0.0,pending_withdrawn,0.0,0.0
215,bootstrap,player_00198,player_whale,1.572628375,0,1.5,2.358942563,0,,0.93004277,0.837038493,0.206599707,0.131372237,-0.083345983,won,0.206599707,0.010873669
215,countdown,player_00286,occasional_player,0.096252113,1.572628375,1.0,0.096252113,0,,0.037948606,0.034153745,1.609157156,16.718148891,-0.038005999,lost,-0.096252113,0.0
215,countdown,player_00087,occasional_player,0.081186058,1.668880488,1.0,0.081186058,0,,0.032008624,0.028807762,1.623469908,19.996905238,-0.032078735,lost,-0.081186058,0.0
216,bootstrap,player_00021,occasional_player,0.058280261,0,1.5,0.087420391,0,,0.06705301,0.060347709,1.054312883,18.090393982,0.008862186,lost,-0.058280261,0.0
216,bootstrap,player_00394,opportunistic_player,0.144972191,0.058280261,1.447879352,0.209902242,10,,0.160998789,0.14489891,0.971955549,6.704427536,0.016869422,won,0.971955549,0.051155555
216,bootstrap,player_00359,occasional_player,0.012389563,0.203252452,1.318229204,0.016332284,20,,0.012527155,0.01127444,1.097909046,88.615639305,0.000128432,lost,-0.012389563,0.0
216,bootstrap,player_00266,occasional_player,0.053325247,0.215642015,1.303663391,0.069518172,30,,0.053321686,0.047989518,1.059020146,19.859638834,5.5672e-05,lost,-0.053325247,0.0
216,bootstrap,player_00418,occasional_player,0.234809708,0.268967262,1.2551121,0.294712506,40,,0.226049785,0.203444807,0.886609908,3.775865639,-0.006662711,lost,-0.234809708,0.0
216,countdown,player_00144,occasional_player,0.296832983,0.50377697,1.0,0.296832983,40,,0.227676229,0.204908606,0.827687797,2.788395645,-0.066408997,lost,-0.296832983,0.0
216,countdown,player_00220,occasional_player,0.086237388,0.800609953,1.0,0.086237388,40,,0.066145625,0.059531063,1.027753612,11.917726592,-0.01992032,lost,-0.086237388,0.0
216,countdown,player_00419,opportunistic_player,0.242794471,0.886847341,1.0,0.242794471,40,,0.18622772,0.167604948,0.879024383,3.620446461,-0.054772081,lost,-0.242794471,0.0
217,bootstrap,player_00067,player_whale,0.716348787,0,1.5,1.07452318,0,,0.582189819,0.523970837,0.769071735,1.073599549,0.061968247,lost,-0.716348787,0.0
217,countdown,player_00223,occasional_player,0.498561169,0.716348787,1.0,0.498561169,0,,0.270126547,0.243113893,0.975969972,1.957573178,-0.140082164,won,0.975969972,0.051366841
217,countdown,player_00041,occasional_player,0.011148105,1.214909956,1.0,0.011148105,0,,0.00604018,0.005436162,1.439012383,129.081344561,-0.003264798,lost,-0.011148105,0.0
217,countdown,player_00420,occasional_player,0.03624691,1.226058061,1.0,0.03624691,0,,0.01963902,0.017675118,1.415168518,39.042459563,-0.010592971,lost,-0.03624691,0.0
217,countdown,player_00352,occasional_player,0.056316413,1.262304971,1.0,0.056316413,0,,0.030512922,0.02746163,1.39610249,24.790330487,-0.016430622,lost,-0.056316413,0.0
217,countdown,player_00319,occasional_player,0.168862023,1.318621384,1.0,0.168862023,0,,0.091491512,0.082342361,1.289184161,7.634541726,-0.048803058,lost,-0.168862023,0.0
218,bootstrap,player_00421,occasional_player,0.071195718,0,1.5,0.106793577,0,,0.118568477,0.10671163,0.657158914,9.230315142,0.006528192,lost,-0.071195718,0.0
218,bootstrap,player_00236,occasional_player,0.185748501,0.071195718,1.437954087,0.267097816,10,,0.296547623,0.26689286,0.54833377,2.952022585,0.010172816,won,0.54833377,0.028859672
218,bootstrap,player_00090,occasional_player,0.220820095,0.256944219,1.276077281,0.281783507,20,,0.312852536,0.281567282,0.515015756,2.332286632,-0.013632794,lost,-0.220820095,0.0
218,countdown,player_00422,occasional_player,0.245016239,0.477764314,1.0,0.245016239,20,,0.272031364,0.244828228,0.492029419,2.008150239,-0.064566657,lost,-0.245016239,0.0
219,bootstrap,player_00186,occasional_player,0.144829327,0,1.5,0.217243991,0,,0.301219582,0.271097624,0.415511788,2.868975483,0.007077818,lost,-0.144829327,0.0
219,bootstrap,player_00399,opportunistic_player,0.249566967,0.144829327,1.373695178,0.342828939,10,,0.475349349,0.427814414,0.31601103,1.266237412,-0.007604547,won,0.31601103,0.016632159
219,bootstrap,player_00290,occasional_player,0.038085316,0.394396294,1.156049262,0.044028501,20,,0.061047703,0.054942933,0.516918599,13.572648285,-0.007591773,lost,-0.038085316,0.0
219,bootstrap,player_00423,occasional_player,0.044557551,0.43248161,1.122835278,0.05003079,30,,0.069370175,0.062433157,0.510769976,11.463151905,-0.0098867,lost,-0.044557551,0.0
219,countdown,player_00424,occasional_player,0.067082481,0.477039161,1.0,0.067082481,30,,0.093013191,0.083711872,0.489371292,7.295068472,-0.020500694,lost,-0.067082481,0.0
220,bootstrap,player_00401,occasional_player,0.084605774,0.415012459,1.137829421,0.096266939,10,,0.090044658,0.081040193,0.826941412,9.774054095,-0.010733815,lost,-0.084605774,0.0
220,bootstrap,player_00424,occasional_player,0.028622813,0.084605774,1.426166741,0.040820904,20,,0.038182416,0.034364175,0.880125225,30.749082026,0.002605563,lost,-0.028622813,0.0
220,bootstrap,player_00230,occasional_player,0.17083991,0.113228587,1.397415929,0.238734412,30,,0.223303647,0.200973282,0.745018983,4.360918843,0.013223258,lost,-0.17083991,0.0
220,bootstrap,player_00425,occasional_player,0.038592386,0.284068497,1.242636523,0.047956308,40,,0.044856619,0.040370957,0.87065413,22.560256585,-0.001885234,lost,-0.038592386,0.0
220,bootstrap,player_00227,occasional_player,0.248207543,0.322660883,1.207672172,0.299753342,50,,0.280378576,0.252340718,0.671519731,2.705476728,-0.016122902,lost,-0.248207543,0.0
220,countdown,player_00426,occasional_player,0.335043856,0.570868426,1.0,0.335043856,50,,0.313388063,0.282049257,0.589025234,1.758054127,-0.074410856,won,0.589025234,0.031001328
220,countdown,player_00027,occasional_player,0.010526402,0.905912282,1.0,0.010526402,50,,0.009846021,0.008861419,0.897316815,85.244399292,-0.002481623,lost,-0.010526402,0.0
220,bootstrap,player_00031,player_whale,0.415012459,0,1.5,0.622518689,0,20,0.0,0.0,0.0,0.0,0.0,pending_withdrawn,0.0,0.0
221,bootstrap,player_00071,occasional_player,0.015767838,0,1.5,0.023651757,0,,0.012902237,0.011612014,1.460982599,92.655860543,0.001380208,lost,-0.015767838,0.0
221,bootstrap,player_00082,opportunistic_player,0.368089372,0.015767838,1.485704475,0.546872027,10,,0.298323408,0.268491067,1.126277141,3.059792613,0.033134688,lost,-0.368089372,0.0
221,bootstrap,player_00379,occasional_player,0.040951343,0.38385721,1.151985245,0.047175343,20,,0.025734557,0.023161101,1.437058269,35.091847148,-0.006719013,lost,-0.040951343,0.0
221,bootstrap,player_00335,player_whale,1.090231013,0.424808553,1.114857711,1.215452452,30,,0.663039798,0.596735818,0.440242583,0.403806695,-0.1769426,won,0.440242583,0.023170662
222,bootstrap,player_00068,player_whale,0.536915872,0,1.5,0.805373808,0,,0.351742643,0.316568379,1.432836081,2.668641691,0.08664531,lost,-0.536915872,0.0
222,bootstrap,player_00065,occasional_player,0.03604506,0.536915872,1.143402874,0.041214025,10,,0.018000002,0.016200002,1.908663352,52.952148008,-0.00454078,lost,-0.03604506,0.0
222,bootstrap,player_00208,opportunistic_player,0.197339479,0.572960932,1.119463249,0.220914294,20,,0.09648312,0.086834808,1.755433654,8.895501614,-0.027770799,lost,-0.197339479,0.0
222,countdown,player_00427,occasional_player,0.03667877,0.770300411,1.0,0.03667877,20,,0.016019254,0.014417328,1.908061328,52.020864592,-0.008640813,lost,-0.03667877,0.0
222,countdown,player_00171,occasional_player,0.50333069,0.806979181,1.0,0.50333069,20,,0.219826949,0.197844254,1.464742004,2.910098734,-0.113958816,lost,-0.50333069,0.0
222,countdown,player_00150,occasional_player,0.033002931,1.310309871,1.0,0.033002931,20,,0.014413851,0.012972466,1.911553375,57.920715425,-0.00777724,lost,-0.033002931,0.0
222,countdown,player_00428,occasional_player,0.155380078,1.343312802,1.0,0.155380078,20,,0.067861406,0.061075266,1.795295085,11.554216654,-0.036242074,lost,-0.155380078,0.0
222,countdown,player_00429,occasional_player,0.493773217,1.49869288,1.0,0.493773217,20,,0.215652775,0.194087497,1.473821603,2.984814794,-0.111887663,lost,-0.493773217,0.0
223,bootstrap,player_00150,occasional_player,0.056392065,0,1.5,0.084588098,0,,0.079829428,0.071846485,0.815624998,14.463471021,0.006259296,lost,-0.056392065,0.0
223,bootstrap,player_00170,occasional_player,0.052399977,0.056392065,1.463465332,0.07668555,10,,0.072371453,0.065134308,0.819417482,15.637745062,0.00438525,lost,-0.052399977,0.0
223,bootstrap,player_00251,occasional_player,0.157983307,0.108792042,1.429517014,0.225839825,20,,0.21313476,0.191821284,0.719113318,4.551831024,0.010262494,lost,-0.157983307,0.0
223,bootstrap,player_00255,occasional_player,0.13909976,0.266775349,1.326779166,0.184554664,30,,0.174172177,0.156754959,0.737052688,5.298734431,-0.001758519,lost,-0.13909976,0.0
223,bootstrap,player_00057,occasional_player,0.138610621,0.405875109,1.236459816,0.171386463,40,,0.161744779,0.145570301,0.73751737,5.320785409,-0.011072406,lost,-0.138610621,0.0
223,countdown,player_00430,occasional_player,0.260924162,0.54448573,1.0,0.260924162,40,,0.246245358,0.221620822,0.621319506,2.381226411,-0.065400595,won,0.621319506,0.032701027
223,countdown,player_00431,occasional_player,0.055631718,0.805409892,1.0,0.055631718,40,,0.052502046,0.047251841,0.816347328,14.674134773,-0.014429103,lost,-0.055631718,0.0
224,bootstrap,player_00061,occasional_player,0.091922221,0,1.5,0.137883331,0,,0.065591415,0.059032274,1.677863234,18.253075434,0.012552238,lost,-0.091922221,0.0
224,bootstrap,player_00135,occasional_player,0.022777806,0.091922221,1.440271852,0.032806233,10,,0.015606,0.0140454,1.743550428,76.54602152,0.00203098,lost,-0.022777806,0.0
224,bootstrap,player_00240,opportunistic_player,0.485313565,0.114700027,1.425471555,0.691800682,20,,0.329091163,0.296182047,1.304141457,2.687214105,0.044690886,lost,-0.485313565,0.0
224,bootstrap,player_00432,occasional_player,0.321889965,0.600013592,1.11013017,0.357339762,30,,0.16998734,0.152988606,1.459393877,4.533828438,-0.049373833,lost,-0.321889965,0.0
224,countdown,player_00433,occasional_player,0.106094508,0.921903557,1.0,0.106094508,30,,0.0504694,0.04542246,1.664399561,15.687895563,-0.025674313,lost,-0.106094508,0.0
224,countdown,player_00434,opportunistic_player,0.160376756,1.027998065,1.0,0.160376756,30,,0.076291589,0.06866243,1.612831426,10.056516081,-0.038623973,lost,-0.160376756,0.0
224,countdown,player_00435,player_whale,0.464412173,1.188374821,1.0,0.464412173,30,,0.220921931,0.198829738,1.32399778,2.850911015,-0.108823092,lost,-0.464412173,0.0
224,countdown,player_00436,occasional_player,0.1514417,1.652786994,1.0,0.1514417,30,,0.072041162,0.064837046,1.621319729,10.705900217,-0.036501086,won,1.621319729,0.085332617
225,bootstrap,player_00374,occasional_player,0.16131245,0,1.5,0.241968675,0,,0.182031239,0.163828115,0.961299942,5.95924209,0.022603022,lost,-0.16131245,0.0
225,bootstrap,player_00437,occasional_player,0.177230504,0.16131245,1.395110856,0.2472562,10,,0.186009005,0.167408104,0.94617779,5.338684759,0.010837149,lost,-0.177230504,0.0
225,bootstrap,player_00311,occasional_player,0.092838094,0.338542954,1.27987142,0.118820823,20,,0.089388024,0.080449221,1.02635058,11.055274142,-0.002800237,won,1.02635058,0.054018452
225,bootstrap,player_00438,occasional_player,0.094530601,0.431381048,1.219505911,0.115280627,30,,0.08672476,0.078052284,1.024742698,10.840327761,-0.007168763,lost,-0.094530601,0.0
225,bootstrap,player_00276,occasional_player,0.078941451,0.525911649,1.158039894,0.09141735,40,,0.068772594,0.061895335,1.039552391,13.16865066,-0.0097119,lost,-0.078941451,0.0
225,countdown,player_00085,occasional_player,0.077188144,0.6048531,1.0,0.077188144,40,,0.058068068,0.052261261,1.041218032,13.489351842,-0.018738827,lost,-0.077188144,0.0
225,countdown,player_00439,occasional_player,0.437338235,0.682041244,1.0,0.437338235,40,,0.32900631,0.296105679,0.699075446,1.598477769,-0.100839691,lost,-0.437338235,0.0
226,bootstrap,player_00324,occasional_player,0.089313446,0,1.5,0.133970169,0,,0.108826314,0.097943683,0.851206051,9.530547633,0.002804497,won,0.851206051,0.044800318
226,bootstrap,player_00415,opportunistic_player,0.342915001,0.089313446,1.44188562,0.494444209,10,,0.401645689,0.36148112,0.610284574,1.779696346,0.001648649,lost,-0.342915001,0.0
226,bootstrap,player_00213,occasional_player,0.473547093,0.432228447,1.217830954,0.576700308,20,,0.468463759,0.421617383,0.486184087,1.026685823,-0.068907745,lost,-0.473547093,0.0
226,countdown,player_00009,occasional_player,0.02593104,0.90577554,1.0,0.02593104,20,,0.021064238,0.018957814,0.911419337,35.147812703,-0.008160926,lost,-0.02593104,0.0
227,bootstrap,player_00299,player_whale,0.778500609,0,1.5,1.167750913,0,,0.555533825,0.499980442,0.939200415,1.206422197,0.080316309,won,0.939200415,0.049431601
227,countdown,player_00267,occasional_player,0.635242877,0.778500609,1.0,0.635242877,0,,0.302203921,0.271983529,1.07529526,1.692730921,-0.170004677,lost,-0.635242877,0.0
227,countdown,player_00248,occasional_player,0.012107472,1.413743486,1.0,0.012107472,0,,0.005759884,0.005183896,1.667273895,137.706194566,-0.003401734,lost,-0.012107472,0.0
227,countdown,player_00440,occasional_player,0.03440329,1.425850958,1.0,0.03440329,0,,0.016366668,0.014730001,1.646092868,47.846960795,-0.00964958,lost,-0.03440329,0.0
227,countdown,player_00441,occasional_player,0.252529313,1.460254248,1.0,0.252529313,0,,0.120135702,0.108122131,1.438873146,5.69784604,-0.069651274,lost,-0.252529313,0.0
228,bootstrap,player_00369,occasional_player,0.15516343,0,1.5,0.232745145,0,,0.161601663,0.145441497,0.939041117,6.051948688,0.003979317,won,0.939041117,0.049423217
228,bootstrap,player_00082,opportunistic_player,0.683341308,0.15516343,1.400007031,0.956682636,10,,0.664252331,0.597827098,0.437272132,0.63990297,-0.013408227,lost,-0.683341308,0.0
228,countdown,player_00442,occasional_player,0.074876831,0.838504738,1.0,0.074876831,10,,0.051989142,0.046790228,1.015313386,13.559780403,-0.023866582,lost,-0.074876831,0.0
228,countdown,player_00443,occasional_player,0.03932538,0.913381569,1.0,0.03932538,10,,0.027304745,0.02457427,1.049087264,26.677104304,-0.012578433,lost,-0.03932538,0.0
228,countdown,player_00232,occasional_player,0.024475013,0.952706949,1.0,0.024475013,10,,0.016993707,0.015294336,1.063195113,43.44002239,-0.00783982,lost,-0.024475013,0.0
228,countdown,player_00444,occasional_player,0.042139395,0.977181962,1.0,0.042139395,10,,0.029258597,0.026332737,1.04641395,24.832201549,-0.013474806,lost,-0.042139395,0.0
228,countdown,player_00445,occasional_player,0.069995387,1.019321357,1.0,0.069995387,10,,0.048599815,0.043739833,1.019950757,14.57168538,-0.022321324,lost,-0.069995387,0.0
229,bootstrap,player_00028,occasional_player,0.178199695,0,1.5,0.267299542,0,,0.173395211,0.15605569,1.106807396,6.21105101,0.022332973,won,1.106807396,0.058253021
229,bootstrap,player_00173,occasional_player,0.093239102,0.178199695,1.385081179,0.129143725,10,,0.083774567,0.07539711,1.187519959,12.736286961,0.00332643,lost,-0.093239102,0.0
229,bootstrap,player_00446,player_whale,0.392583157,0.271438797,1.324952414,0.520154002,20,,0.337420006,0.303678005,0.903143107,2.300514148,0.00090041,lost,-0.392583157,0.0
229,countdown,player_00447,player_whale,0.467904586,0.664021954,1.0,0.467904586,20,,0.303526201,0.273173581,0.831587749,1.777259241,-0.112917612,lost,-0.467904586,0.0
229,countdown,player_00448,occasional_player,0.15706057,1.13192654,1.0,0.15706057,20,,0.101884015,0.091695614,1.126889564,7.174872499,-0.039327974,lost,-0.15706057,0.0
230,bootstrap,player_00294,occasional_player,0.04037654,0,1.5,0.06056481,0,,0.030876858,0.027789172,1.295195351,32.077918292,-0.003262103,lost,-0.04037654,0.0
230,bootstrap,player_00445,occasional_player,0.034840378,0.04037654,1.47394342,0.051352746,10,,0.026180408,0.023562367,1.300454705,37.326079095,-0.003377665,lost,-0.034840378,0.0
230,bootstrap,player_00011,opportunistic_player,1.274288139,0.075216918,1.451459544,1.849577681,20,,0.942942734,0.84864846,0.122979332,0.096508261,-0.088499251,won,0.122979332,0.006472596
231,bootstrap,player_00449,occasional_player,0.064402635,0,1.5,0.096603953,0,,0.060285335,0.054256801,1.332088398,20.683756155,0.011366501,lost,-0.064402635,0.0
231,bootstrap,player_00437,occasional_player,0.113358511,0.064402635,1.458269008,0.165307203,10,,0.10315934,0.092843406,1.285580316,11.340836295,0.016523734,lost,-0.113358511,0.0
231,bootstrap,player_00320,occasional_player,0.082780196,0.21745165,1.359097798,0.112506382,30,,0.070209186,0.063188267,1.314629715,15.880968862,0.005519715,lost,-0.082780196,0.0
231,bootstrap,player_00018,occasional_player,0.065719191,0.300231846,1.305458693,0.085793689,40,,0.05353923,0.048185307,1.33083767,20.250365983,0.00157433,lost,-0.065719191,0.0
231,bootstrap,player_00085,occasional_player,0.051795194,0.326260533,1.288592878,0.066742918,50,,0.041650668,0.037485601,1.344065467,25.949617391,0.000529482,lost,-0.051795194,0.0
231,bootstrap,player_00450,occasional_player,0.160610948,0.378055727,1.255031132,0.20157174,60,,0.125790088,0.113211079,1.240690501,7.724818987,-0.001968098,lost,-0.160610948,0.0
231,countdown,player_00228,occasional_player,0.030046327,0.538666675,1.0,0.030046327,60,,0.018750298,0.016875268,1.364726891,45.420756109,-0.006509155,lost,-0.030046327,0.0
231,countdown,player_00451,occasional_player,0.04804314,0.568713002,1.0,0.04804314,60,,0.029981141,0.026983027,1.347629918,28.050412989,-0.010383656,lost,-0.04804314,0.0
231,countdown,player_00452,occasional_player,0.067601293,0.616756142,1.0,0.067601293,60,,0.042186333,0.0379677,1.329049673,19.660122077,-0.014573668,lost,-0.067601293,0.0
231,countdown,player_00453,occasional_player,0.680341719,0.684357435,1.0,0.680341719,60,,0.424564698,0.382108228,0.746946268,1.09789867,-0.134963235,won,0.746946268,0.039312961
231,countdown,player_00024,occasional_player,0.04788697,1.364699154,1.0,0.04788697,60,,0.029883684,0.026895316,1.34777828,28.14498975,-0.010350113,lost,-0.04788697,0.0
231,bootstrap,player_00401,occasional_player,0.039690504,0.177761146,1.384816064,0.054964048,20,50,0.0,0.0,0.0,0.0,0.0,pending_withdrawn,0.0,0.0
232,bootstrap,player_00401,occasional_player,0.067378401,0,1.5,0.101067602,0,,0.0617546,0.05557914,1.252354016,18.586876469,0.005971192,lost,-0.067378401,0.0
232,bootstrap,player_00299,player_whale,0.480623498,0.067378401,1.456310217,0.699936911,10,,0.427677347,0.384909612,0.859771174,1.78886629,0.035307296,won,0.859771174,0.045251114
232,bootstrap,player_00082,opportunistic_player,0.358966971,0.548001899,1.144662331,0.41089597,20,,0.251066769,0.225960092,0.975344875,2.71708807,-0.057465744,lost,-0.358966971,0.0
232,countdown,player_00454,occasional_player,0.39048714,0.90696887,1.0,0.39048714,20,,0.23859651,0.214736859,0.945400714,2.421080279,-0.103622778,lost,-0.39048714,0.0
232,countdown,player_00264,occasional_player,0.034212762,1.29745601,1.0,0.034212762,20,,0.020904775,0.018814297,1.283861373,37.525803182,-0.009414124,lost,-0.034212762,0.0
233,bootstrap,player_00277,occasional_player,0.017160265,0,1.5,0.025740398,0,,0.027852032,0.025066829,0.71291286,41.544396916,0.001140353,lost,-0.017160265,0.0
233,bootstrap,player_00402,occasional_player,0.059213681,0.017160265,1.488865075,0.088161182,10,,0.095393554,0.085854198,0.672962115,11.364976873,0.003646685,lost,-0.059213681,0.0
233,bootstrap,player_00380,opportunistic_player,0.113616595,0.076373946,1.450442598,0.164794349,20,,0.178313382,0.160482044,0.621279347,5.468209524,0.004321008,lost,-0.113616595,0.0
233,bootstrap,player_00455,occasional_player,0.178998712,0.189990541,1.376719247,0.246430972,30,,0.26664713,0.239982417,0.559166336,3.123856755,-0.00185208,lost,-0.178998712,0.0
233,bootstrap,player_00181,occasional_player,0.128296703,0.368989253,1.260570855,0.161727085,40,,0.174994493,0.157495044,0.607333244,4.733818017,-0.012438632,lost,-0.128296703,0.0
233,bootstrap,player_00456,opportunistic_player,0.097209963,0.497285956,1.177321899,0.114447418,50,,0.123836202,0.111452581,0.636865647,6.551444189,-0.015395341,lost,-0.097209963,0.0
233,countdown,player_00457,opportunistic_player,0.12288245,0.594495919,1.0,0.12288245,50,,0.132963208,0.119666887,0.612476785,4.984249456,-0.034884299,won,0.612476785,0.03223562
234,bootstrap,player_00458,occasional_player,0.023288775,0,1.5,0.034933163,0,,0.045776328,0.041198695,0.572612467,24.587487628,0.001261579,lost,-0.023288775,0.0
234,bootstrap,player_00021,occasional_player,0.106433581,0.023288775,1.484948388,0.158048374,10,,0.207106187,0.186395568,0.493624901,4.637868019,0.005414661,lost,-0.106433581,0.0
234,bootstrap,player_00406,occasional_player,0.031116401,0.129722356,1.416160012,0.044065803,20,,0.057743716,0.051969344,0.565176222,18.163290236,-0.000127464,lost,-0.031116401,0.0
234,bootstrap,player_00355,occasional_player,0.052344713,0.160838757,1.396049379,0.073075804,30,,0.095758347,0.086182513,0.545009326,10.411926914,-0.000863241,won,0.545009326,0.028684701
234,bootstrap,player_00282,occasional_player,0.079879589,0.21318347,1.360349112,0.108664128,40,,0.142393196,0.128153877,0.518851194,6.495416418,-0.003149918,lost,-0.079879589,0.0
234,bootstrap,player_00459,occasional_player,0.169858266,0.293063059,1.308022093,0.222178365,50,,0.291141963,0.262027767,0.433371451,2.551370981,-0.01179533,lost,-0.169858266,0.0
234,countdown,player_00460,occasional_player,0.12216161,0.462921325,1.0,0.12216161,50,,0.160080262,0.144072236,0.478683274,3.918442741,-0.035596544,lost,-0.12216161,0.0
235,bootstrap,player_00071,occasional_player,0.016207776,0,1.5,0.024311664,0,,0.021639692,0.019475723,0.856080517,52.819123178,0.000780669,lost,-0.016207776,0.0
235,bootstrap,player_00371,opportunistic_player,0.161097118,0.016207776,1.489377012,0.239934344,10,,0.213564377,0.192207939,0.718435642,4.459643046,0.007956061,lost,-0.161097118,0.0
235,bootstrap,player_00407,occasional_player,0.111884163,0.177304894,1.383789868,0.154824171,20,,0.137808231,0.124027408,0.765187949,6.839108671,-0.003103182,lost,-0.111884163,0.0
235,bootstrap,player_00289,opportunistic_player,0.055901397,0.289189057,1.310458145,0.073256441,30,,0.065205197,0.058684677,0.818371577,14.639555019,-0.00459497,lost,-0.055901397,0.0
235,bootstrap,player_00250,occasional_player,0.111541831,0.345090454,1.273818949,0.142084098,40,,0.126468355,0.11382152,0.765513165,6.863014152,-0.011714099,lost,-0.111541831,0.0
235,bootstrap,player_00031,player_whale,0.407312445,0.456632285,1.200711599,0.489064777,50,,0.435314147,0.391782732,0.484531081,1.189580842,-0.057903551,won,0.484531081,0.025501636
236,bootstrap,player_00123,occasional_player,0.19145057,0,1.5,0.287175855,10,,0.257586811,0.23182813,0.696389921,3.637439789,0.014375831,won,0.696389921,0.036652101
236,bootstrap,player_00102,opportunistic_player,0.291650544,0.19145057,1.374430534,0.400853413,20,,0.35955165,0.323596485,0.601199946,2.061370904,-0.002727264,lost,-0.291650544,0.0
236,bootstrap,player_00312,player_whale,0.091802386,0.483101114,1.183141455,0.108615209,30,,0.097424087,0.087681678,0.791055696,8.616940476,-0.014391908,lost,-0.091802386,0.0
236,bootstrap,player_00461,player_whale,0.178961351,0.5749035,1.122929691,0.200961015,40,,0.180255081,0.162229573,0.708254679,3.957584557,-0.035028673,lost,-0.178961351,0.0
236,countdown,player_00462,occasional_player,0.117264689,0.753864851,1.0,0.117264689,40,,0.105182371,0.094664134,0.766866508,6.53962002,-0.033569175,lost,-0.117264689,0.0
237,bootstrap,player_00178,opportunistic_player,0.334088945,0,1.5,0.501133418,0,,0.278363484,0.250527136,1.201598981,3.596643945,0.050642553,lost,-0.334088945,0.0
237,bootstrap,player_00463,occasional_player,0.270358268,0.334088945,1.285618719,0.34757765,10,,0.193068197,0.173761378,1.262143124,4.668409565,-0.004068715,won,1.262143124,0.066428585
237,bootstrap,player_00336,opportunistic_player,0.103752318,0.604447213,1.112132728,0.115386348,20,,0.064093403,0.057684062,1.420418777,13.690477516,-0.015831938,lost,-0.103752318,0.0
237,countdown,player_00252,occasional_player,0.03051976,0.708199531,1.0,0.03051976,20,,0.016952744,0.01525747,1.489989707,48.820492263,-0.007320633,lost,-0.03051976,0.0
237,countdown,player_00464,opportunistic_player,0.213795,0.738719291,1.0,0.213795,20,,0.118756241,0.106880617,1.315878229,6.154859697,-0.050302581,lost,-0.213795,0.0
237,countdown,player_00465,opportunistic_player,0.157156969,0.952514291,1.0,0.157156969,20,,0.087295638,0.078566074,1.369684358,8.715390524,-0.03719904,lost,-0.157156969,0.0
237,countdown,player_00466,opportunistic_player,0.434715182,1.10967126,1.0,0.434715182,20,,0.241470292,0.217323263,1.106004056,2.544203888,-0.09988105,lost,-0.434715182,0.0
238,bootstrap,player_00467,player_whale,0.315060944,0,1.5,0.472591416,0,,0.177227983,0.159505184,1.914735423,6.077349349,0.040603137,lost,-0.315060944,0.0
238,bootstrap,player_00289,opportunistic_player,0.116029912,0.315060944,1.297687164,0.150570527,10,,0.056465924,0.050819331,2.103814903,18.131659905,-0.003218883,lost,-0.116029912,0.0
238,bootstrap,player_00072,opportunistic_player,0.077920112,0.431090856,1.223179863,0.095310312,20,,0.035742618,0.032168356,2.140019213,27.464272808,-0.00657265,lost,-0.077920112,0.0
238,bootstrap,player_00125,occasional_player,0.046047902,0.509010968,1.17314434,0.054020836,30,,0.020258522,0.01823267,2.170297813,47.131307149,-0.005638002,lost,-0.046047902,0.0
238,bootstrap,player_00192,player_whale,1.205448944,0.55505887,1.143575199,1.378521516,40,,0.516963658,0.465267293,1.068866823,0.886696055,-0.147284205,won,1.068866823,0.056256149
238,countdown,player_00402,occasional_player,0.127348821,1.760507814,1.0,0.127348821,40,,0.047757479,0.042981731,2.09306194,16.435660128,-0.031911723,lost,-0.127348821,0.0
238,countdown,player_00468,occasional_player,0.277075357,1.887856635,1.0,0.277075357,40,,0.103906895,0.093516205,1.95082173,7.04076231,-0.068730875,lost,-0.277075357,0.0
238,countdown,player_00110,occasional_player,0.073418724,2.164931992,1.0,0.073418724,40,,0.027532985,0.024779686,2.144295532,29.20638517,-0.01846446,lost,-0.073418724,0.0
238,countdown,player_00469,occasional_player,0.037715844,2.238350716,1.0,0.037715844,40,,0.014143936,0.012729543,2.178213268,57.753268568,-0.00950808,lost,-0.037715844,0.0
239,bootstrap,player_00129,occasional_player,0.110045939,0,1.5,0.165068909,10,,0.236465146,0.212818631,0.403904218,3.670323697,-0.00066777,lost,-0.110045939,0.0
239,bootstrap,player_00470,occasional_player,0.266148,0.110045939,1.427822565,0.38001212,20,,0.544376417,0.489938776,0.25560726,0.960395192,-0.010519867,won,0.25560726,0.013453014
239,bootstrap,player_00433,occasional_player,0.074576495,0.376193939,1.253260194,0.093463753,40,,0.133889053,0.120500148,0.437600189,5.867803112,-0.012859129,lost,-0.074576495,0.0
239,bootstrap,player_00032,occasional_player,0.049424214,0.450770434,1.20434662,0.059523885,50,,0.085269384,0.076742445,0.461494856,9.337424292,-0.010215035,lost,-0.049424214,0.0
239,bootstrap,player_00122,occasional_player,0.199087127,0.376193939,1.253260194,0.249507971,30,40,0.0,0.0,0.0,0.0,0.0,pending_withdrawn,0.0,0.0
240,bootstrap,player_00437,occasional_player,0.051162566,0,1.5,0.076743849,0,,0.029293026,0.026363724,2.328490493,45.51160497,0.01157395,lost,-0.051162566,0.0
240,bootstrap,player_00127,occasional_player,0.040522509,0.051162566,1.464272919,0.059336013,10,,0.022648478,0.02038363,2.338598547,57.711099458,0.007972615,lost,-0.040522509,0.0
240,bootstrap,player_00471,occasional_player,0.07434685,0.091685075,1.435975845,0.106760281,20,,0.040750259,0.036675233,2.306465423,31.023041639,0.012969995,lost,-0.07434685,0.0
240,bootstrap,player_00205,opportunistic_player,0.088259267,0.166031925,1.38405906,0.122156038,30,,0.046626799,0.041964119,2.293248627,25.983091692,0.011678614,lost,-0.088259267,0.0
240,bootstrap,player_00472,occasional_player,0.071853296,0.254291192,1.322427164,0.09502075,40,,0.036269295,0.032642366,2.3088343,32.132615038,0.00585798,lost,-0.071853296,0.0
240,bootstrap,player_00473,opportunistic_player,0.069119993,0.326144488,1.272251641,0.087938025,50,,0.033565829,0.030209246,2.311430937,33.440844495,0.002794655,lost,-0.069119993,0.0
240,bootstrap,player_00423,occasional_player,0.067385092,0.395264481,1.223984798,0.082478328,60,,0.031481869,0.028333683,2.313079093,34.326273434,6.2224e-05,won,2.313079093,0.121741005
240,countdown,player_00474,opportunistic_player,0.711969918,0.462649573,1.0,0.711969918,60,,0.271757983,0.244582184,1.700723509,2.388757538,-0.12186809,lost,-0.711969918,0.0
240,countdown,player_00475,opportunistic_player,1.061023737,1.174619491,1.0,1.061023737,60,,0.404991367,0.36449223,1.369122381,1.290378653,-0.175254359,lost,-1.061023737,0.0
240,countdown,player_00476,occasional_player,0.049123043,2.235643228,1.0,0.049123043,60,,0.018750201,0.016875181,2.33042804,47.440628625,-0.008967688,lost,-0.049123043,0.0
240,countdown,player_00477,occasional_player,0.103782351,2.284766271,1.0,0.103782351,60,,0.039613587,0.035652228,2.278501697,21.954616323,-0.018848616,lost,-0.103782351,0.0
240,countdown,player_00478,opportunistic_player,0.06353521,2.388548622,1.0,0.06353521,60,,0.024251306,0.021826176,2.316736481,36.463820317,-0.011582982,lost,-0.06353521,0.0
241,bootstrap,player_00155,occasional_player,0.328612935,0.034758113,1.47571123,0.484937799,10,,0.457407156,0.41166644,0.549367736,1.671777578,0.032822243,lost,-0.328612935,0.0
241,bootstrap,player_00024,occasional_player,0.063643331,0.328612935,1.270367169,0.080850398,20,,0.0762604,0.06863436,0.80108886,12.587161101,-0.00429299,lost,-0.063643331,0.0
241,bootstrap,player_00088,opportunistic_player,0.130930147,0.392256266,1.220243797,0.1597667,30,,0.150696506,0.135626855,0.737166385,5.630226514,-0.013192944,lost,-0.130930147,0.0
241,countdown,player_00054,occasional_player,0.263627239,0.523186413,1.0,0.263627239,30,,0.248660727,0.223794654,0.611104148,2.31806148,-0.067867031,won,0.611104148,0.032163376
241,countdown,player_00479,occasional_player,0.071006348,0.786813652,1.0,0.071006348,30,,0.066975212,0.06027769,0.794093994,11.18342256,-0.018860097,lost,-0.071006348,0.0
241,bootstrap,player_00341,occasional_player,0.034758113,0,1.5,0.052137169,0,20,0.0,0.0,0.0,0.0,0.0,pending_withdrawn,0.0,0.0
242,bootstrap,player_00389,occasional_player,0.073005073,0,1.5,0.10950761,0,,0.101807962,0.091627166,0.757835457,10.380586253,0.00312249,lost,-0.073005073,0.0
242,bootstrap,player_00480,occasional_player,0.032223712,0.073005073,1.44803059,0.046660921,10,,0.04338012,0.039042108,0.79657775,24.720235525,0.000134444,lost,-0.032223712,0.0
242,bootstrap,player_00030,occasional_player,0.225362152,0.105228785,1.425091809,0.321161757,20,,0.298580382,0.268722344,0.613096232,2.720493333,-4.965e-05,won,0.613096232,0.032268223
242,bootstrap,player_00013,occasional_player,0.076672497,0.330590937,1.264665449,0.096965058,30,,0.090147296,0.081132567,0.754351404,9.838617939,-0.009249395,lost,-0.076672497,0.0
242,bootstrap,player_00481,player_whale,0.41429622,0.407263434,1.210085345,0.501333784,40,,0.466084239,0.419475815,0.433608868,1.046615553,-0.058620543,lost,-0.41429622,0.0
243,bootstrap,player_00277,occasional_player,0.016529756,0,1.5,0.024794634,0,,0.012065973,0.010859376,1.701205851,102.91778362,0.002123781,lost,-0.016529756,0.0
243,bootstrap,player_00217,opportunistic_player,0.447673406,0.016529756,1.488195923,0.666225738,10,,0.324209747,0.291788772,1.291619384,2.885182292,0.059832701,won,1.291619384,0.067979968
243,bootstrap,player_00119,occasional_player,0.0195224,0.464203162,1.168507524,0.022812071,20,,0.011101186,0.009991067,1.698362839,86.995596827,-0.002358893,lost,-0.0195224,0.0
243,bootstrap,player_00171,occasional_player,0.430587566,0.483725562,1.154566368,0.497141922,30,,0.241927394,0.217734655,1.307850932,3.037363443,-0.05206926,lost,-0.430587566,0.0
243,countdown,player_00390,player_whale,0.491419498,0.914313128,1.0,0.491419498,30,,0.239142654,0.215228388,1.250060596,2.543774924,-0.116603544,lost,-0.491419498,0.0
243,countdown,player_00482,occasional_player,0.285807528,1.405732626,1.0,0.285807528,30,,0.139084369,0.125175932,1.445391968,5.057221474,-0.069103018,lost,-0.285807528,0.0
243,countdown,player_00483,occasional_player,0.066720599,1.691540154,1.0,0.066720599,30,,0.032468677,0.02922181,1.65352455,24.782819328,-0.016451923,lost,-0.066720599,0.0
244,bootstrap,player_00484,occasional_player,0.20477437,0,1.5,0.307161555,0,,0.1063209,0.09568881,2.391335099,11.677902361,0.043644257,lost,-0.20477437,0.0
244,bootstrap,player_00432,occasional_player,0.283551595,0.20477437,1.353665984,0.383834149,10,,0.132860352,0.119574317,2.316496735,8.169577516,0.027347408,won,2.316496735,0.121920881
244,bootstrap,player_00485,occasional_player,0.088343978,0.488325965,1.151036897,0.101687178,20,,0.035198,0.0316782,2.501943971,28.320481237,-0.006288319,lost,-0.088343978,0.0
244,countdown,player_00294,occasional_player,0.024924896,0.576669943,1.0,0.024924896,20,,0.008627503,0.007764753,2.562192099,102.796501105,-0.004836571,lost,-0.024924896,0.0
244,countdown,player_00486,opportunistic_player,1.186120087,0.601594839,1.0,1.186120087,20,,0.410563606,0.369507246,1.459056668,1.230108725,-0.20870811,lost,-1.186120087,0.0
244,countdown,player_00158,opportunistic_player,0.753522626,1.787714926,1.0,0.753522626,20,,0.260824321,0.234741889,1.870024256,2.481709495,-0.137666275,lost,-0.753522626,0.0
244,countdown,player_00487,occasional_player,0.131753963,2.541237552,1.0,0.131753963,20,,0.045605317,0.041044785,2.460704486,18.67651211,-0.025347063,lost,-0.131753963,0.0
245,bootstrap,player_00369,occasional_player,0.207605675,0,1.5,0.311408513,0,,0.217706857,0.195936172,1.023895705,4.931925416,0.033689991,lost,-0.207605675,0.0
245,bootstrap,player_00488,occasional_player,0.083279043,0.207605675,1.351177145,0.11252474,10,,0.078666467,0.07079982,1.142006006,13.71300587,0.003470918,lost,-0.083279043,0.0
245,bootstrap,player_00465,opportunistic_player,0.19797236,0.290884718,1.291478271,0.255677001,20,,0.178744749,0.160870274,1.033047354,5.218139312,6.2119e-05,won,1.033047354,0.054370913
245,bootstrap,player_00156,occasional_player,0.020617288,0.488857078,1.149561092,0.023700832,30,,0.01656934,0.014912406,1.201534673,58.278017593,-0.002392061,lost,-0.020617288,0.0
245,countdown,player_00019,opportunistic_player,0.40326666,0.509474366,1.0,0.40326666,30,,0.281925232,0.253732709,0.838017769,2.078073524,-0.088312199,lost,-0.40326666,0.0
245,countdown,player_00144,occasional_player,0.323825121,0.912741026,1.0,0.323825121,30,,0.226387355,0.203748619,0.913487231,2.820927631,-0.071724438,lost,-0.323825121,0.0
246,bootstrap,player_00347,opportunistic_player,0.132190473,0,1.5,0.19828571,0,,0.174637193,0.157173474,0.801634329,6.064236786,0.014582015,lost,-0.132190473,0.0
246,bootstrap,player_00489,opportunistic_player,0.260314025,0.132190473,1.405172417,0.365786088,10,,0.322160662,0.289944596,0.679916955,2.611910575,0.012300866,won,0.679916955,0.035785103
246,bootstrap,player_00490,opportunistic_player,0.137994814,0.392504498,1.218434681,0.168137667,20,,0.148084752,0.133276277,0.796120205,5.769203799,-0.013499442,lost,-0.137994814,0.0
246,bootstrap,player_00408,occasional_player,0.054244912,0.530499312,1.119443321,0.060724104,30,,0.053481852,0.048133667,0.875682612,16.143129002,-0.00948409,lost,-0.054244912,0.0
246,countdown,player_00152,occasional_player,0.098427736,0.584744224,1.0,0.098427736,30,,0.086688766,0.078019889,0.833708929,8.470264208,-0.025702536,lost,-0.098427736,0.0
246,countdown,player_00491,occasional_player,0.244053819,0.68317196,1.0,0.244053819,30,,0.214946775,0.193452097,0.69536415,2.849224623,-0.062321443,lost,-0.244053819,0.0
247,bootstrap,player_00490,opportunistic_player,0.168697387,0,1.5,0.25304608,0,,0.279453654,0.251508288,0.531853438,3.152707028,0.007496952,lost,-0.168697387,0.0
247,bootstrap,player_00302,opportunistic_player,0.226346684,0.168697387,1.379816201,0.312316822,10,,0.344909817,0.310418835,0.477086605,2.107769361,-0.007987742,won,0.477086605,0.025109821
247,bootstrap,player_00473,opportunistic_player,0.048276577,0.395044071,1.21856175,0.05882799,20,,0.064967206,0.058470485,0.646253207,13.386475332,-0.007667084,lost,-0.048276577,0.0
247,bootstrap,player_00397,opportunistic_player,0.237560764,0.443320648,1.184168435,0.281311958,30,,0.310669324,0.279602391,0.466433229,1.963427048,-0.04072236,lost,-0.237560764,0.0
248,bootstrap,player_00299,player_whale,0.242493251,0,1.5,0.363739877,0,,0.304287415,0.273858673,0.741005343,3.055777182,0.026846369,won,0.741005343,0.039000281
248,bootstrap,player_00492,opportunistic_player,0.113486761,0.242493251,1.320281678,0.149834491,10,,0.125344381,0.112809943,0.863561509,7.609359021,-0.003266001,lost,-0.113486761,0.0
248,bootstrap,player_00305,occasional_player,0.071383506,0.355980012,1.236173562,0.088242403,20,,0.073819381,0.066437443,0.903559601,12.657820433,-0.006610779,lost,-0.071383506,0.0
248,bootstrap,player_00493,player_whale,0.249118776,0.427363518,1.183269311,0.294774602,30,,0.246594358,0.221934922,0.734711094,2.949240142,-0.03077257,lost,-0.249118776,0.0
248,countdown,player_00494,occasional_player,0.298791214,0.676482294,1.0,0.298791214,30,,0.249954464,0.224959018,0.687522278,2.301012366,-0.0769111,lost,-0.298791214,0.0
249,bootstrap,player_00108,occasional_player,0.071275296,0,1.5,0.106912944,0,,0.117253421,0.105528079,0.713012939,10.00364753,0.011489135,lost,-0.071275296,0.0
249,bootstrap,player_00298,occasional_player,0.02377854,0.071275296,1.447138943,0.034410851,10,,0.037739022,0.03396512,0.758134857,31.883154178,0.002779243,lost,-0.02377854,0.0
249,bootstrap,player_00497,occasional_player,0.016374728,0.231493164,1.32831396,0.02175078,50,,0.023854486,0.021469038,0.765168478,46.728622201,0.000404253,lost,-0.016374728,0.0
249,bootstrap,player_00429,occasional_player,0.147945912,0.111428564,1.417359422,0.209692532,60,,0.229973713,0.206976342,0.640175854,4.327093901,0.015176648,lost,-0.147945912,0.0
249,bootstrap,player_00304,occasional_player,0.077348973,0.259374476,1.307635889,0.101144293,70,,0.110926834,0.09983415,0.707242946,9.143533756,0.000980094,lost,-0.077348973,0.0
249,countdown,player_00024,occasional_player,0.036092772,0.336723449,1.0,0.036092772,70,,0.039583617,0.035625255,0.746436337,20.681047622,-0.008214973,lost,-0.036092772,0.0
249,countdown,player_00498,occasional_player,0.119256715,0.372816221,1.0,0.119256715,70,,0.130791065,0.117711958,0.667430591,5.596587083,-0.026654212,lost,-0.119256715,0.0
249,countdown,player_00386,occasional_player,0.249746896,0.492072936,1.0,0.249746896,70,,0.273902081,0.246511873,0.543464919,2.176062756,-0.054210766,won,0.543464919,0.028603417
249,countdown,player_00499,occasional_player,0.03280309,0.741819832,1.0,0.03280309,70,,0.035975761,0.032378185,0.749561534,22.850333138,-0.007471544,lost,-0.03280309,0.0
249,bootstrap,player_00496,occasional_player,0.106295026,0.231493164,1.32831396,0.141193167,40,50,0.0,0.0,0.0,0.0,0.0,pending_withdrawn,0.0,0.0
249,bootstrap,player_00495,occasional_player,0.136439328,0.095053836,1.429503678,0.195040521,20,60,0.0,0.0,0.0,0.0,0.0,pending_withdrawn,0.0,0.0
250,bootstrap,player_00496,occasional_player,0.127787484,0,1.5,0.191681226,0,,0.116234042,0.104610638,1.236446377,9.675801874,0.01492589,lost,-0.127787484,0.0
250,bootstrap,player_00443,occasional_player,0.027980056,0.127787484,1.405754266,0.039333083,10,,0.023851283,0.021466155,1.331263434,47.579012486,0.001197675,lost,-0.027980056,0.0
250,bootstrap,player_00267,occasional_player,0.498539537,0.15576754,1.385118436,0.690536304,20,,0.418735979,0.376862381,0.884231927,1.773644538,0.02257501,won,0.884231927,0.046538522
250,countdown,player_00500,occasional_player,0.109478587,0.654307077,1.0,0.109478587,20,,0.066386985,0.059748287,1.253839829,11.452831679,-0.028022648,lost,-0.109478587,0.0
250,countdown,player_00501,occasional_player,0.453946151,0.763785664,1.0,0.453946151,20,,0.275269504,0.247742554,0.926595644,2.041201674,-0.111927201,lost,-0.453946151,0.0
250,countdown,player_00502,occasional_player,0.025438633,1.217731815,1.0,0.025438633,20,,0.015425794,0.013883215,1.333677786,52.4272584,-0.006569728,lost,-0.025438633,0.0
250,countdown,player_00503,occasional_player,0.072601314,1.243170448,1.0,0.072601314,20,,0.044024886,0.039622398,1.288873239,17.752753603,-0.018656428,lost,-0.072601314,0.0
250,countdown,player_00339,occasional_player,0.066081838,1.315771762,1.0,0.066081838,20,,0.040071526,0.036064373,1.295066741,19.597922517,-0.016992868,lost,-0.066081838,0.0
251,bootstrap,player_00175,occasional_player,0.011718593,0,1.5,0.017577889,0,,0.018437136,0.016593423,0.686569534,58.588051841,-0.000131603,lost,-0.011718593,0.0
251,bootstrap,player_00369,occasional_player,0.172643057,0.011718593,1.491351258,0.25747144,10,,0.27005723,0.243051507,0.533691293,3.091298907,-0.000967429,lost,-0.172643057,0.0
251,bootstrap,player_00504,opportunistic_player,0.482801085,0.18436165,1.363934482,0.658509048,20,,0.690698469,0.621628622,0.239041167,0.495113152,-0.03408328,won,0.239041167,0.012581114
251,countdown,player_00047,occasional_player,0.019837464,0.667162735,1.0,0.019837464,20,,0.020807164,0.018726448,0.678856607,34.220937048,-0.006753406,lost,-0.019837464,0.0
252,bootstrap,player_00468,occasional_player,0.332356532,0,1.5,0.498534798,0,,0.139089442,0.125180498,2.768334631,8.329412436,0.05578953,lost,-0.332356532,0.0
252,bootstrap,player_00505,opportunistic_player,0.081720326,0.332356532,1.25339811,0.102428102,10,,0.028577077,0.02571937,3.006439027,36.789366535,-0.002294814,lost,-0.081720326,0.0
252,bootstrap,player_00506,occasional_player,0.028695422,0.414076858,1.192763264,0.034226845,20,,0.009549168,0.008594252,3.056812685,106.526145019,-0.002177789,lost,-0.028695422,0.0
252,bootstrap,player_00447,player_whale,1.123423894,0.44277228,1.171471836,1.316059452,30,,0.367175923,0.33045833,2.016820637,1.795244562,-0.085703929,lost,-1.123423894,0.0
252,countdown,player_00507,occasional_player,0.286008357,1.566196174,1.0,0.286008357,30,,0.079795318,0.071815786,2.812365397,9.833158117,-0.06349621,lost,-0.286008357,0.0
252,countdown,player_00508,player_whale,0.697151815,1.852204531,1.0,0.697151815,30,,0.194502885,0.175052597,2.421779112,3.473818844,-0.151174857,lost,-0.697151815,0.0
252,countdown,player_00262,occasional_player,0.087532306,2.549356346,1.0,0.087532306,30,,0.024421203,0.021979083,3.000917646,34.283543787,-0.019651009,lost,-0.087532306,0.0
252,countdown,player_00402,occasional_player,0.050930154,2.636888652,1.0,0.050930154,30,,0.014209332,0.012788399,3.03568969,59.604957997,-0.011457227,lost,-0.050930154,0.0
252,countdown,player_00509,occasional_player,0.511403095,2.687818806,1.0,0.511403095,30,,0.142679651,0.128411686,2.598240396,5.080611403,-0.112088532,lost,-0.511403095,0.0
253,bootstrap,player_00076,occasional_player,0.182813143,0.277878323,1.301738206,0.237974853,10,,0.304544989,0.27409049,0.462744082,2.531240774,-0.005872047,lost,-0.182813143,0.0
253,bootstrap,player_00355,occasional_player,0.095371712,0.182813143,1.36956571,0.130617826,20,,0.167156336,0.150440702,0.545813441,5.723011882,0.001088633,won,0.545813441,0.028727023
253,bootstrap,player_00112,opportunistic_player,0.182871962,0.278184855,1.3015195,0.238011425,30,,0.304591792,0.274132613,0.462688204,2.530121066,-0.005902867,lost,-0.182871962,0.0
253,bootstrap,player_00503,occasional_player,0.057165228,0.461056817,1.171043244,0.066942954,40,,0.085669309,0.077102378,0.582109601,10.182931498,-0.007875618,lost,-0.057165228,0.0
253,countdown,player_00510,occasional_player,0.033131252,0.518222045,1.0,0.033131252,40,,0.042399256,0.038159331,0.604941878,18.25895013,-0.008782808,lost,-0.033131252,0.0
253,countdown,player_00472,occasional_player,0.074732849,0.551353297,1.0,0.074732849,40,,0.095638318,0.086074486,0.565420361,7.565887939,-0.01963199,lost,-0.074732849,0.0
253,bootstrap,player_00377,player_whale,0.277878323,0,1.5,0.416817485,0,20,0.0,0.0,0.0,0.0,0.0,pending_withdrawn,0.0,0.0
254,bootstrap,player_00385,occasional_player,0.752837895,0,1.5,1.129256843,0,,0.515590123,0.46403111,1.054490073,1.400686761,0.085818509,lost,-0.752837895,0.0
254,countdown,player_00511,opportunistic_player,0.140233795,0.752837895,1.0,0.140233795,0,,0.064027205,0.057624485,1.636463968,11.669540624,-0.037852502,lost,-0.140233795,0.0
254,countdown,player_00512,occasional_player,0.052810099,0.89307169,1.0,0.052810099,0,,0.024111756,0.02170058,1.719516479,32.56037219,-0.014349584,lost,-0.052810099,0.0
254,countdown,player_00474,opportunistic_player,0.584557367,0.945881789,1.0,0.584557367,0,,0.266894114,0.240204703,1.214356574,2.077395039,-0.152449779,won,1.214356574,0.063913504
254,countdown,player_00513,occasional_player,0.283363922,1.530439156,1.0,0.283363922,0,,0.129376802,0.116439122,1.500490347,5.295276605,-0.075653497,lost,-0.283363922,0.0
255,bootstrap,player_00474,opportunistic_player,0.761358422,0,1.5,1.142037633,0,,0.717395036,0.645655533,0.473754972,0.622249598,0.036099374,lost,-0.761358422,0.0
255,countdown,player_00514,opportunistic_player,0.237379648,0.761358422,1.0,0.237379648,0,,0.149115035,0.134203531,0.971534807,4.092746853,-0.075139059,won,0.971534807,0.051133411
255,countdown,player_00515,occasional_player,0.212505684,0.99873807,1.0,0.212505684,0,,0.133489929,0.120140936,0.995165073,4.683004493,-0.067414988,lost,-0.212505684,0.0
256,bootstrap,player_00516,occasional_player,0.149283714,0,1.5,0.223925571,0,,0.282264663,0.254038196,0.455862761,3.053667065,0.004446605,lost,-0.149283714,0.0
256,bootstrap,player_00517,occasional_player,0.220978795,0.149283714,1.39286579,0.307793804,10,,0.387982997,0.349184698,0.387752434,1.754704264,-0.008419165,lost,-0.220978795,0.0
256,bootstrap,player_00478,opportunistic_player,0.152676578,0.370262509,1.234279243,0.188445531,20,,0.237541045,0.213786941,0.45263954,2.964695344,-0.023267897,lost,-0.152676578,0.0
256,bootstrap,player_00518,occasional_player,0.065041522,0.522939087,1.124710127,0.073152858,30,,0.092211295,0.082990165,0.535892843,8.239242051,-0.01516988,lost,-0.065041522,0.0
257,bootstrap,player_00349,occasional_player,0.360154596,0,1.5,0.540231894,0,,0.272757597,0.245481838,1.361716453,3.780922049,0.062533473,lost,-0.360154596,0.0
257,bootstrap,player_00464,opportunistic_player,0.18638416,0.360154596,1.247545542,0.232522728,10,,0.117398364,0.105658528,1.526798367,8.191674482,-0.005371816,lost,-0.18638416,0.0
257,bootstrap,player_00129,occasional_player,0.0924338,0.546538756,1.116897447,0.103239075,20,,0.052124361,0.046911925,1.616051209,17.483336284,-0.01228548,lost,-0.0924338,0.0
257,countdown,player_00098,occasional_player,0.47947873,0.638972556,1.0,0.47947873,20,,0.242083942,0.217875548,1.248358526,2.603574356,-0.103025242,lost,-0.47947873,0.0
257,countdown,player_00187,occasional_player,0.021986158,1.118451286,1.0,0.021986158,20,,0.011100588,0.009990529,1.682976469,76.54709246,-0.004952679,lost,-0.021986158,0.0
257,countdown,player_00128,occasional_player,0.385881852,1.140437444,1.0,0.385881852,20,,0.194827828,0.175345046,1.33727556,3.465505188,-0.083734737,won,1.33727556,0.070382924
257,countdown,player_00213,occasional_player,0.217289615,1.526319296,1.0,0.217289615,20,,0.10970732,0.098736588,1.497438185,6.891439267,-0.047983243,lost,-0.217289615,0.0
258,bootstrap,player_00238,occasional_player,0.788670449,0,1.5,1.183005674,0,,0.715406574,0.643865917,0.495322579,0.628047595,0.038048899,won,0.495322579,0.026069609
258,countdown,player_00124,occasional_player,0.065860965,0.788670449,1.0,0.065860965,0,,0.039828522,0.03584567,1.181991589,17.946769969,-0.021130855,lost,-0.065860965,0.0
258,countdown,player_00151,occasional_player,0.02632514,0.854531414,1.0,0.02632514,0,,0.01591977,0.014327793,1.219550623,46.326462939,-0.00847449,lost,-0.02632514,0.0
258,countdown,player_00519,opportunistic_player,0.378421308,0.880856554,1.0,0.378421308,0,,0.228845134,0.20596062,0.885059263,2.33881984,-0.118194066,lost,-0.378421308,0.0
259,bootstrap,player_00448,occasional_player,0.076330637,0,1.5,0.114495956,0,,0.088455767,0.07961019,0.89239765,11.691211884,0.000790006,lost,-0.076330637,0.0
259,bootstrap,player_00188,occasional_player,0.650584607,0.076330637,1.446589466,0.941128839,10,,0.727084836,0.654376352,0.346856379,0.53314569,0.002117187,lost,-0.650584607,0.0
259,countdown,player_00048,occasional_player,0.238761764,0.726915244,1.0,0.238761764,10,,0.184459397,0.166013457,0.73808808,3.091316078,-0.076591544,won,0.73808808,0.038846741
260,bootstrap,player_00520,opportunistic_player,0.217327869,0,1.5,0.325991804,0,,0.151157982,0.136042184,1.686577971,7.760523205,0.041683639,won,1.686577971,0.088767262
260,bootstrap,player_00468,occasional_player,0.150298598,0.217327869,1.347823509,0.202575984,10,,0.093931739,0.084538565,1.750255778,11.645190316,0.010371541,lost,-0.150298598,0.0
260,bootstrap,player_00256,occasional_player,0.160309737,0.367626467,1.242581998,0.199197993,20,,0.09236541,0.083128869,1.740745196,10.858636715,-0.002277191,lost,-0.160309737,0.0
260,bootstrap,player_00254,occasional_player,0.108275919,0.527936204,1.130330526,0.122387577,30,,0.056749461,0.051074515,1.790177323,16.533476137,-0.011313341,lost,-0.108275919,0.0
260,countdown,player_00260,occasional_player,0.133692056,0.636212123,1.0,0.133692056,30,,0.061991195,0.055792075,1.766031993,13.209700305,-0.027702509,lost,-0.133692056,0.0
260,countdown,player_00521,player_whale,1.026881511,0.769904179,1.0,1.026881511,30,,0.476151041,0.428535937,0.917502011,0.893483816,-0.193643297,lost,-1.026881511,0.0
260,countdown,player_00172,occasional_player,0.145902848,1.79678569,1.0,0.145902848,30,,0.067653173,0.060887856,1.75443174,12.02465726,-0.030195549,lost,-0.145902848,0.0
261,bootstrap,player_00374,occasional_player,0.090010366,0,1.5,0.135015549,0,,0.096173905,0.086556514,1.091733825,12.128978844,0.012277292,lost,-0.090010366,0.0
261,bootstrap,player_00175,occasional_player,0.014060715,0.090010366,1.436929135,0.020204251,10,,0.014391837,0.012952653,1.163885993,82.775733195,0.00119682,lost,-0.014060715,0.0
261,bootstrap,player_00383,occasional_player,0.328314588,0.104071081,1.427076699,0.468530098,20,,0.333742072,0.300367865,0.865344814,2.635718441,0.030222338,lost,-0.328314588,0.0
261,bootstrap,player_00380,opportunistic_player,0.118007302,0.432385669,1.197024474,0.141257629,30,,0.100620246,0.090558222,1.065136736,9.026023963,-0.010863882,lost,-0.118007302,0.0
261,countdown,player_00386,occasional_player,0.462867736,0.550392971,1.0,0.462867736,30,,0.329708674,0.296737806,0.737519323,1.593369479,-0.106667513,won,0.737519323,0.038816806
261,countdown,player_00522,occasional_player,0.084475639,1.013260707,1.0,0.084475639,30,,0.060173455,0.05415611,1.096991816,12.985895443,-0.020491958,lost,-0.084475639,0.0
261,countdown,player_00204,occasional_player,0.091517946,1.097736346,1.0,0.091517946,30,,0.065189812,0.058670831,1.090301624,11.913528128,-0.02217961,lost,-0.091517946,0.0
262,bootstrap,player_00198,player_whale,1.380860036,0,1.5,2.071290054,0,,0.691290835,0.622161752,0.926144418,0.670701153,0.054469896,lost,-1.380860036,0.0
262,countdown,player_00523,occasional_player,0.445713115,1.380860036,1.0,0.445713115,0,,0.148756274,0.133880647,1.814533993,4.071080549,-0.14310977,lost,-0.445713115,0.0
262,countdown,player_00524,occasional_player,0.094963439,1.826573151,1.0,0.094963439,0,,0.031693946,0.028524551,2.147746185,22.616558624,-0.030991153,lost,-0.094963439,0.0
262,countdown,player_00525,occasional_player,0.040663543,1.92153659,1.0,0.040663543,0,,0.013571414,0.012214272,2.199331087,54.086066394,-0.013303638,lost,-0.040663543,0.0
262,countdown,player_00121,opportunistic_player,0.20125037,1.962200133,1.0,0.20125037,0,,0.067167095,0.060450386,2.046773601,10.170284909,-0.065356454,won,2.046773601,0.107724926
262,countdown,player_00526,occasional_player,0.142383785,2.163450503,1.0,0.142383785,0,,0.047520436,0.042768392,2.102696857,14.767811213,-0.046365296,lost,-0.142383785,0.0
263,bootstrap,player_00366,player_whale,0.589106718,0,1.5,0.883660077,0,,0.534405935,0.480965342,0.744375146,1.263565875,0.052251842,won,0.744375146,0.039177639
263,bootstrap,player_00527,opportunistic_player,0.041923229,0.589106718,1.086630474,0.045555058,10,,0.027550066,0.024795059,1.26419946,30.155107096,-0.009537839,lost,-0.041923229,0.0
263,bootstrap,player_00404,opportunistic_player,0.569309577,0.631029947,1.057213418,0.601881724,20,,0.363996489,0.32759684,0.76318243,1.340540297,-0.132789406,lost,-0.569309577,0.0
263,countdown,player_00348,occasional_player,0.12244031,1.200339524,1.0,0.12244031,20,,0.07404751,0.066642759,1.187708233,9.700304037,-0.035128396,lost,-0.12244031,0.0
264,bootstrap,player_00448,occasional_player,0.090080339,0,1.5,0.135120508,0,,0.150297763,0.135267987,0.628899806,6.981543513,0.007174658,lost,-0.090080339,0.0
264,bootstrap,player_00443,occasional_player,0.010066187,0.090080339,1.436170327,0.014456759,10,,0.016080598,0.014472538,0.704913251,70.027831865,0.00028138,lost,-0.010066187,0.0
264,bootstrap,player_00019,opportunistic_player,0.315609801,0.100146526,1.429037567,0.451018262,20,,0.501678368,0.451510531,0.414646817,1.313795757,0.014108752,lost,-0.315609801,0.0
264,bootstrap,player_00528,occasional_player,0.034900538,0.415756327,1.205400859,0.042069138,30,,0.046794505,0.042115055,0.681320617,19.521779788,-0.004736845,won,0.681320617,0.03585898
264,bootstrap,player_00529,occasional_player,0.022872109,0.450656865,1.180670824,0.027004432,40,,0.030037674,0.027033906,0.692747625,30.287877032,-0.003526112,lost,-0.022872109,0.0
264,countdown,player_00530,opportunistic_player,0.229349657,0.473528974,1.0,0.229349657,40,,0.255111092,0.229599983,0.496593954,2.165226496,-0.062673016,lost,-0.229349657,0.0
265,bootstrap,player_00431,occasional_player,0.121911356,0,1.5,0.182867034,0,,0.125409656,0.11286869,1.052228026,8.631091154,0.010612218,lost,-0.121911356,0.0
265,bootstrap,player_00232,occasional_player,0.044477186,0.121911356,1.413555036,0.06287095,10,,0.043116706,0.038805036,1.125790488,25.31163927,0.000935093,lost,-0.044477186,0.0
265,bootstrap,player_00418,occasional_player,0.163108681,0.166388542,1.382017132,0.225418991,20,,0.154591659,0.139132493,1.013090568,6.21113825,0.000538852,lost,-0.163108681,0.0
265,bootstrap,player_00080,occasional_player,0.01230436,0.329497223,1.266359948,0.015581749,30,,0.010685916,0.009617324,1.156354672,93.979262026,-0.001064987,lost,-0.01230436,0.0
265,bootstrap,player_00028,occasional_player,0.516761115,0.341801583,1.257394019,0.649772335,40,,0.445611892,0.401050703,0.677120755,1.31031677,-0.037953952,lost,-0.516761115,0.0
265,countdown,player_00531,occasional_player,0.06658462,0.858562698,1.0,0.06658462,40,,0.04566353,0.041097177,1.104788425,16.59224646,-0.018444495,lost,-0.06658462,0.0
265,countdown,player_00107,occasional_player,0.25506185,0.925147318,1.0,0.25506185,40,,0.174920641,0.157428577,0.925735057,3.629453237,-0.069170673,won,0.925735057,0.048722898
266,bootstrap,player_00417,occasional_player,0.131166797,0,1.5,0.196750196,0,,0.190995554,0.171895998,0.684617061,5.219438738,0.009063184,lost,-0.131166797,0.0
266,bootstrap,player_00213,occasional_player,0.354649981,0.131166797,1.406834427,0.498933803,10,,0.484340753,0.435906677,0.472308037,1.331758246,0.005826541,lost,-0.354649981,0.0
266,bootstrap,player_00532,opportunistic_player,0.058518543,0.485816778,1.154932501,0.067584967,20,,0.06560821,0.059047389,0.753632903,12.878531557,-0.010563121,lost,-0.058518543,0.0
266,bootstrap,player_00087,occasional_player,0.076352011,0.544335321,1.113367763,0.085007868,30,,0.082521518,0.074269366,0.736691108,9.648614338,-0.015967814,lost,-0.076352011,0.0
266,countdown,player_00261,occasional_player,0.099305079,0.620687332,1.0,0.099305079,30,,0.096400557,0.086760502,0.714885693,7.198883488,-0.028665479,lost,-0.099305079,0.0
266,countdown,player_00145,occasional_player,0.082547805,0.719992411,1.0,0.082547805,30,,0.080133408,0.072120067,0.730805104,8.853113705,-0.023888739,won,0.730805104,0.038463427
267,bootstrap,player_00533,occasional_player,0.138789874,0,1.5,0.208184811,0,,0.079976623,0.071978961,2.219234207,15.989885592,0.030938249,lost,-0.138789874,0.0
267,bootstrap,player_00409,occasional_player,0.149878686,0.138789874,1.401350829,0.210032621,10,,0.080686481,0.072617833,2.208699835,14.736583928,0.021396175,lost,-0.149878686,0.0
267,bootstrap,player_00534,occasional_player,0.115617948,0.28866856,1.294819944,0.149704425,20,,0.057510701,0.051759631,2.241247536,19.38494477,0.006372539,lost,-0.115617948,0.0
267,bootstrap,player_00151,occasional_player,0.022631592,0.404286508,1.212640932,0.027443995,30,,0.010542931,0.009488638,2.329584575,102.935072997,-0.000312265,lost,-0.022631592,0.0
267,bootstrap,player_00258,opportunistic_player,0.045986001,0.4269181,1.196554832,0.055024772,40,,0.021138408,0.019024567,2.307397886,50.176093503,-0.001213891,lost,-0.045986001,0.0
267,countdown,player_00535,occasional_player,0.0395761,0.472904101,1.0,0.0395761,40,,0.01520362,0.013683258,2.313487292,58.456676933,-0.007378526,lost,-0.0395761,0.0
267,countdown,player_00536,opportunistic_player,0.075677776,0.512480201,1.0,0.075677776,40,,0.0290725,0.02616525,2.2791907,30.117041227,-0.014062053,lost,-0.075677776,0.0
267,countdown,player_00537,occasional_player,0.041780289,0.588157977,1.0,0.041780289,40,,0.016050385,0.014445347,2.311393312,55.322578367,-0.00778788,lost,-0.041780289,0.0
267,countdown,player_00073,player_whale,1.795645989,0.629938266,1.0,1.795645989,40,,0.68981835,0.620836515,0.645220897,0.359325224,-0.280266698,won,0.645220897,0.033958995
268,bootstrap,player_00189,occasional_player,0.017694328,0,1.5,0.026541492,0,,0.010676805,0.009609125,2.061332571,116.496798913,0.002283301,lost,-0.017694328,0.0
268,bootstrap,player_00538,occasional_player,0.068308974,0.017694328,1.487414402,0.101603752,10,,0.040871986,0.036784787,2.013248657,29.472681836,0.008260681,lost,-0.068308974,0.0
268,bootstrap,player_00179,occasional_player,0.228076034,0.086003302,1.438827688,0.328162113,20,,0.132009271,0.118808344,1.86146995,8.16162013,0.020179464,lost,-0.228076034,0.0
268,bootstrap,player_00377,player_whale,0.742449476,0.314079336,1.276602075,0.947812541,30,,0.381275101,0.34314759,1.37281518,1.849035153,-0.016601506,lost,-0.742449476,0.0
268,countdown,player_00539,occasional_player,0.084229059,1.056528812,1.0,0.084229059,30,,0.033882695,0.030494425,1.998124576,23.7225086,-0.020728882,lost,-0.084229059,0.0
268,countdown,player_00540,occasional_player,0.115677681,1.140757871,1.0,0.115677681,30,,0.046533484,0.041880135,1.968248386,17.014936404,-0.028402575,lost,-0.115677681,0.0
268,countdown,player_00541,occasional_player,0.176991228,1.256435552,1.0,0.176991228,30,,0.07119799,0.064078191,1.910000516,10.791498186,-0.043260572,lost,-0.176991228,0.0
268,countdown,player_00542,occasional_player,0.70488415,1.43342678,1.0,0.70488415,30,,0.283552668,0.255197402,1.40850224,1.998203875,-0.165553435,won,1.40850224,0.074131697
269,bootstrap,player_00120,opportunistic_player,0.105992987,0,1.5,0.158989481,0,,0.113616686,0.102255017,1.026976297,9.68909667,0.009858807,lost,-0.105992987,0.0
269,bootstrap,player_00543,occasional_player,0.295415905,0.105992987,1.425647288,0.421158884,10,,0.300967563,0.270870806,0.847024525,2.867227224,0.014037856,lost,-0.295415905,0.0
269,bootstrap,player_00544,occasional_player,0.17490128,0.401408892,1.218416844,0.213102666,20,,0.152286922,0.13705823,0.961513419,5.497463592,-0.019146293,lost,-0.17490128,0.0
269,bootstrap,player_00545,occasional_player,0.473040731,0.576310172,1.095725855,0.518322959,30,,0.370402724,0.333362451,0.678280941,1.433874286,-0.089233316,won,0.678280941,0.035698997
269,countdown,player_00546,occasional_player,0.087775761,1.049350903,1.0,0.087775761,30,,0.062726106,0.056453496,1.044282662,11.897164436,-0.023867106,lost,-0.087775761,0.0
270,bootstrap,player_00469,occasional_player,0.051513578,0.087522913,1.438560799,0.074105414,10,,0.03998143,0.035983287,1.595196734,30.966529531,0.007740472,lost,-0.051513578,0.0
270,bootstrap,player_00163,opportunistic_player,0.073172307,0.051513578,1.463615086,0.107096092,20,,0.057780595,0.052002535,1.574620942,21.519356248,0.01251712,lost,-0.073172307,0.0
270,bootstrap,player_00021,occasional_player,0.027992945,0.124685885,1.411932243,0.039524142,30,,0.021324106,0.019191696,1.617541336,57.783892896,0.003587648,lost,-0.027992945,0.0
270,bootstrap,player_00056,occasional_player,0.254577711,0.15267883,1.392160351,0.354412996,40,,0.191213268,0.172091941,1.402285808,5.508281941,0.030555148,lost,-0.254577711,0.0
270,bootstrap,player_00013,occasional_player,0.021184684,0.407256541,1.212347794,0.025683205,50,,0.013856629,0.012470967,1.624009184,76.659589714,-0.000667526,lost,-0.021184684,0.0
270,countdown,player_00473,opportunistic_player,0.118357622,0.428441225,1.0,0.118357622,50,,0.063856427,0.057470785,1.531694893,12.941244228,-0.023527809,lost,-0.118357622,0.0
270,countdown,player_00547,opportunistic_player,1.134316365,0.546798847,1.0,1.134316365,50,,0.611987544,0.55078879,0.566534087,0.499449804,-0.197507003,won,0.566534087,0.029817584
270,bootstrap,player_00318,occasional_player,0.087522913,0,1.5,0.131284369,0,20,0.0,0.0,0.0,0.0,0.0,pending_withdrawn,0.0,0.0
271,bootstrap,player_00351,occasional_player,0.070869304,0,1.5,0.106303956,0,,0.084270761,0.075843685,0.970192537,13.689883806,0.008088663,lost,-0.070869304,0.0
271,bootstrap,player_00400,occasional_player,0.030204107,0.070869304,1.449908744,0.043793199,10,,0.034716358,0.031244722,1.008824474,33.400241705,0.002260053,lost,-0.030204107,0.0
271,bootstrap,player_00548,opportunistic_player,0.256848694,0.101073411,1.428560127,0.366923803,20,,0.290872978,0.26178568,0.793512117,3.089414644,0.018120725,won,0.793512117,0.041763796
271,bootstrap,player_00135,occasional_player,0.054486148,0.357922105,1.247016454,0.067945123,30,,0.05386241,0.048476169,0.985756535,18.091874201,-0.004059168,lost,-0.054486148,0.0
271,bootstrap,player_00272,opportunistic_player,0.222022821,0.412408253,1.208505005,0.268315691,40,,0.212702974,0.191432676,0.826596696,3.723025823,-0.02128278,lost,-0.222022821,0.0
271,countdown,player_00141,opportunistic_player,0.291113068,0.634431074,1.0,0.291113068,40,,0.23077523,0.207697707,0.760960961,2.613970464,-0.072599705,lost,-0.291113068,0.0
271,countdown,player_00549,occasional_player,0.117062328,0.925544142,1.0,0.117062328,40,,0.092799289,0.08351936,0.926309164,7.912956971,-0.029920609,lost,-0.117062328,0.0
272,bootstrap,player_00448,occasional_player,0.174732712,0,1.5,0.262099068,0,,0.264540673,0.238086606,0.597823792,3.421361608,0.009202644,lost,-0.174732712,0.0
272,bootstrap,player_00244,occasional_player,0.157703305,0.174732712,1.376410355,0.217064462,10,,0.219086544,0.197177889,0.614001729,3.89339798,-0.005540135,won,0.614001729,0.03231588
272,bootstrap,player_00219,opportunistic_player,0.337927616,0.332436017,1.264865727,0.42743306,20,,0.431414847,0.388273363,0.442788634,1.31030615,-0.034796293,lost,-0.337927616,0.0
272,countdown,player_00550,occasional_player,0.048142456,0.670363633,1.0,0.048142456,20,,0.048590931,0.043731838,0.718084536,14.915826804,-0.014633941,lost,-0.048142456,0.0
272,countdown,player_00551,occasional_player,0.036031352,0.718506089,1.0,0.036031352,20,,0.036367005,0.032730304,0.729590084,20.248756817,-0.010972329,lost,-0.036031352,0.0
273,bootstrap,player_00432,occasional_player,0.784537024,0,1.5,1.176805536,0,,1.0,0.9,0.046976393,0.059877854,-0.036174948,lost,-0.784537024,0.0
274,bootstrap,player_00137,occasional_player,0.066010118,0,1.5,0.099015177,0,,0.092434238,0.083190814,0.825538056,12.506235118,0.008158501,lost,-0.066010118,0.0
274,bootstrap,player_00417,occasional_player,0.041384265,0.066010118,1.453765687,0.060163024,10,,0.056164352,0.050547917,0.848932616,20.513415334,0.003619399,lost,-0.041384265,0.0
274,bootstrap,player_00552,occasional_player,0.110493219,0.107394383,1.42477963,0.157428488,20,,0.146965171,0.132268654,0.78327911,7.088933756,0.007724843,lost,-0.110493219,0.0
274,bootstrap,player_00452,occasional_player,0.102579327,0.217887602,1.347388797,0.138214236,30,,0.129027973,0.116125176,0.790797307,7.709129417,0.001164192,lost,-0.102579327,0.0
274,bootstrap,player_00485,occasional_player,0.10245032,0.320466929,1.275540953,0.130679579,40,,0.121994099,0.109794689,0.790919864,7.720033124,-0.004363018,lost,-0.10245032,0.0
274,bootstrap,player_00378,occasional_player,0.115738786,0.422917249,1.203783467,0.139324437,50,,0.130064386,0.117057947,0.778295821,6.724589467,-0.01108493,lost,-0.115738786,0.0
274,countdown,player_00248,occasional_player,0.023253639,0.538656035,1.0,0.023253639,50,,0.021708111,0.019537299,0.866156711,37.248222136,-0.005876963,lost,-0.023253639,0.0
274,countdown,player_00482,occasional_player,0.110736634,0.561909674,1.0,0.110736634,50,,0.103376641,0.093038977,0.783047866,7.071263026,-0.027579838,lost,-0.110736634,0.0
274,countdown,player_00553,occasional_player,0.140400934,0.672646308,1.0,0.140400934,50,,0.131069335,0.117962401,0.754866781,5.376508255,-0.034793004,won,0.754866781,0.039729831
274,countdown,player_00554,occasional_player,0.071979751,0.813047242,1.0,0.071979751,50,,0.067195693,0.060476124,0.819866905,11.390243689,-0.018044322,lost,-0.071979751,0.0
275,bootstrap,player_00182,occasional_player,0.074000628,0,1.5,0.111000942,0,,0.108608126,0.097747313,0.725416557,9.802843255,0.004140254,lost,-0.074000628,0.0
275,bootstrap,player_00339,occasional_player,0.062643071,0.074000628,1.448132727,0.090715481,10,,0.088759953,0.079883958,0.736206236,11.752396944,0.001172173,lost,-0.062643071,0.0
275,bootstrap,player_00137,occasional_player,0.05810426,0.136643699,1.404226002,0.081591513,20,,0.079832668,0.071849401,0.740518107,12.744643967,-0.000723721,lost,-0.05810426,0.0
275,bootstrap,player_00555,occasional_player,0.401127986,0.194747959,1.363500543,0.546938227,30,,0.535148033,0.48163323,0.414645567,1.033698923,-0.008224335,won,0.414645567,0.021823451
275,countdown,player_00161,occasional_player,0.016755598,0.595875945,1.0,0.016755598,30,,0.016394402,0.014754962,0.779799336,46.539630252,-0.00500246,lost,-0.016755598,0.0
275,countdown,player_00537,occasional_player,0.045775169,0.612631543,1.0,0.045775169,30,,0.044788407,0.040309566,0.752230743,16.433161462,-0.013607897,lost,-0.045775169,0.0
275,countdown,player_00556,occasional_player,0.031852724,0.658406712,1.0,0.031852724,30,,0.031166084,0.028049475,0.765457066,24.031133597,-0.009488603,lost,-0.031852724,0.0
275,countdown,player_00483,occasional_player,0.042648988,0.690259436,1.0,0.042648988,30,,0.041729616,0.037556654,0.755200615,17.707351346,-0.012684426,lost,-0.042648988,0.0
275,countdown,player_00053,opportunistic_player,0.054753007,0.732908424,1.0,0.054753007,30,,0.053572712,0.048215441,0.743701797,13.582848464,-0.016255157,lost,-0.054753007,0.0
276,bootstrap,player_00144,occasional_player,0.175668764,0,1.5,0.263503146,0,,0.170061802,0.153055622,1.169000873,6.654574476,0.030140483,lost,-0.175668764,0.0
276,bootstrap,player_00534,occasional_player,0.1112515,0.175668764,1.376786962,0.153169615,10,,0.098853851,0.088968466,1.230197274,11.057803931,0.008095139,lost,-0.1112515,0.0
276,bootstrap,player_00557,occasional_player,0.053857224,0.286920264,1.298755814,0.069947383,20,,0.04514321,0.040628889,1.284721836,23.854215661,0.000527757,won,1.284721836,0.067616939
276,bootstrap,player_00429,occasional_player,0.181305305,0.340777488,1.260980674,0.228622486,30,,0.147550238,0.132795214,1.163646159,6.418158361,-0.002702187,lost,-0.181305305,0.0
276,countdown,player_00045,opportunistic_player,0.09215133,0.522082793,1.0,0.09215133,30,,0.059473374,0.053526037,1.248342436,13.546656739,-0.020400011,lost,-0.09215133,0.0
276,countdown,player_00173,occasional_player,0.111258861,0.614234123,1.0,0.111258861,30,,0.071805148,0.064624633,1.230190281,11.057009482,-0.024568202,lost,-0.111258861,0.0
276,countdown,player_00178,opportunistic_player,0.312084728,0.725492984,1.0,0.312084728,30,,0.201415778,0.1812742,1.039405707,3.330524099,-0.06709438,lost,-0.312084728,0.0
276,countdown,player_00558,occasional_player,0.318717669,1.037577712,1.0,0.318717669,30,,0.205696599,0.185126939,1.033104413,3.241440667,-0.068458984,lost,-0.318717669,0.0
277,bootstrap,player_00217,opportunistic_player,0.810676583,0,1.5,1.216014874,0,,0.950014799,0.855013319,0.108154204,0.133412271,-0.025064022,won,0.108154204,0.005692327
277,countdown,player_00559,occasional_player,0.063980843,0.810676583,1.0,0.063980843,0,,0.049985201,0.044986681,0.817515157,12.777498993,-0.024325264,lost,-0.063980843,0.0
278,bootstrap,player_00066,opportunistic_player,0.138238656,0,1.5,0.207357984,0,,0.271737177,0.244563459,0.440317633,3.185199028,0.003255071,won,0.440317633,0.023174612
278,bootstrap,player_00405,occasional_player,0.016856145,0.138238656,1.402904333,0.023647559,10,,0.030989503,0.027890553,0.555631018,32.963113343,-0.000889161,lost,-0.016856145,0.0
278,bootstrap,player_00551,occasional_player,0.024644172,0.155094801,1.391064963,0.034281644,20,,0.044925192,0.040432672,0.548232393,22.245924615,-0.001481242,lost,-0.024644172,0.0
278,bootstrap,player_00149,occasional_player,0.048356842,0.179738973,1.373755461,0.066430476,30,,0.087055389,0.07834985,0.525705356,10.871374851,-0.003379155,lost,-0.048356842,0.0
278,bootstrap,player_00143,occasional_player,0.233935372,0.228095815,1.339790722,0.313424441,40,,0.410734475,0.369661028,0.349405753,1.493599491,-0.018296892,lost,-0.233935372,0.0
278,bootstrap,player_00251,occasional_player,0.100334141,0.462031187,1.175479873,0.117940763,50,,0.154558264,0.139102437,0.476326922,4.747406189,-0.020119182,lost,-0.100334141,0.0
279,bootstrap,player_00188,occasional_player,0.340021413,0,1.5,0.510032119,0,,0.537000293,0.483300264,0.396451713,1.165961018,0.015916243,won,0.396451713,0.02086588
279,bootstrap,player_00294,occasional_player,0.048745297,0.340021413,1.266084169,0.061715649,10,,0.064978891,0.058481002,0.673164023,13.809825038,-0.006527317,lost,-0.048745297,0.0
279,bootstrap,player_00136,occasional_player,0.25373216,0.38876671,1.232550114,0.312737603,20,,0.329273742,0.296346368,0.478426503,1.885557208,-0.036759599,lost,-0.25373216,0.0
279,countdown,player_00104,occasional_player,0.065294593,0.64249887,1.0,0.065294593,20,,0.068747074,0.061872366,0.657442192,10.068861166,-0.020577158,lost,-0.065294593,0.0
280,bootstrap,player_00397,opportunistic_player,0.342711543,0,1.5,0.514067314,0,,0.34283442,0.308550978,0.937895009,2.736689288,0.052420861,lost,-0.342711543,0.0
280,bootstrap,player_00195,occasional_player,0.044653916,0.342711543,1.264072679,0.056445795,10,,0.037644022,0.03387962,1.221049754,27.344740698,-0.001772357,lost,-0.044653916,0.0
280,bootstrap,player_00362,opportunistic_player,0.092466532,0.387365459,1.233332312,0.114041962,20,,0.076055234,0.068449711,1.175627769,12.714089558,-0.005665844,won,1.175627769,0.061875146
280,bootstrap,player_00503,occasional_player,0.092006358,0.479831991,1.169677084,0.107617729,30,,0.071770876,0.064593789,1.176064934,12.782431126,-0.010096829,lost,-0.092006358,0.0
280,countdown,player_00488,occasional_player,0.078115459,0.571838349,1.0,0.078115459,30,,0.052095645,0.04688608,1.189261288,15.224403768,-0.018693131,lost,-0.078115459,0.0
280,countdown,player_00361,occasional_player,0.290438776,0.649953808,1.0,0.290438776,30,,0.193695274,0.174325747,0.987554137,3.400214499,-0.067651707,lost,-0.290438776,0.0
280,countdown,player_00560,occasional_player,0.291940973,0.940392584,1.0,0.291940973,30,,0.194697098,0.175227388,0.98612705,3.377830251,-0.067988452,lost,-0.291940973,0.0
280,countdown,player_00561,occasional_player,0.046794368,1.232333557,1.0,0.046794368,30,,0.031207431,0.028086688,1.219016325,26.050492332,-0.011241939,lost,-0.046794368,0.0
281,bootstrap,player_00366,player_whale,0.416485189,0,1.5,0.624727784,0,,0.400841257,0.360757131,0.856577466,2.056681699,0.042781242,won,0.856577466,0.045083025
281,bootstrap,player_00511,opportunistic_player,0.111298234,0.416485189,1.21308505,0.135014224,10,,0.086628565,0.077965708,1.146505073,10.301197352,-0.013232708,lost,-0.111298234,0.0
281,bootstrap,player_00111,opportunistic_player,0.434296316,0.527783423,1.13641215,0.49353961,20,,0.316667583,0.285000825,0.839656895,1.933373286,-0.0712186,lost,-0.434296316,0.0
281,countdown,player_00424,occasional_player,0.04444775,0.962079739,1.0,0.04444775,20,,0.028518808,0.025666928,1.210013033,27.223268516,-0.012249596,lost,-0.04444775,0.0
281,countdown,player_00369,occasional_player,0.260812258,1.006527489,1.0,0.260812258,20,,0.167343787,0.150609408,1.004466751,3.851301922,-0.070249335,lost,-0.260812258,0.0
282,bootstrap,player_00232,occasional_player,0.015793556,0,1.5,0.023690334,0,,0.018618688,0.016756819,1.02516982,64.910639473,0.001649679,lost,-0.015793556,0.0
282,bootstrap,player_00541,occasional_player,0.136581634,0.015793556,1.489112262,0.203385386,10,,0.159844476,0.143860028,0.910421145,6.665765511,0.014040216,lost,-0.136581634,0.0
282,bootstrap,player_00492,opportunistic_player,0.108427787,0.15237519,1.394955822,0.151251973,20,,0.118871827,0.106984644,0.9371673,8.64323921,0.003434831,lost,-0.108427787,0.0
282,bootstrap,player_00008,persistent_player,0.017970679,0.260802977,1.320208037,0.023725035,30,,0.01864596,0.016781364,1.023101553,56.931713746,-0.000500067,lost,-0.017970679,0.0
282,bootstrap,player_00409,occasional_player,0.341219286,0.278773656,1.30696466,0.445961548,40,,0.350489734,0.315440761,0.716015376,2.098402422,-0.00772438,lost,-0.341219286,0.0
282,countdown,player_00459,occasional_player,0.271854327,0.619992942,1.0,0.271854327,40,,0.21365553,0.192289977,0.781912087,2.876217185,-0.069225607,lost,-0.271854327,0.0
282,countdown,player_00293,occasional_player,0.15252686,0.891847269,1.0,0.15252686,40,,0.119873785,0.107886406,0.895273181,5.869609987,-0.039483479,won,0.895273181,0.047119641
283,bootstrap,player_00562,occasional_player,0.184244054,0,1.5,0.276366081,0,,0.378653974,0.340788577,0.362014639,1.964864707,0.001914669,won,0.362014639,0.019053402
283,bootstrap,player_00563,occasional_player,0.067336966,0.184244054,1.371710754,0.09236684,10,,0.126553414,0.113898073,0.473076373,7.025507695,-0.005784928,lost,-0.067336966,0.0
283,bootstrap,player_00455,occasional_player,0.244359085,0.25158102,1.324823984,0.323732776,20,,0.443551907,0.399196716,0.30490536,1.247775829,-0.025094522,lost,-0.244359085,0.0
283,bootstrap,player_00402,occasional_player,0.032388956,0.495940105,1.154676605,0.03739877,30,,0.051240705,0.046116635,0.506276982,15.63116089,-0.007547496,lost,-0.032388956,0.0
284,bootstrap,player_00453,occasional_player,0.676230331,0,1.5,1.014345496,0,,0.784618242,0.706156418,0.311507929,0.460653589,0.021267381,won,0.311507929,0.016395154
284,bootstrap,player_00110,occasional_player,0.026983041,0.676230331,1.028897782,0.027762791,10,,0.021475121,0.019327609,0.928292855,34.402825636,-0.008519842,lost,-0.026983041,0.0
284,countdown,player_00564,occasional_player,0.024056051,0.703213372,1.0,0.024056051,10,,0.018607877,0.016747089,0.931073495,38.704336599,-0.008060411,lost,-0.024056051,0.0
284,countdown,player_00565,opportunistic_player,0.049496454,0.727269423,1.0,0.049496454,10,,0.038286581,0.034457923,0.906905112,18.322627966,-0.016540843,lost,-0.049496454,0.0
284,countdown,player_00566,occasional_player,0.086833601,0.776765877,1.0,0.086833601,10,,0.067167674,0.060450906,0.871434823,10.035686792,-0.028905406,lost,-0.086833601,0.0
284,countdown,player_00001,persistent_player,0.026486999,0.863599478,1.0,0.026486999,10,,0.020488268,0.018439441,0.928764095,35.064904655,-0.008872702,lost,-0.026486999,0.0
284,countdown,player_00567,occasional_player,0.063807179,0.890086477,1.0,0.063807179,10,,0.049356237,0.044420613,0.893309924,14.000147594,-0.02129145,lost,-0.063807179,0.0
285,bootstrap,player_00131,opportunistic_player,0.112716657,0,1.5,0.169074985,0,,0.25246261,0.227216349,0.389352013,3.454254438,0.001361553,won,0.389352013,0.020492211
285,bootstrap,player_00109,occasional_player,0.04869876,0.112716657,1.421419875,0.069221385,10,,0.103361308,0.093025177,0.450169015,9.243952306,-0.002291497,lost,-0.04869876,0.0
285,bootstrap,player_00540,occasional_player,0.066588607,0.161415417,1.387469661,0.092389672,20,,0.137956172,0.124160555,0.43317366,6.505221834,-0.004537846,lost,-0.066588607,0.0
285,bootstrap,player_00568,occasional_player,0.179026616,0.228004024,1.341047586,0.240083211,30,,0.358492027,0.322642825,0.326357552,1.822955485,-0.015968041,lost,-0.179026616,0.0
285,bootstrap,player_00569,occasional_player,0.081344015,0.40703064,1.216239645,0.098933816,40,,0.147727882,0.132955094,0.419156023,5.152880916,-0.014799986,lost,-0.081344015,0.0
286,bootstrap,player_00286,occasional_player,0.052842206,0,1.5,0.079263309,0,,0.031360504,0.028224453,2.242313094,42.434131051,0.011937297,lost,-0.052842206,0.0
286,bootstrap,player_00412,occasional_player,0.035598227,0.052842206,1.45802099,0.051902962,10,,0.020535391,0.018481852,2.258694874,63.449645244,0.006804558,lost,-0.035598227,0.0
286,bootstrap,player_00201,opportunistic_player,0.071767254,0.088440433,1.429740976,0.102608584,20,,0.040597054,0.036537349,2.224334299,30.993721716,0.01212621,lost,-0.071767254,0.0
286,bootstrap,player_00115,occasional_player,0.056776324,0.160207687,1.372052654,0.077900106,30,,0.030821153,0.027739037,2.238575682,39.427978506,0.006894531,lost,-0.056776324,0.0
286,bootstrap,player_00317,occasional_player,0.022910534,0.216984011,1.326709137,0.030395615,40,,0.012026016,0.010823414,2.270748183,99.113716984,0.001914684,lost,-0.022910534,0.0
286,bootstrap,player_00570,occasional_player,0.038727056,0.239894545,1.308412,0.050670945,50,,0.020047944,0.018043149,2.255722487,58.246681259,0.00267204,lost,-0.038727056,0.0
286,bootstrap,player_00506,occasional_player,0.037451187,0.278621601,1.277483246,0.047843264,60,,0.018929173,0.017036255,2.256934562,60.263365283,0.001636554,lost,-0.037451187,0.0
286,bootstrap,player_00122,occasional_player,0.135836231,0.316072788,1.247573445,0.169465675,70,,0.067049042,0.060344137,2.163468771,15.927037689,0.002913346,lost,-0.135836231,0.0
286,countdown,player_00571,opportunistic_player,0.094306193,0.451909019,1.0,0.094306193,70,,0.037312216,0.033580994,2.202922307,23.359253902,-0.017162976,lost,-0.094306193,0.0
286,countdown,player_00368,player_whale,1.60889555,0.546215212,1.0,1.60889555,70,,0.636559024,0.572903121,0.764062418,0.474898708,-0.249420524,won,0.764062418,0.040213811
286,countdown,player_00572,occasional_player,0.09071491,2.155110762,1.0,0.09071491,70,,0.035891326,0.032302193,2.206334026,24.32162503,-0.016515191,lost,-0.09071491,0.0
286,countdown,player_00573,occasional_player,0.075151225,2.245825672,1.0,0.075151225,70,,0.029733559,0.026760203,2.221119526,29.555333614,-0.013702554,lost,-0.075151225,0.0
286,countdown,player_00524,occasional_player,0.048370065,2.320976897,1.0,0.048370065,70,,0.019137601,0.017223841,2.246561628,46.445288597,-0.008842526,lost,-0.048370065,0.0
287,bootstrap,player_00138,occasional_player,0.163503681,0,1.5,0.245255522,0,,0.31099239,0.279893151,0.4724247,2.889382654,0.014488317,lost,-0.163503681,0.0
287,bootstrap,player_00574,opportunistic_player,0.10174664,0.163503681,1.367234516,0.139111518,10,,0.176398163,0.158758347,0.531093889,5.219768326,-0.001277924,lost,-0.10174664,0.0
287,bootstrap,player_00440,occasional_player,0.046617966,0.265250321,1.284615937,0.059886182,20,,0.075937727,0.068343954,0.583466129,12.515907044,-0.003555527,lost,-0.046617966,0.0
287,bootstrap,player_00374,occasional_player,0.131738164,0.311868287,1.246762007,0.164246138,30,,0.208269721,0.187442749,0.502601941,3.815158233,-0.012835711,won,0.502601941,0.026452734
287,bootstrap,player_00342,occasional_player,0.04320618,0.443606451,1.13979022,0.049245981,40,,0.062445588,0.056201029,0.586707326,13.579245509,-0.007804393,lost,-0.04320618,0.0
287,countdown,player_00575,occasional_player,0.13087692,0.486812631,1.0,0.13087692,40,,0.165956411,0.14936077,0.503420123,3.846515663,-0.036137825,lost,-0.13087692,0.0
288,bootstrap,player_00092,occasional_player,0.214009347,0,1.5,0.32101402,0,,0.645448514,0.580903663,0.163862705,0.76568013,0.005497912,lost,-0.214009347,0.0
288,bootstrap,player_00109,occasional_player,0.023116719,0.214009347,1.326102034,0.030655128,10,,0.061636893,0.055473204,0.345210701,14.933377926,-0.002684417,lost,-0.023116719,0.0
288,bootstrap,player_00008,persistent_player,0.013993008,0.237126066,1.190255385,0.016655253,20,,0.033487971,0.030139174,0.353878227,25.289646564,-0.002905673,lost,-0.013993008,0.0
288,bootstrap,player_00576,occasional_player,0.110092519,0.251119074,1.171977096,0.129025911,30,,0.259426621,0.233483959,0.262583691,2.385118386,-0.023078602,lost,-0.110092519,0.0
289,bootstrap,player_00505,opportunistic_player,0.0672262,0,1.5,0.1008393,0,,0.109328103,0.098395293,0.7425202,11.045101457,0.012449034,lost,-0.0672262,0.0
289,bootstrap,player_00577,occasional_player,0.056720727,0.0672262,1.411302416,0.080050099,10,,0.086788836,0.078109953,0.752500399,13.266762235,0.006487497,lost,-0.056720727,0.0
289,bootstrap,player_00055,occasional_player,0.016098028,0.123946927,1.33646565,0.021514461,20,,0.023325581,0.020993022,0.791091963,49.142165921,0.00084733,lost,-0.016098028,0.0
289,bootstrap,player_00146,occasional_player,0.039946237,0.140044955,1.315226071,0.052538332,30,,0.056961087,0.051264979,0.768436164,19.236759758,0.00149547,lost,-0.039946237,0.0
289,bootstrap,player_00061,occasional_player,0.030858288,0.179991192,1.2625214,0.038959249,40,,0.042238897,0.038015007,0.777069716,25.181880342,-0.000144899,lost,-0.030858288,0.0
289,bootstrap,player_00578,opportunistic_player,0.076660377,0.21084948,1.22180728,0.093664207,50,,0.101549,0.0913941,0.733557731,9.56892935,-0.002611222,won,0.733557731,0.038608302
289,countdown,player_00017,occasional_player,0.029670604,0.287509857,1.0,0.029670604,50,,0.03216832,0.028951488,0.778198016,26.227912845,-0.006281605,lost,-0.029670604,0.0
289,countdown,player_00453,occasional_player,0.443446595,0.317180461,1.0,0.443446595,50,,0.480776593,0.432698934,0.385110824,0.868449163,-0.084930683,lost,-0.443446595,0.0
289,countdown,player_00579,occasional_player,0.061671946,0.760627056,1.0,0.061671946,50,,0.066863583,0.060177224,0.747796741,12.125395571,-0.012960367,lost,-0.061671946,0.0
290,bootstrap,player_00397,opportunistic_player,0.166735835,0,1.5,0.250103752,0,,0.273858192,0.246472372,0.611901765,3.669887549,0.025176821,lost,-0.166735835,0.0
290,bootstrap,player_00351,occasional_player,0.077691401,0.166735835,1.279856287,0.099433828,10,,0.108877888,0.097990099,0.696493977,8.964878586,-0.001828899,lost,-0.077691401,0.0
290,bootstrap,player_00580,occasional_player,0.134339559,0.244427236,1.177279216,0.158155171,20,,0.173176487,0.155858838,0.642678227,4.783983451,-0.01323447,lost,-0.134339559,0.0
290,countdown,player_00100,occasional_player,0.157002841,0.378766795,1.0,0.157002841,20,,0.17191471,0.154723239,0.621148109,3.956285792,-0.036604805,won,0.621148109,0.032692006
290,countdown,player_00581,occasional_player,0.157138111,0.535769636,1.0,0.157138111,20,,0.172062828,0.154856545,0.621019603,3.952062289,-0.036635296,lost,-0.157138111,0.0
290,countdown,player_00090,occasional_player,0.09142637,0.692907747,1.0,0.09142637,20,,0.100109895,0.090098905,0.683445757,7.475367956,-0.02161124,lost,-0.09142637,0.0
291,bootstrap,player_00404,opportunistic_player,0.484100046,0,1.5,0.726150069,0,,0.355206936,0.319686242,1.27740962,2.638730632,0.07903036,lost,-0.484100046,0.0
291,countdown,player_00512,occasional_player,0.058713118,0.484100046,1.0,0.058713118,0,,0.028720381,0.025848343,1.681527202,28.639719015,-0.013730789,lost,-0.058713118,0.0
291,countdown,player_00184,occasional_player,0.041877157,0.542813164,1.0,0.041877157,0,,0.020484824,0.018436342,1.697521365,40.535735627,-0.009809011,lost,-0.041877157,0.0
291,countdown,player_00582,player_whale,1.170915652,0.584690321,1.0,1.170915652,0,,0.572770531,0.515493478,0.624934795,0.533714614,-0.245166459,won,0.624934795,0.032891305
291,countdown,player_00286,occasional_player,0.046645496,1.755605973,1.0,0.046645496,0,,0.022817327,0.020535594,1.692991443,36.294853482,-0.010921017,lost,-0.046645496,0.0
292,bootstrap,player_00060,player_whale,0.39239053,0,1.5,0.588585795,0,,0.531173641,0.478056277,0.518672846,1.321828143,0.043149036,lost,-0.39239053,0.0
292,countdown,player_00583,occasional_player,0.055847491,0.39239053,1.0,0.055847491,0,,0.050399985,0.045359986,0.838388733,15.012110978,-0.015284948,lost,-0.055847491,0.0
292,countdown,player_00584,occasional_player,0.061201299,0.448238021,1.0,0.061201299,0,,0.055231569,0.049708412,0.833302615,13.615766801,-0.01673693,lost,-0.061201299,0.0
292,countdown,player_00585,occasional_player,0.151116012,0.50943932,1.0,0.151116012,0,,0.136375772,0.122738195,0.747883638,4.949069446,-0.040774418,lost,-0.151116012,0.0
292,countdown,player_00394,opportunistic_player,0.175678928,0.660555332,1.0,0.175678928,0,,0.158542759,0.142688483,0.724548868,4.124278739,-0.047226789,won,0.724548868,0.038134151
292,countdown,player_00586,occasional_player,0.075655947,0.83623426,1.0,0.075655947,0,,0.068276274,0.061448646,0.8195707,10.832865519,-0.020645481,lost,-0.075655947,0.0
293,bootstrap,player_00252,occasional_player,0.02933639,0,1.5,0.044004585,0,,0.040631314,0.036568183,0.870102539,29.659495896,0.003554457,lost,-0.02933639,0.0
293,bootstrap,player_00454,occasional_player,0.101669839,0.02933639,1.460812018,0.148520523,10,,0.137135347,0.123421812,0.801385762,7.882236956,0.00978692,lost,-0.101669839,0.0
293,bootstrap,player_00225,opportunistic_player,0.315292402,0.131006229,1.32499995,0.417762417,20,,0.385737896,0.347164106,0.598444327,1.898061367,0.001924193,lost,-0.315292402,0.0
293,countdown,player_00587,occasional_player,0.147607032,0.446298631,1.0,0.147607032,20,,0.136291882,0.122662694,0.757745429,5.133532045,-0.036554061,lost,-0.147607032,0.0
293,countdown,player_00419,opportunistic_player,0.325126898,0.593905663,1.0,0.325126898,20,,0.300203562,0.270183205,0.589101556,1.811912702,-0.078117724,won,0.589101556,0.031005345
294,bootstrap,player_00258,opportunistic_player,0.07328978,0,1.5,0.10993467,0,,0.118099473,0.106289526,0.69766206,9.519227096,0.008654325,lost,-0.07328978,0.0
294,bootstrap,player_00475,opportunistic_player,0.077416103,0.07328978,1.402029853,0.108539688,10,,0.116600886,0.104940798,0.693742053,8.961211245,0.003509849,lost,-0.077416103,0.0
294,bootstrap,player_00118,occasional_player,0.064773685,0.150705883,1.298543842,0.08411147,20,,0.090358395,0.081322555,0.70575235,10.89566465,-0.002112539,lost,-0.064773685,0.0
294,bootstrap,player_00001,persistent_player,0.017569064,0.215479568,1.21195759,0.02129296,30,,0.022874379,0.020586942,0.75059674,42.72263678,-0.00175488,lost,-0.017569064,0.0
294,bootstrap,player_00588,opportunistic_player,0.310639442,0.233048632,1.188472135,0.369186321,40,,0.396605639,0.356945075,0.472179881,1.520025524,-0.03121594,lost,-0.310639442,0.0
294,countdown,player_00517,occasional_player,0.148663081,0.543688074,1.0,0.148663081,40,,0.159704227,0.143733805,0.626057424,4.21125016,-0.037309555,lost,-0.148663081,0.0
294,countdown,player_00448,occasional_player,0.089136843,0.692351155,1.0,0.089136843,40,,0.095757,0.0861813,0.68260735,7.6579709,-0.022626925,won,0.68260735,0.035926703
295,bootstrap,player_00589,player_whale,1.066441548,0,1.5,1.599662322,0,,0.805969355,0.72537242,0.390786447,0.36643963,-0.009408552,won,0.390786447,0.020567708
295,countdown,player_00590,occasional_player,0.106271572,1.066441548,1.0,0.106271572,0,,0.053543569,0.048189212,1.302947924,12.260550016,-0.038362394,lost,-0.106271572,0.0
295,countdown,player_00528,occasional_player,0.170622704,1.17271312,1.0,0.170622704,0,,0.085966062,0.077369456,1.241814348,7.278130748,-0.061343218,lost,-0.170622704,0.0
295,countdown,player_00591,occasional_player,0.027352323,1.343335824,1.0,0.027352323,0,,0.013781117,0.012403006,1.37792121,50.376752655,-0.009922708,lost,-0.027352323,0.0
295,countdown,player_00592,occasional_player,0.080859249,1.370688147,1.0,0.080859249,0,,0.040739896,0.036665906,1.327089631,16.412341779,-0.029235527,lost,-0.080859249,0.0
296,bootstrap,player_00593,occasional_player,0.079451151,0,1.5,0.119176726,0,,0.073028961,0.065726065,1.363084687,17.156261048,0.015361053,lost,-0.079451151,0.0
296,bootstrap,player_00594,occasional_player,0.160172123,0.079451151,1.393984085,0.22327739,10,,0.136819632,0.123137669,1.286399764,8.031358639,0.017955367,lost,-0.160172123,0.0
296,bootstrap,player_00179,occasional_player,0.227631773,0.239623274,1.180257865,0.268664191,20,,0.164631698,0.148168528,1.222313096,5.369694573,-0.012795576,lost,-0.227631773,0.0
296,countdown,player_00595,occasional_player,0.034191822,0.467255047,1.0,0.034191822,20,,0.020952021,0.018856819,1.40608105,41.123314507,-0.007032858,lost,-0.034191822,0.0
296,countdown,player_00461,player_whale,0.900753527,0.501446869,1.0,0.900753527,20,,0.55196259,0.496766331,0.58284743,0.647066498,-0.163750523,won,0.58284743,0.030676181
296,countdown,player_00431,occasional_player,0.085846809,1.402200396,1.0,0.085846809,20,,0.052605097,0.047344588,1.357008812,15.807329682,-0.017535405,lost,-0.085846809,0.0
297,bootstrap,player_00059,occasional_player,0.348782324,0,1.5,0.523173486,0,,0.372810735,0.335529662,0.855139651,2.451786093,0.055169209,lost,-0.348782324,0.0
297,bootstrap,player_00596,occasional_player,0.181269404,0.348782324,1.034275107,0.187482432,10,,0.133599017,0.120239115,1.014276925,5.595411598,-0.037517971,lost,-0.181269404,0.0
297,countdown,player_00275,occasional_player,0.058089375,0.530051728,1.0,0.058089375,10,,0.04139419,0.037254771,1.131297953,19.475126957,-0.013779023,lost,-0.058089375,0.0
297,countdown,player_00597,opportunistic_player,0.250463359,0.588141103,1.0,0.250463359,10,,0.178478901,0.160631011,0.948542668,3.78715143,-0.057865808,lost,-0.250463359,0.0
297,countdown,player_00598,occasional_player,0.131708997,0.838604462,1.0,0.131708997,10,,0.093855154,0.084469638,1.061359312,8.058366066,-0.030930948,lost,-0.131708997,0.0
297,countdown,player_00599,occasional_player,0.054493082,0.970313459,1.0,0.054493082,10,,0.03883149,0.034948341,1.134714431,20.823091476,-0.012932252,lost,-0.054493082,0.0
297,countdown,player_00600,occasional_player,0.197911213,1.024806541,1.0,0.197911213,10,,0.141030513,0.126927461,0.998467207,5.045025958,-0.046057937,lost,-0.197911213,0.0
298,bootstrap,player_00459,occasional_player,0.183475764,0,1.5,0.275213646,0,,0.210161352,0.189145217,0.944115825,5.145724997,0.029802792,lost,-0.183475764,0.0
298,bootstrap,player_00506,occasional_player,0.019612567,0.183475764,1.26237824,0.024758478,10,,0.018906313,0.017015681,1.099785862,56.075569422,-0.00056524,lost,-0.019612567,0.0
298,bootstrap,player_00466,opportunistic_player,0.263290482,0.203088331,1.236977759,0.32568447,20,,0.248702379,0.223832142,0.868291843,3.297847444,-0.010005987,lost,-0.263290482,0.0
298,countdown,player_00601,occasional_player,0.160511935,0.466378813,1.0,0.160511935,20,,0.122571703,0.110314533,0.965931463,6.017817072,-0.036248858,lost,-0.160511935,0.0
298,countdown,player_00602,occasional_player,0.050030182,0.626890748,1.0,0.050030182,20,,0.03820454,0.034384086,1.070889128,21.404861731,-0.011488396,lost,-0.050030182,0.0
298,countdown,player_00292,occasional_player,0.421778589,0.67692093,1.0,0.421778589,20,,0.322082716,0.289874445,0.717728141,1.701670403,-0.091464709,won,0.717728141,0.037775165
298,countdown,player_00603,occasional_player,0.051557698,1.098699519,1.0,0.051557698,20,,0.039370997,0.035433897,1.069437988,20.74254727,-0.011836452,lost,-0.051557698,0.0
299,bootstrap,player_00573,occasional_player,0.107741213,0,1.5,0.16161182,0,,0.341517744,0.307365969,0.257957961,2.39423665,0.004662268,lost,-0.107741213,0.0
299,bootstrap,player_00604,occasional_player,0.132226296,0.107741213,1.360365261,0.17987606,10,,0.380113695,0.342102326,0.234697132,1.774965639,-0.006700938,won,0.234697132,0.012352481
299,bootstrap,player_00376,opportunistic_player,0.091179205,0.239967509,1.188997372,0.108411835,20,,0.229095652,0.206186087,0.273691868,3.001691761,-0.015947866,lost,-0.091179205,0.0
299,countdown,player_00040,occasional_player,0.023316752,0.331146714,1.0,0.023316752,20,,0.049272909,0.044345618,0.338161199,14.502929001,-0.007286789,lost,-0.023316752,0.0
300,bootstrap,player_00135,occasional_player,0.025042234,0,1.5,0.037563351,0,,0.043261831,0.038935648,0.721677822,28.818428169,0.004031795,lost,-0.025042234,0.0
300,bootstrap,player_00369,occasional_player,0.122167769,0.025042234,1.467420938,0.179271542,10,,0.206467605,0.185820844,0.629408563,5.152001781,0.01749078,lost,-0.122167769,0.0
300,bootstrap,player_00243,occasional_player,0.107254505,0.147210003,1.308484984,0.140340909,20,,0.161631071,0.145467964,0.643576164,6.000458109,0.001967304,lost,-0.107254505,0.0
300,bootstrap,player_00605,occasional_player,0.045977889,0.254464508,1.16895066,0.053745884,30,,0.061899305,0.055709375,0.701788949,15.263618333,-0.004320266,lost,-0.045977889,0.0
300,countdown,player_00606,occasional_player,0.329613215,0.300442397,1.0,0.329613215,30,,0.379616587,0.341654928,0.43233539,1.311644589,-0.069289719,won,0.43233539,0.022754494
300,countdown,player_00593,occasional_player,0.090500566,0.630055612,1.0,0.090500566,30,,0.104229789,0.09380681,0.659492406,7.287163335,-0.020146117,lost,-0.090500566,0.0
300,countdown,player_00511,opportunistic_player,0.037243808,0.720556178,1.0,0.037243808,30,,0.042893812,0.038604431,0.710086326,19.06588946,-0.008393554,lost,-0.037243808,0.0
301,bootstrap,player_00607,occasional_player,0.106636699,0,1.5,0.159955049,0,,0.145166253,0.130649627,0.701951185,6.582641728,-0.000994993,won,0.701951185,0.036944799
301,bootstrap,player_00386,occasional_player,0.636560936,0.106636699,1.361172241,0.866469076,10,,0.786358853,0.707722968,0.198523159,0.311868272,-0.045552742,lost,-0.636560936,0.0
301,countdown,player_00220,occasional_player,0.033671313,0.743197635,1.0,0.033671313,10,,0.0305582,0.02750238,0.771268301,22.905798217,-0.011533558,lost,-0.033671313,0.0
301,countdown,player_00510,occasional_player,0.041779454,0.776868948,1.0,0.041779454,10,,0.037916695,0.034125025,0.763565567,18.276102109,-0.014297035,lost,-0.041779454,0.0
302,bootstrap,player_00149,occasional_player,0.028069032,0,1.5,0.042103548,0,,0.036440215,0.032796193,0.967663212,34.474406235,0.004587195,lost,-0.028069032,0.0
302,bootstrap,player_00086,occasional_player,0.048739524,0.028069032,1.464592159,0.071383525,10,,0.061781753,0.055603578,0.948026244,19.450872035,0.006684219,lost,-0.048739524,0.0
302,bootstrap,player_00223,occasional_player,0.247624308,0.076808556,1.403109409,0.347443996,20,,0.30070943,0.270638487,0.7590857,3.06547328,0.024830165,lost,-0.247624308,0.0
302,countdown,player_00608,opportunistic_player,0.073904138,0.324432864,1.0,0.073904138,20,,0.063963319,0.057566987,0.924119861,12.504304713,-0.016450903,lost,-0.073904138,0.0
302,countdown,player_00315,occasional_player,0.073786682,0.398337002,1.0,0.073786682,20,,0.063861662,0.057475496,0.924231444,12.525721705,-0.016425095,lost,-0.073786682,0.0
302,countdown,player_00191,occasional_player,0.447019214,0.472123684,1.0,0.447019214,20,,0.386890821,0.348201739,0.569660539,1.274353587,-0.093009556,won,0.569660539,0.029982134
302,countdown,player_00609,occasional_player,0.099773266,0.919142898,1.0,0.099773266,20,,0.0863528,0.07771752,0.899544189,9.015883969,-0.022108792,lost,-0.099773266,0.0
303,bootstrap,player_00025,occasional_player,0.031521133,0,1.5,0.047281699,0,,0.042131191,0.037918072,0.886603303,28.12726634,0.003292376,lost,-0.031521133,0.0
303,bootstrap,player_00345,occasional_player,0.028850078,0.031521133,1.458905882,0.042089548,10,,0.037504634,0.03375417,0.889140805,30.81935534,0.002135943,lost,-0.028850078,0.0
303,bootstrap,player_00170,occasional_player,0.065611504,0.060371211,1.421294019,0.093253238,20,,0.083094941,0.074785447,0.854217451,13.019324336,0.003178316,lost,-0.065611504,0.0
303,bootstrap,player_00391,occasional_player,0.380235338,0.125982715,1.335756266,0.507901735,30,,0.452574793,0.407317314,0.555324808,1.460476586,0.000834508,lost,-0.380235338,0.0
303,countdown,player_00610,occasional_player,0.106077886,0.506218053,1.0,0.106077886,30,,0.09452257,0.085070313,0.815774388,7.690334137,-0.027655625,won,0.815774388,0.042935494
303,countdown,player_00122,occasional_player,0.186663568,0.612295939,1.0,0.186663568,30,,0.166329862,0.149696876,0.73921799,3.960162113,-0.048061991,lost,-0.186663568,0.0
303,countdown,player_00374,occasional_player,0.138981605,0.798959507,1.0,0.138981605,30,,0.123842009,0.111457808,0.784515855,5.644745971,-0.036050603,lost,-0.138981605,0.0
304,bootstrap,player_00421,occasional_player,0.076062394,0,1.5,0.114093591,0,,0.067887075,0.061098368,1.43253651,18.833702636,0.016110537,lost,-0.076062394,0.0
304,bootstrap,player_00598,occasional_player,0.051293212,0.076062394,1.402980158,0.071963359,10,,0.042819074,0.038537167,1.456067233,28.387133044,0.006796189,lost,-0.051293212,0.0
304,bootstrap,player_00066,opportunistic_player,0.170328383,0.127355606,1.337554144,0.227823434,20,,0.135557716,0.122001944,1.342983821,7.884674281,0.014298648,lost,-0.170328383,0.0
304,bootstrap,player_00186,occasional_player,0.065551362,0.297683989,1.120295234,0.073436878,30,,0.043695836,0.039326253,1.442521991,22.005980452,-0.006244488,lost,-0.065551362,0.0
304,countdown,player_00611,occasional_player,0.058254452,0.363235351,1.0,0.058254452,30,,0.034662108,0.031195897,1.449454055,24.881429754,-0.011220133,lost,-0.058254452,0.0
304,countdown,player_00612,occasional_player,0.309974869,0.421489803,1.0,0.309974869,30,,0.18443882,0.165994938,1.210319659,3.9045735,-0.057613674,lost,-0.309974869,0.0
304,countdown,player_00613,opportunistic_player,0.394618377,0.731464672,1.0,0.394618377,30,,0.234802737,0.211322463,1.129908327,2.863293735,-0.072451639,lost,-0.394618377,0.0
304,countdown,player_00614,occasional_player,0.104566916,1.126083049,1.0,0.104566916,30,,0.062218588,0.055996729,1.405457214,13.440744628,-0.020010504,lost,-0.104566916,0.0
304,countdown,player_00615,opportunistic_player,0.325906017,1.230649965,1.0,0.325906017,30,,0.193918046,0.174526242,1.195185069,3.667269109,-0.060435706,won,1.195185069,0.062904477
305,bootstrap,player_00616,occasional_player,0.774591022,0,1.5,1.161886533,0,,1.0,0.9,0.026049354,0.033629817,-0.054014683,won,0.026049354,0.001371019
306,bootstrap,player_00337,occasional_player,0.171806574,0,1.5,0.257709861,0,,0.185356791,0.166821112,1.022694503,5.952592381,0.027461424,lost,-0.171806574,0.0
306,bootstrap,player_00617,occasional_player,0.039386527,0.171806574,1.28054849,0.050436358,10,,0.03627615,0.032648535,1.148493548,29.159553672,-0.000603983,lost,-0.039386527,0.0
306,bootstrap,player_00618,opportunistic_player,0.314741166,0.211193101,1.230239397,0.387206982,20,,0.278497079,0.250647371,0.886906641,2.817892087,-0.013551302,lost,-0.314741166,0.0
306,countdown,player_00369,occasional_player,0.0773239,0.525934267,1.0,0.0773239,20,,0.055614907,0.050053416,1.112453044,14.386923625,-0.017771499,lost,-0.0773239,0.0
306,countdown,player_00619,occasional_player,0.134744742,0.603258167,1.0,0.134744742,20,,0.096914619,0.087223157,1.057903244,7.851165308,-0.03071822,lost,-0.134744742,0.0
306,countdown,player_00620,occasional_player,0.206246177,0.738002909,1.0,0.206246177,20,,0.148341741,0.133507567,0.989976881,4.799976877,-0.046541347,lost,-0.206246177,0.0
306,countdown,player_00575,occasional_player,0.206134034,0.944249086,1.0,0.206134034,20,,0.148261083,0.133434974,0.990083416,4.803105034,-0.046516789,won,0.990083416,0.052109653
306,countdown,player_00621,occasional_player,0.070542805,1.15038312,1.0,0.070542805,20,,0.050737631,0.045663868,1.118895084,15.861221905,-0.01622847,lost,-0.070542805,0.0
307,bootstrap,player_00447,player_whale,0.427832455,0,1.5,0.641748683,10,,0.699342378,0.629408141,0.288115277,0.673430156,0.022790876,won,0.288115277,0.015163962
307,countdown,player_00278,occasional_player,0.038268205,0.427832455,1.0,0.038268205,10,,0.041702583,0.037532324,0.658201315,17.199691352,-0.012128085,lost,-0.038268205,0.0
307,countdown,player_00622,player_whale,0.237629036,0.46610066,1.0,0.237629036,10,,0.258955039,0.233059535,0.468808525,1.972858759,-0.072987026,lost,-0.237629036,0.0
308,bootstrap,player_00132,player_whale,0.370686288,0,1.5,0.556029432,0,,0.284627962,0.256165166,1.335998323,3.604121239,0.066506858,lost,-0.370686288,0.0
308,bootstrap,player_00083,player_whale,0.717533345,0.370686288,1.025852415,0.736083314,10,,0.376796409,0.339116769,1.006493619,1.402713374,-0.132886892,won,1.006493619,0.052973348
308,countdown,player_00623,occasional_player,0.292472437,1.088219633,1.0,0.292472437,10,,0.149714797,0.134743318,1.410301482,4.821997917,-0.06303503,lost,-0.292472437,0.0
308,countdown,player_00103,occasional_player,0.17503076,1.38069207,1.0,0.17503076,10,,0.089597143,0.080637429,1.521871075,8.694877832,-0.038196959,lost,-0.17503076,0.0
308,countdown,player_00624,occasional_player,0.123641769,1.55572283,1.0,0.123641769,10,,0.063291442,0.056962298,1.570690616,12.703559882,-0.027128703,lost,-0.123641769,0.0
308,countdown,player_00087,occasional_player,0.048038785,1.679364599,1.0,0.048038785,10,,0.024590751,0.022131676,1.642513451,34.191402869,-0.01062403,lost,-0.048038785,0.0
308,countdown,player_00617,occasional_player,0.022234098,1.727403384,1.0,0.022234098,10,,0.011381495,0.010243345,1.667027904,74.976187652,-0.004930404,lost,-0.022234098,0.0
309,bootstrap,player_00123,occasional_player,0.121516675,0,1.5,0.182275012,0,,0.317133797,0.285420418,0.335281788,2.759142215,0.008862933,lost,-0.121516675,0.0
309,bootstrap,player_00561,occasional_player,0.121415338,0.121516675,1.344458239,0.163237851,10,,0.284011719,0.255610547,0.335378058,2.76223798,-0.004654128,won,0.335378058,0.017651477
309,bootstrap,player_00625,occasional_player,0.132641671,0.242932013,1.189046189,0.157717073,20,,0.274406314,0.246965683,0.324713042,2.448046976,-0.019690752,lost,-0.132641671,0.0
309,countdown,player_00518,occasional_player,0.071527512,0.375573684,1.0,0.071527512,20,,0.124448169,0.112003352,0.382771493,5.351388325,-0.020644501,lost,-0.071527512,0.0
310,bootstrap,player_00074,opportunistic_player,0.269404742,0,1.5,0.404107113,0,,0.227663917,0.204897525,1.307303603,4.852563446,0.053658896,lost,-0.269404742,0.0
310,bootstrap,player_00624,occasional_player,0.142812584,0.269404742,1.154919449,0.164937031,10,,0.092921429,0.083629286,1.427566153,9.996080971,-0.011482931,lost,-0.142812584,0.0
310,countdown,player_00626,occasional_player,0.071302093,0.412217326,1.0,0.071302093,10,,0.040169829,0.036152846,1.49550112,20.974154571,-0.014657697,lost,-0.071302093,0.0
310,countdown,player_00627,occasional_player,1.134669843,0.483519419,1.0,1.134669843,10,,0.639244825,0.575320342,0.485301757,0.427703054,-0.202667227,won,0.485301757,0.025542198
311,bootstrap,player_00536,opportunistic_player,0.048583397,0,1.5,0.072875096,0,,0.030574035,0.027516631,1.868341891,38.456386472,0.004163929,lost,-0.048583397,0.0
311,bootstrap,player_00032,occasional_player,0.039516947,0.048583397,1.437725932,0.056814539,10,,0.023835985,0.021452386,1.876955019,47.497470355,0.00159595,lost,-0.039516947,0.0
311,bootstrap,player_00238,occasional_player,0.914603951,0.088100344,1.387073215,1.268622643,20,,0.532238235,0.479014411,1.045622365,1.143251528,0.024372704,won,1.045622365,0.055032756
311,countdown,player_00628,occasional_player,0.089192726,1.002704295,1.0,0.089192726,20,,0.037419937,0.033677943,1.829763029,20.514711352,-0.024566243,lost,-0.089192726,0.0
311,countdown,player_00294,occasional_player,0.033849881,1.091897021,1.0,0.033849881,20,,0.014201387,0.012781248,1.882338731,55.608429801,-0.009358599,lost,-0.033849881,0.0
311,countdown,player_00629,occasional_player,0.110234378,1.125746902,1.0,0.110234378,20,,0.046247756,0.041622981,1.809773459,16.417505066,-0.030317929,lost,-0.110234378,0.0
311,countdown,player_00194,player_whale,0.751972383,1.23598128,1.0,0.751972383,20,,0.315482666,0.2839344,1.200122354,1.595965998,-0.197705536,lost,-0.751972383,0.0
312,bootstrap,player_00029,occasional_player,0.058429465,0,1.5,0.087644197,0,,0.067670112,0.060903101,1.067143758,18.263794785,0.010121434,lost,-0.058429465,0.0
312,bootstrap,player_00630,occasional_player,0.045081863,0.058429465,1.425948301,0.064284406,10,,0.04963401,0.044670609,1.07982398,23.952514564,0.005168366,lost,-0.045081863,0.0
312,bootstrap,player_00354,occasional_player,0.041494672,0.103511328,1.368812941,0.056798444,20,,0.043854096,0.039468687,1.083231812,26.105322908,0.002896805,lost,-0.041494672,0.0
312,bootstrap,player_00080,occasional_player,0.015472858,0.145006,1.316223875,0.020365745,30,,0.015724398,0.014151958,1.107952535,71.60619808,0.000425811,lost,-0.015472858,0.0
312,bootstrap,player_00631,occasional_player,0.088286226,0.160478858,1.296614053,0.114473161,40,,0.088384763,0.079546287,1.038779835,11.766046441,0.001367695,lost,-0.088286226,0.0
312,bootstrap,player_00098,occasional_player,0.250349173,0.248765084,1.184722818,0.296594378,50,,0.229000612,0.206100551,0.884820036,3.534343753,-0.016390174,won,0.884820036,0.046569476
312,countdown,player_00632,occasional_player,0.043484199,0.499114257,1.0,0.043484199,50,,0.033574164,0.030216747,1.081341761,24.867464176,-0.009495617,lost,-0.043484199,0.0
312,countdown,player_00633,opportunistic_player,0.361089969,0.542598456,1.0,0.361089969,50,,0.278797678,0.25091791,0.779616279,2.159063797,-0.074866341,lost,-0.361089969,0.0
312,countdown,player_00285,occasional_player,0.096922727,0.903688425,1.0,0.096922727,50,,0.074834068,0.067350661,1.030575159,10.632956698,-0.020984999,lost,-0.096922727,0.0
312,countdown,player_00634,opportunistic_player,0.111666899,1.000611152,1.0,0.111666899,50,,0.086218048,0.077596243,1.016568196,9.103576843,-0.024120094,lost,-0.111666899,0.0
312,countdown,player_00356,occasional_player,0.041844369,1.112278051,1.0,0.041844369,50,,0.03230805,0.029077245,1.082899599,25.879219241,-0.009139913,lost,-0.041844369,0.0
313,bootstrap,player_00341,occasional_player,0.08978241,0,1.5,0.134673615,0,,0.316620624,0.284958562,0.241576659,2.69069029,0.004641194,won,0.241576659,0.012714561
313,bootstrap,player_00220,occasional_player,0.034937517,0.08978241,1.387664523,0.048481553,10,,0.113981195,0.102583076,0.293679307,8.4058437,-0.001226992,lost,-0.034937517,0.0
313,bootstrap,player_00524,occasional_player,0.075106275,0.124719927,1.343950808,0.100939139,20,,0.237310131,0.213579118,0.255518987,3.402099053,-0.004491623,lost,-0.075106275,0.0
313,bootstrap,player_00436,occasional_player,0.05860626,0.199826202,1.249978066,0.07325654,30,,0.172227733,0.15500496,0.271194001,4.627389656,-0.007485584,lost,-0.05860626,0.0
313,bootstrap,player_00248,occasional_player,0.027537031,0.258432462,1.176650093,0.03240145,40,,0.07617652,0.068558868,0.300709769,10.920195749,-0.005032802,lost,-0.027537031,0.0
313,countdown,player_00635,occasional_player,0.035594647,0.285969493,1.0,0.035594647,40,,0.083683796,0.075315417,0.293055034,8.233120943,-0.010842259,lost,-0.035594647,0.0
314,bootstrap,player_00542,occasional_player,0.69704648,0,1.5,1.04556972,0,,0.860054278,0.77404885,0.188471968,0.270386514,-0.011611944,won,0.188471968,0.009919577
314,countdown,player_00636,occasional_player,0.170132297,0.69704648,1.0,0.170132297,0,,0.139945722,0.12595115,0.689040441,4.050027265,-0.061918502,lost,-0.170132297,0.0
315,bootstrap,player_00426,occasional_player,0.759176318,0,1.5,1.138764477,0,,1.0,0.9,0.026827493,0.035337632,-0.051772888,won,0.026827493,0.001411973
316,bootstrap,player_00264,occasional_player,0.031809132,0.242311411,1.19946882,0.038154062,10,,0.029544375,0.026589938,1.120869691,35.23735546,-0.001159474,lost,-0.031809132,0.0
316,bootstrap,player_00307,occasional_player,0.040531163,0.274120543,1.160016959,0.047016836,20,,0.036407213,0.032766492,1.112583762,27.45008234,-0.002747633,lost,-0.040531163,0.0
316,bootstrap,player_00225,opportunistic_player,0.231873032,0.072340295,1.41027862,0.32700558,30,,0.253214865,0.227893378,0.930808986,4.014304631,0.033094501,lost,-0.231873032,0.0
316,countdown,player_00637,occasional_player,0.107455331,0.304213327,1.0,0.107455331,30,,0.083207409,0.074886668,1.049005802,9.762249972,-0.02085181,lost,-0.107455331,0.0
316,countdown,player_00235,opportunistic_player,0.153860036,0.411668658,1.0,0.153860036,30,,0.119140622,0.10722656,1.004921332,6.531399306,-0.029607896,lost,-0.153860036,0.0
316,countdown,player_00111,opportunistic_player,0.617923572,0.565528694,1.0,0.617923572,30,,0.478485516,0.430636964,0.564060973,0.912832911,-0.108917336,won,0.564060973,0.02968742
316,bootstrap,player_00068,player_whale,0.242311411,0,1.5,0.363467117,0,30,0.0,0.0,0.0,0.0,0.0,pending_withdrawn,0.0,0.0
317,bootstrap,player_00069,occasional_player,0.013402313,0,1.5,0.02010347,0,,0.018849291,0.016964362,0.900109619,67.16076687,0.002094834,lost,-0.013402313,0.0
317,bootstrap,player_00638,occasional_player,0.051294412,0.013402313,1.483255931,0.076082741,10,,0.071336228,0.064202606,0.864112125,16.846125946,0.007477073,lost,-0.051294412,0.0
317,bootstrap,player_00222,occasional_player,0.164020092,0.064696725,1.419171683,0.23277267,20,,0.218250869,0.196425782,0.757022729,4.615426803,0.016896465,lost,-0.164020092,0.0
317,bootstrap,player_00639,occasional_player,0.156000257,0.228716817,1.21425454,0.18942402,30,,0.177606576,0.159845919,0.764641572,4.901540464,-0.008839418,lost,-0.156000257,0.0
317,countdown,player_00301,occasional_player,0.038390305,0.384717074,1.0,0.038390305,30,,0.03599528,0.032395752,0.876371027,22.827925605,-0.008755924,lost,-0.038390305,0.0
317,countdown,player_00583,occasional_player,0.071929494,0.423107379,1.0,0.071929494,30,,0.067442087,0.060697878,0.844508797,11.740786011,-0.016303634,lost,-0.071929494,0.0
317,countdown,player_00640,occasional_player,0.097852018,0.495036873,1.0,0.097852018,30,,0.091747403,0.082572663,0.819882399,8.378799088,-0.022072243,lost,-0.097852018,0.0
317,countdown,player_00026,opportunistic_player,0.105405441,0.592888891,1.0,0.105405441,30,,0.098829597,0.088946637,0.812706647,7.71029123,-0.023742458,lost,-0.105405441,0.0
317,countdown,player_00641,opportunistic_player,0.234577037,0.698294332,1.0,0.234577037,30,,0.219942669,0.197948402,0.689993631,2.941437235,-0.051559751,lost,-0.234577037,0.0
318,bootstrap,player_00641,opportunistic_player,0.229983603,0,1.5,0.344975405,0,,0.616380617,0.554742555,0.200511534,0.871851435,0.008830369,won,0.200511534,0.010553239
318,bootstrap,player_00227,occasional_player,0.13653447,0.229983603,1.218896651,0.166421408,10,,0.29735143,0.267616287,0.289288211,2.118792496,-0.022577385,lost,-0.13653447,0.0
318,bootstrap,player_00140,occasional_player,0.04589519,0.366518073,1.052013899,0.048282378,20,,0.086267953,0.077641157,0.375395527,8.179408922,-0.013185691,lost,-0.04589519,0.0
319,bootstrap,player_00587,occasional_player,0.060158336,0,1.5,0.090237504,0,,0.047443575,0.042699217,1.570202451,26.101161624,0.009456794,lost,-0.060158336,0.0
319,bootstrap,player_00571,opportunistic_player,0.029436493,0.060158336,1.426418426,0.041988756,10,,0.02207615,0.019868535,1.599388202,54.333517305,0.002925868,lost,-0.029436493,0.0
319,bootstrap,player_00284,occasional_player,0.048549294,0.089594829,1.390413715,0.067503604,20,,0.035490923,0.031941831,1.581231041,32.569599073,0.003508873,lost,-0.048549294,0.0
319,bootstrap,player_00272,opportunistic_player,0.075081549,0.138144123,1.33103153,0.099935909,30,,0.052542641,0.047288377,1.556025399,20.724471183,0.002050851,lost,-0.075081549,0.0
319,bootstrap,player_00472,occasional_player,0.017510244,0.213225672,1.228876287,0.021517924,40,,0.011313336,0.010182003,1.610718138,91.987189806,-0.000931618,lost,-0.017510244,0.0
319,bootstrap,player_00588,opportunistic_player,0.610185573,0.230735916,1.206611415,0.736256877,50,,0.387096903,0.348387212,1.047676576,1.716980247,-0.0326076,won,1.047676576,0.055140872
319,countdown,player_00642,occasional_player,0.133824338,0.840921489,1.0,0.133824338,50,,0.070359936,0.063323942,1.500219749,11.210365555,-0.030350224,lost,-0.133824338,0.0
319,countdown,player_00643,opportunistic_player,0.483241916,0.974745827,1.0,0.483241916,50,,0.254070902,0.228663812,1.16827305,2.417573913,-0.105600208,lost,-0.483241916,0.0
319,countdown,player_00396,opportunistic_player,0.116810407,1.457987743,1.0,0.116810407,50,,0.061414634,0.055273171,1.516382984,12.981574352,-0.02653863,lost,-0.116810407,0.0
319,countdown,player_00644,occasional_player,0.0522351,1.57479815,1.0,0.0522351,50,,0.027463303,0.024716972,1.577729525,30.204393696,-0.011947309,lost,-0.0522351,0.0
319,countdown,player_00645,occasional_player,0.058443966,1.62703325,1.0,0.058443966,50,,0.030727697,0.027654927,1.571831102,26.89466869,-0.013358828,lost,-0.058443966,0.0
320,bootstrap,player_00646,occasional_player,0.118132682,0,1.5,0.177199023,10,,0.125088149,0.112579334,1.152252015,9.753880093,0.024886381,lost,-0.118132682,0.0
320,bootstrap,player_00477,occasional_player,0.074279023,0.118132682,1.349685046,0.100253287,20,,0.070770695,0.063693626,1.193912991,16.07335346,0.006496725,won,1.193912991,0.062837526
320,bootstrap,player_00551,occasional_player,0.021017189,0.192411705,1.255170575,0.026380157,30,,0.018622253,0.016760028,1.244511734,59.21399544,0.000193111,lost,-0.021017189,0.0
320,bootstrap,player_00647,opportunistic_player,0.099228919,0.213428894,1.228427783,0.121895561,40,,0.086048387,0.077443548,1.17021059,11.79303979,-0.000919019,lost,-0.099228919,0.0
320,countdown,player_00438,occasional_player,0.076891104,0.312657813,1.0,0.076891104,40,,0.054278888,0.048850999,1.191431514,15.495050173,-0.014932277,lost,-0.076891104,0.0
320,countdown,player_00648,opportunistic_player,0.209315135,0.389548917,1.0,0.209315135,40,,0.147759521,0.132983569,1.065628685,5.091025477,-0.039768556,lost,-0.209315135,0.0
320,countdown,player_00649,opportunistic_player,0.307556901,0.598864052,1.0,0.307556901,40,,0.217110245,0.195399221,0.972299007,3.161363,-0.057474054,lost,-0.307556901,0.0
320,countdown,player_00650,opportunistic_player,0.140804689,0.906420953,1.0,0.140804689,40,,0.099396699,0.089457029,1.130713609,8.030368993,-0.02705844,lost,-0.140804689,0.0
320,countdown,player_00651,occasional_player,0.256297361,1.047225642,1.0,0.256297361,40,,0.180925165,0.162832648,1.02099557,3.983636688,-0.048312371,lost,-0.256297361,0.0
320,bootstrap,player_00577,occasional_player,0.013397243,0,1.5,0.020095864,0,10,0.0,0.0,0.0,0.0,0.0,pending_withdrawn,0.0,0.0
321,bootstrap,player_00429,occasional_player,0.175510361,0,1.5,0.263265542,0,,0.315568304,0.284011473,0.540346994,3.078718491,0.027801341,lost,-0.175510361,0.0
321,bootstrap,player_00127,occasional_player,0.05418657,0.175510361,1.276519828,0.069170231,10,,0.082912227,0.074621005,0.655604595,12.099023711,-0.00122124,lost,-0.05418657,0.0
321,bootstrap,player_00086,occasional_player,0.040572365,0.229696931,1.207523195,0.048992072,20,,0.058725289,0.05285276,0.66853809,16.477671193,-0.00309392,lost,-0.040572365,0.0
321,bootstrap,player_00276,occasional_player,0.039319782,0.270269296,1.15176928,0.045287317,30,,0.054284513,0.048856062,0.669728044,17.032852416,-0.004678497,lost,-0.039319782,0.0
321,countdown,player_00652,opportunistic_player,0.407543345,0.309589078,1.0,0.407543345,30,,0.488509666,0.4396587,0.319915659,0.784985604,-0.087709665,lost,-0.407543345,0.0
322,bootstrap,player_00128,occasional_player,0.664268053,0,1.5,0.99640208,0,,0.622054651,0.559849186,0.60137938,0.905326362,0.044303632,won,0.60137938,0.031651546
322,countdown,player_00653,opportunistic_player,0.04809027,0.664268053,1.0,0.04809027,0,,0.030022796,0.027020516,1.186748274,24.677513223,-0.014724295,lost,-0.04809027,0.0
322,countdown,player_00654,occasional_player,0.225425296,0.712358323,1.0,0.225425296,0,,0.140733201,0.126659881,1.018279999,4.517150547,-0.067897732,lost,-0.225425296,0.0
322,countdown,player_00655,occasional_player,0.137198464,0.937783619,1.0,0.137198464,0,,0.085653116,0.077087804,1.10209549,8.032855889,-0.041664014,lost,-0.137198464,0.0
322,countdown,player_00138,occasional_player,0.194675756,1.074982083,1.0,0.194675756,0,,0.121536237,0.109382613,1.047492062,5.380701139,-0.058804194,lost,-0.194675756,0.0
323,bootstrap,player_00423,occasional_player,0.193368961,0,1.5,0.290053442,0,,0.392676343,0.353408709,0.41053684,2.123075172,0.020056609,won,0.41053684,0.021607202
323,bootstrap,player_00331,occasional_player,0.171959083,0.193368961,1.259099972,0.216513677,20,,0.293117704,0.263805934,0.430876224,2.505690405,-0.012927552,lost,-0.171959083,0.0
323,countdown,player_00399,opportunistic_player,0.185508418,0.365328044,1.0,0.185508418,20,,0.251142571,0.226028314,0.418004356,2.253290501,-0.049097443,lost,-0.185508418,0.0
323,countdown,player_00656,occasional_player,0.046582258,0.550836462,1.0,0.046582258,20,,0.063063381,0.056757043,0.549984208,11.806731397,-0.012722909,lost,-0.046582258,0.0
324,bootstrap,player_00421,occasional_player,0.05384484,0,1.5,0.08076726,0,,0.139786065,0.125807458,0.406866268,7.556272212,0.004116054,lost,-0.05384484,0.0
324,bootstrap,player_00625,occasional_player,0.138068586,0.05384484,1.432872838,0.197834727,10,,0.342397873,0.308158085,0.32685371,2.367328579,0.005200978,won,0.32685371,0.017202827
324,bootstrap,player_00287,occasional_player,0.142103387,0.191913426,1.260745807,0.179156249,20,,0.310070529,0.279063476,0.323020649,2.273138279,-0.012304257,lost,-0.142103387,0.0
324,countdown,player_00657,occasional_player,0.120033692,0.334016813,1.0,0.120033692,20,,0.207745533,0.18697098,0.343986859,2.865752549,-0.033275315,lost,-0.120033692,0.0
325,bootstrap,player_00520,opportunistic_player,0.1811937,0,1.5,0.27179055,0,,0.205189974,0.184670977,0.997569976,5.505544487,0.036489739,lost,-0.1811937,0.0
325,bootstrap,player_00201,opportunistic_player,0.074292176,0.1811937,1.273951617,0.094644638,10,,0.071452561,0.064307305,1.099126424,14.794645724,0.001167211,lost,-0.074292176,0.0
325,bootstrap,player_00021,occasional_player,0.034778878,0.255485876,1.181268338,0.041083187,20,,0.031016009,0.027914408,1.136664057,32.682597094,-0.002078742,lost,-0.034778878,0.0
325,bootstrap,player_00294,occasional_player,0.029837957,0.290264754,1.137879914,0.033952012,30,,0.025632284,0.023069055,1.141357932,38.251879377,-0.002819574,lost,-0.029837957,0.0
325,countdown,player_00350,opportunistic_player,0.294918727,0.320102711,1.0,0.294918727,30,,0.222650736,0.200385662,0.889531201,3.016190967,-0.057571944,lost,-0.294918727,0.0
325,countdown,player_00023,occasional_player,0.013601532,0.615021438,1.0,0.013601532,30,,0.010268562,0.009241705,1.156782536,85.047958992,-0.002785187,lost,-0.013601532,0.0
325,countdown,player_00658,player_whale,0.557063006,0.62862297,1.0,0.557063006,30,,0.420558197,0.378502377,0.640494135,1.149769646,-0.103784781,won,0.640494135,0.033710218
325,countdown,player_00659,occasional_player,0.017526418,1.185685976,1.0,0.017526418,30,,0.013231679,0.011908511,1.153053894,65.78947815,-0.00358655,lost,-0.017526418,0.0
326,bootstrap,player_00291,player_whale,0.72889949,0,1.5,1.093349235,0,,0.880768942,0.792692048,0.167638125,0.229987985,-0.018221252,won,0.167638125,0.008823059
326,countdown,player_00371,opportunistic_player,0.148008382,0.72889949,1.0,0.148008382,0,,0.119231058,0.107307952,0.719484677,4.861107646,-0.054919478,lost,-0.148008382,0.0
327,bootstrap,player_00602,occasional_player,0.013544104,0,1.5,0.020316156,0,,0.025126164,0.022613548,0.6387812,47.163045993,0.001207286,lost,-0.013544104,0.0
327,bootstrap,player_00179,occasional_player,0.29010567,0.013544104,1.483327628,0.430321755,10,,0.532203786,0.478983407,0.376047712,1.296243924,0.028970747,lost,-0.29010567,0.0
327,bootstrap,player_00148,occasional_player,0.032207616,0.303649774,1.126216542,0.03627275,20,,0.044860606,0.040374546,0.621050863,19.282733112,-0.005832602,won,0.621050863,0.032686888
327,countdown,player_00409,occasional_player,0.321655092,0.33585739,1.0,0.321655092,20,,0.397809443,0.358028499,0.346075761,1.075921911,-0.082588417,lost,-0.321655092,0.0
328,bootstrap,player_00660,occasional_player,0.110348588,0,1.5,0.165522882,0,,0.175428536,0.157885682,0.582974414,5.283025585,-0.000882813,won,0.582974414,0.030682864
328,bootstrap,player_00101,player_whale,0.527297895,0.110348588,1.366596766,0.720603598,10,,0.763727845,0.687355061,0.186872572,0.354396583,-0.03640921,lost,-0.527297895,0.0
328,countdown,player_00661,occasional_player,0.02228861,0.637646483,1.0,0.02228861,10,,0.023622463,0.021260217,0.666631393,29.909060849,-0.007642021,lost,-0.02228861,0.0
328,countdown,player_00662,occasional_player,0.035119446,0.659935093,1.0,0.035119446,10,,0.037221156,0.03349904,0.654442099,18.634750062,-0.012019796,lost,-0.035119446,0.0
329,bootstrap,player_00581,occasional_player,0.061379228,0,1.5,0.092068842,0,,0.163931669,0.147538502,0.373961168,6.092633952,0.002850242,lost,-0.061379228,0.0
329,bootstrap,player_00221,opportunistic_player,0.079289529,0.061379228,1.428138032,0.113236392,10,,0.201621204,0.181459083,0.356946383,4.501809848,-0.00013056,won,0.356946383,0.018786652
329,bootstrap,player_00636,occasional_player,0.146403505,0.140668757,1.335306927,0.195493614,20,,0.348082953,0.313274658,0.293188105,2.002603048,-0.008690594,lost,-0.146403505,0.0
329,bootstrap,player_00663,opportunistic_player,0.13818247,0.287072262,1.163899688,0.160830534,30,,0.286364174,0.257727756,0.300998089,2.178265366,-0.02499345,lost,-0.13818247,0.0
330,bootstrap,player_00590,occasional_player,0.084544473,0,1.5,0.126816709,0,,0.144364503,0.129928053,0.573463939,6.78298555,0.000949279,lost,-0.084544473,0.0
330,bootstrap,player_00415,opportunistic_player,0.443595896,0.084544473,1.400947434,0.621454532,10,,0.707446011,0.63670141,0.232365087,0.523821543,-0.013210585,won,0.232365087,0.012229741
330,countdown,player_00664,occasional_player,0.030522929,0.528140369,1.0,0.030522929,10,,0.034746427,0.031271784,0.624784405,20.469346356,-0.0100303,lost,-0.030522929,0.0
330,countdown,player_00665,opportunistic_player,0.099653828,0.558663298,1.0,0.099653828,10,,0.113443059,0.102098753,0.559110051,5.610522573,-0.032394857,lost,-0.099653828,0.0
331,bootstrap,player_00279,opportunistic_player,0.851758543,0,1.5,1.277637815,0,,0.498506167,0.44865555,1.249390304,1.466836247,0.090933549,lost,-0.851758543,0.0
331,countdown,player_00666,opportunistic_player,0.53130363,0.851758543,1.0,0.53130363,0,,0.207302988,0.186572689,1.553822472,2.924547065,-0.142276047,won,1.553822472,0.08178013
331,countdown,player_00667,opportunistic_player,0.079428348,1.383062173,1.0,0.079428348,0,,0.030991194,0.027892075,1.98310399,24.967206791,-0.021900042,lost,-0.079428348,0.0
331,countdown,player_00668,occasional_player,0.674563024,1.462490521,1.0,0.674563024,0,,0.263199651,0.236879686,1.417726047,2.101695463,-0.178942245,lost,-0.674563024,0.0
332,bootstrap,player_00669,occasional_player,0.085828332,0,1.5,0.128742498,0,,0.300675839,0.270608255,0.237349899,2.76540268,0.001626365,lost,-0.085828332,0.0
332,bootstrap,player_00061,occasional_player,0.056364351,0.085828332,1.399957799,0.078907713,10,,0.184287575,0.165858818,0.265340681,4.707597561,-0.003006735,won,0.265340681,0.013965299
332,bootstrap,player_00640,occasional_player,0.071110508,0.142192683,1.334259053,0.094879839,20,,0.221590195,0.199431175,0.251331832,3.534383865,-0.006805453,lost,-0.071110508,0.0
332,bootstrap,player_00670,occasional_player,0.100407399,0.213303191,1.251372067,0.125647014,30,,0.293446391,0.264101752,0.223499786,2.225929443,-0.014862944,lost,-0.100407399,0.0
333,bootstrap,player_00671,occasional_player,0.20306507,0,1.5,0.304597605,0,,0.336407302,0.302766572,0.571724925,2.815476463,0.031515441,lost,-0.20306507,0.0
333,bootstrap,player_00351,occasional_player,0.030306212,0.20306507,1.263184471,0.038282336,10,,0.042280232,0.038052209,0.73584584,24.280363381,-0.001152434,won,0.73584584,0.038728728
333,bootstrap,player_00444,occasional_player,0.02859538,0.233371282,1.227841211,0.035110586,20,,0.03877725,0.034899525,0.73747113,25.789869918,-0.001860023,lost,-0.02859538,0.0
333,bootstrap,player_00654,occasional_player,0.074810523,0.261966662,1.194493132,0.089360656,30,,0.098692756,0.088823481,0.693566745,9.270978424,-0.00656058,lost,-0.074810523,0.0
333,countdown,player_00672,occasional_player,0.105857111,0.336777185,1.0,0.105857111,30,,0.116911967,0.10522077,0.664072486,6.273291229,-0.024844526,lost,-0.105857111,0.0
333,countdown,player_00611,occasional_player,0.043800429,0.442634296,1.0,0.043800429,30,,0.04837459,0.043537131,0.723026334,16.507288865,-0.010414992,lost,-0.043800429,0.0
333,countdown,player_00673,occasional_player,0.212801768,0.486434725,1.0,0.212801768,30,,0.235025054,0.211522549,0.562475062,2.643187917,-0.048813237,lost,-0.212801768,0.0
333,countdown,player_00380,opportunistic_player,0.075632415,0.699236493,1.0,0.075632415,30,,0.083530849,0.075177764,0.692785947,9.159907788,-0.01786444,lost,-0.075632415,0.0
334,bootstrap,player_00545,occasional_player,0.28368522,0,1.5,0.42552783,0,,0.745488171,0.670939354,0.153760196,0.542009893,0.009814125,won,0.153760196,0.008092642
334,bootstrap,player_00667,opportunistic_player,0.038328687,0.28368522,1.168933091,0.044803671,10,,0.078492179,0.070642961,0.386848902,10.092933839,-0.008292883,lost,-0.038328687,0.0
334,bootstrap,player_00461,player_whale,0.049080801,0.322013907,1.124202668,0.055176767,20,,0.096664952,0.086998457,0.376634394,7.673762165,-0.012044236,lost,-0.049080801,0.0
334,countdown,player_00569,occasional_player,0.045296,0.371094708,1.0,0.045296,20,,0.079354697,0.071419228,0.380229955,8.394338456,-0.014905265,lost,-0.045296,0.0
335,bootstrap,player_00469,occasional_player,0.030025114,0,1.5,0.045037671,0,,0.084880459,0.076392413,0.385552392,12.840996789,0.001721855,lost,-0.030025114,0.0
335,bootstrap,player_00492,opportunistic_player,0.080219431,0.030025114,1.46463123,0.117491884,10,,0.221431634,0.19928847,0.337867791,4.211794912,0.003100532,won,0.337867791,0.017782515
335,bootstrap,player_00674,occasional_player,0.115710018,0.110244545,1.370134916,0.158538336,20,,0.298790023,0.268911021,0.304151734,2.628568718,-0.002804566,lost,-0.115710018,0.0
335,bootstrap,player_00675,occasional_player,0.120312824,0.225954563,1.233831653,0.148445771,30,,0.279769023,0.251792121,0.299779068,2.491663465,-0.014536996,lost,-0.120312824,0.0
335,countdown,player_00676,occasional_player,0.061087508,0.346267387,1.0,0.061087508,30,,0.11512886,0.103615974,0.356043118,5.828411239,-0.017866112,lost,-0.061087508,0.0
336,bootstrap,player_00544,occasional_player,0.120087304,0,1.5,0.180130956,0,,0.264663064,0.238196758,0.445280282,3.707971341,0.014581422,lost,-0.120087304,0.0
336,bootstrap,player_00110,occasional_player,0.02975393,0.120087304,1.358445317,0.040419087,10,,0.059387013,0.053448312,0.531096987,17.849641608,0.000222605,lost,-0.02975393,0.0
336,bootstrap,player_00148,occasional_player,0.10134208,0.149841234,1.323372433,0.134113315,20,,0.1970502,0.17734518,0.463088244,4.569555356,-0.001243082,lost,-0.10134208,0.0
336,bootstrap,player_00165,opportunistic_player,0.054220603,0.251183314,1.20391396,0.065276941,30,,0.095910196,0.086319176,0.507853648,9.366433043,-0.005702817,lost,-0.054220603,0.0
336,bootstrap,player_00677,occasional_player,0.049693651,0.305403917,1.140000624,0.056650793,40,,0.083235957,0.074912361,0.512154252,10.306231111,-0.007604298,lost,-0.049693651,0.0
336,countdown,player_00138,occasional_player,0.204013723,0.355097568,1.0,0.204013723,40,,0.29975357,0.269778213,0.365550184,1.791792131,-0.05035779,won,0.365550184,0.019239483
337,bootstrap,player_00678,occasional_player,0.393588259,0,1.5,0.590382389,0,,0.29024855,0.261223695,1.398149805,3.552315834,0.074456178,won,1.398149805,0.073586832
337,bootstrap,player_00119,occasional_player,0.045072384,0.393588259,1.035727037,0.046682687,10,,0.022950519,0.020655467,1.729239886,38.365840287,-0.008423135,lost,-0.045072384,0.0
337,countdown,player_00679,occasional_player,0.193867883,0.438660643,1.0,0.193867883,10,,0.095310892,0.085779802,1.587884162,8.190547796,-0.041029545,lost,-0.193867883,0.0
337,countdown,player_00380,opportunistic_player,0.142027463,0.632528526,1.0,0.142027463,10,,0.069824686,0.062842218,1.637132561,11.526873228,-0.030221101,lost,-0.142027463,0.0
337,countdown,player_00547,opportunistic_player,1.006557063,0.774555989,1.0,1.006557063,10,,0.494851698,0.445366529,0.815829441,0.810514844,-0.194927112,lost,-1.006557063,0.0
337,countdown,player_00680,opportunistic_player,0.054540529,1.781113052,1.0,0.054540529,10,,0.026813655,0.024132289,1.720245148,31.540675891,-0.011710888,lost,-0.054540529,0.0
338,bootstrap,player_00294,occasional_player,0.017896602,0,1.5,0.026844903,0,,0.049304933,0.04437444,0.384406586,21.479305764,-4.4623e-05,lost,-0.017896602,0.0
338,bootstrap,player_00096,occasional_player,0.278459329,0.017896602,1.478425997,0.411681511,10,,0.756118564,0.680506708,0.136871996,0.491533167,0.004176423,won,0.136871996,0.007203789
338,bootstrap,player_00230,occasional_player,0.051865689,0.296355931,1.142748734,0.05926945,20,,0.10885777,0.097971993,0.352135954,6.789381586,-0.012284843,lost,-0.051865689,0.0
338,countdown,player_00375,opportunistic_player,0.04667101,0.34822162,1.0,0.04667101,20,,0.085718732,0.077146859,0.357070899,7.65080719,-0.01552359,lost,-0.04667101,0.0
339,bootstrap,player_00368,player_whale,1.562827296,0,1.5,2.344240944,0,,0.743295481,0.668965933,0.797356538,0.510201313,0.016055284,won,0.797356538,0.041966134
339,countdown,player_00681,occasional_player,0.054210726,1.562827296,1.0,0.054210726,0,,0.017188757,0.015469881,2.230542279,41.145773982,-0.018865868,lost,-0.054210726,0.0
339,countdown,player_00322,occasional_player,0.083311748,1.617038022,1.0,0.083311748,0,,0.026415905,0.023774314,2.202896308,26.441604712,-0.028958719,lost,-0.083311748,0.0
339,countdown,player_00682,occasional_player,0.044778449,1.70034977,1.0,0.044778449,0,,0.014198037,0.012778233,2.239502943,50.012963659,-0.015589369,lost,-0.044778449,0.0
339,countdown,player_00683,opportunistic_player,0.164584751,1.745128219,1.0,0.164584751,0,,0.052185379,0.046966841,2.125686956,12.915455063,-0.057017924,lost,-0.164584751,0.0
339,countdown,player_00684,opportunistic_player,0.462721353,1.90971297,1.0,0.462721353,0,,0.146716442,0.132044798,1.842457184,3.981785521,-0.158334519,lost,-0.462721353,0.0
340,bootstrap,player_00516,occasional_player,0.118933997,0,1.5,0.178400995,0,,0.146958114,0.132262303,0.933448555,7.848458626,0.020256543,lost,-0.118933997,0.0
340,bootstrap,player_00430,occasional_player,0.216257276,0.118933997,1.360556217,0.294230181,10,,0.242372597,0.218135338,0.84099144,3.888846911,0.01436603,lost,-0.216257276,0.0
340,bootstrap,player_00685,occasional_player,0.045407591,0.335191273,1.107006068,0.050266479,20,,0.041407095,0.037266386,1.00329864,22.095394588,-0.0063261,lost,-0.045407591,0.0
340,countdown,player_00686,occasional_player,0.200520929,0.380598864,1.0,0.200520929,20,,0.165179446,0.148661502,0.855940969,4.268586694,-0.043465717,lost,-0.200520929,0.0
340,countdown,player_00687,occasional_player,0.131401668,0.581119793,1.0,0.131401668,20,,0.108242341,0.097418107,0.921604267,7.013642074,-0.028819823,won,0.921604267,0.048505488
340,countdown,player_00370,occasional_player,0.025027783,0.712521461,1.0,0.025027783,20,,0.020616678,0.01855501,1.022659458,40.860968709,-0.005587936,lost,-0.025027783,0.0
340,countdown,player_00098,occasional_player,0.334110078,0.737549244,1.0,0.334110078,20,,0.275223728,0.247701356,0.729031278,2.182009241,-0.070768523,lost,-0.334110078,0.0
341,bootstrap,player_00354,occasional_player,0.015516054,0,1.5,0.023274081,0,,0.01893113,0.017038017,1.076281318,69.365659489,0.003086008,lost,-0.015516054,0.0
341,bootstrap,player_00688,occasional_player,0.076457426,0.015516054,1.481795509,0.11329427,10,,0.092153521,0.082938169,1.018387015,13.319661258,0.014346967,won,1.018387015,0.053599317
341,bootstrap,player_00086,occasional_player,0.05533769,0.09197348,1.392090452,0.07703507,20,,0.0626603,0.05639427,1.038450764,18.765704968,0.006345711,lost,-0.05533769,0.0
341,bootstrap,player_00172,occasional_player,0.071417579,0.14731117,1.327164507,0.094782876,30,,0.077096359,0.069386723,1.02317487,14.326652961,0.004532604,lost,-0.071417579,0.0
341,bootstrap,player_00333,occasional_player,0.086853825,0.218728749,1.243372541,0.107991661,40,,0.087840381,0.079056342,1.008510436,11.611583438,-0.000258333,lost,-0.086853825,0.0
341,countdown,player_00075,occasional_player,0.31852729,0.305582574,1.0,0.31852729,40,,0.25908999,0.233180991,0.788420644,2.475205952,-0.060408074,lost,-0.31852729,0.0
341,countdown,player_00007,persistent_player,0.359774273,0.624109864,1.0,0.359774273,40,,0.292640272,0.263376245,0.74923601,2.082516918,-0.067687309,lost,-0.359774273,0.0
341,countdown,player_00636,occasional_player,0.060700899,0.983884137,1.0,0.060700899,40,,0.049374091,0.044436682,1.033355716,17.023730005,-0.012084654,lost,-0.060700899,0.0
341,countdown,player_00689,opportunistic_player,0.054009375,1.044585036,1.0,0.054009375,40,,0.043931207,0.039538087,1.039712663,19.250596094,-0.010765698,lost,-0.054009375,0.0
341,countdown,player_00690,occasional_player,0.020018142,1.098594411,1.0,0.020018142,40,,0.01628275,0.014654475,1.072004335,53.551640046,-0.004015126,lost,-0.020018142,0.0
342,bootstrap,player_00377,player_whale,0.406885276,0,1.5,0.610327914,0,,0.556408168,0.500767351,0.484963036,1.191891339,0.039723241,won,0.484963036,0.02552437
342,bootstrap,player_00056,occasional_player,0.196609665,0.406885276,1.033746871,0.203244626,10,,0.185288871,0.166759984,0.684724867,3.482661277,-0.049638333,lost,-0.196609665,0.0
342,countdown,player_00691,opportunistic_player,0.159541074,0.603494941,1.0,0.159541074,10,,0.145446332,0.130901699,0.719940028,4.512568521,-0.044415503,lost,-0.159541074,0.0
342,countdown,player_00692,occasional_player,0.053813962,0.763036015,1.0,0.053813962,10,,0.049059739,0.044153765,0.820380785,15.244757202,-0.015214973,lost,-0.053813962,0.0
342,countdown,player_00693,occasional_player,0.069979244,0.816849977,1.0,0.069979244,10,,0.06379689,0.057417201,0.805023767,11.503750553,-0.01973902,lost,-0.069979244,0.0
343,bootstrap,player_00647,opportunistic_player,0.130677267,0,1.5,0.196015901,0,,0.198427594,0.178584834,0.735023895,5.624726562,0.023923831,won,0.735023895,0.038685468
343,bootstrap,player_00094,opportunistic_player,0.107698568,0.130677267,1.350150968,0.145409326,10,,0.147198378,0.13247854,0.756853659,7.027518312,0.006836049,lost,-0.107698568,0.0
343,bootstrap,player_00142,occasional_player,0.013473928,0.238375835,1.226651859,0.016527819,20,,0.01673117,0.015058053,0.846367067,62.815169177,-0.000526397,lost,-0.013473928,0.0
343,bootstrap,player_00497,occasional_player,0.020589349,0.251849763,1.21120116,0.024937843,30,,0.025244667,0.0227202,0.839607417,40.778725779,-0.001045506,lost,-0.020589349,0.0
343,bootstrap,player_00246,occasional_player,0.018135235,0.272439112,1.185976598,0.021507964,40,,0.021772588,0.01959533,0.841938825,46.425581204,-0.0012818,lost,-0.018135235,0.0
343,countdown,player_00694,opportunistic_player,0.241714983,0.290574347,1.0,0.241714983,40,,0.244688937,0.220220043,0.629538065,2.604464385,-0.049847599,lost,-0.241714983,0.0
343,countdown,player_00532,opportunistic_player,0.059275173,0.53228933,1.0,0.059275173,40,,0.060004468,0.054004022,0.802855884,13.544555729,-0.012716629,lost,-0.059275173,0.0
343,countdown,player_00695,opportunistic_player,0.282456973,0.591564503,1.0,0.282456973,40,,0.285932198,0.257338978,0.590833174,2.091763456,-0.057725379,lost,-0.282456973,0.0
344,bootstrap,player_00435,player_whale,0.509783545,0,1.5,0.764675318,0,,0.630627734,0.56756496,0.45431919,0.891200186,0.037407385,lost,-0.509783545,0.0
344,countdown,player_00510,occasional_player,0.033941143,0.509783545,1.0,0.033941143,0,,0.027991261,0.025192135,0.906369472,26.704152888,-0.010252711,lost,-0.033941143,0.0
344,countdown,player_00511,opportunistic_player,0.04375745,0.543724688,1.0,0.04375745,0,,0.036086769,0.032478092,0.89704398,20.500371485,-0.013202015,won,0.89704398,0.047212841
344,countdown,player_00550,occasional_player,0.050011686,0.587482138,1.0,0.050011686,0,,0.041244637,0.037120174,0.891102456,17.817884724,-0.015077366,lost,-0.050011686,0.0
344,countdown,player_00628,occasional_player,0.120091086,0.637493824,1.0,0.120091086,0,,0.099039118,0.089135207,0.824527026,6.865847029,-0.035892355,lost,-0.120091086,0.0
344,countdown,player_00696,opportunistic_player,0.200085463,0.75758491,1.0,0.200085463,0,,0.165010481,0.148509433,0.748532368,3.741063227,-0.059206767,lost,-0.200085463,0.0
345,bootstrap,player_00652,opportunistic_player,0.296115366,0,1.5,0.444173049,0,,0.636548323,0.572893491,0.247653468,0.836341156,0.015406259,won,0.247653468,0.013034393
345,bootstrap,player_00299,player_whale,0.072393678,0.296115366,1.158208131,0.083846946,10,,0.120161799,0.10814562,0.460189071,6.356757715,-0.014797187,lost,-0.072393678,0.0
345,bootstrap,player_00464,opportunistic_player,0.157971525,0.368509044,1.074647555,0.169763713,20,,0.243289878,0.21896089,0.378890116,2.398470968,-0.040419822,lost,-0.157971525,0.0
346,bootstrap,player_00298,occasional_player,0.01134384,0,1.5,0.01701576,0,,0.013642922,0.01227863,0.982428339,86.60456589,0.000858321,lost,-0.01134384,0.0
346,bootstrap,player_00683,opportunistic_player,0.13396155,0.01134384,1.48681376,0.199175876,10,,0.159695536,0.143725982,0.865941514,6.464104918,0.0097505,lost,-0.13396155,0.0
346,bootstrap,player_00697,occasional_player,0.48616607,0.14530539,1.331094958,0.647133205,20,,0.518859443,0.466973499,0.53134722,1.092933574,-0.011014329,lost,-0.48616607,0.0
346,countdown,player_00698,occasional_player,0.102093074,0.63147146,1.0,0.102093074,20,,0.08185634,0.073670706,0.896216566,8.778426697,-0.028546898,lost,-0.102093074,0.0
346,countdown,player_00699,opportunistic_player,0.040991552,0.733564534,1.0,0.040991552,20,,0.032866269,0.029579642,0.954263012,23.279504331,-0.011552278,lost,-0.040991552,0.0
346,countdown,player_00700,occasional_player,0.066530123,0.774556086,1.0,0.066530123,20,,0.053342623,0.048008361,0.93000137,13.978650992,-0.01868828,lost,-0.066530123,0.0
346,countdown,player_00266,occasional_player,0.023690908,0.841086209,1.0,0.023690908,20,,0.018994932,0.017095439,0.970698624,40.973466451,-0.006691382,lost,-0.023690908,0.0
346,countdown,player_00701,opportunistic_player,0.150592066,0.864777117,1.0,0.150592066,20,,0.120741935,0.108667742,0.850142524,5.645334091,-0.041844498,lost,-0.150592066,0.0
347,bootstrap,player_00670,occasional_player,0.218856713,0,1.5,0.32828507,0,,0.243067089,0.21876038,0.950721514,4.34403634,0.037000664,won,0.950721514,0.050037974
347,bootstrap,player_00702,occasional_player,0.147473018,0.218856713,1.251177775,0.184514963,10,,0.136617589,0.122955831,1.018536025,6.906592396,-0.004105408,lost,-0.147473018,0.0
347,bootstrap,player_00459,occasional_player,0.183120658,0.366329731,1.083512987,0.198413611,20,,0.146908353,0.132217517,0.984670767,5.377169225,-0.028718175,lost,-0.183120658,0.0
347,countdown,player_00703,occasional_player,0.177886871,0.549450389,1.0,0.177886871,20,,0.131710053,0.118539047,0.989642864,5.56332718,-0.039489008,lost,-0.177886871,0.0
347,countdown,player_00586,occasional_player,0.14102337,0.72733726,1.0,0.14102337,20,,0.104415775,0.093974198,1.02466319,7.265910539,-0.031478911,lost,-0.14102337,0.0
347,countdown,player_00704,occasional_player,0.197887234,0.86836063,1.0,0.197887234,20,,0.146518615,0.131866754,0.97064252,4.905028485,-0.043797009,lost,-0.197887234,0.0
347,countdown,player_00551,occasional_player,0.010315198,1.066247864,1.0,0.010315198,20,,0.007637524,0.006873772,1.148835954,111.373136387,-0.002347458,lost,-0.010315198,0.0
347,countdown,player_00705,occasional_player,0.112268169,1.076563062,1.0,0.112268169,20,,0.083125002,0.074812502,1.051980631,9.370248403,-0.025167804,lost,-0.112268169,0.0
348,bootstrap,player_00706,opportunistic_player,0.126310127,0,1.5,0.18946519,0,,0.092375686,0.083138117,1.646773675,13.037542706,0.021100722,won,1.646773675,0.086672299
348,bootstrap,player_00652,opportunistic_player,0.447186764,0.126310127,1.354390075,0.605665315,10,,0.295298302,0.265768472,1.34194087,3.000851049,0.028306954,lost,-0.447186764,0.0
348,countdown,player_00707,opportunistic_player,0.208562672,0.573496891,1.0,0.208562672,10,,0.101686858,0.091518172,1.568633757,7.521162547,-0.045916903,lost,-0.208562672,0.0
348,countdown,player_00288,occasional_player,0.092204456,0.782059563,1.0,0.092204456,10,,0.044955223,0.040459701,1.679174062,18.211419874,-0.020535011,lost,-0.092204456,0.0
348,countdown,player_00708,player_whale,0.85777217,0.874264019,1.0,0.85777217,10,,0.418215571,0.376394014,0.951884734,1.109717437,-0.176628144,lost,-0.85777217,0.0
348,countdown,player_00709,occasional_player,0.045917569,1.732036189,1.0,0.045917569,10,,0.022387579,0.020148821,1.723146605,37.526956296,-0.010273011,lost,-0.045917569,0.0
348,countdown,player_00034,occasional_player,0.051441401,1.777953758,1.0,0.051441401,10,,0.02508078,0.022572702,1.717898965,33.395260069,-0.011502609,lost,-0.051441401,0.0
349,bootstrap,player_00630,occasional_player,0.023725795,0,1.5,0.035588693,0,,0.035072556,0.031565301,0.861591033,36.314527399,0.004219497,lost,-0.023725795,0.0
349,bootstrap,player_00164,opportunistic_player,0.052121683,0.023725795,1.473881487,0.076821184,10,,0.07570706,0.068136354,0.834614939,16.012816374,0.008297317,won,0.834614939,0.043927102
349,bootstrap,player_00362,opportunistic_player,0.142897331,0.075847478,1.416503396,0.202414555,20,,0.199478971,0.179531074,0.748378073,5.237173208,0.0171143,lost,-0.142897331,0.0
349,bootstrap,player_00677,occasional_player,0.048074953,0.218744809,1.259195042,0.060535742,30,,0.059657803,0.053692022,0.838459332,17.440668792,-0.000475134,lost,-0.048074953,0.0
349,bootstrap,player_00698,occasional_player,0.035418167,0.266819762,1.206271788,0.042723936,40,,0.042104318,0.037893886,0.850483279,24.012628298,-0.001847918,lost,-0.035418167,0.0
349,countdown,player_00028,occasional_player,0.436678307,0.302237929,1.0,0.436678307,40,,0.430345236,0.387310713,0.469286146,1.07467245,-0.085788569,lost,-0.436678307,0.0
349,countdown,player_00710,occasional_player,0.12782814,0.738916236,1.0,0.12782814,40,,0.12597427,0.113376843,0.762693805,5.966556384,-0.026863573,lost,-0.12782814,0.0
349,countdown,player_00711,occasional_player,0.032125699,0.866744376,1.0,0.032125699,40,,0.031659785,0.028493807,0.853611124,26.57097434,-0.006887685,lost,-0.032125699,0.0
350,bootstrap,player_00712,occasional_player,0.095439078,0,1.5,0.143158617,0,,0.285174661,0.256657195,0.290348572,3.042239911,0.003576098,won,0.290348572,0.015281504
350,bootstrap,player_00713,opportunistic_player,0.091973919,0.095439078,1.391107905,0.127945646,10,,0.254870136,0.229383123,0.293640473,3.192649355,-0.003520486,lost,-0.091973919,0.0
350,bootstrap,player_00702,occasional_player,0.080055408,0.187412997,1.286169415,0.102964817,20,,0.205107855,0.184597069,0.304963059,3.809399843,-0.008982127,lost,-0.080055408,0.0
350,bootstrap,player_00615,opportunistic_player,0.10736258,0.267468405,1.1916089,0.127934206,30,,0.254847348,0.229362613,0.279021245,2.598868668,-0.018740576,lost,-0.10736258,0.0
351,bootstrap,player_00056,occasional_player,0.181469154,0,1.5,0.272203731,0,,0.168125785,0.151313206,1.286482092,7.089260428,0.040651256,lost,-0.181469154,0.0
351,bootstrap,player_00697,occasional_player,0.152988175,0.181469154,1.042773784,0.159532058,10,,0.098534478,0.08868103,1.313539022,8.58588595,-0.022935033,lost,-0.152988175,0.0
351,countdown,player_00714,occasional_player,0.041226362,0.334457329,1.0,0.041226362,10,,0.025463334,0.022917,1.419712745,34.437012528,-0.00774602,lost,-0.041226362,0.0
351,countdown,player_00002,persistent_player,0.041773993,0.375683691,1.0,0.041773993,10,,0.025801576,0.023221419,1.419192495,33.973110859,-0.007848278,lost,-0.041773993,0.0
351,countdown,player_00292,occasional_player,0.456794205,0.417457684,1.0,0.456794205,10,,0.282137515,0.253923763,1.024923294,2.243730946,-0.080550921,lost,-0.456794205,0.0
351,countdown,player_00715,occasional_player,0.050717804,0.874251889,1.0,0.050717804,10,,0.031325693,0.028193124,1.410695875,27.814608747,-0.009515987,lost,-0.050717804,0.0
351,countdown,player_00435,player_whale,0.596799938,0.924969693,1.0,0.596799938,10,,0.368611619,0.331750457,0.891917847,1.49450057,-0.102917132,won,0.891917847,0.046943045
352,bootstrap,player_00102,opportunistic_player,0.149935431,0,1.5,0.224903147,0,,0.832936455,0.749642809,0.0508398,0.339077961,0.000574277,lost,-0.149935431,0.0
352,bootstrap,player_00285,occasional_player,0.0402057,0.149935431,1.121960923,0.045109224,10,,0.167063545,0.150357191,0.155083045,3.857240259,-0.010842633,lost,-0.0402057,0.0
353,bootstrap,player_00181,occasional_player,0.182248532,0,1.5,0.273372798,0,,0.332016553,0.298814898,0.535805805,2.939973226,0.032316801,lost,-0.182248532,0.0
353,countdown,player_00502,occasional_player,0.020734613,0.182248532,1.0,0.020734613,10,,0.025182589,0.02266433,0.689244028,33.241229418,-0.004643423,lost,-0.020734613,0.0
353,countdown,player_00716,occasional_player,0.047900691,0.202983145,1.0,0.047900691,10,,0.058176316,0.052358685,0.663436254,13.850243904,-0.010656024,lost,-0.047900691,0.0
353,countdown,player_00558,occasional_player,0.481362887,0.250883836,1.0,0.481362887,10,,0.584624542,0.526162087,0.251647167,0.522780576,-0.095680787,won,0.251647167,0.013244588
354,bootstrap,player_00656,occasional_player,0.025751296,0,1.5,0.038626944,0,,0.025598903,0.023039013,1.000308485,38.84497637,-0.002111892,lost,-0.025751296,0.0
354,bootstrap,player_00368,player_whale,0.988606278,0.025751296,1.436517514,1.420150233,10,,0.941163976,0.847047578,0.085596252,0.086582752,-0.078705627,lost,-0.988606278,0.0
354,countdown,player_00717,occasional_player,0.016803457,1.014357574,1.0,0.016803457,10,,0.011136011,0.01002241,1.008808932,60.0357969,-0.006524349,lost,-0.016803457,0.0
354,countdown,player_00503,occasional_player,0.033349021,1.031161031,1.0,0.033349021,10,,0.02210111,0.019890999,0.993090646,29.778704624,-0.01293211,lost,-0.033349021,0.0
355,bootstrap,player_00684,opportunistic_player,0.318188922,0,1.5,0.477283383,0,,0.704721542,0.634249388,0.204142906,0.641577667,0.01309972,won,0.204142906,0.010744363
355,countdown,player_00422,occasional_player,0.199981827,0.318188922,1.0,0.199981827,0,,0.295278458,0.265750612,0.316439647,1.582342012,-0.062742504,lost,-0.199981827,0.0
356,bootstrap,player_00383,occasional_player,0.059036856,0,1.5,0.088555284,0,,0.091455518,0.082309966,0.774558934,13.119921804,0.009576385,lost,-0.059036856,0.0
356,bootstrap,player_00146,occasional_player,0.025924386,0.059036856,1.361276353,0.035290254,10,,0.036446029,0.032801426,0.806015781,31.091026834,0.001364438,lost,-0.025924386,0.0
356,bootstrap,player_00692,occasional_player,0.068426467,0.084961242,1.30035974,0.088979023,20,,0.091893134,0.082703821,0.765638804,11.189220157,0.000553918,lost,-0.068426467,0.0
356,bootstrap,player_00688,occasional_player,0.353824169,0.153387709,1.139572569,0.403208317,30,,0.416413608,0.374772247,0.494510987,1.397617886,-0.035891696,lost,-0.353824169,0.0
356,countdown,player_00397,opportunistic_player,0.352255163,0.507211878,1.0,0.352255163,30,,0.363791711,0.32741254,0.496001543,1.408074585,-0.074525281,won,0.496001543,0.026105344
357,bootstrap,player_00718,occasional_player,0.05575679,0,1.5,0.083635185,0,,0.057214172,0.051492755,1.135012706,20.356493005,0.005559212,won,1.135012706,0.059737511
357,bootstrap,player_00130,occasional_player,0.537530183,0.05575679,1.368892013,0.735820774,10,,0.503369201,0.453032281,0.677327982,1.260074325,0.012839783,lost,-0.537530183,0.0
357,countdown,player_00719,occasional_player,0.642335451,0.593286973,1.0,0.642335451,10,,0.439416627,0.395474964,0.577762978,0.89947235,-0.159817068,lost,-0.642335451,0.0
358,bootstrap,player_00535,occasional_player,0.05440647,0,1.5,0.081609705,0,,0.11827209,0.106444881,0.537875483,9.886241164,0.008638912,lost,-0.05440647,0.0
358,bootstrap,player_00464,opportunistic_player,0.153494029,0.05440647,1.371977575,0.210590366,10,,0.305196087,0.274676479,0.443742302,2.890941785,0.010552743,won,0.443742302,0.023354858
358,countdown,player_00720,occasional_player,0.041433652,0.207900499,1.0,0.041433652,10,,0.060047327,0.054042594,0.55019966,13.279052988,-0.009460253,lost,-0.041433652,0.0
358,countdown,player_00261,occasional_player,0.111042498,0.249334151,1.0,0.111042498,10,,0.160927285,0.144834557,0.484071257,4.359333277,-0.024849461,lost,-0.111042498,0.0
358,countdown,player_00721,occasional_player,0.245340377,0.360376649,1.0,0.245340377,10,,0.355557211,0.32000149,0.356488272,1.453035477,-0.052754313,lost,-0.245340377,0.0
359,bootstrap,player_00519,opportunistic_player,0.348020712,0,1.5,0.522031068,0,,0.735799317,0.662219385,0.192130469,0.552066191,0.009677871,lost,-0.348020712,0.0
359,countdown,player_00645,occasional_player,0.033753483,0.348020712,1.0,0.033753483,0,,0.04757531,0.042817779,0.490684337,14.537294907,-0.01129822,lost,-0.033753483,0.0
359,countdown,player_00722,occasional_player,0.153690242,0.381774195,1.0,0.153690242,0,,0.216625373,0.194962836,0.376744415,2.451322937,-0.050275197,lost,-0.153690242,0.0
360,bootstrap,player_00672,occasional_player,0.059070511,0,1.5,0.088605767,0,,0.143776675,0.129399008,0.476898799,8.07338198,0.010283386,lost,-0.059070511,0.0
360,bootstrap,player_00148,occasional_player,0.105434483,0.059070511,1.360320323,0.14342467,10,,0.232728895,0.209456005,0.432853026,4.105421806,0.007313068,lost,-0.105434483,0.0
360,bootstrap,player_00440,occasional_player,0.022344393,0.164504994,1.111007183,0.024824781,20,,0.040282079,0.036253871,0.511788611,22.904565416,-0.002980004,lost,-0.022344393,0.0
360,countdown,player_00686,occasional_player,0.152577178,0.186849387,1.0,0.152577178,20,,0.247580266,0.22282224,0.388067465,2.543417505,-0.032109528,won,0.388067465,0.020424603
360,countdown,player_00723,occasional_player,0.063634821,0.339426565,1.0,0.063634821,20,,0.103257421,0.092931679,0.472562705,7.426165378,-0.013805085,lost,-0.063634821,0.0
360,countdown,player_00460,occasional_player,0.143206367,0.403061386,1.0,0.143206367,20,,0.232374664,0.209137198,0.396969736,2.772011777,-0.030235451,lost,-0.143206367,0.0
361,bootstrap,player_00724,opportunistic_player,0.086437887,0,1.5,0.129656831,0,,0.047792156,0.043012941,2.112300789,24.437209913,0.008136329,lost,-0.086437887,0.0
361,bootstrap,player_00132,player_whale,1.267807782,0.086437887,1.295463533,1.642398748,10,,0.605396392,0.544856753,0.989999389,0.78087499,-0.037626298,won,0.989999389,0.052105231
361,countdown,player_00725,occasional_player,0.092824876,1.354245669,1.0,0.092824876,10,,0.034215714,0.030794142,2.10623315,22.690395509,-0.025106771,lost,-0.092824876,0.0
361,countdown,player_00726,occasional_player,0.510581212,1.447070545,1.0,0.510581212,10,,0.188202788,0.169382509,1.70936463,3.347880004,-0.134561215,lost,-0.510581212,0.0
361,countdown,player_00727,occasional_player,0.235150225,1.957651757,1.0,0.235150225,10,,0.086677549,0.078009794,1.971024068,8.381978235,-0.063047023,lost,-0.235150225,0.0
361,countdown,player_00498,occasional_player,0.102319287,2.192801982,1.0,0.102319287,10,,0.037715401,0.033943861,2.097213459,20.496755993,-0.027658654,lost,-0.102319287,0.0
362,bootstrap,player_00274,opportunistic_player,0.111650722,0,1.5,0.167476083,0,,0.386664952,0.347998456,0.246225142,2.205316164,0.012889526,won,0.246225142,0.012959218
362,bootstrap,player_00541,occasional_player,0.074129422,0.111650722,1.235617773,0.091595631,10,,0.211473899,0.190326509,0.281870377,3.802408941,-0.006373223,lost,-0.074129422,0.0
362,bootstrap,player_00095,occasional_player,0.062976258,0.185780144,1.060083739,0.066760107,20,,0.154134209,0.138720788,0.292465883,4.644065749,-0.013669044,lost,-0.062976258,0.0
362,countdown,player_00728,occasional_player,0.080077401,0.248756402,1.0,0.080077401,20,,0.184880873,0.166392785,0.276219797,3.449410115,-0.020792118,lost,-0.080077401,0.0
362,countdown,player_00714,occasional_player,0.0272205,0.328833803,1.0,0.0272205,20,,0.062846068,0.056561461,0.326433853,11.992206348,-0.007217293,lost,-0.0272205,0.0
363,bootstrap,player_00219,opportunistic_player,0.071468706,0,1.5,0.107203059,0,,0.391941756,0.35274758,0.142079502,1.98799601,0.003859908,won,0.142079502,0.007477869
363,bootstrap,player_00667,opportunistic_player,0.047462593,0.071468706,1.330647835,0.063155997,10,,0.230902668,0.207812401,0.16488531,3.474005512,-0.003334065,lost,-0.047462593,0.0
363,bootstrap,player_00492,opportunistic_player,0.023763737,0.118931299,1.218180529,0.028948522,20,,0.105837787,0.095254009,0.187399223,7.885932372,-0.003649619,lost,-0.023763737,0.0
363,bootstrap,player_00675,occasional_player,0.063871391,0.142695036,1.161870005,0.074210253,30,,0.271317788,0.24418601,0.149296952,2.337462035,-0.011818664,lost,-0.063871391,0.0
364,bootstrap,player_00427,occasional_player,0.056141328,0,1.5,0.084211992,0,,0.040427816,0.036385034,1.866839878,33.25250656,0.013826409,lost,-0.056141328,0.0
364,bootstrap,player_00482,occasional_player,0.132219046,0.056141328,1.36540205,0.180532156,10,,0.086668425,0.078001583,1.794566046,13.572674284,0.018073241,lost,-0.132219046,0.0
364,countdown,player_00054,occasional_player,0.512095855,0.188360374,1.0,0.512095855,10,,0.245842858,0.221258573,1.433683077,2.79963812,-0.081575586,lost,-0.512095855,0.0
364,countdown,player_00293,occasional_player,0.315281483,0.700456229,1.0,0.315281483,10,,0.151357798,0.136222018,1.62065673,5.140348602,-0.051564072,lost,-0.315281483,0.0
364,countdown,player_00729,player_whale,0.560976936,1.015737712,1.0,0.560976936,10,,0.269309295,0.242378365,1.38724605,2.472911025,-0.088769834,lost,-0.560976936,0.0
364,countdown,player_00530,opportunistic_player,0.396407187,1.576714648,1.0,0.396407187,10,,0.190303973,0.171273576,1.543587312,3.893943809,-0.064137392,won,1.543587312,0.081241437
364,countdown,player_00692,occasional_player,0.033515465,1.973121835,1.0,0.033515465,10,,0.016089835,0.014480851,1.888334447,56.342182556,-0.005685442,lost,-0.033515465,0.0
365,bootstrap,player_00149,occasional_player,0.032992895,0,1.5,0.049489343,0,,0.079489616,0.071540654,0.515268488,15.617559126,0.006230083,won,0.515268488,0.027119394
365,bootstrap,player_00656,occasional_player,0.041232332,0.032992895,1.424376003,0.058730344,10,,0.094332481,0.084899233,0.507441023,12.306871783,0.005349615,lost,-0.041232332,0.0
365,bootstrap,player_00730,opportunistic_player,0.080957358,0.074225227,1.329866147,0.10766245,20,,0.172927064,0.155634358,0.469702249,5.801847542,0.004744196,lost,-0.080957358,0.0
365,bootstrap,player_00042,occasional_player,0.012322075,0.155182585,1.144301376,0.014100167,30,,0.022647641,0.020382877,0.534905767,43.41036452,-0.001167997,lost,-0.012322075,0.0
365,countdown,player_00731,occasional_player,0.305163398,0.16750466,1.0,0.305163398,30,,0.490152421,0.441137179,0.256706511,0.841210028,-0.057301691,lost,-0.305163398,0.0
365,countdown,player_00732,opportunistic_player,0.087443078,0.472668058,1.0,0.087443078,30,,0.140450777,0.126405699,0.463540815,5.301057844,-0.017795574,lost,-0.087443078,0.0
366,bootstrap,player_00733,occasional_player,0.163380218,0,1.5,0.245070327,0,,0.110035975,0.099032377,1.887595465,11.55339054,0.039732779,lost,-0.163380218,0.0
366,bootstrap,player_00026,opportunistic_player,0.083271807,0.163380218,1.125249012,0.093701519,10,,0.042071752,0.037864577,1.963698455,23.58179228,-0.005764145,lost,-0.083271807,0.0
366,countdown,player_00198,player_whale,0.53754298,0.246652025,1.0,0.53754298,10,,0.241355477,0.217219929,1.532140841,2.850266673,-0.087966406,lost,-0.53754298,0.0
366,countdown,player_00734,occasional_player,0.714623195,0.784195005,1.0,0.714623195,10,,0.320864059,0.288777653,1.363914637,1.90857874,-0.114387919,won,1.363914637,0.071784981
366,countdown,player_00436,occasional_player,0.63624566,1.4988182,1.0,0.63624566,10,,0.285672738,0.257105464,1.438373295,2.26072001,-0.102849791,lost,-0.63624566,0.0
367,bootstrap,player_00614,occasional_player,0.060893923,0,1.5,0.091340884,0,,0.058093867,0.052284481,1.116433181,18.334065633,0.000662013,lost,-0.060893923,0.0
367,bootstrap,player_00001,persistent_player,0.015875322,0.060893923,1.356103346,0.021528577,10,,0.013692426,0.012323183,1.159200852,73.019045026,-0.001394643,lost,-0.015875322,0.0
367,bootstrap,player_00582,player_whale,0.988491931,0.076769245,1.318588836,1.303414425,20,,0.828986772,0.746088095,0.235215073,0.237953458,-0.075498704,won,0.235215073,0.012379741
367,countdown,player_00735,opportunistic_player,0.034917214,1.065261176,1.0,0.034917214,20,,0.022207755,0.01998698,1.141111055,32.680472575,-0.011411961,lost,-0.034917214,0.0
367,countdown,player_00501,occasional_player,0.121097119,1.10017839,1.0,0.121097119,20,,0.07701918,0.069317262,1.059240145,8.747030099,-0.039279372,lost,-0.121097119,0.0
368,bootstrap,player_00289,opportunistic_player,0.073632508,0,1.5,0.110448762,0,,0.14944379,0.134499411,0.552268536,7.500335808,0.010550814,lost,-0.073632508,0.0
368,bootstrap,player_00119,occasional_player,0.014163803,0.073632508,1.325879283,0.018779493,10,,0.025409779,0.022868801,0.608763806,42.980250864,8.1804e-05,lost,-0.014163803,0.0
368,bootstrap,player_00736,occasional_player,0.198905357,0.087796311,1.287050461,0.256001231,20,,0.346384998,0.311746498,0.43325933,2.178218507,-0.00183023,lost,-0.198905357,0.0
368,countdown,player_00737,occasional_player,0.353836099,0.286701668,1.0,0.353836099,20,,0.478761434,0.43088529,0.286075125,0.808496153,-0.078107766,won,0.286075125,0.015056586
369,bootstrap,player_00458,occasional_player,0.02134176,0,1.5,0.03201264,0,,0.015134466,0.013621019,1.867846447,87.5207315,0.004390909,lost,-0.02134176,0.0
369,bootstrap,player_00376,opportunistic_player,0.293323747,0.02134176,1.448199401,0.424791275,10,,0.200826582,0.180743924,1.609463559,5.486986906,0.050593497,won,1.609463559,0.084708608
369,countdown,player_00014,player_whale,0.773398599,0.314665507,1.0,0.773398599,10,,0.365636035,0.329072431,1.15339245,1.491329893,-0.139344784,lost,-0.773398599,0.0
369,countdown,player_00738,occasional_player,0.143534153,1.088064106,1.0,0.143534153,10,,0.06785797,0.061072173,1.751763673,12.204507685,-0.027784197,lost,-0.143534153,0.0
369,countdown,player_00739,player_whale,0.741477714,1.231598259,1.0,0.741477714,10,,0.350544947,0.315490453,1.18371729,1.596430032,-0.134097071,lost,-0.741477714,0.0
370,bootstrap,player_00258,opportunistic_player,0.064505888,0,1.5,0.096758832,0,,0.210364844,0.18932836,0.318729837,4.941096802,0.008051503,lost,-0.064505888,0.0
370,bootstrap,player_00318,occasional_player,0.118457083,0.064505888,1.343322,0.159126006,10,,0.345958264,0.311362437,0.267476202,2.258000914,0.001708045,won,0.267476202,0.014077695
370,bootstrap,player_00040,occasional_player,0.025794562,0.182962971,1.055602236,0.027228797,20,,0.059198541,0.053278687,0.355505597,13.782191633,-0.00547939,lost,-0.025794562,0.0
370,countdown,player_00374,occasional_player,0.176843599,0.208757533,1.0,0.176843599,20,,0.384478351,0.346030516,0.212009011,1.198850355,-0.042288729,lost,-0.176843599,0.0
371,bootstrap,player_00238,occasional_player,1.042120481,0,1.5,1.563180721,0,,0.737824907,0.664042417,0.541360112,0.51947939,0.009377799,won,0.541360112,0.028492637
371,countdown,player_00740,occasional_player,0.409908964,1.042120481,1.0,0.409908964,0,,0.193477977,0.174130179,1.141961053,2.785889438,-0.13968156,lost,-0.409908964,0.0
371,countdown,player_00703,occasional_player,0.078685479,1.452029445,1.0,0.078685479,0,,0.037139728,0.033425755,1.456623364,18.511971745,-0.027366622,lost,-0.078685479,0.0
371,countdown,player_00013,occasional_player,0.033050524,1.530714924,1.0,0.033050524,0,,0.015599924,0.014039931,1.499976571,45.384350676,-0.011526929,lost,-0.033050524,0.0
371,countdown,player_00525,occasional_player,0.033808022,1.563765448,1.0,0.033808022,0,,0.015957464,0.014361718,1.499256948,44.346189438,-0.011790575,lost,-0.033808022,0.0
372,bootstrap,player_00603,occasional_player,0.039226072,0,1.5,0.058839108,0,,0.069055305,0.062149775,0.690860152,17.612269504,0.006148622,lost,-0.039226072,0.0
372,bootstrap,player_00665,opportunistic_player,0.19913384,0.039226072,1.401213781,0.279029081,10,,0.327476726,0.294729053,0.538947772,2.706459997,0.018400255,won,0.538947772,0.028365672
372,countdown,player_00741,player_whale,0.355226698,0.238359912,1.0,0.355226698,10,,0.416904487,0.375214038,0.390659557,1.099747173,-0.075359704,lost,-0.355226698,0.0
372,countdown,player_00305,occasional_player,0.114366789,0.59358661,1.0,0.114366789,10,,0.134224223,0.120801801,0.61947647,5.416576577,-0.025717202,lost,-0.114366789,0.0
372,countdown,player_00742,occasional_player,0.044596071,0.707953399,1.0,0.044596071,10,,0.052339259,0.047105333,0.685758653,15.377109176,-0.010192469,lost,-0.044596071,0.0
373,bootstrap,player_00274,opportunistic_player,0.299825968,0,1.5,0.449738952,0,,0.783987091,0.705588382,0.131130053,0.437353889,0.004251594,lost,-0.299825968,0.0
373,countdown,player_00743,occasional_player,0.123917116,0.299825968,1.0,0.123917116,0,,0.216012909,0.194411618,0.298243462,2.406797963,-0.041844195,won,0.298243462,0.015697024
374,bootstrap,player_00744,occasional_player,0.146968533,0,1.5,0.2204528,0,,0.099715886,0.089744298,1.846578927,12.564450967,0.031940983,lost,-0.146968533,0.0
374,bootstrap,player_00668,occasional_player,0.020552613,0.146968533,1.118828029,0.022994839,10,,0.010401096,0.009360986,1.966674051,95.689733008,-0.001950211,lost,-0.020552613,0.0
374,bootstrap,player_00467,player_whale,0.879711899,0.167521146,1.065523557,0.937353752,20,,0.423986722,0.38158805,1.150472729,1.307783526,-0.105017706,won,1.150472729,0.060551196
374,countdown,player_00745,occasional_player,0.965011673,1.047233045,1.0,0.965011673,20,,0.436497038,0.392847334,1.069437944,1.108212443,-0.165783565,lost,-0.965011673,0.0
374,countdown,player_00640,occasional_player,0.064996151,2.012244718,1.0,0.064996151,20,,0.029399258,0.026459332,1.924452689,29.608717745,-0.012356663,lost,-0.064996151,0.0
375,bootstrap,player_00420,occasional_player,0.049368713,0,1.5,0.074053069,0,,0.036907306,0.033216575,1.670666347,33.840589415,0.007764961,lost,-0.049368713,0.0
375,bootstrap,player_00530,opportunistic_player,0.501858722,0.049368713,1.373568223,0.689337193,10,,0.343558731,0.309202858,1.240800838,2.472410628,0.036976594,lost,-0.501858722,0.0
375,countdown,player_00490,opportunistic_player,0.106995863,0.551227435,1.0,0.106995863,10,,0.053325663,0.047993097,1.615920554,15.102645175,-0.024307769,lost,-0.106995863,0.0
375,countdown,player_00746,occasional_player,0.117958407,0.658223298,1.0,0.117958407,10,,0.058789285,0.052910356,1.605506137,13.610781784,-0.026769284,lost,-0.117958407,0.0
375,countdown,player_00747,occasional_player,0.204365425,0.776181705,1.0,0.204365425,10,,0.101853674,0.091668307,1.52341947,7.45438946,-0.045982309,lost,-0.204365425,0.0
375,countdown,player_00748,opportunistic_player,0.481080377,0.98054713,1.0,0.481080377,10,,0.239765626,0.215789064,1.260540266,2.620227983,-0.105257689,won,1.260540266,0.066344225
375,countdown,player_00415,opportunistic_player,0.332670662,1.461627507,1.0,0.332670662,10,,0.165799715,0.149219744,1.401529495,4.212963916,-0.073893759,lost,-0.332670662,0.0
376,bootstrap,player_00420,occasional_player,0.053342388,0,1.5,0.080013582,0,,0.110964333,0.0998679,0.594836545,11.151292015,0.011389881,lost,-0.053342388,0.0
376,bootstrap,player_00502,occasional_player,0.024798608,0.053342388,1.365556478,0.0338639,10,,0.04696309,0.042266781,0.621953136,25.080163225,0.002537507,lost,-0.024798608,0.0
376,bootstrap,player_00749,occasional_player,0.034349471,0.078140996,1.30305436,0.044759228,20,,0.062072935,0.055865642,0.612879817,17.842481957,0.001808408,lost,-0.034349471,0.0
376,bootstrap,player_00570,occasional_player,0.043094752,0.112490467,1.216480361,0.052423919,30,,0.072702472,0.065432225,0.6045718,14.028896131,-0.000716489,lost,-0.043094752,0.0
376,countdown,player_00750,occasional_player,0.058132188,0.155585219,1.0,0.058132188,30,,0.080618806,0.072556926,0.590286235,10.154206399,-0.011084941,lost,-0.058132188,0.0
376,countdown,player_00417,occasional_player,0.084941722,0.213717407,1.0,0.084941722,30,,0.11779877,0.106018893,0.564817178,6.649467008,-0.016055003,lost,-0.084941722,0.0
376,countdown,player_00411,occasional_player,0.156247136,0.298659129,1.0,0.156247136,30,,0.216686452,0.195017807,0.497077035,3.181351336,-0.028837289,won,0.497077035,0.026161949
376,countdown,player_00751,occasional_player,0.1579642,0.454906265,1.0,0.1579642,30,,0.219067709,0.197160938,0.495445824,3.136443726,-0.029137267,lost,-0.1579642,0.0
376,countdown,player_00752,occasional_player,0.052728905,0.612870465,1.0,0.052728905,30,,0.073125432,0.065812889,0.595419354,11.292086461,-0.010072396,lost,-0.052728905,0.0
377,bootstrap,player_00444,occasional_player,0.024302893,0,1.5,0.03645434,0,,0.015926584,0.014333925,1.537689642,63.271876395,-0.001913408,lost,-0.024302893,0.0
377,bootstrap,player_00359,occasional_player,0.013750947,0.024302893,1.438189129,0.019776462,10,,0.008640164,0.007776148,1.547713991,112.553265651,-0.001608765,lost,-0.013750947,0.0
377,bootstrap,player_00194,player_whale,1.591108375,0.03805384,1.403215597,2.232668089,20,,0.975433252,0.877889927,0.049224434,0.030937198,-0.151076725,won,0.049224434,0.00259076
378,bootstrap,player_00579,occasional_player,0.067556369,0,1.5,0.101334554,0,,0.053344606,0.048010146,1.400172071,20.725981748,0.002909487,lost,-0.067556369,0.0
378,bootstrap,player_00658,player_whale,1.03936593,0.067556369,1.325144297,1.377309835,10,,0.725044398,0.652539958,0.476952988,0.458888419,-0.049907247,won,0.476952988,0.025102789
378,countdown,player_00504,opportunistic_player,0.325761826,1.106922299,1.0,0.325761826,10,,0.171487766,0.15433899,1.154876887,3.545157212,-0.097241543,lost,-0.325761826,0.0
378,countdown,player_00689,opportunistic_player,0.095215158,1.432684125,1.0,0.095215158,10,,0.050123229,0.045110907,1.373896221,14.429385512,-0.028942212,lost,-0.095215158,0.0
379,bootstrap,player_00697,occasional_player,0.255123935,0,1.5,0.382685903,0,,0.159266075,0.143339467,1.931953926,7.572609467,0.05837064,lost,-0.255123935,0.0
379,countdown,player_00471,occasional_player,0.134758553,0.255123935,1.0,0.134758553,0,,0.056083764,0.050475387,2.046301038,15.184943685,-0.024668725,lost,-0.134758553,0.0
379,countdown,player_00192,player_whale,1.832154252,0.389882488,1.0,1.832154252,0,,0.762505265,0.686254739,0.433775124,0.23675688,-0.27714948,won,0.433775124,0.02283027
379,countdown,player_00574,opportunistic_player,0.053209948,2.22203674,1.0,0.053209948,0,,0.022144896,0.019930406,2.123772213,39.913066879,-0.009821809,lost,-0.053209948,0.0
380,bootstrap,player_00013,occasional_player,0.039189042,0,1.5,0.058783563,0,,0.073069716,0.065762744,0.65959118,16.83101056,0.006764663,lost,-0.039189042,0.0
380,bootstrap,player_00609,occasional_player,0.162889906,0.039189042,1.398425107,0.227789334,10,,0.283148911,0.25483402,0.542075359,3.327863416,0.016759226,won,0.542075359,0.028530282
380,countdown,player_00076,occasional_player,0.207180546,0.202078948,1.0,0.207180546,10,,0.257531575,0.231778418,0.499999251,2.413350387,-0.043271532,lost,-0.207180546,0.0
380,countdown,player_00753,occasional_player,0.199398951,0.409259494,1.0,0.199398951,10,,0.247858821,0.223072939,0.507391766,2.544605995,-0.041733068,lost,-0.199398951,0.0
380,countdown,player_00754,occasional_player,0.111333603,0.608658445,1.0,0.111333603,10,,0.138390977,0.124551879,0.591053847,5.308854029,-0.023849926,lost,-0.111333603,0.0
381,bootstrap,player_00342,occasional_player,0.091406156,0,1.5,0.137109234,0,,0.352342565,0.317108309,0.228518999,2.500039479,0.010044769,lost,-0.091406156,0.0
381,bootstrap,player_00755,occasional_player,0.044807677,0.091406156,1.282879016,0.057482829,10,,0.147719062,0.132947156,0.272787554,6.087964651,-0.002584294,lost,-0.044807677,0.0
381,bootstrap,player_00563,occasional_player,0.024032242,0.136213833,1.176445408,0.028272621,20,,0.072654828,0.065389345,0.292524217,12.172156759,-0.003332822,lost,-0.024032242,0.0
381,bootstrap,player_00676,occasional_player,0.077913466,0.160246075,1.119360587,0.087213263,30,,0.22412017,0.201708153,0.241337054,3.097501196,-0.013518033,lost,-0.077913466,0.0
381,countdown,player_00485,occasional_player,0.079058216,0.238159541,1.0,0.079058216,30,,0.203163374,0.182847037,0.240249542,3.038894042,-0.020673739,won,0.240249542,0.012644713
382,bootstrap,player_00169,opportunistic_player,0.059491613,0,1.5,0.089237419,0,,0.163910954,0.147519859,0.411171587,6.911421063,0.009940556,won,0.411171587,0.02164061
382,bootstrap,player_00756,occasional_player,0.073144528,0.059491613,1.358588018,0.099373279,10,,0.182528463,0.164275617,0.398201318,5.444034281,0.004286102,lost,-0.073144528,0.0
382,bootstrap,player_00732,opportunistic_player,0.058856998,0.132636141,1.18472296,0.069729237,20,,0.128078399,0.115270559,0.411774471,6.996185422,-0.004607045,lost,-0.058856998,0.0
382,countdown,player_00757,occasional_player,0.023834056,0.191493139,1.0,0.023834056,20,,0.043778304,0.039400474,0.445046266,18.672703728,-0.005359949,lost,-0.023834056,0.0
382,countdown,player_00758,occasional_player,0.012599131,0.215327195,1.0,0.012599131,20,,0.023142036,0.020827833,0.455719445,36.170704556,-0.00284507,lost,-0.012599131,0.0
382,countdown,player_00759,occasional_player,0.191143727,0.227926326,1.0,0.191143727,20,,0.351092076,0.315982868,0.286102079,1.496790312,-0.040342229,lost,-0.191143727,0.0
382,countdown,player_00005,persistent_player,0.058509358,0.419070053,1.0,0.058509358,20,,0.107469768,0.096722791,0.412104729,7.043398586,-0.01299025,lost,-0.058509358,0.0
383,bootstrap,player_00760,occasional_player,0.529472701,0,1.5,0.794209051,0,,1.0,0.9,0.013978387,0.026400582,-0.040366721,won,0.013978387,0.000735705
384,bootstrap,player_00187,occasional_player,0.01562478,0,1.5,0.02343717,0,,0.056379781,0.050741803,0.328245633,21.008016289,0.001823825,lost,-0.01562478,0.0
384,bootstrap,player_00229,occasional_player,0.048177813,0.01562478,1.461308501,0.070402648,10,,0.169358583,0.152422724,0.297320251,6.171310669,0.004483943,lost,-0.048177813,0.0
384,bootstrap,player_00391,occasional_player,0.050303301,0.063802593,1.342006225,0.067507343,20,,0.16239372,0.146154348,0.295301038,5.870410727,0.000208276,lost,-0.050303301,0.0
384,bootstrap,player_00338,opportunistic_player,0.098638242,0.114105894,1.217440623,0.120086203,30,,0.288875912,0.259988321,0.249382844,2.528257183,-0.008156824,lost,-0.098638242,0.0
384,countdown,player_00654,occasional_player,0.13426832,0.212744136,1.0,0.13426832,30,,0.322992004,0.290692804,0.21553427,1.605250365,-0.032583224,won,0.21553427,0.011343909
385,bootstrap,player_00423,occasional_player,0.150189674,0,1.5,0.225284511,0,,0.278873293,0.250985964,0.564169589,3.756380672,0.029104474,lost,-0.150189674,0.0
385,bootstrap,player_00499,occasional_player,0.022023305,0.150189674,1.127826169,0.02483846,10,,0.030746824,0.027672141,0.685927639,31.14553602,-0.002432786,lost,-0.022023305,0.0
385,countdown,player_00761,occasional_player,0.114305698,0.172212979,1.0,0.114305698,20,,0.141495775,0.127346197,0.598259366,5.233854272,-0.023563247,lost,-0.114305698,0.0
385,countdown,player_00682,occasional_player,0.037391577,0.286518677,1.0,0.037391577,20,,0.04628597,0.041657373,0.671327781,17.953984149,-0.00786819,lost,-0.037391577,0.0
385,countdown,player_00762,opportunistic_player,0.2815902,0.323910254,1.0,0.2815902,20,,0.348572505,0.313715255,0.439339089,1.560207312,-0.055423684,won,0.439339089,0.02312311
385,countdown,player_00763,occasional_player,0.124427796,0.605500454,1.0,0.124427796,20,,0.154025632,0.138623069,0.588643373,4.730802856,-0.025579682,lost,-0.124427796,0.0
386,bootstrap,player_00457,opportunistic_player,0.244238079,0,1.5,0.366357118,0,,0.816362028,0.734725826,0.091698844,0.375448597,0.002583454,won,0.091698844,0.004826255
386,countdown,player_00572,occasional_player,0.082410837,0.244238079,1.0,0.082410837,0,,0.183637972,0.165274174,0.245434724,2.978185064,-0.028226433,lost,-0.082410837,0.0
387,bootstrap,player_00129,occasional_player,0.067768622,0,1.5,0.101652933,0,,0.021444075,0.019299667,4.13301698,60.987177524,0.013305142,lost,-0.067768622,0.0
387,bootstrap,player_00569,occasional_player,0.043840177,0.067768622,1.331832279,0.058387763,10,,0.012317122,0.011085409,4.155749003,94.793162063,0.002713989,lost,-0.043840177,0.0
387,bootstrap,player_00764,occasional_player,0.046846916,0.111608799,1.223042954,0.057295791,20,,0.012086766,0.010878089,4.152892601,88.648153513,-0.001161774,lost,-0.046846916,0.0
387,bootstrap,player_00194,player_whale,2.596483976,0.158455715,1.106792411,2.87376876,30,,0.606232497,0.545609248,1.730737394,0.666569642,-0.23551198,won,1.730737394,0.091091442
387,countdown,player_00071,occasional_player,0.019997434,2.754939691,1.0,0.019997434,30,,0.004218535,0.003796682,4.178399609,208.946788326,-0.004057457,lost,-0.019997434,0.0
387,countdown,player_00765,opportunistic_player,0.795258344,2.774937125,1.0,0.795258344,30,,0.167762785,0.150986507,3.441901745,4.328029716,-0.155504343,lost,-0.795258344,0.0
387,countdown,player_00748,opportunistic_player,0.834012961,3.570195469,1.0,0.834012961,30,,0.17593822,0.158344398,3.405084858,4.082772112,-0.162775569,lost,-0.834012961,0.0
388,bootstrap,player_00115,occasional_player,0.066761185,0,1.5,0.100141778,0,,0.168959107,0.152063197,0.42512116,6.367789308,0.008036017,lost,-0.066761185,0.0
388,bootstrap,player_00495,occasional_player,0.042880084,0.066761185,1.334216184,0.057211302,10,,0.096526851,0.086874166,0.447808206,10.443267927,-0.000251948,lost,-0.042880084,0.0
388,bootstrap,player_00722,occasional_player,0.196824861,0.109641269,1.227734791,0.24164873,20,,0.407709495,0.366938545,0.301560668,1.532126919,-0.013948,lost,-0.196824861,0.0
388,countdown,player_00766,opportunistic_player,0.193696504,0.30646613,1.0,0.193696504,20,,0.326804547,0.294124092,0.304532607,1.572215299,-0.047155319,won,0.304532607,0.016028032
389,bootstrap,player_00060,player_whale,0.366857177,0,1.5,0.550285765,0,,0.605768579,0.545191721,0.353597697,0.96385656,0.025928856,won,0.353597697,0.018610405
389,countdown,player_00767,occasional_player,0.058076273,0.366857177,1.0,0.058076273,0,,0.06393184,0.057538656,0.646939555,11.139481272,-0.01751061,lost,-0.058076273,0.0
389,countdown,player_00768,occasional_player,0.192611101,0.42493345,1.0,0.192611101,0,,0.212031203,0.190828083,0.519131469,2.695231304,-0.056790631,lost,-0.192611101,0.0
389,countdown,player_00769,occasional_player,0.107436085,0.617544551,1.0,0.107436085,0,,0.118268377,0.10644154,0.600047734,5.585160089,-0.032130418,lost,-0.107436085,0.0
390,bootstrap,player_00072,opportunistic_player,0.042140001,0,1.5,0.063210002,0,,0.116469859,0.104822873,0.411657054,9.768795553,0.00542831,lost,-0.042140001,0.0
390,bootstrap,player_00125,occasional_player,0.042030308,0.042140001,1.396043659,0.058676145,10,,0.108115838,0.097304254,0.411761263,9.796770053,0.002125542,lost,-0.042030308,0.0
390,bootstrap,player_00511,opportunistic_player,0.149556985,0.084170309,1.292357924,0.193281155,20,,0.356137132,0.320523419,0.30961092,2.070186956,-0.002382918,won,0.30961092,0.016295312
390,countdown,player_00770,occasional_player,0.181580208,0.233727294,1.0,0.181580208,20,,0.334577132,0.301119419,0.279188858,1.537551151,-0.042833695,lost,-0.181580208,0.0
390,countdown,player_00771,occasional_player,0.045968027,0.415307502,1.0,0.045968027,20,,0.084700039,0.076230035,0.40802043,8.876178864,-0.011360471,lost,-0.045968027,0.0
391,bootstrap,player_00030,occasional_player,0.348198333,0,1.5,0.5222975,0,,0.482616765,0.434355089,0.545395213,1.566334933,0.039938571,lost,-0.348198333,0.0
391,countdown,player_00417,occasional_player,0.045286823,0.348198333,1.0,0.045286823,0,,0.041846228,0.037661605,0.833161147,18.397429801,-0.012203063,lost,-0.045286823,0.0
391,countdown,player_00292,occasional_player,0.426575311,0.393485156,1.0,0.426575311,0,,0.394166919,0.354750228,0.470937083,1.103995171,-0.108182585,won,0.470937083,0.024786162
391,countdown,player_00772,occasional_player,0.088060334,0.820060467,1.0,0.088060334,0,,0.081370088,0.073233079,0.792526312,8.999810421,-0.023572262,lost,-0.088060334,0.0
392,bootstrap,player_00412,occasional_player,0.042749599,0,1.5,0.064124398,0,,0.021039774,0.018935797,2.661251508,62.252081206,0.008452816,lost,-0.042749599,0.0
392,bootstrap,player_00773,occasional_player,0.035017125,0.042749599,1.394392026,0.0488276,10,,0.016020761,0.014418685,2.668597359,76.208351164,0.003965441,lost,-0.035017125,0.0
392,bootstrap,player_00765,opportunistic_player,0.593355114,0.077766724,1.30788624,0.776040989,20,,0.254625813,0.229163232,2.138176269,3.603535587,0.032611445,lost,-0.593355114,0.0
392,countdown,player_00400,occasional_player,0.011576461,0.671121838,1.0,0.011576461,20,,0.003798338,0.003418504,2.69086599,232.442884708,-0.002338151,lost,-0.011576461,0.0
392,countdown,player_00774,occasional_player,0.779885144,0.682698299,1.0,0.779885144,20,,0.255887114,0.230298402,1.960972741,2.51443787,-0.148669952,lost,-0.779885144,0.0
392,countdown,player_00775,occasional_player,0.752735836,1.462583443,1.0,0.752735836,20,,0.246979189,0.22228127,1.986764583,2.639391521,-0.143796203,won,1.986764583,0.104566557
392,countdown,player_00776,player_whale,0.515123068,2.215319279,1.0,0.515123068,20,,0.169016369,0.152114732,2.212496713,4.295083739,-0.100211916,lost,-0.515123068,0.0
392,countdown,player_00777,occasional_player,0.099456798,2.730442347,1.0,0.099456798,20,,0.032632642,0.029369378,2.607379669,26.216203637,-0.019958694,lost,-0.099456798,0.0
393,bootstrap,player_00473,opportunistic_player,0.107657303,0,1.5,0.161485955,0,,0.416566533,0.374909879,0.212547251,1.974294779,0.012390548,lost,-0.107657303,0.0
393,bootstrap,player_00226,occasional_player,0.07422022,0.107657303,1.204912933,0.089428903,10,,0.230689338,0.207620404,0.24431248,3.291724008,-0.008086332,won,0.24431248,0.012858552
393,countdown,player_00237,occasional_player,0.058068587,0.181877523,1.0,0.058068587,10,,0.149792779,0.134813501,0.259656531,4.471548988,-0.015234951,lost,-0.058068587,0.0
393,countdown,player_00344,occasional_player,0.07867601,0.23994611,1.0,0.07867601,10,,0.202951351,0.182656216,0.24007948,3.051495361,-0.020453339,lost,-0.07867601,0.0
394,bootstrap,player_00388,occasional_player,0.139293343,0,1.5,0.208940014,0,,0.462642076,0.416377868,0.239009795,1.715873783,0.018223711,won,0.239009795,0.012579463
394,bootstrap,player_00095,occasional_player,0.023311129,0.139293343,1.11793157,0.026060247,10,,0.057703484,0.051933136,0.349192899,14.979664805,-0.003965827,lost,-0.023311129,0.0
394,bootstrap,player_00568,occasional_player,0.020471068,0.162604472,1.053991354,0.021576329,20,,0.047775041,0.042997536,0.351890957,17.189672596,-0.004460418,lost,-0.020471068,0.0
394,countdown,player_00778,occasional_player,0.049194171,0.18307554,1.0,0.049194171,20,,0.108927404,0.098034664,0.324604009,6.598424207,-0.012548992,lost,-0.049194171,0.0
394,countdown,player_00779,occasional_player,0.145852697,0.232269711,1.0,0.145852697,20,,0.322951996,0.290656796,0.232778409,1.595982891,-0.035800993,lost,-0.145852697,0.0
395,bootstrap,player_00548,opportunistic_player,0.192215387,0,1.5,0.28832308,0,,0.546245274,0.491620746,0.239642554,1.246739701,0.020094936,won,0.239642554,0.012612766
395,countdown,player_00353,opportunistic_player,0.064684575,0.192215387,1.0,0.064684575,0,,0.122548786,0.110293907,0.360796826,5.57778768,-0.017756569,lost,-0.064684575,0.0
395,countdown,player_00780,occasional_player,0.174819484,0.256899962,1.0,0.174819484,0,,0.331205941,0.298085346,0.256168662,1.465332445,-0.046348233,lost,-0.174819484,0.0
396,bootstrap,player_00781,occasional_player,0.055049477,0,1.5,0.082574215,0,,0.340844497,0.306760048,0.127353283,2.313433108,0.000904402,lost,-0.055049477,0.0
396,bootstrap,player_00110,occasional_player,0.018020475,0.055049477,1.38123893,0.024890582,10,,0.102741733,0.092467559,0.162530835,9.019231435,-0.001325336,lost,-0.018020475,0.0
396,bootstrap,player_00653,opportunistic_player,0.077665324,0.073069952,1.342362432,0.104255013,20,,0.430337091,0.387303382,0.105868228,1.363133797,-0.006582159,won,0.105868228,0.005572012
396,bootstrap,player_00714,occasional_player,0.025998896,0.150735276,1.174811031,0.03054379,30,,0.126076678,0.113469011,0.154951335,5.959919784,-0.005466652,lost,-0.025998896,0.0
397,bootstrap,player_00155,occasional_player,0.253587639,0,1.5,0.380381458,0,,1.0,0.9,0.01540419,0.060745034,-0.011494993,won,0.01540419,0.000810747
398,bootstrap,player_00638,occasional_player,0.080216965,0,1.5,0.120325448,0,,0.102248684,0.092023815,0.991512037,12.360378339,0.018407627,lost,-0.080216965,0.0
398,bootstrap,player_00146,occasional_player,0.043943705,0.080216965,1.325244885,0.05823617,10,,0.049487218,0.044538497,1.025971634,23.347408545,0.003708716,lost,-0.043943705,0.0
398,bootstrap,player_00522,occasional_player,0.030221872,0.12416067,1.229512177,0.03715816,20,,0.031575806,0.028418225,1.039007375,34.37931889,0.000163725,lost,-0.030221872,0.0
398,bootstrap,player_00455,occasional_player,0.046476477,0.154382542,1.163672903,0.054083417,30,,0.045958343,0.041362509,1.0235655,22.023302244,-0.002216857,lost,-0.046476477,0.0
398,countdown,player_00561,occasional_player,0.150226186,0.200859019,1.0,0.150226186,30,,0.127657366,0.11489163,0.925003277,6.157403721,-0.026691321,lost,-0.150226186,0.0
398,countdown,player_00782,occasional_player,0.176557377,0.351085205,1.0,0.176557377,30,,0.150032763,0.135029486,0.899988645,5.097428725,-0.03119192,lost,-0.176557377,0.0
398,countdown,player_00612,occasional_player,0.261001706,0.527642582,1.0,0.261001706,30,,0.221790829,0.199611746,0.819766533,3.140847411,-0.045267671,won,0.819766533,0.043145607
398,countdown,player_00719,occasional_player,0.282857078,0.788644288,1.0,0.282857078,30,,0.240362819,0.216326537,0.799003929,2.824762014,-0.048821833,lost,-0.282857078,0.0
398,countdown,player_00677,occasional_player,0.036346605,1.071501366,1.0,0.036346605,30,,0.030886172,0.027797555,1.033188879,28.426007838,-0.006616134,lost,-0.036346605,0.0
399,bootstrap,player_00308,occasional_player,0.036116731,0,1.5,0.054175096,0,,0.018187832,0.016369049,2.530597754,70.067187256,0.005897943,lost,-0.036116731,0.0
399,bootstrap,player_00625,occasional_player,0.13978133,0.036116731,1.42126348,0.198666099,10,,0.066696801,0.060027121,2.432116385,17.39943657,0.014602285,lost,-0.13978133,0.0
399,bootstrap,player_00783,player_whale,1.869462955,0.175898061,1.116532259,2.087315696,20,,0.700760122,0.63068411,0.788918841,0.422002928,-0.192863797,won,0.788918841,0.041522044
399,countdown,player_00784,occasional_player,0.033163829,2.045361016,1.0,0.033163829,20,,0.011133864,0.010020478,2.533403011,76.390546187,-0.007445604,lost,-0.033163829,0.0
399,countdown,player_00770,occasional_player,0.161997136,2.078524845,1.0,0.161997136,20,,0.054386183,0.048947564,2.411011369,14.883049348,-0.036054636,lost,-0.161997136,0.0
399,countdown,player_00445,occasional_player,0.029542023,2.240521981,1.0,0.029542023,20,,0.00991794,0.008926146,2.536843727,85.87237667,-0.006634089,lost,-0.029542023,0.0
399,countdown,player_00785,occasional_player,0.025869161,2.270064004,1.0,0.025869161,20,,0.008684875,0.007816388,2.540332946,98.199278498,-0.00581073,lost,-0.025869161,0.0
399,countdown,player_00358,opportunistic_player,0.387916047,2.295933165,1.0,0.387916047,20,,0.130232383,0.117209144,2.196388404,5.662019968,-0.085011933,lost,-0.387916047,0.0
400,bootstrap,player_00243,occasional_player,0.143860473,0,1.5,0.215790709,0,,0.102625317,0.092362786,1.762951616,12.254593488,0.032258003,lost,-0.143860473,0.0
400,bootstrap,player_00588,opportunistic_player,0.260585615,0.143860473,1.180021302,0.307496577,10,,0.146238612,0.131614751,1.652062731,6.339807862,-0.008852879,lost,-0.260585615,0.0
400,countdown,player_00786,occasional_player,0.040232855,0.404446088,1.0,0.040232855,10,,0.019133861,0.017220475,1.861397853,46.265616813,-0.007485871,lost,-0.040232855,0.0
400,countdown,player_00787,occasional_player,0.39113999,0.444678943,1.0,0.39113999,10,,0.18601758,0.167415822,1.528036074,3.90662196,-0.069839551,won,1.528036074,0.080422951
400,countdown,player_00788,occasional_player,0.214702422,0.835818933,1.0,0.214702422,10,,0.102107752,0.091896977,1.695651764,7.897683446,-0.039146648,lost,-0.214702422,0.0
400,countdown,player_00427,occasional_player,0.102971782,1.050521355,1.0,0.102971782,10,,0.048971116,0.044074004,1.801795872,17.497957567,-0.019021044,lost,-0.102971782,0.0
400,countdown,player_00789,opportunistic_player,0.830370092,1.153493137,1.0,0.830370092,10,,0.394905761,0.355415185,1.110767478,1.337677607,-0.140460324,lost,-0.830370092,0.0
401,bootstrap,player_00454,occasional_player,0.092539176,0,1.5,0.138808764,0,,0.165847945,0.149263151,0.631788422,6.827253599,0.015576243,lost,-0.092539176,0.0
401,bootstrap,player_00270,player_whale,0.043726497,0.092539176,1.292214474,0.056504012,10,,0.067510682,0.060759614,0.678160467,15.509142374,0.000135076,lost,-0.043726497,0.0
401,bootstrap,player_00790,occasional_player,0.185149296,0.136265673,1.194031914,0.221074168,20,,0.264138196,0.237724376,0.543808808,2.937136787,-0.011858185,lost,-0.185149296,0.0
401,countdown,player_00791,occasional_player,0.341188525,0.321414969,1.0,0.341188525,20,,0.407650167,0.36688515,0.395571541,1.159392863,-0.070882198,won,0.395571541,0.020819555
401,countdown,player_00792,occasional_player,0.079388558,0.662603494,1.0,0.079388558,20,,0.094853011,0.08536771,0.64428151,8.115546192,-0.017610502,lost,-0.079388558,0.0
402,bootstrap,player_00793,occasional_player,0.146778294,0,1.5,0.220167441,0,,0.707700667,0.6369306,0.087882166,0.598740891,0.002684134,lost,-0.146778294,0.0
402,bootstrap,player_00794,opportunistic_player,0.07685333,0.146778294,1.183228508,0.090935051,10,,0.292299333,0.2630694,0.154310882,2.007862018,-0.016041099,won,0.154310882,0.008121625
403,bootstrap,player_00129,occasional_player,0.057469911,0,1.5,0.086204867,0,,0.082584216,0.074325794,0.794629075,13.826871505,0.005863023,lost,-0.057469911,0.0
403,bootstrap,player_00413,opportunistic_player,0.365514246,0.057469911,1.375886699,0.502906189,10,,0.481783855,0.433605469,0.501986957,1.373371796,0.01063902,won,0.501986957,0.026420366
403,countdown,player_00795,opportunistic_player,0.086976276,0.422984157,1.0,0.086976276,10,,0.083323225,0.074990903,0.766598028,8.813875039,-0.022965969,lost,-0.086976276,0.0
403,countdown,player_00403,occasional_player,0.367754598,0.509960433,1.0,0.367754598,10,,0.352308704,0.317077834,0.499858622,1.359217872,-0.092653677,lost,-0.367754598,0.0
404,bootstrap,player_00453,occasional_player,0.816585719,0,1.5,1.224878579,0,,0.94747674,0.852729066,0.079891382,0.097835879,-0.052133638,lost,-0.816585719,0.0
404,countdown,player_00333,occasional_player,0.067900998,0.816585719,1.0,0.067900998,0,,0.05252326,0.047270934,0.791141866,11.651402627,-0.027293239,won,0.791141866,0.041639046
405,bootstrap,player_00301,occasional_player,0.0261008,0,1.5,0.0391512,0,,0.039958617,0.035962755,0.64661566,24.773787024,-0.001908063,lost,-0.0261008,0.0
405,bootstrap,player_00113,occasional_player,0.623415743,0.0261008,1.442558778,0.899313852,10,,0.917860441,0.826074397,0.079166464,0.126988234,-0.04303057,lost,-0.623415743,0.0
405,countdown,player_00796,opportunistic_player,0.04132862,0.649516543,1.0,0.04132862,10,,0.042180942,0.037962848,0.632149231,15.295677217,-0.015761483,lost,-0.04132862,0.0
406,bootstrap,player_00238,occasional_player,0.157881381,0,1.5,0.236822071,0,,0.122019659,0.109817694,1.615662552,10.233395109,0.036885123,lost,-0.157881381,0.0
406,bootstrap,player_00123,occasional_player,0.11284868,0.157881381,1.184958651,0.13372102,10,,0.068898111,0.0620083,1.658443618,14.69617206,-0.003013856,lost,-0.11284868,0.0
406,countdown,player_00797,opportunistic_player,0.270462131,0.270730061,1.0,0.270462131,10,,0.139352287,0.125417058,1.50871084,5.578270178,-0.047323491,won,1.50871084,0.079405834
406,countdown,player_00798,occasional_player,0.050798669,0.541192192,1.0,0.050798669,10,,0.026173389,0.023556051,1.717391128,33.807797769,-0.009147101,lost,-0.050798669,0.0
406,countdown,player_00799,occasional_player,0.127104448,0.591990861,1.0,0.127104448,10,,0.065489004,0.058940103,1.644900638,12.941330255,-0.022662285,lost,-0.127104448,0.0
406,countdown,player_00800,opportunistic_player,0.635074905,0.719095309,1.0,0.635074905,10,,0.327214534,0.294493081,1.162328704,1.83022301,-0.105751979,lost,-0.635074905,0.0
406,countdown,player_00801,player_whale,0.486868517,1.354170214,1.0,0.486868517,10,,0.250853016,0.225767714,1.303124773,2.676543517,-0.082745824,lost,-0.486868517,0.0
407,bootstrap,player_00802,occasional_player,0.078179697,0,1.5,0.117269546,0,,0.042551538,0.038296384,2.379735428,30.439302261,0.015949566,lost,-0.078179697,0.0
407,bootstrap,player_00486,opportunistic_player,0.431660735,0.078179697,1.352754851,0.583931153,10,,0.21188083,0.190692747,2.043928442,4.735034428,0.040416167,lost,-0.431660735,0.0
407,countdown,player_00344,occasional_player,0.133365399,0.509840432,1.0,0.133365399,10,,0.048391957,0.043552762,2.327309011,17.450620837,-0.026196233,lost,-0.133365399,0.0
407,countdown,player_00633,opportunistic_player,0.272530442,0.643205831,1.0,0.272530442,10,,0.09888833,0.088999497,2.19510222,8.05452119,-0.052912377,lost,-0.272530442,0.0
407,countdown,player_00127,occasional_player,0.036850905,0.915736273,1.0,0.036850905,10,,0.01337144,0.012034296,2.41899778,65.642832383,-0.007296495,won,2.41899778,0.127315673
407,countdown,player_00803,occasional_player,1.085470603,0.952587178,1.0,1.085470603,10,,0.393865632,0.354479069,1.422809067,1.310776232,-0.196337961,lost,-1.085470603,0.0
407,countdown,player_00804,occasional_player,0.526523354,2.038057781,1.0,0.526523354,10,,0.191050272,0.171945245,1.953808954,3.710773584,-0.100042009,lost,-0.526523354,0.0
408,bootstrap,player_00722,occasional_player,0.078732938,0,1.5,0.118099407,0,,0.082129916,0.073916924,1.235457383,15.691747496,0.018407968,lost,-0.078732938,0.0
408,bootstrap,player_00282,occasional_player,0.059766959,0.078732938,1.351608993,0.080781559,10,,0.05617795,0.050560155,1.253475063,20.972709399,0.006630762,lost,-0.059766959,0.0
408,bootstrap,player_00805,occasional_player,0.056845404,0.138499897,1.238963898,0.070429403,20,,0.048978747,0.044080872,1.25625054,22.099421441,0.00103701,lost,-0.056845404,0.0
408,bootstrap,player_00806,occasional_player,0.025406457,0.195345301,1.131825171,0.028755668,30,,0.019997565,0.017997809,1.28611754,50.621680136,-0.001801899,lost,-0.025406457,0.0
408,countdown,player_00807,player_whale,1.139892421,0.220751758,1.0,1.139892421,30,,0.792715822,0.71344424,0.227355874,0.199453799,-0.164437001,won,0.227355874,0.011966099
409,bootstrap,player_00213,occasional_player,0.440685555,0,1.5,0.661028333,0,,0.492665176,0.443398659,0.664304975,1.507435329,0.049265764,lost,-0.440685555,0.0
409,countdown,player_00808,occasional_player,0.062979134,0.440685555,1.0,0.062979134,0,,0.046938421,0.042244579,1.023126075,16.245477027,-0.017097077,lost,-0.062979134,0.0
409,countdown,player_00809,occasional_player,0.064412252,0.503664689,1.0,0.064412252,0,,0.048006525,0.043205873,1.021764612,15.862892241,-0.017483032,lost,-0.064412252,0.0
409,countdown,player_00355,occasional_player,0.258217292,0.568076941,1.0,0.258217292,0,,0.192449644,0.17320468,0.837649824,3.243972617,-0.068407979,lost,-0.258217292,0.0
409,countdown,player_00030,occasional_player,0.251299241,0.826294233,1.0,0.251299241,0,,0.187293613,0.168564252,0.844221973,3.35942906,-0.066633527,lost,-0.251299241,0.0
409,countdown,player_00275,occasional_player,0.04380326,1.077593474,1.0,0.04380326,0,,0.03264662,0.029381958,1.041343155,23.773188453,-0.011919534,lost,-0.04380326,0.0
410,bootstrap,player_00544,occasional_player,0.041624781,0,1.5,0.062437171,0,,0.063934019,0.057540617,0.825015331,19.820292403,0.008242226,lost,-0.041624781,0.0
410,bootstrap,player_00322,occasional_player,0.100974999,0.041624781,1.424526159,0.143841527,10,,0.147289936,0.132560943,0.768632624,7.612108256,0.014301007,lost,-0.100974999,0.0
410,bootstrap,player_00810,occasional_player,0.055766098,0.14259978,1.241438805,0.069230198,20,,0.0708899,0.06380091,0.811581079,14.553305836,-0.000428559,lost,-0.055766098,0.0
410,bootstrap,player_00811,opportunistic_player,0.061896514,0.198365878,1.140324,0.07058208,30,,0.072274191,0.065046772,0.805757184,13.017812026,-0.005458441,lost,-0.061896514,0.0
410,countdown,player_00780,occasional_player,0.143074232,0.260262392,1.0,0.143074232,30,,0.146504246,0.131853822,0.728638352,5.092729431,-0.028135596,lost,-0.143074232,0.0
410,countdown,player_00070,opportunistic_player,0.349777787,0.403336624,1.0,0.349777787,30,,0.358163244,0.32234692,0.532269975,1.521737499,-0.065452408,won,0.532269975,0.028014209
410,countdown,player_00812,occasional_player,0.137644616,0.753114411,1.0,0.137644616,30,,0.140944463,0.126850016,0.733796487,5.331094733,-0.027102298,lost,-0.137644616,0.0
411,bootstrap,player_00185,occasional_player,0.314754171,0,1.5,0.472131257,0,,0.513480443,0.462132399,0.443299346,1.408398637,0.035566919,lost,-0.314754171,0.0
411,countdown,player_00204,occasional_player,0.144024326,0.314754171,1.0,0.144024326,0,,0.156637955,0.14097416,0.605492698,4.204100204,-0.038361793,lost,-0.144024326,0.0
411,countdown,player_00343,occasional_player,0.055352924,0.458778497,1.0,0.055352924,0,,0.060200725,0.054180652,0.68973053,12.46059793,-0.014983816,won,0.68973053,0.036301607
411,countdown,player_00813,occasional_player,0.070428664,0.514131421,1.0,0.070428664,0,,0.076596796,0.068937116,0.675408577,9.589967193,-0.019012795,lost,-0.070428664,0.0
411,countdown,player_00814,occasional_player,0.177535544,0.584560085,1.0,0.177535544,0,,0.193084081,0.173775673,0.573657041,3.231223609,-0.046996547,lost,-0.177535544,0.0
412,bootstrap,player_00702,occasional_player,0.088055192,0,1.5,0.132082788,0,,0.127665048,0.114898543,0.822392727,9.339514329,0.016553948,lost,-0.088055192,0.0
412,bootstrap,player_00815,occasional_player,0.156861256,0.088055192,1.346544162,0.211220609,10,,0.204155966,0.18374037,0.757026967,4.826092726,0.011056904,lost,-0.156861256,0.0
412,bootstrap,player_00032,occasional_player,0.035105416,0.244916448,1.073178392,0.037674374,20,,0.036414289,0.03277286,0.872695015,24.859269994,-0.0053542,lost,-0.035105416,0.0
412,countdown,player_00816,occasional_player,0.259507056,0.280021864,1.0,0.259507056,20,,0.250827389,0.22574465,0.659513457,2.541408572,-0.052043092,lost,-0.259507056,0.0
412,countdown,player_00171,occasional_player,0.102175798,0.53952892,1.0,0.102175798,20,,0.09875835,0.088882515,0.808978152,7.91751244,-0.021190144,lost,-0.102175798,0.0
412,countdown,player_00181,occasional_player,0.29194352,0.641704718,1.0,0.29194352,20,,0.282178958,0.253961063,0.628698816,2.153494675,-0.058136214,won,0.628698816,0.033089411
413,bootstrap,player_00758,occasional_player,0.031736261,0,1.5,0.047604392,0,,0.036104984,0.032494486,1.141393461,35.964963268,0.006383986,lost,-0.031736261,0.0
413,bootstrap,player_00512,occasional_player,0.09699561,0.031736261,1.445202083,0.140178258,10,,0.10631653,0.095684877,1.07939708,11.128308586,0.015567379,lost,-0.09699561,0.0
413,bootstrap,player_00723,occasional_player,0.052124423,0.128731871,1.277723078,0.066600578,20,,0.050512415,0.045461173,1.122024707,21.525892138,0.001253774,won,1.122024707,0.059053932
413,bootstrap,player_00060,player_whale,0.170675454,0.180856294,1.187721619,0.202714926,30,,0.15374672,0.138372048,1.009401228,5.914155809,-0.007385826,lost,-0.170675454,0.0
413,countdown,player_00493,player_whale,0.63574315,0.351531748,1.0,0.63574315,30,,0.482171818,0.433954636,0.567586917,0.892792815,-0.113552489,lost,-0.63574315,0.0
413,countdown,player_00817,occasional_player,0.225657884,0.987274898,1.0,0.225657884,30,,0.171147534,0.15403278,0.957167919,4.241677279,-0.043463937,lost,-0.225657884,0.0
414,bootstrap,player_00219,opportunistic_player,0.289959952,0,1.5,0.434939928,0,,0.362287046,0.326058341,0.746562929,2.574710487,0.04800698,lost,-0.289959952,0.0
414,countdown,player_00019,opportunistic_player,0.114620074,0.289959952,1.0,0.114620074,0,,0.095473801,0.085926421,0.913135813,7.966630813,-0.026308689,lost,-0.114620074,0.0
414,countdown,player_00154,occasional_player,0.027187488,0.404580026,1.0,0.027187488,0,,0.022646058,0.020381452,0.99619677,36.64173645,-0.006329431,lost,-0.027187488,0.0
414,countdown,player_00631,occasional_player,0.103861483,0.431767514,1.0,0.103861483,0,,0.086512338,0.077861104,0.923356475,8.89026854,-0.023881159,won,0.923356475,0.048597709
414,countdown,player_00818,opportunistic_player,0.519930579,0.535628997,1.0,0.519930579,0,,0.433080758,0.389772682,0.528090834,1.015694893,-0.111440462,lost,-0.519930579,0.0
415,bootstrap,player_00296,occasional_player,0.130683572,0,1.5,0.196025358,0,,0.221264227,0.199137804,0.560235227,4.286959857,0.006904481,lost,-0.130683572,0.0
415,bootstrap,player_00588,opportunistic_player,0.439461294,0.130683572,1.274036905,0.559889907,10,,0.631977458,0.568779712,0.266896391,0.607326276,-0.037699373,won,0.266896391,0.014047178
415,countdown,player_00819,opportunistic_player,0.130018086,0.570144866,1.0,0.130018086,10,,0.146758315,0.132082484,0.560867439,4.31376477,-0.03876421,lost,-0.130018086,0.0
416,bootstrap,player_00468,occasional_player,0.138832162,0,1.5,0.208248243,0,,0.170978141,0.153880327,0.954017689,6.871734009,0.029335931,won,0.954017689,0.050211457
416,bootstrap,player_00506,occasional_player,0.013980035,0.138832162,1.253845324,0.017528802,10,,0.01439168,0.012952512,1.07262721,76.725645523,9.4258e-05,lost,-0.013980035,0.0
416,bootstrap,player_00417,occasional_player,0.094716763,0.152812197,1.229058193,0.116412414,20,,0.095578132,0.086020319,0.995927318,10.514794707,-0.000899211,lost,-0.094716763,0.0
416,countdown,player_00293,occasional_player,0.293694495,0.24752896,1.0,0.293694495,20,,0.241132113,0.217018902,0.806898473,2.74740755,-0.054845018,lost,-0.293694495,0.0
416,countdown,player_00820,occasional_player,0.053822071,0.541223455,1.0,0.053822071,20,,0.044189557,0.039770602,1.034777276,19.225891096,-0.01052782,lost,-0.053822071,0.0
416,countdown,player_00821,occasional_player,0.095229596,0.595045526,1.0,0.095229596,20,,0.078186395,0.070367755,0.995440127,10.453054184,-0.018481616,lost,-0.095229596,0.0
416,countdown,player_00822,opportunistic_player,0.35577933,0.690275122,1.0,0.35577933,20,,0.292105651,0.262895086,0.74791788,2.102195986,-0.065622758,lost,-0.35577933,0.0
416,countdown,player_00823,occasional_player,0.077266725,1.046054452,1.0,0.077266725,20,,0.063438331,0.057094498,1.012504854,13.104021871,-0.015046764,lost,-0.077266725,0.0
417,bootstrap,player_00570,occasional_player,0.043063276,0,1.5,0.064594914,0,,0.049845676,0.044861108,1.003911143,23.312465657,0.003905157,lost,-0.043063276,0.0
417,bootstrap,player_00824,occasional_player,0.458649101,0.043063276,1.423593698,0.65292997,10,,0.503843628,0.453459265,0.609104609,1.32804056,0.025533711,lost,-0.458649101,0.0
417,countdown,player_00825,occasional_player,0.120439262,0.501712377,1.0,0.120439262,10,,0.092938841,0.083644957,0.930403956,7.725088486,-0.032541526,lost,-0.120439262,0.0
417,countdown,player_00826,occasional_player,0.26275124,0.622151639,1.0,0.26275124,10,,0.202756106,0.182480495,0.795207577,3.026465554,-0.069694391,lost,-0.26275124,0.0
417,countdown,player_00827,occasional_player,0.120803926,0.884902879,1.0,0.120803926,10,,0.09322024,0.083898216,0.930057525,7.698901485,-0.032638525,won,0.930057525,0.048950396
417,countdown,player_00828,occasional_player,0.074378729,1.005706805,1.0,0.074378729,10,,0.05739551,0.051655959,0.974161462,13.097312573,-0.02021538,lost,-0.074378729,0.0
418,bootstrap,player_00079,occasional_player,0.212151219,0,1.5,0.318226829,0,,0.645382084,0.580843876,0.170616558,0.804221437,0.0101771,won,0.170616558,0.008979819
418,bootstrap,player_00624,occasional_player,0.121408138,0.212151219,1.123320695,0.136380274,10,,0.276586942,0.248928248,0.256822485,2.115364664,-0.027255852,lost,-0.121408138,0.0
418,countdown,player_00829,occasional_player,0.038475734,0.333559357,1.0,0.038475734,10,,0.078030974,0.070227877,0.335608269,8.72259562,-0.012204609,lost,-0.038475734,0.0
419,bootstrap,player_00830,occasional_player,0.07649337,0,1.5,0.114740055,0,,0.108059402,0.097253462,0.687121963,8.982764955,-0.002229135,lost,-0.07649337,0.0
419,bootstrap,player_00006,persistent_player,0.668781984,0.07649337,1.364089148,0.912278247,10,,0.859161539,0.773245385,0.12444778,0.186081239,-0.055420729,won,0.12444778,0.006549883
419,countdown,player_00124,occasional_player,0.034805587,0.745275354,1.0,0.034805587,10,,0.032779058,0.029501152,0.726725357,20.879560434,-0.012339547,lost,-0.034805587,0.0
420,bootstrap,player_00726,occasional_player,0.248281244,0,1.5,0.372421866,0,,0.968238217,0.871414396,0.028242175,0.113750739,-0.007314756,lost,-0.248281244,0.0
420,bootstrap,player_00546,occasional_player,0.011541045,0.248281244,1.058553207,0.01221681,10,,0.031761783,0.028585604,0.253145364,21.93435378,-0.003974824,lost,-0.011541045,0.0
421,bootstrap,player_00550,occasional_player,0.062979308,0,1.5,0.094468962,0,,0.169865881,0.152879293,0.399593865,6.344843689,0.007738551,lost,-0.062979308,0.0
421,bootstrap,player_00209,occasional_player,0.042204943,0.062979308,1.388996415,0.058622515,10,,0.105409914,0.094868922,0.419329512,9.935554507,0.001580333,lost,-0.042204943,0.0
421,bootstrap,player_00039,occasional_player,0.141396627,0.105184251,1.31460849,0.185881206,20,,0.334235436,0.300811893,0.325097412,2.299187886,-0.001069672,won,0.325097412,0.01711039
421,countdown,player_00263,occasional_player,0.156430961,0.246580878,1.0,0.156430961,20,,0.281280564,0.253152508,0.310814795,1.98691354,-0.038146526,lost,-0.156430961,0.0
421,countdown,player_00485,occasional_player,0.060734891,0.403011839,1.0,0.060734891,20,,0.109208205,0.098287384,0.401726061,6.614419725,-0.015280814,lost,-0.060734891,0.0
422,bootstrap,player_00777,occasional_player,0.072561306,0,1.5,0.108841959,0,,0.064094567,0.05768511,1.404207078,19.35200943,0.012626241,lost,-0.072561306,0.0
422,bootstrap,player_00790,occasional_player,0.094553388,0.072561306,1.370709173,0.129605196,10,,0.076321567,0.068689411,1.3833146,14.629984491,0.006960493,lost,-0.094553388,0.0
422,bootstrap,player_00284,occasional_player,0.027190708,0.167114694,1.202232522,0.032689553,20,,0.019250138,0.017325124,1.447309146,53.228078726,-0.001644815,lost,-0.027190708,0.0
422,bootstrap,player_00366,player_whale,0.587084159,0.194305402,1.153783709,0.677368139,30,,0.398886771,0.358998093,0.915410368,1.559248966,-0.047691488,lost,-0.587084159,0.0
422,countdown,player_00831,occasional_player,0.206833642,0.781389561,1.0,0.206833642,30,,0.121799652,0.109619687,1.276648359,6.172343853,-0.04421481,lost,-0.206833642,0.0
422,countdown,player_00832,opportunistic_player,0.261009335,0.988223203,1.0,0.261009335,30,,0.153702492,0.138332242,1.22518145,4.694013915,-0.055421231,lost,-0.261009335,0.0
422,countdown,player_00259,occasional_player,0.28179859,1.249232538,1.0,0.28179859,30,,0.165944814,0.149350332,1.205431658,4.27763552,-0.059680258,lost,-0.28179859,0.0
423,bootstrap,player_00440,occasional_player,0.077139414,0,1.5,0.115709121,0,,0.164401551,0.147961395,0.517794808,6.712454518,0.010887884,lost,-0.077139414,0.0
423,bootstrap,player_00544,occasional_player,0.066342088,0.077139414,1.369325012,0.09084388,10,,0.12907258,0.116165322,0.528052268,7.959536451,0.002705924,won,0.528052268,0.027792225
423,bootstrap,player_00165,opportunistic_player,0.084946349,0.143481502,1.25694081,0.106772533,20,,0.151704289,0.13653386,0.51037822,6.008241976,-0.003664387,lost,-0.084946349,0.0
423,bootstrap,player_00762,opportunistic_player,0.153899273,0.228427851,1.113040791,0.171296169,30,,0.243380604,0.219042544,0.444872942,2.890676046,-0.022742684,lost,-0.153899273,0.0
423,countdown,player_00510,occasional_player,0.026995407,0.382327124,1.0,0.026995407,30,,0.038355548,0.034519993,0.565431615,20.945474712,-0.00654483,lost,-0.026995407,0.0
423,countdown,player_00833,occasional_player,0.127187102,0.409322531,1.0,0.127187102,30,,0.180709667,0.162638701,0.470249504,3.69730497,-0.030020789,lost,-0.127187102,0.0
423,countdown,player_00313,opportunistic_player,0.06501592,0.536509633,1.0,0.06501592,30,,0.092375761,0.083138185,0.529312127,8.141269512,-0.015604565,lost,-0.06501592,0.0
424,bootstrap,player_00405,occasional_player,0.024392129,0,1.5,0.036588193,0,,0.02095765,0.018861885,1.452573679,59.550918208,0.00346623,lost,-0.024392129,0.0
424,bootstrap,player_00753,occasional_player,0.437825151,0.024392129,1.457879474,0.638296301,10,,0.365614948,0.329053453,1.059812308,2.420629116,0.054977627,lost,-0.437825151,0.0
424,countdown,player_00436,occasional_player,0.363418,0.46221728,1.0,0.363418,10,,0.208165162,0.187348646,1.130499102,3.110740529,-0.083534654,lost,-0.363418,0.0
424,countdown,player_00165,opportunistic_player,0.040100827,0.82563528,1.0,0.040100827,10,,0.02296968,0.020672712,1.437650416,35.85089195,-0.009551701,lost,-0.040100827,0.0
424,countdown,player_00834,occasional_player,0.257519779,0.865736107,1.0,0.257519779,10,,0.147506856,0.13275617,1.231102411,4.780613032,-0.059895998,lost,-0.257519779,0.0
424,countdown,player_00817,occasional_player,0.356714499,1.123255886,1.0,0.356714499,10,,0.204325409,0.183892868,1.136867427,3.187051355,-0.082055434,won,1.136867427,0.059835128
424,countdown,player_00646,occasional_player,0.053178059,1.479970385,1.0,0.053178059,10,,0.030460294,0.027414265,1.425227045,26.80103547,-0.01264867,lost,-0.053178059,0.0
425,bootstrap,player_00496,occasional_player,0.147584445,0,1.5,0.221376668,0,,0.432523325,0.389270993,0.241042992,1.633254722,0.003696943,lost,-0.147584445,0.0
425,bootstrap,player_00015,occasional_player,0.233603584,0.147584445,1.243342636,0.290449296,10,,0.567476675,0.510729007,0.15932481,0.682030673,-0.032923656,lost,-0.233603584,0.0
426,bootstrap,player_00835,occasional_player,0.089297784,0,1.5,0.133946676,0,,0.130582601,0.117524341,0.836658032,9.369303406,0.019524563,lost,-0.089297784,0.0
426,bootstrap,player_00488,occasional_player,0.037278863,0.089297784,1.346637934,0.050201131,10,,0.048940328,0.044046295,0.886076007,23.768858153,0.003391498,lost,-0.037278863,0.0
426,bootstrap,player_00047,occasional_player,0.017685901,0.126576647,1.282614359,0.022684191,20,,0.022114477,0.019903029,0.904689321,51.153137216,0.00067216,lost,-0.017685901,0.0
426,bootstrap,player_00610,occasional_player,0.053843596,0.144262548,1.252240186,0.067425115,30,,0.065731731,0.059158558,0.87033951,16.164215897,0.000829744,lost,-0.053843596,0.0
426,countdown,player_00836,player_whale,0.2937047,0.198106144,1.0,0.2937047,40,,0.286328297,0.257695467,0.642471462,2.187474227,-0.052456347,lost,-0.2937047,0.0
426,countdown,player_00837,player_whale,0.330861973,0.491810844,1.0,0.330861973,40,,0.322552364,0.290297127,0.607172052,1.835121899,-0.05855339,lost,-0.330861973,0.0
426,countdown,player_00838,occasional_player,0.098495713,0.822672817,1.0,0.098495713,40,,0.09602199,0.086419791,0.827919999,8.405645018,-0.018435061,won,0.827919999,0.043574737
426,countdown,player_00567,occasional_player,0.016656341,0.92116853,1.0,0.016656341,40,,0.016238016,0.014614215,0.905667403,54.37373086,-0.003177304,lost,-0.016656341,0.0
426,countdown,player_00175,occasional_player,0.011786207,0.937824871,1.0,0.011786207,40,,0.011490196,0.010341176,0.91029403,77.233840365,-0.002250813,lost,-0.011786207,0.0
427,bootstrap,player_00410,occasional_player,0.06838619,0,1.5,0.102579285,0,,0.17248854,0.155239686,0.435604228,6.369768925,0.009853124,lost,-0.06838619,0.0
427,bootstrap,player_00293,occasional_player,0.081304034,0.06838619,1.382894426,0.112434895,10,,0.18906089,0.170154801,0.423332276,5.206780714,0.004562257,lost,-0.081304034,0.0
427,bootstrap,player_00839,occasional_player,0.045231916,0.149690224,1.243668135,0.056253493,20,,0.094591056,0.08513195,0.457600788,10.116767733,-0.002424787,lost,-0.045231916,0.0
427,bootstrap,player_00840,occasional_player,0.07146586,0.19492214,1.166212299,0.083344365,30,,0.140144746,0.126130271,0.432678541,6.054338974,-0.00787799,won,0.432678541,0.022772555
427,countdown,player_00841,occasional_player,0.207603485,0.266388,1.0,0.207603485,30,,0.34908824,0.314179416,0.303347798,1.461188369,-0.047073109,lost,-0.207603485,0.0
427,countdown,player_00182,occasional_player,0.032486507,0.473991485,1.0,0.032486507,30,,0.054626528,0.049163875,0.469708927,14.458585124,-0.007796633,lost,-0.032486507,0.0
428,bootstrap,player_00784,occasional_player,0.032199395,0,1.5,0.048299093,0,,0.051852435,0.046667191,0.795528046,24.706304145,0.00642832,lost,-0.032199395,0.0
428,bootstrap,player_00321,occasional_player,0.103689447,0.032199395,1.443866738,0.149713744,20,,0.160728115,0.144655303,0.727612497,7.017228058,0.016562788,lost,-0.103689447,0.0
428,bootstrap,player_00672,occasional_player,0.075359901,0.135888842,1.263104741,0.095187448,30,,0.102190344,0.09197131,0.754525565,10.012295073,0.000965752,won,0.754525565,0.039711872
428,countdown,player_00842,occasional_player,0.222337304,0.211248743,1.0,0.222337304,30,,0.238694556,0.214825101,0.614897033,2.765604429,-0.042478353,lost,-0.222337304,0.0
428,countdown,player_00402,occasional_player,0.081539594,0.433586047,1.0,0.081539594,30,,0.087538424,0.078784582,0.748654857,9.181488653,-0.016133071,lost,-0.081539594,0.0
428,countdown,player_00843,occasional_player,0.036858881,0.515125641,1.0,0.036858881,30,,0.039570572,0.035613515,0.791101534,21.46298295,-0.007372301,lost,-0.036858881,0.0
428,countdown,player_00844,occasional_player,0.297535971,0.551984522,1.0,0.297535971,30,,0.319425554,0.287482999,0.543458299,1.826529737,-0.055764416,lost,-0.297535971,0.0
429,bootstrap,player_00138,occasional_player,0.126227664,0,1.5,0.189341496,0,,0.287425759,0.258683183,0.438945054,3.477407728,0.019973014,won,0.438945054,0.023102371
429,bootstrap,player_00845,occasional_player,0.064651247,0.126227664,1.279792945,0.08274021,10,,0.125601984,0.113041786,0.49744265,7.694246801,-0.001111149,lost,-0.064651247,0.0
429,bootstrap,player_00258,opportunistic_player,0.055890547,0.190878911,1.167007362,0.06522468,20,,0.099012913,0.089111622,0.505765315,9.049210333,-0.005840482,lost,-0.055890547,0.0
429,countdown,player_00186,occasional_player,0.130973225,0.246769458,1.0,0.130973225,20,,0.198821069,0.178938962,0.434436771,3.316989188,-0.029799347,lost,-0.130973225,0.0
429,countdown,player_00544,occasional_player,0.190469615,0.377742683,1.0,0.190469615,20,,0.289138275,0.260224448,0.377915201,1.984123299,-0.04256199,lost,-0.190469615,0.0
430,bootstrap,player_00596,occasional_player,0.176584875,0,1.5,0.264877313,0,,0.319353164,0.287417847,0.539133668,3.053113515,0.029125408,won,0.539133668,0.028375456
430,bootstrap,player_00345,occasional_player,0.018116282,0.176584875,1.191727845,0.021589678,10,,0.026029908,0.023426917,0.689678832,38.069557081,-0.001534825,lost,-0.018116282,0.0
430,bootstrap,player_00840,occasional_player,0.084990322,0.194701157,1.160101437,0.098597395,20,,0.118875375,0.106987838,0.626148494,7.367291698,-0.008907118,lost,-0.084990322,0.0
430,countdown,player_00846,occasional_player,0.054545183,0.279691479,1.0,0.054545183,20,,0.065763189,0.05918687,0.655071376,12.009701677,-0.0125452,lost,-0.054545183,0.0
430,countdown,player_00403,occasional_player,0.344950703,0.334236662,1.0,0.344950703,20,,0.415894804,0.374305324,0.379186132,1.099247308,-0.07390243,lost,-0.344950703,0.0
430,countdown,player_00408,occasional_player,0.044857887,0.679187365,1.0,0.044857887,20,,0.05408356,0.048675204,0.664274307,14.808417234,-0.010340733,lost,-0.044857887,0.0
431,bootstrap,player_00687,occasional_player,0.256726027,0,1.5,0.385089041,0,,0.342044763,0.307840286,0.721717348,2.811235605,0.044478262,lost,-0.256726027,0.0
431,bootstrap,player_00767,occasional_player,0.020301558,0.256726027,1.049792873,0.021312431,10,,0.018930181,0.017037163,0.946320593,46.613200493,-0.003833059,won,0.946320593,0.049806347
431,countdown,player_00461,player_whale,0.583823011,0.277027585,1.0,0.583823011,10,,0.518564752,0.466708277,0.410975213,0.703938018,-0.119542446,lost,-0.583823011,0.0
431,countdown,player_00847,opportunistic_player,0.135619509,0.860850596,1.0,0.135619509,10,,0.120460304,0.108414273,0.83676854,6.169971755,-0.030198765,lost,-0.135619509,0.0
432,bootstrap,player_00383,occasional_player,0.223875932,0,1.5,0.335813898,0,,0.594665951,0.535199356,0.233049893,1.040977881,0.020670476,lost,-0.223875932,0.0
432,bootstrap,player_00190,occasional_player,0.014390362,0.223875932,1.038266863,0.014941036,10,,0.026457885,0.023812096,0.432061185,30.024344411,-0.003759415,lost,-0.014390362,0.0
432,countdown,player_00848,occasional_player,0.162579736,0.238266294,1.0,0.162579736,10,,0.287899441,0.259109497,0.29128128,1.791621064,-0.044980037,won,0.29128128,0.015330594
432,countdown,player_00608,opportunistic_player,0.051375479,0.40084603,1.0,0.051375479,10,,0.090976723,0.081879051,0.396925324,7.725968331,-0.014669035,lost,-0.051375479,0.0
433,bootstrap,player_00550,occasional_player,0.04182368,0,1.5,0.06273552,0,,0.068918129,0.062026316,0.755083353,18.053967348,0.007605528,lost,-0.04182368,0.0
433,bootstrap,player_00168,opportunistic_player,0.160160662,0.04182368,1.413680286,0.22641597,10,,0.24872935,0.223856415,0.64266322,4.012615908,0.019556614,lost,-0.160160662,0.0
433,bootstrap,player_00634,opportunistic_player,0.041303071,0.201984342,1.083125382,0.044736405,20,,0.049145195,0.044230675,0.755577932,18.293504898,-0.006056486,lost,-0.041303071,0.0
433,countdown,player_00825,occasional_player,0.191619792,0.243287413,1.0,0.191619792,20,,0.210503995,0.189453596,0.612777047,3.197879719,-0.039223918,won,0.612777047,0.032251424
433,countdown,player_00764,occasional_player,0.138451765,0.434907205,1.0,0.138451765,20,,0.152096239,0.136886615,0.663286672,4.790741904,-0.028704504,lost,-0.138451765,0.0
433,countdown,player_00849,occasional_player,0.107537331,0.57335897,1.0,0.107537331,20,,0.118135176,0.106321658,0.692655385,6.441069145,-0.022459515,lost,-0.107537331,0.0
433,countdown,player_00850,occasional_player,0.108347758,0.680896301,1.0,0.108347758,20,,0.119025471,0.107122924,0.691885479,6.385784918,-0.022624434,lost,-0.108347758,0.0
433,countdown,player_00851,occasional_player,0.030445982,0.789244059,1.0,0.030445982,20,,0.033446445,0.030101801,0.765892166,25.155771496,-0.00647477,lost,-0.030445982,0.0
434,bootstrap,player_00324,occasional_player,0.184568206,0,1.5,0.276852309,0,,0.255465493,0.229918944,0.778176942,4.216202559,0.036785141,lost,-0.184568206,0.0
434,bootstrap,player_00390,player_whale,0.039100124,0.184568206,1.111710968,0.043468037,10,,0.040110135,0.036099122,0.91637162,23.436540005,-0.004608433,lost,-0.039100124,0.0
434,countdown,player_00040,occasional_player,0.011453947,0.22366833,1.0,0.011453947,10,,0.010569131,0.009512218,0.942635488,82.297874129,-0.002378441,lost,-0.011453947,0.0
434,countdown,player_00852,occasional_player,0.084782222,0.235122277,1.0,0.084782222,10,,0.078232803,0.070409523,0.872973627,10.296658977,-0.01734709,lost,-0.084782222,0.0
434,countdown,player_00853,occasional_player,0.66716053,0.319904499,1.0,0.66716053,10,,0.615622439,0.554060195,0.319714235,0.479216351,-0.120372506,lost,-0.66716053,0.0
435,bootstrap,player_00375,opportunistic_player,0.133329184,0,1.5,0.199993776,0,,0.102786685,0.092508017,1.570359381,11.778061892,0.024275667,won,1.570359381,0.082650494
435,bootstrap,player_00731,occasional_player,0.477970747,0.133329184,1.230152791,0.587977049,10,,0.302190464,0.271971418,1.242949896,2.600472736,-0.00992952,lost,-0.477970747,0.0
435,countdown,player_00854,occasional_player,0.14298904,0.611299931,1.0,0.14298904,10,,0.073489134,0.066140221,1.561182518,10.918197072,-0.030274757,lost,-0.14298904,0.0
435,countdown,player_00855,opportunistic_player,0.366502775,0.754288971,1.0,0.366502775,10,,0.188363889,0.1695275,1.34884447,3.680311751,-0.075704245,lost,-0.366502775,0.0
435,countdown,player_00856,occasional_player,0.072848341,1.120791746,1.0,0.072848341,10,,0.037440363,0.033696326,1.627816182,22.345274575,-0.015542194,lost,-0.072848341,0.0
435,countdown,player_00214,occasional_player,0.061162836,1.193640087,1.0,0.061162836,10,,0.031434604,0.028291144,1.638917412,26.795968253,-0.013065621,lost,-0.061162836,0.0
435,countdown,player_00857,player_whale,0.514242937,1.254802923,1.0,0.514242937,10,,0.26429486,0.237865374,1.208491316,2.350039697,-0.10446411,lost,-0.514242937,0.0
436,bootstrap,player_00795,opportunistic_player,0.131696519,0,1.5,0.197544779,0,,0.17763485,0.159871365,0.714830636,5.427862796,0.003638933,lost,-0.131696519,0.0
436,bootstrap,player_00157,opportunistic_player,0.73435105,0.131696519,1.245369888,0.914538685,10,,0.82236515,0.740128635,0.142308831,0.193788558,-0.085509968,won,0.142308831,0.007489938
437,bootstrap,player_00053,opportunistic_player,0.052973612,0,1.5,0.079460418,0,,0.100690992,0.090621892,0.533479397,10.070663055,0.00017187,lost,-0.052973612,0.0
437,bootstrap,player_00038,occasional_player,0.418165218,0.052973612,1.39750583,0.58438833,10,,0.740527698,0.666474929,0.186547372,0.446109249,-0.015139438,lost,-0.418165218,0.0
437,countdown,player_00858,occasional_player,0.125302463,0.47113883,1.0,0.125302463,10,,0.15878131,0.142903179,0.464766989,3.709160839,-0.040979663,lost,-0.125302463,0.0
438,bootstrap,player_00859,occasional_player,0.054720055,0,1.5,0.082080082,0,,0.044939383,0.040445445,1.622167247,29.644839487,0.013102398,lost,-0.054720055,0.0
438,bootstrap,player_00671,occasional_player,0.093376667,0.054720055,1.396398362,0.130391025,10,,0.071389941,0.064250947,1.585443466,16.979011103,0.014489117,lost,-0.093376667,0.0
438,bootstrap,player_00543,occasional_player,0.083373283,0.148096722,1.219608048,0.101682727,20,,0.05567196,0.050104764,1.594946681,19.130189231,0.000718542,lost,-0.083373283,0.0
438,countdown,player_00860,occasional_player,0.058828308,0.231470005,1.0,0.058828308,20,,0.032208884,0.028987996,1.618264407,27.508260255,-0.010212751,lost,-0.058828308,0.0
438,countdown,player_00861,opportunistic_player,1.380262179,0.290298313,1.0,1.380262179,20,,0.755702594,0.680132335,0.362902229,0.262922679,-0.1946797,won,0.362902229,0.019100117
438,countdown,player_00139,occasional_player,0.01908631,1.670560492,1.0,0.01908631,20,,0.01044988,0.009404892,1.656019305,86.7647704,-0.003332123,lost,-0.01908631,0.0
438,countdown,player_00862,occasional_player,0.054131511,1.689646802,1.0,0.054131511,20,,0.029637357,0.026673622,1.622726364,29.977481397,-0.009403639,lost,-0.054131511,0.0
439,bootstrap,player_00452,occasional_player,0.101085134,0,1.5,0.151627701,0,,0.249604948,0.224644453,0.408516106,4.041307456,0.013393958,lost,-0.101085134,0.0
439,bootstrap,player_00863,occasional_player,0.044063234,0.101085134,1.30848116,0.057655912,10,,0.094911423,0.085420281,0.462686911,10.500520926,-0.000776494,won,0.462686911,0.024351943
439,bootstrap,player_00864,occasional_player,0.136475519,0.145148368,1.224997673,0.167182193,20,,0.275210284,0.247689255,0.37489524,2.746977939,-0.009814477,lost,-0.136475519,0.0
439,countdown,player_00865,opportunistic_player,0.104395614,0.281623887,1.0,0.104395614,20,,0.171852911,0.15466762,0.40537115,3.88302855,-0.025551202,lost,-0.104395614,0.0
439,countdown,player_00778,occasional_player,0.126609314,0.386019501,1.0,0.126609314,20,,0.208420434,0.187578391,0.384268135,3.035070032,-0.030779744,lost,-0.126609314,0.0
440,bootstrap,player_00643,opportunistic_player,0.358445172,0,1.5,0.537667758,0,,1.0,0.9,0.017411893,0.048576168,-0.020173814,won,0.017411893,0.000916415
441,bootstrap,player_00295,occasional_player,0.071756389,0,1.5,0.107634584,0,,0.129800257,0.116820231,0.520809703,7.258025523,-0.002532681,lost,-0.071756389,0.0
441,bootstrap,player_00461,player_whale,0.530130392,0.071756389,1.361170518,0.72159786,10,,0.870199743,0.783179769,0.0853544,0.161006426,-0.048095155,won,0.0853544,0.004492337
442,bootstrap,player_00301,occasional_player,0.032716702,0,1.5,0.049075053,10,,0.099859372,0.089873435,0.358025012,10.943187728,0.002400598,lost,-0.032716702,0.0
442,bootstrap,player_00578,opportunistic_player,0.079768413,0.032716702,1.436657564,0.114599894,20,,0.233191261,0.209872135,0.313325886,3.92794434,0.002731127,lost,-0.079768413,0.0
442,bootstrap,player_00866,occasional_player,0.026431501,0.112485115,1.282218844,0.033890969,30,,0.068962348,0.062066113,0.363995953,13.771293306,-0.002199186,lost,-0.026431501,0.0
442,bootstrap,player_00721,occasional_player,0.178687533,0.138916616,1.231045115,0.219972415,40,,0.44760639,0.402845751,0.219352722,1.227577093,-0.018338708,won,0.219352722,0.01154488
442,countdown,player_00119,occasional_player,0.019789861,0.317604149,1.0,0.019789861,40,,0.040268996,0.036242096,0.370305511,18.711880331,-0.005651987,lost,-0.019789861,0.0
442,countdown,player_00867,occasional_player,0.054113441,0.33739401,1.0,0.054113441,40,,0.110111634,0.09910047,0.33769811,6.240558788,-0.015284732,lost,-0.054113441,0.0
443,bootstrap,player_00246,occasional_player,0.045247528,0,1.5,0.067871292,0,,0.034032891,0.030629602,1.805084875,39.893557832,0.011427418,lost,-0.045247528,0.0
443,bootstrap,player_00183,occasional_player,0.041297689,0.045247528,1.412335409,0.058326188,10,,0.029246663,0.026321997,1.808837222,43.799962319,0.007401556,lost,-0.041297689,0.0
443,bootstrap,player_00114,occasional_player,0.013712144,0.086545217,1.332323413,0.01826901,20,,0.009160681,0.008244613,1.83504349,133.826153651,0.00153013,lost,-0.013712144,0.0
443,bootstrap,player_00323,occasional_player,0.028011943,0.100257361,1.30575689,0.036576788,30,,0.018340801,0.016506721,1.821458681,65.02436053,0.002516752,lost,-0.028011943,0.0
443,bootstrap,player_00868,occasional_player,0.056621197,0.128269304,1.251485295,0.070860595,40,,0.035531826,0.031978643,1.794279889,31.689190348,0.002568109,lost,-0.056621197,0.0
443,countdown,player_00429,occasional_player,0.364352788,0.184890501,1.0,0.364352788,40,,0.182698435,0.164428592,1.501934878,4.122199493,-0.057481735,won,1.501934878,0.079049204
443,countdown,player_00869,opportunistic_player,0.324412785,0.549243289,1.0,0.324412785,40,,0.162671208,0.146404087,1.539877881,4.746662129,-0.051473011,lost,-0.324412785,0.0
443,countdown,player_00870,occasional_player,0.070407604,0.873656074,1.0,0.070407604,40,,0.035304681,0.031774213,1.781182803,25.298159597,-0.011574776,lost,-0.070407604,0.0
443,countdown,player_00871,occasional_player,0.18238452,0.944063678,1.0,0.18238452,40,,0.091453579,0.082308221,1.674804733,9.182822822,-0.029522577,lost,-0.18238452,0.0
443,countdown,player_00217,opportunistic_player,0.800823642,1.126448198,1.0,0.800823642,40,,0.401559234,0.361403311,1.087287567,1.357711623,-0.118454,lost,-0.800823642,0.0
444,bootstrap,player_00727,occasional_player,0.179701729,0,1.5,0.269552593,0,,0.149099615,0.134189654,1.465524114,8.155314485,0.041070557,lost,-0.179701729,0.0
444,bootstrap,player_00872,opportunistic_player,0.022318087,0.179701729,1.151593922,0.025701373,10,,0.01421639,0.012794751,1.615038573,72.364561238,-0.001368516,lost,-0.022318087,0.0
444,bootstrap,player_00763,occasional_player,0.095350294,0.202019816,1.10832357,0.105678978,20,,0.058454993,0.052609494,1.545657977,16.210311599,-0.00901768,lost,-0.095350294,0.0
444,countdown,player_00873,occasional_player,0.645711475,0.29737011,1.0,0.645711475,20,,0.357167154,0.321450438,1.022814855,1.584012201,-0.109362955,won,1.022814855,0.053832361
444,countdown,player_00874,opportunistic_player,0.159864849,0.943081585,1.0,0.159864849,20,,0.088427224,0.079584501,1.48436915,9.285150293,-0.029009306,lost,-0.159864849,0.0
444,countdown,player_00708,player_whale,0.415773421,1.102946434,1.0,0.415773421,20,,0.229979821,0.206981839,1.241256006,2.985414515,-0.072798423,lost,-0.415773421,0.0
444,countdown,player_00875,player_whale,0.185586451,1.518719855,1.0,0.185586451,20,,0.102654803,0.092389323,1.459933628,7.866595971,-0.033557965,lost,-0.185586451,0.0
445,bootstrap,player_00249,occasional_player,0.090072832,0,1.5,0.135109248,0,,0.175182704,0.157664434,0.581141418,6.451905697,0.015753782,lost,-0.090072832,0.0
445,bootstrap,player_00496,occasional_player,0.106527403,0.090072832,1.335576616,0.142275508,10,,0.184474479,0.166027031,0.565509575,5.308583139,0.005048902,won,0.565509575,0.029763662
445,bootstrap,player_00584,occasional_player,0.055527605,0.196600235,1.141116247,0.063363452,20,,0.082157077,0.073941369,0.613959384,11.056831706,-0.006024821,lost,-0.055527605,0.0
445,countdown,player_00719,occasional_player,0.217409805,0.25212784,1.0,0.217409805,20,,0.281893638,0.253704275,0.460171294,2.116607821,-0.045504584,lost,-0.217409805,0.0
445,countdown,player_00876,occasional_player,0.213089633,0.469537645,1.0,0.213089633,20,,0.276292102,0.248662891,0.464275457,2.178780124,-0.044654071,lost,-0.213089633,0.0
446,bootstrap,player_00877,occasional_player,0.02515418,0,1.5,0.03773127,0,,0.047504369,0.042753932,0.604981852,24.050947073,0.001786613,lost,-0.02515418,0.0
446,bootstrap,player_00878,occasional_player,0.048134711,0.02515418,1.454050156,0.069990284,10,,0.088119067,0.07930716,0.583150347,12.114965173,0.001930714,lost,-0.048134711,0.0
446,bootstrap,player_00696,opportunistic_player,0.319619792,0.073288891,1.366121133,0.436639352,20,,0.54973705,0.494763345,0.32523952,1.017582542,-0.000567042,won,0.32523952,0.017117869
446,countdown,player_00879,occasional_player,0.049309411,0.392908683,1.0,0.049309411,20,,0.062081464,0.055873317,0.582034382,11.803718004,-0.014034139,lost,-0.049309411,0.0
446,countdown,player_00880,occasional_player,0.075829782,0.442218094,1.0,0.075829782,20,,0.095471103,0.085923993,0.55684003,7.343289342,-0.021468266,lost,-0.075829782,0.0
446,countdown,player_00881,opportunistic_player,0.124769365,0.518047876,1.0,0.124769365,20,,0.157086947,0.141378252,0.510347426,4.090326388,-0.034977663,lost,-0.124769365,0.0
447,bootstrap,player_00544,occasional_player,0.039882377,0.145827675,1.235484766,0.049274069,10,,0.091292218,0.082162997,0.437537961,10.970709212,-0.000656091,lost,-0.039882377,0.0
447,bootstrap,player_00307,occasional_player,0.036677395,0.185710052,1.163142557,0.042661039,20,,0.079039969,0.071135972,0.440582694,12.012376933,-0.002727035,lost,-0.036677395,0.0
447,bootstrap,player_00882,occasional_player,0.07577306,0.076559772,1.361129062,0.103136914,30,,0.191086262,0.171977636,0.403441812,5.324343664,0.006641181,lost,-0.07577306,0.0
447,bootstrap,player_00190,occasional_player,0.018882425,0.152332832,1.223685133,0.023106143,40,,0.04280976,0.038528784,0.457487915,24.228239495,-0.000528455,lost,-0.018882425,0.0
447,bootstrap,player_00275,occasional_player,0.061361965,0.171215257,1.189434508,0.072986039,50,,0.13522442,0.121701978,0.417132352,6.79789756,-0.00312826,lost,-0.061361965,0.0
447,countdown,player_00259,occasional_player,0.248575873,0.232577222,1.0,0.248575873,50,,0.46054737,0.414492633,0.23927914,0.962600017,-0.046363564,lost,-0.248575873,0.0
447,bootstrap,player_00848,occasional_player,0.145827675,0,1.5,0.218741512,0,30,0.0,0.0,0.0,0.0,0.0,pending_withdrawn,0.0,0.0
448,bootstrap,player_00832,opportunistic_player,0.1729532,0,1.5,0.2594298,0,,0.299961164,0.269965047,0.501407986,2.899096324,0.00910075,lost,-0.1729532,0.0
448,bootstrap,player_00555,occasional_player,0.508182357,0.1729532,1.191399413,0.605448162,10,,0.700038836,0.630034953,0.182940287,0.35998945,-0.072750935,won,0.182940287,0.009628436
449,bootstrap,player_00697,occasional_player,0.268680835,0,1.5,0.403021252,0,,0.799441982,0.719497783,0.112367257,0.418218356,0.005482423,lost,-0.268680835,0.0
449,bootstrap,player_00407,occasional_player,0.098361814,0.268680835,1.02790859,0.101106954,10,,0.200558018,0.180502217,0.274170327,2.787365502,-0.031118937,won,0.274170327,0.014430017
450,bootstrap,player_00883,opportunistic_player,0.05352241,0,1.5,0.080283615,0,,0.153900225,0.138510202,0.353288824,6.600764501,0.002825096,lost,-0.05352241,0.0
450,bootstrap,player_00695,opportunistic_player,0.220292206,0.05352241,1.404561867,0.309414032,10,,0.593133344,0.533820009,0.194857518,0.884541134,0.001323023,lost,-0.220292206,0.0
450,countdown,player_00884,occasional_player,0.07732325,0.273814616,1.0,0.07732325,10,,0.148225333,0.133402799,0.330678026,4.276566569,-0.022894738,lost,-0.07732325,0.0
450,countdown,player_00479,occasional_player,0.054639258,0.351137866,1.0,0.054639258,10,,0.104741099,0.094266989,0.352227818,6.446423894,-0.016285124,won,0.352227818,0.018538306
451,bootstrap,player_00293,occasional_player,0.093915619,0,1.5,0.140873429,0,,0.083870354,0.075483319,1.410720871,15.021152881,0.019659337,lost,-0.093915619,0.0
451,bootstrap,player_00276,occasional_player,0.048619785,0.093915619,1.332417675,0.064781861,10,,0.038568506,0.034711655,1.453751913,29.900418383,0.003530023,lost,-0.048619785,0.0
451,bootstrap,player_00782,occasional_player,0.043250188,0.142535404,1.245660896,0.053875068,20,,0.032075041,0.028867537,1.45885303,33.730559283,0.000111832,lost,-0.043250188,0.0
451,bootstrap,player_00269,opportunistic_player,0.276829662,0.185785592,1.168485585,0.32347147,30,,0.192581859,0.173323673,1.23695253,4.468280318,-0.014455372,won,1.23695253,0.065102765
451,countdown,player_00824,occasional_player,0.334246878,0.462615254,1.0,0.334246878,30,,0.198997102,0.179097392,1.182406175,3.537523467,-0.062618272,lost,-0.334246878,0.0
451,countdown,player_00726,occasional_player,0.355231268,0.796862132,1.0,0.355231268,30,,0.211490361,0.190341325,1.162471004,3.272434352,-0.066349807,lost,-0.355231268,0.0
451,countdown,player_00507,occasional_player,0.232422682,1.1520934,1.0,0.232422682,30,,0.138375085,0.124537577,1.279139161,5.503504004,-0.044176433,lost,-0.232422682,0.0
451,countdown,player_00685,occasional_player,0.151853537,1.384516082,1.0,0.151853537,30,,0.090407468,0.081366721,1.355679849,8.927548713,-0.029190489,lost,-0.151853537,0.0
451,countdown,player_00370,occasional_player,0.022900819,1.536369619,1.0,0.022900819,30,,0.013634223,0.012270801,1.478184931,64.54725182,-0.004481294,lost,-0.022900819,0.0
452,bootstrap,player_00655,occasional_player,0.139306786,0,1.5,0.208960179,0,,0.333857551,0.300471796,0.39187669,2.8130481,0.020298867,won,0.39187669,0.020625089
452,bootstrap,player_00521,player_whale,0.056098538,0.139306786,1.251247891,0.070193177,10,,0.112148268,0.100933441,0.470924525,8.394595333,-0.002904287,lost,-0.056098538,0.0
452,bootstrap,player_00089,occasional_player,0.021285504,0.195405324,1.15107596,0.024501232,20,,0.039145838,0.035231254,0.503996908,23.677940987,-0.002779146,lost,-0.021285504,0.0
452,bootstrap,player_00541,occasional_player,0.05947486,0.216690828,1.113067661,0.066199543,30,,0.105767603,0.095190843,0.467717019,7.864112995,-0.009291021,lost,-0.05947486,0.0
452,countdown,player_00885,occasional_player,0.256042088,0.276165688,1.0,0.256042088,30,,0.409080739,0.368172665,0.280978153,1.097390491,-0.058325915,lost,-0.256042088,0.0
453,bootstrap,player_00403,occasional_player,0.273037119,0,1.5,0.409555678,0,,0.602979647,0.542681682,0.274984894,1.007133739,0.024364389,won,0.274984894,0.014472889
453,countdown,player_00887,occasional_player,0.033365055,0.273037119,1.0,0.033365055,10,,0.049122623,0.044210361,0.502673355,15.06586323,-0.009666604,lost,-0.033365055,0.0
453,countdown,player_00888,occasional_player,0.190533029,0.306402174,1.0,0.190533029,10,,0.280517509,0.252465758,0.35336378,1.854606426,-0.053217709,lost,-0.190533029,0.0
453,countdown,player_00889,occasional_player,0.045765976,0.496935203,1.0,0.045765976,10,,0.067380221,0.060642199,0.49089248,10.726144688,-0.013221827,lost,-0.045765976,0.0
454,bootstrap,player_00087,occasional_player,0.092153237,0,1.5,0.138229855,0,,0.342137439,0.307923695,0.226925391,2.462478785,0.006098633,lost,-0.092153237,0.0
454,bootstrap,player_00543,occasional_player,0.111595369,0.092153237,1.340581289,0.149602664,10,,0.370286668,0.333258001,0.208455366,1.867957134,-0.004935901,lost,-0.111595369,0.0
454,bootstrap,player_00458,occasional_player,0.014974256,0.203748606,1.147529038,0.017183394,20,,0.042531206,0.038278085,0.300245423,20.05077401,-0.00290825,lost,-0.014974256,0.0
454,bootstrap,player_00835,occasional_player,0.057023028,0.218722862,1.121624613,0.063958432,30,,0.158305701,0.142475131,0.26029909,4.564806513,-0.011812518,won,0.26029909,0.013699952
454,countdown,player_00890,occasional_player,0.035044155,0.27574589,1.0,0.035044155,30,,0.086738986,0.078065087,0.281179019,8.023563957,-0.010358165,lost,-0.035044155,0.0
455,bootstrap,player_00324,occasional_player,0.214506697,0,1.5,0.321760045,0,,0.274710736,0.247239662,0.806649173,3.760484796,0.037963535,won,0.806649173,0.04245522
455,bootstrap,player_00857,player_whale,0.162795161,0.214506697,1.125689263,0.183256765,10,,0.156460075,0.140814067,0.855775132,5.256760255,-0.019366135,lost,-0.162795161,0.0
455,countdown,player_00891,occasional_player,0.046252029,0.377301858,1.0,0.046252029,10,,0.039488834,0.03553995,0.966491107,20.896188303,-0.010259188,lost,-0.046252029,0.0
455,countdown,player_00892,occasional_player,0.124681737,0.423553887,1.0,0.124681737,10,,0.106450171,0.095805154,0.891982885,7.154078105,-0.027280027,lost,-0.124681737,0.0
455,countdown,player_00688,occasional_player,0.22944397,0.548235624,1.0,0.22944397,10,,0.195893563,0.176304207,0.792458763,3.453822576,-0.049278219,lost,-0.22944397,0.0
455,countdown,player_00893,player_whale,0.232944216,0.777679594,1.0,0.232944216,10,,0.198881987,0.178993788,0.78913353,3.387650242,-0.049998649,lost,-0.232944216,0.0
455,countdown,player_00662,occasional_player,0.032929788,1.01062381,1.0,0.032929788,10,,0.028114635,0.025303172,0.979147236,29.734392348,-0.007321029,lost,-0.032929788,0.0
456,bootstrap,player_00124,occasional_player,0.036342821,0,1.5,0.054514231,0,,0.111918193,0.100726374,0.318553142,8.765228828,-0.000595438,lost,-0.036342821,0.0
456,bootstrap,player_00376,opportunistic_player,0.268705418,0.036342821,1.436537938,0.386005527,10,,0.792472722,0.71322545,0.097808675,0.363999639,-0.007298239,won,0.097808675,0.005147825
456,countdown,player_00617,occasional_player,0.046570228,0.305048239,1.0,0.046570228,10,,0.095609085,0.086048177,0.308837106,6.631642552,-0.015988075,lost,-0.046570228,0.0
457,bootstrap,player_00341,occasional_player,0.084147415,0.063933561,1.388280612,0.116820225,20,,0.042358193,0.038122374,2.376104846,28.237407483,0.009643241,lost,-0.084147415,0.0
457,bootstrap,player_00684,opportunistic_player,0.45319667,0.084147415,1.352958328,0.613156209,30,,0.222326133,0.20009352,2.025508054,4.469379825,0.042776083,won,2.025508054,0.106605687
457,countdown,player_00856,occasional_player,0.1199213,0.537344085,1.0,0.1199213,30,,0.043482621,0.039134359,2.342119655,19.530472528,-0.023570906,lost,-0.1199213,0.0
457,countdown,player_00462,occasional_player,0.075415389,0.657265385,1.0,0.075415389,30,,0.02734509,0.024610581,2.384400271,31.616892816,-0.014877896,lost,-0.075415389,0.0
457,countdown,player_00894,occasional_player,0.231314965,0.732680774,1.0,0.231314965,30,,0.083873181,0.075485863,2.236295673,9.667751818,-0.045045246,lost,-0.231314965,0.0
457,countdown,player_00895,occasional_player,0.333444435,0.963995739,1.0,0.333444435,30,,0.120904609,0.108814148,2.139272677,6.415679653,-0.064377828,lost,-0.333444435,0.0
457,countdown,player_00192,player_whale,1.267840816,1.297440174,1.0,1.267840816,30,,0.459710172,0.413739155,1.251596115,0.987187113,-0.225451109,lost,-1.267840816,0.0
457,bootstrap,player_00697,occasional_player,0.257155044,0,1.5,0.385732566,0,10,0.0,0.0,0.0,0.0,0.0,pending_withdrawn,0.0,0.0
457,bootstrap,player_00483,occasional_player,0.063933561,0,1.5,0.095900341,10,30,0.0,0.0,0.0,0.0,0.0,pending_withdrawn,0.0,0.0
458,bootstrap,player_00153,occasional_player,0.026771992,0,1.5,0.040157988,0,,0.060635904,0.054572314,0.515030559,19.237662961,0.002795427,lost,-0.026771992,0.0
458,bootstrap,player_00623,occasional_player,0.200498634,0.026771992,1.459242322,0.292576092,10,,0.441770534,0.397593481,0.349990249,1.745599169,0.018372157,won,0.349990249,0.018420539
458,bootstrap,player_00352,occasional_player,0.070763624,0.227270626,1.154003224,0.08166145,20,,0.123303385,0.110973046,0.473238508,6.687595713,-0.01039405,lost,-0.070763624,0.0
458,countdown,player_00896,occasional_player,0.247885155,0.29803425,1.0,0.247885155,20,,0.374290177,0.33686116,0.304973054,1.23029979,-0.061648698,lost,-0.247885155,0.0
459,bootstrap,player_00172,occasional_player,0.10521759,0,1.5,0.157826385,0,,0.156854929,0.141169436,0.717284223,6.817151231,0.010894527,lost,-0.10521759,0.0
459,bootstrap,player_00350,opportunistic_player,0.342370613,0.10521759,1.339704546,0.458675467,10,,0.45585222,0.410266998,0.491988851,1.437006661,-6.0461e-05,won,0.491988851,0.02589415
459,countdown,player_00897,occasional_player,0.194502677,0.447588203,1.0,0.194502677,10,,0.193305471,0.173974924,0.632463391,3.251695042,-0.050631319,lost,-0.194502677,0.0
459,countdown,player_00898,opportunistic_player,0.19518881,0.64209088,1.0,0.19518881,10,,0.19398738,0.174588642,0.631811564,3.23692513,-0.050803937,lost,-0.19518881,0.0
460,bootstrap,player_00515,occasional_player,0.228018848,0,1.5,0.342028272,0,,0.447221288,0.402499159,0.408269692,1.790508529,0.028086755,lost,-0.228018848,0.0
460,bootstrap,player_00224,occasional_player,0.053345367,0.228018848,1.15237763,0.061474008,10,,0.080380738,0.072342665,0.574209499,10.763999413,-0.007946376,lost,-0.053345367,0.0
460,bootstrap,player_00033,occasional_player,0.110184077,0.281364215,1.071050831,0.118012747,20,,0.154308334,0.1388775,0.520212725,4.721305825,-0.022636145,lost,-0.110184077,0.0
460,countdown,player_00899,occasional_player,0.11778546,0.391548292,1.0,0.11778546,20,,0.154011143,0.138610029,0.512991411,4.355303369,-0.03035346,won,0.512991411,0.026999548
460,countdown,player_00900,opportunistic_player,0.125484824,0.509333752,1.0,0.125484824,20,,0.164078497,0.147670647,0.505677015,4.029786223,-0.032280747,lost,-0.125484824,0.0
461,bootstrap,player_00505,opportunistic_player,0.071582751,0,1.5,0.107374127,0,,0.140210186,0.126189167,0.562341189,7.855819742,0.008411583,lost,-0.071582751,0.0
461,bootstrap,player_00050,occasional_player,0.228862377,0.071582751,1.390793254,0.31830025,10,,0.415639581,0.374075623,0.412925544,1.804252622,0.011214839,won,0.412925544,0.021732923
461,countdown,player_00374,occasional_player,0.172054877,0.300445128,1.0,0.172054877,10,,0.224670942,0.202203848,0.466892669,2.713626472,-0.042857225,lost,-0.172054877,0.0
461,countdown,player_00901,occasional_player,0.168079067,0.472500005,1.0,0.168079067,10,,0.219479291,0.197531362,0.470669688,2.800287369,-0.041906156,lost,-0.168079067,0.0
462,bootstrap,player_00729,player_whale,0.735839184,0,1.5,1.103758776,0,,0.825706621,0.743135959,0.242931132,0.330141609,-0.008479767,won,0.242931132,0.012785849
462,countdown,player_00902,opportunistic_player,0.151013231,0.735839184,1.0,0.151013231,0,,0.112970902,0.101673812,0.798515787,5.287720698,-0.054470996,lost,-0.151013231,0.0
462,countdown,player_00903,occasional_player,0.081972483,0.886852415,1.0,0.081972483,0,,0.061322477,0.055190229,0.864104498,10.54139714,-0.029758278,lost,-0.081972483,0.0
463,bootstrap,player_00560,occasional_player,0.270887576,0,1.5,0.406331364,0,,0.312955647,0.281660083,0.866918106,3.200287437,0.049586866,lost,-0.270887576,0.0
463,bootstrap,player_00232,occasional_player,0.02670083,0.270887576,1.082614265,0.028906699,10,,0.022263885,0.020037496,1.098895515,41.155856016,-0.004146697,lost,-0.02670083,0.0
463,countdown,player_00904,occasional_player,0.098024603,0.297588406,1.0,0.098024603,10,,0.075498364,0.067948527,1.031137931,10.519174769,-0.021299672,lost,-0.098024603,0.0
463,countdown,player_00106,occasional_player,0.412655912,0.395613009,1.0,0.412655912,10,,0.317826802,0.286044122,0.732238187,1.774452191,-0.085165685,lost,-0.412655912,0.0
463,countdown,player_00396,opportunistic_player,0.352448675,0.808268921,1.0,0.352448675,10,,0.271455302,0.244309772,0.789435062,2.239858221,-0.07347532,won,0.789435062,0.041549214
464,bootstrap,player_00905,occasional_player,0.140819044,0,1.5,0.211228566,0,,0.340877693,0.306789924,0.374386053,2.65863226,0.017240688,won,0.374386053,0.019704529
464,bootstrap,player_00906,occasional_player,0.084406984,0.140819044,1.279446077,0.107994185,10,,0.174279499,0.156851549,0.42797751,5.07040401,-0.004038682,lost,-0.084406984,0.0
464,bootstrap,player_00544,occasional_player,0.08897547,0.225226028,1.147245978,0.10207675,20,,0.164730025,0.148257023,0.423637448,4.761283627,-0.012977005,lost,-0.08897547,0.0
464,countdown,player_00907,occasional_player,0.198361364,0.314201498,1.0,0.198361364,20,,0.320112783,0.288101505,0.319720849,1.611810096,-0.049101099,lost,-0.198361364,0.0
465,bootstrap,player_00898,opportunistic_player,0.342947853,0,1.5,0.51442178,0,,0.598909552,0.539018597,0.348498006,1.016183665,0.029754324,won,0.348498006,0.018342
465,countdown,player_00450,occasional_player,0.211450165,0.342947853,1.0,0.211450165,0,,0.246178386,0.221560548,0.47342081,2.238923814,-0.059709777,lost,-0.211450165,0.0
465,countdown,player_00908,occasional_player,0.13305872,0.554398018,1.0,0.13305872,0,,0.154912061,0.139420855,0.547892683,4.117675885,-0.038119893,lost,-0.13305872,0.0
466,bootstrap,player_00909,opportunistic_player,0.238391442,0,1.5,0.357587163,0,,0.295478073,0.265930265,0.767043381,3.21757935,0.028984107,lost,-0.238391442,0.0
466,bootstrap,player_00292,occasional_player,0.544558906,0.238391442,1.123717425,0.611930331,10,,0.505644535,0.455080081,0.47618429,0.874440368,-0.080039009,lost,-0.544558906,0.0
466,countdown,player_00425,occasional_player,0.023910848,0.782950348,1.0,0.023910848,10,,0.019757788,0.017782009,0.970799945,40.600816221,-0.006222892,lost,-0.023910848,0.0
466,countdown,player_00671,occasional_player,0.216770303,0.806861196,1.0,0.216770303,10,,0.179119605,0.161207644,0.787583463,3.633262731,-0.054860798,won,0.787583463,0.041451761
467,bootstrap,player_00872,opportunistic_player,0.129149711,0,1.5,0.193724567,0,,0.099078194,0.089170374,1.543617804,11.952158409,0.020011594,lost,-0.129149711,0.0
467,bootstrap,player_00316,occasional_player,0.084443252,0.129149711,1.294607621,0.109320878,10,,0.055910901,0.050319811,1.58608894,18.782897424,-0.000382388,lost,-0.084443252,0.0
467,bootstrap,player_00910,occasional_player,0.834701734,0.213592963,1.16031386,0.968515991,20,,0.495336324,0.445802691,0.873343383,1.04629396,-0.073250624,lost,-0.834701734,0.0
467,countdown,player_00048,occasional_player,0.321794455,1.048294697,1.0,0.321794455,20,,0.164578059,0.148120253,1.360605298,4.228181302,-0.072596977,lost,-0.321794455,0.0
467,countdown,player_00911,occasional_player,0.1769264,1.370089152,1.0,0.1769264,20,,0.090486965,0.081438268,1.49822995,8.468097185,-0.040504567,lost,-0.1769264,0.0
467,countdown,player_00912,occasional_player,0.122065439,1.547015552,1.0,0.122065439,20,,0.06242896,0.056186064,1.550347863,12.700956761,-0.028099119,lost,-0.122065439,0.0
467,countdown,player_00676,occasional_player,0.06292174,1.669080991,1.0,0.06292174,20,,0.032180598,0.028962538,1.606534377,25.532262408,-0.014570054,lost,-0.06292174,0.0
468,bootstrap,player_00719,occasional_player,0.411331928,0,1.5,0.616997892,0,,0.40220422,0.361983798,0.893192882,2.171464992,0.060884918,lost,-0.411331928,0.0
468,countdown,player_00913,opportunistic_player,0.152045585,0.411331928,1.0,0.152045585,0,,0.0991144,0.08920296,1.139514908,7.494560975,-0.036834566,lost,-0.152045585,0.0
468,countdown,player_00914,opportunistic_player,0.40846362,0.563377513,1.0,0.40846362,0,,0.266266375,0.239639737,0.895917774,2.193384504,-0.095882005,lost,-0.40846362,0.0
468,countdown,player_00915,occasional_player,0.200787528,0.971841133,1.0,0.200787528,0,,0.130887953,0.117799158,1.093210062,5.44461139,-0.048355702,lost,-0.200787528,0.0
468,countdown,player_00027,occasional_player,0.011044281,1.172628661,1.0,0.011044281,0,,0.007199468,0.006479521,1.273466147,115.305482224,-0.002721269,lost,-0.011044281,0.0
468,countdown,player_00916,occasional_player,0.144702411,1.183672942,1.0,0.144702411,0,,0.094327584,0.084894825,1.146490923,7.92309482,-0.035086778,won,1.146490923,0.060341628
469,bootstrap,player_00709,occasional_player,0.032230754,0,1.5,0.048346131,0,,0.046749812,0.042074831,0.862649017,26.764779284,0.005421161,lost,-0.032230754,0.0
469,bootstrap,player_00917,occasional_player,0.025845776,0.032230754,1.451257095,0.037508866,10,,0.036270378,0.03264334,0.868714746,33.611478567,0.003355667,lost,-0.025845776,0.0
469,bootstrap,player_00918,occasional_player,0.05340355,0.05807653,1.412170259,0.075414905,20,,0.072924815,0.065632333,0.842534861,15.776757552,0.005398978,lost,-0.05340355,0.0
469,bootstrap,player_00363,occasional_player,0.099531303,0.11148008,1.331407514,0.132516725,30,,0.128141216,0.115327094,0.798713495,8.024746701,0.00406066,lost,-0.099531303,0.0
469,bootstrap,player_00768,occasional_player,0.189245876,0.211011383,1.180885288,0.223477671,40,,0.216098764,0.194488888,0.713484651,3.770146363,-0.01367482,lost,-0.189245876,0.0
469,countdown,player_00919,occasional_player,0.222770053,0.400257259,1.0,0.222770053,40,,0.215414511,0.19387306,0.681636683,3.059821882,-0.047429952,won,0.681636683,0.035875615
469,countdown,player_00144,occasional_player,0.160672039,0.623027312,1.0,0.160672039,40,,0.155366883,0.139830194,0.740629796,4.609574888,-0.034642828,lost,-0.160672039,0.0
469,countdown,player_00920,opportunistic_player,0.076352989,0.783699351,1.0,0.076352989,40,,0.073831925,0.066448732,0.820732894,10.749191413,-0.016742769,lost,-0.076352989,0.0
469,countdown,player_00921,occasional_player,0.057086614,0.86005234,1.0,0.057086614,40,,0.055201697,0.049681528,0.83903595,14.697595306,-0.012565876,lost,-0.057086614,0.0
470,bootstrap,player_00484,occasional_player,0.135010873,0,1.5,0.202516309,10,,0.193595928,0.174236335,0.771993002,5.718006148,0.023022158,lost,-0.135010873,0.0
470,bootstrap,player_00240,opportunistic_player,0.182847146,0.135010873,1.295678626,0.236911139,20,,0.226475744,0.20382817,0.726548542,3.973529576,0.002513313,won,0.726548542,0.038239397
470,countdown,player_00562,occasional_player,0.199236917,0.317858019,1.0,0.199236917,20,,0.190460986,0.171414887,0.71097826,3.568506634,-0.043212485,lost,-0.199236917,0.0
470,countdown,player_00463,occasional_player,0.407412953,0.517094936,1.0,0.407412953,20,,0.389467342,0.350520608,0.513211026,1.259682644,-0.084715276,lost,-0.407412953,0.0
470,bootstrap,player_00116,occasional_player,0.02351606,0,1.5,0.03527409,0,10,0.0,0.0,0.0,0.0,0.0,pending_withdrawn,0.0,0.0
471,bootstrap,player_00281,occasional_player,0.527760801,0,1.5,0.791641202,0,,0.272267792,0.245041012,2.032053528,3.850330536,0.099498694,lost,-0.527760801,0.0
471,countdown,player_00108,occasional_player,0.064698388,0.527760801,1.0,0.064698388,0,,0.022251605,0.020026444,2.47196282,38.207487027,-0.013898083,lost,-0.064698388,0.0
471,countdown,player_00045,opportunistic_player,0.043270686,0.592459189,1.0,0.043270686,0,,0.014882012,0.013393811,2.492319137,57.598327355,-0.009309475,lost,-0.043270686,0.0
471,countdown,player_00035,opportunistic_player,2.007972723,0.635729875,1.0,2.007972723,0,,0.690598591,0.621538732,0.625852202,0.311683617,-0.370948519,lost,-2.007972723,0.0
472,bootstrap,player_00808,occasional_player,0.031475305,0,1.5,0.047212957,0,,0.056332885,0.050699596,0.59629693,18.944913475,0.000352494,lost,-0.031475305,0.0
472,bootstrap,player_00303,occasional_player,0.038676152,0.031475305,1.455614963,0.056297586,10,,0.067172353,0.060455118,0.589456125,15.240816231,-0.000702341,lost,-0.038676152,0.0
472,bootstrap,player_00922,occasional_player,0.424885243,0.070151457,1.401075621,0.595296356,30,,0.710287241,0.639258516,0.222557489,0.523806116,-0.011001963,won,0.222557489,0.011713552
472,countdown,player_00495,occasional_player,0.107680042,0.4950367,1.0,0.107680042,30,,0.128480141,0.115632127,0.52390243,4.865362419,-0.034648817,lost,-0.107680042,0.0
472,countdown,player_00451,occasional_player,0.031619563,0.602716742,1.0,0.031619563,30,,0.037727381,0.033954642,0.596159885,18.854146868,-0.010303536,lost,-0.031619563,0.0
472,bootstrap,player_00896,occasional_player,0.094490741,0.070151457,1.401075621,0.132388674,20,30,0.0,0.0,0.0,0.0,0.0,pending_withdrawn,0.0,0.0
473,bootstrap,player_00923,occasional_player,0.175434852,0,1.5,0.263152278,0,,0.097757743,0.087981968,2.005582804,11.432065985,0.016455374,lost,-0.175434852,0.0
473,bootstrap,player_00627,occasional_player,1.356349969,0.175434852,1.252436493,1.698742198,10,,0.631061239,0.567955115,0.883713443,0.651537924,-0.084094496,won,0.883713443,0.046511234
473,countdown,player_00416,occasional_player,0.675758987,1.531784821,1.0,0.675758987,10,,0.251035916,0.225932324,1.530274876,2.264527598,-0.177344629,lost,-0.675758987,0.0
473,countdown,player_00541,occasional_player,0.054228233,2.207543808,1.0,0.054228233,10,,0.020145103,0.018130592,2.120729092,39.107471787,-0.014794968,lost,-0.054228233,0.0
474,bootstrap,player_00591,occasional_player,0.062013398,0,1.5,0.093020097,0,,0.060019227,0.054017304,1.31404374,21.189674852,0.012317499,lost,-0.062013398,0.0
474,bootstrap,player_00807,player_whale,0.230332791,0.062013398,1.412428983,0.32532871,10,,0.209911388,0.188920249,1.154140317,5.010751234,0.031222213,won,1.154140317,0.060744227
474,bootstrap,player_00598,occasional_player,0.039045962,0.292346189,1.087169001,0.042449559,20,,0.027389669,0.024650703,1.335862804,34.212572463,-0.005153495,lost,-0.039045962,0.0
474,countdown,player_00801,player_whale,0.948262587,0.331392151,1.0,0.948262587,20,,0.611846141,0.550661527,0.472107011,0.497865272,-0.166119696,lost,-0.948262587,0.0
474,countdown,player_00924,occasional_player,0.140777354,1.279654738,1.0,0.140777354,20,,0.090833575,0.081750217,1.239217982,8.802679882,-0.027962435,lost,-0.140777354,0.0
475,bootstrap,player_00106,occasional_player,0.326757492,0,1.5,0.490136238,0,,0.749300328,0.674370295,0.178209897,0.545388864,0.013777515,won,0.178209897,0.009379468
475,bootstrap,player_00460,occasional_player,0.015351842,0.326757492,1.022356109,0.015695049,10,,0.023993952,0.021594557,0.474045265,30.878722237,-0.004783528,lost,-0.015351842,0.0
475,countdown,player_00925,occasional_player,0.148293928,0.342109334,1.0,0.148293928,10,,0.22670572,0.204035148,0.347750283,2.345006892,-0.047083474,lost,-0.148293928,0.0
476,bootstrap,player_00728,occasional_player,0.132477965,0,1.5,0.198716948,0,,0.121749148,0.109574234,1.24437921,9.393103295,0.018390105,lost,-0.132477965,0.0
476,bootstrap,player_00926,occasional_player,0.481759081,0.132477965,1.306212199,0.629279589,10,,0.38554464,0.346990176,0.912562149,1.894229264,0.002056688,won,0.912562149,0.048029587
476,countdown,player_00927,player_whale,0.506487043,0.614237046,1.0,0.506487043,10,,0.310312567,0.27928131,0.889070585,1.75536689,-0.11673388,lost,-0.506487043,0.0
476,countdown,player_00928,occasional_player,0.297699893,1.120724089,1.0,0.297699893,10,,0.182393645,0.164154281,1.087418378,3.65273352,-0.0703268,lost,-0.297699893,0.0
477,bootstrap,player_00898,opportunistic_player,0.368477459,0,1.5,0.552716189,0,,0.841065601,0.75695904,0.124511197,0.33790723,0.004694761,won,0.124511197,0.006553221
477,bootstrap,player_00579,occasional_player,0.023571452,0.368477459,1.026690216,0.024200579,10,,0.036825906,0.033143316,0.452171904,19.183031407,-0.00780374,lost,-0.023571452,0.0
477,countdown,player_00929,occasional_player,0.080245038,0.392048911,1.0,0.080245038,10,,0.122108493,0.109897644,0.398331997,4.963945526,-0.027650549,lost,-0.080245038,0.0
478,bootstrap,player_00690,occasional_player,0.028421379,0,1.5,0.042632069,0,,0.048368112,0.043531301,0.725432541,25.524185193,0.004394863,lost,-0.028421379,0.0
478,bootstrap,player_00634,opportunistic_player,0.063238836,0.028421379,1.462830494,0.092507698,10,,0.104954387,0.094458949,0.692355957,10.948271674,0.008133854,lost,-0.063238836,0.0
478,bootstrap,player_00023,occasional_player,0.013817484,0.091660215,1.380126687,0.019069878,20,,0.021635684,0.019472116,0.739306241,53.505127366,0.000847429,won,0.739306241,0.038910855
478,bootstrap,player_00925,occasional_player,0.128876294,0.105477699,1.362056168,0.175536751,30,,0.199154801,0.179239321,0.630000372,4.88841161,0.007144244,lost,-0.128876294,0.0
478,bootstrap,player_00305,occasional_player,0.107198127,0.234353993,1.193511633,0.127942212,40,,0.14515653,0.130640877,0.65059463,6.069085801,-0.008199416,lost,-0.107198127,0.0
478,countdown,player_00593,occasional_player,0.073789188,0.34155212,1.0,0.073789188,40,,0.083717347,0.075345612,0.682333122,9.247060999,-0.01681869,lost,-0.073789188,0.0
478,countdown,player_00930,opportunistic_player,0.270409657,0.415341308,1.0,0.270409657,40,,0.306792629,0.276113366,0.495543677,1.832566494,-0.058919704,lost,-0.270409657,0.0
478,countdown,player_00569,occasional_player,0.038803169,0.685750965,1.0,0.038803169,40,,0.044024042,0.039621638,0.715569841,18.441015489,-0.008913675,lost,-0.038803169,0.0
478,countdown,player_00189,occasional_player,0.040717963,0.724554134,1.0,0.040717963,40,,0.046196467,0.041576821,0.713750786,17.529137846,-0.009349551,lost,-0.040717963,0.0
479,bootstrap,player_00931,occasional_player,0.080966078,0,1.5,0.121449117,0,,0.098909545,0.089018591,1.012720478,12.507960156,0.016392358,lost,-0.080966078,0.0
479,bootstrap,player_00683,opportunistic_player,0.08837957,0.080966078,1.394038316,0.123204507,10,,0.100339155,0.090305239,1.00567766,11.379073922,0.01041953,lost,-0.08837957,0.0
479,bootstrap,player_00389,occasional_player,0.045682323,0.169345648,1.278374468,0.058399115,20,,0.047560905,0.042804814,1.046240045,22.902514061,0.001057211,lost,-0.045682323,0.0
479,bootstrap,player_00092,occasional_player,0.089720812,0.215027971,1.218589234,0.109332816,30,,0.089041891,0.080137702,1.00440348,11.194765829,-0.002040205,lost,-0.089720812,0.0
479,countdown,player_00768,occasional_player,0.466536937,0.304748783,1.0,0.466536937,30,,0.379952998,0.341957699,0.646428162,1.385588386,-0.085949953,lost,-0.466536937,0.0
479,countdown,player_00898,opportunistic_player,0.348958164,0.77128572,1.0,0.348958164,30,,0.284195506,0.255775955,0.758127996,2.172546953,-0.065792144,lost,-0.348958164,0.0
480,bootstrap,player_00932,occasional_player,0.023944626,0,1.5,0.035916939,0,,0.064474,0.0580266,0.422419496,17.64151574,0.001956366,lost,-0.023944626,0.0
480,bootstrap,player_00438,occasional_player,0.080569196,0.023944626,1.469512507,0.118397441,10,,0.212533607,0.191280247,0.368626155,4.575274091,0.005353002,lost,-0.080569196,0.0
480,bootstrap,player_00551,occasional_player,0.012671886,0.104513822,1.366927784,0.017321553,20,,0.03109368,0.027984312,0.433128599,34.180279042,-0.000196466,lost,-0.012671886,0.0
480,bootstrap,player_00351,occasional_player,0.164105412,0.117185708,1.350793306,0.221672492,30,,0.397921222,0.3581291,0.28926675,1.762688666,-0.001739648,won,0.28926675,0.015224566
480,bootstrap,player_00556,occasional_player,0.027854159,0.28129112,1.141846102,0.031805163,40,,0.057093008,0.051383707,0.41870544,15.032061823,-0.004908271,lost,-0.027854159,0.0
480,countdown,player_00933,occasional_player,0.131962737,0.309145279,1.0,0.131962737,40,,0.236884483,0.213196034,0.319802291,2.423428752,-0.035648225,lost,-0.131962737,0.0
481,bootstrap,player_00876,occasional_player,0.130709262,0,1.5,0.196063893,0,,0.198463895,0.178617505,0.708817179,5.422853501,0.019244856,lost,-0.130709262,0.0
481,bootstrap,player_00678,occasional_player,0.220190935,0.130709262,1.329480477,0.292739549,10,,0.296322949,0.266690654,0.62380959,2.833039379,0.004896117,won,0.62380959,0.032832084
481,countdown,player_00028,occasional_player,0.136415185,0.350900197,1.0,0.136415185,10,,0.138085032,0.124276529,0.703396552,5.156292184,-0.032046298,lost,-0.136415185,0.0
481,countdown,player_00934,opportunistic_player,0.362688485,0.487315382,1.0,0.362688485,10,,0.367128124,0.330415312,0.488436917,1.346711951,-0.08146362,lost,-0.362688485,0.0
482,bootstrap,player_00935,occasional_player,0.018844463,0,1.5,0.028266694,0,,0.022125255,0.019912729,1.034811409,54.9132872,0.002136701,lost,-0.018844463,0.0
482,bootstrap,player_00254,occasional_player,0.071409802,0.018844463,1.475398838,0.105357939,10,,0.082467064,0.074220358,0.984874337,13.791864831,0.006987985,lost,-0.071409802,0.0
482,bootstrap,player_00889,occasional_player,0.046277783,0.090254265,1.382174418,0.063963968,20,,0.050066665,0.045059999,1.008749755,21.79771133,0.001261756,lost,-0.046277783,0.0
482,bootstrap,player_00158,opportunistic_player,0.420219936,0.136532048,1.321759471,0.55542968,30,,0.434752762,0.391277486,0.653504709,1.555149229,-9.5656e-05,won,0.653504709,0.034394985
482,countdown,player_00220,occasional_player,0.027237406,0.556751984,1.0,0.027237406,30,,0.021319598,0.019187638,1.026838113,37.699556007,-0.007012186,lost,-0.027237406,0.0
482,countdown,player_00936,opportunistic_player,0.497320279,0.58398939,1.0,0.497320279,30,,0.389268656,0.35034179,0.580259384,1.166772014,-0.119799091,lost,-0.497320279,0.0
483,bootstrap,player_00937,player_whale,2.801035227,0,1.5,4.20155284,0,,0.905270258,0.814743232,0.44250295,0.15797836,-0.158384448,won,0.44250295,0.023289629
483,countdown,player_00424,occasional_player,0.019320075,2.801035227,1.0,0.019320075,0,,0.00416272,0.003746448,3.085132345,159.685319276,-0.007689405,lost,-0.019320075,0.0
483,countdown,player_00938,occasional_player,0.040491216,2.820355302,1.0,0.040491216,0,,0.008724273,0.007851846,3.065019761,75.695917872,-0.016107223,lost,-0.040491216,0.0
483,countdown,player_00596,occasional_player,0.33329254,2.860846518,1.0,0.33329254,0,,0.071811503,0.064630353,2.786858503,8.361598802,-0.131636078,lost,-0.33329254,0.0
483,countdown,player_00939,occasional_player,0.046557156,3.194139058,1.0,0.046557156,0,,0.010031246,0.009028121,3.059257118,65.709707824,-0.018517489,lost,-0.046557156,0.0
484,bootstrap,player_00940,occasional_player,0.090220746,0,1.5,0.135331119,0,,0.204015403,0.183613862,0.410537308,4.550364808,0.001725374,lost,-0.090220746,0.0
484,bootstrap,player_00330,occasional_player,0.033498294,0.090220746,1.379075947,0.046196692,10,,0.06964279,0.062678511,0.464423637,13.864098182,-0.002289289,lost,-0.033498294,0.0
484,bootstrap,player_00257,occasional_player,0.327002638,0.12371904,1.334177742,0.436279641,20,,0.657703618,0.591933257,0.18559451,0.567562731,-0.023579339,won,0.18559451,0.009768132
484,countdown,player_00941,occasional_player,0.045530302,0.450721678,1.0,0.045530302,20,,0.068638189,0.06177437,0.452993229,9.949269156,-0.014734325,lost,-0.045530302,0.0
485,bootstrap,player_00869,opportunistic_player,0.196752521,0,1.5,0.295128781,0,,0.174961831,0.157465648,1.185260455,6.024118262,0.020867048,lost,-0.196752521,0.0
485,bootstrap,player_00486,opportunistic_player,0.780174956,0.196752521,1.215678506,0.948441925,10,,0.562266871,0.506040184,0.631009142,0.808804662,-0.066059096,lost,-0.780174956,0.0
485,countdown,player_00112,opportunistic_player,0.40503744,0.976927477,1.0,0.40503744,10,,0.240119219,0.216107297,0.987389782,2.437774102,-0.104123757,won,0.987389782,0.051967883
485,countdown,player_00619,occasional_player,0.038209936,1.381964917,1.0,0.038209936,10,,0.022652079,0.020386871,1.335875911,34.961479929,-0.010196625,lost,-0.038209936,0.0
486,bootstrap,player_00525,occasional_player,0.024575167,0.099457931,1.356175485,0.033328239,10,,0.090733996,0.081660596,0.24032456,9.779162849,-0.002943297,lost,-0.024575167,0.0
486,bootstrap,player_00554,occasional_player,0.021891541,0.124033098,1.32063773,0.028910795,20,,0.078707788,0.070837009,0.242874005,11.094422491,-0.003136342,won,0.242874005,0.012782842
486,bootstrap,player_00291,player_whale,0.212924309,0.046466708,1.43280524,0.305079066,30,,0.830558216,0.747502395,0.061392875,0.288331922,-0.007871557,lost,-0.212924309,0.0
486,bootstrap,player_00725,occasional_player,0.099457931,0,1.5,0.149186896,0,30,0.0,0.0,0.0,0.0,0.0,pending_withdrawn,0.0,0.0
487,bootstrap,player_00208,opportunistic_player,0.111936973,0,1.5,0.167905459,0,,0.354662413,0.319196171,0.260582088,2.32793581,0.006969685,lost,-0.111936973,0.0
487,bootstrap,player_00546,occasional_player,0.06622064,0.111936973,1.338044693,0.088606176,10,,0.187160563,0.168444506,0.304012604,4.590904049,-0.003856884,lost,-0.06622064,0.0
487,bootstrap,player_00505,opportunistic_player,0.069735551,0.178157613,1.242233775,0.086627857,20,,0.18298181,0.164683629,0.300673439,4.311623477,-0.008735254,won,0.300673439,0.015824918
487,bootstrap,player_00942,opportunistic_player,0.114150156,0.247893164,1.141337331,0.130283834,30,,0.275195215,0.247675694,0.258479564,2.264382049,-0.021858832,lost,-0.114150156,0.0
488,bootstrap,player_00428,occasional_player,0.13257873,0,1.5,0.198868095,0,,0.276982131,0.249283918,0.465740878,3.51293815,0.016572726,won,0.465740878,0.024512678
488,bootstrap,player_00943,occasional_player,0.131650739,0.13257873,1.308044928,0.172205081,10,,0.239846066,0.21586146,0.46662247,3.54439689,-0.002506611,lost,-0.131650739,0.0
488,bootstrap,player_00464,opportunistic_player,0.106267314,0.264229469,1.117433454,0.118746652,20,,0.16538953,0.148850577,0.490736724,4.617946057,-0.017402919,lost,-0.106267314,0.0
488,countdown,player_00688,occasional_player,0.228161849,0.370496783,1.0,0.228161849,20,,0.317782273,0.286004045,0.374936915,1.64329364,-0.055673163,lost,-0.228161849,0.0
489,bootstrap,player_00731,occasional_player,0.367537754,0,1.5,0.551306631,0,,0.645038155,0.580534339,0.311329737,0.847068727,0.026568136,won,0.311329737,0.016385776
489,countdown,player_00669,occasional_player,0.068758635,0.367537754,1.0,0.068758635,0,,0.080448775,0.072403897,0.5951699,8.655929547,-0.020687621,lost,-0.068758635,0.0
489,countdown,player_00848,occasional_player,0.09008377,0.436296389,1.0,0.09008377,0,,0.105399546,0.094859592,0.574911022,6.381960058,-0.027002636,lost,-0.09008377,0.0
489,countdown,player_00944,occasional_player,0.144539368,0.526380159,1.0,0.144539368,0,,0.169113524,0.152202172,0.523178204,3.619624267,-0.042911303,lost,-0.144539368,0.0
490,bootstrap,player_00365,player_whale,0.255505036,0,1.5,0.383257554,0,,0.315879738,0.284291764,0.796563216,3.117602799,0.043589303,won,0.796563216,0.04192438
490,bootstrap,player_00660,occasional_player,0.120035501,0.255505036,1.132241466,0.135909172,10,,0.112015936,0.100814342,0.925259274,7.708213537,-0.014654796,lost,-0.120035501,0.0
490,countdown,player_00377,player_whale,0.663682653,0.375540537,1.0,0.663682653,10,,0.547005272,0.492304745,0.408794479,0.615948718,-0.135697072,lost,-0.663682653,0.0
490,countdown,player_00945,occasional_player,0.020049914,1.03922319,1.0,0.020049914,10,,0.01652508,0.014872572,1.020245581,50.885284666,-0.004578045,lost,-0.020049914,0.0
490,countdown,player_00709,occasional_player,0.010402821,1.059273104,1.0,0.010402821,10,,0.008573974,0.007716577,1.02941032,98.954919993,-0.002379023,lost,-0.010402821,0.0
491,bootstrap,player_00946,occasional_player,0.15541158,0,1.5,0.23311737,0,,0.431942863,0.388748576,0.26485098,1.704190771,0.007964892,won,0.26485098,0.013939525
491,bootstrap,player_00308,occasional_player,0.021109254,0.15541158,1.276153255,0.026938643,10,,0.049914576,0.044923118,0.39243819,18.590812825,-0.002531413,lost,-0.021109254,0.0
491,bootstrap,player_00092,occasional_player,0.188230354,0.176520834,1.245748585,0.234487697,20,,0.43448194,0.391033746,0.233673145,1.241421163,-0.023251848,lost,-0.188230354,0.0
491,countdown,player_00425,occasional_player,0.045151213,0.364751188,1.0,0.045151213,20,,0.083660622,0.07529456,0.369598329,8.185789581,-0.013922829,lost,-0.045151213,0.0
492,bootstrap,player_00942,opportunistic_player,0.060110997,0,1.5,0.090166495,0,,0.068477632,0.061629868,1.059499117,17.625711937,0.008890427,lost,-0.060110997,0.0
492,bootstrap,player_00558,occasional_player,0.32800363,0.060110997,1.413358602,0.463586752,10,,0.35207449,0.316867041,0.805001116,2.454244534,0.031008232,lost,-0.32800363,0.0
492,countdown,player_00947,occasional_player,0.063048439,0.388114627,1.0,0.063048439,10,,0.047882617,0.043094356,1.056708547,16.760265031,-0.014793233,lost,-0.063048439,0.0
492,countdown,player_00948,opportunistic_player,0.103713348,0.451163066,1.0,0.103713348,10,,0.078765892,0.070889303,1.018076884,9.816257054,-0.02419042,lost,-0.103713348,0.0
492,countdown,player_00644,occasional_player,0.06506562,0.554876414,1.0,0.06506562,10,,0.049414581,0.044473123,1.054792226,16.211206863,-0.015262045,lost,-0.06506562,0.0
492,countdown,player_00481,player_whale,0.304801544,0.619942034,1.0,0.304801544,10,,0.231483855,0.208335469,0.827043098,2.713382245,-0.06899816,won,0.827043098,0.043528584
492,countdown,player_00949,opportunistic_player,0.226346973,0.924743578,1.0,0.226346973,10,,0.171900933,0.15471084,0.90157494,3.983154394,-0.051845227,lost,-0.226346973,0.0
493,bootstrap,player_00491,occasional_player,0.258151773,0,1.5,0.387227659,0,,0.270734858,0.243661372,1.004703487,3.891910079,0.049557272,won,1.004703487,0.052879131
493,bootstrap,player_00630,occasional_player,0.051967868,0.258151773,1.127250708,0.058580816,10,,0.040957479,0.036861732,1.200578197,23.102317705,-0.005796851,lost,-0.051967868,0.0
493,bootstrap,player_00724,opportunistic_player,0.059374332,0.310119641,1.052213509,0.062474474,20,,0.043679777,0.039311799,1.193542056,20.101987104,-0.010119934,lost,-0.059374332,0.0
493,countdown,player_00572,occasional_player,0.230088317,0.369493973,1.0,0.230088317,20,,0.160869004,0.144782104,1.03136377,4.482469097,-0.04745263,lost,-0.230088317,0.0
493,countdown,player_00950,occasional_player,0.126044401,0.59958229,1.0,0.126044401,20,,0.088125453,0.079312908,1.130205491,8.966725072,-0.026407569,lost,-0.126044401,0.0
493,countdown,player_00539,occasional_player,0.081778092,0.725626691,1.0,0.081778092,20,,0.057176133,0.05145852,1.172258484,14.334627472,-0.017247226,lost,-0.081778092,0.0
493,countdown,player_00951,occasional_player,0.115670006,0.807404783,1.0,0.115670006,20,,0.080872071,0.072784864,1.140061166,9.856152042,-0.024271784,lost,-0.115670006,0.0
493,countdown,player_00885,occasional_player,0.368419953,0.923074789,1.0,0.368419953,20,,0.257585225,0.231826702,0.899948716,2.442725235,-0.074378227,lost,-0.368419953,0.0
494,bootstrap,player_00282,occasional_player,0.056644563,0,1.5,0.084966844,0,,0.054795904,0.049316313,1.340468067,23.664549543,0.012255881,lost,-0.056644563,0.0
494,bootstrap,player_00254,occasional_player,0.063231884,0.056644563,1.418152756,0.089672471,10,,0.057830606,0.052047546,1.334210113,21.100274547,0.009501542,lost,-0.063231884,0.0
494,bootstrap,player_00622,player_whale,0.102841117,0.119876447,1.326787317,0.13644829,20,,0.087996765,0.079197088,1.296581341,12.607616282,0.007989067,lost,-0.102841117,0.0
494,bootstrap,player_00114,occasional_player,0.017787713,0.222717564,1.178189437,0.020957296,30,,0.013515554,0.012163999,1.377382075,77.434466981,-0.00081687,lost,-0.017787713,0.0
494,bootstrap,player_00754,occasional_player,0.102468945,0.240505277,1.152487495,0.118094178,40,,0.076160028,0.068544025,1.296934905,12.656858179,-0.006548172,lost,-0.102468945,0.0
494,countdown,player_00952,occasional_player,0.937663686,0.342974222,1.0,0.937663686,40,,0.604707987,0.544237188,0.503499901,0.536972806,-0.153328868,won,0.503499901,0.026499995
494,countdown,player_00343,occasional_player,0.162802992,1.280637908,1.0,0.162802992,40,,0.104993156,0.09449384,1.23961756,7.614218539,-0.030282888,lost,-0.162802992,0.0
495,bootstrap,player_00411,occasional_player,0.081120417,0,1.5,0.121680626,0,,0.237868287,0.214081458,0.33342382,4.110233059,0.007625818,lost,-0.081120417,0.0
495,bootstrap,player_00877,occasional_player,0.027211827,0.081120417,1.382704834,0.037625925,10,,0.073553323,0.06619799,0.38463698,14.134919357,5.1736e-05,lost,-0.027211827,0.0
495,bootstrap,player_00640,occasional_player,0.083310283,0.108332244,1.343358195,0.111915551,20,,0.218778957,0.196901061,0.331343447,3.977221479,-0.001664524,lost,-0.083310283,0.0
495,bootstrap,player_00144,occasional_player,0.108843951,0.191642527,1.215282462,0.132276145,30,,0.258581017,0.232722915,0.307086462,2.821346153,-0.012047413,lost,-0.108843951,0.0
495,countdown,player_00440,occasional_player,0.06801555,0.300486478,1.0,0.06801555,30,,0.13296071,0.119664639,0.345873443,5.085211299,-0.018487673,won,0.345873443,0.018203865
495,countdown,player_00323,occasional_player,0.040032435,0.368502028,1.0,0.040032435,30,,0.078257707,0.070431936,0.372457403,9.303890773,-0.010979977,lost,-0.040032435,0.0
496,bootstrap,player_00004,persistent_player,0.483325672,0,1.5,0.724988508,0,,0.625581477,0.56302333,0.434583968,0.899153496,0.03347887,lost,-0.483325672,0.0
496,countdown,player_00707,opportunistic_player,0.150075641,0.483325672,1.0,0.150075641,0,,0.129497972,0.116548174,0.751171497,5.005285948,-0.045036932,won,0.751171497,0.039535342
496,countdown,player_00953,occasional_player,0.283839262,0.633401313,1.0,0.283839262,0,,0.244920551,0.220428496,0.624096057,2.198765783,-0.083704445,lost,-0.283839262,0.0
497,bootstrap,player_00585,occasional_player,0.204097007,0,1.5,0.30614551,0,,0.707037091,0.636333382,0.124824266,0.611592831,0.005206579,lost,-0.204097007,0.0
497,bootstrap,player_00186,occasional_player,0.070522685,0.204097007,1.196354261,0.084370115,10,,0.194851137,0.175366023,0.251719872,3.569346121,-0.014012289,won,0.251719872,0.013248414
497,bootstrap,player_00849,occasional_player,0.038923272,0.274619692,1.091433992,0.042482182,20,,0.098111772,0.088300595,0.281739315,7.238325558,-0.010608575,lost,-0.038923272,0.0
498,bootstrap,player_00432,occasional_player,0.591167386,0,1.5,0.886751079,0,,0.906136082,0.815522474,0.110340396,0.186648313,-0.019072025,won,0.110340396,0.005807389
498,countdown,player_00408,occasional_player,0.025557313,0.591167386,1.0,0.025557313,0,,0.026116014,0.023504412,0.647669965,25.341864574,-0.009733501,lost,-0.025557313,0.0
498,countdown,player_00599,occasional_player,0.066298571,0.616724699,1.0,0.066298571,0,,0.067747904,0.060973114,0.60896577,9.185202043,-0.025125601,lost,-0.066298571,0.0
499,bootstrap,player_00435,player_whale,0.271873272,0,1.5,0.407809908,0,,0.257154686,0.231439217,1.131270384,4.161020964,0.052869198,won,1.131270384,0.059540547
499,bootstrap,player_00954,occasional_player,0.109478363,0.271873272,1.10150064,0.120590487,10,,0.076041333,0.068437199,1.285545548,11.742462278,-0.014006834,lost,-0.109478363,0.0
499,countdown,player_00824,occasional_player,0.323412941,0.381351635,1.0,0.323412941,10,,0.203936078,0.18354247,1.082307699,3.346519454,-0.065403502,lost,-0.323412941,0.0
499,countdown,player_00955,occasional_player,0.053808641,0.704764576,1.0,0.053808641,10,,0.033930378,0.03053734,1.338431784,24.873919112,-0.011293322,lost,-0.053808641,0.0
499,countdown,player_00956,occasional_player,0.485217254,0.758573217,1.0,0.485217254,10,,0.305965814,0.275369233,0.928593601,1.913768716,-0.095897243,lost,-0.485217254,0.0
499,countdown,player_00957,opportunistic_player,0.195015238,1.243790471,1.0,0.195015238,10,,0.122971711,0.11067454,1.204285517,6.175340599,-0.04014827,lost,-0.195015238,0.0
500,bootstrap,player_00812,occasional_player,0.232563347,0,1.5,0.34884502,0,,0.340833331,0.306749998,0.630287036,2.710173568,0.032116006,lost,-0.232563347,0.0
500,bootstrap,player_00121,opportunistic_player,0.220687184,0.232563347,1.158880539,0.255750083,10,,0.249876443,0.224888799,0.641569391,2.907143855,-0.026775339,lost,-0.220687184,0.0
500,countdown,player_00958,occasional_player,0.254322991,0.453250531,1.0,0.254322991,10,,0.248482126,0.223633913,0.609615374,2.397012444,-0.061117074,won,0.609615374,0.03208502
500,countdown,player_00944,occasional_player,0.164588084,0.707573522,1.0,0.164588084,10,,0.1608081,0.14472729,0.694863536,4.221833798,-0.04020198,lost,-0.164588084,0.0
501,bootstrap,player_00336,opportunistic_player,0.075440598,0,1.5,0.113160897,0,,0.168549331,0.151694398,0.504951919,6.693371102,0.012601695,lost,-0.075440598,0.0
501,bootstrap,player_00137,occasional_player,0.021782257,0.075440598,1.394172814,0.030368231,10,,0.045232454,0.040709208,0.555927343,25.522026599,0.001735843,lost,-0.021782257,0.0
501,bootstrap,player_00119,occasional_player,0.026831759,0.097222855,1.363616919,0.036588241,20,,0.054496948,0.049047253,0.551130316,20.540223086,0.001515693,lost,-0.026831759,0.0
501,bootstrap,player_00877,occasional_player,0.028554394,0.124054614,1.325977642,0.037862488,30,,0.056394896,0.050755406,0.549493812,19.243756754,0.000784678,lost,-0.028554394,0.0
501,bootstrap,player_00261,occasional_player,0.066026382,0.152609008,1.285921873,0.084904769,40,,0.126462783,0.113816505,0.513895424,7.783183149,-2.1709e-05,lost,-0.066026382,0.0
501,bootstrap,player_00867,occasional_player,0.026454131,0.21863539,1.193300839,0.031567737,50,,0.047019077,0.042317169,0.551489062,20.846992186,-0.001997211,lost,-0.026454131,0.0
501,countdown,player_00959,occasional_player,0.068350454,0.245089521,1.0,0.068350454,50,,0.101805691,0.091625122,0.511687555,7.486234918,-0.015204401,lost,-0.068350454,0.0
501,countdown,player_00960,occasional_player,0.07724523,0.313439975,1.0,0.07724523,50,,0.115054159,0.103548743,0.503237518,6.514803803,-0.017136971,lost,-0.07724523,0.0
501,countdown,player_00858,occasional_player,0.104607055,0.390685205,1.0,0.104607055,50,,0.155808672,0.140227805,0.477243784,4.562252369,-0.023015389,lost,-0.104607055,0.0
501,countdown,player_00122,occasional_player,0.086726365,0.49529226,1.0,0.086726365,50,,0.129175989,0.11625839,0.49423044,5.698733481,-0.019185262,lost,-0.086726365,0.0
502,bootstrap,player_00840,occasional_player,0.147021367,0,1.5,0.22053205,0,,0.314101731,0.282691558,0.398739071,2.712116468,0.007260502,lost,-0.147021367,0.0
502,bootstrap,player_00961,occasional_player,0.02502457,0.147021367,1.290837129,0.032302644,10,,0.046008353,0.041407518,0.514636028,20.5652296,-0.002678564,lost,-0.02502457,0.0
502,bootstrap,player_00791,occasional_player,0.310184479,0.172045937,1.255235427,0.389354547,20,,0.554554031,0.499098628,0.243734114,0.78577147,-0.033724469,lost,-0.310184479,0.0
502,countdown,player_00541,occasional_player,0.059914657,0.482230416,1.0,0.059914657,20,,0.085335884,0.076802296,0.481490445,8.036271409,-0.018333502,lost,-0.059914657,0.0
503,bootstrap,player_00357,occasional_player,0.114378747,0,1.5,0.171568121,0,,0.135623233,0.12206091,0.9161925,8.010163811,0.011413717,won,0.9161925,0.048220658
503,bootstrap,player_00962,opportunistic_player,0.45348504,0.114378747,1.339627,0.607500804,10,,0.480224547,0.432202092,0.594041522,1.309947339,-0.000741869,lost,-0.45348504,0.0
503,countdown,player_00963,player_whale,0.423037401,0.567863787,1.0,0.423037401,10,,0.334407696,0.300966926,0.622966779,1.472604496,-0.108224738,lost,-0.423037401,0.0
503,countdown,player_00005,persistent_player,0.043934494,0.990901188,1.0,0.043934494,10,,0.034729868,0.031256881,0.98311454,22.376826289,-0.011832145,lost,-0.043934494,0.0
503,countdown,player_00964,occasional_player,0.018994065,1.034835682,1.0,0.018994065,10,,0.015014657,0.013513191,1.006807948,53.006449535,-0.005132206,lost,-0.018994065,0.0
504,bootstrap,player_00134,occasional_player,0.016698941,0,1.5,0.025048411,0,,0.053469583,0.048122624,0.306429203,18.350217703,-0.001149167,lost,-0.016698941,0.0
504,bootstrap,player_00965,opportunistic_player,0.300362738,0.016698941,1.476256784,0.44341253,10,,0.946530417,0.851877376,0.036948596,0.123013247,-0.013014844,won,0.036948596,0.001944663
505,bootstrap,player_00403,occasional_player,0.177877597,0,1.5,0.266816396,0,,0.281303059,0.253172753,0.618373255,3.476397623,0.023711424,lost,-0.177877597,0.0
505,bootstrap,player_00836,player_whale,0.226876146,0.177877597,1.241944684,0.281767623,10,,0.297066055,0.26735945,0.571824634,2.520426426,-0.013335945,won,0.571824634,0.030096033
505,countdown,player_00673,occasional_player,0.249002299,0.404753743,1.0,0.249002299,10,,0.262521755,0.236269579,0.550804788,2.212047,-0.060032215,lost,-0.249002299,0.0
505,countdown,player_00092,occasional_player,0.150915262,0.653756042,1.0,0.150915262,10,,0.159109131,0.143198218,0.643987474,4.267212375,-0.037086607,lost,-0.150915262,0.0
506,bootstrap,player_00536,opportunistic_player,0.066057642,0,1.5,0.099086463,0,,0.102543365,0.092289029,0.740688069,11.212753695,0.008396136,lost,-0.066057642,0.0
506,bootstrap,player_00434,opportunistic_player,0.117158806,0.066057642,1.403579888,0.164441744,10,,0.170178744,0.153160869,0.692141964,5.907724628,0.006794403,lost,-0.117158806,0.0
506,bootstrap,player_00723,occasional_player,0.276156551,0.183216448,1.232570677,0.340382467,20,,0.35225764,0.317031876,0.541094106,1.959374507,-0.017062042,won,0.541094106,0.028478637
506,countdown,player_00966,occasional_player,0.02876399,0.459372999,1.0,0.02876399,20,,0.0297675,0.02679075,0.776117039,26.982245468,-0.007200623,lost,-0.02876399,0.0
506,countdown,player_00464,opportunistic_player,0.237402441,0.488136989,1.0,0.237402441,20,,0.245684874,0.221116387,0.57791051,2.434307364,-0.057123387,lost,-0.237402441,0.0
506,countdown,player_00424,occasional_player,0.015998287,0.72553943,1.0,0.015998287,20,,0.016556431,0.014900788,0.788244457,49.270553571,-0.004014436,lost,-0.015998287,0.0
506,countdown,player_00573,occasional_player,0.040174123,0.741537717,1.0,0.040174123,20,,0.041575707,0.037418136,0.765277412,19.049013527,-0.010035628,lost,-0.040174123,0.0
506,countdown,player_00717,occasional_player,0.040038873,0.78171184,1.0,0.040038873,20,,0.041435739,0.037292165,0.7654059,19.116569539,-0.010002094,lost,-0.040038873,0.0
507,bootstrap,player_00434,opportunistic_player,0.114301953,0,1.5,0.171452929,0,,0.14521949,0.130697541,0.830217732,7.263373111,0.009144447,lost,-0.114301953,0.0
507,bootstrap,player_00092,occasional_player,0.048168882,0.114301953,1.333043886,0.064211234,10,,0.054386488,0.048947839,0.893044149,18.539856278,-0.002098538,lost,-0.048168882,0.0
507,bootstrap,player_00967,player_whale,0.545138115,0.162470835,1.262685601,0.688338048,20,,0.583017746,0.524715972,0.420923378,0.772140796,-0.03823022,won,0.420923378,0.022153862
507,countdown,player_00665,opportunistic_player,0.256644609,0.70760895,1.0,0.256644609,20,,0.217376276,0.195638648,0.694992209,2.707994574,-0.070467668,lost,-0.256644609,0.0
508,bootstrap,player_00607,occasional_player,0.182720693,0,1.5,0.274081039,0,,0.172993711,0.15569434,1.242181661,6.798253883,0.039128538,lost,-0.182720693,0.0
508,bootstrap,player_00968,occasional_player,0.063856441,0.182720693,1.232920519,0.078729916,10,,0.04969253,0.044723277,1.3551027,21.221080893,-0.000395938,won,1.3551027,0.071321195
508,bootstrap,player_00552,occasional_player,0.08433656,0.246577134,1.139582732,0.096108487,20,,0.060661488,0.05459534,1.335646587,15.837100624,-0.006812098,lost,-0.08433656,0.0
508,countdown,player_00087,occasional_player,0.04448755,0.330913694,1.0,0.04448755,20,,0.028079529,0.025271576,1.373503146,30.873876994,-0.008652691,lost,-0.04448755,0.0
508,countdown,player_00969,occasional_player,0.220287196,0.375401244,1.0,0.220287196,20,,0.139040262,0.125136236,1.206493483,5.476911526,-0.041745233,lost,-0.220287196,0.0
508,countdown,player_00453,occasional_player,0.870646873,0.59568844,1.0,0.870646873,20,,0.54953248,0.494579232,0.58865179,0.676108544,-0.148908061,lost,-0.870646873,0.0
509,bootstrap,player_00054,occasional_player,0.164956176,0,1.5,0.247434264,0,,0.161139341,0.145025406,1.215013927,7.365677093,0.035174549,won,1.215013927,0.063948101
509,bootstrap,player_00970,occasional_player,0.085512783,0.164956176,1.258717689,0.107636453,10,,0.070097273,0.063087545,1.29048515,15.091137312,0.001295549,lost,-0.085512783,0.0
509,bootstrap,player_00581,occasional_player,0.081849139,0.250468959,1.133637669,0.092787267,20,,0.060426874,0.054384186,1.293965612,15.809153618,-0.007026573,lost,-0.081849139,0.0
509,countdown,player_00309,occasional_player,0.033474138,0.332318098,1.0,0.033474138,20,,0.021799732,0.019619758,1.339921863,40.028569606,-0.00652844,lost,-0.033474138,0.0
509,countdown,player_00794,opportunistic_player,0.512507701,0.365792236,1.0,0.512507701,20,,0.333766034,0.300389431,0.884839978,1.726491088,-0.092759227,lost,-0.512507701,0.0
509,countdown,player_00487,occasional_player,0.077125083,0.878299937,1.0,0.077125083,20,,0.050227017,0.045204315,1.298453465,16.835683213,-0.014942996,lost,-0.077125083,0.0
509,countdown,player_00971,occasional_player,0.043391175,0.95542502,1.0,0.043391175,20,,0.028258113,0.025432301,1.330500678,30.662932677,-0.008449943,lost,-0.043391175,0.0
509,countdown,player_00332,occasional_player,0.421173748,0.998816195,1.0,0.421173748,20,,0.274285618,0.246857056,0.971607233,2.306903595,-0.077355935,lost,-0.421173748,0.0
510,bootstrap,player_00327,occasional_player,0.182813494,0,1.5,0.274220241,10,,0.203930302,0.183537272,1.019829103,5.578522029,0.037916247,won,1.019829103,0.053675216
510,bootstrap,player_00238,occasional_player,0.051944217,0.182813494,1.232410379,0.064016592,20,,0.047607437,0.042846694,1.144154917,22.02660821,-0.000695324,lost,-0.051944217,0.0
510,bootstrap,player_00823,occasional_player,0.056215451,0.234757711,1.156378063,0.065006314,30,,0.048343467,0.04350912,1.140097244,20.280852044,-0.004164938,lost,-0.056215451,0.0
510,countdown,player_00972,opportunistic_player,0.698291192,0.290973162,1.0,0.698291192,30,,0.519300592,0.467370533,0.53012529,0.759175107,-0.124165526,lost,-0.698291192,0.0
510,countdown,player_00973,occasional_player,0.243141948,0.989264354,1.0,0.243141948,30,,0.180818202,0.162736381,0.962517072,3.95866316,-0.046937362,lost,-0.243141948,0.0
511,bootstrap,player_00974,occasional_player,0.124546187,0,1.5,0.186819281,0,,0.281299173,0.253169256,0.436991251,3.508668241,0.017617828,lost,-0.124546187,0.0
511,bootstrap,player_00782,occasional_player,0.09961525,0.124546187,1.317570292,0.131250094,10,,0.197627048,0.177864343,0.460675641,4.624549364,4.0521e-05,lost,-0.09961525,0.0
511,bootstrap,player_00065,occasional_player,0.015731242,0.224161437,1.171658309,0.01843164,20,,0.027753051,0.024977746,0.540365449,34.349827473,-0.0018412,lost,-0.015731242,0.0
511,bootstrap,player_00778,occasional_player,0.046291668,0.239892679,1.148615887,0.053171345,30,,0.080061626,0.072055463,0.511333044,11.045898021,-0.006111761,lost,-0.046291668,0.0
511,countdown,player_00975,occasional_player,0.274457857,0.286184347,1.0,0.274457857,30,,0.413259102,0.371933192,0.294575164,1.073298348,-0.062815589,won,0.294575164,0.015503956
512,bootstrap,player_00283,occasional_player,0.020085844,0,1.5,0.030128766,0,,0.027314322,0.02458289,0.854125064,42.52373285,0.001404786,lost,-0.020085844,0.0
512,bootstrap,player_00493,player_whale,0.420405423,0.020085844,1.470849371,0.618353052,10,,0.56059031,0.504531279,0.473821464,1.127058402,0.030760012,won,0.473821464,0.024937972
512,countdown,player_00233,occasional_player,0.01213062,0.440491267,1.0,0.01213062,10,,0.010997452,0.009897707,0.861682527,71.033675701,-0.003481874,lost,-0.01213062,0.0
512,countdown,player_00380,opportunistic_player,0.08987559,0.452621887,1.0,0.08987559,10,,0.081479965,0.073331968,0.787824806,8.765726107,-0.025512092,lost,-0.08987559,0.0
512,countdown,player_00976,occasional_player,0.352551109,0.542497477,1.0,0.352551109,10,,0.319617951,0.287656156,0.538283063,1.526822775,-0.096297176,lost,-0.352551109,0.0
513,bootstrap,player_00434,opportunistic_player,0.046672217,0,1.5,0.070008325,0,,0.090692486,0.081623238,0.577165528,12.366361946,0.004247439,lost,-0.046672217,0.0
513,bootstrap,player_00977,occasional_player,0.216077526,0.046672217,1.433862073,0.309825369,10,,0.401364166,0.361227749,0.416230485,1.926301603,0.012329674,won,0.416230485,0.021906868
513,bootstrap,player_00978,opportunistic_player,0.198416881,0.262749743,1.127664496,0.223747672,20,,0.289854566,0.260869109,0.433008097,2.182314807,-0.033697609,lost,-0.198416881,0.0
513,countdown,player_00256,occasional_player,0.168349452,0.461166624,1.0,0.168349452,20,,0.218088782,0.196279904,0.461572155,2.741750267,-0.044708499,lost,-0.168349452,0.0
514,bootstrap,player_00117,occasional_player,0.010630264,0,1.5,0.015945396,0,,0.010344985,0.009310487,1.242581427,116.890928267,0.001037747,lost,-0.010630264,0.0
514,bootstrap,player_00979,occasional_player,0.019657135,0.010630264,1.48492559,0.029189383,10,,0.018937362,0.017043626,1.234005899,62.776487989,0.001709829,lost,-0.019657135,0.0
514,bootstrap,player_00954,occasional_player,0.14068093,0.030287399,1.457050487,0.204979218,20,,0.132985532,0.119686979,1.119033294,7.954406429,0.01009046,lost,-0.14068093,0.0
514,bootstrap,player_00658,player_whale,0.65341171,0.170968329,1.257555727,0.821701638,30,,0.533100042,0.479790038,0.631939053,0.967137631,-0.036713218,lost,-0.65341171,0.0
514,countdown,player_00126,occasional_player,0.075571807,0.824380039,1.0,0.075571807,30,,0.049029151,0.044126236,1.180886961,15.626025203,-0.020129011,lost,-0.075571807,0.0
514,countdown,player_00980,occasional_player,0.106757656,0.899951846,1.0,0.106757656,30,,0.069261771,0.062335594,1.151260404,10.783867382,-0.028338353,lost,-0.106757656,0.0
514,countdown,player_00981,occasional_player,0.287219698,1.006709502,1.0,0.287219698,30,,0.186341156,0.16770704,0.979821464,3.41140065,-0.074727975,won,0.979821464,0.051569551
515,bootstrap,player_00680,opportunistic_player,0.097924126,0,1.5,0.146886189,0,,0.179015458,0.161113912,0.566705955,5.787194412,0.009157026,won,0.566705955,0.029826629
515,bootstrap,player_00354,occasional_player,0.02863816,0.097924126,1.367456234,0.03916143,10,,0.047727437,0.042954693,0.632527623,22.08688067,-0.000237987,lost,-0.02863816,0.0
515,bootstrap,player_00579,occasional_player,0.162444001,0.126562286,1.328693472,0.215838284,20,,0.263049845,0.23674486,0.505412074,3.111300328,-0.004332508,lost,-0.162444001,0.0
515,bootstrap,player_00185,occasional_player,0.358797481,0.289006287,1.108819774,0.397841742,30,,0.484863975,0.436377578,0.318876268,0.888736082,-0.063075852,lost,-0.358797481,0.0
515,countdown,player_00271,occasional_player,0.020794733,0.647803768,1.0,0.020794733,30,,0.025343286,0.022808957,0.639978878,30.776008434,-0.005723176,lost,-0.020794733,0.0
516,bootstrap,player_00972,opportunistic_player,0.802974555,0,1.5,1.204461833,0,,0.547147618,0.492432856,0.972622725,1.211274652,0.071387885,lost,-0.802974555,0.0
516,countdown,player_00982,opportunistic_player,0.17370374,0.802974555,1.0,0.17370374,0,,0.078907928,0.071017135,1.570429999,9.040853115,-0.049840358,lost,-0.17370374,0.0
516,countdown,player_00983,occasional_player,0.030222054,0.976678295,1.0,0.030222054,0,,0.013728891,0.012356002,1.7067376,56.47324965,-0.008760178,lost,-0.030222054,0.0
516,countdown,player_00984,occasional_player,0.25360158,1.006900349,1.0,0.25360158,0,,0.115202904,0.103682613,1.494527051,5.893208752,-0.072351035,lost,-0.25360158,0.0
516,countdown,player_00334,opportunistic_player,0.394497439,1.260501929,1.0,0.394497439,0,,0.179207284,0.161286556,1.360675985,3.449137688,-0.111411563,won,1.360675985,0.071614526
516,countdown,player_00928,occasional_player,0.144860474,1.654999368,1.0,0.144860474,0,,0.065805376,0.059224838,1.597831101,11.03013857,-0.041649848,lost,-0.144860474,0.0
517,bootstrap,player_00784,occasional_player,0.021245124,0,1.5,0.031867686,0,,0.027861697,0.025075527,0.936965525,44.102615009,0.002782513,lost,-0.021245124,0.0
517,bootstrap,player_00243,occasional_player,0.115591341,0.021245124,1.472367155,0.170192894,10,,0.148798466,0.133918619,0.847336618,7.33045063,0.013362642,lost,-0.115591341,0.0
517,bootstrap,player_00402,occasional_player,0.081979486,0.136836465,1.322021241,0.108378622,20,,0.094754677,0.085279209,0.879267881,10.72546223,-5.071e-06,lost,-0.081979486,0.0
517,bootstrap,player_00857,player_whale,0.332148984,0.218815951,1.215393178,0.403691609,30,,0.352944771,0.317650294,0.641606858,1.931683939,-0.022835154,won,0.641606858,0.033768782
517,countdown,player_00985,opportunistic_player,0.22254664,0.550964935,1.0,0.22254664,30,,0.194570982,0.175113884,0.745729084,3.350888984,-0.052988117,lost,-0.22254664,0.0
517,countdown,player_00644,occasional_player,0.047340926,0.773511575,1.0,0.047340926,30,,0.041389843,0.037250859,0.912174513,19.268201739,-0.011598152,lost,-0.047340926,0.0
517,countdown,player_00986,occasional_player,0.029825399,0.820852501,1.0,0.029825399,30,,0.026076139,0.023468525,0.928814263,31.141721301,-0.00732754,lost,-0.029825399,0.0
517,countdown,player_00987,occasional_player,0.029056023,0.8506779,1.0,0.029056023,30,,0.025403479,0.022863131,0.929545171,31.99147972,-0.007139398,lost,-0.029056023,0.0
517,countdown,player_00988,occasional_player,0.100881443,0.879733923,1.0,0.100881443,30,,0.088199945,0.079379951,0.861311022,8.5378539,-0.024502653,lost,-0.100881443,0.0
518,bootstrap,player_00850,occasional_player,0.050177805,0,1.5,0.075266708,0,,0.191561255,0.172405129,0.247525798,4.932973807,0.001147823,lost,-0.050177805,0.0
518,bootstrap,player_00516,occasional_player,0.047410031,0.07226293,1.411283057,0.066908974,20,,0.170289991,0.153260992,0.250155183,5.276418889,-0.001804891,lost,-0.047410031,0.0
518,bootstrap,player_00103,occasional_player,0.12162005,0.119672961,1.353077931,0.164561406,30,,0.418825138,0.376942625,0.179655665,1.47718789,-0.008056391,won,0.179655665,0.009455561
518,bootstrap,player_00635,occasional_player,0.044528827,0.219207886,1.230879257,0.054809609,40,,0.139495904,0.125546313,0.252892327,5.679294603,-0.007188698,lost,-0.044528827,0.0
518,bootstrap,player_00989,occasional_player,0.026666349,0.263736713,1.176211374,0.031365263,50,,0.079827713,0.071844941,0.269861681,10.11993359,-0.00536231,lost,-0.026666349,0.0
518,bootstrap,player_00150,occasional_player,0.022085125,0.050177805,1.438396887,0.031767175,10,40,0.0,0.0,0.0,0.0,0.0,pending_withdrawn,0.0,0.0
519,bootstrap,player_00574,opportunistic_player,0.036201695,0,1.5,0.054302542,0,,0.076951485,0.069256337,0.54508325,15.05684333,0.004055971,lost,-0.036201695,0.0
519,bootstrap,player_00906,occasional_player,0.082281457,0.036201695,1.455533112,0.119763385,10,,0.169715266,0.15274374,0.501307476,6.092593572,0.006858099,lost,-0.082281457,0.0
519,bootstrap,player_00100,occasional_player,0.181295711,0.118483152,1.354466013,0.245558879,20,,0.347978562,0.313180706,0.407243935,2.246296575,0.003023551,lost,-0.181295711,0.0
519,bootstrap,player_00057,occasional_player,0.032990138,0.299778863,1.131778761,0.037337538,30,,0.05291058,0.047619522,0.548134229,16.615093549,-0.005317273,lost,-0.032990138,0.0
519,countdown,player_00669,occasional_player,0.046957455,0.332769001,1.0,0.046957455,30,,0.06654285,0.059888565,0.534865278,11.390423052,-0.012112926,lost,-0.046957455,0.0
519,countdown,player_00990,occasional_player,0.201752635,0.379726456,1.0,0.201752635,30,,0.285901256,0.25731113,0.387809857,1.922204669,-0.050051644,lost,-0.201752635,0.0
520,bootstrap,player_00395,occasional_player,0.165784926,0,1.5,0.248677389,0,,0.114182127,0.102763914,1.809771887,10.916383837,0.037231025,lost,-0.165784926,0.0
520,bootstrap,player_00845,occasional_player,0.080656117,0.165784926,1.295614247,0.104499214,10,,0.047981614,0.043183453,1.890644255,23.440804312,0.004471439,lost,-0.080656117,0.0
520,bootstrap,player_00984,occasional_player,0.146537351,0.246441043,1.19617842,0.175284817,20,,0.080483366,0.072435029,1.828057083,12.475024766,-0.003507546,lost,-0.146537351,0.0
520,countdown,player_00991,opportunistic_player,0.130183596,0.392978394,1.0,0.130183596,20,,0.059774795,0.053797315,1.84359315,14.161485831,-0.023999706,lost,-0.130183596,0.0
520,countdown,player_00501,occasional_player,0.204278157,0.52316199,1.0,0.204278157,20,,0.09379588,0.084416292,1.773203317,8.680337356,-0.037346504,lost,-0.204278157,0.0
520,countdown,player_00265,occasional_player,0.242297725,0.727440147,1.0,0.242297725,20,,0.111252855,0.10012757,1.737084728,7.169216003,-0.04410697,lost,-0.242297725,0.0
520,countdown,player_00992,occasional_player,0.987581753,0.969737872,1.0,0.987581753,20,,0.453455722,0.40811015,1.029064901,1.042004774,-0.164567785,won,1.029064901,0.054161311
520,countdown,player_00633,opportunistic_player,0.085098531,1.957319625,1.0,0.085098531,20,,0.039073642,0.035166278,1.886423962,22.167526745,-0.015767423,lost,-0.085098531,0.0
521,bootstrap,player_00354,occasional_player,0.04000734,0,1.5,0.06001101,0,,0.023614086,0.021252677,2.228587771,55.704472492,0.008206379,lost,-0.04000734,0.0
521,bootstrap,player_00204,occasional_player,0.10790911,0.04000734,1.45064293,0.156537588,10,,0.061596897,0.055437208,2.164081089,20.054665348,0.018043682,lost,-0.10790911,0.0
521,bootstrap,player_00753,occasional_player,0.362726305,0.14791645,1.317515422,0.477897501,20,,0.188050702,0.169245632,1.922004754,5.298774109,0.023954446,lost,-0.362726305,0.0
521,countdown,player_00782,occasional_player,0.077777569,0.510642755,1.0,0.077777569,20,,0.030605154,0.027544638,2.192706053,28.192010642,-0.015237919,lost,-0.077777569,0.0
521,countdown,player_00993,occasional_player,0.693595735,0.588420324,1.0,0.693595735,20,,0.27292707,0.245634363,1.607678795,2.317890255,-0.128323631,lost,-0.693595735,0.0
521,countdown,player_00174,opportunistic_player,1.075503209,1.282016059,1.0,1.075503209,20,,0.423206091,0.380885482,1.244866695,1.157473715,-0.191708,lost,-1.075503209,0.0
522,bootstrap,player_00994,occasional_player,0.094647372,0,1.5,0.141971058,0,,0.250611525,0.225550372,0.345159729,3.646796759,0.004551284,won,0.345159729,0.018166302
522,bootstrap,player_00813,occasional_player,0.024703261,0.094647372,1.389348228,0.034321432,10,,0.06058521,0.054526689,0.411606635,16.662036438,-0.000912727,lost,-0.024703261,0.0
522,bootstrap,player_00805,occasional_player,0.041342219,0.119350633,1.360467768,0.056244756,20,,0.099284913,0.089356421,0.395799625,9.573739252,-0.002280788,lost,-0.041342219,0.0
522,bootstrap,player_00995,occasional_player,0.074735023,0.160692852,1.312134785,0.098062423,30,,0.173102699,0.155792429,0.364076461,4.87156418,-0.006371516,lost,-0.074735023,0.0
522,bootstrap,player_00318,occasional_player,0.192607842,0.235427875,1.224762441,0.235898851,40,,0.416415653,0.374774087,0.252097283,1.308863026,-0.025943885,lost,-0.192607842,0.0
523,bootstrap,player_00743,occasional_player,0.108274998,0,1.5,0.162412497,0,,0.183993764,0.165594387,0.596156472,5.505947663,0.0083749,lost,-0.108274998,0.0
523,bootstrap,player_00613,opportunistic_player,0.104526762,0.189826167,1.277919715,0.13357681,20,,0.15132641,0.136193769,0.599717296,5.73745216,-0.00861311,lost,-0.104526762,0.0
523,bootstrap,player_00996,occasional_player,0.013724818,0.294352929,1.155632396,0.015860844,30,,0.017968423,0.01617158,0.685979143,49.980928214,-0.002409499,lost,-0.013724818,0.0
523,bootstrap,player_00527,opportunistic_player,0.041267766,0.226526578,1.234983391,0.050965006,40,,0.057737203,0.051963483,0.659813343,15.988588832,-0.00483715,lost,-0.041267766,0.0
523,bootstrap,player_00226,occasional_player,0.438097053,0.267794344,1.186703655,0.519891374,50,,0.588974201,0.530076781,0.28282552,0.645577317,-0.055952736,lost,-0.438097053,0.0
523,bootstrap,player_00586,occasional_player,0.081551169,0.108274998,1.373327567,0.111996469,10,40,0.0,0.0,0.0,0.0,0.0,pending_withdrawn,0.0,0.0
524,bootstrap,player_00997,occasional_player,0.408780268,0,1.5,0.613170402,0,,0.372139653,0.334925688,1.009902059,2.470525458,0.066372886,lost,-0.408780268,0.0
524,countdown,player_00998,occasional_player,0.046998563,0.408780268,1.0,0.046998563,0,,0.028523929,0.025671536,1.353594678,28.800767342,-0.011043183,lost,-0.046998563,0.0
524,countdown,player_00555,occasional_player,0.374668293,0.455778831,1.0,0.374668293,0,,0.227390181,0.204651163,1.042308435,2.781949939,-0.084682358,won,1.042308435,0.054858339
524,countdown,player_00999,occasional_player,0.408829675,0.830447124,1.0,0.408829675,0,,0.248123088,0.223310779,1.009855122,2.470112088,-0.092022068,lost,-0.408829675,0.0
524,countdown,player_00697,occasional_player,0.204022039,1.239276799,1.0,0.204022039,0,,0.12382315,0.111440835,1.204422376,5.903393487,-0.047063817,lost,-0.204022039,0.0
525,bootstrap,player_00054,occasional_player,0.302305585,0,1.5,0.453458377,0,,0.257070819,0.231363737,1.214148297,4.016294629,0.048546852,lost,-0.302305585,0.0
525,bootstrap,player_00602,occasional_player,0.025877793,0.302305585,1.128959127,0.029214971,10,,0.016562306,0.014906076,1.4767547,57.066485524,-0.003479439,lost,-0.025877793,0.0
525,bootstrap,player_00530,opportunistic_player,0.592744404,0.328183378,1.097197495,0.650357675,20,,0.368695317,0.331825785,0.938231419,1.58286002,-0.08472715,lost,-0.592744404,0.0
525,countdown,player_00164,opportunistic_player,0.119233339,0.920927782,1.0,0.119233339,20,,0.067594764,0.060835288,1.388066931,11.641600768,-0.027536293,won,1.388066931,0.073056154
525,countdown,player_01000,opportunistic_player,0.250022924,1.040161121,1.0,0.250022924,20,,0.141740898,0.127566809,1.263816825,5.054803795,-0.056907218,lost,-0.250022924,0.0
525,countdown,player_01001,occasional_player,0.261656126,1.290184045,1.0,0.261656126,20,,0.148335896,0.133502306,1.252765283,4.787830893,-0.059477375,lost,-0.261656126,0.0
526,bootstrap,player_00208,opportunistic_player,0.239070337,0,1.5,0.358605505,0,,0.38919615,0.350276535,0.541431113,2.26473564,0.034321006,won,0.541431113,0.028496374
526,bootstrap,player_00689,opportunistic_player,0.043307817,0.239070337,1.205285928,0.052198302,10,,0.056651049,0.050985944,0.727405507,16.796171154,-0.00401227,lost,-0.043307817,0.0
526,bootstrap,player_00287,occasional_player,0.081427976,0.282378154,1.151898196,0.093796739,20,,0.101798018,0.091618216,0.691191356,8.488376963,-0.010641971,lost,-0.081427976,0.0
526,countdown,player_01002,occasional_player,0.226999116,0.36380613,1.0,0.226999116,20,,0.24636315,0.221726835,0.552898773,2.435686898,-0.054074825,lost,-0.226999116,0.0
526,countdown,player_01003,occasional_player,0.09961764,0.590805246,1.0,0.09961764,20,,0.108115468,0.097303921,0.673911175,6.764978319,-0.024350253,lost,-0.09961764,0.0
526,countdown,player_01004,occasional_player,0.061888931,0.690422886,1.0,0.061888931,20,,0.067168332,0.060451499,0.709753448,11.46818077,-0.015241993,lost,-0.061888931,0.0
526,countdown,player_00472,occasional_player,0.028294211,0.752311817,1.0,0.028294211,20,,0.030707833,0.02763705,0.741668432,26.212727131,-0.007014715,lost,-0.028294211,0.0
527,bootstrap,player_00662,occasional_player,0.015341202,0,1.5,0.023011803,0,,0.010530645,0.009477581,1.958484257,127.661721484,0.003365888,lost,-0.015341202,0.0
527,bootstrap,player_00356,occasional_player,0.014336978,0.015341202,1.481074878,0.021234138,10,,0.009717151,0.008745436,1.95943827,136.670243182,0.002924547,lost,-0.014336978,0.0
527,bootstrap,player_00663,opportunistic_player,0.244599691,0.02967818,1.463388582,0.357944395,20,,0.163802261,0.147422035,1.740688692,7.116479523,0.048075562,lost,-0.244599691,0.0
527,bootstrap,player_00932,occasional_player,0.054306194,0.274277871,1.161646977,0.063084626,30,,0.028868742,0.025981868,1.921467515,35.382106037,-0.002971903,lost,-0.054306194,0.0
527,countdown,player_01005,occasional_player,0.173311096,0.328584065,1.0,0.173311096,30,,0.079310501,0.071379451,1.808412858,10.434489767,-0.031856728,lost,-0.173311096,0.0
527,countdown,player_00409,occasional_player,0.220324117,0.501895161,1.0,0.220324117,30,,0.100824567,0.09074211,1.763750488,8.005253858,-0.040285001,lost,-0.220324117,0.0
527,countdown,player_00783,player_whale,1.326312378,0.722219278,1.0,1.326312378,30,,0.606946133,0.54625152,0.71306164,0.537627222,-0.212301222,won,0.71306164,0.03752956
528,bootstrap,player_01006,occasional_player,0.119795032,0,1.5,0.179692548,0,,0.112306626,0.101075964,1.30968263,10.932695687,0.0246908,lost,-0.119795032,0.0
528,bootstrap,player_00003,persistent_player,0.035956855,0.119795032,1.352115652,0.048617826,10,,0.030385812,0.027347231,1.389328898,38.638776885,0.003020764,lost,-0.035956855,0.0
528,bootstrap,player_00928,occasional_player,0.167933172,0.155751887,1.3077277,0.219610861,20,,0.137255302,0.123529772,1.263951397,7.526514158,0.008947202,lost,-0.167933172,0.0
528,bootstrap,player_00346,occasional_player,0.057010628,0.323685059,1.100417871,0.062735514,30,,0.039209272,0.035288344,1.369327813,24.018816517,-0.006677506,lost,-0.057010628,0.0
528,countdown,player_00325,occasional_player,0.014924547,0.380695687,1.0,0.014924547,30,,0.009327741,0.008394967,1.40930959,94.428969296,-0.002968149,lost,-0.014924547,0.0
528,countdown,player_01007,occasional_player,0.325049496,0.395620234,1.0,0.325049496,30,,0.203153735,0.182838361,1.114690889,3.429295854,-0.061809723,lost,-0.325049496,0.0
528,countdown,player_00545,occasional_player,0.690168423,0.72066973,1.0,0.690168423,30,,0.431350593,0.388215534,0.767827908,1.112522513,-0.124151599,won,0.767827908,0.040411995
528,countdown,player_01008,occasional_player,0.018828249,1.410838153,1.0,0.018828249,30,,0.011767528,0.010590775,1.405601074,74.653839214,-0.003742438,lost,-0.018828249,0.0
528,countdown,player_01009,opportunistic_player,0.040389863,1.429666402,1.0,0.040389863,30,,0.025243391,0.022719052,1.38511754,34.29369246,-0.008003686,lost,-0.040389863,0.0
529,bootstrap,player_00307,occasional_player,0.043256842,0,1.5,0.064885263,0,,0.080482925,0.072434632,0.622474536,14.390198347,0.004965166,lost,-0.043256842,0.0
529,bootstrap,player_00943,occasional_player,0.135068616,0.043256842,1.446562968,0.195385258,10,,0.2423536,0.21811824,0.535253351,3.962825465,0.011140831,lost,-0.135068616,0.0
529,bootstrap,player_00741,player_whale,0.193391977,0.178325458,1.279706915,0.24748505,20,,0.306977575,0.276279818,0.479846158,2.481210262,-0.007389868,lost,-0.193391977,0.0
529,countdown,player_01010,occasional_player,0.168927821,0.371717435,1.0,0.168927821,20,,0.209536103,0.188582492,0.503087106,2.978118721,-0.042197571,won,0.503087106,0.026478269
529,countdown,player_01011,occasional_player,0.075803931,0.540645256,1.0,0.075803931,20,,0.094026314,0.084623682,0.591554802,7.803748353,-0.019329578,lost,-0.075803931,0.0
529,countdown,player_01012,occasional_player,0.053711794,0.616449187,1.0,0.053711794,20,,0.066623484,0.059961136,0.612542332,11.404242648,-0.01376244,lost,-0.053711794,0.0
530,bootstrap,player_00894,occasional_player,0.282776273,0,1.5,0.42416441,0,,0.744753422,0.67027808,0.149528326,0.52878668,0.006988024,lost,-0.282776273,0.0
530,bootstrap,player_00200,occasional_player,0.024141003,0.282776273,1.150429645,0.027772526,10,,0.048763365,0.043887028,0.395231833,16.37180663,-0.005735976,lost,-0.024141003,0.0
530,bootstrap,player_00033,occasional_player,0.104944853,0.306917276,1.120586339,0.117599769,20,,0.206483213,0.185834892,0.318468175,3.034624056,-0.026259939,won,0.318468175,0.016761483
531,bootstrap,player_01013,occasional_player,0.029003778,0,1.5,0.043505667,0,,0.085718499,0.077146649,0.365567486,12.604133355,0.001436073,lost,-0.029003778,0.0
531,bootstrap,player_00511,opportunistic_player,0.101912486,0.029003778,1.464120175,0.149212127,10,,0.293990196,0.264591177,0.296304213,2.90743779,0.003452139,won,0.296304213,0.015594959
531,bootstrap,player_00306,occasional_player,0.09863188,0.130916264,1.33804687,0.131974078,20,,0.260026352,0.234023717,0.299420789,3.03574046,-0.005478115,lost,-0.09863188,0.0
531,bootstrap,player_00759,occasional_player,0.118767501,0.229548144,1.216031919,0.144425072,30,,0.284558341,0.256102507,0.280291949,2.360005443,-0.016567376,lost,-0.118767501,0.0
531,countdown,player_00497,occasional_player,0.038424222,0.348315645,1.0,0.038424222,30,,0.075706612,0.068135951,0.356618064,9.28107442,-0.01150764,lost,-0.038424222,0.0
532,bootstrap,player_01014,player_whale,1.603958435,0,1.5,2.405937653,0,,0.669804554,0.602824098,1.149742995,0.716815953,0.056039146,lost,-1.603958435,0.0
532,countdown,player_01015,occasional_player,0.05690044,1.603958435,1.0,0.05690044,0,,0.015840882,0.014256794,2.61944809,46.035638568,-0.018744292,lost,-0.05690044,0.0
532,countdown,player_01016,player_whale,0.853986954,1.660858875,1.0,0.853986954,0,,0.237746955,0.213972259,1.862215902,2.180613993,-0.272794892,won,1.862215902,0.098011363
532,countdown,player_01017,occasional_player,0.2751745,2.514845829,1.0,0.2751745,0,,0.07660761,0.068946849,2.412087733,8.765665907,-0.089896237,lost,-0.2751745,0.0
533,bootstrap,player_00885,occasional_player,0.282025927,0,1.5,0.42303889,0,,0.279985877,0.251987289,1.039868647,3.687138478,0.051074703,lost,-0.282025927,0.0
533,bootstrap,player_00088,opportunistic_player,0.197887549,0.282025927,1.086830115,0.215070148,10,,0.142342951,0.128108656,1.119800106,5.658769902,-0.029080355,lost,-0.197887549,0.0
533,countdown,player_01018,occasional_player,0.11974794,0.479913476,1.0,0.11974794,10,,0.079254491,0.071329042,1.194032735,9.971217332,-0.026037223,won,1.194032735,0.062843828
533,countdown,player_00356,occasional_player,0.027228361,0.599661416,1.0,0.027228361,10,,0.018020935,0.016218842,1.281926335,47.080554532,-0.005995388,lost,-0.027228361,0.0
533,countdown,player_01019,opportunistic_player,0.191329011,0.626889777,1.0,0.191329011,10,,0.126630015,0.113967013,1.126030717,5.885310918,-0.041193457,lost,-0.191329011,0.0
533,countdown,player_01020,opportunistic_player,0.53451504,0.818218788,1.0,0.53451504,10,,0.353765731,0.318389158,0.80000399,1.496691262,-0.10961865,lost,-0.53451504,0.0
534,bootstrap,player_00444,occasional_player,0.014154855,0,1.5,0.021232282,0,,0.041326248,0.037193623,0.375772256,26.547234595,0.000347947,lost,-0.014154855,0.0
534,bootstrap,player_00317,occasional_player,0.034761802,0.014154855,1.479248516,0.051421344,10,,0.100085861,0.090077275,0.356195657,10.246754662,0.00045458,lost,-0.034761802,0.0
534,bootstrap,player_00901,occasional_player,0.136345577,0.048916657,1.428286568,0.194740556,20,,0.379040582,0.341136524,0.25969107,1.904653427,-0.001243012,won,0.25969107,0.013667951
534,bootstrap,player_00558,occasional_player,0.200568413,0.185262234,1.228399457,0.24637813,30,,0.47954731,0.431592579,0.198679376,0.990581584,-0.02825603,lost,-0.200568413,0.0
535,bootstrap,player_00941,occasional_player,0.067115736,0,1.5,0.100673604,0,,0.125231682,0.112708514,0.528316664,7.871725698,-5.435e-06,lost,-0.067115736,0.0
535,bootstrap,player_00982,opportunistic_player,0.424381698,0.067115736,1.40472517,0.596139653,10,,0.741560534,0.667404481,0.188914,0.445151148,-0.015065401,won,0.188914,0.009942842
535,countdown,player_01021,occasional_player,0.107085583,0.491497434,1.0,0.107085583,10,,0.133207784,0.119887006,0.490345309,4.579003965,-0.035461382,lost,-0.107085583,0.0
536,bootstrap,player_01022,occasional_player,0.262912911,0,1.5,0.394369367,0,,0.195645237,0.176080713,1.557361144,5.923486748,0.057602243,lost,-0.262912911,0.0
536,bootstrap,player_00211,occasional_player,0.023426011,0.262912911,1.126517849,0.02638982,10,,0.013091896,0.011782706,1.784873699,76.191960258,-0.002119347,won,1.784873699,0.093940721
536,bootstrap,player_00340,occasional_player,0.039840153,0.286338922,1.093239921,0.043554846,20,,0.021607404,0.019446663,1.769280264,44.409474638,-0.004658797,lost,-0.039840153,0.0
536,countdown,player_01023,occasional_player,0.257646849,0.326179075,1.0,0.257646849,20,,0.127817683,0.115035915,1.562363903,6.063974425,-0.048280247,lost,-0.257646849,0.0
536,countdown,player_00461,player_whale,1.135426086,0.583825924,1.0,1.135426086,20,,0.563280833,0.506952749,0.728473628,0.64158613,-0.190517002,lost,-1.135426086,0.0
536,countdown,player_00021,occasional_player,0.052419767,1.71925201,1.0,0.052419767,20,,0.026005259,0.023404734,1.757329631,33.524178597,-0.010063065,lost,-0.052419767,0.0
536,countdown,player_00316,occasional_player,0.10593039,1.771671777,1.0,0.10593039,20,,0.052551689,0.04729652,1.706494539,16.109584219,-0.020208998,lost,-0.10593039,0.0
537,bootstrap,player_00718,occasional_player,0.219125413,0,1.5,0.328688119,0,,0.168813676,0.151932308,1.543768584,7.045137134,0.048715142,lost,-0.219125413,0.0
537,bootstrap,player_00512,occasional_player,0.083844328,0.219125413,1.188502333,0.099649179,10,,0.051179654,0.046061689,1.672285615,19.945125149,-0.002954017,lost,-0.083844328,0.0
537,bootstrap,player_00422,occasional_player,0.031094002,0.302969741,1.069313453,0.033249235,20,,0.017076752,0.015369077,1.722398425,55.393269245,-0.004144442,lost,-0.031094002,0.0
537,countdown,player_01024,occasional_player,0.269830965,0.334063743,1.0,0.269830965,20,,0.138584739,0.124726265,1.49559831,5.542723052,-0.049635566,won,1.49559831,0.078715701
537,countdown,player_01025,occasional_player,0.024623018,0.603894708,1.0,0.024623018,20,,0.012646341,0.011381707,1.728545859,70.200405957,-0.004668963,lost,-0.024623018,0.0
537,countdown,player_00926,occasional_player,0.703797616,0.628517726,1.0,0.703797616,20,,0.361469295,0.325322366,1.083329991,1.539263514,-0.122405035,lost,-0.703797616,0.0
537,countdown,player_01026,occasional_player,0.040062922,1.332315342,1.0,0.040062922,20,,0.020576251,0.018518626,1.713877951,42.779654232,-0.007582348,lost,-0.040062922,0.0
537,countdown,player_01027,occasional_player,0.447145694,1.372378264,1.0,0.447145694,20,,0.229653291,0.206687962,1.327149317,2.968046735,-0.080420274,lost,-0.447145694,0.0
538,bootstrap,player_00578,opportunistic_player,0.2039991,0,1.5,0.30599865,0,,0.251085909,0.225977318,0.831325865,4.075144766,0.029960859,lost,-0.2039991,0.0
538,bootstrap,player_00885,occasional_player,0.074600394,0.2039991,1.210985835,0.09034002,10,,0.074128125,0.066715312,0.954254635,12.791549537,-0.00596001,lost,-0.074600394,0.0
538,bootstrap,player_00855,opportunistic_player,0.442441342,0.278599494,1.105296297,0.489028777,20,,0.401270512,0.361143461,0.604805735,1.366973828,-0.064234908,lost,-0.442441342,0.0
538,countdown,player_01028,occasional_player,0.094459718,0.721040836,1.0,0.094459718,20,,0.077508525,0.069757673,0.935388278,9.90250974,-0.022619918,lost,-0.094459718,0.0
538,countdown,player_01029,occasional_player,0.238873841,0.815500554,1.0,0.238873841,20,,0.196006929,0.176406236,0.798194861,3.341491297,-0.055928455,lost,-0.238873841,0.0
539,bootstrap,player_00949,opportunistic_player,0.095829727,0,1.5,0.14374459,0,,0.083648102,0.075283292,1.435618487,14.980930576,0.019462736,lost,-0.095829727,0.0
539,bootstrap,player_00489,opportunistic_player,0.241472654,0.095829727,1.369488771,0.330694088,10,,0.192438079,0.173194271,1.297257707,5.372275846,0.02502663,lost,-0.241472654,0.0
539,countdown,player_01030,occasional_player,1.244005453,0.337302381,1.0,1.244005453,10,,0.723913819,0.651522437,0.344851548,0.27721064,-0.208829468,lost,-1.244005453,0.0
540,bootstrap,player_00384,occasional_player,0.146542625,0,1.5,0.219813938,0,,0.281949447,0.253754502,0.431918321,2.947390362,0.000244444,lost,-0.146542625,0.0
540,bootstrap,player_00423,occasional_player,0.427900046,0.146542625,1.308267847,0.559807872,10,,0.718050553,0.646245498,0.164628771,0.384736511,-0.044980966,lost,-0.427900046,0.0
541,bootstrap,player_00084,occasional_player,0.04978621,0,1.5,0.074679315,10,,0.099736295,0.089762665,0.577617295,11.601953529,0.006531201,lost,-0.04978621,0.0
541,bootstrap,player_00757,occasional_player,0.062622719,0.04978621,1.439266458,0.090130779,20,,0.120372153,0.108334938,0.565422611,9.029033237,0.005416533,lost,-0.062622719,0.0
541,bootstrap,player_00908,occasional_player,0.09467075,0.112408929,1.362873828,0.129024287,30,,0.172315511,0.15508396,0.534976982,5.650921555,0.002977514,lost,-0.09467075,0.0
541,bootstrap,player_00230,occasional_player,0.132989443,0.207079679,1.247386227,0.1658892,40,,0.221549624,0.199394662,0.498574223,3.74897595,-0.007059019,lost,-0.132989443,0.0
541,countdown,player_01031,occasional_player,0.058213941,0.340069122,1.0,0.058213941,40,,0.077746332,0.069971698,0.56961095,9.784785922,-0.014283967,lost,-0.058213941,0.0
541,countdown,player_00748,opportunistic_player,0.230830166,0.398283063,1.0,0.230830166,40,,0.308280084,0.277452076,0.405625537,1.757246653,-0.05424421,won,0.405625537,0.021348712
541,bootstrap,player_00571,opportunistic_player,0.069324299,0,1.5,0.103986449,0,10,0.0,0.0,0.0,0.0,0.0,pending_withdrawn,0.0,0.0
542,bootstrap,player_00459,occasional_player,0.063799406,0,1.5,0.095699109,0,,0.135688155,0.122119339,0.500664117,7.847473014,0.005132506,lost,-0.063799406,0.0
542,bootstrap,player_00353,opportunistic_player,0.064271542,0.063799406,1.418342395,0.091159053,10,,0.129250981,0.116325883,0.500215588,7.782847154,0.001392922,lost,-0.064271542,0.0
542,bootstrap,player_00798,occasional_player,0.044011918,0.128070948,1.336080498,0.058803465,20,,0.083375214,0.075037692,0.519462231,11.802762845,-0.001730118,won,0.519462231,0.027340117
542,bootstrap,player_01032,occasional_player,0.243931904,0.172082866,1.27974913,0.312171642,30,,0.442616389,0.39835475,0.329538244,1.350943597,-0.015487346,lost,-0.243931904,0.0
542,countdown,player_00356,occasional_player,0.016217828,0.41601477,1.0,0.016217828,30,,0.022994646,0.020695182,0.545866616,33.658429231,-0.004585388,lost,-0.016217828,0.0
542,countdown,player_01033,occasional_player,0.119820011,0.432232598,1.0,0.119820011,30,,0.169888271,0.152899444,0.447444542,3.734305634,-0.033085576,lost,-0.119820011,0.0
542,countdown,player_00309,occasional_player,0.01141602,0.552052609,1.0,0.01141602,30,,0.016186344,0.01456771,0.550428334,48.21543179,-0.003231235,lost,-0.01141602,0.0
543,bootstrap,player_00722,occasional_player,0.277990942,0,1.5,0.416986413,0,,0.499275293,0.449347763,0.412653982,1.48441521,0.03234881,won,0.412653982,0.021718631
543,bootstrap,player_01034,occasional_player,0.07748529,0.277990942,1.141578416,0.088455535,10,,0.105911516,0.095320364,0.603134352,7.783856159,-0.012608378,lost,-0.07748529,0.0
543,countdown,player_01035,opportunistic_player,0.120929755,0.355476232,1.0,0.120929755,10,,0.144794259,0.130314833,0.56186211,4.646185797,-0.031951847,lost,-0.120929755,0.0
543,countdown,player_01036,opportunistic_player,0.20881165,0.476405987,1.0,0.20881165,10,,0.250018932,0.225017039,0.47837431,2.290936879,-0.0541831,lost,-0.20881165,0.0
544,bootstrap,player_00912,occasional_player,0.114089335,0,1.5,0.171134002,0,,0.357129583,0.321416625,0.252358182,2.211934902,0.003692989,lost,-0.114089335,0.0
544,bootstrap,player_00736,occasional_player,0.081070063,0.114089335,1.350018746,0.109446105,10,,0.228396703,0.205557033,0.28372649,3.499768964,-0.006083566,won,0.28372649,0.014932973
544,bootstrap,player_00576,occasional_player,0.15972801,0.195159398,1.243444457,0.198612909,20,,0.414473714,0.373026342,0.209001441,1.308483344,-0.022182212,lost,-0.15972801,0.0
545,bootstrap,player_01037,opportunistic_player,0.070846973,0,1.5,0.106270459,0,,0.11858928,0.106730352,0.703287003,9.926846173,0.011776619,lost,-0.070846973,0.0
545,bootstrap,player_01015,occasional_player,0.072958197,0.070846973,1.405089853,0.102512822,10,,0.11439606,0.102956454,0.70128134,9.612098007,0.00675476,lost,-0.072958197,0.0
545,bootstrap,player_00392,occasional_player,0.139193334,0.14380517,1.307351405,0.181974601,20,,0.203069011,0.18276211,0.63835796,4.586124504,0.002913581,lost,-0.139193334,0.0
545,bootstrap,player_00941,occasional_player,0.027628256,0.282998504,1.120881057,0.030967989,30,,0.034557784,0.031102005,0.744344784,26.941432131,-0.003618346,lost,-0.027628256,0.0
545,countdown,player_01038,occasional_player,0.474396094,0.31062676,1.0,0.474396094,30,,0.529387865,0.476449079,0.319915338,0.674363347,-0.095947144,won,0.319915338,0.016837649
546,bootstrap,player_00387,occasional_player,0.067765949,0,1.5,0.101648924,0,,0.187701921,0.168931729,0.357709362,5.278600353,0.004110331,lost,-0.067765949,0.0
546,bootstrap,player_00171,occasional_player,0.190376488,0.067765949,1.409153755,0.268269743,10,,0.495379037,0.445841134,0.24122935,1.267117346,0.002051148,won,0.24122935,0.012696282
546,bootstrap,player_00424,occasional_player,0.030706867,0.258142437,1.153937243,0.035433797,20,,0.06543101,0.058887909,0.39291549,12.79568802,-0.005760632,lost,-0.030706867,0.0
546,bootstrap,player_00380,opportunistic_player,0.060715952,0.288849304,1.112771973,0.06756301,30,,0.124759872,0.112283885,0.364406859,6.001830614,-0.012981511,lost,-0.060715952,0.0
546,countdown,player_00878,occasional_player,0.044214689,0.349565256,1.0,0.044214689,30,,0.081645548,0.073480993,0.380083059,8.596307424,-0.013036869,lost,-0.044214689,0.0
546,countdown,player_00532,opportunistic_player,0.024414236,0.393779945,1.0,0.024414236,30,,0.045082612,0.040574351,0.39889349,16.338561225,-0.0072388,lost,-0.024414236,0.0
547,bootstrap,player_00110,occasional_player,0.029813663,0,1.5,0.044720494,0,,0.028452185,0.025606967,1.320750151,44.300163701,0.00477018,lost,-0.029813663,0.0
547,bootstrap,player_00237,occasional_player,0.035084601,0.029813663,1.460004152,0.051223663,10,,0.032589648,0.029330683,1.31574276,37.502001528,0.004536088,lost,-0.035084601,0.0
547,bootstrap,player_00257,occasional_player,0.229573447,0.064898264,1.412937196,0.324372862,20,,0.206373319,0.185735987,1.130978357,4.926433659,0.023129985,lost,-0.229573447,0.0
547,bootstrap,player_00982,opportunistic_player,0.494906969,0.294471711,1.10495811,0.546851469,30,,0.347919219,0.313127297,0.878911511,1.775912577,-0.064726902,lost,-0.494906969,0.0
547,countdown,player_01039,opportunistic_player,0.432610489,0.78937868,1.0,0.432610489,30,,0.275236535,0.247712881,0.938093167,2.168447577,-0.093069537,won,0.938093167,0.049373325
547,countdown,player_00339,occasional_player,0.078397144,1.221989169,1.0,0.078397144,30,,0.049878028,0.044890226,1.274595844,16.25819232,-0.017660984,lost,-0.078397144,0.0
547,countdown,player_01040,occasional_player,0.073114527,1.300386313,1.0,0.073114527,30,,0.046517108,0.041865398,1.279614331,17.501505968,-0.016481996,lost,-0.073114527,0.0
547,countdown,player_00595,occasional_player,0.020486477,1.37350084,1.0,0.020486477,30,,0.013033958,0.011730562,1.329610978,64.901885186,-0.004649075,lost,-0.020486477,0.0
548,bootstrap,player_00877,occasional_player,0.022300594,0,1.5,0.033450891,0,,0.026993899,0.024294509,1.036097305,46.460525015,0.003412663,lost,-0.022300594,0.0
548,bootstrap,player_00094,opportunistic_player,0.285496567,0.022300594,1.470062184,0.419697707,10,,0.338683873,0.304815486,0.786061131,2.753312025,0.041130813,lost,-0.285496567,0.0
548,bootstrap,player_00635,occasional_player,0.080566387,0.307797161,1.086792408,0.087558938,20,,0.070657523,0.06359177,0.980744802,12.17312627,-0.01307573,lost,-0.080566387,0.0
548,countdown,player_00063,occasional_player,0.095223781,0.388363548,1.0,0.095223781,20,,0.076842829,0.069158546,0.966820278,10.153138928,-0.021774358,lost,-0.095223781,0.0
548,countdown,player_01041,player_whale,0.48771938,0.483587329,1.0,0.48771938,20,,0.39357539,0.354217851,0.593949459,1.217809837,-0.104572969,won,0.593949459,0.031260498
548,countdown,player_00012,opportunistic_player,0.115551227,0.971306709,1.0,0.115551227,20,,0.093246488,0.083921839,0.947509204,8.199906039,-0.026337241,lost,-0.115551227,0.0
549,bootstrap,player_00502,occasional_player,0.02487441,0,1.5,0.037311615,0,,0.046496207,0.041846587,0.648010306,26.051283466,0.003283519,lost,-0.02487441,0.0
549,bootstrap,player_00524,occasional_player,0.096033883,0.02487441,1.466583529,0.140841711,10,,0.175511176,0.157960058,0.580408807,6.043791925,0.010817043,lost,-0.096033883,0.0
549,bootstrap,player_00525,occasional_player,0.017747641,0.120908293,1.337570882,0.023738728,20,,0.029582231,0.026624008,0.654780737,36.893958837,0.00015776,won,0.654780737,0.034462144
549,bootstrap,player_00838,occasional_player,0.185804823,0.138655934,1.313728567,0.244097104,30,,0.30418382,0.273765438,0.495126414,2.664766208,0.000610615,lost,-0.185804823,0.0
549,countdown,player_01042,occasional_player,0.356476614,0.324460757,1.0,0.356476614,30,,0.444226566,0.399803909,0.332988212,0.934109557,-0.080825881,lost,-0.356476614,0.0
550,bootstrap,player_00139,occasional_player,0.019085836,0,1.5,0.028628754,0,,0.04229547,0.038065923,0.503644038,26.388366658,0.000812359,lost,-0.019085836,0.0
550,bootstrap,player_00371,opportunistic_player,0.27631861,0.019085836,1.473147827,0.40705816,10,,0.601378463,0.541240616,0.259272903,0.938311404,0.013565271,won,0.259272903,0.013645942
550,bootstrap,player_01043,occasional_player,0.144949272,0.295404446,1.084390678,0.157181639,20,,0.232216577,0.208994919,0.384073774,2.649711646,-0.034386143,lost,-0.144949272,0.0
550,countdown,player_01044,occasional_player,0.084006635,0.440353718,1.0,0.084006635,20,,0.124109491,0.111698542,0.441969279,5.261123473,-0.025255892,lost,-0.084006635,0.0
551,bootstrap,player_01045,occasional_player,0.065721781,0,1.5,0.098582672,0,,0.125909837,0.113318854,0.587907703,8.945401266,0.008346763,lost,-0.065721781,0.0
551,bootstrap,player_00720,occasional_player,0.073150942,0.065721781,1.410439351,0.103174967,10,,0.131775119,0.118597607,0.58085,7.940430897,0.004412005,lost,-0.073150942,0.0
551,bootstrap,player_00732,opportunistic_player,0.076253517,0.138872723,1.310754806,0.099949664,20,,0.12765576,0.114890184,0.577902554,7.578700321,-0.001097406,lost,-0.076253517,0.0
551,bootstrap,player_01046,occasional_player,0.181264766,0.21512624,1.206842307,0.218757988,30,,0.27939781,0.251458029,0.478141867,2.637809199,-0.015451674,lost,-0.181264766,0.0
551,countdown,player_00778,occasional_player,0.048334675,0.396391006,1.0,0.048334675,30,,0.061733071,0.055559764,0.604425454,12.505007092,-0.012067477,lost,-0.048334675,0.0
551,countdown,player_01047,occasional_player,0.214162463,0.444725681,1.0,0.214162463,30,,0.273528403,0.246175563,0.446889055,2.08668246,-0.051427733,won,0.446889055,0.023520477
552,bootstrap,player_00021,occasional_player,0.033750073,0,1.5,0.05062511,0,,0.042041787,0.037837609,1.003463858,29.732198137,0.005495622,lost,-0.033750073,0.0
552,bootstrap,player_00085,occasional_player,0.125339846,0.033750073,1.452293674,0.182030265,10,,0.151167626,0.136050863,0.916453573,7.311749635,0.016397048,lost,-0.125339846,0.0
552,bootstrap,player_01048,occasional_player,0.237454549,0.159089919,1.275123583,0.302783895,20,,0.251447871,0.226303083,0.809944605,3.410945837,-0.000424891,lost,-0.237454549,0.0
552,countdown,player_01049,occasional_player,0.094864374,0.396544468,1.0,0.094864374,20,,0.078780428,0.070902385,0.945405272,9.965862123,-0.021106775,lost,-0.094864374,0.0
552,countdown,player_00540,occasional_player,0.064116818,0.491408842,1.0,0.064116818,20,,0.05324602,0.047921418,0.97461545,15.200620995,-0.014339295,lost,-0.064116818,0.0
552,countdown,player_01050,occasional_player,0.057951379,0.55552566,1.0,0.057951379,20,,0.048125911,0.04331332,0.980472617,16.918883274,-0.012973788,lost,-0.057951379,0.0
552,countdown,player_00394,opportunistic_player,0.451789858,0.613477039,1.0,0.451789858,20,,0.375190357,0.337671321,0.606326062,1.342053282,-0.094494457,won,0.606326062,0.031911898
553,bootstrap,player_00960,occasional_player,0.105065597,0,1.5,0.157598395,0,,0.164571287,0.148114159,0.709473704,6.752673798,0.015579206,lost,-0.105065597,0.0
553,bootstrap,player_00606,occasional_player,0.221867674,0.105065597,1.351383887,0.2998284,10,,0.313094215,0.281784794,0.598511731,2.697606731,0.009302767,lost,-0.221867674,0.0
553,countdown,player_00251,occasional_player,0.14257338,0.326933271,1.0,0.14257338,10,,0.148881495,0.133993346,0.67384131,4.726277164,-0.033179244,lost,-0.14257338,0.0
553,countdown,player_01051,player_whale,0.262761478,0.469506651,1.0,0.262761478,10,,0.274387279,0.246948551,0.559662617,2.129926431,-0.05966504,won,0.559662617,0.029455927
553,countdown,player_00769,occasional_player,0.094868305,0.732268129,1.0,0.094868305,10,,0.099065724,0.089159151,0.719161131,7.580625914,-0.022290131,lost,-0.094868305,0.0
554,bootstrap,player_00982,opportunistic_player,0.168745937,0,1.5,0.253118906,0,,0.271701987,0.244531788,0.624849232,3.702899421,0.025313309,lost,-0.168745937,0.0
554,bootstrap,player_00852,occasional_player,0.176673142,0.168745937,1.252538218,0.221289862,10,,0.237536169,0.213782552,0.617318388,3.494126955,-0.006931606,lost,-0.176673142,0.0
554,countdown,player_00468,occasional_player,0.166904082,0.345419079,1.0,0.166904082,10,,0.17915758,0.161241822,0.626598995,3.754246075,-0.0389582,won,0.626598995,0.032978894
554,countdown,player_01052,occasional_player,0.08668448,0.512323161,1.0,0.08668448,10,,0.093048543,0.083743689,0.702807617,8.107652219,-0.020569499,lost,-0.08668448,0.0
554,countdown,player_01053,occasional_player,0.203607583,0.599007641,1.0,0.203607583,10,,0.218555721,0.196700148,0.591730669,2.906230996,-0.047164431,lost,-0.203607583,0.0
555,bootstrap,player_00919,occasional_player,0.244705762,0,1.5,0.367058643,0,,0.242209056,0.217988151,1.095053765,4.474981529,0.04734594,won,1.095053765,0.057634409
555,bootstrap,player_00101,player_whale,0.043692091,0.244705762,1.151185534,0.050297703,10,,0.033189681,0.029870713,1.286016752,29.433627985,-0.00397274,lost,-0.043692091,0.0
555,bootstrap,player_00332,occasional_player,0.153685685,0.288397853,1.088904886,0.167349093,20,,0.110427766,0.099384989,1.181522838,7.68791731,-0.020986,lost,-0.153685685,0.0
555,countdown,player_01054,occasional_player,0.288865816,0.442083538,1.0,0.288865816,20,,0.190612367,0.17155113,1.053101714,3.645643255,-0.05864977,lost,-0.288865816,0.0
555,countdown,player_01055,occasional_player,0.456992238,0.730949354,1.0,0.456992238,20,,0.301553065,0.271397758,0.893381613,1.954916382,-0.090503802,lost,-0.456992238,0.0
555,countdown,player_01056,occasional_player,0.052903675,1.187941592,1.0,0.052903675,20,,0.03490927,0.031418343,1.277265748,24.143232915,-0.011111956,lost,-0.052903675,0.0
555,countdown,player_00672,occasional_player,0.131994923,1.240845267,1.0,0.131994923,20,,0.087098796,0.078388916,1.202129062,9.107388638,-0.02741439,lost,-0.131994923,0.0
556,bootstrap,player_00075,occasional_player,0.278723944,0,1.5,0.418085916,0,,0.613759288,0.552383359,0.269259711,0.966044421,0.023973108,won,0.269259711,0.014171564
556,bootstrap,player_00707,opportunistic_player,0.041088299,0.278723944,1.102416197,0.045296406,10,,0.066496117,0.059846505,0.495013574,12.047555777,-0.009004476,lost,-0.041088299,0.0
556,countdown,player_00667,opportunistic_player,0.047580329,0.319812243,1.0,0.047580329,10,,0.069848966,0.062864069,0.488846145,10.274122852,-0.013858378,lost,-0.047580329,0.0
556,countdown,player_00716,occasional_player,0.052116794,0.367392572,1.0,0.052116794,10,,0.076508596,0.068857736,0.484536504,9.29712798,-0.015164063,lost,-0.052116794,0.0
556,countdown,player_01057,occasional_player,0.118109295,0.419509366,1.0,0.118109295,10,,0.173387034,0.15604833,0.421843628,3.571637844,-0.033850543,lost,-0.118109295,0.0
557,bootstrap,player_00920,opportunistic_player,0.049354556,0,1.5,0.074031834,0,,0.14885574,0.133970166,0.304280602,6.165197838,-0.001977995,lost,-0.049354556,0.0
557,bootstrap,player_00952,occasional_player,0.296112665,0.049354556,1.429549226,0.423307631,10,,0.85114426,0.766029834,0.069860398,0.23592506,-0.01576638,won,0.069860398,0.003676863
558,bootstrap,player_01058,occasional_player,0.176965733,0,1.5,0.265448599,0,,0.210901183,0.189811065,0.870830603,4.920899592,0.021917605,lost,-0.176965733,0.0
558,bootstrap,player_00062,opportunistic_player,0.402119997,0.176965733,1.252557988,0.503678614,10,,0.400176968,0.360159271,0.656934052,1.633676657,-0.020691862,lost,-0.402119997,0.0
558,countdown,player_01059,opportunistic_player,0.129526413,0.57908573,1.0,0.129526413,10,,0.102909843,0.092618859,0.915897957,7.071128861,-0.032700401,lost,-0.129526413,0.0
558,countdown,player_01060,occasional_player,0.359986061,0.708612143,1.0,0.359986061,10,,0.286012005,0.257410805,0.696961292,1.936078552,-0.087916392,won,0.696961292,0.036682173
559,bootstrap,player_01061,occasional_player,0.530816954,0,1.5,0.796225431,0,,0.444846382,0.400361743,0.967743044,1.823120072,0.069149139,lost,-0.530816954,0.0
559,countdown,player_01062,occasional_player,0.135192443,0.530816954,1.0,0.135192443,0,,0.075531209,0.067978088,1.343586329,9.938324208,-0.03466789,lost,-0.135192443,0.0
559,countdown,player_01063,occasional_player,0.229739653,0.666009397,1.0,0.229739653,0,,0.128354169,0.115518752,1.25376648,5.457336002,-0.058366876,lost,-0.229739653,0.0
559,countdown,player_00508,player_whale,0.628730992,0.89574905,1.0,0.628730992,0,,0.351268241,0.316141417,0.874724707,1.391254318,-0.153426377,won,0.874724707,0.046038142
560,bootstrap,player_01064,opportunistic_player,0.221137232,0,1.5,0.331705848,0,,0.228558126,0.205702313,1.061491934,4.800150224,0.042702554,won,1.061491934,0.055867997
560,bootstrap,player_01065,occasional_player,0.096708855,0.221137232,1.196065461,0.115670121,10,,0.079701176,0.071731058,1.179698892,12.198457854,-0.005150777,lost,-0.096708855,0.0
560,bootstrap,player_00780,occasional_player,0.138341184,0.317846087,1.063147269,0.147077052,20,,0.101341763,0.091207586,1.140148179,8.241567307,-0.021733255,lost,-0.138341184,0.0
560,countdown,player_00546,occasional_player,0.117007578,0.456187271,1.0,0.117007578,20,,0.080622735,0.072560462,1.160415105,9.917435476,-0.024317198,lost,-0.117007578,0.0
560,countdown,player_01066,opportunistic_player,0.25868429,0.573194849,1.0,0.25868429,20,,0.178243455,0.16041911,1.025822229,3.965537407,-0.052624898,lost,-0.25868429,0.0
560,countdown,player_00929,occasional_player,0.076797157,0.831879139,1.0,0.076797157,20,,0.052916204,0.047624583,1.198615005,15.607543974,-0.016056184,lost,-0.076797157,0.0
560,countdown,player_00226,occasional_player,0.333793731,0.908676296,1.0,0.333793731,20,,0.229996758,0.206997082,0.95446826,2.859455319,-0.067127258,lost,-0.333793731,0.0
560,countdown,player_01037,opportunistic_player,0.070561773,1.242470027,1.0,0.070561773,20,,0.048619784,0.043757805,1.20453862,17.070696619,-0.014766178,lost,-0.070561773,0.0
561,bootstrap,player_01042,occasional_player,0.217905642,0,1.5,0.326858463,0,,0.400647404,0.360582663,0.439231715,2.015696843,0.019046696,lost,-0.217905642,0.0
561,bootstrap,player_01017,occasional_player,0.05571068,0.217905642,1.232996656,0.068691082,10,,0.084198229,0.075778406,0.593316929,10.649967448,-0.006528402,lost,-0.05571068,0.0
561,bootstrap,player_00155,occasional_player,0.256182033,0.273616322,1.16473345,0.298383783,20,,0.365744509,0.329170058,0.402869143,1.572589375,-0.039242119,won,0.402869143,0.021203639
561,countdown,player_00531,occasional_player,0.121892408,0.529798355,1.0,0.121892408,20,,0.149409859,0.134468873,0.530444287,4.351741799,-0.034173428,lost,-0.121892408,0.0
562,bootstrap,player_00873,occasional_player,1.296880595,0,1.5,1.945320892,0,,0.721202232,0.649082009,0.739944266,0.570556973,0.025185777,won,0.739944266,0.038944435
562,countdown,player_01067,occasional_player,0.295365191,1.296880595,1.0,0.295365191,0,,0.109502774,0.098552497,1.6913839,5.726415812,-0.099566107,lost,-0.295365191,0.0
562,countdown,player_01068,occasional_player,0.456644577,1.592245786,1.0,0.456644577,0,,0.169294994,0.152365494,1.538168483,3.368415089,-0.152703899,lost,-0.456644577,0.0
563,bootstrap,player_00280,opportunistic_player,0.222651492,0,1.5,0.333977238,0,,0.243611368,0.219250231,0.92388322,4.149458924,0.028726509,lost,-0.222651492,0.0
563,bootstrap,player_00467,player_whale,0.435102519,0.222651492,1.20987461,0.526419491,10,,0.383983571,0.345585214,0.722054745,1.65950486,-0.035206078,won,0.722054745,0.038002881
563,countdown,player_01069,occasional_player,0.510546016,0.657754011,1.0,0.510546016,10,,0.372405061,0.335164555,0.650383423,1.273897753,-0.121443618,lost,-0.510546016,0.0
564,bootstrap,player_00093,occasional_player,0.173988994,0,1.5,0.260983491,0,,0.191169356,0.172052421,0.986458073,5.66965789,0.025668733,lost,-0.173988994,0.0
564,bootstrap,player_00439,occasional_player,0.316612102,0.173988994,1.308231614,0.414201961,10,,0.303401269,0.273061142,0.85096612,2.687724552,0.00220814,lost,-0.316612102,0.0
564,countdown,player_01070,occasional_player,0.690009766,0.490601096,1.0,0.690009766,10,,0.505429375,0.454886438,0.496238339,0.71917582,-0.150401591,won,0.496238339,0.026117807
565,bootstrap,player_00697,occasional_player,0.232720035,0,1.5,0.349080052,0,,0.329701639,0.296731475,0.670663893,2.881848539,0.035342411,won,0.670663893,0.0352981
565,bootstrap,player_00653,opportunistic_player,0.087897721,0.232720035,1.237539607,0.108776911,10,,0.1027384,0.09246456,0.808245091,9.195290641,-0.00503627,lost,-0.087897721,0.0
565,bootstrap,player_01071,occasional_player,0.100343084,0.320617756,1.138409034,0.114231473,20,,0.107890164,0.097101147,0.796421996,7.936989423,-0.013266166,lost,-0.100343084,0.0
565,countdown,player_00747,occasional_player,0.151429731,0.42096084,1.0,0.151429731,20,,0.143023442,0.128721098,0.747889682,4.938856305,-0.035668349,lost,-0.151429731,0.0
565,countdown,player_00480,occasional_player,0.032844033,0.572390571,1.0,0.032844033,20,,0.031020769,0.027918692,0.860546095,26.200987401,-0.007901749,lost,-0.032844033,0.0
565,countdown,player_00088,opportunistic_player,0.302413403,0.605234604,1.0,0.302413403,20,,0.285625587,0.257063028,0.604455193,1.998771177,-0.069291015,lost,-0.302413403,0.0
566,bootstrap,player_00754,occasional_player,0.023932165,0,1.5,0.035898247,0,,0.031264549,0.028138094,0.940596581,39.302611384,0.003207835,lost,-0.023932165,0.0
566,bootstrap,player_00539,occasional_player,0.056450842,0.023932165,1.472990528,0.083151556,10,,0.072418463,0.065176617,0.909703837,16.114973757,0.006519851,lost,-0.056450842,0.0
566,bootstrap,player_01029,occasional_player,0.272627288,0.080383007,1.409280978,0.384208451,20,,0.334615331,0.301153798,0.704336214,2.58351326,0.021588981,lost,-0.272627288,0.0
566,bootstrap,player_01072,occasional_player,0.147048697,0.353010295,1.101598023,0.161988554,30,,0.141079285,0.126971357,0.823635875,5.601109646,-0.02379956,lost,-0.147048697,0.0
566,countdown,player_01073,occasional_player,0.138702377,0.500058992,1.0,0.138702377,30,,0.120798857,0.108718971,0.831564879,5.995318156,-0.033215919,lost,-0.138702377,0.0
566,countdown,player_01074,occasional_player,0.202560391,0.638761369,1.0,0.202560391,30,,0.176414163,0.158772747,0.770899766,3.805777438,-0.048001448,won,0.770899766,0.040573672
566,countdown,player_01075,occasional_player,0.070708732,0.84132176,1.0,0.070708732,30,,0.061581742,0.055423568,0.896158842,12.673948699,-0.017121481,lost,-0.070708732,0.0
566,countdown,player_01076,occasional_player,0.07099104,0.912030492,1.0,0.07099104,30,,0.06182761,0.055644849,0.895890649,12.619770739,-0.017189054,lost,-0.07099104,0.0
567,bootstrap,player_01077,occasional_player,0.16088918,0,1.5,0.24133377,0,,0.231557441,0.208401697,0.701165648,4.358065893,0.018764509,lost,-0.16088918,0.0
567,bootstrap,player_00973,occasional_player,0.29471835,0.16088918,1.318295759,0.388525951,10,,0.372786929,0.335508236,0.574027936,1.947716986,-0.003246816,lost,-0.29471835,0.0
567,countdown,player_01078,occasional_player,0.412360165,0.45560753,1.0,0.412360165,10,,0.395655629,0.356090066,0.462268212,1.121030234,-0.100913688,won,0.462268212,0.024329906
568,bootstrap,player_00716,occasional_player,0.026540495,0,1.5,0.039810743,0,,0.043151031,0.038835928,0.742295204,27.968400894,0.003317953,lost,-0.026540495,0.0
568,bootstrap,player_00275,occasional_player,0.106850609,0.026540495,1.470004828,0.157070911,10,,0.170249817,0.153224835,0.666000596,6.233007018,0.011569389,lost,-0.106850609,0.0
568,bootstrap,player_00636,occasional_player,0.076417514,0.133391104,1.349245875,0.103106016,20,,0.111757041,0.100581337,0.694912036,9.093622648,0.001163844,lost,-0.076417514,0.0
568,bootstrap,player_00122,occasional_player,0.211033413,0.209808618,1.262881378,0.266510168,30,,0.288871484,0.259984336,0.567026932,2.686905945,-0.008749911,lost,-0.211033413,0.0
568,countdown,player_01079,opportunistic_player,0.056554832,0.420842031,1.0,0.056554832,30,,0.061300019,0.055170017,0.713781584,12.621053917,-0.014055359,lost,-0.056554832,0.0
568,countdown,player_00443,occasional_player,0.013102772,0.477396863,1.0,0.013102772,30,,0.014202149,0.012781934,0.755061041,57.626053552,-0.003284153,lost,-0.013102772,0.0
568,countdown,player_01080,occasional_player,0.083715928,0.490499635,1.0,0.083715928,30,,0.090740044,0.08166604,0.687978543,8.2180125,-0.020694697,lost,-0.083715928,0.0
568,countdown,player_00391,occasional_player,0.20271941,0.574215563,1.0,0.20271941,30,,0.219728415,0.197755574,0.574925235,2.836064069,-0.048935847,won,0.574925235,0.030259223
569,bootstrap,player_00562,occasional_player,0.377878828,0,1.5,0.566818242,0,,0.521468507,0.469321656,0.51815962,1.371232208,0.04265142,lost,-0.377878828,0.0
569,bootstrap,player_00810,occasional_player,0.077968394,0.377878828,1.072634942,0.083631624,10,,0.076940463,0.069246417,0.803074532,10.300000945,-0.016959328,lost,-0.077968394,0.0
569,countdown,player_01081,occasional_player,0.104081341,0.455847222,1.0,0.104081341,10,,0.095754049,0.086178644,0.778267232,7.477490439,-0.028041738,won,0.778267232,0.040961433
569,countdown,player_01082,occasional_player,0.084768867,0.559928563,1.0,0.084768867,10,,0.077986718,0.070188046,0.796614083,9.397484132,-0.02290632,lost,-0.084768867,0.0
569,countdown,player_00647,opportunistic_player,0.24766536,0.64469743,1.0,0.24766536,10,,0.227850263,0.205065237,0.641862414,2.591651954,-0.065254136,lost,-0.24766536,0.0
570,bootstrap,player_00642,occasional_player,0.185046246,0,1.5,0.277569369,0,,0.339876144,0.30588853,0.474907167,2.566424219,0.016825933,lost,-0.185046246,0.0
570,bootstrap,player_00718,occasional_player,0.110225621,0.185046246,1.290573882,0.142254308,10,,0.174186532,0.156767879,0.545986761,4.953356181,-0.007352598,lost,-0.110225621,0.0
570,bootstrap,player_00780,occasional_player,0.229778263,0.295271867,1.165826018,0.267881477,20,,0.328013584,0.295212225,0.432411751,1.88186535,-0.034291675,won,0.432411751,0.022758513
570,countdown,player_01083,occasional_player,0.05862526,0.52505013,1.0,0.05862526,20,,0.071785037,0.064606533,0.595007104,10.149329898,-0.016396339,lost,-0.05862526,0.0
570,countdown,player_01084,occasional_player,0.058137954,0.58367539,1.0,0.058137954,20,,0.071188344,0.064069509,0.595470045,10.242363272,-0.01626161,lost,-0.058137954,0.0
570,countdown,player_00451,occasional_player,0.01220963,0.641813344,1.0,0.01220963,20,,0.01495036,0.013455324,0.639101953,52.344088443,-0.003446022,lost,-0.01220963,0.0
571,bootstrap,player_01049,occasional_player,0.208246932,0,1.5,0.312370398,0,,0.140089977,0.126080979,1.474903656,7.082474838,0.003966343,lost,-0.208246932,0.0
571,bootstrap,player_00739,player_whale,1.522207998,0.208246932,1.259626585,1.917413662,10,,0.859910023,0.773919021,0.226640643,0.148889405,-0.16874077,won,0.226640643,0.011928455
572,bootstrap,player_00267,occasional_player,0.602963485,0,1.5,0.904445227,0,,0.778904319,0.701013887,0.272680403,0.452233693,0.010875041,won,0.272680403,0.0143516
572,countdown,player_00371,opportunistic_player,0.256731063,0.602963485,1.0,0.256731063,0,,0.221095681,0.198986113,0.601601204,2.343312871,-0.085934861,lost,-0.256731063,0.0
573,bootstrap,player_01085,occasional_player,1.191930722,0,1.5,1.787896083,0,,0.834817387,0.751335648,0.364842691,0.306093873,-0.02227136,won,0.364842691,0.019202247
573,countdown,player_00755,occasional_player,0.049390329,1.191930722,1.0,0.049390329,0,,0.02306169,0.020755521,1.450256064,29.363158613,-0.018264387,lost,-0.049390329,0.0
573,countdown,player_01086,occasional_player,0.090374517,1.241321051,1.0,0.090374517,0,,0.042198324,0.037978492,1.411321086,15.616361034,-0.033342383,lost,-0.090374517,0.0
573,countdown,player_01087,opportunistic_player,0.214000362,1.331695568,1.0,0.214000362,0,,0.099922599,0.089930339,1.293876533,6.046141796,-0.078396482,lost,-0.214000362,0.0
574,bootstrap,player_01088,occasional_player,0.059609178,0,1.5,0.089413767,0,,0.053909874,0.048518887,1.368899105,22.964569399,0.009700454,lost,-0.059609178,0.0
574,bootstrap,player_00630,occasional_player,0.041437173,0.059609178,1.43230146,0.059350523,10,,0.035783966,0.03220557,1.38616251,33.45214959,0.004539488,lost,-0.041437173,0.0
574,bootstrap,player_00589,player_whale,0.366323782,0.101046351,1.385240988,0.507446718,20,,0.305952759,0.275357483,1.077520231,2.9414422,0.031249472,lost,-0.366323782,0.0
574,countdown,player_00400,occasional_player,0.014493814,0.467370133,1.0,0.014493814,20,,0.008738696,0.007864826,1.411758701,97.40422368,-0.003276586,lost,-0.014493814,0.0
574,countdown,player_00814,occasional_player,0.154773561,0.481863947,1.0,0.154773561,20,,0.093316986,0.083985287,1.278492941,8.260409161,-0.034400263,lost,-0.154773561,0.0
574,countdown,player_00394,opportunistic_player,0.410693386,0.636637508,1.0,0.410693386,20,,0.247617671,0.222855904,1.035369107,2.521026982,-0.088429822,lost,-0.410693386,0.0
574,countdown,player_00936,opportunistic_player,0.422406893,1.047330894,1.0,0.422406893,20,,0.254680048,0.229212043,1.024241276,2.424774057,-0.090817711,won,1.024241276,0.053907436
575,bootstrap,player_01089,occasional_player,0.149811621,0,1.5,0.224717432,0,,0.089074576,0.080167119,1.925374319,12.85196907,0.016550057,lost,-0.149811621,0.0
575,bootstrap,player_00610,occasional_player,0.093262622,0.149811621,1.329738763,0.124014924,10,,0.049157632,0.044241869,1.979095868,21.220675829,-0.00157761,lost,-0.093262622,0.0
575,bootstrap,player_00318,occasional_player,0.061880259,0.243074243,1.223745588,0.075725694,20,,0.030016515,0.027014863,2.008909113,32.46445871,-0.005938167,lost,-0.061880259,0.0
575,bootstrap,player_01016,player_whale,1.678886337,0.304954502,1.153418538,1.936458624,30,,0.767582781,0.690824503,0.472753339,0.28158746,-0.192480927,lost,-1.678886337,0.0
575,countdown,player_00713,opportunistic_player,0.05774107,1.983840839,1.0,0.05774107,30,,0.022887683,0.020598915,2.012841343,34.859785986,-0.01508932,lost,-0.05774107,0.0
575,countdown,player_01090,occasional_player,0.044988046,2.041581909,1.0,0.044988046,30,,0.017832578,0.01604932,2.024956716,45.010995046,-0.01176684,lost,-0.044988046,0.0
575,countdown,player_00503,occasional_player,0.059155231,2.086569955,1.0,0.059155231,30,,0.023448235,0.021103411,2.01149789,34.003719635,-0.015457386,won,2.01149789,0.10586831
576,bootstrap,player_00255,occasional_player,0.295716108,0,1.5,0.443574162,0,,0.440166791,0.396150112,0.549216717,1.857243152,0.039004125,lost,-0.295716108,0.0
576,bootstrap,player_01077,occasional_player,0.103073937,0.295716108,1.15953176,0.119517504,10,,0.118599415,0.106739474,0.732226779,7.103898429,-0.013914378,won,0.732226779,0.038538252
576,countdown,player_01091,occasional_player,0.103381495,0.398790045,1.0,0.103381495,10,,0.102587357,0.092328621,0.731934599,7.079938233,-0.026257912,lost,-0.103381495,0.0
576,countdown,player_01092,occasional_player,0.046427205,0.50217154,1.0,0.046427205,10,,0.046070569,0.041463512,0.786041174,16.930615886,-0.011910143,lost,-0.046427205,0.0
576,countdown,player_01093,opportunistic_player,0.260249494,0.548598745,1.0,0.260249494,10,,0.258250355,0.232425319,0.58291,2.239812232,-0.064277879,lost,-0.260249494,0.0
576,countdown,player_01094,occasional_player,0.03459123,0.808848239,1.0,0.03459123,10,,0.034325513,0.030892962,0.797285351,23.048771343,-0.008892099,lost,-0.03459123,0.0
577,bootstrap,player_00415,opportunistic_player,0.331385267,0,1.5,0.497077901,0,,0.234703147,0.211232833,1.555665859,4.694432777,0.067221888,won,1.555665859,0.08187715
577,bootstrap,player_00921,occasional_player,0.11302078,0.331385267,1.127712969,0.127454999,10,,0.060179882,0.054161894,1.763112122,15.599893417,-0.011405869,lost,-0.11302078,0.0
577,countdown,player_01095,occasional_player,0.478694991,0.444406047,1.0,0.478694991,10,,0.226023367,0.203421031,1.415721621,2.957460696,-0.093330811,lost,-0.478694991,0.0
577,countdown,player_01096,player_whale,0.930479171,0.923101038,1.0,0.930479171,10,,0.439340372,0.395406335,0.98652665,1.060235072,-0.172482925,lost,-0.930479171,0.0
577,countdown,player_00718,occasional_player,0.084193385,1.853580209,1.0,0.084193385,10,,0.039753231,0.035777908,1.790498147,21.266494359,-0.017120845,lost,-0.084193385,0.0
578,bootstrap,player_01097,occasional_player,0.154655321,0,1.5,0.231982982,0,,0.155203174,0.139682857,1.160741865,7.505347101,0.029083116,lost,-0.154655321,0.0
578,bootstrap,player_00560,occasional_player,0.20061645,0.154655321,1.329891467,0.266798105,10,,0.178495476,0.160645928,1.117078793,5.568231282,0.011065926,lost,-0.20061645,0.0
578,bootstrap,player_01098,occasional_player,0.059759077,0.355271771,1.109229352,0.066286522,20,,0.044347557,0.039912802,1.250893297,20.932272713,-0.007447269,lost,-0.059759077,0.0
578,countdown,player_01099,occasional_player,0.929637529,0.415030848,1.0,0.929637529,20,,0.621953792,0.559758413,0.424508767,0.456639017,-0.171642747,won,0.424508767,0.022342567
579,bootstrap,player_00911,occasional_player,0.180657897,0,1.5,0.270986846,0,,0.258949838,0.233054854,0.716343076,3.965191047,0.028392534,lost,-0.180657897,0.0
579,bootstrap,player_00968,occasional_player,0.155722092,0.180657897,1.30115151,0.202618035,10,,0.193617912,0.174256121,0.74003209,4.752261422,0.000368557,won,0.74003209,0.038949057
579,bootstrap,player_01045,occasional_player,0.048971373,0.336379989,1.129749633,0.055325391,20,,0.052867884,0.047581095,0.841445273,17.182390894,-0.006604374,lost,-0.048971373,0.0
579,countdown,player_00560,occasional_player,0.326724769,0.385351362,1.0,0.326724769,20,,0.312211929,0.280990736,0.577579547,1.767786229,-0.072623633,lost,-0.326724769,0.0
579,countdown,player_00818,opportunistic_player,0.190828897,0.712076131,1.0,0.190828897,20,,0.182352438,0.164117194,0.706680626,3.703216006,-0.043532153,lost,-0.190828897,0.0
580,bootstrap,player_01100,occasional_player,0.047486777,0,1.5,0.071230165,0,,0.148709937,0.133838943,0.31779814,6.692350162,0.00140257,lost,-0.047486777,0.0
580,bootstrap,player_01101,occasional_player,0.134381932,0.047486777,1.443269036,0.193949281,10,,0.404915324,0.364423791,0.235247743,1.750590567,0.000319915,won,0.235247743,0.01238146
580,bootstrap,player_00374,occasional_player,0.083368513,0.181868709,1.282727153,0.106939055,20,,0.223260751,0.200934676,0.283710491,3.403089252,-0.009609613,lost,-0.083368513,0.0
580,bootstrap,player_00047,occasional_player,0.020108938,0.265237222,1.183129403,0.023791476,30,,0.049670373,0.044703336,0.343807087,17.097227452,-0.003840678,lost,-0.020108938,0.0
580,bootstrap,player_00326,player_whale,0.071673592,0.28534616,1.159105884,0.083077282,40,,0.173443616,0.156099254,0.294820666,4.113379242,-0.014464112,lost,-0.071673592,0.0
581,bootstrap,player_00793,occasional_player,0.149778864,0,1.5,0.224668296,0,,0.34304079,0.308736711,0.337522641,2.253473101,0.000669,lost,-0.149778864,0.0
581,bootstrap,player_00060,player_whale,0.326538942,0.149778864,1.317648137,0.430263428,10,,0.65695921,0.591263289,0.169600567,0.519388487,-0.033189864,lost,-0.326538942,0.0
582,bootstrap,player_00919,occasional_player,0.53933323,0,1.5,0.808999845,0,,0.329859358,0.296873423,1.589993669,2.94807288,0.092807334,lost,-0.53933323,0.0
582,countdown,player_01102,occasional_player,0.328724437,0.53933323,1.0,0.328724437,0,,0.134033192,0.120629873,1.790072022,5.445509431,-0.073134289,lost,-0.328724437,0.0
582,countdown,player_01103,opportunistic_player,1.314835648,0.868057667,1.0,1.314835648,0,,0.536107449,0.482496704,0.853266372,0.648952873,-0.268733569,won,0.853266372,0.044908756
583,bootstrap,player_00421,occasional_player,0.039892643,0,1.5,0.059838964,0,,0.048182099,0.043363889,0.925498238,23.199722266,0.00197046,lost,-0.039892643,0.0
583,bootstrap,player_00268,occasional_player,0.223877135,0.039892643,1.452954804,0.325283359,10,,0.261916884,0.235725195,0.750712971,3.353236456,0.005858308,lost,-0.223877135,0.0
583,bootstrap,player_00193,occasional_player,0.720652789,0.263769778,1.188937608,0.856811203,20,,0.689901017,0.620910916,0.278776099,0.386838299,-0.100096483,lost,-0.720652789,0.0
584,bootstrap,player_00032,occasional_player,0.048532673,0,1.5,0.072799009,0,,0.081897285,0.073707556,0.669732769,13.799626667,0.004408918,lost,-0.048532673,0.0
584,bootstrap,player_00951,occasional_player,0.311241397,0.048532673,1.444000864,0.449432846,10,,0.505602072,0.455041865,0.420159481,1.349947291,0.021576622,lost,-0.311241397,0.0
584,bootstrap,player_00829,occasional_player,0.038494921,0.35977407,1.08487683,0.041762248,20,,0.046981611,0.04228345,0.679268633,17.645668969,-0.008145402,lost,-0.038494921,0.0
584,countdown,player_01104,opportunistic_player,0.162409868,0.398268991,1.0,0.162409868,20,,0.182707531,0.164436778,0.561549433,3.457606611,-0.043364333,lost,-0.162409868,0.0
584,countdown,player_00998,occasional_player,0.092586044,0.560678859,1.0,0.092586044,20,,0.104157264,0.093741538,0.627882066,6.781605942,-0.025048255,lost,-0.092586044,0.0
584,countdown,player_00495,occasional_player,0.069916243,0.653264903,1.0,0.069916243,20,,0.078654236,0.070788813,0.649418377,9.288519365,-0.018995399,won,0.649418377,0.034179915
585,bootstrap,player_01076,occasional_player,0.024562671,0,1.5,0.036844006,0,,0.0299886,0.02698974,0.898137835,36.565153491,0.000340776,lost,-0.024562671,0.0
585,bootstrap,player_00306,occasional_player,0.075061348,0.024562671,1.47076041,0.110397259,10,,0.089856114,0.080870503,0.850164092,11.326256652,-0.000237902,lost,-0.075061348,0.0
585,bootstrap,player_00524,occasional_player,0.073506878,0.099624019,1.381406813,0.101542902,20,,0.082649249,0.074384324,0.851640839,11.585866,-0.00469039,lost,-0.073506878,0.0
585,bootstrap,player_00555,occasional_player,0.722610647,0.173130897,1.293903669,0.934988567,30,,0.761019251,0.684917326,0.234992258,0.325198998,-0.066731826,won,0.234992258,0.012368014
585,countdown,player_00531,occasional_player,0.04482768,0.895741544,1.0,0.04482768,30,,0.036486786,0.032838107,0.878886077,19.605879151,-0.014494669,lost,-0.04482768,0.0
586,bootstrap,player_01105,occasional_player,0.229382134,0,1.5,0.344073201,0,,0.149884293,0.134895863,1.812078878,7.899825701,0.046002512,lost,-0.229382134,0.0
586,bootstrap,player_00936,opportunistic_player,0.288236632,0.229382134,1.278814002,0.368601041,10,,0.160569048,0.144512143,1.756167104,6.092796367,0.007204533,lost,-0.288236632,0.0
586,countdown,player_00739,player_whale,1.582917879,0.517618766,1.0,1.582917879,10,,0.68954666,0.620591994,0.52621992,0.332436652,-0.274003847,won,0.52621992,0.027695785
587,bootstrap,player_00957,opportunistic_player,0.170863394,0,1.5,0.256295091,0,,0.322749991,0.290474992,0.461661799,2.701935086,0.012869357,won,0.461661799,0.024297989
587,bootstrap,player_01106,occasional_player,0.037891231,0.170863394,1.337084559,0.05066378,10,,0.06380042,0.057420378,0.587985354,15.517715799,-0.001953161,lost,-0.037891231,0.0
587,bootstrap,player_00321,occasional_player,0.112748052,0.208754625,1.300955893,0.146680243,30,,0.184713047,0.166241742,0.516871374,4.58430425,-0.008079022,lost,-0.112748052,0.0
587,bootstrap,player_00494,occasional_player,0.216310407,0.321502677,1.193452476,0.258156191,40,,0.325093657,0.292584291,0.418487137,1.934660207,-0.030578618,lost,-0.216310407,0.0
587,countdown,player_00699,opportunistic_player,0.039156098,0.537813084,1.0,0.039156098,40,,0.049308905,0.044378014,0.58678373,14.985755994,-0.011378131,lost,-0.039156098,0.0
587,countdown,player_01107,occasional_player,0.043146499,0.576969182,1.0,0.043146499,40,,0.054333979,0.048900581,0.582992849,13.511938694,-0.012527921,lost,-0.043146499,0.0
587,bootstrap,player_00754,occasional_player,0.073818033,0.208754625,1.300955893,0.096034005,20,30,0.0,0.0,0.0,0.0,0.0,pending_withdrawn,0.0,0.0
588,bootstrap,player_01108,occasional_player,0.043863052,0,1.5,0.065794578,0,,0.066137102,0.059523391,0.797145728,18.173512589,0.006196643,lost,-0.043863052,0.0
588,bootstrap,player_00464,opportunistic_player,0.192127973,0.043863052,1.458455255,0.280210052,10,,0.281668813,0.253501932,0.656294053,3.415921391,0.022948649,lost,-0.192127973,0.0
588,bootstrap,player_00373,occasional_player,0.123766406,0.235991025,1.27648188,0.157985575,20,,0.158808041,0.142927237,0.721237541,5.827409591,-0.002992327,lost,-0.123766406,0.0
588,bootstrap,player_00756,occasional_player,0.028742913,0.359757431,1.159256937,0.033320421,30,,0.033493886,0.030144497,0.81150986,28.233389557,-0.003413916,won,0.81150986,0.042711045
588,countdown,player_01109,occasional_player,0.034665884,0.388500344,1.0,0.034665884,30,,0.034846353,0.031361718,0.805883037,23.247150925,-0.008304826,lost,-0.034665884,0.0
588,countdown,player_01110,occasional_player,0.224942349,0.423166228,1.0,0.224942349,30,,0.226113389,0.20350205,0.625120396,2.779024929,-0.051952838,lost,-0.224942349,0.0
588,countdown,player_01111,occasional_player,0.103860553,0.648108577,1.0,0.103860553,30,,0.104401246,0.093961122,0.740148102,7.12636396,-0.024556553,lost,-0.103860553,0.0
588,countdown,player_01112,occasional_player,0.094041595,0.75196913,1.0,0.094041595,30,,0.094531171,0.085078054,0.749476112,7.969623568,-0.02227675,lost,-0.094041595,0.0
589,bootstrap,player_00859,occasional_player,0.026895687,0,1.5,0.040343531,0,,0.057393001,0.051653701,0.475066212,17.663286016,-0.000967497,lost,-0.026895687,0.0
589,bootstrap,player_00621,occasional_player,0.062668189,0.026895687,1.474507994,0.092404746,10,,0.131455666,0.118310099,0.441082335,7.038376921,-0.003069415,lost,-0.062668189,0.0
589,bootstrap,player_00419,opportunistic_player,0.402927137,0.089563876,1.415110448,0.570186401,20,,0.811151333,0.7300362,0.117836335,0.292450728,-0.022750951,won,0.117836335,0.006201912
590,bootstrap,player_00048,occasional_player,0.137264737,0,1.5,0.205897106,0,,0.283060714,0.254754643,0.441243969,3.214547152,0.010113042,lost,-0.137264737,0.0
590,bootstrap,player_00773,occasional_player,0.012839704,0.137264737,1.36981401,0.017588006,10,,0.024179425,0.021761482,0.559447751,43.57170156,-0.000385881,lost,-0.012839704,0.0
590,bootstrap,player_00129,occasional_player,0.017252609,0.150104441,1.35763645,0.023422771,20,,0.032200872,0.028980785,0.555255491,32.183856428,-0.000660875,lost,-0.017252609,0.0
590,bootstrap,player_00431,occasional_player,0.060508126,0.16735705,1.33922374,0.081033919,30,,0.111402824,0.100262541,0.51416275,8.497416527,-0.002890164,lost,-0.060508126,0.0
590,bootstrap,player_00356,occasional_player,0.024946133,0.227865176,1.281094905,0.031958364,40,,0.04393533,0.039541797,0.547946643,21.965193694,-0.002292923,lost,-0.024946133,0.0
590,bootstrap,player_00601,occasional_player,0.213927926,0.252811309,1.2571297,0.26893515,50,,0.369723388,0.33275105,0.36841394,1.722140474,-0.020153059,won,0.36841394,0.019390207
590,countdown,player_01113,occasional_player,0.041716344,0.466739235,1.0,0.041716344,50,,0.057350287,0.051615258,0.532014943,12.753153604,-0.012103055,lost,-0.041716344,0.0
590,countdown,player_01114,occasional_player,0.056843897,0.508455579,1.0,0.056843897,50,,0.07814716,0.070332444,0.517643767,9.106408863,-0.016438775,lost,-0.056843897,0.0
591,bootstrap,player_00083,player_whale,0.381360504,0,1.5,0.572040756,0,,0.709252333,0.6383271,0.244754621,0.641793313,0.018305748,won,0.244754621,0.012881822
591,bootstrap,player_00632,occasional_player,0.050451506,0.381360504,1.133378663,0.05718066,10,,0.070896201,0.063806581,0.559118169,11.082288988,-0.011556949,lost,-0.050451506,0.0
591,bootstrap,player_00204,occasional_player,0.077067657,0.43181201,1.084877053,0.083608933,20,,0.103663647,0.093297282,0.533832826,6.926807518,-0.020072302,lost,-0.077067657,0.0
591,countdown,player_00906,occasional_player,0.093710186,0.508879667,1.0,0.093710186,20,,0.116187819,0.104569037,0.518022423,5.527920128,-0.029741896,lost,-0.093710186,0.0
592,bootstrap,player_01090,occasional_player,0.018409803,0,1.5,0.027614704,0,,0.02000858,0.018007722,1.085363586,58.955741487,0.001466641,lost,-0.018409803,0.0
592,bootstrap,player_00843,occasional_player,0.017681748,0.018409803,1.482240462,0.026208602,10,,0.018989771,0.017090794,1.086055239,61.422390973,0.001181994,lost,-0.017681748,0.0
592,bootstrap,player_00028,occasional_player,0.284261491,0.036091551,1.465183263,0.416495179,20,,0.301776806,0.271599125,0.832804483,2.929712639,0.01913265,lost,-0.284261491,0.0
592,bootstrap,player_01041,player_whale,0.552786428,0.320353042,1.19096236,0.658347829,30,,0.477014177,0.429312759,0.577705793,1.045079552,-0.067451694,won,0.577705793,0.030405568
592,countdown,player_01100,occasional_player,0.039920703,0.87313947,1.0,0.039920703,30,,0.028925046,0.026032541,1.064928231,26.676089133,-0.011158677,lost,-0.039920703,0.0
592,countdown,player_01115,opportunistic_player,0.196649978,0.913060173,1.0,0.196649978,30,,0.142485208,0.128236687,0.91603542,4.658202506,-0.053962889,lost,-0.196649978,0.0
592,countdown,player_00190,occasional_player,0.014906114,1.109710151,1.0,0.014906114,30,,0.010800412,0.009720371,1.088692091,73.036613771,-0.00417873,lost,-0.014906114,0.0
593,bootstrap,player_00630,occasional_player,0.04401292,0,1.5,0.06601938,0,,0.048720395,0.043848355,1.131216243,25.701913046,0.007518946,lost,-0.04401292,0.0
593,bootstrap,player_00333,occasional_player,0.136139026,0.04401292,1.457511948,0.198424257,10,,0.146431368,0.131788231,1.043696442,7.666401565,0.019349403,lost,-0.136139026,0.0
593,bootstrap,player_00691,opportunistic_player,0.085323962,0.180151946,1.326089583,0.113147217,20,,0.083499377,0.075149439,1.091970753,12.797937733,0.003149075,lost,-0.085323962,0.0
593,bootstrap,player_00127,occasional_player,0.182342899,0.265475908,1.243721748,0.226783829,30,,0.167359912,0.150623921,0.999802763,5.483091298,-0.004283484,lost,-0.182342899,0.0
593,countdown,player_01116,occasional_player,0.068673551,0.447818807,1.0,0.068673551,30,,0.050679096,0.045611187,1.107788643,16.131227047,-0.015013714,lost,-0.068673551,0.0
593,countdown,player_01117,opportunistic_player,0.448658962,0.516492358,1.0,0.448658962,30,,0.331097349,0.297987614,0.746802503,1.664521532,-0.092426252,lost,-0.448658962,0.0
593,countdown,player_00562,occasional_player,0.233359413,0.96515132,1.0,0.233359413,30,,0.172212503,0.154991253,0.951337074,4.076703237,-0.04974182,won,0.951337074,0.050070372
594,bootstrap,player_00879,occasional_player,0.059542566,0,1.5,0.089313849,0,,0.145334915,0.130801424,0.41871048,7.032120188,0.003013613,lost,-0.059542566,0.0
594,bootstrap,player_00136,occasional_player,0.10341269,0.059542566,1.443401588,0.149266041,10,,0.242891418,0.218602276,0.377033863,3.645914855,0.00161402,lost,-0.10341269,0.0
594,bootstrap,player_01118,occasional_player,0.138917138,0.162955256,1.345102264,0.186857757,20,,0.304062097,0.273655888,0.343304637,2.471290742,-0.00695431,won,0.343304637,0.018068665
594,bootstrap,player_00646,occasional_player,0.071051699,0.301872394,1.213054053,0.086189551,30,,0.140250938,0.126225844,0.407776804,5.739156274,-0.010611167,lost,-0.071051699,0.0
594,bootstrap,player_00799,occasional_player,0.05685906,0.372924093,1.145515592,0.06513294,40,,0.105986814,0.095388133,0.421259811,7.40884234,-0.011252194,lost,-0.05685906,0.0
594,countdown,player_00846,occasional_player,0.037778006,0.429783153,1.0,0.037778006,40,,0.061473818,0.055326436,0.439386812,11.630757124,-0.011378177,lost,-0.037778006,0.0
595,bootstrap,player_00747,occasional_player,0.118959036,0,1.5,0.178438554,0,,0.282261279,0.254035151,0.384020805,3.228176837,0.008815524,lost,-0.118959036,0.0
595,bootstrap,player_00303,occasional_player,0.023189566,0.118959036,1.386852636,0.032160511,10,,0.050872789,0.04578551,0.475001801,20.483427806,-0.00037962,lost,-0.023189566,0.0
595,bootstrap,player_01084,occasional_player,0.058943413,0.142148602,1.364795982,0.080445733,20,,0.127252295,0.114527065,0.441035646,7.482356788,-0.001682279,lost,-0.058943413,0.0
595,bootstrap,player_00695,opportunistic_player,0.137963751,0.201092015,1.308732213,0.180557605,30,,0.285613279,0.257051951,0.365966325,2.652626669,-0.008427542,lost,-0.137963751,0.0
595,bootstrap,player_00516,occasional_player,0.060078699,0.339055766,1.177508598,0.070743185,40,,0.111904414,0.100713973,0.439957125,7.323013514,-0.009718105,won,0.439957125,0.023155638
595,countdown,player_01119,occasional_player,0.089829518,0.399134465,1.0,0.089829518,40,,0.142095943,0.127886349,0.411693847,4.583057505,-0.025691526,lost,-0.089829518,0.0
596,bootstrap,player_01120,occasional_player,0.530056024,0,1.5,0.795084036,0,,0.807402025,0.726661823,0.215111738,0.405828306,0.01142894,lost,-0.530056024,0.0
596,countdown,player_01121,occasional_player,0.114854714,0.530056024,1.0,0.114854714,0,,0.116634122,0.10497071,0.609552983,5.307165561,-0.038813124,won,0.609552983,0.032081736
596,countdown,player_00305,occasional_player,0.074804923,0.644910738,1.0,0.074804923,0,,0.075963852,0.068367467,0.647600284,8.657188032,-0.025415909,lost,-0.074804923,0.0
597,bootstrap,player_00003,persistent_player,0.067703519,0,1.5,0.101555279,0,,0.077957469,0.070161722,1.047402771,15.470433247,0.010534258,lost,-0.067703519,0.0
597,bootstrap,player_00489,opportunistic_player,0.278405864,0.067703519,1.435517001,0.399656351,10,,0.306790526,0.276111474,0.847235544,3.04316702,0.032396644,lost,-0.278405864,0.0
597,bootstrap,player_01122,occasional_player,0.082851506,0.346109383,1.170354345,0.09696562,20,,0.074434282,0.066990854,1.033012184,12.46823665,-0.008098845,lost,-0.082851506,0.0
597,countdown,player_01123,occasional_player,0.415111466,0.428960889,1.0,0.415111466,20,,0.318654426,0.286788984,0.717365222,1.728126733,-0.090329628,won,0.717365222,0.037756064
597,countdown,player_01124,occasional_player,0.071166627,0.844072355,1.0,0.071166627,20,,0.054630051,0.049167046,1.044112819,14.671382679,-0.016331631,lost,-0.071166627,0.0
597,countdown,player_01125,occasional_player,0.07823676,0.915238982,1.0,0.07823676,20,,0.060057339,0.054051605,1.037396192,13.259702886,-0.017935009,lost,-0.07823676,0.0
597,countdown,player_00721,occasional_player,0.14000898,0.993475742,1.0,0.14000898,20,,0.107475907,0.096728316,0.978712583,6.990355785,-0.031796927,lost,-0.14000898,0.0
598,bootstrap,player_00309,occasional_player,0.019169438,0,1.5,0.028754157,0,,0.031472787,0.028325509,0.665174017,34.699714068,0.000214938,lost,-0.019169438,0.0
598,bootstrap,player_00575,occasional_player,0.449487208,0.019169438,1.481617311,0.665968028,10,,0.728933563,0.656040207,0.256372136,0.570365811,0.013584902,won,0.256372136,0.01349327
598,bootstrap,player_00259,occasional_player,0.09291495,0.468656646,1.050577879,0.097614391,20,,0.106843576,0.096159219,0.595115781,6.404951852,-0.026754452,lost,-0.09291495,0.0
598,countdown,player_01126,occasional_player,0.046690075,0.561571596,1.0,0.046690075,20,,0.051104499,0.04599405,0.639029412,13.686622099,-0.015151059,lost,-0.046690075,0.0
598,countdown,player_00628,occasional_player,0.074593001,0.608261671,1.0,0.074593001,20,,0.081645574,0.073481017,0.612521633,8.211516153,-0.024103119,lost,-0.074593001,0.0
599,bootstrap,player_00673,occasional_player,0.236985247,0,1.5,0.355477871,0,,0.295486084,0.265937476,0.747325299,3.153467604,0.024779815,won,0.747325299,0.03933291
599,bootstrap,player_00988,occasional_player,0.184141986,0.236985247,1.272252895,0.234275175,10,,0.194738013,0.175264211,0.797526397,4.331040489,-0.012090651,lost,-0.184141986,0.0
599,bootstrap,player_00188,occasional_player,0.495102626,0.421127233,1.09528912,0.542280519,20,,0.450763213,0.405686891,0.502113789,1.01416103,-0.090544999,lost,-0.495102626,0.0
599,countdown,player_01127,occasional_player,0.070993887,0.916229859,1.0,0.070993887,20,,0.059012691,0.053111422,0.905017091,12.747817163,-0.019156556,lost,-0.070993887,0.0
600,bootstrap,player_01071,occasional_player,0.099883265,0,1.5,0.149824897,0,,0.221405526,0.199264974,0.460208067,4.607459192,0.01172332,lost,-0.099883265,0.0
600,bootstrap,player_00020,occasional_player,0.020317604,0.099883265,1.403136206,0.028508366,10,,0.042128577,0.03791572,0.535795445,26.370995586,0.000767823,won,0.535795445,0.02819976
600,bootstrap,player_00939,occasional_player,0.069246266,0.120200869,1.383432803,0.095797556,20,,0.14156598,0.127409382,0.489313217,7.066275841,0.001919452,lost,-0.069246266,0.0
600,bootstrap,player_01128,occasional_player,0.081213204,0.189447135,1.316279851,0.106899304,30,,0.15797172,0.142174548,0.477944625,5.88506058,-0.001715192,lost,-0.081213204,0.0
600,bootstrap,player_00730,opportunistic_player,0.076234845,0.270660339,1.237521722,0.094342277,40,,0.139415424,0.125473881,0.482674066,6.331410085,-0.006106375,lost,-0.076234845,0.0
600,countdown,player_00969,occasional_player,0.141672681,0.346895184,1.0,0.141672681,40,,0.209358492,0.188422643,0.420508122,2.968166617,-0.035745088,lost,-0.141672681,0.0
600,countdown,player_01129,opportunistic_player,0.059653913,0.488567865,1.0,0.059653913,40,,0.088154281,0.079338853,0.498425952,8.355293505,-0.015376497,lost,-0.059653913,0.0
601,bootstrap,player_00111,opportunistic_player,0.550133858,0,1.5,0.825200787,0,,0.841906881,0.757716193,0.181470729,0.329866498,0.004214784,won,0.181470729,0.009551091
601,countdown,player_01092,occasional_player,0.04583431,0.550133858,1.0,0.04583431,0,,0.04676222,0.042085998,0.6605553,14.411808524,-0.016105198,lost,-0.04583431,0.0
601,countdown,player_00617,occasional_player,0.023709843,0.595968168,1.0,0.023709843,0,,0.024189846,0.021770861,0.681573543,28.746438482,-0.008355216,lost,-0.023709843,0.0
601,countdown,player_00583,occasional_player,0.085411899,0.619678011,1.0,0.085411899,0,,0.087141053,0.078426948,0.62295659,7.293557424,-0.029856721,lost,-0.085411899,0.0
602,bootstrap,player_00203,opportunistic_player,0.157814864,0,1.5,0.236722296,0,,0.258643773,0.232779395,0.534079626,3.384216241,0.003243917,won,0.534079626,0.028109454
602,bootstrap,player_01025,occasional_player,0.042186709,0.157814864,1.345910994,0.056779555,10,,0.06203758,0.055833822,0.643926373,15.263726145,-0.003878393,lost,-0.042186709,0.0
602,bootstrap,player_01055,occasional_player,0.451517699,0.200001573,1.304720273,0.589104296,20,,0.643657822,0.57929204,0.255061933,0.56489908,-0.042201743,lost,-0.451517699,0.0
602,countdown,player_01130,occasional_player,0.032638375,0.651519272,1.0,0.032638375,20,,0.035660825,0.032094743,0.65299729,20.007040499,-0.010633075,lost,-0.032638375,0.0
603,bootstrap,player_00872,opportunistic_player,0.061579207,0,1.5,0.09236881,0,,0.068118165,0.061306349,1.119591972,18.181331428,0.010834085,lost,-0.061579207,0.0
603,bootstrap,player_01131,occasional_player,0.172493279,0.061579207,1.439471277,0.248299121,10,,0.183110301,0.164799271,1.014223603,5.87978621,0.023076798,lost,-0.172493279,0.0
603,bootstrap,player_00449,occasional_player,0.062810785,0.234072486,1.269920574,0.079764708,20,,0.058823163,0.052940847,1.118421972,17.806209116,-0.000275323,lost,-0.062810785,0.0
603,bootstrap,player_00811,opportunistic_player,0.035960423,0.296883271,1.208181283,0.04344671,30,,0.032040146,0.028836132,1.143929816,31.810799788,-0.001936953,lost,-0.035960423,0.0
603,bootstrap,player_01132,occasional_player,0.118513407,0.332843694,1.172834311,0.13899659,40,,0.102504219,0.092253797,1.065504482,8.990581813,-0.009283261,won,1.065504482,0.056079183
603,countdown,player_01133,opportunistic_player,0.425255236,0.451357101,1.0,0.425255236,40,,0.313608095,0.282247285,0.774099744,1.820317961,-0.086740549,lost,-0.425255236,0.0
603,countdown,player_00963,player_whale,0.327877305,0.876612337,1.0,0.327877305,40,,0.24179591,0.217616319,0.866608778,2.643088635,-0.06793764,lost,-0.327877305,0.0
604,bootstrap,player_01134,occasional_player,0.116875491,0,1.5,0.175313236,0,,0.144749735,0.130274762,0.9286102,7.945294537,0.019324908,lost,-0.116875491,0.0
604,bootstrap,player_00635,occasional_player,0.038177135,0.116875491,1.386102436,0.05291742,10,,0.043691981,0.039322783,1.003373638,26.282057005,0.00277954,won,1.003373638,0.052809139
604,bootstrap,player_01135,occasional_player,0.068055838,0.155052626,1.348898035,0.091800386,20,,0.075796225,0.068216603,0.974988871,14.32630762,0.003097129,lost,-0.068055838,0.0
604,bootstrap,player_00715,occasional_player,0.016364711,0.223108464,1.282576225,0.020988989,30,,0.017329842,0.015596857,1.024095441,62.579500558,-0.000136802,lost,-0.016364711,0.0
604,bootstrap,player_00207,occasional_player,0.061013713,0.239473175,1.266628478,0.077281706,40,,0.063808682,0.057427814,0.981678889,16.089479577,-0.001134157,lost,-0.061013713,0.0
604,bootstrap,player_01136,occasional_player,0.168401031,0.300486888,1.207169363,0.203288565,50,,0.167847942,0.151063148,0.879660937,5.223607789,-0.010077491,lost,-0.168401031,0.0
604,countdown,player_01137,opportunistic_player,0.128040261,0.468887919,1.0,0.128040261,50,,0.105718166,0.09514635,0.918003669,7.169648527,-0.028512999,lost,-0.128040261,0.0
604,countdown,player_01019,opportunistic_player,0.256026986,0.59692818,1.0,0.256026986,50,,0.21139213,0.190252917,0.79641628,3.110673185,-0.055796584,lost,-0.256026986,0.0
604,countdown,player_01138,occasional_player,0.041869243,0.852955166,1.0,0.041869243,50,,0.034569905,0.031112914,0.999866136,23.880683388,-0.00945782,lost,-0.041869243,0.0
604,countdown,player_01139,occasional_player,0.163620405,0.894824409,1.0,0.163620405,50,,0.135095392,0.121585853,0.884202532,5.403986941,-0.03621996,lost,-0.163620405,0.0
605,bootstrap,player_01114,occasional_player,0.089291167,0,1.5,0.133936751,0,,0.074787419,0.067308677,1.473714075,16.504589698,0.015912648,lost,-0.089291167,0.0
605,bootstrap,player_00522,occasional_player,0.17186912,0.089291167,1.412922972,0.242837828,10,,0.135595453,0.122035908,1.39526502,8.118183299,0.019377517,lost,-0.17186912,0.0
605,bootstrap,player_00523,occasional_player,0.287816996,0.261160287,1.245315664,0.358423013,20,,0.20013575,0.180122175,1.285114537,4.465040478,-0.004497147,lost,-0.287816996,0.0
605,countdown,player_01140,occasional_player,0.145096434,0.548977283,1.0,0.145096434,20,,0.081018748,0.072916873,1.420699071,9.791412733,-0.030923522,lost,-0.145096434,0.0
605,countdown,player_00158,opportunistic_player,0.805425572,0.694073717,1.0,0.805425572,20,,0.449732425,0.404759183,0.79338639,0.985052397,-0.158291749,lost,-0.805425572,0.0
605,countdown,player_01141,occasional_player,0.015761289,1.499499289,1.0,0.015761289,20,,0.008800767,0.00792069,1.543567459,97.934087692,-0.003410329,lost,-0.015761289,0.0
605,countdown,player_01142,occasional_player,0.089418605,1.515260578,1.0,0.089418605,20,,0.049929438,0.044936494,1.473593009,16.479713689,-0.019182343,lost,-0.089418605,0.0
606,bootstrap,player_01143,occasional_player,0.141383582,0,1.5,0.212075373,0,,0.120420536,0.108378483,1.39859337,9.892190806,0.025516783,lost,-0.141383582,0.0
606,bootstrap,player_00778,occasional_player,0.071910728,0.141383582,1.366103415,0.098237491,10,,0.055781165,0.050203048,1.464592581,20.366816218,0.005226422,lost,-0.071910728,0.0
606,bootstrap,player_00391,occasional_player,0.187143542,0.21329431,1.298000735,0.242912455,20,,0.137930433,0.12413739,1.355121408,7.241080261,0.004309204,lost,-0.187143542,0.0
606,bootstrap,player_00548,opportunistic_player,0.26253312,0.400437852,1.120767418,0.294238567,30,,0.167074402,0.150366961,1.283501309,4.888911955,-0.030060621,won,1.283501309,0.0675527
606,countdown,player_01121,occasional_player,0.183512485,0.662970972,1.0,0.183512485,30,,0.104201971,0.093781774,1.358570912,7.4031525,-0.038893169,lost,-0.183512485,0.0
606,countdown,player_00204,occasional_player,0.040210436,0.846483457,1.0,0.040210436,30,,0.02283227,0.020549043,1.494707859,37.172137568,-0.008669333,lost,-0.040210436,0.0
606,countdown,player_01144,occasional_player,0.36495719,0.886693893,1.0,0.36495719,30,,0.207229816,0.186506834,1.186198442,3.250239959,-0.075656063,lost,-0.36495719,0.0
606,countdown,player_01145,occasional_player,0.324978977,1.251651083,1.0,0.324978977,30,,0.184529406,0.166076466,1.224177745,3.766944422,-0.067700504,lost,-0.324978977,0.0
607,bootstrap,player_00179,occasional_player,0.374825234,0,1.5,0.562237851,0,,0.708703499,0.637833149,0.234234046,0.624915359,0.013652964,won,0.234234046,0.012328108
607,bootstrap,player_01146,occasional_player,0.148258717,0.374825234,1.144775057,0.169722881,10,,0.213936503,0.192542853,0.449472237,3.031674939,-0.033169894,lost,-0.148258717,0.0
607,countdown,player_00087,occasional_player,0.044669458,0.523083951,1.0,0.044669458,10,,0.056306065,0.050675459,0.547882033,12.265249175,-0.014641639,lost,-0.044669458,0.0
607,countdown,player_00964,occasional_player,0.016702779,0.567753409,1.0,0.016702779,10,,0.021053933,0.01894854,0.574450378,34.392503064,-0.00550129,lost,-0.016702779,0.0
608,bootstrap,player_00169,opportunistic_player,0.058023221,0,1.5,0.087034831,0,,0.084580068,0.076122061,0.760891515,13.113569043,0.004314256,lost,-0.058023221,0.0
608,bootstrap,player_01147,occasional_player,0.102498582,0.058023221,1.443857288,0.147993325,10,,0.143819265,0.129437339,0.718639922,7.011218182,0.003787401,lost,-0.102498582,0.0
608,bootstrap,player_00684,opportunistic_player,0.382171947,0.160521803,1.344680643,0.513899219,20,,0.499405011,0.44946451,0.452950225,1.185200087,-0.006814169,won,0.452950225,0.023839486
608,countdown,player_01010,occasional_player,0.280095577,0.54269375,1.0,0.280095577,20,,0.272195656,0.24497609,0.549922776,1.963339737,-0.076760926,lost,-0.280095577,0.0
609,bootstrap,player_00570,occasional_player,0.078611516,0,1.5,0.117917274,0,,0.144355959,0.129920363,0.575306059,7.318343264,0.006345693,lost,-0.078611516,0.0
609,bootstrap,player_00538,occasional_player,0.054288069,0.078611516,1.423882969,0.077299857,10,,0.094631555,0.085168399,0.598413333,11.022925373,0.001301465,won,0.598413333,0.031495439
609,bootstrap,player_01021,occasional_player,0.114025634,0.132899585,1.371317559,0.156365354,20,,0.191424631,0.172282168,0.541662647,4.75035856,-0.001062236,lost,-0.114025634,0.0
609,bootstrap,player_01148,occasional_player,0.245845762,0.246925219,1.260910164,0.30998942,30,,0.379493338,0.341544005,0.416433525,1.693881243,-0.019648242,lost,-0.245845762,0.0
609,countdown,player_00296,occasional_player,0.061908026,0.492770981,1.0,0.061908026,30,,0.075788662,0.068209796,0.591174374,9.54923638,-0.017361409,lost,-0.061908026,0.0
609,countdown,player_00834,occasional_player,0.093370824,0.554679007,1.0,0.093370824,30,,0.114305855,0.10287527,0.561284716,6.011350141,-0.026022959,lost,-0.093370824,0.0
610,bootstrap,player_01149,occasional_player,0.211355388,0,1.5,0.317033082,0,,0.296409717,0.266768745,0.699508283,3.309630712,0.031634571,lost,-0.211355388,0.0
610,bootstrap,player_01150,occasional_player,0.064385006,0.211355388,1.294557709,0.083350106,10,,0.077928086,0.070135277,0.839130146,13.033005637,-0.00101672,lost,-0.064385006,0.0
610,bootstrap,player_00199,opportunistic_player,0.08844525,0.275740394,1.231974004,0.108962249,20,,0.10187413,0.091686717,0.816272914,9.229132309,-0.005494612,lost,-0.08844525,0.0
610,bootstrap,player_00533,occasional_player,0.087292023,0.364185644,1.14600319,0.100036937,30,,0.09352942,0.084176478,0.81736848,9.363610235,-0.011140888,lost,-0.087292023,0.0
610,countdown,player_01151,occasional_player,0.127349163,0.451477667,1.0,0.127349163,30,,0.119064954,0.107158459,0.779314197,6.119507805,-0.030192515,lost,-0.127349163,0.0
610,countdown,player_00624,occasional_player,0.110188138,0.57882683,1.0,0.110188138,30,,0.103020273,0.092718246,0.795617171,7.220533763,-0.026203459,won,0.795617171,0.041874588
610,countdown,player_01152,occasional_player,0.222657549,0.689014968,1.0,0.222657549,30,,0.20817342,0.187356078,0.68877123,3.093410636,-0.051895827,lost,-0.222657549,0.0
611,bootstrap,player_01099,occasional_player,0.646845768,0,1.5,0.970268652,0,,0.351322549,0.316190294,1.736100091,2.683947513,0.106618583,lost,-0.646845768,0.0
611,countdown,player_01153,occasional_player,0.083379725,0.646845768,1.0,0.083379725,0,,0.03019079,0.027171711,2.271392831,27.241548606,-0.019396525,lost,-0.083379725,0.0
611,countdown,player_01012,occasional_player,0.032333958,0.730225493,1.0,0.032333958,0,,0.011707735,0.010536962,2.31988631,71.747674999,-0.007548703,lost,-0.032333958,0.0
611,countdown,player_01154,occasional_player,1.09702561,0.762559451,1.0,1.09702561,0,,0.397219711,0.35749774,1.308429241,1.192706195,-0.237080938,lost,-1.09702561,0.0
611,countdown,player_01117,opportunistic_player,0.362233775,1.859585061,1.0,0.362233775,0,,0.131160471,0.118044424,2.006481484,5.539189392,-0.082620148,won,2.006481484,0.105604289
611,countdown,player_00818,opportunistic_player,0.216518537,2.221818836,1.0,0.216518537,0,,0.078398745,0.07055887,2.14491096,9.906361782,-0.04989874,lost,-0.216518537,0.0
612,bootstrap,player_01155,occasional_player,0.096057807,0,1.5,0.14408671,0,,0.106207299,0.095586569,1.051025569,10.941594459,0.013587957,lost,-0.096057807,0.0
612,bootstrap,player_00172,occasional_player,0.154572846,0.096057807,1.40649875,0.217406515,10,,0.160251828,0.144226646,0.995436282,6.43991689,0.011289113,lost,-0.154572846,0.0
612,bootstrap,player_00816,occasional_player,0.163249532,0.250630653,1.256039824,0.205047914,20,,0.151142219,0.136027997,0.98719343,6.047144013,-0.00675708,lost,-0.163249532,0.0
612,bootstrap,player_00952,occasional_player,0.386584751,0.413880185,1.097135141,0.424135715,30,,0.312633335,0.281370001,0.775024972,2.004799646,-0.059742622,won,0.775024972,0.040790788
612,countdown,player_00596,occasional_player,0.263140838,0.800464936,1.0,0.263140838,30,,0.19396291,0.174566619,0.892296689,3.390947206,-0.061440015,lost,-0.263140838,0.0
612,countdown,player_01156,occasional_player,0.10283775,1.063605774,1.0,0.10283775,30,,0.075802408,0.068222168,1.044584623,10.157598965,-0.024558109,lost,-0.10283775,0.0
613,bootstrap,player_01157,opportunistic_player,0.082237107,0,1.5,0.123355661,0,,0.215953137,0.194357824,0.359033042,4.365827725,0.003527199,won,0.359033042,0.018896476
613,bootstrap,player_00046,occasional_player,0.060754813,0.082237107,1.421692044,0.086374634,10,,0.151212138,0.136090924,0.379441221,6.245451221,-0.000848128,lost,-0.060754813,0.0
613,bootstrap,player_00341,occasional_player,0.098753126,0.14299192,1.363839993,0.134683463,20,,0.235784204,0.212205784,0.343342824,3.476779294,-0.004937808,lost,-0.098753126,0.0
613,bootstrap,player_01138,occasional_player,0.033331485,0.241745046,1.269805126,0.04232449,30,,0.074095557,0.066686001,0.405493383,12.165476055,-0.004068009,lost,-0.033331485,0.0
613,bootstrap,player_01054,occasional_player,0.123877197,0.275076531,1.238066163,0.153368166,40,,0.268494663,0.241645197,0.319474956,2.578965007,-0.016743279,lost,-0.123877197,0.0
613,countdown,player_01158,occasional_player,0.031108538,0.398953728,1.0,0.031108538,40,,0.054460301,0.049014271,0.407605182,13.10267883,-0.009605305,lost,-0.031108538,0.0
614,bootstrap,player_00637,occasional_player,0.073479132,0,1.5,0.110218698,0,,0.073691006,0.066321906,1.179725822,16.055249834,0.009635809,lost,-0.073479132,0.0
614,bootstrap,player_00002,persistent_player,0.015762057,0.073479132,1.431609728,0.022565114,10,,0.015086786,0.013578108,1.234557043,78.324614807,0.001214911,lost,-0.015762057,0.0
614,bootstrap,player_00291,player_whale,0.418396315,0.089241189,1.416719376,0.592750166,20,,0.396306227,0.356675604,0.852054498,2.036477061,0.034742496,won,0.852054498,0.044844974
614,countdown,player_00687,occasional_player,0.224306491,0.507637504,1.0,0.224306491,20,,0.149968847,0.134971962,1.036439831,4.620641276,-0.054141086,lost,-0.224306491,0.0
614,countdown,player_00428,occasional_player,0.206580094,0.731943995,1.0,0.206580094,20,,0.138117174,0.124305456,1.053279908,5.098651509,-0.049972622,lost,-0.206580094,0.0
614,countdown,player_01042,occasional_player,0.1419935,0.938524089,1.0,0.1419935,20,,0.094935289,0.08544176,1.114637172,7.849916878,-0.034624764,lost,-0.1419935,0.0
614,countdown,player_01159,occasional_player,0.197273176,1.080517589,1.0,0.197273176,20,,0.131894671,0.118705204,1.06212148,5.384013689,-0.047776477,lost,-0.197273176,0.0
615,bootstrap,player_00379,occasional_player,0.015773189,0,1.5,0.023659783,0,,0.043646106,0.039281495,0.387943322,24.59511019,8.5399e-05,lost,-0.015773189,0.0
615,bootstrap,player_01160,occasional_player,0.052995059,0.015773189,1.485270017,0.078711972,10,,0.145202983,0.130682684,0.352582545,6.653121096,6.911e-06,lost,-0.052995059,0.0
615,bootstrap,player_00987,occasional_player,0.035662324,0.068768248,1.435779941,0.051203249,20,,0.09445659,0.085010931,0.369048643,10.348418215,-0.001257468,lost,-0.035662324,0.0
615,bootstrap,player_00013,occasional_player,0.023462659,0.104430572,1.40247625,0.032905822,30,,0.060702627,0.054632365,0.380638325,16.223153778,-0.001385667,lost,-0.023462659,0.0
615,bootstrap,player_01143,occasional_player,0.090859136,0.127893231,1.380565362,0.125436976,40,,0.231398383,0.208258545,0.316611672,3.484643216,-0.005999859,lost,-0.090859136,0.0
615,bootstrap,player_00907,occasional_player,0.177635091,0.218752367,1.295715461,0.230164534,50,,0.424593311,0.38213398,0.234174515,1.318289721,-0.020268647,won,0.234174515,0.012324974
616,bootstrap,player_00540,occasional_player,0.042327361,0,1.5,0.063491041,0,,0.057227551,0.051504796,0.880088391,20.79242292,0.005181474,lost,-0.042327361,0.0
616,bootstrap,player_01161,occasional_player,0.302146227,0.042327361,1.460236372,0.44120491,10,,0.397679359,0.357911424,0.633260468,2.095874155,0.032646515,won,0.633260468,0.033329498
616,bootstrap,player_00526,occasional_player,0.100611202,0.344473588,1.176390893,0.118358102,20,,0.106681891,0.096013702,0.824718742,8.197086663,-0.011766848,lost,-0.100611202,0.0
616,countdown,player_01162,occasional_player,0.202776,0.44508479,1.0,0.202776,20,,0.182771832,0.164494649,0.727662184,3.588502505,-0.049723898,lost,-0.202776,0.0
616,countdown,player_01163,occasional_player,0.188831793,0.64786079,1.0,0.188831793,20,,0.170203243,0.153182919,0.740909181,3.923646378,-0.046411357,lost,-0.188831793,0.0
616,countdown,player_01164,occasional_player,0.094787009,0.836692583,1.0,0.094787009,20,,0.085436123,0.076892511,0.830251725,8.759129908,-0.023658458,lost,-0.094787009,0.0
617,bootstrap,player_00527,opportunistic_player,0.077985485,0,1.5,0.116978227,0,,0.03353109,0.030177981,3.020198792,38.72770416,0.015511462,lost,-0.077985485,0.0
617,bootstrap,player_00133,occasional_player,0.107134139,0.077985485,1.426686712,0.152846853,10,,0.043812611,0.03943135,2.992507571,27.932343495,0.015088919,lost,-0.107134139,0.0
617,bootstrap,player_00057,occasional_player,0.094903027,0.185119624,1.325971099,0.125838671,20,,0.036070882,0.032463794,3.004127127,31.654702931,0.005703249,won,3.004127127,0.158111954
617,bootstrap,player_01124,occasional_player,0.052848067,0.280022651,1.236753818,0.065360049,30,,0.018735057,0.016861551,3.044079339,57.600580528,-0.000629068,lost,-0.052848067,0.0
617,bootstrap,player_01041,player_whale,0.75150244,0.332870718,1.187071937,0.892087457,40,,0.255711389,0.23014025,2.380357685,3.167465011,-0.030735367,lost,-0.75150244,0.0
617,countdown,player_01165,occasional_player,0.136348955,1.084373158,1.0,0.136348955,40,,0.03908359,0.035175231,2.964753495,21.74386665,-0.027266959,lost,-0.136348955,0.0
617,countdown,player_00105,occasional_player,0.018791309,1.220722113,1.0,0.018791309,40,,0.005386413,0.004847772,3.076433259,163.715750673,-0.003786366,lost,-0.018791309,0.0
617,countdown,player_01166,occasional_player,0.052842876,1.239513422,1.0,0.052842876,40,,0.015147086,0.013632377,3.04408427,57.606332222,-0.010624397,lost,-0.052842876,0.0
617,countdown,player_01167,player_whale,1.927555288,1.292356298,1.0,1.927555288,40,,0.552521882,0.497269693,1.263107479,0.655289883,-0.340935392,lost,-1.927555288,0.0
618,bootstrap,player_01071,occasional_player,0.082114467,0,1.5,0.1231717,0,,0.07889029,0.071001261,1.285598142,15.656171056,0.014994853,lost,-0.082114467,0.0
618,bootstrap,player_00813,occasional_player,0.076266834,0.082114467,1.422751028,0.108508716,10,,0.069498789,0.062548911,1.291153393,16.929421679,0.009263811,lost,-0.076266834,0.0
618,bootstrap,player_00860,occasional_player,0.04044542,0.158381301,1.351003201,0.054641892,20,,0.034997607,0.031497846,1.325183736,32.764741625,0.002568957,lost,-0.04044542,0.0
618,bootstrap,player_00617,occasional_player,0.044305379,0.198826721,1.312954277,0.058170937,30,,0.037257926,0.033532133,1.321516775,29.827456733,0.001493552,lost,-0.044305379,0.0
618,bootstrap,player_01085,occasional_player,0.227708169,0.2431321,1.271274107,0.289479499,40,,0.185408836,0.166867953,1.147284125,5.038396864,0.00173398,lost,-0.227708169,0.0
618,countdown,player_01168,occasional_player,0.028989959,0.470840269,1.0,0.028989959,40,,0.01856779,0.016711011,1.336066424,46.087213306,-0.006178487,lost,-0.028989959,0.0
618,countdown,player_01169,occasional_player,0.89834098,0.499830228,1.0,0.89834098,40,,0.575378762,0.517840886,0.510182954,0.567916822,-0.168949698,won,0.510182954,0.026851734
619,bootstrap,player_00472,occasional_player,0.02446541,0,1.5,0.036698115,0,,0.057464238,0.051717814,0.437640801,17.888144993,-0.000566287,lost,-0.02446541,0.0
619,bootstrap,player_00114,occasional_player,0.017431508,0.02446541,1.476853538,0.025743784,10,,0.040311251,0.036280126,0.444323008,25.489648301,-0.000678996,lost,-0.017431508,0.0
619,bootstrap,player_00062,opportunistic_player,0.332875986,0.041896918,1.460361775,0.486119366,30,,0.761196557,0.685076901,0.144650754,0.434548481,-0.005733446,won,0.144650754,0.007613198
619,bootstrap,player_00587,occasional_player,0.078628907,0.374772904,1.145431369,0.090064017,40,,0.141027954,0.126925159,0.386185479,4.911494945,-0.019632267,lost,-0.078628907,0.0
620,bootstrap,player_01120,occasional_player,0.320945749,0,1.5,0.481418623,0,,0.725564474,0.653008026,0.18517446,0.576964987,0.00955481,won,0.18517446,0.009746024
620,bootstrap,player_00598,occasional_player,0.056596692,0.320945749,1.196174203,0.067699503,10,,0.102032518,0.091829266,0.436306064,7.709038263,-0.011333794,lost,-0.056596692,0.0
620,bootstrap,player_00564,occasional_player,0.06883359,0.377542441,1.142596503,0.078649019,20,,0.118534953,0.106681458,0.424681011,6.169676913,-0.016184733,lost,-0.06883359,0.0
620,countdown,player_00196,occasional_player,0.035741944,0.446376031,1.0,0.035741944,20,,0.053868055,0.048481249,0.456118075,12.76142324,-0.011895956,lost,-0.035741944,0.0
621,bootstrap,player_01170,player_whale,0.209222946,0,1.5,0.313834419,0,,0.385865748,0.347279173,0.452876878,2.164566014,0.020710533,lost,-0.209222946,0.0
621,bootstrap,player_00935,occasional_player,0.043670893,0.209222946,1.301810831,0.056851242,10,,0.069899749,0.062909774,0.610151329,13.971578934,-0.002539085,lost,-0.043670893,0.0
621,bootstrap,player_01171,occasional_player,0.178721237,0.252893839,1.260443007,0.225267933,20,,0.276971467,0.24927432,0.481853502,2.696117764,-0.014056918,won,0.481853502,0.025360711
621,countdown,player_01172,occasional_player,0.087494775,0.431615076,1.0,0.087494775,20,,0.10757659,0.096818931,0.568518641,6.497743903,-0.023980257,lost,-0.087494775,0.0
621,countdown,player_00479,occasional_player,0.129877045,0.519109851,1.0,0.129877045,20,,0.159686446,0.143717802,0.528255484,4.067350657,-0.035291685,lost,-0.129877045,0.0
622,bootstrap,player_01173,occasional_player,0.029683149,0.173840226,1.335212223,0.039633303,10,,0.042961105,0.038664994,0.742346551,25.009022843,0.000167375,lost,-0.029683149,0.0
622,bootstrap,player_00246,occasional_player,0.042557733,0.029683149,1.471862553,0.062639134,20,,0.067898616,0.061108754,0.730115697,17.155887899,0.004659378,lost,-0.042557733,0.0
622,bootstrap,player_00193,occasional_player,0.200391079,0.072240882,1.431520945,0.286864027,30,,0.310950505,0.279855454,0.580174018,2.895208813,0.018054321,won,0.580174018,0.030535475
622,bootstrap,player_01174,occasional_player,0.13187679,0.272631961,1.241564909,0.163733595,40,,0.177481452,0.159733307,0.645262592,4.892920069,-0.007741747,lost,-0.13187679,0.0
622,countdown,player_01172,occasional_player,0.090463878,0.404508751,1.0,0.090463878,40,,0.098059659,0.088253693,0.684604859,7.567715136,-0.0220612,lost,-0.090463878,0.0
622,countdown,player_00831,occasional_player,0.107348668,0.494972629,1.0,0.107348668,40,,0.116362176,0.104725959,0.668564308,6.227970228,-0.026090438,lost,-0.107348668,0.0
622,countdown,player_01175,occasional_player,0.150633104,0.602321297,1.0,0.150633104,40,,0.163280981,0.146952883,0.627444094,4.165379837,-0.036292417,lost,-0.150633104,0.0
622,countdown,player_00868,occasional_player,0.021223481,0.752954401,1.0,0.021223481,40,,0.023005506,0.020704956,0.750383236,35.35627525,-0.005247398,lost,-0.021223481,0.0
622,bootstrap,player_00543,occasional_player,0.173840226,0,1.5,0.260760339,0,20,0.0,0.0,0.0,0.0,0.0,pending_withdrawn,0.0,0.0
623,bootstrap,player_00070,opportunistic_player,0.381585776,0,1.5,0.572378664,0,,0.672999858,0.605699872,0.267535023,0.701113719,0.011586609,won,0.267535023,0.014080791
623,bootstrap,player_00460,occasional_player,0.226467519,0.381585776,1.155905486,0.261775048,10,,0.307793741,0.277014367,0.414897367,1.832039175,-0.048800231,lost,-0.226467519,0.0
623,countdown,player_01176,occasional_player,0.016334824,0.608053295,1.0,0.016334824,10,,0.019206401,0.017285761,0.614523427,37.620449842,-0.005429959,lost,-0.016334824,0.0
624,bootstrap,player_01156,occasional_player,0.031526689,0,1.5,0.047290033,0,,0.042571359,0.038314223,0.756250742,23.987636051,-0.001343609,lost,-0.031526689,0.0
624,bootstrap,player_00740,occasional_player,0.649625603,0.031526689,1.471616766,0.955999929,10,,0.860608757,0.774547882,0.169056773,0.260237239,-0.015516903,won,0.169056773,0.008897725
624,countdown,player_01177,occasional_player,0.107551545,0.681152292,1.0,0.107551545,10,,0.096819883,0.087137895,0.684027128,6.359993512,-0.038575046,lost,-0.107551545,0.0
625,bootstrap,player_01178,occasional_player,0.039757008,0,1.5,0.059635512,0,,0.105676612,0.095108951,0.391979462,9.859380306,0.001304995,lost,-0.039757008,0.0
625,bootstrap,player_00990,occasional_player,0.11398368,0.039757008,1.464182001,0.166892853,10,,0.295741089,0.26616698,0.321464123,2.820264474,0.001918147,lost,-0.11398368,0.0
625,bootstrap,player_00602,occasional_player,0.027886569,0.153740688,1.361491492,0.037967326,20,,0.067279683,0.060551715,0.403256379,14.460594946,-0.001780124,won,0.403256379,0.02122402
625,bootstrap,player_01179,occasional_player,0.026030812,0.181627257,1.336367843,0.03478674,30,,0.061643553,0.055479197,0.405019348,15.559228345,-0.002116495,lost,-0.026030812,0.0
625,bootstrap,player_00100,occasional_player,0.118754042,0.207658069,1.312916088,0.155914092,40,,0.276286267,0.24865764,0.316932279,2.668812565,-0.01041731,lost,-0.118754042,0.0
625,bootstrap,player_00218,occasional_player,0.061980636,0.326412111,1.205927851,0.074744175,50,,0.132449792,0.119204813,0.370867015,5.983594862,-0.010383113,lost,-0.061980636,0.0
625,countdown,player_01180,occasional_player,0.03438012,0.388392747,1.0,0.03438012,50,,0.060923005,0.054830704,0.397087505,11.54991621,-0.010722446,lost,-0.03438012,0.0
626,bootstrap,player_00660,occasional_player,0.094655243,0,1.5,0.141982865,0,,0.157406991,0.141666292,0.579078368,6.117763258,0.000790099,lost,-0.094655243,0.0
626,bootstrap,player_00413,opportunistic_player,0.457277265,0.094655243,1.406776839,0.643287066,10,,0.713169728,0.641852755,0.234587447,0.513009207,-0.013201993,won,0.234587447,0.012346708
626,countdown,player_01181,occasional_player,0.116741246,0.551932508,1.0,0.116741246,10,,0.129423281,0.116480953,0.558096665,4.780629675,-0.038135483,lost,-0.116741246,0.0
627,bootstrap,player_00937,player_whale,1.712400157,0,1.5,2.568600235,0,,0.989869668,0.890882702,0.058709865,0.034285132,-0.134548876,won,0.058709865,0.003089993
627,countdown,player_00317,occasional_player,0.026287069,1.712400157,1.0,0.026287069,0,,0.010130332,0.009117298,1.660517299,63.168598177,-0.01090797,lost,-0.026287069,0.0
628,bootstrap,player_01181,occasional_player,0.084123917,0,1.5,0.126185876,0,,0.14374474,0.129370266,0.646485919,7.684924128,0.010395272,lost,-0.084123917,0.0
628,bootstrap,player_01123,occasional_player,0.119603915,0.084123917,1.417325082,0.169517629,10,,0.19310614,0.173795526,0.612779921,5.123410228,0.007681119,lost,-0.119603915,0.0
628,bootstrap,player_00488,occasional_player,0.042882522,0.203727832,1.299781294,0.0557379,20,,0.063493872,0.057144485,0.685665245,15.989387115,-0.001250035,lost,-0.042882522,0.0
628,bootstrap,player_00576,occasional_player,0.121379132,0.246610354,1.257637405,0.152650937,30,,0.173892435,0.156503191,0.611093465,5.034584242,-0.006744833,won,0.611093465,0.032162814
628,bootstrap,player_00329,occasional_player,0.091956395,0.367989486,1.138348977,0.104678468,40,,0.119244559,0.107320103,0.639045065,6.949435821,-0.013505243,lost,-0.091956395,0.0
628,countdown,player_00731,occasional_player,0.269076104,0.459945881,1.0,0.269076104,40,,0.306518255,0.275866429,0.470781342,1.749621519,-0.064974272,lost,-0.269076104,0.0
629,bootstrap,player_01182,opportunistic_player,0.067675937,0,1.5,0.101513906,0,,0.045180147,0.040662133,1.640593569,24.241904014,0.001785944,lost,-0.067675937,0.0
629,bootstrap,player_00962,opportunistic_player,1.047435434,0.067675937,1.433443163,1.501439161,10,,0.668235963,0.601412367,0.709822047,0.677676183,0.009400946,won,0.709822047,0.037359055
629,countdown,player_00827,occasional_player,0.172078259,1.115111371,1.0,0.172078259,10,,0.076585775,0.068927197,1.541411363,8.957618306,-0.053972222,lost,-0.172078259,0.0
629,countdown,player_01183,occasional_player,0.322760376,1.28718963,1.0,0.322760376,10,,0.143648905,0.129284014,1.398263352,4.332202636,-0.10025952,lost,-0.322760376,0.0
629,countdown,player_00717,occasional_player,0.014921812,1.609950006,1.0,0.014921812,10,,0.006641156,0.00597704,1.690709988,113.304603193,-0.004727182,lost,-0.014921812,0.0
629,countdown,player_01184,occasional_player,0.134156221,1.624871818,1.0,0.134156221,10,,0.059708055,0.053737249,1.577437299,11.758212085,-0.042179893,lost,-0.134156221,0.0
630,bootstrap,player_01185,occasional_player,0.164339311,0,1.5,0.246508966,0,,0.238117711,0.21430594,0.714178694,4.345756893,0.023932316,lost,-0.164339311,0.0
630,bootstrap,player_00146,occasional_player,0.036927035,0.164339311,1.338265014,0.049418159,10,,0.047735947,0.042962352,0.835220356,22.618126685,0.000542468,lost,-0.036927035,0.0
630,bootstrap,player_00702,occasional_player,0.063957577,0.201266346,1.301923171,0.083267851,20,,0.080433383,0.072390045,0.809541341,12.657473576,-0.000724951,lost,-0.063957577,0.0
630,bootstrap,player_00933,occasional_player,0.170417037,0.265223923,1.238979145,0.211143155,30,,0.203955765,0.183560189,0.708404854,4.156889864,-0.009100325,lost,-0.170417037,0.0
630,countdown,player_00377,player_whale,0.444901812,0.43564096,1.0,0.444901812,30,,0.429757193,0.386781474,0.447644318,1.006164294,-0.099681505,won,0.447644318,0.023560227
631,bootstrap,player_00300,occasional_player,0.049812157,0,1.5,0.074718236,0,,0.030464329,0.027417896,2.169448906,43.552599137,0.011035312,lost,-0.049812157,0.0
631,bootstrap,player_00996,occasional_player,0.028459338,0.049812157,1.450942888,0.041292874,10,,0.016836046,0.015152442,2.189734084,76.94255165,0.005151709,lost,-0.028459338,0.0
631,bootstrap,player_00259,occasional_player,0.138556767,0.078271495,1.422914933,0.197154493,30,,0.080384383,0.072345945,2.085141526,15.04900534,0.022318787,lost,-0.138556767,0.0
631,bootstrap,player_01186,occasional_player,0.077244247,0.216828262,1.286458389,0.09937151,40,,0.040516031,0.036464428,2.14338842,27.748194897,0.003729852,won,2.14338842,0.112809917
631,bootstrap,player_00780,occasional_player,0.172437294,0.294072509,1.210384999,0.208715514,50,,0.085098075,0.076588267,2.052955026,11.905516366,-0.001998352,lost,-0.172437294,0.0
631,countdown,player_00396,opportunistic_player,0.480548957,0.466509803,1.0,0.480548957,50,,0.195930769,0.176337692,1.760248946,3.66299608,-0.085411827,lost,-0.480548957,0.0
631,countdown,player_00223,occasional_player,0.53066894,0.94705876,1.0,0.53066894,50,,0.216365829,0.194729246,1.712634962,3.227313364,-0.093832063,lost,-0.53066894,0.0
631,countdown,player_01187,occasional_player,0.097557505,1.4777277,1.0,0.097557505,50,,0.03977642,0.035798778,2.124090825,21.772705497,-0.01802521,lost,-0.097557505,0.0
631,countdown,player_01188,occasional_player,0.622943401,1.575285205,1.0,0.622943401,50,,0.253988231,0.228589408,1.624974224,2.608542319,-0.109093242,lost,-0.622943401,0.0
631,countdown,player_01052,occasional_player,0.099675288,2.198228606,1.0,0.099675288,50,,0.040639888,0.036575899,2.122078932,21.289920241,-0.01841263,lost,-0.099675288,0.0
631,bootstrap,player_01146,occasional_player,0.127408123,0.078271495,1.422914933,0.181290921,20,30,0.0,0.0,0.0,0.0,0.0,pending_withdrawn,0.0,0.0
632,bootstrap,player_00997,occasional_player,0.210817984,0,1.5,0.316226976,0,,0.458250495,0.412425446,0.31929236,1.51454043,0.007813011,lost,-0.210817984,0.0
632,bootstrap,player_00557,occasional_player,0.250705168,0.210817984,1.292232127,0.323969272,10,,0.469470003,0.422523003,0.281399535,1.122432129,-0.025878691,won,0.281399535,0.014810502
632,countdown,player_01189,occasional_player,0.029375925,0.461523152,1.0,0.029375925,10,,0.042569209,0.038312288,0.491662316,16.736913518,-0.009413758,lost,-0.029375925,0.0
632,countdown,player_00877,occasional_player,0.020502315,0.490899077,1.0,0.020502315,10,,0.029710293,0.026739263,0.500092246,24.391989184,-0.006582,lost,-0.020502315,0.0
633,bootstrap,player_01190,occasional_player,0.051457322,0,1.5,0.077185983,0,,0.073743752,0.066369377,0.816207754,15.861838949,0.006129069,lost,-0.051457322,0.0
633,bootstrap,player_00840,occasional_player,0.07325576,0.051457322,1.449251638,0.10616603,10,,0.101431388,0.091288249,0.795499238,10.859203948,0.006051363,lost,-0.07325576,0.0
633,bootstrap,player_00990,occasional_player,0.118246228,0.124713082,1.376099399,0.162718563,20,,0.155461872,0.139915685,0.752758294,6.366023732,0.003620966,lost,-0.118246228,0.0
633,bootstrap,player_00645,occasional_player,0.0283081,0.24295931,1.258623521,0.03562924,30,,0.034040298,0.030636268,0.838199515,29.609882515,-0.00176154,lost,-0.0283081,0.0
633,bootstrap,player_00738,occasional_player,0.26400017,0.27126741,1.230499842,0.324852168,40,,0.310364873,0.279328385,0.614292049,2.326862323,-0.018668223,lost,-0.26400017,0.0
633,countdown,player_01191,occasional_player,0.026677356,0.53526758,1.0,0.026677356,40,,0.025487637,0.022938873,0.839748722,31.477959136,-0.006802518,lost,-0.026677356,0.0
633,countdown,player_01192,occasional_player,0.31344893,0.561944936,1.0,0.31344893,40,,0.29947018,0.269523162,0.567315727,1.809914383,-0.076062455,won,0.567315727,0.029858722
634,bootstrap,player_00710,occasional_player,0.147642101,0,1.5,0.221463152,0,,0.320856153,0.288770538,0.424592745,2.875824322,0.017602463,won,0.424592745,0.022346987
634,bootstrap,player_00443,occasional_player,0.014792339,0.147642101,1.353217009,0.020017245,10,,0.029001015,0.026100914,0.550800019,37.235491888,-2.9862e-05,lost,-0.014792339,0.0
634,bootstrap,player_01193,occasional_player,0.040221089,0.16243444,1.338510745,0.05383636,20,,0.077998201,0.070198381,0.526642706,13.093695855,-0.000428169,lost,-0.040221089,0.0
634,bootstrap,player_00412,occasional_player,0.015743991,0.202655529,1.298523698,0.020443945,30,,0.029619219,0.026657297,0.549895949,34.927354153,-0.000665559,lost,-0.015743991,0.0
634,bootstrap,player_00233,occasional_player,0.018544253,0.21839952,1.282871319,0.02378989,40,,0.034466829,0.031020146,0.547235701,29.509719294,-0.000993676,lost,-0.018544253,0.0
634,bootstrap,player_00779,occasional_player,0.106800801,0.236943773,1.264434972,0.135042668,50,,0.195650024,0.176085021,0.46339198,4.338843675,-0.006398393,lost,-0.106800801,0.0
634,countdown,player_01194,opportunistic_player,0.08719045,0.343744574,1.0,0.08719045,50,,0.126321657,0.113689492,0.482021813,5.528378548,-0.022476997,lost,-0.08719045,0.0
634,countdown,player_01195,occasional_player,0.063629308,0.430935024,1.0,0.063629308,50,,0.092186239,0.082967615,0.504404898,7.927241615,-0.016500865,lost,-0.063629308,0.0
634,countdown,player_00204,occasional_player,0.064812648,0.494564332,1.0,0.064812648,50,,0.093900663,0.084510597,0.503280725,7.765162215,-0.016802738,lost,-0.064812648,0.0
635,bootstrap,player_00461,player_whale,0.218090449,0,1.5,0.327135674,0,,0.346997804,0.312298024,0.574468874,2.63408543,0.029424261,won,0.574468874,0.030235204
635,bootstrap,player_00683,opportunistic_player,0.114714035,0.218090449,1.284408004,0.147339625,10,,0.15628539,0.140656851,0.672676467,5.863942171,-0.003962166,lost,-0.114714035,0.0
635,bootstrap,player_00851,occasional_player,0.041045549,0.332804484,1.171008137,0.048064672,20,,0.050982931,0.045884638,0.742661529,18.093594732,-0.005085433,lost,-0.041045549,0.0
635,bootstrap,player_01196,occasional_player,0.0512234,0.373850033,1.130432808,0.057904612,30,,0.061420306,0.055278275,0.732992571,14.309721157,-0.007873294,lost,-0.0512234,0.0
635,countdown,player_01197,opportunistic_player,0.162944793,0.425073433,1.0,0.162944793,30,,0.17283803,0.155554227,0.626857247,3.847052955,-0.040087747,lost,-0.162944793,0.0
635,countdown,player_01198,occasional_player,0.199370693,0.588018226,1.0,0.199370693,30,,0.211475538,0.190327984,0.592252642,2.970610341,-0.048702619,lost,-0.199370693,0.0
636,bootstrap,player_00306,occasional_player,0.038136349,0,1.5,0.057204523,0,,0.037277431,0.033549688,1.316832135,34.529580569,0.00732242,lost,-0.038136349,0.0
636,bootstrap,player_00880,occasional_player,0.053935159,0.038136349,1.461724732,0.078838356,10,,0.051375157,0.046237641,1.301823266,24.136820768,0.008751913,lost,-0.053935159,0.0
636,bootstrap,player_00909,opportunistic_player,0.138749936,0.092071508,1.407593105,0.195303453,20,,0.127269847,0.114542863,1.221249228,8.801800296,0.017028261,lost,-0.138749936,0.0
636,bootstrap,player_00063,occasional_player,0.047149686,0.230821444,1.268337747,0.059801727,30,,0.038969903,0.035072913,1.308269465,27.747151174,0.000388812,lost,-0.047149686,0.0
636,bootstrap,player_00118,occasional_player,0.042348739,0.27797113,1.22101631,0.051708501,40,,0.033695938,0.030326344,1.312830365,31.000459421,-0.001251111,lost,-0.042348739,0.0
636,bootstrap,player_01149,occasional_player,0.126728329,0.320319869,1.178513308,0.149351022,50,,0.097324863,0.087592377,1.232669754,9.726868208,-0.00765542,lost,-0.126728329,0.0
636,countdown,player_00988,occasional_player,0.05044159,0.447048198,1.0,0.05044159,50,,0.032870353,0.029583318,1.305142156,25.874326254,-0.010338925,lost,-0.05044159,0.0
636,countdown,player_00021,occasional_player,0.032356891,0.497489788,1.0,0.032356891,50,,0.021085426,0.018976884,1.32232262,40.866800846,-0.006649295,lost,-0.032356891,0.0
636,countdown,player_00803,occasional_player,0.859555791,0.529846679,1.0,0.859555791,50,,0.560131082,0.504117973,0.536483665,0.624140598,-0.155787209,won,0.536483665,0.028235982
637,bootstrap,player_00482,occasional_player,0.062409947,0,1.5,0.093614921,0,,0.083082399,0.074774159,0.882981403,14.148087698,0.008280896,lost,-0.062409947,0.0
637,bootstrap,player_01199,opportunistic_player,0.262751326,0.062409947,1.437318837,0.37765743,10,,0.335167566,0.30165081,0.692657093,2.636169735,0.025448397,lost,-0.262751326,0.0
637,bootstrap,player_01200,player_whale,0.136343294,0.325161273,1.173425666,0.159988721,20,,0.141988548,0.127789693,0.812744724,5.961017223,-0.015059627,lost,-0.136343294,0.0
637,countdown,player_01201,opportunistic_player,0.083623876,0.461504567,1.0,0.083623876,20,,0.074215436,0.066793893,0.862828171,10.317964343,-0.020406659,lost,-0.083623876,0.0
637,countdown,player_01202,occasional_player,0.411887055,0.545128443,1.0,0.411887055,20,,0.36554605,0.328991445,0.550978151,1.337692321,-0.09511264,won,0.550978151,0.02899885
638,bootstrap,player_00844,occasional_player,0.136919894,0,1.5,0.205379841,0,,0.202227044,0.18200434,0.710221583,5.187132138,0.017263531,lost,-0.136919894,0.0
638,bootstrap,player_00545,occasional_player,0.226862999,0.136919894,1.360668808,0.308685406,10,,0.30394676,0.273552084,0.624775633,2.753977667,0.006104524,lost,-0.226862999,0.0
638,bootstrap,player_00808,occasional_player,0.027822637,0.363782893,1.129810521,0.031434308,20,,0.030951758,0.027856582,0.813863977,29.25186339,-0.004376124,lost,-0.027822637,0.0
638,bootstrap,player_01203,occasional_player,0.113983418,0.39160553,1.1014979,0.125552496,30,,0.123625133,0.11126262,0.732011235,6.422085314,-0.019855837,lost,-0.113983418,0.0
638,countdown,player_00998,occasional_player,0.053994171,0.505588948,1.0,0.053994171,30,,0.053165304,0.047848773,0.789001019,14.612707349,-0.013657885,lost,-0.053994171,0.0
638,countdown,player_01204,opportunistic_player,0.113122492,0.559583119,1.0,0.113122492,30,,0.111385943,0.100247348,0.732829114,6.478191043,-0.028318087,lost,-0.113122492,0.0
638,countdown,player_00885,occasional_player,0.177421667,0.672705611,1.0,0.177421667,30,,0.174698058,0.157228252,0.671744898,3.786149175,-0.043908692,won,0.671744898,0.035354995
639,bootstrap,player_00630,occasional_player,0.03359084,0,1.5,0.05038626,0,,0.04485267,0.040367403,0.829816365,24.703650319,0.001262666,lost,-0.03359084,0.0
639,bootstrap,player_00085,occasional_player,0.053169778,0.03359084,1.465814534,0.077937033,10,,0.069377723,0.062439951,0.811216374,15.257095378,0.000802451,lost,-0.053169778,0.0
639,bootstrap,player_00922,occasional_player,0.50793679,0.086760618,1.411703543,0.717056166,20,,0.638306621,0.574475959,0.379187713,0.746525395,0.001694909,lost,-0.50793679,0.0
639,countdown,player_01205,occasional_player,0.026238857,0.594697408,1.0,0.026238857,20,,0.023357217,0.021021495,0.836800749,31.891661635,-0.008096474,lost,-0.026238857,0.0
639,countdown,player_01206,occasional_player,0.075434476,0.620936265,1.0,0.075434476,20,,0.067150006,0.060435005,0.790064911,10.473525541,-0.023128016,lost,-0.075434476,0.0
639,countdown,player_01207,occasional_player,0.027520469,0.696370741,1.0,0.027520469,20,,0.024498078,0.02204827,0.835583218,30.362244834,-0.008490526,lost,-0.027520469,0.0
639,countdown,player_00418,occasional_player,0.126560788,0.72389121,1.0,0.126560788,20,,0.112661452,0.101395307,0.741494915,5.858804503,-0.038544014,won,0.741494915,0.039026048
639,countdown,player_00017,occasional_player,0.022238547,0.850451998,1.0,0.022238547,20,,0.019796234,0.017816611,0.840601044,37.799279046,-0.00686567,lost,-0.022238547,0.0
640,bootstrap,player_01208,player_whale,0.3593918,0,1.5,0.5390877,0,,0.37632878,0.338695902,0.871155931,2.423972755,0.057389674,lost,-0.3593918,0.0
640,bootstrap,player_00640,occasional_player,0.068893542,0.3593918,1.131125573,0.077927247,10,,0.054399805,0.048959825,1.147129277,16.650751918,-0.009357278,lost,-0.068893542,0.0
640,bootstrap,player_00298,occasional_player,0.024231034,0.428285342,1.060414261,0.025694934,20,,0.017937236,0.016143512,1.189558659,49.092360615,-0.004636205,lost,-0.024231034,0.0
640,countdown,player_01209,occasional_player,0.135502004,0.452516376,1.0,0.135502004,20,,0.094591852,0.085132667,1.083851238,7.998783824,-0.031695211,lost,-0.135502004,0.0
640,countdown,player_01210,player_whale,0.654279406,0.58801838,1.0,0.654279406,20,,0.456742327,0.411068095,0.591012706,0.903303238,-0.14237955,won,0.591012706,0.031105932
641,bootstrap,player_01211,occasional_player,0.14135011,0,1.5,0.212025165,0,,0.208672902,0.187805612,0.720312493,5.095945755,0.020474963,lost,-0.14135011,0.0
641,bootstrap,player_00066,opportunistic_player,0.118732934,0.14135011,1.351488361,0.160466178,10,,0.157929098,0.142136188,0.74179881,6.247624692,0.003579768,lost,-0.118732934,0.0
641,bootstrap,player_00224,occasional_player,0.087303495,0.260083044,1.226739802,0.107098672,20,,0.105405369,0.094864832,0.771656777,8.838784487,-0.005818373,lost,-0.087303495,0.0
641,bootstrap,player_00171,occasional_player,0.130355121,0.347386539,1.135013059,0.147954765,30,,0.145615499,0.131053949,0.730757733,5.605899691,-0.017502881,won,0.730757733,0.038460933
641,countdown,player_01212,occasional_player,0.128915889,0.47774166,1.0,0.128915889,30,,0.126877641,0.114189877,0.732125003,5.679090519,-0.030593736,lost,-0.128915889,0.0
641,countdown,player_01213,occasional_player,0.055988392,0.606657549,1.0,0.055988392,30,,0.055103177,0.04959286,0.801406125,14.313790707,-0.013467746,lost,-0.055988392,0.0
641,countdown,player_01214,occasional_player,0.069422038,0.662645941,1.0,0.069422038,30,,0.068324428,0.061491985,0.788644161,11.360141306,-0.016657844,lost,-0.069422038,0.0
641,countdown,player_00767,occasional_player,0.134193578,0.732067979,1.0,0.134193578,30,,0.132071886,0.118864697,0.727111198,5.418375523,-0.031814847,lost,-0.134193578,0.0
642,bootstrap,player_01215,opportunistic_player,0.046914013,0,1.5,0.070371019,0,,0.02893749,0.026043741,1.997467336,42.577200473,0.006329326,lost,-0.046914013,0.0
642,bootstrap,player_00088,opportunistic_player,0.196617221,0.046914013,1.450674552,0.285227599,10,,0.117289346,0.105560412,1.855249289,9.435843307,0.019978653,lost,-0.196617221,0.0
642,bootstrap,player_00787,occasional_player,0.834343934,0.243531234,1.243950978,1.037882953,20,,0.426791144,0.384112029,1.249408912,1.497474675,-0.0339494,lost,-0.834343934,0.0
642,countdown,player_01216,occasional_player,0.075445309,1.077875168,1.0,0.075445309,20,,0.031024105,0.027921695,1.970362605,26.116436282,-0.018322885,lost,-0.075445309,0.0
642,countdown,player_01217,opportunistic_player,0.443446654,1.153320477,1.0,0.443446654,20,,0.182351106,0.164115996,1.620761328,3.654918383,-0.104677106,won,1.620761328,0.085303228
642,countdown,player_00612,occasional_player,0.373917394,1.596767131,1.0,0.373917394,20,,0.153759759,0.138383783,1.686814125,4.511194589,-0.088745571,lost,-0.373917394,0.0
642,countdown,player_01218,occasional_player,0.145537773,1.970684525,1.0,0.145537773,20,,0.05984705,0.053862345,1.903774764,13.080966716,-0.035156995,lost,-0.145537773,0.0
643,bootstrap,player_00379,occasional_player,0.028112459,0,1.5,0.042168688,0,,0.022322256,0.02009003,1.664265427,59.20027938,0.005887464,lost,-0.028112459,0.0
643,bootstrap,player_01208,player_whale,0.207182449,0.028112459,1.470421823,0.304645594,10,,0.16126603,0.145139427,1.494148936,7.211754391,0.039747813,lost,-0.207182449,0.0
643,bootstrap,player_01219,occasional_player,0.013163565,0.235294908,1.252437367,0.016486541,20,,0.008727252,0.007854527,1.678466876,127.508534061,0.000123392,lost,-0.013163565,0.0
643,bootstrap,player_00799,occasional_player,0.115427945,0.248458473,1.238587484,0.142967608,30,,0.075680788,0.068112709,1.581315715,13.699591682,0.000141862,lost,-0.115427945,0.0
643,countdown,player_00429,occasional_player,0.670814018,0.363886418,1.0,0.670814018,30,,0.35509955,0.319589595,1.053698946,1.570776575,-0.119677618,lost,-0.670814018,0.0
643,countdown,player_00779,occasional_player,0.18459116,1.034700436,1.0,0.18459116,30,,0.097714473,0.087943025,1.515610661,8.210635119,-0.035070268,won,1.515610661,0.079768982
643,countdown,player_00404,opportunistic_player,0.405059371,1.219291596,1.0,0.405059371,30,,0.214420684,0.192978616,1.30616586,3.224628175,-0.074829495,lost,-0.405059371,0.0
643,countdown,player_01220,occasional_player,0.122354227,1.624350967,1.0,0.122354227,30,,0.064768967,0.05829207,1.574735747,12.87030114,-0.023427339,lost,-0.122354227,0.0
644,bootstrap,player_00689,opportunistic_player,0.043202986,0,1.5,0.064804479,0,,0.141470349,0.127323314,0.317537041,7.34988643,0.00272763,lost,-0.043202986,0.0
644,bootstrap,player_00892,occasional_player,0.065982756,0.043202986,1.453937123,0.095934778,10,,0.209428835,0.188485951,0.295896259,4.484448316,0.002226354,lost,-0.065982756,0.0
644,bootstrap,player_01221,opportunistic_player,0.045067315,0.109185742,1.383586533,0.06235453,20,,0.136122028,0.122509825,0.315765928,7.006539617,-0.000861697,lost,-0.045067315,0.0
644,bootstrap,player_00053,opportunistic_player,0.051895144,0.154253057,1.335535915,0.069307829,30,,0.151301313,0.136171182,0.30927949,5.959700014,-0.002713567,lost,-0.051895144,0.0
644,bootstrap,player_00584,occasional_player,0.031051441,0.206148201,1.280205489,0.039752225,40,,0.086780439,0.078102395,0.329081008,10.597930328,-0.002924234,lost,-0.031051441,0.0
644,bootstrap,player_00735,opportunistic_player,0.041945314,0.237199642,1.247098548,0.05230994,50,,0.114194352,0.102774917,0.318731829,7.598747,-0.004876751,lost,-0.041945314,0.0
644,countdown,player_01222,opportunistic_player,0.073614392,0.279144956,1.0,0.073614392,50,,0.160702684,0.144632416,0.288646205,3.921056698,-0.021219767,won,0.288646205,0.015191906
645,bootstrap,player_01223,player_whale,0.322457172,0,1.5,0.483685758,0,,0.444866171,0.400379554,0.581855523,1.804442803,0.039611142,won,0.581855523,0.030623975
645,bootstrap,player_01130,occasional_player,0.056869259,0.322457172,1.151563439,0.065488559,10,,0.060232587,0.054209328,0.834164041,14.6681011,-0.008566942,lost,-0.056869259,0.0
645,bootstrap,player_00833,occasional_player,0.164984143,0.379326431,1.090112397,0.17985126,20,,0.165416782,0.148875104,0.731454901,4.433486076,-0.031526688,lost,-0.164984143,0.0
645,countdown,player_01224,occasional_player,0.090287394,0.544310574,1.0,0.090287394,20,,0.08304112,0.074737008,0.802416812,8.88736264,-0.023569352,lost,-0.090287394,0.0
645,countdown,player_00700,occasional_player,0.114381208,0.634597968,1.0,0.114381208,20,,0.105201216,0.094681095,0.779527689,6.815172725,-0.029744935,lost,-0.114381208,0.0
645,countdown,player_00260,occasional_player,0.15356709,0.748979176,1.0,0.15356709,20,,0.141242123,0.127117911,0.742301101,4.833725123,-0.039686197,lost,-0.15356709,0.0
646,bootstrap,player_01225,occasional_player,0.09881789,0,1.5,0.148226835,0,,0.134755423,0.121279881,0.784270199,7.93652039,0.008282928,lost,-0.09881789,0.0
646,bootstrap,player_00856,occasional_player,0.071693209,0.09881789,1.393145857,0.099879097,10,,0.090801709,0.081721539,0.810038646,11.298680268,0.000363275,won,0.810038646,0.042633613
646,bootstrap,player_00064,occasional_player,0.413078496,0.170511099,1.315622278,0.543455272,20,,0.494064015,0.444657614,0.485722623,1.175860346,-0.013419735,lost,-0.413078496,0.0
646,countdown,player_01226,opportunistic_player,0.308408142,0.583589595,1.0,0.308408142,20,,0.280378852,0.252340966,0.58515946,1.897354122,-0.08292443,lost,-0.308408142,0.0
647,bootstrap,player_00239,occasional_player,0.05466049,0,1.5,0.081990735,0,,0.052646889,0.0473822,1.245745742,22.790606929,0.006955618,lost,-0.05466049,0.0
647,bootstrap,player_00490,opportunistic_player,0.047335666,0.05466049,1.440297247,0.068177429,10,,0.043777258,0.039399532,1.252704325,26.464280125,0.003885301,lost,-0.047335666,0.0
647,bootstrap,player_00926,occasional_player,0.451038136,0.101996156,1.38859501,0.626309305,20,,0.402158079,0.361942271,0.869186978,1.927080903,0.02680714,lost,-0.451038136,0.0
647,countdown,player_01227,occasional_player,0.106334148,0.553034292,1.0,0.106334148,20,,0.068277984,0.061450186,1.196655767,11.253729771,-0.026265176,lost,-0.106334148,0.0
647,countdown,player_01228,opportunistic_player,0.121207522,0.65936844,1.0,0.121207522,20,,0.077828293,0.070045464,1.182526062,9.756210194,-0.029886898,lost,-0.121207522,0.0
647,countdown,player_01171,occasional_player,0.194239217,0.780575962,1.0,0.194239217,20,,0.124722513,0.112250262,1.113145951,5.730799211,-0.04748489,lost,-0.194239217,0.0
647,countdown,player_00296,occasional_player,0.177278733,0.974815179,1.0,0.177278733,20,,0.113832054,0.102448849,1.129258411,6.369959849,-0.043425507,lost,-0.177278733,0.0
647,countdown,player_01229,occasional_player,0.18183385,1.152093912,1.0,0.18183385,20,,0.11675693,0.105081237,1.12493105,6.186587646,-0.044517378,won,1.12493105,0.059206897
648,bootstrap,player_00946,occasional_player,0.716722636,0,1.5,1.075083954,0,,0.556079268,0.500471341,0.84575294,1.180028225,0.065251611,won,0.84575294,0.044513313
648,countdown,player_01230,occasional_player,0.32887498,0.716722636,1.0,0.32887498,0,,0.170108165,0.153097348,1.214208213,3.692005434,-0.092633035,lost,-0.32887498,0.0
648,countdown,player_00757,occasional_player,0.027182118,1.045597616,1.0,0.027182118,0,,0.014059751,0.012653776,1.500816432,55.213373444,-0.007847167,lost,-0.027182118,0.0
648,countdown,player_01231,occasional_player,0.112410789,1.072779734,1.0,0.112410789,0,,0.058143654,0.052329288,1.419849195,12.630897864,-0.032228714,lost,-0.112410789,0.0
648,countdown,player_01232,player_whale,0.389776761,1.185190523,1.0,0.389776761,0,,0.201609163,0.181448247,1.156351521,2.966702064,-0.109234495,lost,-0.389776761,0.0
649,bootstrap,player_01233,occasional_player,0.087009138,0,1.5,0.130513707,0,,0.066790106,0.060111095,1.588459968,18.25624302,0.013705145,lost,-0.087009138,0.0
649,bootstrap,player_00768,occasional_player,0.453299369,0.087009138,1.404831345,0.636809162,10,,0.325885705,0.293297135,1.240484249,2.736567341,0.043482513,won,1.240484249,0.065288645
649,countdown,player_01234,occasional_player,0.197096773,0.540308507,1.0,0.197096773,10,,0.100863845,0.090777461,1.483876715,7.528670777,-0.044502268,lost,-0.197096773,0.0
649,countdown,player_01235,occasional_player,0.058056675,0.73740528,1.0,0.058056675,10,,0.029710377,0.02673934,1.615964808,27.834263815,-0.013294446,lost,-0.058056675,0.0
649,countdown,player_00211,occasional_player,0.510102089,0.795461955,1.0,0.510102089,10,,0.261043636,0.234939272,1.186521665,2.326047453,-0.111498539,lost,-0.510102089,0.0
649,countdown,player_01212,occasional_player,0.077998274,1.305564044,1.0,0.077998274,10,,0.039915447,0.035923903,1.597020289,20.475072168,-0.01782507,lost,-0.077998274,0.0
649,countdown,player_01236,occasional_player,0.343510755,1.383562318,1.0,0.343510755,10,,0.175790883,0.158211794,1.344783432,3.914821916,-0.076402702,lost,-0.343510755,0.0
650,bootstrap,player_00295,occasional_player,0.073186056,0,1.5,0.109779084,0,,0.195420977,0.175878879,0.347476281,4.74784815,0.000799564,won,0.347476281,0.018288225
650,bootstrap,player_00241,occasional_player,0.216506711,0.073186056,1.422735353,0.308031752,10,,0.548336383,0.493502744,0.211321658,0.976051308,-0.005372237,lost,-0.216506711,0.0
650,bootstrap,player_01237,opportunistic_player,0.120541403,0.289692767,1.194162922,0.143946074,20,,0.256242641,0.230618377,0.302488701,2.509417457,-0.022982887,lost,-0.120541403,0.0
651,bootstrap,player_00756,occasional_player,0.202624135,0,1.5,0.303936203,0,,0.410166349,0.369149715,0.385150742,1.900813753,0.014352793,lost,-0.202624135,0.0
651,bootstrap,player_01183,occasional_player,0.227265491,0.202624135,1.283186904,0.291624102,10,,0.393550989,0.35419589,0.361741454,1.591713078,-0.018641652,won,0.361741454,0.019039024
651,countdown,player_00444,occasional_player,0.01611983,0.429889626,1.0,0.01611983,10,,0.021753946,0.019578552,0.562329832,34.884352512,-0.004794623,lost,-0.01611983,0.0
651,countdown,player_00135,occasional_player,0.023759311,0.446009456,1.0,0.023759311,10,,0.032063538,0.028857184,0.555072325,23.362307316,-0.00705586,lost,-0.023759311,0.0
651,countdown,player_00445,occasional_player,0.027305385,0.469768767,1.0,0.027305385,10,,0.036849016,0.033164115,0.551703555,20.204935946,-0.008103066,lost,-0.027305385,0.0
651,countdown,player_01238,occasional_player,0.078262332,0.497074152,1.0,0.078262332,10,,0.105616161,0.095054545,0.503294455,6.430864535,-0.022982716,lost,-0.078262332,0.0
652,bootstrap,player_00659,occasional_player,0.028081513,0,1.5,0.042122269,0,,0.082053144,0.073847829,0.338516882,12.054794969,-0.001009017,lost,-0.028081513,0.0
652,bootstrap,player_00681,occasional_player,0.017923992,0.028081513,1.469931002,0.026347032,10,,0.05132337,0.046191033,0.348166527,19.424608457,-0.001013893,lost,-0.017923992,0.0
652,bootstrap,player_01101,occasional_player,0.281492651,0.046005505,1.45073843,0.408372206,20,,0.79549901,0.715949109,0.097776301,0.34734939,-0.009955383,lost,-0.281492651,0.0
652,bootstrap,player_00502,occasional_player,0.031768267,0.327498156,1.149322979,0.036511999,30,,0.071124476,0.064012028,0.335014465,10.54556943,-0.00828976,won,0.335014465,0.01763234
653,bootstrap,player_01239,occasional_player,0.165569527,0,1.5,0.24835429,0,,0.070134504,0.063121053,2.724047016,16.452586811,0.016826113,lost,-0.165569527,0.0
653,bootstrap,player_01240,player_whale,1.421834309,0.165569527,1.322054238,1.879742074,10,,0.530833503,0.477750152,1.530595473,1.076493557,-0.011310531,lost,-1.421834309,0.0
653,countdown,player_00706,opportunistic_player,0.360307547,1.587403836,1.0,0.360307547,10,,0.101749767,0.09157479,2.539045897,7.046885136,-0.094799865,won,2.539045897,0.133633995
653,countdown,player_01241,occasional_player,0.032138458,1.947711383,1.0,0.032138458,10,,0.009075804,0.008168223,2.850806532,88.703898981,-0.008589919,lost,-0.032138458,0.0
653,countdown,player_01242,player_whale,1.020571869,1.979849841,1.0,1.020571869,10,,0.288206423,0.259385781,1.911794791,1.873258366,-0.259957653,lost,-1.020571869,0.0
654,bootstrap,player_00733,occasional_player,0.0628725,0,1.5,0.09430875,0,,0.203081473,0.182773326,0.284379032,4.523106792,0.000595817,lost,-0.0628725,0.0
654,bootstrap,player_00996,occasional_player,0.024170742,0.0628725,1.43238048,0.034621699,10,,0.074553269,0.067097942,0.321145702,13.286547094,-0.001000719,lost,-0.024170742,0.0
654,bootstrap,player_00318,occasional_player,0.046705222,0.087043242,1.406384791,0.065685514,20,,0.141445104,0.127300594,0.299737946,6.417653809,-0.002602801,lost,-0.046705222,0.0
654,bootstrap,player_00221,opportunistic_player,0.16011228,0.133748464,1.356153216,0.217136783,30,,0.467575466,0.42081792,0.192001241,1.19916624,-0.011936601,won,0.192001241,0.010105328
654,bootstrap,player_00846,occasional_player,0.044661545,0.293860744,1.178552981,0.052635997,40,,0.113344688,0.102010219,0.301679439,6.754791824,-0.009331225,lost,-0.044661545,0.0
655,bootstrap,player_00844,occasional_player,0.092303587,0,1.5,0.138455381,0,,0.186929582,0.168236623,0.439328033,4.759598699,-0.002863678,lost,-0.092303587,0.0
655,bootstrap,player_00107,occasional_player,0.43105433,0.092303587,1.397101484,0.602226644,10,,0.813070418,0.731763377,0.117514827,0.272621845,-0.029631512,won,0.117514827,0.006184991
656,bootstrap,player_01243,occasional_player,0.082069217,0,1.5,0.123103825,0,,0.266250109,0.239625098,0.269963125,3.289456573,0.002286568,lost,-0.082069217,0.0
656,bootstrap,player_00065,occasional_player,0.036795959,0.082069217,1.408446503,0.05182514,10,,0.1120879,0.10087911,0.31297272,8.505627491,-0.001511606,lost,-0.036795959,0.0
656,bootstrap,player_00206,occasional_player,0.07507064,0.118865176,1.367398241,0.102651461,20,,0.222015544,0.19981399,0.276611773,3.684686496,-0.004799574,won,0.276611773,0.014558514
656,bootstrap,player_01105,occasional_player,0.095229542,0.193935816,1.283652108,0.122241602,30,,0.264385285,0.237946757,0.257460817,2.70358138,-0.011308015,lost,-0.095229542,0.0
656,bootstrap,player_01244,occasional_player,0.053115883,0.289165358,1.177417421,0.062539566,40,,0.135261161,0.121735045,0.297468793,5.60037367,-0.010437442,lost,-0.053115883,0.0
657,bootstrap,player_00004,persistent_player,0.33897609,0,1.5,0.508464135,0,,0.649320584,0.584388525,0.279098745,0.823358204,0.022219751,lost,-0.33897609,0.0
657,bootstrap,player_00599,occasional_player,0.100093799,0.33897609,1.121648085,0.112270018,10,,0.143371437,0.129034293,0.506036921,5.055627085,-0.02188215,lost,-0.100093799,0.0
657,countdown,player_01245,opportunistic_player,0.162336872,0.439069889,1.0,0.162336872,10,,0.20730798,0.186577182,0.446906002,2.752954375,-0.048666054,won,0.446906002,0.023521369
658,bootstrap,player_00208,opportunistic_player,0.342390048,0,1.5,0.513585072,0,,0.43578605,0.392207445,0.653875052,1.909737317,0.048352541,won,0.653875052,0.034414476
658,bootstrap,player_00373,occasional_player,0.067931189,0.342390048,1.117569857,0.075917849,10,,0.064417642,0.057975878,0.914610968,13.463785653,-0.010967445,lost,-0.067931189,0.0
658,countdown,player_01246,opportunistic_player,0.044457299,0.410321237,1.0,0.044457299,10,,0.037722807,0.033950527,0.936911163,21.074405878,-0.011139323,lost,-0.044457299,0.0
658,countdown,player_01247,opportunistic_player,0.112440968,0.454778536,1.0,0.112440968,10,,0.095408157,0.085867341,0.872326678,7.758085806,-0.027881588,lost,-0.112440968,0.0
658,countdown,player_01248,occasional_player,0.302382916,0.567219504,1.0,0.302382916,10,,0.256577272,0.230919544,0.691881827,2.288098271,-0.072787754,lost,-0.302382916,0.0
658,countdown,player_01249,occasional_player,0.036199018,0.86960242,1.0,0.036199018,10,,0.030715509,0.027643958,0.94475653,26.098954682,-0.009081524,lost,-0.036199018,0.0
658,countdown,player_01250,occasional_player,0.093542607,0.905801438,1.0,0.093542607,10,,0.079372562,0.071435306,0.890280121,9.51737555,-0.023262929,lost,-0.093542607,0.0
659,bootstrap,player_00557,occasional_player,0.183064425,0,1.5,0.274596638,0,,0.33145589,0.298310301,0.510115426,2.786534993,0.023718265,won,0.510115426,0.02684818
659,bootstrap,player_01251,occasional_player,0.163320248,0.183064425,1.292706967,0.211125222,10,,0.254841789,0.22935761,0.528872394,3.238253681,-0.004560598,lost,-0.163320248,0.0
659,countdown,player_01011,occasional_player,0.038483103,0.346384673,1.0,0.038483103,30,,0.046451593,0.041806433,0.647467682,16.82472648,-0.009805947,lost,-0.038483103,0.0
659,countdown,player_01252,occasional_player,0.185094907,0.384867776,1.0,0.185094907,30,,0.223421516,0.201079364,0.508186468,2.745545388,-0.045690329,lost,-0.185094907,0.0
659,countdown,player_01253,occasional_player,0.119156182,0.569962683,1.0,0.119156182,30,,0.143829213,0.129446292,0.570828257,4.790588683,-0.029840255,lost,-0.119156182,0.0
660,bootstrap,player_00132,player_whale,0.418817934,0,1.5,0.628226901,0,,0.499701675,0.449731508,0.611970383,1.461184762,0.04476005,won,0.611970383,0.032208968
660,bootstrap,player_01070,occasional_player,0.61328041,0.418817934,1.025594492,0.628977011,10,,0.500298325,0.450268492,0.427231031,0.696632444,-0.144770892,lost,-0.61328041,0.0
661,bootstrap,player_00392,occasional_player,0.152428493,0,1.5,0.228642739,0,,0.383279971,0.344951974,0.297533813,1.951956664,0.002786893,won,0.297533813,0.015659674
661,bootstrap,player_00969,occasional_player,0.260276008,0.152428493,1.327219502,0.345443394,10,,0.57907605,0.521168445,0.195078673,0.749506937,-0.022959517,lost,-0.260276008,0.0
661,countdown,player_00116,occasional_player,0.022456228,0.412704501,1.0,0.022456228,10,,0.037643979,0.033879581,0.421007464,18.747915475,-0.007431864,lost,-0.022456228,0.0
662,bootstrap,player_01096,player_whale,0.414840348,0,1.5,0.622260522,0,,0.506150175,0.455535157,0.605684951,1.460043494,0.050044805,won,0.605684951,0.031878155
662,bootstrap,player_00369,occasional_player,0.014649464,0.414840348,1.029445893,0.015080831,10,,0.012266832,0.011040149,0.985866291,67.297089579,-0.003603621,lost,-0.014649464,0.0
662,countdown,player_00034,occasional_player,0.039218564,0.429489812,1.0,0.039218564,10,,0.031900598,0.028710539,0.962525646,24.54260299,-0.010457948,lost,-0.039218564,0.0
662,countdown,player_01254,occasional_player,0.043582558,0.468708376,1.0,0.043582558,10,,0.035450295,0.031905266,0.958379852,21.989986265,-0.011614681,lost,-0.043582558,0.0
662,countdown,player_01255,opportunistic_player,0.120018081,0.512290934,1.0,0.120018081,10,,0.097623376,0.087861038,0.885766105,7.380272185,-0.031648838,lost,-0.120018081,0.0
662,countdown,player_01256,occasional_player,0.272852891,0.632309015,1.0,0.272852891,10,,0.221940061,0.199746055,0.740573035,2.714184309,-0.07042506,lost,-0.272852891,0.0
662,countdown,player_00168,opportunistic_player,0.11638556,0.905161906,1.0,0.11638556,10,,0.094668663,0.085201796,0.889217,7.640269118,-0.030706415,lost,-0.11638556,0.0
663,bootstrap,player_01099,occasional_player,1.215783568,0,1.5,1.823675352,0,,1.0,0.9,0.02929267,0.024093655,-0.095214954,won,0.02929267,0.001541719
664,bootstrap,player_00992,occasional_player,0.486071227,0,1.5,0.72910684,0,,0.632316868,0.569085182,0.432228202,0.889228118,0.036519371,won,0.432228202,0.022748853
664,countdown,player_00427,occasional_player,0.050608932,0.486071227,1.0,0.050608932,0,,0.043890524,0.039501472,0.845917383,16.714784314,-0.015194823,lost,-0.050608932,0.0
664,countdown,player_01257,occasional_player,0.128367888,0.536680159,1.0,0.128367888,0,,0.111326868,0.100194181,0.772046375,6.014326375,-0.038151618,lost,-0.128367888,0.0
664,countdown,player_01258,occasional_player,0.164656304,0.665048047,1.0,0.164656304,0,,0.142797945,0.128518151,0.737572379,4.479466388,-0.048703542,lost,-0.164656304,0.0
664,countdown,player_01259,occasional_player,0.080331979,0.829704351,1.0,0.080331979,0,,0.069667794,0.062701015,0.817680488,10.17876689,-0.024025686,lost,-0.080331979,0.0
665,bootstrap,player_00642,occasional_player,0.064854237,0,1.5,0.097281355,0,,0.088355711,0.079520139,0.828775182,12.779044523,0.006207299,lost,-0.064854237,0.0
665,bootstrap,player_00469,occasional_player,0.020487148,0.064854237,1.427406394,0.029243486,10,,0.026560372,0.023904335,0.870923917,42.510744623,0.000821441,lost,-0.020487148,0.0
665,bootstrap,player_00922,occasional_player,0.38038349,0.085341385,1.404474416,0.53423888,20,,0.485222023,0.43669982,0.529022392,1.390760655,0.016753895,lost,-0.38038349,0.0
665,countdown,player_01260,occasional_player,0.148058174,0.465724875,1.0,0.148058174,20,,0.134473715,0.121026343,0.749731442,5.063762585,-0.03940198,won,0.749731442,0.03945955
665,countdown,player_01114,occasional_player,0.042909637,0.613783049,1.0,0.042909637,20,,0.038972642,0.035075378,0.849622552,19.800273587,-0.011603733,lost,-0.042909637,0.0
665,countdown,player_01052,occasional_player,0.169463116,0.656692686,1.0,0.169463116,20,,0.153914735,0.138523262,0.729396747,4.304162252,-0.044950116,lost,-0.169463116,0.0
665,countdown,player_01261,occasional_player,0.079824793,0.826155802,1.0,0.079824793,20,,0.072500802,0.065250722,0.814553154,10.204262652,-0.021465986,lost,-0.079824793,0.0
666,bootstrap,player_00335,player_whale,0.426828608,0,1.5,0.640242912,0,,0.676547992,0.608893193,0.320263575,0.750332965,0.028070737,lost,-0.426828608,0.0
666,bootstrap,player_01183,occasional_player,0.010135455,0.426828608,1.021901205,0.010357434,10,,0.010944754,0.009850279,0.71612207,70.655147724,-0.002981616,lost,-0.010135455,0.0
666,countdown,player_01088,occasional_player,0.039443044,0.436964063,1.0,0.039443044,10,,0.041679668,0.037511701,0.688279861,17.449968129,-0.01214492,lost,-0.039443044,0.0
666,countdown,player_01262,occasional_player,0.112390246,0.476407107,1.0,0.112390246,10,,0.118763353,0.106887018,0.618980019,5.507417599,-0.034216259,lost,-0.112390246,0.0
666,countdown,player_00360,occasional_player,0.143904125,0.588797353,1.0,0.143904125,10,,0.152064232,0.136857809,0.589041834,4.093293599,-0.043594747,won,0.589041834,0.031002202
667,bootstrap,player_00235,opportunistic_player,0.15808954,0,1.5,0.23713431,0,,0.121939564,0.109745608,1.291475387,8.169265259,0.000993844,lost,-0.15808954,0.0
667,bootstrap,player_00734,occasional_player,1.148185415,0.15808954,1.331835012,1.529193536,20,,0.786344219,0.707709797,0.350884306,0.305598992,-0.087279088,won,0.350884306,0.018467595
667,countdown,player_00840,occasional_player,0.070751449,1.306274955,1.0,0.070751449,20,,0.036381917,0.032743726,1.374446573,19.426408828,-0.023430281,lost,-0.070751449,0.0
667,countdown,player_00045,opportunistic_player,0.107607904,1.377026404,1.0,0.107607904,20,,0.0553343,0.04980087,1.339432941,12.447347187,-0.035544012,lost,-0.107607904,0.0
668,bootstrap,player_01260,occasional_player,0.197099404,0,1.5,0.295649106,0,,0.210248077,0.189223269,1.027988177,5.21558237,0.034715673,lost,-0.197099404,0.0
668,bootstrap,player_01263,occasional_player,0.022714549,0.197099404,1.297998389,0.029483448,10,,0.020966876,0.018870189,1.193653789,52.550186615,0.000238551,lost,-0.022714549,0.0
668,bootstrap,player_01162,occasional_player,0.203231443,0.219813953,1.274718889,0.259062959,20,,0.184230183,0.165807165,1.02216274,5.029550174,-5.2308e-05,lost,-0.203231443,0.0
668,countdown,player_01264,opportunistic_player,0.36656939,0.423045396,1.0,0.36656939,20,,0.260682369,0.234614132,0.86699169,2.365150265,-0.077158528,lost,-0.36656939,0.0
668,countdown,player_01265,occasional_player,0.162221056,0.789614786,1.0,0.162221056,20,,0.115361976,0.103825778,1.061122607,6.541213782,-0.035206448,won,1.061122607,0.055848558
668,countdown,player_01266,opportunistic_player,0.293205765,0.951835842,1.0,0.293205765,20,,0.208510518,0.187659466,0.936687134,3.194640916,-0.06240472,lost,-0.293205765,0.0
669,bootstrap,player_01267,opportunistic_player,0.168791416,0,1.5,0.253187124,0,,0.245464776,0.220918298,0.719257386,4.261220168,0.027394814,lost,-0.168791416,0.0
669,bootstrap,player_00574,opportunistic_player,0.043136775,0.168791416,1.326889269,0.057237724,10,,0.055491942,0.049942747,0.838629295,19.441168123,0.000901045,lost,-0.043136775,0.0
669,bootstrap,player_00567,occasional_player,0.038071322,0.211928191,1.282648638,0.048832129,20,,0.047342722,0.04260845,0.843441475,22.154247111,-0.000511428,lost,-0.038071322,0.0
669,bootstrap,player_00348,occasional_player,0.105273849,0.249999513,1.243603084,0.130918883,30,,0.126925784,0.114233206,0.779599075,7.405439073,-0.004191978,lost,-0.105273849,0.0
669,bootstrap,player_00284,occasional_player,0.035240559,0.355273362,1.135635312,0.040020423,40,,0.038799778,0.0349198,0.8461307,24.010138439,-0.004463251,won,0.8461307,0.044533195
669,countdown,player_01268,occasional_player,0.050194982,0.390513921,1.0,0.050194982,40,,0.048664007,0.043797606,0.831923998,16.573847928,-0.011560282,lost,-0.050194982,0.0
669,countdown,player_01100,occasional_player,0.06826905,0.440708903,1.0,0.06826905,40,,0.066186806,0.059568125,0.814753634,11.934451026,-0.015669044,lost,-0.06826905,0.0
669,countdown,player_01269,occasional_player,0.347913062,0.508977953,1.0,0.347913062,40,,0.33730152,0.303571368,0.549091822,1.578244344,-0.075608062,lost,-0.347913062,0.0
669,countdown,player_01270,occasional_player,0.03488673,0.856891015,1.0,0.03488673,40,,0.033822665,0.030440399,0.846466838,24.263289733,-0.008057976,lost,-0.03488673,0.0
670,bootstrap,player_00369,occasional_player,0.180179951,0,1.5,0.270269927,0,,0.157450212,0.14170519,1.295639425,7.190807953,0.028951315,lost,-0.180179951,0.0
670,bootstrap,player_00661,occasional_player,0.034181913,0.180179951,1.315079861,0.044951945,10,,0.026187498,0.023568748,1.434337561,41.961886708,0.000429253,lost,-0.034181913,0.0
670,bootstrap,player_00349,occasional_player,0.133096482,0.214361864,1.279998687,0.170363322,20,,0.099247968,0.089323171,1.34036872,10.070654762,-0.001481897,lost,-0.133096482,0.0
670,bootstrap,player_00740,occasional_player,0.477732782,0.347458346,1.143400693,0.546239994,30,,0.318221134,0.286399021,1.012964235,2.120357391,-0.050798616,won,1.012964235,0.053313907
670,countdown,player_01271,occasional_player,0.196654799,0.825191128,1.0,0.196654799,30,,0.114564502,0.103108052,1.279988319,6.50880795,-0.044401003,lost,-0.196654799,0.0
670,countdown,player_00973,occasional_player,0.156130138,1.021845927,1.0,0.156130138,30,,0.090956192,0.081860572,1.318486747,8.444793324,-0.035417156,lost,-0.156130138,0.0
670,countdown,player_01272,player_whale,0.331932039,1.177976065,1.0,0.331932039,30,,0.193372494,0.174035244,1.151474941,3.469008127,-0.073766943,lost,-0.331932039,0.0
671,bootstrap,player_01273,occasional_player,0.058691242,0,1.5,0.088036863,0,,0.1421951,0.12797559,0.408967712,6.968121616,0.001157689,lost,-0.058691242,0.0
671,bootstrap,player_01179,occasional_player,0.010953185,0.058691242,1.43972251,0.015769547,10,,0.025470607,0.022923546,0.454318866,41.478242741,-0.0002875,lost,-0.010953185,0.0
671,bootstrap,player_01186,occasional_player,0.210751571,0.069644427,1.428473293,0.301052991,20,,0.486253812,0.437628431,0.2645104,1.255081508,-0.00276342,won,0.2645104,0.0139216
671,bootstrap,player_01274,opportunistic_player,0.176784909,0.280395998,1.21202574,0.21426786,30,,0.346080481,0.311472432,0.296778728,1.67875601,-0.029282891,lost,-0.176784909,0.0
672,bootstrap,player_00993,occasional_player,0.476766265,0,1.5,0.715149398,0,,0.578742593,0.520868333,0.526091351,1.103457585,0.04559051,lost,-0.476766265,0.0
672,bootstrap,player_01064,opportunistic_player,0.292744473,0.476766265,1.000615239,0.292924581,10,,0.23705247,0.213347223,0.700912054,2.394279374,-0.080750612,lost,-0.292744473,0.0
672,countdown,player_00449,occasional_player,0.024637018,0.769510738,1.0,0.024637018,10,,0.01993778,0.017944002,0.955614136,38.787735426,-0.007047389,lost,-0.024637018,0.0
672,countdown,player_01275,occasional_player,0.04271878,0.794147756,1.0,0.04271878,10,,0.034570647,0.031113582,0.938436462,21.967773002,-0.012191526,won,0.938436462,0.049391393
672,countdown,player_00041,occasional_player,0.010511153,0.836866536,1.0,0.010511153,10,,0.008506267,0.007655641,0.969033708,92.191000132,-0.00301211,lost,-0.010511153,0.0
672,countdown,player_01276,opportunistic_player,0.149754191,0.847377689,1.0,0.149754191,10,,0.121190242,0.109071218,0.836752822,5.587508543,-0.04215467,lost,-0.149754191,0.0
673,bootstrap,player_00347,opportunistic_player,0.130781695,0.025923553,1.472522377,0.192578972,20,,0.137506409,0.123755768,1.105788441,8.455223347,0.022250992,won,1.105788441,0.058199392
673,bootstrap,player_00672,occasional_player,0.201815033,0.130781695,1.346766197,0.271797665,30,,0.194070622,0.17466356,1.03830677,5.144843545,0.014789056,lost,-0.201815033,0.0
673,bootstrap,player_01277,occasional_player,0.034734459,0.332596728,1.110304321,0.03856582,40,,0.027537001,0.024783301,1.197033315,34.462414259,-0.004207187,lost,-0.034734459,0.0
673,countdown,player_00394,opportunistic_player,0.20954903,0.367331187,1.0,0.20954903,40,,0.149623473,0.134661126,1.030959473,4.919896182,-0.042500759,lost,-0.20954903,0.0
673,countdown,player_00079,occasional_player,0.376989913,0.576880217,1.0,0.376989913,40,,0.269180631,0.242262568,0.871890634,2.312769132,-0.074432905,lost,-0.376989913,0.0
673,countdown,player_01278,occasional_player,0.026463783,0.95387013,1.0,0.026463783,40,,0.018895831,0.017006248,1.204890457,45.529789045,-0.005523067,lost,-0.026463783,0.0
673,countdown,player_01279,occasional_player,0.090841995,0.980333913,1.0,0.090841995,40,,0.064863554,0.058377198,1.143731156,12.590335075,-0.018771073,lost,-0.090841995,0.0
673,countdown,player_01280,occasional_player,0.193721886,1.071175908,1.0,0.193721886,40,,0.138322479,0.124490231,1.045995259,5.399468698,-0.039389212,lost,-0.193721886,0.0
673,bootstrap,player_00480,occasional_player,0.025923553,0,1.5,0.038885329,10,30,0.0,0.0,0.0,0.0,0.0,pending_withdrawn,0.0,0.0
674,bootstrap,player_00348,occasional_player,0.105849115,0,1.5,0.158773672,0,,0.233482167,0.21013395,0.431631293,4.077797841,0.007093766,lost,-0.105849115,0.0
674,bootstrap,player_00907,occasional_player,0.220652919,0.105849115,1.375073831,0.303414055,10,,0.446180844,0.40156276,0.322567679,1.46187814,-0.002515757,lost,-0.220652919,0.0
674,bootstrap,player_00019,opportunistic_player,0.120333327,0.326502034,1.114652912,0.134129893,20,,0.197242639,0.177518375,0.417871291,3.472614791,-0.024792118,won,0.417871291,0.021993226
674,countdown,player_00925,occasional_player,0.083707215,0.446835361,1.0,0.083707215,20,,0.12309435,0.110784915,0.452666098,5.407730954,-0.024285143,lost,-0.083707215,0.0
675,bootstrap,player_00341,occasional_player,0.055372265,0,1.5,0.083058397,0,,0.040873975,0.036786578,1.767213711,31.915142188,0.011674436,lost,-0.055372265,0.0
675,bootstrap,player_00925,occasional_player,0.114058868,0.055372265,1.433677004,0.163523576,10,,0.080471799,0.072424619,1.711461438,15.005071223,0.018153745,lost,-0.114058868,0.0
675,bootstrap,player_01203,occasional_player,0.08791264,0.169431133,1.297061213,0.114028075,20,,0.056114504,0.050503053,1.736300355,19.750292501,0.004215686,lost,-0.08791264,0.0
675,bootstrap,player_00188,occasional_player,0.221201894,0.257343773,1.191762475,0.263620117,30,,0.129730438,0.116757394,1.609675563,7.276951992,-0.007433414,lost,-0.221201894,0.0
675,countdown,player_01281,occasional_player,0.258824555,0.478545667,1.0,0.258824555,30,,0.127370487,0.114633439,1.573934035,6.081084676,-0.048729135,lost,-0.258824555,0.0
675,countdown,player_00296,occasional_player,0.151680437,0.737370222,1.0,0.151680437,30,,0.074643657,0.067179291,1.675720947,11.047706484,-0.028916908,lost,-0.151680437,0.0
675,countdown,player_01282,occasional_player,0.712146124,0.889050659,1.0,0.712146124,30,,0.350455153,0.315409637,1.143278545,1.605398817,-0.126927302,lost,-0.712146124,0.0
675,countdown,player_01283,occasional_player,0.173926141,1.601196783,1.0,0.173926141,30,,0.085591019,0.077031917,1.654587529,9.513161846,-0.033072228,lost,-0.173926141,0.0
675,countdown,player_01284,occasional_player,0.111253224,1.775122924,1.0,0.111253224,30,,0.054748968,0.049274072,1.7141268,15.407434842,-0.021309318,won,1.7141268,0.0902172
676,bootstrap,player_00797,opportunistic_player,0.323638836,0,1.5,0.485458254,0,,0.584101253,0.525691128,0.350238791,1.082190245,0.030612654,won,0.350238791,0.018433621
676,bootstrap,player_01205,occasional_player,0.020363112,0.323638836,1.109150989,0.022585766,10,,0.027175095,0.024457586,0.638350729,31.348387661,-0.004252562,lost,-0.020363112,0.0
676,bootstrap,player_01071,occasional_player,0.044325646,0.344001948,1.084559063,0.048073781,20,,0.057842164,0.052057947,0.615586322,13.887813878,-0.009971984,lost,-0.044325646,0.0
676,countdown,player_01285,occasional_player,0.275002234,0.388327594,1.0,0.275002234,20,,0.330881488,0.297793339,0.396443563,1.441601246,-0.075050148,lost,-0.275002234,0.0
677,bootstrap,player_00669,occasional_player,0.101068154,0,1.5,0.151602231,0,,0.146085022,0.131476519,0.766987958,7.588819298,0.013060842,lost,-0.101068154,0.0
677,bootstrap,player_00919,occasional_player,0.285214059,0.101068154,1.377857492,0.392984328,10,,0.378682581,0.340814323,0.592049348,2.075807027,0.013769875,won,0.592049348,0.031160492
677,countdown,player_00100,occasional_player,0.228164045,0.386282213,1.0,0.228164045,10,,0.219860547,0.197874492,0.646246861,2.832378174,-0.055140431,lost,-0.228164045,0.0
677,countdown,player_01286,opportunistic_player,0.137096413,0.614446258,1.0,0.137096413,10,,0.132107109,0.118896398,0.732761111,5.344859836,-0.033673486,lost,-0.137096413,0.0
677,countdown,player_01287,occasional_player,0.127920095,0.751542671,1.0,0.127920095,10,,0.123264742,0.110938268,0.741478614,5.796420129,-0.031470508,lost,-0.127920095,0.0
678,bootstrap,player_01288,occasional_player,0.182867181,0,1.5,0.274300771,0,,0.216105258,0.194494732,0.94515336,5.168523704,0.036526872,lost,-0.182867181,0.0
678,bootstrap,player_00742,occasional_player,0.054883065,0.182867181,1.235881299,0.067828954,10,,0.053438397,0.048094558,1.06673827,19.436565176,-0.000939183,lost,-0.054883065,0.0
678,bootstrap,player_01289,occasional_player,0.072665728,0.237750246,1.156612599,0.084046096,20,,0.066214919,0.059593427,1.04984474,14.447591305,-0.005771482,lost,-0.072665728,0.0
678,countdown,player_00401,occasional_player,0.052343913,0.310415974,1.0,0.052343913,20,,0.041238655,0.037114789,1.069150464,20.425497503,-0.010719885,lost,-0.052343913,0.0
678,countdown,player_00790,occasional_player,0.181771309,0.362759887,1.0,0.181771309,20,,0.1432068,0.12888612,0.946194438,5.205411367,-0.03639218,lost,-0.181771309,0.0
678,countdown,player_00016,occasional_player,0.021686033,0.544531196,1.0,0.021686033,20,,0.017085135,0.015376622,1.09827545,50.644368673,-0.004464809,lost,-0.021686033,0.0
678,countdown,player_01161,occasional_player,0.546059119,0.566217229,1.0,0.546059119,20,,0.430207493,0.387186743,0.600121019,1.099003748,-0.102273364,won,0.600121019,0.031585317
678,countdown,player_00829,occasional_player,0.041256247,1.112276348,1.0,0.041256247,20,,0.032503343,0.029253008,1.079683747,26.170188166,-0.00846538,lost,-0.041256247,0.0
679,bootstrap,player_00211,occasional_player,0.149339258,0,1.5,0.224008887,0,,0.394643821,0.355179439,0.308062854,2.062839053,0.013120568,won,0.308062854,0.016213834
679,bootstrap,player_01074,occasional_player,0.133413177,0.149339258,1.283373256,0.171218903,10,,0.301641971,0.271477774,0.32319263,2.422494072,-0.009454849,lost,-0.133413177,0.0
679,bootstrap,player_00763,occasional_player,0.062996359,0.282752435,1.089848376,0.06865648,20,,0.120954378,0.10885894,0.390088608,6.192240532,-0.01367401,lost,-0.062996359,0.0
679,countdown,player_01290,occasional_player,0.103738672,0.345748794,1.0,0.103738672,20,,0.182759829,0.164483846,0.35138341,3.387197883,-0.028878441,lost,-0.103738672,0.0
680,bootstrap,player_00965,opportunistic_player,0.213401829,0,1.5,0.320102744,0,,0.318033315,0.286229983,0.652588285,3.058025736,0.034470507,lost,-0.213401829,0.0
680,bootstrap,player_01221,opportunistic_player,0.123959691,0.213401829,1.190229304,0.147540457,10,,0.146586624,0.131927962,0.737558316,5.949985114,-0.010301376,lost,-0.123959691,0.0
680,countdown,player_00271,occasional_player,0.031708493,0.33736152,1.0,0.031708493,10,,0.031503501,0.028353151,0.825196954,26.024477238,-0.007412523,lost,-0.031708493,0.0
680,countdown,player_01291,occasional_player,0.314829692,0.369070013,1.0,0.314829692,10,,0.312794353,0.281514917,0.556231815,1.766770509,-0.069612884,lost,-0.314829692,0.0
680,countdown,player_00978,opportunistic_player,0.086180628,0.683899705,1.0,0.086180628,10,,0.08562348,0.077061132,0.773448426,8.974736481,-0.01993664,won,0.773448426,0.040707812
680,countdown,player_01292,opportunistic_player,0.106144943,0.770080333,1.0,0.106144943,10,,0.105458728,0.094912855,0.754482327,7.108038362,-0.024460352,lost,-0.106144943,0.0
681,bootstrap,player_01293,occasional_player,0.101889277,0,1.5,0.152833916,0,,0.288417515,0.259575764,0.298452654,2.929186102,0.002029786,lost,-0.101889277,0.0
681,bootstrap,player_00644,occasional_player,0.021560213,0.101889277,1.355449293,0.029223775,10,,0.055149072,0.049634164,0.374765265,17.38226171,-0.001888929,lost,-0.021560213,0.0
681,bootstrap,player_00040,occasional_player,0.020272736,0.12344949,1.324861737,0.026858572,20,,0.050685625,0.045617063,0.375988368,18.546503444,-0.002196468,lost,-0.020272736,0.0
681,bootstrap,player_01294,occasional_player,0.247657333,0.143722226,1.296100729,0.32098885,30,,0.605747788,0.545173009,0.159973001,0.645944939,-0.025428277,won,0.159973001,0.008419632
682,bootstrap,player_00595,occasional_player,0.040951068,0,1.5,0.061426602,0,,0.067451926,0.060706733,0.724097706,17.682022496,0.005492544,lost,-0.040951068,0.0
682,bootstrap,player_01295,player_whale,0.246201018,0.040951068,1.441520547,0.354903826,10,,0.389716276,0.350744649,0.529110253,2.149098559,0.025735262,lost,-0.246201018,0.0
682,bootstrap,player_00868,occasional_player,0.031622483,0.287152086,1.089937507,0.03446653,20,,0.037847346,0.034062611,0.732959861,23.178441155,-0.005578812,won,0.732959861,0.038576835
682,countdown,player_01296,occasional_player,0.09985824,0.318774569,1.0,0.09985824,20,,0.109653316,0.098687985,0.668135892,6.690843863,-0.024066447,lost,-0.09985824,0.0
682,countdown,player_01297,occasional_player,0.314025753,0.418632809,1.0,0.314025753,20,,0.344828481,0.310345633,0.464676755,1.479740914,-0.07235883,lost,-0.314025753,0.0
682,countdown,player_01298,occasional_player,0.04599137,0.732658562,1.0,0.04599137,20,,0.050502655,0.045452389,0.719309419,15.640095495,-0.011206621,lost,-0.04599137,0.0
683,bootstrap,player_00920,opportunistic_player,0.041908392,0,1.5,0.062862588,0,,0.05967012,0.053703108,0.891596945,21.274902285,0.008223746,lost,-0.041908392,0.0
683,bootstrap,player_00135,occasional_player,0.021049032,0.041908392,1.440111535,0.030312954,10,,0.028773515,0.025896163,0.911413337,43.299536849,0.003098166,lost,-0.021049032,0.0
683,bootstrap,player_01299,occasional_player,0.055051887,0.062957424,1.410031779,0.07762491,20,,0.184137957,0.165724161,0.768564078,4.483601649,-0.015639152,lost,-0.055051887,0.0
683,bootstrap,player_00341,occasional_player,0.043255582,0.118009311,1.331360829,0.057588787,30,,0.054664149,0.049197734,0.890317114,20.582710325,0.002674079,lost,-0.043255582,0.0
683,bootstrap,player_00781,occasional_player,0.04599386,0.161264893,1.269547185,0.058391375,40,,0.055425977,0.04988338,0.88771575,19.300744711,0.000582731,lost,-0.04599386,0.0
683,bootstrap,player_00344,occasional_player,0.088512636,0.207258753,1.203820452,0.106553321,50,,0.101142026,0.091027823,0.847322913,9.572903387,-0.003325563,lost,-0.088512636,0.0
683,countdown,player_00975,occasional_player,0.493469728,0.295771389,1.0,0.493469728,50,,0.468408938,0.421568044,0.462613676,0.937471235,-0.090415518,won,0.462613676,0.024348088
683,countdown,player_01299,occasional_player,0.116364786,0.789241117,1.0,0.116364786,50,,0.184137957,0.165724161,0.768564078,4.483601649,-0.015639152,lost,-0.116364786,0.0
683,countdown,player_00941,occasional_player,0.050333498,0.905605903,1.0,0.050333498,50,,0.047777318,0.042999587,0.883593094,17.554772252,-0.010175041,lost,-0.050333498,0.0
684,bootstrap,player_00007,persistent_player,0.377790048,0,1.5,0.566685072,0,,0.582261777,0.524035599,0.411562577,1.089394968,0.035858828,won,0.411562577,0.021661188
684,bootstrap,player_00843,occasional_player,0.018318661,0.377790048,1.006120214,0.018430775,10,,0.018937389,0.01704365,0.753060395,41.108921385,-0.005171546,lost,-0.018318661,0.0
684,countdown,player_01172,occasional_player,0.202793637,0.396108709,1.0,0.202793637,10,,0.208367909,0.187531118,0.577809168,2.849247029,-0.05640632,lost,-0.202793637,0.0
684,countdown,player_01300,occasional_player,0.185338451,0.598902346,1.0,0.185338451,10,,0.190432925,0.171389632,0.594391594,3.207060333,-0.051700805,lost,-0.185338451,0.0
685,bootstrap,player_01301,occasional_player,0.101924436,0,1.5,0.152886654,0,,0.072546354,0.065291719,1.780273761,17.466603999,0.020967519,lost,-0.101924436,0.0
685,bootstrap,player_01144,occasional_player,0.292719691,0.101924436,1.366662236,0.400048947,10,,0.189827508,0.170844757,1.599018269,5.462626254,0.030473821,won,1.599018269,0.084158856
685,countdown,player_01302,occasional_player,0.14428325,0.394644127,1.0,0.14428325,10,,0.068463947,0.061617552,1.740032888,12.059839851,-0.028176302,lost,-0.14428325,0.0
685,countdown,player_01303,occasional_player,0.107843918,0.538927377,1.0,0.107843918,10,,0.051173094,0.046055784,1.774650254,16.455728672,-0.021144173,lost,-0.107843918,0.0
685,countdown,player_01304,player_whale,1.111453874,0.646771295,1.0,1.111453874,10,,0.527396761,0.474657085,0.821220795,0.738870784,-0.194096149,lost,-1.111453874,0.0
685,countdown,player_00884,occasional_player,0.057575901,1.758225169,1.0,0.057575901,10,,0.027320381,0.024588343,1.82240487,31.652216258,-0.011350289,lost,-0.057575901,0.0
685,countdown,player_01305,occasional_player,0.133341471,1.81580107,1.0,0.133341471,10,,0.063271955,0.05694476,1.750427578,13.127405638,-0.026070695,lost,-0.133341471,0.0
686,bootstrap,player_00021,occasional_player,0.055761182,0,1.5,0.083641773,0,,0.049174462,0.044257016,1.28434535,23.032964936,0.003547934,lost,-0.055761182,0.0
686,bootstrap,player_00343,occasional_player,0.14214926,0.055761182,1.427002005,0.202847279,10,,0.119257465,0.107331719,1.202276676,8.457846884,0.002150286,lost,-0.14214926,0.0
686,bootstrap,player_00664,occasional_player,0.016509474,0.197910442,1.240911777,0.020486801,20,,0.012044549,0.010840094,1.321634472,80.053093901,-0.002003868,lost,-0.016509474,0.0
686,bootstrap,player_00542,occasional_player,1.036917446,0.214419916,1.219298919,1.264312321,30,,0.74331134,0.668980206,0.352246899,0.339705827,-0.107593997,won,0.352246899,0.01853931
686,countdown,player_01306,opportunistic_player,0.088364352,1.251337362,1.0,0.088364352,30,,0.051950949,0.046755854,1.253372338,14.184139983,-0.025630307,lost,-0.088364352,0.0
686,countdown,player_01307,occasional_player,0.041266394,1.339701714,1.0,0.041266394,30,,0.024261235,0.021835112,1.298115398,31.456962253,-0.012020843,lost,-0.041266394,0.0
687,bootstrap,player_01308,occasional_player,0.091813715,0,1.5,0.137720572,0,,0.066132405,0.059519164,1.791225465,19.50934525,0.020263203,lost,-0.091813715,0.0
687,bootstrap,player_00380,opportunistic_player,0.092981762,0.091813715,1.376231987,0.127964475,10,,0.061447599,0.055302839,1.79011582,19.252332731,0.01115888,lost,-0.092981762,0.0
687,bootstrap,player_00399,opportunistic_player,0.200317485,0.184795477,1.250889407,0.25057502,20,,0.120324279,0.108291852,1.688146883,8.427356619,0.004187818,won,1.688146883,0.088849836
687,countdown,player_01309,occasional_player,0.123103924,0.385112962,1.0,0.123103924,20,,0.059113598,0.053202238,1.761499766,14.309046445,-0.02283879,lost,-0.123103924,0.0
687,countdown,player_01310,opportunistic_player,0.097557365,0.508216886,1.0,0.097557365,20,,0.046846328,0.042161695,1.785768997,18.304809659,-0.018153132,lost,-0.097557365,0.0
687,countdown,player_01311,opportunistic_player,1.345576217,0.605774251,1.0,1.345576217,20,,0.646135791,0.581522212,0.600151088,0.446017907,-0.214092571,lost,-1.345576217,0.0
688,bootstrap,player_00755,occasional_player,0.01187538,0,1.5,0.01781307,0,,0.036877546,0.033189792,0.346804555,29.203659608,2.9132e-05,lost,-0.01187538,0.0
688,bootstrap,player_00023,occasional_player,0.166334228,0.01187538,1.48366805,0.24678478,10,,0.510906722,0.45981605,0.20006865,1.202811063,0.002143696,won,0.20006865,0.010529929
688,bootstrap,player_00439,occasional_player,0.174064043,0.178209608,1.254912237,0.218435098,20,,0.452215732,0.406994159,0.192725325,1.10720929,-0.024782913,lost,-0.174064043,0.0
689,bootstrap,player_00528,occasional_player,0.144396167,0,1.5,0.21659425,0,,0.080000765,0.072000688,2.042422884,14.144578257,0.01305631,lost,-0.144396167,0.0
689,bootstrap,player_00313,opportunistic_player,0.044036325,0.144396167,1.303981623,0.057422559,20,,0.021209467,0.019088521,2.137764734,48.545484532,-0.002388971,lost,-0.044036325,0.0
689,bootstrap,player_00658,player_whale,1.446693077,0.188432492,1.244202135,1.799978616,30,,0.664836053,0.598352448,0.80524082,0.556607917,-0.099242918,lost,-1.446693077,0.0
689,countdown,player_01312,occasional_player,0.633406811,1.635125569,1.0,0.633406811,30,,0.233953715,0.210558343,1.577862772,2.491073264,-0.167805551,won,1.577862772,0.083045409
690,bootstrap,player_01069,occasional_player,0.384414656,0,1.5,0.576621984,0,,0.620548781,0.558493903,0.359274679,0.934601928,0.030931303,won,0.359274679,0.018909194
690,countdown,player_01313,opportunistic_player,0.142884717,0.384414656,1.0,0.142884717,0,,0.153769609,0.138392648,0.588728121,4.120301549,-0.041634879,lost,-0.142884717,0.0
690,countdown,player_01314,occasional_player,0.058795245,0.527299373,1.0,0.058795245,0,,0.06327424,0.056946816,0.668613119,11.371891029,-0.017371655,lost,-0.058795245,0.0
690,countdown,player_01315,opportunistic_player,0.150911037,0.586094618,1.0,0.150911037,0,,0.16240737,0.146166633,0.581103117,3.850633647,-0.043914993,lost,-0.150911037,0.0
691,bootstrap,player_00216,opportunistic_player,0.095543998,0,1.5,0.143315997,0,,0.188144163,0.169329747,0.561275246,5.874521243,0.015675038,lost,-0.095543998,0.0
691,bootstrap,player_01316,occasional_player,0.046748368,0.095543998,1.369245537,0.064009994,10,,0.084031839,0.075628655,0.607631094,12.99791031,0.002741471,lost,-0.046748368,0.0
691,bootstrap,player_00525,occasional_player,0.060817287,0.142292366,1.305269172,0.07938293,20,,0.104213314,0.093791982,0.594265621,9.771327375,0.000624238,lost,-0.060817287,0.0
691,bootstrap,player_00262,occasional_player,0.055482084,0.203109653,1.222039122,0.067801277,30,,0.089009007,0.080108106,0.599334064,10.802299066,-0.003026003,lost,-0.055482084,0.0
691,bootstrap,player_00129,occasional_player,0.034436042,0.258591737,1.146110438,0.039467507,40,,0.051812646,0.046631382,0.619327804,17.984871899,-0.00395013,lost,-0.034436042,0.0
691,countdown,player_01317,occasional_player,0.031019437,0.293027779,1.0,0.031019437,40,,0.040722084,0.036649875,0.622573579,20.07043451,-0.007065334,lost,-0.031019437,0.0
691,countdown,player_00079,occasional_player,0.098131797,0.324047216,1.0,0.098131797,40,,0.128826685,0.115944017,0.558816837,5.694554201,-0.021962534,won,0.558816837,0.029411412
691,countdown,player_01318,opportunistic_player,0.238606075,0.422179013,1.0,0.238606075,40,,0.313240262,0.281916235,0.425366273,1.782713507,-0.05142149,lost,-0.238606075,0.0
692,bootstrap,player_00667,opportunistic_player,0.078118286,0,1.5,0.117177429,0,,0.111546006,0.100391405,0.814068435,10.420971536,0.011449593,lost,-0.078118286,0.0
692,bootstrap,player_00292,occasional_player,0.26028092,0.078118286,1.384281578,0.360302083,10,,0.342986346,0.308687711,0.641013933,2.462777266,0.017937725,lost,-0.26028092,0.0
692,countdown,player_00261,occasional_player,0.10941453,0.338399206,1.0,0.10941453,10,,0.104156183,0.093740565,0.784337003,7.168490356,-0.025633756,lost,-0.10941453,0.0
692,countdown,player_01229,occasional_player,0.463591166,0.447813736,1.0,0.463591166,10,,0.441311465,0.397180318,0.447869199,0.966086569,-0.101577048,won,0.447869199,0.023572063
693,bootstrap,player_00707,opportunistic_player,0.331758185,0,1.5,0.497637277,0,,0.670082799,0.603074519,0.254782476,0.767976458,0.021969542,won,0.254782476,0.013409604
693,bootstrap,player_00890,occasional_player,0.052595617,0.331758185,1.008214687,0.053027674,10,,0.071403277,0.064262949,0.519986915,9.886506613,-0.015799775,lost,-0.052595617,0.0
693,countdown,player_01319,occasional_player,0.08764001,0.384353802,1.0,0.08764001,10,,0.118009775,0.106208798,0.486694742,5.553339644,-0.026640606,lost,-0.08764001,0.0
693,countdown,player_01283,occasional_player,0.085850632,0.471993812,1.0,0.085850632,10,,0.115600327,0.104040294,0.488394651,5.688888243,-0.026105984,lost,-0.085850632,0.0
693,countdown,player_00488,occasional_player,0.018494834,0.557844444,1.0,0.018494834,10,,0.024903822,0.02241344,0.552382659,29.866862236,-0.005699506,lost,-0.018494834,0.0
694,bootstrap,player_01089,occasional_player,0.164497234,0,1.5,0.246745851,0,,0.369838151,0.332854336,0.393930023,2.394751651,0.0213777,lost,-0.164497234,0.0
694,bootstrap,player_00857,player_whale,0.086243713,0.164497234,1.267551143,0.109318317,10,,0.163853147,0.147467833,0.468270868,5.429623231,-0.00447065,lost,-0.086243713,0.0
694,bootstrap,player_00488,occasional_player,0.034225753,0.250740947,1.145681297,0.039211805,20,,0.058773112,0.052895801,0.51768793,15.125684148,-0.005031837,lost,-0.034225753,0.0
694,bootstrap,player_01320,opportunistic_player,0.025394271,0.2849667,1.09731734,0.027865574,30,,0.041766669,0.037590002,0.526077838,20.716398495,-0.004664433,lost,-0.025394271,0.0
694,countdown,player_01321,occasional_player,0.244030972,0.310360971,1.0,0.244030972,30,,0.36576892,0.329192028,0.318372972,1.304641657,-0.058892077,lost,-0.244030972,0.0
695,bootstrap,player_00870,occasional_player,0.052294495,0,1.5,0.078441743,0,,0.172343351,0.155109016,0.312932553,5.984043891,0.004355513,won,0.312932553,0.016470134
695,bootstrap,player_00398,occasional_player,0.051182713,0.052294495,1.427187139,0.07304731,10,,0.160491311,0.14444218,0.313988746,6.134663988,0.001563449,lost,-0.051182713,0.0
695,bootstrap,player_01302,occasional_player,0.105666092,0.103477208,1.355922281,0.143275009,20,,0.314787691,0.283308922,0.262229536,2.481681032,-0.001437978,lost,-0.105666092,0.0
695,bootstrap,player_01012,occasional_player,0.061308234,0.2091433,1.208796844,0.0741092,30,,0.162824376,0.146541938,0.304369501,4.964577862,-0.00772111,lost,-0.061308234,0.0
695,countdown,player_01322,occasional_player,0.086274805,0.270451534,1.0,0.086274805,30,,0.189553271,0.170597944,0.280651259,3.252992097,-0.023677973,lost,-0.086274805,0.0
696,bootstrap,player_01323,occasional_player,0.027476717,0,1.5,0.041215076,0,,0.014118514,0.012706662,2.665165239,96.997222728,0.006737775,lost,-0.027476717,0.0
696,bootstrap,player_00300,occasional_player,0.139118738,0.027476717,1.461170868,0.203276247,10,,0.069633706,0.062670335,2.559105319,18.395115967,0.029979868,lost,-0.139118738,0.0
696,bootstrap,player_00417,occasional_player,0.053925157,0.166595455,1.264573149,0.068192306,20,,0.023359753,0.021023778,2.640039221,48.957469344,0.002712152,lost,-0.053925157,0.0
696,bootstrap,player_01324,occasional_player,0.025278509,0.220520612,1.188368009,0.030040171,30,,0.010290472,0.009261424,2.667253536,105.514670042,-0.000341827,lost,-0.025278509,0.0
696,bootstrap,player_01325,occasional_player,0.09270264,0.245799121,1.152645307,0.106853263,40,,0.036603336,0.032943002,2.603200612,28.081191774,-0.003891494,lost,-0.09270264,0.0
696,countdown,player_01326,player_whale,1.868668264,0.338501761,1.0,1.868668264,40,,0.640125437,0.576112893,0.916033269,0.490206468,-0.264365808,won,0.916033269,0.048212277
696,countdown,player_01144,occasional_player,0.350827257,2.207170025,1.0,0.350827257,40,,0.120178341,0.108160507,2.357982226,6.721205889,-0.057841051,lost,-0.350827257,0.0
696,countdown,player_00925,occasional_player,0.074408559,2.557997282,1.0,0.074408559,40,,0.025489174,0.022940257,2.620579989,35.21879773,-0.012584829,lost,-0.074408559,0.0
696,countdown,player_01066,opportunistic_player,0.164718085,2.632405841,1.0,0.164718085,40,,0.056425337,0.050782803,2.534785939,15.388631668,-0.027629704,lost,-0.164718085,0.0
696,countdown,player_01138,occasional_player,0.011022782,2.797123926,1.0,0.011022782,40,,0.003775931,0.003398338,2.680796477,243.205070819,-0.00187507,lost,-0.011022782,0.0
697,bootstrap,player_00420,occasional_player,0.068980268,0,1.5,0.103470402,0,,0.083983619,0.075585257,0.967283341,14.022609204,0.009345984,lost,-0.068980268,0.0
697,bootstrap,player_00039,occasional_player,0.153856836,0.068980268,1.402067743,0.215717707,10,,0.175091171,0.157582053,0.886650601,5.762828773,0.010108463,lost,-0.153856836,0.0
697,bootstrap,player_00043,player_whale,0.398395357,0.222837104,1.183635029,0.4715547,20,,0.382745884,0.344471295,0.654339006,1.642436326,-0.035758587,lost,-0.398395357,0.0
697,countdown,player_00234,occasional_player,0.274925598,0.621232461,1.0,0.274925598,20,,0.223148324,0.200833492,0.771635277,2.806705825,-0.064741123,won,0.771635277,0.040612383
697,countdown,player_01327,occasional_player,0.166362348,0.896158059,1.0,0.166362348,20,,0.135031003,0.121527902,0.874770365,5.258223243,-0.039835673,lost,-0.166362348,0.0
698,bootstrap,player_00449,occasional_player,0.041668247,0,1.5,0.062502371,0,,0.123641647,0.111277483,0.315318887,7.567366263,-0.001943617,lost,-0.041668247,0.0
698,bootstrap,player_01328,occasional_player,0.307474617,0.041668247,1.440801565,0.443009909,10,,0.876358353,0.788722517,0.062802835,0.204253723,-0.015428453,won,0.062802835,0.003305412
699,bootstrap,player_01329,occasional_player,0.032124917,0,1.5,0.048187376,0,,0.020951186,0.018856067,1.954266729,60.833362759,0.005330618,lost,-0.032124917,0.0
699,bootstrap,player_01133,opportunistic_player,0.482562588,0.032124917,1.453179017,0.701249828,10,,0.304893455,0.27440411,1.526350942,3.163011348,0.068691541,lost,-0.482562588,0.0
699,countdown,player_01330,occasional_player,0.805904732,0.514687505,1.0,0.805904732,10,,0.350395919,0.315356328,1.219175905,1.512804004,-0.167282739,lost,-0.805904732,0.0
699,countdown,player_01331,opportunistic_player,0.744641275,1.320592237,1.0,0.744641275,10,,0.323759439,0.291383495,1.277376189,1.715424906,-0.155458758,won,1.277376189,0.067230326
700,bootstrap,player_00234,occasional_player,0.335275202,0,1.5,0.502912803,0,,0.343361315,0.309025184,0.936471872,2.79314386,0.057726671,lost,-0.335275202,0.0
700,countdown,player_01332,occasional_player,0.039397672,0.335275202,1.0,0.039397672,10,,0.026898572,0.024208715,1.217555525,30.904250519,-0.00896845,lost,-0.039397672,0.0
700,countdown,player_01333,opportunistic_player,0.10908413,0.374672874,1.0,0.10908413,10,,0.074476669,0.067029002,1.15135339,10.554728632,-0.024598261,lost,-0.10908413,0.0
700,countdown,player_01334,occasional_player,0.1170257,0.483757004,1.0,0.1170257,10,,0.079898738,0.071908864,1.143808899,9.773997496,-0.026360516,lost,-0.1170257,0.0
700,countdown,player_01335,occasional_player,0.084350218,0.600782704,1.0,0.084350218,10,,0.057589709,0.051830738,1.174850607,13.928246239,-0.01908491,lost,-0.084350218,0.0
700,countdown,player_01336,opportunistic_player,0.611904677,0.685132922,1.0,0.611904677,10,,0.417774997,0.375997497,0.673673871,1.100945778,-0.128530361,won,0.673673871,0.03545652
701,bootstrap,player_00607,occasional_player,0.28460423,0,1.5,0.426906345,0,,0.706024153,0.635421738,0.188237677,0.661401544,0.015849796,won,0.188237677,0.009907246
701,bootstrap,player_00273,occasional_player,0.043389962,0.28460423,1.089896531,0.047290569,10,,0.078209856,0.070388871,0.417391232,9.619534392,-0.010956094,lost,-0.043389962,0.0
701,countdown,player_01337,occasional_player,0.065550555,0.327994192,1.0,0.065550555,10,,0.108408497,0.097567647,0.396338668,6.046305304,-0.02048511,lost,-0.065550555,0.0
701,countdown,player_00938,occasional_player,0.064915053,0.393544747,1.0,0.064915053,10,,0.107357494,0.096621744,0.396942395,6.114797369,-0.020289581,lost,-0.064915053,0.0
702,bootstrap,player_00637,occasional_player,0.058076999,0,1.5,0.087115498,0,,0.057416127,0.051674514,1.299184564,22.370036102,0.012058833,lost,-0.058076999,0.0
702,bootstrap,player_00123,occasional_player,0.100597349,0.058076999,1.418351362,0.142682387,10,,0.09403918,0.084635262,1.258790232,12.513155111,0.014454775,lost,-0.100597349,0.0
702,bootstrap,player_01251,occasional_player,0.163935281,0.158674348,1.276924692,0.209333008,20,,0.137967305,0.124170575,1.198619196,7.311538975,0.005253891,lost,-0.163935281,0.0
702,countdown,player_00572,occasional_player,0.071295419,0.322609629,1.0,0.071295419,20,,0.046989421,0.042290479,1.286627065,18.046419859,-0.013868227,lost,-0.071295419,0.0
702,countdown,player_01338,occasional_player,0.089458772,0.393905048,1.0,0.089458772,20,,0.058960533,0.05306448,1.26937188,14.189462381,-0.017353131,lost,-0.089458772,0.0
702,countdown,player_01339,occasional_player,0.425515357,0.48336382,1.0,0.425515357,20,,0.280448878,0.25240399,0.950118124,2.232864475,-0.078299978,won,0.950118124,0.050006217
702,countdown,player_01060,occasional_player,0.349441238,0.908879177,1.0,0.349441238,20,,0.230309909,0.207278918,1.022388537,2.925781007,-0.065089847,lost,-0.349441238,0.0
702,countdown,player_01340,occasional_player,0.142423645,1.258320415,1.0,0.142423645,20,,0.093868648,0.084481783,1.219055251,8.559360004,-0.02740348,lost,-0.142423645,0.0
703,bootstrap,player_00057,occasional_player,0.471287375,0,1.5,0.706931063,0,,0.758685215,0.682816693,0.23724499,0.50339772,0.012510352,won,0.23724499,0.012486578
703,countdown,player_00913,opportunistic_player,0.224853357,0.471287375,1.0,0.224853357,0,,0.241314785,0.217183307,0.471357307,2.096287613,-0.073648023,lost,-0.224853357,0.0
704,bootstrap,player_01304,player_whale,0.938393523,0,1.5,1.407590284,0,,0.879873002,0.791885702,0.206184008,0.219720195,-0.032018942,won,0.206184008,0.01085179
704,countdown,player_01341,occasional_player,0.192175001,0.938393523,1.0,0.192175001,0,,0.120126998,0.108114298,0.915091604,4.76176193,-0.072463649,lost,-0.192175001,0.0
705,bootstrap,player_00839,occasional_player,0.14613227,0,1.5,0.219198405,0,,0.181806131,0.163625518,0.86742627,5.935898141,0.019711771,lost,-0.14613227,0.0
705,bootstrap,player_00200,occasional_player,0.064667228,0.14613227,1.294125173,0.083687488,10,,0.069411538,0.062470384,0.94481806,14.610461728,-0.001604294,lost,-0.064667228,0.0
705,bootstrap,player_00964,occasional_player,0.04700134,0.210799498,1.203020351,0.056543569,20,,0.046898003,0.042208203,0.961600653,20.459005069,-0.004430062,lost,-0.04700134,0.0
705,bootstrap,player_01115,opportunistic_player,0.509294459,0.257800838,1.136803678,0.578967814,30,,0.48020376,0.432183384,0.52242219,1.025776309,-0.063403666,won,0.52242219,0.027495905
705,countdown,player_01342,occasional_player,0.088360343,0.767095297,1.0,0.088360343,30,,0.073287267,0.065958541,0.9223096,10.43804912,-0.021698029,lost,-0.088360343,0.0
705,countdown,player_01343,opportunistic_player,0.072581787,0.85545564,1.0,0.072581787,30,,0.060200319,0.054180287,0.937299229,12.913697326,-0.017866144,lost,-0.072581787,0.0
705,countdown,player_01344,occasional_player,0.106331733,0.928037427,1.0,0.106331733,30,,0.088192982,0.079373684,0.90523678,8.513326685,-0.026039814,lost,-0.106331733,0.0
706,bootstrap,player_01024,occasional_player,0.384048282,0,1.5,0.576072423,0,,0.635882134,0.57229392,0.33715735,0.877903549,0.028693316,lost,-0.384048282,0.0
706,countdown,player_00855,opportunistic_player,0.32986972,0.384048282,1.0,0.32986972,0,,0.364117866,0.32770608,0.388626984,1.178122635,-0.094413982,won,0.388626984,0.020454052
707,bootstrap,player_01345,occasional_player,0.063292155,0,1.5,0.094938232,0,,0.118426479,0.106583831,0.618183941,9.767149517,0.009342178,lost,-0.063292155,0.0
707,bootstrap,player_01063,occasional_player,0.103916344,0.063292155,1.409168072,0.146435594,10,,0.182664575,0.164398118,0.579590962,5.577476452,0.00845097,lost,-0.103916344,0.0
707,bootstrap,player_00490,opportunistic_player,0.14565185,0.167208499,1.260035499,0.183526501,20,,0.228931979,0.206038781,0.539942231,3.707074307,-0.004392881,lost,-0.14565185,0.0
707,countdown,player_01346,opportunistic_player,0.098239297,0.312860349,1.0,0.098239297,20,,0.122544246,0.110289821,0.584984156,5.954685896,-0.022886704,lost,-0.098239297,0.0
707,countdown,player_01347,opportunistic_player,0.278524267,0.411099646,1.0,0.278524267,20,,0.347432721,0.312689449,0.413713435,1.485376622,-0.062068842,won,0.413713435,0.021774391
708,bootstrap,player_00121,opportunistic_player,0.342942843,0,1.5,0.514414265,0,,0.393887659,0.354498893,0.768107383,2.239753354,0.050923232,lost,-0.342942843,0.0
708,bootstrap,player_01245,opportunistic_player,0.548651289,0.342942843,1.014121329,0.556398974,10,,0.426035404,0.383431863,0.572684359,1.043803907,-0.118695472,won,0.572684359,0.030141282
708,countdown,player_01348,occasional_player,0.035964325,0.891594132,1.0,0.035964325,10,,0.02753793,0.024784137,1.059736975,29.466338513,-0.008808314,lost,-0.035964325,0.0
708,countdown,player_00725,occasional_player,0.13607353,0.927558457,1.0,0.13607353,10,,0.104191675,0.093772508,0.96463323,7.089058615,-0.032857497,lost,-0.13607353,0.0
708,countdown,player_01349,occasional_player,0.063141246,1.063631987,1.0,0.063141246,10,,0.048347333,0.043512599,1.0339189,16.374699034,-0.015405307,lost,-0.063141246,0.0
709,bootstrap,player_00148,occasional_player,0.108255685,0,1.5,0.162383528,0,,0.2980428,0.26823852,0.319125577,2.947887471,0.006384432,won,0.319125577,0.016796083
709,bootstrap,player_00657,occasional_player,0.076303299,0.108255685,1.347784583,0.10284041,10,,0.188755868,0.169880281,0.349480344,4.580147238,-0.003971054,lost,-0.076303299,0.0
709,bootstrap,player_01120,occasional_player,0.186624852,0.184558984,1.240496559,0.231507487,20,,0.424914649,0.382423184,0.244674869,1.311051911,-0.02168584,lost,-0.186624852,0.0
709,countdown,player_00823,occasional_player,0.037582084,0.371183836,1.0,0.037582084,20,,0.0689791,0.06208119,0.386265498,10.277915892,-0.011269122,lost,-0.037582084,0.0
709,countdown,player_00142,occasional_player,0.010519407,0.40876592,1.0,0.010519407,20,,0.019307583,0.017376825,0.411975042,39.163333214,-0.003177795,lost,-0.010519407,0.0
710,bootstrap,player_01059,opportunistic_player,0.156533127,0,1.5,0.23479969,0,,0.101016021,0.090914419,1.555143355,9.934915276,-0.000917055,lost,-0.156533127,0.0
710,bootstrap,player_00886,opportunistic_player,1.609873869,0.156533127,1.297978096,2.08958102,10,,0.898983979,0.809085581,0.17446965,0.108374732,-0.166187256,won,0.17446965,0.009182613
711,bootstrap,player_00475,opportunistic_player,0.132560323,0,1.5,0.198840485,0,,0.082983061,0.074684755,1.763346685,13.302220795,0.009035027,lost,-0.132560323,0.0
711,bootstrap,player_00476,occasional_player,0.038673705,0.132560323,1.328797594,0.051389526,10,,0.021446639,0.019301975,1.852538972,47.901771301,-0.002169565,lost,-0.038673705,0.0
711,bootstrap,player_00035,opportunistic_player,1.275046083,0.171234028,1.278850285,1.630593047,20,,0.680503277,0.612452949,0.677985213,0.53173389,-0.078906305,won,0.677985213,0.035683432
711,countdown,player_00131,opportunistic_player,0.216418788,1.446280111,1.0,0.216418788,20,,0.090319099,0.081287189,1.683681143,7.779736496,-0.061965006,lost,-0.216418788,0.0
711,countdown,player_01350,opportunistic_player,0.298915677,1.662698899,1.0,0.298915677,20,,0.124747924,0.112273132,1.605309099,5.370441306,-0.085122398,lost,-0.298915677,0.0
712,bootstrap,player_01334,occasional_player,0.215131723,0,1.5,0.322697584,0,,0.295381277,0.265843149,0.730708787,3.396564562,0.036313496,lost,-0.215131723,0.0
712,bootstrap,player_00624,occasional_player,0.089657182,0.215131723,1.203345312,0.10788855,10,,0.098755799,0.088880219,0.849909601,9.479548448,-0.006148281,lost,-0.089657182,0.0
712,bootstrap,player_01351,occasional_player,0.097396438,0.304788905,1.079713042,0.105160204,20,,0.096258407,0.086632566,0.842557307,8.650802069,-0.015965833,won,0.842557307,0.044345121
712,countdown,player_00513,occasional_player,0.154106239,0.402185343,1.0,0.154106239,20,,0.141061166,0.12695505,0.788682996,5.117787583,-0.034414385,lost,-0.154106239,0.0
712,countdown,player_01352,occasional_player,0.032539224,0.556291582,1.0,0.032539224,20,,0.029784783,0.026806305,0.904171661,27.787130407,-0.007429467,lost,-0.032539224,0.0
712,countdown,player_00953,occasional_player,0.370086327,0.588830806,1.0,0.370086327,20,,0.338758569,0.304882712,0.583501913,1.576664335,-0.079353758,lost,-0.370086327,0.0
713,bootstrap,player_00557,occasional_player,0.541151388,0,1.5,0.811727082,0,,0.494874149,0.445386734,0.810681159,1.498067227,0.060936895,won,0.810681159,0.042667429
713,countdown,player_01260,occasional_player,0.285741835,0.541151388,1.0,0.285741835,0,,0.174204176,0.156783758,1.053320234,3.686265381,-0.075798651,lost,-0.285741835,0.0
713,countdown,player_01353,player_whale,0.542800803,0.826893223,1.0,0.542800803,0,,0.330921675,0.297829507,0.809114215,1.490628257,-0.140160619,lost,-0.542800803,0.0
714,bootstrap,player_01086,occasional_player,0.059507351,0,1.5,0.089261027,0,,0.045822061,0.041239855,1.4341469,24.100331746,0.002090733,lost,-0.059507351,0.0
714,bootstrap,player_00995,occasional_player,0.077357442,0.059507351,1.415979182,0.109536527,10,,0.056230469,0.050607422,1.417189314,18.320012623,-0.001722284,lost,-0.077357442,0.0
714,bootstrap,player_01311,opportunistic_player,1.113958918,0.136864793,1.306755104,1.455671502,20,,0.747267537,0.672540783,0.432417912,0.388181202,-0.073957434,won,0.432417912,0.022758837
714,countdown,player_01354,occasional_player,0.106743473,1.250823711,1.0,0.106743473,20,,0.054796657,0.049316991,1.389272585,13.015058865,-0.032964462,lost,-0.106743473,0.0
714,countdown,player_01352,occasional_player,0.080462431,1.357567184,1.0,0.080462431,20,,0.04130531,0.037174779,1.414239574,17.576396299,-0.024897214,lost,-0.080462431,0.0
714,countdown,player_01355,occasional_player,0.106317466,1.438029615,1.0,0.106317466,20,,0.054577967,0.04912017,1.389677291,13.071015925,-0.032833949,lost,-0.106317466,0.0
715,bootstrap,player_01004,occasional_player,0.031469806,0,1.5,0.047204709,0,,0.10752846,0.096775614,0.304343507,9.670968631,0.001028733,lost,-0.031469806,0.0
715,bootstrap,player_01137,opportunistic_player,0.076759624,0.031469806,1.455535392,0.111726349,10,,0.25450347,0.229053123,0.26131818,3.40437024,0.000678153,lost,-0.076759624,0.0
715,bootstrap,player_00858,occasional_player,0.119047674,0.10822943,1.347079479,0.160366679,20,,0.365302156,0.328771941,0.221144532,1.857613212,-0.007202022,won,0.221144532,0.011639186
715,bootstrap,player_00915,occasional_player,0.101537281,0.227277104,1.178873544,0.119699614,30,,0.272665914,0.245399323,0.237779405,2.341794098,-0.018269196,lost,-0.101537281,0.0
716,bootstrap,player_00497,occasional_player,0.018149363,0,1.5,0.027224045,0,,0.016113519,0.014502168,1.404048361,77.360751531,0.002475587,lost,-0.018149363,0.0
716,bootstrap,player_01356,player_whale,0.44068198,0.018149363,1.474207978,0.649656891,10,,0.384522541,0.346070287,1.002642375,2.275206205,0.058809694,lost,-0.44068198,0.0
716,countdown,player_00410,occasional_player,0.148267873,0.458831343,1.0,0.148267873,10,,0.087757615,0.078981853,1.280435777,8.635962404,-0.035426211,lost,-0.148267873,0.0
716,countdown,player_00829,occasional_player,0.048633695,0.607099216,1.0,0.048633695,10,,0.028785582,0.025907024,1.375088246,28.274393835,-0.011749296,lost,-0.048633695,0.0
716,countdown,player_00530,opportunistic_player,0.815733251,0.655732911,1.0,0.815733251,10,,0.482820742,0.434538668,0.646343668,0.792346845,-0.180404294,won,0.646343668,0.034018088
717,bootstrap,player_00552,occasional_player,0.045555646,0,1.5,0.068333469,0,,0.145559341,0.131003407,0.317336493,6.965909183,0.001984461,lost,-0.045555646,0.0
717,bootstrap,player_00169,opportunistic_player,0.050886597,0.045555646,1.435215617,0.073033239,10,,0.155570474,0.140013426,0.312272089,6.136627477,-3.9505e-05,lost,-0.050886597,0.0
717,bootstrap,player_01357,occasional_player,0.052369527,0.096442243,1.362850124,0.071371816,20,,0.152031423,0.13682828,0.310863306,5.935957868,-0.002669003,lost,-0.052369527,0.0
717,bootstrap,player_00571,opportunistic_player,0.037043294,0.14881177,1.288375766,0.047725682,30,,0.101662025,0.091495822,0.325423227,8.784943024,-0.003879122,lost,-0.037043294,0.0
717,bootstrap,player_01021,occasional_player,0.169127391,0.185855064,1.235696742,0.208990166,40,,0.445176738,0.400659064,0.199943335,1.182205519,-0.021255859,won,0.199943335,0.010523333
718,bootstrap,player_01358,opportunistic_player,0.061495321,0,1.5,0.092242982,0,,0.108769216,0.097892294,0.582244223,9.468106079,0.00152182,lost,-0.061495321,0.0
718,bootstrap,player_00551,occasional_player,0.018795575,0.061495321,1.412486651,0.026548499,10,,0.031304923,0.02817443,0.622808981,33.135936586,-0.000718732,lost,-0.018795575,0.0
718,bootstrap,player_00158,opportunistic_player,0.414195473,0.080290896,1.385738865,0.573966765,20,,0.676798535,0.609118681,0.247179078,0.596769145,-0.011339879,won,0.247179078,0.013009425
718,countdown,player_01359,occasional_player,0.03430415,0.494486369,1.0,0.03430415,20,,0.040450075,0.036405067,0.608075835,17.726013764,-0.010918264,lost,-0.03430415,0.0
718,countdown,player_01360,occasional_player,0.06174823,0.528790519,1.0,0.06174823,20,,0.07281103,0.065529927,0.582003959,9.425435499,-0.019563196,lost,-0.06174823,0.0
718,countdown,player_01181,occasional_player,0.059250851,0.590538749,1.0,0.059250851,20,,0.069866222,0.062879599,0.584376469,9.862752336,-0.018779823,lost,-0.059250851,0.0
719,bootstrap,player_00613,opportunistic_player,0.203186966,0,1.5,0.304780449,10,,0.233302311,0.20997208,0.956209121,4.706055414,0.040253842,lost,-0.203186966,0.0
719,bootstrap,player_00387,occasional_player,0.081554925,0.203186966,1.208202342,0.098534851,20,,0.075426126,0.067883513,1.07175956,13.141567605,-0.003263886,lost,-0.081554925,0.0
719,bootstrap,player_00278,occasional_player,0.02690803,0.284741891,1.09108097,0.029358839,30,,0.022473505,0.020226155,1.123674111,41.759805927,-0.003636178,lost,-0.02690803,0.0
719,countdown,player_01362,occasional_player,0.12521962,0.311649921,1.0,0.12521962,30,,0.095852693,0.086267423,1.0302781,8.22776894,-0.025537809,lost,-0.12521962,0.0
719,countdown,player_01363,occasional_player,0.064074972,0.436869541,1.0,0.064074972,30,,0.049047894,0.044143104,1.088365516,16.985813365,-0.013202671,lost,-0.064074972,0.0
719,countdown,player_00981,occasional_player,0.68440688,0.500944513,1.0,0.68440688,30,,0.523897472,0.471507725,0.499050203,0.72917181,-0.126397723,won,0.499050203,0.0262658
719,bootstrap,player_01361,occasional_player,0.301326558,0,1.5,0.451989837,0,10,0.0,0.0,0.0,0.0,0.0,pending_withdrawn,0.0,0.0
720,bootstrap,player_01362,occasional_player,0.033710537,0,1.5,0.050565805,0,,0.128452016,0.115606815,0.267958217,7.948797059,0.001164427,lost,-0.033710537,0.0
720,bootstrap,player_00823,occasional_player,0.052309017,0.033710537,1.451554244,0.075929376,10,,0.192882946,0.173594651,0.250289661,4.784828233,0.000220495,lost,-0.052309017,0.0
720,bootstrap,player_00197,occasional_player,0.078138158,0.086019554,1.376380422,0.107547831,20,,0.273203121,0.245882809,0.225751977,2.889138715,-0.003416798,won,0.225751977,0.011881683
720,bootstrap,player_00056,occasional_player,0.108509799,0.164157712,1.264087279,0.137165857,30,,0.348441617,0.313597456,0.196898918,1.814572695,-0.012734402,lost,-0.108509799,0.0
720,countdown,player_00564,occasional_player,0.022446338,0.272667511,1.0,0.022446338,30,,0.0570203,0.05131827,0.278659206,12.414461834,-0.006994122,lost,-0.022446338,0.0
721,bootstrap,player_01317,occasional_player,0.021567693,0,1.5,0.032351539,0,,0.056867517,0.051180765,0.404431426,18.751723995,0.000235268,lost,-0.021567693,0.0
721,bootstrap,player_01364,occasional_player,0.079109974,0.021567693,1.469035332,0.116215347,10,,0.204283271,0.183854944,0.349766259,4.421266267,-0.000258958,lost,-0.079109974,0.0
721,bootstrap,player_00306,occasional_player,0.039736,0.100677667,1.353959984,0.053800954,20,,0.094571286,0.085114158,0.387171535,9.743596102,-0.003400125,lost,-0.039736,0.0
721,bootstrap,player_00222,occasional_player,0.282742873,0.140413667,1.296320129,0.366525278,30,,0.644277926,0.579850133,0.156315005,0.55285215,-0.028155104,won,0.156315005,0.008227106
722,bootstrap,player_00909,opportunistic_player,0.093774658,0,1.5,0.140661987,0,,0.075993325,0.068393992,1.563548507,16.673465306,0.01957629,lost,-0.093774658,0.0
722,bootstrap,player_00674,occasional_player,0.184979782,0.093774658,1.364988516,0.252495278,10,,0.136411806,0.122770625,1.476903639,7.984135471,0.019050684,won,1.476903639,0.07773177
722,bootstrap,player_00604,occasional_player,0.215578546,0.27875444,1.098665019,0.236848607,20,,0.127958615,0.115162754,1.447834813,6.716043131,-0.024015283,lost,-0.215578546,0.0
722,countdown,player_01365,opportunistic_player,0.850261081,0.494332986,1.0,0.850261081,20,,0.459357697,0.413421927,0.844886405,0.993678793,-0.149449941,lost,-0.850261081,0.0
722,countdown,player_01366,occasional_player,0.128352436,1.344594067,1.0,0.128352436,20,,0.06934303,0.062408727,1.530699618,11.925754316,-0.02481311,lost,-0.128352436,0.0
722,countdown,player_01367,opportunistic_player,0.171828305,1.472946503,1.0,0.171828305,20,,0.09283108,0.083547972,1.489397542,8.667940606,-0.033036255,lost,-0.171828305,0.0
722,countdown,player_00129,occasional_player,0.02153291,1.644774808,1.0,0.02153291,20,,0.01163326,0.010469934,1.632178167,75.79923788,-0.004218665,lost,-0.02153291,0.0
722,countdown,player_01086,occasional_player,0.048997593,1.666307718,1.0,0.048997593,20,,0.026471189,0.02382407,1.606086718,32.778890149,-0.009566749,lost,-0.048997593,0.0
723,bootstrap,player_01368,occasional_player,0.155826663,0,1.5,0.233739994,0,,0.121563027,0.109406724,1.600396121,10.270361249,0.036315919,lost,-0.155826663,0.0
723,bootstrap,player_01369,occasional_player,0.079384876,0.155826663,1.275307047,0.101240092,10,,0.052652744,0.047387469,1.673015819,21.074742485,0.003656958,lost,-0.079384876,0.0
723,bootstrap,player_00424,occasional_player,0.017809758,0.235211539,1.160838689,0.020674256,20,,0.010752226,0.009677003,1.731512181,97.222667542,-0.000881564,lost,-0.017809758,0.0
723,bootstrap,player_00089,occasional_player,0.029403763,0.253021297,1.135158057,0.033377918,30,,0.017359121,0.015623209,1.720497876,58.512846682,-0.002064685,lost,-0.029403763,0.0
723,countdown,player_01370,player_whale,1.291850825,0.28242506,1.0,1.291850825,30,,0.671863184,0.604676865,0.521173167,0.403431385,-0.19555716,lost,-1.291850825,0.0
723,countdown,player_01371,opportunistic_player,0.100753648,1.574275885,1.0,0.100753648,30,,0.052399755,0.04715978,1.652715486,16.40352998,-0.01806043,lost,-0.100753648,0.0
723,countdown,player_00825,occasional_player,0.141151799,1.675029533,1.0,0.141151799,30,,0.073409944,0.06606895,1.614337242,11.436887475,-0.025168482,lost,-0.141151799,0.0
724,bootstrap,player_00531,occasional_player,0.095182318,0,1.5,0.142773477,0,,0.145048556,0.1305437,0.760047218,7.985172391,0.01646251,lost,-0.095182318,0.0
724,bootstrap,player_00906,occasional_player,0.047049893,0.095182318,1.369258073,0.064423446,10,,0.065450026,0.058905024,0.805773022,17.12592676,0.003185661,lost,-0.047049893,0.0
724,bootstrap,player_01372,occasional_player,0.131342212,0.142232211,1.30463059,0.171353068,20,,0.17408356,0.156675204,0.725695319,5.525225344,0.002934318,lost,-0.131342212,0.0
724,bootstrap,player_01373,occasional_player,0.077740463,0.273574423,1.117984113,0.086912603,30,,0.088297545,0.079467791,0.77661698,9.989868211,-0.009846564,lost,-0.077740463,0.0
724,countdown,player_01287,occasional_player,0.114725893,0.351314886,1.0,0.114725893,30,,0.116554037,0.104898633,0.741480822,6.463064285,-0.024910979,won,0.741480822,0.039025306
724,countdown,player_01374,occasional_player,0.339204863,0.466040779,1.0,0.339204863,30,,0.344610054,0.310149048,0.5282258,1.557247132,-0.070172068,lost,-0.339204863,0.0
724,countdown,player_01207,occasional_player,0.022301562,0.805245642,1.0,0.022301562,30,,0.022656935,0.020391241,0.829283936,37.185015831,-0.004936677,lost,-0.022301562,0.0
724,countdown,player_01375,occasional_player,0.04262014,0.827547204,1.0,0.04262014,30,,0.043299287,0.038969358,0.809981287,19.0046604,-0.009394809,lost,-0.04262014,0.0
725,bootstrap,player_00657,occasional_player,0.176503182,0,1.5,0.264754773,0,,0.165596622,0.14903696,1.248590697,7.074040721,0.035888478,lost,-0.176503182,0.0
725,bootstrap,player_00006,persistent_player,0.176742916,0.176503182,1.253360527,0.221522594,10,,0.138556117,0.124700505,1.24836295,7.063156916,0.000968506,lost,-0.176742916,0.0
725,countdown,player_01376,occasional_player,0.772984428,0.353246098,1.0,0.772984428,10,,0.483479897,0.435131907,0.681933513,0.882208604,-0.139903209,won,0.681933513,0.035891238
725,countdown,player_00997,occasional_player,0.237533543,1.126230526,1.0,0.237533543,10,,0.148570513,0.133713462,1.190611854,5.012394624,-0.046571278,lost,-0.237533543,0.0
725,countdown,player_01112,occasional_player,0.101997978,1.363764069,1.0,0.101997978,10,,0.06379685,0.057417165,1.319370641,12.935262704,-0.020387021,lost,-0.101997978,0.0
726,bootstrap,player_01377,opportunistic_player,0.194500581,0,1.5,0.291750872,0,,0.199039887,0.179135899,1.021007626,5.249380855,0.023240574,lost,-0.194500581,0.0
726,bootstrap,player_00489,opportunistic_player,0.545233696,0.194500581,1.228021195,0.669558535,10,,0.456789913,0.411110922,0.687811167,1.261497908,-0.038315486,won,0.687811167,0.036200588
726,countdown,player_01378,occasional_player,0.097024252,0.739734277,1.0,0.097024252,10,,0.06619242,0.059573178,1.113610139,11.477647246,-0.024902914,lost,-0.097024252,0.0
726,countdown,player_00515,occasional_player,0.179041584,0.836758529,1.0,0.179041584,10,,0.122146736,0.109932062,1.035693673,5.784654326,-0.045503232,lost,-0.179041584,0.0
726,countdown,player_01379,occasional_player,0.103528834,1.015800113,1.0,0.103528834,10,,0.070630012,0.06356701,1.107430786,10.696834332,-0.026551751,lost,-0.103528834,0.0
726,countdown,player_01274,opportunistic_player,0.124886905,1.119328947,1.0,0.124886905,10,,0.085201032,0.076680929,1.087140618,8.705000884,-0.031947508,lost,-0.124886905,0.0
727,bootstrap,player_01133,opportunistic_player,0.422534178,0,1.5,0.633801267,0,,1.0,0.9,0.023761474,0.056235626,-0.020868091,won,0.023761474,0.001250604
728,bootstrap,player_01380,occasional_player,0.058244892,0,1.5,0.087367338,0,,0.128388053,0.115549248,0.513906682,8.823206033,0.007866792,lost,-0.058244892,0.0
728,bootstrap,player_00820,occasional_player,0.067574992,0.058244892,1.417127329,0.095762368,10,,0.140724718,0.126652246,0.505043087,7.47381646,0.004948374,lost,-0.067574992,0.0
728,bootstrap,player_00718,occasional_player,0.133115067,0.125819884,1.320979496,0.175842274,20,,0.258403743,0.232563369,0.442780016,3.326295259,0.000817034,lost,-0.133115067,0.0
728,bootstrap,player_00879,occasional_player,0.044511683,0.258934951,1.131579176,0.050368494,30,,0.074017511,0.06661576,0.526953231,11.83853756,-0.006443114,lost,-0.044511683,0.0
728,countdown,player_00118,occasional_player,0.036603028,0.303446634,1.0,0.036603028,30,,0.053788883,0.048409994,0.534466453,14.601700528,-0.008957558,lost,-0.036603028,0.0
728,countdown,player_01381,occasional_player,0.147059075,0.340049662,1.0,0.147059075,30,,0.216106256,0.19449563,0.429533209,2.920820824,-0.034914395,lost,-0.147059075,0.0
728,countdown,player_01303,occasional_player,0.087491722,0.487108737,1.0,0.087491722,30,,0.128570838,0.115713754,0.486122194,5.556207866,-0.021116703,lost,-0.087491722,0.0
729,bootstrap,player_01382,occasional_player,0.104683112,0,1.5,0.157024668,0,,0.343121235,0.308809112,0.249006888,2.378672959,0.004539583,won,0.249006888,0.013105626
729,bootstrap,player_01383,opportunistic_player,0.106631981,0.104683112,1.347967943,0.143736492,10,,0.31408468,0.282676212,0.247155462,2.317836168,-0.006624687,lost,-0.106631981,0.0
729,bootstrap,player_01384,occasional_player,0.131484557,0.211315093,1.19310553,0.156874952,20,,0.342794084,0.308514676,0.223545515,1.700165557,-0.021952569,lost,-0.131484557,0.0
730,bootstrap,player_00918,occasional_player,0.042397057,0,1.5,0.063595585,0,,0.163634478,0.14727103,0.243037622,5.732417277,-0.000360798,lost,-0.042397057,0.0
730,bootstrap,player_00895,occasional_player,0.179239842,0.042397057,1.438383495,0.25781563,10,,0.66337193,0.597034737,0.113036976,0.630646485,-0.004740429,won,0.113036976,0.005949315
730,bootstrap,player_00225,opportunistic_player,0.057079113,0.221636899,1.177890588,0.06723295,20,,0.172993592,0.155694233,0.229089669,4.013546406,-0.012524284,lost,-0.057079113,0.0
731,bootstrap,player_01005,occasional_player,0.190688822,0,1.5,0.286033233,0,,0.308795472,0.277915925,0.602701479,3.160654477,0.029806977,lost,-0.190688822,0.0
731,bootstrap,player_01385,opportunistic_player,0.136524131,0.190688822,1.213112807,0.165619172,10,,0.17879898,0.160919082,0.654157935,4.791518764,-0.009288298,won,0.654157935,0.034429365
731,countdown,player_01386,occasional_player,0.4746346,0.327212953,1.0,0.4746346,10,,0.512405548,0.461164993,0.33295299,0.701493296,-0.102203475,lost,-0.4746346,0.0
732,bootstrap,player_00993,occasional_player,0.341022884,0,1.5,0.511534326,0,,0.446425761,0.401783184,0.623571054,1.828531407,0.04653474,won,0.623571054,0.032819529
732,countdown,player_01387,occasional_player,0.248118999,0.341022884,1.0,0.248118999,0,,0.216538182,0.194884364,0.711829745,2.868904628,-0.061039999,lost,-0.248118999,0.0
732,countdown,player_01388,occasional_player,0.096468434,0.589141883,1.0,0.096468434,0,,0.084189842,0.075770858,0.855897781,8.872309271,-0.024306829,lost,-0.096468434,0.0
732,countdown,player_00658,player_whale,0.289722346,0.685610317,1.0,0.289722346,0,,0.252846216,0.227561594,0.672306565,2.32052023,-0.070801513,lost,-0.289722346,0.0
733,bootstrap,player_01389,occasional_player,0.121755189,0,1.5,0.182632784,0,,0.104622442,0.094160198,1.424789362,11.702083281,0.023867752,lost,-0.121755189,0.0
733,bootstrap,player_00924,occasional_player,0.277936799,0.121755189,1.306872217,0.363227881,10,,0.208077581,0.187269823,1.276416832,4.592471514,0.01314673,lost,-0.277936799,0.0
733,countdown,player_01390,opportunistic_player,0.3740059,0.399691988,1.0,0.3740059,10,,0.214251843,0.192826659,1.185151186,3.16880345,-0.073358849,lost,-0.3740059,0.0
733,countdown,player_01391,opportunistic_player,0.130012806,0.773697888,1.0,0.130012806,10,,0.074478727,0.067030854,1.416944625,10.898500456,-0.026318928,won,1.416944625,0.074576033
733,countdown,player_00679,occasional_player,0.450478746,0.903710694,1.0,0.450478746,10,,0.258059837,0.232253853,1.112501982,2.46959927,-0.08747045,lost,-0.450478746,0.0
733,countdown,player_01392,occasional_player,0.154681595,1.35418944,1.0,0.154681595,10,,0.088610412,0.079749371,1.393509276,9.008888717,-0.031214348,lost,-0.154681595,0.0
733,countdown,player_01393,occasional_player,0.090597082,1.508871035,1.0,0.090597082,10,,0.051899159,0.046709243,1.454389563,16.053381976,-0.018431925,lost,-0.090597082,0.0
734,bootstrap,player_01394,occasional_player,0.046734064,0,1.5,0.070101096,0,,0.192921798,0.173629618,0.229378314,4.908161085,0.001207223,lost,-0.046734064,0.0
734,bootstrap,player_00380,opportunistic_player,0.037044415,0.046734064,1.427055614,0.05286444,10,,0.14548564,0.130937076,0.238583481,6.440471008,-0.000954504,lost,-0.037044415,0.0
734,bootstrap,player_00372,occasional_player,0.101431216,0.083778479,1.368023739,0.138760311,20,,0.381875466,0.34368792,0.17741602,1.749126422,-0.00559479,won,0.17741602,0.009337685
734,bootstrap,player_01198,occasional_player,0.084122007,0.185209695,1.208239117,0.101639499,30,,0.279717095,0.251745385,0.193859768,2.304507172,-0.014141378,lost,-0.084122007,0.0
735,bootstrap,player_00353,opportunistic_player,0.031650501,0,1.5,0.047475751,0,,0.071421707,0.064279536,0.523072973,16.526530592,0.004006867,lost,-0.031650501,0.0
735,bootstrap,player_01377,opportunistic_player,0.175079981,0.031650501,1.449863528,0.253842079,10,,0.381875677,0.343688109,0.386814967,2.209361486,0.018036631,lost,-0.175079981,0.0
735,bootstrap,player_00614,occasional_player,0.057837662,0.206730482,1.172525339,0.067816124,20,,0.102021416,0.091819274,0.49819517,8.613680997,-0.006783131,lost,-0.057837662,0.0
735,countdown,player_00403,occasional_player,0.295590443,0.264568144,1.0,0.295590443,20,,0.444681201,0.400213081,0.272330028,0.921308637,-0.068301242,won,0.272330028,0.014333159
736,bootstrap,player_01211,occasional_player,0.047491939,0,1.5,0.071237909,0,,0.022374713,0.020137242,2.879205955,60.625150626,0.011443683,lost,-0.047491939,0.0
736,bootstrap,player_01078,occasional_player,0.244766745,0.047491939,1.424716951,0.348723331,10,,0.109528543,0.098575689,2.69179489,10.997388104,0.044706841,lost,-0.244766745,0.0
736,countdown,player_00035,opportunistic_player,1.940769032,0.292258684,1.0,1.940769032,10,,0.609565192,0.548608673,1.080592717,0.556785841,-0.283223772,won,1.080592717,0.056873301
736,countdown,player_01395,occasional_player,0.127671008,2.233027716,1.0,0.127671008,10,,0.040099466,0.03608952,2.80303584,21.955147717,-0.021903205,lost,-0.127671008,0.0
736,countdown,player_01396,occasional_player,0.059277528,2.360698724,1.0,0.059277528,10,,0.018618144,0.01675633,2.868009646,48.382747099,-0.010226939,lost,-0.059277528,0.0
736,countdown,player_01397,occasional_player,0.370172937,2.419976252,1.0,0.370172937,10,,0.116265529,0.104638976,2.572659007,6.949884095,-0.062238016,lost,-0.370172937,0.0
736,countdown,player_00674,occasional_player,0.266006284,2.790149189,1.0,0.266006284,10,,0.083548413,0.075193571,2.671617328,10.043436897,-0.045115874,lost,-0.266006284,0.0
737,bootstrap,player_01398,player_whale,0.967073257,0,1.5,1.450609886,0,,1.0,0.9,0.020960915,0.021674589,-0.077842502,won,0.020960915,0.001103206
738,bootstrap,player_00765,opportunistic_player,0.842331499,0,1.5,1.263497249,0,,0.926817965,0.834136168,0.115724331,0.137385734,-0.04318248,lost,-0.842331499,0.0
738,countdown,player_01399,occasional_player,0.099766409,0.842331499,1.0,0.099766409,0,,0.073182035,0.065863832,0.821161167,8.230838163,-0.03911059,lost,-0.099766409,0.0
739,bootstrap,player_00119,occasional_player,0.014558346,0,1.5,0.021837519,0,,0.041305235,0.037174711,0.382033544,26.241548582,0.000184843,lost,-0.014558346,0.0
739,bootstrap,player_01400,occasional_player,0.091565958,0.014558346,1.47701087,0.135243915,10,,0.255811187,0.230230068,0.308876312,3.373265777,0.000627893,lost,-0.091565958,0.0
739,bootstrap,player_01023,occasional_player,0.250271386,0.106124304,1.332418774,0.333466293,20,,0.63074489,0.567670401,0.158106156,0.631738843,-0.018447543,won,0.158106156,0.008321377
739,countdown,player_01378,occasional_player,0.038138749,0.35639569,1.0,0.038138749,20,,0.072138688,0.06492482,0.359632161,9.429574132,-0.012313544,lost,-0.038138749,0.0
740,bootstrap,player_01173,occasional_player,0.069105678,0,1.5,0.103658517,0,,0.258056142,0.232250528,0.235754535,3.411507441,0.001698267,lost,-0.069105678,0.0
740,bootstrap,player_00513,occasional_player,0.150879129,0.069105678,1.390798563,0.209842476,10,,0.52239933,0.470159397,0.158069756,1.047658197,-0.005623907,lost,-0.150879129,0.0
740,bootstrap,player_00296,occasional_player,0.076527666,0.219984807,1.152377956,0.088188795,20,,0.219544528,0.197590075,0.228703646,2.98850936,-0.016216988,lost,-0.076527666,0.0
741,bootstrap,player_01247,opportunistic_player,0.198025327,0,1.5,0.297037991,0,,0.095752089,0.08617688,2.670184011,13.48405303,0.049148006,lost,-0.198025327,0.0
741,bootstrap,player_00653,opportunistic_player,0.043851318,0.198025327,1.189839728,0.05217604,10,,0.016819279,0.015137351,2.816649319,64.231805281,-0.000550916,lost,-0.043851318,0.0
741,bootstrap,player_01401,occasional_player,0.069498135,0.241876645,1.121156914,0.077918315,20,,0.025117465,0.022605719,2.792284843,40.177838484,-0.004805474,lost,-0.069498135,0.0
741,countdown,player_01370,player_whale,2.626065718,0.31137478,1.0,2.626065718,20,,0.846529019,0.761876117,0.363545639,0.138437373,-0.348352226,won,0.363545639,0.019133981
741,countdown,player_00125,occasional_player,0.048958695,2.937440498,1.0,0.048958695,20,,0.015782147,0.014203933,2.811797311,57.432031449,-0.00832471,lost,-0.048958695,0.0
742,bootstrap,player_00799,occasional_player,0.093660524,0,1.5,0.140490786,0,,0.108709622,0.09783866,1.06676064,11.38965056,0.019873528,lost,-0.093660524,0.0
742,bootstrap,player_00340,occasional_player,0.014644317,0.093660524,1.355156286,0.019845338,10,,0.015356019,0.013820417,1.141826036,77.970589974,0.001338586,lost,-0.014644317,0.0
742,bootstrap,player_01402,occasional_player,0.114822027,0.108304841,1.332509208,0.153001408,20,,0.11839015,0.106551135,1.046657212,9.115474087,0.008934904,lost,-0.114822027,0.0
742,bootstrap,player_00882,occasional_player,0.052950366,0.223126868,1.154939747,0.061154482,30,,0.047320403,0.042588363,1.10543529,20.876820563,-0.003616617,lost,-0.052950366,0.0
742,countdown,player_00679,occasional_player,0.248943422,0.276077234,1.0,0.248943422,30,,0.192628614,0.173365752,0.919241887,3.692573514,-0.046420097,lost,-0.248943422,0.0
742,countdown,player_01403,occasional_player,0.021506806,0.525020656,1.0,0.021506806,30,,0.016641638,0.014977474,1.135306672,52.788250924,-0.004180662,lost,-0.021506806,0.0
742,countdown,player_00576,occasional_player,0.312799475,0.546527462,1.0,0.312799475,30,,0.242039451,0.217835506,0.858578636,2.744821219,-0.057631731,lost,-0.312799475,0.0
742,countdown,player_00191,occasional_player,0.220586879,0.859326937,1.0,0.220586879,30,,0.170686754,0.153618079,0.946180602,4.289378437,-0.0413503,won,0.946180602,0.049798979
742,countdown,player_01404,occasional_player,0.114020538,1.079913816,1.0,0.114020538,30,,0.088227349,0.079404614,1.047418626,9.186227715,-0.021796909,lost,-0.114020538,0.0
743,bootstrap,player_01176,occasional_player,0.019842355,0,1.5,0.029763532,0,,0.03354598,0.030191382,0.686469476,34.596169436,0.001482175,lost,-0.019842355,0.0
743,bootstrap,player_01405,occasional_player,0.119868006,0.019842355,1.469292787,0.176121197,10,,0.198503262,0.178652936,0.591445107,4.93413653,0.00721017,lost,-0.119868006,0.0
743,bootstrap,player_01147,occasional_player,0.064073885,0.139710361,1.283789991,0.082257412,20,,0.092710956,0.083439861,0.644449522,10.057912394,-0.004954791,won,0.644449522,0.033918396
743,bootstrap,player_00557,occasional_player,0.451049557,0.203784246,1.184063438,0.534071289,30,,0.601942837,0.541748553,0.276822634,0.613729976,-0.056725851,lost,-0.451049557,0.0
743,countdown,player_00140,occasional_player,0.065032428,0.654833803,1.0,0.065032428,30,,0.073296964,0.065967268,0.643538906,9.895661688,-0.018289913,lost,-0.065032428,0.0
744,bootstrap,player_01406,occasional_player,0.088130583,0,1.5,0.132195875,0,,0.102083852,0.091875467,1.007209919,11.42860837,0.012504337,won,1.007209919,0.053011048
744,bootstrap,player_01407,occasional_player,0.126677671,0.088130583,1.362902053,0.172649258,10,,0.133322627,0.119990364,0.970590185,7.661888455,0.004983898,lost,-0.126677671,0.0
744,bootstrap,player_00249,occasional_player,0.030152246,0.214808254,1.165839375,0.035152676,20,,0.027145481,0.024430933,1.062289339,35.230852744,-0.003462879,lost,-0.030152246,0.0
744,bootstrap,player_01295,player_whale,0.622897423,0.2449605,1.118933853,0.696981013,30,,0.538220323,0.48439829,0.499181421,0.801386235,-0.07936435,lost,-0.622897423,0.0
744,countdown,player_00613,opportunistic_player,0.2579946,0.867857923,1.0,0.2579946,30,,0.199227718,0.179304946,0.845839102,3.278514753,-0.060071757,lost,-0.2579946,0.0
745,bootstrap,player_01408,occasional_player,0.088315119,0,1.5,0.132472678,0,,0.064386931,0.057948238,1.700637745,19.256473457,0.015351548,lost,-0.088315119,0.0
745,bootstrap,player_01409,occasional_player,0.021696963,0.088315119,1.362518747,0.029562519,10,,0.014368547,0.012931692,1.763924993,81.298244047,0.00139415,lost,-0.021696963,0.0
745,bootstrap,player_01128,occasional_player,0.056202735,0.110012082,1.328742813,0.07467898,20,,0.036296921,0.032667229,1.73114451,30.801784106,0.002184947,lost,-0.056202735,0.0
745,bootstrap,player_01410,occasional_player,0.542879889,0.166214817,1.241251311,0.673850374,30,,0.327517782,0.294766004,1.268801213,2.337167464,-0.00885789,won,1.268801213,0.066779011
745,countdown,player_00803,occasional_player,1.112849232,0.709094706,1.0,1.112849232,30,,0.540888492,0.486799643,0.727330338,0.653574911,-0.217050475,lost,-1.112849232,0.0
745,countdown,player_00253,occasional_player,0.034032898,1.821943938,1.0,0.034032898,30,,0.016541327,0.014887194,1.752205855,51.485649409,-0.007440815,lost,-0.034032898,0.0
746,bootstrap,player_01411,occasional_player,0.085196226,0,1.5,0.127794339,0,,0.270195884,0.243176296,0.291889043,3.426079501,0.006501973,lost,-0.085196226,0.0
746,bootstrap,player_00813,occasional_player,0.018703466,0.085196226,1.365100572,0.025532112,10,,0.053982607,0.048584346,0.355057165,18.983495649,-0.00054455,lost,-0.018703466,0.0
746,bootstrap,player_01412,occasional_player,0.087273303,0.103899692,1.335485564,0.116552236,20,,0.246426678,0.22178401,0.28991582,3.321930193,-0.003618787,lost,-0.087273303,0.0
746,bootstrap,player_01005,occasional_player,0.121238681,0.191172995,1.197297299,0.145158745,30,,0.30690949,0.276218541,0.257648711,2.125136211,-0.016582958,won,0.257648711,0.013560458
746,countdown,player_01413,occasional_player,0.057931797,0.312411676,1.0,0.057931797,30,,0.12248534,0.110236806,0.317790251,5.485592842,-0.016513398,lost,-0.057931797,0.0
747,bootstrap,player_01414,opportunistic_player,0.857264951,0,1.5,1.285897427,0,,0.490136874,0.441123186,1.292319439,1.507491281,0.090966565,won,1.292319439,0.068016813
747,countdown,player_01415,opportunistic_player,0.643155408,0.857264951,1.0,0.643155408,0,,0.245147221,0.220632499,1.495723505,2.325602003,-0.171249208,lost,-0.643155408,0.0
747,countdown,player_01416,opportunistic_player,0.225969818,1.500420359,1.0,0.225969818,0,,0.086131396,0.077518256,1.892049816,8.373020045,-0.061784629,lost,-0.225969818,0.0
747,countdown,player_01198,occasional_player,0.118618005,1.726390177,1.0,0.118618005,0,,0.045212827,0.040691544,1.994034038,16.81055113,-0.03265093,lost,-0.118618005,0.0
747,countdown,player_01417,occasional_player,0.014655655,1.845008182,1.0,0.014655655,0,,0.005586197,0.005027578,2.09279827,142.79800326,-0.004060267,lost,-0.014655655,0.0
747,countdown,player_01390,opportunistic_player,0.335251303,1.859663837,1.0,0.335251303,0,,0.127785484,0.115006936,1.788232405,5.33400583,-0.091035948,lost,-0.335251303,0.0
748,bootstrap,player_01418,occasional_player,0.307426217,0,1.5,0.461139326,0,,0.681497847,0.613348063,0.223607335,0.727352848,0.018282183,won,0.223607335,0.011768807
748,bootstrap,player_01354,occasional_player,0.110766634,0.307426217,1.025371375,0.113576936,10,,0.167850437,0.151065393,0.410433938,3.705393254,-0.032031265,lost,-0.110766634,0.0
748,countdown,player_01419,occasional_player,0.049597075,0.418192851,1.0,0.049597075,10,,0.07329737,0.065967633,0.468545019,9.447029274,-0.015416467,lost,-0.049597075,0.0
748,countdown,player_00716,occasional_player,0.05234225,0.467789926,1.0,0.05234225,10,,0.077354345,0.069618911,0.465937103,8.901740051,-0.016260206,lost,-0.05234225,0.0
749,bootstrap,player_01374,occasional_player,0.267462298,0,1.5,0.401193447,0,,0.334537108,0.301083397,0.75852113,2.835992719,0.041444278,lost,-0.267462298,0.0
749,bootstrap,player_00753,occasional_player,0.256587227,0.267462298,1.086781545,0.278854263,10,,0.232523984,0.209271585,0.768852447,2.996456434,-0.041991841,lost,-0.256587227,0.0
749,countdown,player_01420,occasional_player,0.44550914,0.524049525,1.0,0.44550914,10,,0.371489964,0.334340967,0.58937663,1.322928257,-0.099504431,won,0.58937663,0.031019823
749,countdown,player_01084,occasional_player,0.073692614,0.969558665,1.0,0.073692614,10,,0.061448945,0.05530405,0.94260233,12.79100141,-0.017487387,lost,-0.073692614,0.0
750,bootstrap,player_00657,occasional_player,0.168518787,0,1.5,0.252778181,0,,0.139566736,0.125610062,1.429330079,8.481725415,0.032187108,lost,-0.168518787,0.0
750,bootstrap,player_01285,occasional_player,0.094905097,0.168518787,1.2394629,0.117631347,10,,0.064947944,0.05845315,1.499263084,15.797498043,-0.001720946,lost,-0.094905097,0.0
750,bootstrap,player_00530,opportunistic_player,0.579492067,0.263423884,1.092735646,0.633231638,20,,0.349626983,0.314664284,1.038905463,1.792786341,-0.070240166,won,1.038905463,0.054679235
750,countdown,player_01421,occasional_player,0.807522358,0.842915951,1.0,0.807522358,20,,0.445858338,0.401272504,0.822276686,1.018271108,-0.153528815,lost,-0.807522358,0.0
751,bootstrap,player_01376,occasional_player,0.651914919,0,1.5,0.977872378,0,,0.597614577,0.537853119,0.646990797,0.99244668,0.046705572,won,0.646990797,0.034052147
751,countdown,player_01422,opportunistic_player,0.29999453,0.651914919,1.0,0.29999453,0,,0.183337937,0.165004143,0.981315167,3.271110199,-0.088573122,lost,-0.29999453,0.0
751,countdown,player_01004,occasional_player,0.046039084,0.951909449,1.0,0.046039084,0,,0.028136215,0.025322594,1.222572841,26.555107842,-0.01391454,lost,-0.046039084,0.0
751,countdown,player_01423,occasional_player,0.258355064,0.997948533,1.0,0.258355064,0,,0.157890493,0.142101444,1.02087266,3.951432744,-0.076574957,lost,-0.258355064,0.0
751,countdown,player_01181,occasional_player,0.054031658,1.256303597,1.0,0.054031658,0,,0.033020778,0.0297187,1.214979895,22.486444804,-0.016318284,lost,-0.054031658,0.0
752,bootstrap,player_01424,occasional_player,0.020312402,0,1.5,0.030468603,0,,0.040089571,0.036080614,0.52405915,25.799959529,-0.000671142,lost,-0.020312402,0.0
752,bootstrap,player_00008,persistent_player,0.010214575,0.020312402,1.468266439,0.014997718,10,,0.019733497,0.017760147,0.533652085,52.244179046,-0.000555423,lost,-0.010214575,0.0
752,bootstrap,player_01215,opportunistic_player,0.054007029,0.030526977,1.452308463,0.078434865,20,,0.103201978,0.09288178,0.492049254,9.110837293,-0.003288349,lost,-0.054007029,0.0
752,bootstrap,player_00575,occasional_player,0.465016382,0.084534006,1.367934624,0.63611201,30,,0.836974954,0.753277459,0.101590369,0.218466214,-0.038204289,won,0.101590369,0.005346862
753,bootstrap,player_00935,occasional_player,0.048356134,0,1.5,0.072534201,0,,0.034416132,0.030974519,1.749370722,36.176811023,0.007327591,lost,-0.048356134,0.0
753,bootstrap,player_00700,occasional_player,0.095223627,0.048356134,1.424401495,0.135636677,10,,0.064357086,0.057921378,1.704846603,17.903609187,0.009038921,lost,-0.095223627,0.0
753,bootstrap,player_01414,opportunistic_player,0.637172962,0.143579761,1.275531781,0.812734363,20,,0.385627375,0.347064637,1.189994735,1.867616496,-0.003027668,won,1.189994735,0.062631302
753,countdown,player_00335,player_whale,1.086658734,0.780752723,1.0,1.086658734,20,,0.515599406,0.464039466,0.762983252,0.702136952,-0.228351856,lost,-1.086658734,0.0
754,bootstrap,player_00758,occasional_player,0.030028219,0,1.5,0.045042328,0,,0.124891264,0.112402138,0.237445378,7.907407978,3.6385e-05,lost,-0.030028219,0.0
754,bootstrap,player_00201,opportunistic_player,0.019146532,0.030028219,1.453021914,0.027820331,10,,0.077138915,0.069425023,0.247782981,12.941402711,-0.000614944,lost,-0.019146532,0.0
754,bootstrap,player_00701,opportunistic_player,0.150567773,0.049174751,1.423067842,0.214268156,20,,0.594112739,0.534701465,0.122932802,0.816461582,-0.004326615,lost,-0.150567773,0.0
754,bootstrap,player_01425,occasional_player,0.061912357,0.199742524,1.187509887,0.073521536,30,,0.203857082,0.183471374,0.207155447,3.345946713,-0.012546117,won,0.207155447,0.010902918
755,bootstrap,player_00888,occasional_player,0.241129212,0,1.5,0.361693818,0,,0.844302475,0.759872227,0.076019417,0.315264238,-0.000136777,won,0.076019417,0.004001022
755,bootstrap,player_00052,occasional_player,0.028461729,0.241129212,1.151591133,0.032776275,10,,0.076509713,0.068858741,0.278053526,9.769382814,-0.007355474,lost,-0.028461729,0.0
755,bootstrap,player_00569,occasional_player,0.03054892,0.269590941,1.110466631,0.033923556,20,,0.079187813,0.071269031,0.276070695,9.037003426,-0.008696437,lost,-0.03054892,0.0
756,bootstrap,player_00641,opportunistic_player,0.11363437,0,1.5,0.170451555,0,,0.09081989,0.081737901,1.235846292,10.875638172,-0.003330653,lost,-0.11363437,0.0
756,bootstrap,player_00873,occasional_player,1.276533994,0.11363437,1.336711043,1.706357086,10,,0.90918011,0.818262099,0.131091649,0.102693426,-0.124727281,won,0.131091649,0.00689956
757,bootstrap,player_00431,occasional_player,0.030140985,0,1.5,0.045211477,0,,0.045243771,0.040719394,0.806455667,26.756115217,0.003924724,lost,-0.030140985,0.0
757,bootstrap,player_00436,occasional_player,0.283193,0.030140985,1.455947098,0.412314026,10,,0.41260854,0.371347686,0.566056253,1.998835611,0.032173745,lost,-0.283193,0.0
757,countdown,player_00173,occasional_player,0.101747804,0.313333985,1.0,0.101747804,10,,0.101820482,0.091638434,0.738429189,7.257445963,-0.0247553,lost,-0.101747804,0.0
757,countdown,player_00333,occasional_player,0.162296065,0.415081789,1.0,0.162296065,10,,0.162411992,0.146170793,0.680908341,4.195470429,-0.039044208,lost,-0.162296065,0.0
757,countdown,player_01426,occasional_player,0.204482436,0.577377854,1.0,0.204482436,10,,0.204628497,0.184165647,0.640831289,3.133918499,-0.048804687,won,0.640831289,0.033727963
757,countdown,player_00398,occasional_player,0.039489688,0.78186029,1.0,0.039489688,10,,0.039517895,0.035566106,0.7975744,20.197029654,-0.009718578,lost,-0.039489688,0.0
757,countdown,player_01427,occasional_player,0.033744718,0.821349978,1.0,0.033744718,10,,0.033768822,0.03039194,0.803032121,23.797268689,-0.008313447,lost,-0.033744718,0.0
758,bootstrap,player_01131,occasional_player,0.236333457,0,1.5,0.354500186,0,,0.608699894,0.547829905,0.22162356,0.937757872,0.014549092,won,0.22162356,0.011664398
758,bootstrap,player_01428,opportunistic_player,0.120065625,0.236333457,1.154342166,0.138596814,10,,0.237979751,0.214181776,0.332078,2.765804119,-0.0232247,lost,-0.120065625,0.0
758,countdown,player_01037,opportunistic_player,0.065540675,0.356399082,1.0,0.065540675,10,,0.112537605,0.101283845,0.383876703,5.857075819,-0.020021955,lost,-0.065540675,0.0
758,countdown,player_00917,occasional_player,0.023751429,0.421939757,1.0,0.023751429,10,,0.04078275,0.036704475,0.423576486,17.833726399,-0.007332493,lost,-0.023751429,0.0
759,bootstrap,player_00973,occasional_player,0.10001144,0,1.5,0.15001716,0,,0.106268443,0.095641599,1.11127257,11.111454551,0.015837699,lost,-0.10001144,0.0
759,bootstrap,player_01429,occasional_player,0.330841679,0.10001144,1.346888559,0.445606872,10,,0.315656879,0.284091191,0.891983843,2.696104813,0.01655228,lost,-0.330841679,0.0
759,countdown,player_01430,occasional_player,0.183041219,0.430853119,1.0,0.183041219,10,,0.129661869,0.116695682,1.03239428,5.640228391,-0.041205144,lost,-0.183041219,0.0
759,countdown,player_01431,opportunistic_player,0.179028034,0.613894338,1.0,0.179028034,10,,0.126819028,0.114137125,1.036206806,5.787958359,-0.040324623,lost,-0.179028034,0.0
759,countdown,player_01411,occasional_player,0.045854547,0.792922372,1.0,0.045854547,10,,0.032482226,0.029234004,1.162721618,25.356735472,-0.010523027,lost,-0.045854547,0.0
759,countdown,player_01432,opportunistic_player,0.408133339,0.838776919,1.0,0.408133339,10,,0.289111555,0.2602004,0.818556766,2.005611127,-0.088948083,lost,-0.408133339,0.0
760,bootstrap,player_00999,occasional_player,0.331526882,0,1.5,0.497290323,0,,0.303314642,0.272983178,1.107416423,3.340351818,0.061280434,lost,-0.331526882,0.0
760,countdown,player_01433,occasional_player,0.199814354,0.331526882,1.0,0.199814354,10,,0.121873715,0.109686344,1.232543325,6.168442356,-0.042704277,won,1.232543325,0.064870701
760,countdown,player_01434,player_whale,0.866168972,0.531341236,1.0,0.866168972,10,,0.528306544,0.475475889,0.599506437,0.692135665,-0.169275653,lost,-0.866168972,0.0
760,countdown,player_01435,occasional_player,0.041740878,1.397510208,1.0,0.041740878,10,,0.025459211,0.02291329,1.382713127,33.126115045,-0.00910195,lost,-0.041740878,0.0
760,countdown,player_00421,occasional_player,0.034505147,1.439251086,1.0,0.034505147,10,,0.021045888,0.018941299,1.389587071,40.271878023,-0.007530991,lost,-0.034505147,0.0
761,bootstrap,player_01436,opportunistic_player,0.10433027,0,1.5,0.156495405,0,,0.184500243,0.166050218,1.001554791,5.454662718,0.013183177,lost,-0.10433027,0.0
761,bootstrap,player_00863,occasional_player,0.152216685,0.10433027,1.344321128,0.204628106,10,,0.154053257,0.138647931,1.03138265,6.775752934,0.011886914,lost,-0.152216685,0.0
761,bootstrap,player_01436,opportunistic_player,0.079284161,0.256546955,1.117187413,0.088575267,20,,0.184500243,0.166050218,1.001554791,5.454662718,0.013183177,lost,-0.079284161,0.0
761,countdown,player_01437,occasional_player,0.205378624,0.335831116,1.0,0.205378624,20,,0.154618281,0.139156453,0.980878808,4.775953742,-0.040303248,lost,-0.205378624,0.0
761,countdown,player_01438,occasional_player,0.030882594,0.54120974,1.0,0.030882594,20,,0.023249808,0.020924827,1.146650036,37.129330405,-0.006242927,lost,-0.030882594,0.0
761,countdown,player_01439,opportunistic_player,0.102822886,0.572092334,1.0,0.102822886,20,,0.077409701,0.069668731,1.078306759,10.487030669,-0.020535083,lost,-0.102822886,0.0
761,countdown,player_01440,occasional_player,0.539511696,0.67491522,1.0,0.539511696,20,,0.406168711,0.36555184,0.663452389,1.229727538,-0.099765962,won,0.663452389,0.034918547
762,bootstrap,player_01441,player_whale,0.933295608,0,1.5,1.399943412,0,,0.865305077,0.77877457,0.229774465,0.246196878,-0.027526212,won,0.229774465,0.012093393
762,countdown,player_01367,opportunistic_player,0.128567453,0.933295608,1.0,0.128567453,0,,0.079467548,0.071520793,0.994266212,7.733420779,-0.048261499,lost,-0.128567453,0.0
762,countdown,player_00325,occasional_player,0.036709416,1.061863061,1.0,0.036709416,0,,0.022690091,0.020421082,1.081531348,29.46196005,-0.013873729,lost,-0.036709416,0.0
762,countdown,player_00283,occasional_player,0.025231493,1.098572477,1.0,0.025231493,0,,0.015595587,0.014036028,1.092435374,43.296501499,-0.009543889,lost,-0.025231493,0.0
762,countdown,player_01442,occasional_player,0.027409312,1.12380397,1.0,0.027409312,0,,0.016941697,0.015247527,1.090366446,39.780876165,-0.010365996,lost,-0.027409312,0.0
763,bootstrap,player_01370,player_whale,2.262383598,0,1.5,3.393575397,0,,0.78472718,0.706254462,0.907366444,0.401066576,-0.023733488,won,0.907366444,0.047756129
763,countdown,player_01443,player_whale,0.916237986,2.262383598,1.0,0.916237986,0,,0.211870009,0.190683008,2.186204775,2.386066512,-0.324654867,lost,-0.916237986,0.0
763,countdown,player_01444,occasional_player,0.014715553,3.178621584,1.0,0.014715553,0,,0.003402811,0.00306253,3.042651086,206.76430484,-0.005352277,lost,-0.014715553,0.0
764,bootstrap,player_00717,occasional_player,0.013839884,0,1.5,0.020759826,0,,0.012518415,0.011266573,1.074135693,77.611611006,-0.001582127,lost,-0.013839884,0.0
764,bootstrap,player_01016,player_whale,1.106517036,0.013839884,1.479943954,1.637583197,10,,0.987481585,0.888733427,0.036092399,0.032618024,-0.091041838,won,0.036092399,0.0018996
765,bootstrap,player_01091,occasional_player,0.065792736,0,1.5,0.098689104,0,,0.143987172,0.129588455,0.474169218,7.207014735,0.004180099,lost,-0.065792736,0.0
765,bootstrap,player_01019,opportunistic_player,0.276138151,0.065792736,1.404589771,0.387860822,10,,0.565888032,0.509299228,0.274341074,0.993492107,0.004220493,won,0.274341074,0.014439004
765,countdown,player_00753,occasional_player,0.198852133,0.341930887,1.0,0.198852133,10,,0.290124797,0.261112317,0.347762791,1.748851196,-0.056124244,lost,-0.198852133,0.0
766,bootstrap,player_01178,occasional_player,0.022076428,0,1.5,0.033114642,0,,0.07020577,0.063185193,0.348955741,15.80671208,0.001367311,lost,-0.022076428,0.0
766,bootstrap,player_01291,occasional_player,0.139097553,0.022076428,1.467963143,0.204190081,10,,0.432899796,0.389609816,0.237785672,1.709488537,0.007739851,lost,-0.139097553,0.0
766,bootstrap,player_01279,occasional_player,0.091080717,0.161173981,1.26610764,0.115317992,20,,0.244483645,0.22003528,0.283401667,3.111544089,-0.008681381,lost,-0.091080717,0.0
766,bootstrap,player_00416,occasional_player,0.045036015,0.252254698,1.13393318,0.051067832,30,,0.108268012,0.09744121,0.327144134,7.264055967,-0.008770331,won,0.327144134,0.017218112
766,countdown,player_01091,occasional_player,0.067989234,0.297290713,1.0,0.067989234,30,,0.144142778,0.1297285,0.305338575,4.490984197,-0.019557977,lost,-0.067989234,0.0
767,bootstrap,player_00586,occasional_player,0.055061314,0,1.5,0.082591971,0,,0.083094655,0.074785189,0.75764912,13.760098786,0.00571739,lost,-0.055061314,0.0
767,bootstrap,player_00557,occasional_player,0.328320958,0.055061314,1.42122732,0.466618715,10,,0.469458721,0.422512848,0.498052458,1.516968217,0.020832428,won,0.498052458,0.026213287
767,countdown,player_01445,occasional_player,0.173321315,0.383382272,1.0,0.173321315,10,,0.174376209,0.156938589,0.645302119,3.723154991,-0.044847709,lost,-0.173321315,0.0
767,countdown,player_01446,occasional_player,0.145770032,0.556703587,1.0,0.145770032,10,,0.14665724,0.131991516,0.671475838,4.60640523,-0.037900511,lost,-0.145770032,0.0
767,countdown,player_00585,occasional_player,0.125648435,0.702473619,1.0,0.125648435,10,,0.126413176,0.113771858,0.690591355,5.496219312,-0.032783318,lost,-0.125648435,0.0
768,bootstrap,player_00981,occasional_player,0.305754306,0,1.5,0.458631459,0,,0.488993397,0.440094058,0.476053106,1.556979235,0.03831449,lost,-0.305754306,0.0
768,bootstrap,player_00768,occasional_player,0.042023724,0.305754306,1.062270574,0.044640565,10,,0.047595823,0.04283624,0.726597158,17.29016587,-0.009098895,lost,-0.042023724,0.0
768,countdown,player_00680,opportunistic_player,0.144691397,0.34777803,1.0,0.144691397,10,,0.154270137,0.138843123,0.629062869,4.347617634,-0.037260938,lost,-0.144691397,0.0
768,countdown,player_01447,opportunistic_player,0.289945887,0.492469427,1.0,0.289945887,10,,0.309140643,0.278226579,0.491071104,1.693664665,-0.072646201,lost,-0.289945887,0.0
769,bootstrap,player_00864,occasional_player,0.202466026,0,1.5,0.303699039,0,,0.31610789,0.284497101,0.604824673,2.987289697,0.027205838,lost,-0.202466026,0.0
769,bootstrap,player_00403,occasional_player,0.208368146,0.202466026,1.218779777,0.253954882,10,,0.264331235,0.237898111,0.599217659,2.875764223,-0.016245008,won,0.599217659,0.031537772
769,countdown,player_01448,occasional_player,0.046913099,0.410834172,1.0,0.046913099,10,,0.048829923,0.043946931,0.752599954,16.042426744,-0.011776954,lost,-0.046913099,0.0
769,countdown,player_01449,occasional_player,0.181406002,0.457747271,1.0,0.181406002,10,,0.188818077,0.169936269,0.624831696,3.444382707,-0.044396975,lost,-0.181406002,0.0
769,countdown,player_01450,occasional_player,0.174771864,0.639153273,1.0,0.174771864,10,,0.181912875,0.163721587,0.631134127,3.611188396,-0.042827656,lost,-0.174771864,0.0
770,bootstrap,player_00947,occasional_player,0.032760271,0,1.5,0.049140406,0,,0.049954612,0.044959151,0.811971507,24.785249993,0.005218152,lost,-0.032760271,0.0
770,bootstrap,player_01300,occasional_player,0.196906792,0.032760271,1.454464932,0.286394024,10,,0.291139279,0.262025351,0.656032312,3.331689603,0.026584876,won,0.656032312,0.034528016
770,bootstrap,player_00767,occasional_player,0.086004252,0.229667063,1.180774762,0.10155165,20,,0.103234256,0.092910831,0.761389725,8.852931186,-0.007272174,lost,-0.086004252,0.0
770,countdown,player_01451,opportunistic_player,0.062720897,0.315671315,1.0,0.062720897,20,,0.063760118,0.057384106,0.783508912,12.491991495,-0.014160756,lost,-0.062720897,0.0
770,countdown,player_01452,occasional_player,0.095325726,0.378392212,1.0,0.095325726,20,,0.096905175,0.087214658,0.752534324,7.894346636,-0.021379902,lost,-0.095325726,0.0
770,countdown,player_00126,occasional_player,0.024409055,0.473717938,1.0,0.024409055,20,,0.024813488,0.022332139,0.819905162,33.590205019,-0.005553712,lost,-0.024409055,0.0
770,countdown,player_01453,occasional_player,0.364159326,0.498126993,1.0,0.364159326,20,,0.370193072,0.333173765,0.497142404,1.365178286,-0.077196186,lost,-0.364159326,0.0
771,bootstrap,player_00737,occasional_player,0.274083079,0,1.5,0.411124619,0,,0.622847102,0.560562392,0.251361907,0.917101151,0.020461619,lost,-0.274083079,0.0
771,bootstrap,player_00702,occasional_player,0.081130526,0.274083079,1.111677679,0.090190995,10,,0.136637889,0.1229741,0.434666833,5.357623746,-0.01770081,won,0.434666833,0.022877202
771,countdown,player_01454,occasional_player,0.131103149,0.355213605,1.0,0.131103149,10,,0.198619136,0.178757222,0.387192841,2.953345085,-0.038453998,lost,-0.131103149,0.0
771,countdown,player_01455,occasional_player,0.027654339,0.486316754,1.0,0.027654339,10,,0.041895873,0.037706286,0.48546921,17.554901972,-0.008306356,lost,-0.027654339,0.0
772,bootstrap,player_01105,occasional_player,0.241380044,0,1.5,0.362070066,0,,0.707753547,0.636978192,0.145922581,0.60453457,0.005323282,lost,-0.241380044,0.0
772,bootstrap,player_00485,occasional_player,0.128494641,0.241380044,1.163522543,0.149506411,10,,0.292246453,0.263021808,0.253163714,1.9702278,-0.02811017,won,0.253163714,0.013324406
773,bootstrap,player_01074,occasional_player,0.306515024,0,1.5,0.459772536,0,,0.662120923,0.595908831,0.233290957,0.76110774,0.015160127,won,0.233290957,0.012278471
773,bootstrap,player_00780,occasional_player,0.22113201,0.306515024,1.061000038,0.234621071,10,,0.337879077,0.304091169,0.31440482,1.421796964,-0.058279989,lost,-0.22113201,0.0
774,bootstrap,player_01456,occasional_player,0.017991781,0,1.5,0.026987671,0,,0.055916585,0.050324927,0.336768947,18.717932757,-0.000138473,lost,-0.017991781,0.0
774,bootstrap,player_01157,opportunistic_player,0.092860581,0.017991781,1.474571424,0.136929559,20,,0.283708564,0.255337708,0.265643587,2.86067117,-0.001320949,lost,-0.092860581,0.0
774,bootstrap,player_00337,occasional_player,0.237264843,0.110852362,1.343327477,0.318724383,30,,0.66037485,0.594337365,0.128459538,0.541418343,-0.019901178,won,0.128459538,0.006761028
775,bootstrap,player_01146,occasional_player,0.081868743,0,1.5,0.122803114,0,,0.179298121,0.161368309,0.501843004,6.129848655,0.012323835,lost,-0.081868743,0.0
775,bootstrap,player_00422,occasional_player,0.099482679,0.081868743,1.384211545,0.137705073,10,,0.201055658,0.180950092,0.485109765,4.876323897,0.006299378,won,0.485109765,0.025532093
775,bootstrap,player_01457,occasional_player,0.052463387,0.181351422,1.243511379,0.065238819,20,,0.095251637,0.085726474,0.529778092,10.09805357,-0.002549878,lost,-0.052463387,0.0
775,bootstrap,player_00746,occasional_player,0.044889949,0.233814809,1.169311454,0.052490332,30,,0.076638268,0.068974441,0.536972858,11.961984151,-0.004756287,lost,-0.044889949,0.0
775,countdown,player_01458,occasional_player,0.306672873,0.278704758,1.0,0.306672873,30,,0.447756316,0.402980685,0.288279081,0.940021456,-0.066918727,lost,-0.306672873,0.0
776,bootstrap,player_00468,occasional_player,0.503596166,0,1.5,0.755394249,0,,0.484438183,0.435994365,0.786487806,1.561743038,0.058873176,lost,-0.503596166,0.0
776,countdown,player_00469,occasional_player,0.038576144,0.503596166,1.0,0.038576144,0,,0.024739078,0.02226517,1.228256827,31.839803041,-0.010369892,won,1.228256827,0.064645096
776,countdown,player_01319,occasional_player,0.080171039,0.54217231,1.0,0.080171039,0,,0.051414096,0.046272686,1.188741677,14.827569801,-0.021455039,lost,-0.080171039,0.0
776,countdown,player_01459,occasional_player,0.346728806,0.622343349,1.0,0.346728806,0,,0.222358951,0.200123056,0.935511798,2.698108095,-0.090122898,lost,-0.346728806,0.0
776,countdown,player_01460,occasional_player,0.198418446,0.969072155,1.0,0.198418446,0,,0.127246761,0.114522085,1.07640664,5.424932318,-0.052422819,lost,-0.198418446,0.0
776,countdown,player_01224,occasional_player,0.140031525,1.167490601,1.0,0.140031525,0,,0.089802931,0.080822638,1.131874215,8.082995705,-0.037232748,lost,-0.140031525,0.0
777,bootstrap,player_00086,occasional_player,0.040949368,0,1.5,0.061424052,0,,0.090583319,0.081524987,0.486156691,11.872141492,0.002022947,lost,-0.040949368,0.0
777,bootstrap,player_01117,opportunistic_player,0.293150917,0.040949368,1.441499416,0.422576876,10,,0.623182852,0.560864566,0.246565219,0.841086297,0.00955674,won,0.246565219,0.012977117
777,countdown,player_00948,opportunistic_player,0.1377044,0.334100285,1.0,0.1377044,10,,0.203075524,0.182767972,0.39423941,2.862939823,-0.040482109,lost,-0.1377044,0.0
777,countdown,player_01461,occasional_player,0.056389191,0.471804685,1.0,0.056389191,10,,0.083158305,0.074842475,0.471488859,8.361333984,-0.016881491,lost,-0.056389191,0.0
778,bootstrap,player_00993,occasional_player,0.327608419,0,1.5,0.491412629,0,,0.547331577,0.49259842,0.396409766,1.210010925,0.029041795,lost,-0.327608419,0.0
778,bootstrap,player_00202,opportunistic_player,0.392604588,0.327608419,1.035191359,0.406420877,10,,0.452668423,0.40740158,0.334663406,0.852418479,-0.096314458,won,0.334663406,0.017613863
779,bootstrap,player_00412,occasional_player,0.029413739,0,1.5,0.044120609,0,,0.044504706,0.040054235,0.825909527,28.079039097,0.00484558,lost,-0.029413739,0.0
779,bootstrap,player_00668,occasional_player,0.204321728,0.029413739,1.45823875,0.297949861,10,,0.300543697,0.270489327,0.659746938,3.228961228,0.029399624,lost,-0.204321728,0.0
779,bootstrap,player_00323,occasional_player,0.052894182,0.233735467,1.168145379,0.061788094,20,,0.062325997,0.056093397,0.803603107,15.192655905,-0.004850339,won,0.803603107,0.0422949
779,countdown,player_01462,occasional_player,0.082706008,0.286629649,1.0,0.082706008,20,,0.083426014,0.075083413,0.775281872,9.373948647,-0.01828535,lost,-0.082706008,0.0
779,countdown,player_01463,opportunistic_player,0.081330713,0.369335657,1.0,0.081330713,20,,0.082038747,0.073834872,0.776588402,9.548525685,-0.017986365,lost,-0.081330713,0.0
779,countdown,player_00369,occasional_player,0.142192723,0.45066637,1.0,0.142192723,20,,0.143430598,0.129087538,0.718769493,5.054896463,-0.03105323,lost,-0.142192723,0.0
779,countdown,player_00232,occasional_player,0.019389052,0.592859093,1.0,0.019389052,20,,0.019557846,0.017602061,0.83543298,43.087871445,-0.004342422,lost,-0.019389052,0.0
779,countdown,player_01464,player_whale,0.261892462,0.612248145,1.0,0.261892462,20,,0.264172396,0.237755156,0.605054741,2.310317509,-0.055771294,lost,-0.261892462,0.0
780,bootstrap,player_01423,occasional_player,0.240103415,0,1.5,0.360155122,0,,0.180071746,0.162064571,1.517618116,6.32068526,0.044760971,lost,-0.240103415,0.0
780,bootstrap,player_01465,occasional_player,0.071278699,0.240103415,1.158865454,0.082602422,10,,0.041299877,0.03716989,1.678001596,23.541417279,-0.006258144,lost,-0.071278699,0.0
780,bootstrap,player_00910,occasional_player,0.967589222,0.311382114,1.057593981,1.023316537,20,,0.511641746,0.460477571,0.826506599,0.854191614,-0.141448336,won,0.826506599,0.043500347
780,countdown,player_00996,occasional_player,0.014674802,1.278971336,1.0,0.014674802,20,,0.007337164,0.006603448,1.731775298,118.010130455,-0.00314221,lost,-0.014674802,0.0
780,countdown,player_01466,opportunistic_player,0.448392359,1.293646138,1.0,0.448392359,20,,0.22418894,0.201770046,1.319743619,2.943278566,-0.091635482,lost,-0.448392359,0.0
780,countdown,player_01467,occasional_player,0.027784703,1.742038497,1.0,0.027784703,20,,0.013891903,0.012502713,1.719320892,61.880124919,-0.005941144,lost,-0.027784703,0.0
780,countdown,player_01468,occasional_player,0.043138643,1.7698232,1.0,0.043138643,20,,0.021568625,0.019411762,1.704734649,39.51757707,-0.009209342,lost,-0.043138643,0.0
781,bootstrap,player_00799,occasional_player,0.148465508,0,1.5,0.222698262,0,,0.080931995,0.072838795,2.340369918,15.763728222,0.032818266,won,2.340369918,0.123177364
781,bootstrap,player_00850,occasional_player,0.050884864,0.148465508,1.297414266,0.066018748,10,,0.023992235,0.021593011,2.43307153,47.815231072,0.002751234,lost,-0.050884864,0.0
781,bootstrap,player_00419,opportunistic_player,0.084141558,0.199350372,1.227980311,0.103324177,20,,0.037549605,0.033794644,2.401477671,28.540922322,-0.00014094,lost,-0.084141558,0.0
781,bootstrap,player_01469,occasional_player,0.501555176,0.28349193,1.113166577,0.558314459,30,,0.202900114,0.182610103,2.004934734,3.997436034,-0.043844796,lost,-0.501555176,0.0
781,countdown,player_01020,opportunistic_player,0.296200281,0.785047106,1.0,0.296200281,30,,0.107643766,0.096879389,2.200021884,7.427480746,-0.054367802,lost,-0.296200281,0.0
781,countdown,player_01331,opportunistic_player,1.232448313,1.081247387,1.0,1.232448313,30,,0.447890789,0.40310171,1.310586254,1.063400582,-0.20734673,lost,-1.232448313,0.0
781,countdown,player_01470,occasional_player,0.052832413,2.3136957,1.0,0.052832413,30,,0.019200116,0.017280105,2.431221359,46.017609657,-0.009907703,lost,-0.052832413,0.0
781,countdown,player_00208,opportunistic_player,0.219834832,2.366528113,1.0,0.219834832,30,,0.07989138,0.071902242,2.272569061,10.337620476,-0.040625404,lost,-0.219834832,0.0
782,bootstrap,player_01471,occasional_player,0.026768091,0,1.5,0.040152137,0,,0.029639795,0.026675816,1.138215811,42.521366627,0.004308805,lost,-0.026768091,0.0
782,bootstrap,player_00183,occasional_player,0.024345874,0.026768091,1.463448534,0.035628934,10,,0.026300824,0.023670742,1.140516917,46.846415022,0.003227292,lost,-0.024345874,0.0
782,bootstrap,player_00410,occasional_player,0.082780386,0.051113965,1.430204572,0.118392887,20,,0.087396118,0.078656506,1.085004131,13.107019471,0.009073464,lost,-0.082780386,0.0
782,bootstrap,player_01472,player_whale,0.299941435,0.133894351,1.317169075,0.395073582,30,,0.291638275,0.262474448,0.878701135,2.929575684,0.009422123,lost,-0.299941435,0.0
782,countdown,player_01473,occasional_player,0.113129135,0.433835786,1.0,0.113129135,30,,0.083510483,0.075159435,1.05617282,9.335993063,-0.025245061,lost,-0.113129135,0.0
782,countdown,player_01474,occasional_player,0.14427631,0.546964921,1.0,0.14427631,30,,0.10650293,0.095852637,1.026583003,7.115395475,-0.032046357,won,1.026583003,0.054030684
782,countdown,player_01475,occasional_player,0.508016876,0.691241231,1.0,0.508016876,30,,0.375011573,0.337510416,0.681029466,1.34056465,-0.106701351,lost,-0.508016876,0.0
783,bootstrap,player_00325,occasional_player,0.031551553,0,1.5,0.04732733,0,,0.051864663,0.046678197,0.713133257,22.602160249,0.003208991,lost,-0.031551553,0.0
783,bootstrap,player_00143,occasional_player,0.242219029,0.031551553,1.456886602,0.352885658,10,,0.386717271,0.348045544,0.512999155,2.11791434,0.020631294,lost,-0.242219029,0.0
783,bootstrap,player_01437,occasional_player,0.234054044,0.273770582,1.125908109,0.263523346,20,,0.288787676,0.259908909,0.520755891,2.224938658,-0.037872218,won,0.520755891,0.027408205
783,countdown,player_01476,occasional_player,0.031933906,0.507824626,1.0,0.031933906,20,,0.034995452,0.031495906,0.712770022,22.320164081,-0.008478781,lost,-0.031933906,0.0
783,countdown,player_01477,occasional_player,0.216845659,0.539758532,1.0,0.216845659,20,,0.237634938,0.213871444,0.537103856,2.476894667,-0.055597387,lost,-0.216845659,0.0
784,bootstrap,player_01478,occasional_player,0.054078472,0,1.5,0.081117708,0,,0.103012336,0.092711103,0.596339564,11.027300545,0.006222501,lost,-0.054078472,0.0
784,bootstrap,player_00865,opportunistic_player,0.167919112,0.054078472,1.434483511,0.240877197,10,,0.3058928,0.27530352,0.488190956,2.907298341,0.012710299,lost,-0.167919112,0.0
784,bootstrap,player_01479,occasional_player,0.073212882,0.221997584,1.231048201,0.090128587,20,,0.114455358,0.103009822,0.578161874,7.896996518,-0.006114884,lost,-0.073212882,0.0
784,bootstrap,player_00326,player_whale,0.123839044,0.295210466,1.142350225,0.14146756,30,,0.179651327,0.161686194,0.53006702,4.28028999,-0.018111461,lost,-0.123839044,0.0
784,countdown,player_01480,occasional_player,0.041987357,0.41904951,1.0,0.041987357,30,,0.053320241,0.047988217,0.607826123,14.476408291,-0.010803967,lost,-0.041987357,0.0
784,countdown,player_01481,occasional_player,0.051608243,0.461036867,1.0,0.051608243,30,,0.065537918,0.058984126,0.598686281,11.60059414,-0.013251189,won,0.598686281,0.031509804
784,countdown,player_01482,occasional_player,0.111855799,0.51264511,1.0,0.111855799,30,,0.142047001,0.127842301,0.541451103,4.840617187,-0.028335541,lost,-0.111855799,0.0
784,countdown,player_01083,occasional_player,0.028413799,0.624500909,1.0,0.028413799,30,,0.036083019,0.032474717,0.620721003,21.845758925,-0.00733333,lost,-0.028413799,0.0
785,bootstrap,player_00518,occasional_player,0.03853564,0,1.5,0.05780346,0,,0.075245799,0.067721219,0.558616312,14.49609536,0.001904218,lost,-0.03853564,0.0
785,bootstrap,player_00019,opportunistic_player,0.332322837,0.03853564,1.450901844,0.482167817,10,,0.627663162,0.564896846,0.279518475,0.841105226,0.01330439,won,0.279518475,0.014711499
785,countdown,player_01483,occasional_player,0.148842027,0.370858477,1.0,0.148842027,10,,0.193755481,0.174379933,0.453825245,3.049039668,-0.043748949,lost,-0.148842027,0.0
785,countdown,player_01384,occasional_player,0.079381878,0.519700504,1.0,0.079381878,10,,0.103335558,0.093002002,0.519812386,6.548250044,-0.023655612,lost,-0.079381878,0.0
786,bootstrap,player_01156,occasional_player,0.036213718,0,1.5,0.054320577,0,,0.032261899,0.029035709,1.18145753,32.62458524,-0.000857769,lost,-0.036213718,0.0
786,bootstrap,player_01478,occasional_player,0.040889055,0.036213718,1.454209084,0.059461235,10,,0.035315022,0.03178352,1.17701596,28.785599462,-0.002179747,lost,-0.040889055,0.0
786,bootstrap,player_01096,player_whale,0.983816628,0.077102773,1.400934448,1.378262605,20,,0.818573219,0.736715897,0.281234765,0.285860959,-0.051833156,won,0.281234765,0.01480183
786,countdown,player_01471,occasional_player,0.023674595,1.060919401,1.0,0.023674595,20,,0.014060738,0.012654664,1.193369697,50.40718528,-0.008273308,lost,-0.023674595,0.0
786,countdown,player_01484,occasional_player,0.051150152,1.084593996,1.0,0.051150152,20,,0.030378931,0.027341038,1.167267917,22.82041933,-0.017837337,lost,-0.051150152,0.0
786,countdown,player_01325,occasional_player,0.116868556,1.135744148,1.0,0.116868556,20,,0.069410191,0.062469172,1.104835434,9.453658635,-0.04054972,lost,-0.116868556,0.0
787,bootstrap,player_00866,occasional_player,0.036348085,0.034151015,1.455581251,0.052907591,10,,0.052016542,0.046814888,0.754747721,20.764442498,0.000686976,lost,-0.036348085,0.0
787,bootstrap,player_01485,occasional_player,0.025551372,0.061066031,1.420574054,0.036297616,30,,0.035686306,0.032117675,0.765004598,29.939863826,-0.000160552,lost,-0.025551372,0.0
787,bootstrap,player_00985,opportunistic_player,0.443191601,0.061899457,1.419490052,0.629106069,40,,0.618510912,0.55665982,0.368246381,0.830896569,0.00850332,lost,-0.443191601,0.0
787,countdown,player_00179,occasional_player,0.29881883,0.505091058,1.0,0.29881883,40,,0.293786241,0.264407617,0.505400513,1.691327528,-0.08617711,won,0.505400513,0.026600027
787,bootstrap,player_00401,occasional_player,0.034151015,0,1.5,0.051226522,0,30,0.0,0.0,0.0,0.0,0.0,pending_withdrawn,0.0,0.0
787,bootstrap,player_01193,occasional_player,0.024717946,0.0704991,1.408304869,0.034810404,20,40,0.0,0.0,0.0,0.0,0.0,pending_withdrawn,0.0,0.0
788,bootstrap,player_01372,occasional_player,0.138105586,0,1.5,0.207158379,10,,0.330597916,0.297538125,0.379741324,2.749644928,0.015973612,lost,-0.138105586,0.0
788,bootstrap,player_00602,occasional_player,0.094077307,0.138105586,1.320246208,0.124205208,20,,0.19821541,0.178393869,0.421568189,4.48108266,-0.002089312,lost,-0.094077307,0.0
788,bootstrap,player_00055,occasional_player,0.011104052,0.232182893,1.197798208,0.013300414,30,,0.021225736,0.019103163,0.500392781,45.063980368,-0.001332845,lost,-0.011104052,0.0
788,bootstrap,player_01058,occasional_player,0.077981775,0.243286945,1.183345531,0.092279385,40,,0.147265935,0.132539342,0.436858944,5.602064642,-0.009745125,lost,-0.077981775,0.0
788,countdown,player_00737,occasional_player,0.18967393,0.32126872,1.0,0.18967393,40,,0.302695002,0.272425502,0.330751397,1.743789446,-0.047896799,won,0.330751397,0.017407968
788,bootstrap,player_00557,occasional_player,0.353011026,0,1.5,0.529516539,0,10,0.0,0.0,0.0,0.0,0.0,pending_withdrawn,0.0,0.0
789,bootstrap,player_00032,occasional_player,0.027413044,0,1.5,0.041119566,0,,0.065118261,0.058606434,0.465635934,16.985925914,0.001482799,lost,-0.027413044,0.0
789,bootstrap,player_00176,occasional_player,0.102382427,0.027413044,1.464029559,0.149890899,10,,0.237372024,0.213634822,0.394415021,3.852370296,0.003750807,won,0.394415021,0.020758685
789,bootstrap,player_00969,occasional_player,0.240719837,0.129795471,1.329686908,0.320082016,20,,0.506892123,0.456202911,0.262994481,1.09253348,-0.010923899,lost,-0.240719837,0.0
789,countdown,player_01486,occasional_player,0.030363003,0.370515308,1.0,0.030363003,20,,0.048083823,0.043275441,0.462833473,15.24333655,-0.009019708,lost,-0.030363003,0.0
789,countdown,player_01228,opportunistic_player,0.09000435,0.400878311,1.0,0.09000435,20,,0.142533769,0.128280392,0.406174194,4.512828477,-0.026354372,lost,-0.09000435,0.0
790,bootstrap,player_01252,occasional_player,0.078064181,0,1.5,0.117096271,0,,0.148825597,0.133943038,0.572627674,7.33534467,0.009091463,lost,-0.078064181,0.0
790,bootstrap,player_00566,occasional_player,0.222205016,0.078064181,1.40075352,0.311254458,10,,0.395594413,0.356034972,0.435693881,1.960774282,0.012029999,lost,-0.222205016,0.0
790,bootstrap,player_00478,opportunistic_player,0.045834903,0.300269197,1.118254357,0.05125508,20,,0.065143559,0.058629204,0.603245488,13.161269003,-0.007779837,lost,-0.045834903,0.0
790,countdown,player_00660,occasional_player,0.147474172,0.3461041,1.0,0.147474172,20,,0.187434933,0.16869144,0.506688183,3.435775741,-0.037122583,won,0.506688183,0.026667799
790,countdown,player_01487,occasional_player,0.159721975,0.493578272,1.0,0.159721975,20,,0.203001497,0.182701347,0.49505277,3.099465616,-0.040093747,lost,-0.159721975,0.0
791,bootstrap,player_00096,occasional_player,0.215716717,0,1.5,0.323575075,0,,0.337826183,0.304043565,0.603372966,2.797061694,0.03332223,won,0.603372966,0.031756472
791,bootstrap,player_01488,occasional_player,0.076542604,0.215716717,1.225557592,0.093807369,10,,0.097938895,0.088145006,0.735588373,9.610182235,-0.004957314,lost,-0.076542604,0.0
791,bootstrap,player_00116,occasional_player,0.013825085,0.292259321,1.128177395,0.015597148,20,,0.016284088,0.014655679,0.795170016,57.516464904,-0.001968712,lost,-0.013825085,0.0
791,bootstrap,player_01404,occasional_player,0.068583529,0.306084406,1.110588634,0.076168088,30,,0.079522734,0.07157046,0.743149494,10.835684679,-0.010487423,lost,-0.068583529,0.0
791,countdown,player_00418,occasional_player,0.189764485,0.374667935,1.0,0.189764485,30,,0.198122218,0.178309997,0.628027586,3.309510661,-0.043943984,lost,-0.189764485,0.0
791,countdown,player_01373,occasional_player,0.110204061,0.56443242,1.0,0.110204061,30,,0.115057741,0.103551967,0.703609989,6.384610355,-0.025932015,lost,-0.110204061,0.0
791,countdown,player_01489,opportunistic_player,0.148699038,0.674636481,1.0,0.148699038,30,,0.15524814,0.139723326,0.667039761,4.485837769,-0.0347213,lost,-0.148699038,0.0
792,bootstrap,player_00830,occasional_player,1.02864273,0,1.5,1.542964095,0,,0.488517584,0.439665826,1.560871368,1.517408642,0.109878125,won,1.560871368,0.082151125
792,countdown,player_01490,occasional_player,0.141117132,1.02864273,1.0,0.141117132,0,,0.04467907,0.040211163,2.404020686,17.035640195,-0.038774181,lost,-0.141117132,0.0
792,countdown,player_01491,opportunistic_player,0.628644996,1.169759862,1.0,0.628644996,0,,0.199035179,0.179131661,1.940869215,3.087385134,-0.168363647,lost,-0.628644996,0.0
792,countdown,player_01492,occasional_player,0.22059352,1.798404858,1.0,0.22059352,0,,0.069842075,0.062857867,2.328518117,10.555695913,-0.060361799,lost,-0.22059352,0.0
792,countdown,player_01493,occasional_player,0.276020497,2.018998378,1.0,0.276020497,0,,0.0873908,0.07865172,2.275862489,8.245266254,-0.075310511,lost,-0.276020497,0.0
792,countdown,player_00916,occasional_player,0.349121491,2.295018875,1.0,0.349121491,0,,0.110535292,0.099481763,2.206416545,6.319910409,-0.094892061,lost,-0.349121491,0.0
793,bootstrap,player_00014,player_whale,0.202606373,0,1.5,0.303909559,0,,0.291791494,0.262612344,0.631370543,3.116242265,0.01640626,lost,-0.202606373,0.0
793,bootstrap,player_01494,occasional_player,0.406745923,0.202606373,1.24897246,0.508014456,10,,0.487757929,0.438982136,0.43743797,1.075457541,-0.036164275,lost,-0.406745923,0.0
793,countdown,player_01067,occasional_player,0.192334979,0.609352296,1.0,0.192334979,10,,0.18466583,0.166199247,0.641128367,3.33339453,-0.053813999,won,0.641128367,0.033743598
793,countdown,player_01495,occasional_player,0.037270884,0.801687275,1.0,0.037270884,10,,0.035784748,0.032206273,0.788439257,21.154294522,-0.010677838,lost,-0.037270884,0.0
794,bootstrap,player_00036,occasional_player,0.022201693,0,1.5,0.03330254,0,,0.022458209,0.020212389,1.277771747,57.552896824,0.004073875,lost,-0.022201693,0.0
794,bootstrap,player_01484,occasional_player,0.095292388,0.022201693,1.472473026,0.140315471,10,,0.094624441,0.085161997,1.208335586,12.68029495,0.015727174,lost,-0.095292388,0.0
794,bootstrap,player_01247,opportunistic_player,0.049632867,0.117494081,1.354323879,0.067218977,20,,0.045330412,0.040797371,1.251712131,25.219420253,0.003458588,lost,-0.049632867,0.0
794,bootstrap,player_00029,occasional_player,0.085118559,0.167126948,1.292786111,0.110040091,30,,0.074207656,0.06678689,1.218000724,14.309461276,0.001912725,lost,-0.085118559,0.0
794,bootstrap,player_01496,occasional_player,0.24160051,0.252245507,1.18725108,0.286840466,40,,0.193436395,0.174092755,1.06934287,4.426078697,-0.013374765,lost,-0.24160051,0.0
794,countdown,player_00594,occasional_player,0.221733227,0.493846017,1.0,0.221733227,40,,0.149530074,0.134577066,1.088216789,4.907775005,-0.045443997,lost,-0.221733227,0.0
794,countdown,player_00762,opportunistic_player,0.282195995,0.715579244,1.0,0.282195995,40,,0.190304306,0.171273876,1.03077716,3.652699464,-0.057317994,lost,-0.282195995,0.0
794,countdown,player_01207,occasional_player,0.018671182,0.997775239,1.0,0.018671182,40,,0.012591271,0.011332144,1.281125732,68.615138131,-0.003941696,lost,-0.018671182,0.0
794,countdown,player_01497,occasional_player,0.268707496,1.016446421,1.0,0.268707496,40,,0.181208077,0.163087269,1.043591234,3.883744403,-0.05468828,won,1.043591234,0.054925854
794,countdown,player_01498,opportunistic_player,0.053841656,1.285153917,1.0,0.053841656,40,,0.036309158,0.032678242,1.247713782,23.173763112,-0.011309112,lost,-0.053841656,0.0
795,bootstrap,player_00844,occasional_player,0.172804572,0,1.5,0.259206858,0,,0.294813344,0.26533201,0.526816125,3.048623767,0.012827194,won,0.526816125,0.027727164
795,bootstrap,player_00505,opportunistic_player,0.109514489,0.172804572,1.285596574,0.140791452,10,,0.160131561,0.144118405,0.586941704,5.359489046,-0.009142333,lost,-0.109514489,0.0
795,bootstrap,player_00766,opportunistic_player,0.41681955,0.282319061,1.149718909,0.479225318,20,,0.545055095,0.490549585,0.295001896,0.707744865,-0.067635835,lost,-0.41681955,0.0
796,bootstrap,player_01076,occasional_player,0.020252889,0,1.5,0.030379334,0,,0.043100648,0.038790583,0.565326152,27.913358541,0.002462064,lost,-0.020252889,0.0
796,bootstrap,player_00511,opportunistic_player,0.175729161,0.020252889,1.474709356,0.259149438,10,,0.367667991,0.330901192,0.417623694,2.376519022,0.020612006,lost,-0.175729161,0.0
796,bootstrap,player_00782,occasional_player,0.027254269,0.19598205,1.255268874,0.034211436,20,,0.048537439,0.043683695,0.558674841,20.498617709,-0.001658721,lost,-0.027254269,0.0
796,bootstrap,player_00554,occasional_player,0.041980422,0.223236319,1.221235309,0.051267974,30,,0.072736384,0.065462746,0.544684996,12.974738458,-0.003575693,won,0.544684996,0.028667631
796,bootstrap,player_01499,occasional_player,0.045909169,0.265216741,1.16881257,0.053659214,40,,0.076128953,0.068516058,0.540952686,11.783107774,-0.005699708,lost,-0.045909169,0.0
796,countdown,player_01500,occasional_player,0.204213281,0.31112591,1.0,0.204213281,40,,0.289727377,0.260754639,0.39056378,1.912528793,-0.049122403,lost,-0.204213281,0.0
796,countdown,player_00515,occasional_player,0.071965663,0.515339191,1.0,0.071965663,40,,0.102101208,0.091891087,0.516199017,7.172851543,-0.017918571,lost,-0.071965663,0.0
797,bootstrap,player_00117,occasional_player,0.022415039,0,1.5,0.033622559,0,,0.082991327,0.074692195,0.289248063,12.904196282,0.000863762,lost,-0.022415039,0.0
797,bootstrap,player_01501,occasional_player,0.034016613,0.022415039,1.47150668,0.050055673,10,,0.123553556,0.111198201,0.278226568,8.179137871,0.000704267,lost,-0.034016613,0.0
797,bootstrap,player_00556,occasional_player,0.023054282,0.056431652,1.428265789,0.032927642,20,,0.081276048,0.073148443,0.288640782,12.520050812,-0.000254273,lost,-0.023054282,0.0
797,bootstrap,player_01502,occasional_player,0.04359727,0.079485934,1.398959882,0.060990832,30,,0.150545058,0.135490552,0.269124943,6.172976966,-0.001226365,lost,-0.04359727,0.0
797,bootstrap,player_00125,occasional_player,0.025145554,0.123083204,1.34354035,0.033784066,40,,0.083389979,0.075050981,0.286654074,11.399791537,-0.001744686,lost,-0.025145554,0.0
797,bootstrap,player_01177,occasional_player,0.117081571,0.148228758,1.311576081,0.153561388,50,,0.379039067,0.341135161,0.199314858,1.702358927,-0.009147625,won,0.199314858,0.010490256
797,countdown,player_01503,occasional_player,0.025667944,0.265310329,1.0,0.025667944,50,,0.06335677,0.057021093,0.286157803,11.148450502,-0.007887299,lost,-0.025667944,0.0
797,countdown,player_01504,occasional_player,0.014523301,0.290978273,1.0,0.014523301,50,,0.035848194,0.032263375,0.296745214,20.432353087,-0.004480728,lost,-0.014523301,0.0
798,bootstrap,player_00538,occasional_player,0.053522005,0,1.5,0.080283008,0,,0.075361821,0.067825639,0.883561601,16.508380068,0.010036289,lost,-0.053522005,0.0
798,bootstrap,player_00091,opportunistic_player,0.074478774,0.053522005,1.431553931,0.106620382,10,,0.100084767,0.09007629,0.86365267,11.595957124,0.010024626,lost,-0.074478774,0.0
798,bootstrap,player_01505,occasional_player,0.122753272,0.128000779,1.336307513,0.16403612,20,,0.153981036,0.138582932,0.817791897,6.662078196,0.007590235,lost,-0.122753272,0.0
798,bootstrap,player_00472,occasional_player,0.025710259,0.250754051,1.179325747,0.03032077,30,,0.028462168,0.025615951,0.909982759,35.39376088,-0.001741593,lost,-0.025710259,0.0
798,bootstrap,player_01090,occasional_player,0.029270346,0.27646431,1.146446445,0.033556884,40,,0.031499914,0.028349923,0.906600677,30.973350181,-0.002738475,lost,-0.029270346,0.0
798,countdown,player_01506,occasional_player,0.414348252,0.305734656,1.0,0.414348252,40,,0.388949537,0.350054583,0.540776666,1.305125974,-0.080002397,won,0.540776666,0.02846193
798,countdown,player_00587,occasional_player,0.111831195,0.720082908,1.0,0.111831195,40,,0.104976167,0.094478551,0.82816787,7.405517486,-0.023021446,lost,-0.111831195,0.0
798,countdown,player_00352,occasional_player,0.054249872,0.831914103,1.0,0.054249872,40,,0.050924464,0.045832017,0.882870127,16.274142119,-0.011299772,lost,-0.054249872,0.0
798,countdown,player_00476,occasional_player,0.052469983,0.886163975,1.0,0.052469983,40,,0.049253678,0.044328311,0.884561021,16.858420202,-0.010932982,lost,-0.052469983,0.0
798,countdown,player_00077,occasional_player,0.017584332,0.938633958,1.0,0.017584332,40,,0.016506448,0.014855803,0.91770239,52.188640994,-0.003689897,lost,-0.017584332,0.0
799,bootstrap,player_00963,player_whale,0.44767911,0,1.5,0.671518665,0,,0.75342021,0.678078189,0.234768185,0.52441175,0.015073516,won,0.234768185,0.01235622
799,countdown,player_01507,occasional_player,0.055855983,0.44767911,1.0,0.055855983,0,,0.062668439,0.056401595,0.607000156,10.867236121,-0.018469839,lost,-0.055855983,0.0
799,countdown,player_00516,occasional_player,0.163919023,0.503535093,1.0,0.163919023,0,,0.183911351,0.165520216,0.504340268,3.076764727,-0.053308601,lost,-0.163919023,0.0
800,bootstrap,player_01508,occasional_player,0.068963504,0,1.5,0.103445256,0,,0.076448257,0.068803432,1.078198808,15.634339119,0.0099652,won,1.078198808,0.056747306
800,bootstrap,player_00290,occasional_player,0.03625601,0.068963504,1.411683128,0.051181998,10,,0.037824591,0.034042132,1.109270928,30.595504791,0.00274017,lost,-0.03625601,0.0
800,bootstrap,player_01509,occasional_player,0.029572896,0.105219514,1.36525252,0.040374471,20,,0.029837598,0.026853838,1.115619886,37.724404332,0.001179926,lost,-0.029572896,0.0
800,bootstrap,player_01212,occasional_player,0.084407555,0.13479241,1.327380523,0.112040944,30,,0.082800655,0.074520589,1.06352696,12.59990246,0.001137201,lost,-0.084407555,0.0
800,bootstrap,player_00967,player_whale,0.404580928,0.219199965,1.219285504,0.493299661,40,,0.364559003,0.328103103,0.759362256,1.876910657,-0.022687558,lost,-0.404580928,0.0
800,countdown,player_01510,occasional_player,0.056171927,0.623780893,1.0,0.056171927,40,,0.041512256,0.03736103,1.090350807,19.410956055,-0.013336657,lost,-0.056171927,0.0
800,countdown,player_01511,occasional_player,0.149593283,0.67995282,1.0,0.149593283,40,,0.110552637,0.099497373,1.001600518,6.695491256,-0.035052524,lost,-0.149593283,0.0
800,countdown,player_00349,occasional_player,0.34703326,0.829546103,1.0,0.34703326,40,,0.256465003,0.230818503,0.81403254,2.345690267,-0.07903779,lost,-0.34703326,0.0
801,bootstrap,player_00140,occasional_player,0.033738064,0,1.5,0.050607096,0,,0.081080134,0.072972121,0.47295101,14.018320954,0.003236112,lost,-0.033738064,0.0
801,bootstrap,player_01243,occasional_player,0.020306111,0.033738064,1.455222418,0.029549908,10,,0.047343371,0.042609034,0.485711365,23.919467635,0.001254805,lost,-0.020306111,0.0
801,bootstrap,player_00156,occasional_player,0.017470761,0.054044175,1.428271893,0.024952997,20,,0.039978432,0.035980589,0.488404947,27.955562288,0.000730945,lost,-0.017470761,0.0
801,bootstrap,player_01512,occasional_player,0.129753854,0.071514936,1.40508448,0.182315127,30,,0.292096091,0.262886482,0.381736009,2.942001314,0.004709917,lost,-0.129753854,0.0
801,bootstrap,player_00323,occasional_player,0.140827352,0.20126879,1.232873539,0.173622316,40,,0.278168908,0.250352017,0.371216186,2.635966527,-0.012636219,won,0.371216186,0.019537694
801,countdown,player_00071,occasional_player,0.01113413,0.342096142,1.0,0.01113413,40,,0.017838541,0.016054687,0.494424747,44.406230825,-0.003017541,lost,-0.01113413,0.0
801,countdown,player_01513,occasional_player,0.151979901,0.353230272,1.0,0.151979901,40,,0.243494524,0.219145071,0.360621264,2.372822077,-0.039645882,lost,-0.151979901,0.0
802,bootstrap,player_00214,occasional_player,0.09683781,0,1.5,0.145256715,0,,0.10269718,0.092427462,0.924703804,9.548995422,-0.002419311,lost,-0.09683781,0.0
802,bootstrap,player_00855,opportunistic_player,0.838021023,0.09683781,1.389592887,1.164508052,10,,0.823312666,0.740981399,0.220579752,0.263215058,-0.05361754,won,0.220579752,0.011609461
802,countdown,player_01190,occasional_player,0.063111343,0.934858833,1.0,0.063111343,10,,0.044620016,0.040158014,0.956743948,15.159619532,-0.022155979,lost,-0.063111343,0.0
802,countdown,player_01308,occasional_player,0.041541645,0.997970176,1.0,0.041541645,10,,0.029370138,0.026433124,0.977235161,23.524228786,-0.014612191,lost,-0.041541645,0.0
803,bootstrap,player_01394,occasional_player,0.064849673,0,1.5,0.097274509,0,,0.084274584,0.075847125,0.926982305,14.294325047,0.010377931,lost,-0.064849673,0.0
803,bootstrap,player_01514,occasional_player,0.24053878,0.064849673,1.415014678,0.340365904,10,,0.294878845,0.26539096,0.760077653,3.159896518,0.025015776,lost,-0.24053878,0.0
803,bootstrap,player_00015,occasional_player,0.081088009,0.305388453,1.099789253,0.089179721,20,,0.077261596,0.069535437,0.911555886,11.241562064,-0.012064082,lost,-0.081088009,0.0
803,countdown,player_01515,opportunistic_player,0.203342246,0.386476462,1.0,0.203342246,20,,0.176167254,0.158550528,0.795414361,3.911702444,-0.044988858,lost,-0.203342246,0.0
803,countdown,player_01516,opportunistic_player,0.424094394,0.589818708,1.0,0.424094394,20,,0.367417722,0.330675949,0.58569982,1.381060038,-0.090179734,won,0.58569982,0.030826306
804,bootstrap,player_01260,occasional_player,0.21539166,0,1.5,0.32308749,0,,0.443129346,0.398816411,0.359195697,1.667639766,0.013763208,won,0.359195697,0.018905037
804,bootstrap,player_00359,occasional_player,0.023928541,0.21539166,1.217532081,0.029133766,10,,0.039958299,0.035962469,0.541085661,22.612563822,-0.003609235,lost,-0.023928541,0.0
804,bootstrap,player_01139,occasional_player,0.265372232,0.239320201,1.186151826,0.314771758,20,,0.431723937,0.388551543,0.311714154,1.174629884,-0.041144426,lost,-0.265372232,0.0
804,countdown,player_00196,occasional_player,0.062111238,0.504692433,1.0,0.062111238,20,,0.085188418,0.076669576,0.504812098,8.127548486,-0.018645466,lost,-0.062111238,0.0
805,bootstrap,player_01024,occasional_player,0.670621198,0,1.5,1.005931797,0,,1.0,0.9,0.025336539,0.037780701,-0.044259235,won,0.025336539,0.001333502
806,bootstrap,player_01120,occasional_player,0.184992301,0,1.5,0.277488452,0,,0.192256791,0.173031112,1.08971843,5.890615034,0.035572314,lost,-0.184992301,0.0
806,bootstrap,player_01517,occasional_player,0.068000196,0.184992301,1.257058266,0.085480208,10,,0.059224628,0.053302166,1.200860929,17.659668647,-0.00036715,lost,-0.068000196,0.0
806,bootstrap,player_01251,occasional_player,0.16650807,0.252992497,1.16775679,0.194440929,20,,0.134717638,0.121245875,1.107278449,6.6499987,-0.012066709,won,1.107278449,0.058277813
806,countdown,player_01518,occasional_player,0.193403143,0.419500567,1.0,0.193403143,20,,0.133998613,0.120598751,1.08172813,5.593125907,-0.039623904,lost,-0.193403143,0.0
806,countdown,player_00803,occasional_player,0.490656911,0.61290371,1.0,0.490656911,20,,0.339949725,0.305954753,0.79933705,1.629116053,-0.095977128,lost,-0.490656911,0.0
806,countdown,player_00688,occasional_player,0.114212205,1.103560621,1.0,0.114212205,20,,0.07913148,0.071218332,1.156959521,10.129911429,-0.023681475,lost,-0.114212205,0.0
806,countdown,player_01519,occasional_player,0.040197802,1.217772826,1.0,0.040197802,20,,0.02785089,0.025065801,1.227273204,30.530853492,-0.008427626,lost,-0.040197802,0.0
806,countdown,player_01520,opportunistic_player,0.047442332,1.257970628,1.0,0.047442332,20,,0.032870234,0.029583211,1.2203909,25.723670162,-0.009935754,lost,-0.047442332,0.0
807,bootstrap,player_01521,opportunistic_player,0.115602818,0,1.5,0.173404227,0,,0.359547813,0.323593031,0.259386291,2.243771353,0.005741045,lost,-0.115602818,0.0
807,bootstrap,player_01522,opportunistic_player,0.070298715,0.115602818,1.352161823,0.095055239,10,,0.19709383,0.177384447,0.302425189,4.302001668,-0.004183291,lost,-0.070298715,0.0
807,bootstrap,player_00128,occasional_player,0.081828623,0.185901533,1.262260607,0.103289047,20,,0.214166353,0.192749718,0.291471777,3.561978265,-0.009875076,lost,-0.081828623,0.0
807,bootstrap,player_00575,occasional_player,0.09548575,0.267730156,1.157614416,0.110535681,30,,0.229192004,0.206272804,0.278497506,2.916639456,-0.018343175,won,0.278497506,0.014657763
808,bootstrap,player_01393,occasional_player,0.070166618,0,1.5,0.105249927,0,,0.081258907,0.073133016,1.043703032,14.874637851,0.011294029,lost,-0.070166618,0.0
808,bootstrap,player_00594,occasional_player,0.270461212,0.070166618,1.409911369,0.381326338,10,,0.294405539,0.264964985,0.853423168,3.155436454,0.027328796,lost,-0.270461212,0.0
808,bootstrap,player_00744,occasional_player,0.123717213,0.34062783,1.062659626,0.131469287,20,,0.101501739,0.091351565,0.992829967,8.024994604,-0.021718881,lost,-0.123717213,0.0
808,countdown,player_00138,occasional_player,0.375031189,0.464345043,1.0,0.375031189,20,,0.289545327,0.260590794,0.75408169,2.010717273,-0.080794767,lost,-0.375031189,0.0
808,countdown,player_01523,occasional_player,0.086682091,0.839376232,1.0,0.086682091,20,,0.066923486,0.060231137,1.028013333,11.859581614,-0.019542718,won,1.028013333,0.054105965
808,countdown,player_01524,occasional_player,0.147758923,0.926058323,1.0,0.147758923,20,,0.114078261,0.102670435,0.969990342,6.564682001,-0.03299912,lost,-0.147758923,0.0
808,countdown,player_00272,opportunistic_player,0.06772397,1.073817246,1.0,0.06772397,20,,0.052286742,0.047058068,1.046023548,15.445396181,-0.015313164,lost,-0.06772397,0.0
809,bootstrap,player_00154,occasional_player,0.03032086,0,1.5,0.04548129,0,,0.078355355,0.07051982,0.442420796,14.591301038,0.003016796,lost,-0.03032086,0.0
809,bootstrap,player_00378,occasional_player,0.090328164,0.03032086,1.461345102,0.13200062,10,,0.227411216,0.204670094,0.385413857,4.266818234,0.007042,won,0.385413857,0.02028494
809,bootstrap,player_00646,occasional_player,0.075599223,0.120649024,1.346189201,0.101770858,20,,0.175331257,0.157798131,0.399406351,5.283207093,-0.000644231,lost,-0.075599223,0.0
809,bootstrap,player_00017,occasional_player,0.012361621,0.196248247,1.24981066,0.015449686,30,,0.026616783,0.023955105,0.459482073,37.170050194,-0.001058556,lost,-0.012361621,0.0
809,bootstrap,player_01525,opportunistic_player,0.110161512,0.208609868,1.234051305,0.135944958,40,,0.234206538,0.210785884,0.366572177,3.327588465,-0.00967278,lost,-0.110161512,0.0
809,countdown,player_01526,occasional_player,0.112218961,0.31877138,1.0,0.112218961,40,,0.193331292,0.173998163,0.3646176,3.249162145,-0.029250275,lost,-0.112218961,0.0
809,countdown,player_01527,occasional_player,0.037582658,0.430990341,1.0,0.037582658,40,,0.064747559,0.058272803,0.435522088,11.588379084,-0.010013518,lost,-0.037582658,0.0
810,bootstrap,player_01528,occasional_player,0.048018569,0,1.5,0.072027853,0,,0.075339627,0.067805664,0.795137306,16.558954649,0.009152175,lost,-0.048018569,0.0
810,bootstrap,player_00108,occasional_player,0.043058559,0.048018569,1.438740092,0.061950075,10,,0.064798482,0.058318634,0.799849316,18.575849597,0.006098677,lost,-0.043058559,0.0
810,bootstrap,player_00258,opportunistic_player,0.022775987,0.091077128,1.383807939,0.031517592,30,,0.032966742,0.029670068,0.819117759,35.964094959,0.002203057,lost,-0.022775987,0.0
810,bootstrap,player_00214,occasional_player,0.037487931,0.113853115,1.35475137,0.050786826,40,,0.053121957,0.047809762,0.805141412,21.477349936,0.002797977,lost,-0.037487931,0.0
810,bootstrap,player_01529,opportunistic_player,0.10924558,0.151341046,1.306925971,0.142775886,50,,0.149340589,0.13440653,0.736971646,6.746008817,0.004491541,lost,-0.10924558,0.0
810,countdown,player_01530,occasional_player,0.046628665,0.260586626,1.0,0.046628665,50,,0.048772608,0.043895347,0.796457715,17.08086035,-0.009621096,lost,-0.046628665,0.0
810,countdown,player_01531,occasional_player,0.045718117,0.307215291,1.0,0.045718117,50,,0.047820194,0.043038174,0.797322736,17.439973212,-0.009435178,lost,-0.045718117,0.0
810,countdown,player_00618,opportunistic_player,0.39046324,0.352933408,1.0,0.39046324,50,,0.408416379,0.367574741,0.469814869,1.203224326,-0.074246737,lost,-0.39046324,0.0
810,countdown,player_01532,occasional_player,0.114173815,0.743396648,1.0,0.114173815,50,,0.119423422,0.107481079,0.732289823,6.413815836,-0.02319499,lost,-0.114173815,0.0
810,bootstrap,player_00451,occasional_player,0.025779156,0.091077128,1.383807939,0.035673401,20,30,0.0,0.0,0.0,0.0,0.0,pending_withdrawn,0.0,0.0
811,bootstrap,player_01155,occasional_player,0.056887433,0,1.5,0.08533115,10,,0.10263037,0.092367333,0.614678876,10.805178639,0.005143356,lost,-0.056887433,0.0
811,bootstrap,player_00874,opportunistic_player,0.072219215,0.056887433,1.428903477,0.103194287,20,,0.124114908,0.111703417,0.600113683,8.309612379,0.002882667,lost,-0.072219215,0.0
811,bootstrap,player_00218,occasional_player,0.080354607,0.129106648,1.338645668,0.107566347,30,,0.129373318,0.116435986,0.592385061,7.372135621,-0.002023501,won,0.592385061,0.031178161
811,bootstrap,player_01504,occasional_player,0.018653893,0.209461255,1.238220445,0.023097632,40,,0.027780225,0.025002202,0.651000739,34.898921038,-0.001911053,lost,-0.018653893,0.0
811,bootstrap,player_00013,occasional_player,0.018730343,0.228115148,1.214907266,0.02275563,50,,0.027368888,0.024632,0.650928111,34.752599637,-0.002235316,lost,-0.018730343,0.0
811,bootstrap,player_00936,opportunistic_player,0.315559368,0.246845491,1.191498541,0.375988527,60,,0.452212838,0.406991555,0.368940538,1.169163635,-0.036973687,lost,-0.315559368,0.0
811,countdown,player_01533,opportunistic_player,0.03979292,0.562404859,1.0,0.03979292,60,,0.047860155,0.04307414,0.630918663,15.855048164,-0.010902596,lost,-0.03979292,0.0
811,countdown,player_01534,occasional_player,0.073715021,0.602197779,1.0,0.073715021,60,,0.088659298,0.079793368,0.598692667,8.121718737,-0.020061347,lost,-0.073715021,0.0
811,bootstrap,player_00214,occasional_player,0.037725757,0,1.5,0.056588635,0,10,0.0,0.0,0.0,0.0,0.0,pending_withdrawn,0.0,0.0
812,bootstrap,player_01535,occasional_player,0.074369361,0,1.5,0.111554041,0,,0.283561366,0.25520523,0.223166165,3.000780997,0.001563261,won,0.223166165,0.011745588
812,bootstrap,player_01488,occasional_player,0.058044614,0.074369361,1.406989884,0.081668185,10,,0.207593933,0.18683454,0.238674675,4.111917686,-0.002607202,lost,-0.058044614,0.0
812,bootstrap,player_00456,opportunistic_player,0.040390089,0.132413975,1.334396329,0.053896387,20,,0.137000265,0.123300238,0.255446474,6.32448405,-0.00391337,lost,-0.040390089,0.0
812,bootstrap,player_01176,occasional_player,0.026298741,0.172804064,1.283882424,0.033764491,30,,0.08582661,0.077243949,0.268833254,10.222286088,-0.00350158,lost,-0.026298741,0.0
812,bootstrap,player_01168,occasional_player,0.089944965,0.199102805,1.250991877,0.112520421,40,,0.286017826,0.257416043,0.208369341,2.316631525,-0.013154077,lost,-0.089944965,0.0
813,bootstrap,player_01524,occasional_player,0.161352253,0,1.5,0.24202838,0,,0.20121806,0.181096254,0.873974087,5.416559549,0.026141469,lost,-0.161352253,0.0
813,bootstrap,player_00464,opportunistic_player,0.085322894,0.161352253,1.292219541,0.110255911,10,,0.09166479,0.082498311,0.946201978,11.089661091,-0.000223835,lost,-0.085322894,0.0
813,bootstrap,player_00094,opportunistic_player,0.236153803,0.246675147,1.182345462,0.279215377,20,,0.232134663,0.208921197,0.802912614,3.399956317,-0.019070803,lost,-0.236153803,0.0
813,countdown,player_01478,occasional_player,0.025847462,0.48282895,1.0,0.025847462,20,,0.021489117,0.019340205,1.002703638,38.793117798,-0.005955073,lost,-0.025847462,0.0
813,countdown,player_01536,occasional_player,0.087540104,0.508676412,1.0,0.087540104,20,,0.072779274,0.065501347,0.944095628,10.784721346,-0.019966574,lost,-0.087540104,0.0
813,countdown,player_00342,occasional_player,0.052071749,0.596216516,1.0,0.052071749,20,,0.043291519,0.038962367,0.977790565,18.777755391,-0.011945875,lost,-0.052071749,0.0
813,countdown,player_01537,occasional_player,0.350238152,0.648288265,1.0,0.350238152,20,,0.291181726,0.262063554,0.694532483,1.983029201,-0.076441847,lost,-0.350238152,0.0
813,countdown,player_01538,occasional_player,0.055619252,0.998526417,1.0,0.055619252,20,,0.04624085,0.041616765,0.974420438,17.519481162,-0.012752332,won,0.974420438,0.051285286
814,bootstrap,player_00144,occasional_player,0.095107204,0,1.5,0.142660806,0,,0.107115107,0.096403596,1.039042632,10.924962446,0.014228919,lost,-0.095107204,0.0
814,bootstrap,player_00917,occasional_player,0.023286919,0.095107204,1.37744044,0.032076344,10,,0.024084127,0.021675715,1.107271903,47.549094097,0.001218751,lost,-0.023286919,0.0
814,bootstrap,player_01539,occasional_player,0.033718299,0.118394123,1.347431834,0.045433109,20,,0.03411289,0.030701601,1.097362092,32.545001507,0.001007679,lost,-0.033718299,0.0
814,bootstrap,player_01501,occasional_player,0.03238397,0.152112422,1.303980868,0.042228077,30,,0.031706431,0.028535788,1.098629704,33.925108759,-0.000109604,lost,-0.03238397,0.0
814,bootstrap,player_01540,opportunistic_player,0.351832505,0.184496392,1.26224938,0.444100361,40,,0.333447279,0.300102551,0.795153596,2.26003449,-0.00761905,lost,-0.351832505,0.0
814,countdown,player_01541,opportunistic_player,0.404308807,0.536328897,1.0,0.404308807,40,,0.303570281,0.273213253,0.745301109,1.843395682,-0.090220142,won,0.745301109,0.039226374
814,countdown,player_01465,occasional_player,0.089064392,0.940637704,1.0,0.089064392,40,,0.0668729,0.06018561,1.044783303,11.730651049,-0.020823076,lost,-0.089064392,0.0
814,countdown,player_01193,occasional_player,0.013409919,1.029702096,1.0,0.013409919,40,,0.010068672,0.009061805,1.116655053,83.270827569,-0.003169491,lost,-0.013409919,0.0
814,countdown,player_01542,occasional_player,0.093809253,1.043112015,1.0,0.093809253,40,,0.070435521,0.063391969,1.040275685,11.089265208,-0.021917376,lost,-0.093809253,0.0
814,countdown,player_01543,occasional_player,0.024754741,1.136921268,1.0,0.024754741,40,,0.018586792,0.016728113,1.105877472,44.673360625,-0.005841398,lost,-0.024754741,0.0
815,bootstrap,player_00319,occasional_player,0.134975894,0,1.5,0.202463841,0,,0.167522789,0.15077051,0.917591957,6.798191364,0.023720298,won,0.917591957,0.048294314
815,bootstrap,player_01347,opportunistic_player,0.19130776,0.134975894,1.332737943,0.254963111,10,,0.210961776,0.189865598,0.864076684,4.516683925,0.009073439,lost,-0.19130776,0.0
815,bootstrap,player_01544,occasional_player,0.050313806,0.326283654,1.095669468,0.055127301,20,,0.045613474,0.041052127,0.998020941,19.835926158,-0.007277435,lost,-0.050313806,0.0
815,countdown,player_01180,occasional_player,0.078783161,0.37659746,1.0,0.078783161,20,,0.065186824,0.058668142,0.970975053,12.324652133,-0.017195797,lost,-0.078783161,0.0
815,countdown,player_00643,opportunistic_player,0.507223983,0.455380621,1.0,0.507223983,20,,0.419687663,0.377718897,0.563956272,1.111848594,-0.102618958,lost,-0.507223983,0.0
815,countdown,player_01545,occasional_player,0.050038494,0.962604604,1.0,0.050038494,20,,0.04140289,0.037262601,0.998282487,19.950290409,-0.010975328,lost,-0.050038494,0.0
815,countdown,player_00621,occasional_player,0.059975026,1.012643098,1.0,0.059975026,20,,0.049624583,0.044662124,0.988842782,16.487575704,-0.013132595,lost,-0.059975026,0.0
816,bootstrap,player_01546,player_whale,0.400152828,0,1.5,0.600229242,0,,0.478152104,0.430336894,0.646889652,1.616606473,0.050428181,won,0.646889652,0.034046824
816,bootstrap,player_00014,player_whale,0.626093946,0.400152828,1.003783475,0.628462757,10,,0.500643369,0.450579032,0.43224559,0.690384554,-0.149228343,lost,-0.626093946,0.0
816,countdown,player_00681,occasional_player,0.02661826,1.026246774,1.0,0.02661826,10,,0.021204527,0.019084074,1.001747491,37.633845768,-0.006992852,lost,-0.02661826,0.0
817,bootstrap,player_00854,occasional_player,0.108693855,0,1.5,0.163040783,0,,0.071229086,0.064106177,1.655346563,15.229440185,0.004392033,lost,-0.108693855,0.0
817,bootstrap,player_00447,player_whale,1.128154416,0.108693855,1.364843688,1.539754434,10,,0.6726863,0.60541767,0.68685903,0.608834235,-0.029313205,lost,-1.128154416,0.0
817,countdown,player_01547,occasional_player,0.077206928,1.236848271,1.0,0.077206928,10,,0.033730082,0.030357073,1.685259144,21.827822807,-0.023703616,lost,-0.077206928,0.0
817,countdown,player_00472,occasional_player,0.039845373,1.314055199,1.0,0.039845373,10,,0.017407605,0.015666844,1.720752621,43.185757632,-0.012262358,lost,-0.039845373,0.0
817,countdown,player_01548,occasional_player,0.266579619,1.353900572,1.0,0.266579619,10,,0.116463024,0.104816722,1.505355087,5.646924897,-0.080851232,lost,-0.266579619,0.0
817,countdown,player_00568,occasional_player,0.202536433,1.620480191,1.0,0.202536433,10,,0.088483904,0.079635514,1.566196114,7.732910524,-0.061682508,lost,-0.202536433,0.0
818,bootstrap,player_01549,opportunistic_player,0.060785039,0,1.5,0.091177559,0,,0.128384643,0.115546179,0.475922582,7.829600664,0.001229476,lost,-0.060785039,0.0
818,bootstrap,player_01514,occasional_player,0.34476863,0.060785039,1.427537293,0.492170077,10,,0.69301131,0.623710179,0.20613817,0.597902919,-0.001162451,won,0.20613817,0.010849377
818,countdown,player_01550,occasional_player,0.076917924,0.405553669,1.0,0.076917924,10,,0.108306038,0.097475435,0.460596341,5.988153567,-0.024523487,lost,-0.076917924,0.0
818,countdown,player_00168,opportunistic_player,0.049924981,0.482471593,1.0,0.049924981,10,,0.070298009,0.063268208,0.486239637,9.739405545,-0.016002806,lost,-0.049924981,0.0
819,bootstrap,player_00173,occasional_player,0.074379303,0,1.5,0.111568954,0,,0.11259083,0.101331747,0.752523814,10.117381902,0.009412234,lost,-0.074379303,0.0
819,bootstrap,player_00607,occasional_player,0.280565062,0.074379303,1.410856778,0.395837119,10,,0.399462647,0.359516382,0.556647343,1.984022312,0.020426513,won,0.556647343,0.029297229
819,bootstrap,player_00506,occasional_player,0.015494948,0.354944365,1.074600955,0.016650886,20,,0.016803394,0.015123054,0.808463951,52.175970602,-0.003034173,lost,-0.015494948,0.0
819,countdown,player_01458,occasional_player,0.181003778,0.370439313,1.0,0.181003778,20,,0.182661617,0.164395455,0.651230563,3.597883812,-0.044188234,lost,-0.181003778,0.0
819,countdown,player_00567,occasional_player,0.011655544,0.551443091,1.0,0.011655544,20,,0.011762299,0.010586069,0.812111385,69.675974379,-0.002935091,lost,-0.011655544,0.0
819,countdown,player_00292,occasional_player,0.25759521,0.563098635,1.0,0.25759521,20,,0.259954561,0.233959105,0.578468702,2.245650074,-0.061990445,lost,-0.25759521,0.0
819,countdown,player_01551,occasional_player,0.016612496,0.820693845,1.0,0.016612496,20,,0.016764652,0.015088187,0.807402281,48.60210535,-0.004179607,lost,-0.016612496,0.0
820,bootstrap,player_00595,occasional_player,0.042785134,0,1.5,0.064177701,0,,0.02281743,0.020535687,2.332640871,54.519891674,0.005995872,lost,-0.042785134,0.0
820,bootstrap,player_01520,opportunistic_player,0.10475874,0.042785134,1.448625862,0.15175622,10,,0.053954675,0.048559207,2.273765945,21.704785159,0.010740534,lost,-0.10475874,0.0
820,bootstrap,player_01552,player_whale,0.852513824,0.147543874,1.322837078,1.127736896,20,,0.40095014,0.360855126,1.563398615,1.833868931,0.019280564,won,1.563398615,0.082284138
820,countdown,player_01553,opportunistic_player,0.447656072,1.000057698,1.0,0.447656072,20,,0.159157482,0.143241734,1.94801348,4.351585071,-0.104496212,lost,-0.447656072,0.0
820,countdown,player_00116,occasional_player,0.013425044,1.44771377,1.0,0.013425044,20,,0.004773075,0.004295768,2.360532956,175.830556418,-0.003227071,lost,-0.013425044,0.0
820,countdown,player_01311,opportunistic_player,1.007909251,1.461138814,1.0,1.007909251,20,,0.358347197,0.322512477,1.41577296,1.404663127,-0.226241497,lost,-1.007909251,0.0
821,bootstrap,player_01182,opportunistic_player,0.067911411,0,1.5,0.101867117,0,,0.164240649,0.147816584,0.387365809,5.703987049,-0.000613888,won,0.387365809,0.020387674
821,bootstrap,player_01141,occasional_player,0.018096359,0.067911411,1.421797124,0.025729351,10,,0.041483507,0.037335157,0.434690108,24.020860119,-0.001191505,lost,-0.018096359,0.0
821,bootstrap,player_00282,occasional_player,0.027992295,0.08600777,1.400958397,0.039216041,20,,0.063228137,0.056905323,0.425288969,15.193072558,-0.002198178,lost,-0.027992295,0.0
821,bootstrap,player_01148,occasional_player,0.331270814,0.114000065,1.36872408,0.45341834,30,,0.731047707,0.657942936,0.137174376,0.414085305,-0.02306061,lost,-0.331270814,0.0
822,bootstrap,player_01213,occasional_player,0.033376657,0,1.5,0.050064985,0,,0.040213715,0.036192343,0.994654608,29.800905711,0.003830203,lost,-0.033376657,0.0
822,bootstrap,player_01301,occasional_player,0.05362285,0.033376657,1.461575898,0.078373865,10,,0.062952266,0.056657039,0.975420725,18.190393179,0.004679712,lost,-0.05362285,0.0
822,bootstrap,player_00184,occasional_player,0.061828668,0.086999507,1.399843835,0.08655048,20,,0.069519971,0.062567974,0.967625198,15.650105834,0.002582174,lost,-0.061828668,0.0
822,bootstrap,player_00828,occasional_player,0.052769915,0.148828175,1.328665015,0.07011354,30,,0.056317322,0.05068559,0.976231013,18.499764745,-0.000614396,lost,-0.052769915,0.0
822,bootstrap,player_01354,occasional_player,0.073182484,0.20159809,1.267914875,0.09278916,40,,0.074531068,0.067077961,0.956839073,13.07470067,-0.004090738,lost,-0.073182484,0.0
822,bootstrap,player_00357,occasional_player,0.500270448,0.274780574,1.183665237,0.592152739,50,,0.475635041,0.428071537,0.551105507,1.101615154,-0.050206327,won,0.551105507,0.029005553
822,countdown,player_00570,occasional_player,0.052675823,0.775051022,1.0,0.052675823,50,,0.042310819,0.038079737,0.976320401,18.534506818,-0.013491918,lost,-0.052675823,0.0
822,countdown,player_00254,occasional_player,0.044580241,0.827726845,1.0,0.044580241,50,,0.035808202,0.032227382,0.984011203,22.072810316,-0.011431432,lost,-0.044580241,0.0
822,countdown,player_01554,occasional_player,0.068406462,0.872307086,1.0,0.068406462,50,,0.054946145,0.049451531,0.961376293,14.053881247,-0.017482128,lost,-0.068406462,0.0
822,countdown,player_00954,occasional_player,0.10926561,0.940713548,1.0,0.10926561,50,,0.087765452,0.078988907,0.922560103,8.443279664,-0.027762825,lost,-0.10926561,0.0
823,bootstrap,player_01555,occasional_player,0.171301517,0,1.5,0.256952275,0,,0.430857643,0.387771879,0.276550278,1.614406471,0.002362815,won,0.276550278,0.014555278
823,bootstrap,player_00436,occasional_player,0.261226882,0.171301517,1.299336703,0.339421676,10,,0.569142357,0.512228121,0.191121181,0.73162907,-0.029521484,lost,-0.261226882,0.0
824,bootstrap,player_01164,occasional_player,0.040745634,0,1.5,0.061118451,0,,0.041923001,0.037730701,1.008825605,24.759109278,-0.001144575,lost,-0.040745634,0.0
824,bootstrap,player_00910,occasional_player,0.80641697,0.040745634,1.452236964,1.171108532,10,,0.803298898,0.722969008,0.281437836,0.348997908,-0.019931661,won,0.281437836,0.014812518
824,countdown,player_01556,occasional_player,0.082739131,0.847162604,1.0,0.082739131,10,,0.056753282,0.051077954,0.968931783,11.710683578,-0.029021933,lost,-0.082739131,0.0
824,countdown,player_01557,occasional_player,0.131515448,0.929901735,1.0,0.131515448,10,,0.090210439,0.081189395,0.922594281,7.015101994,-0.045932917,lost,-0.131515448,0.0
824,countdown,player_00659,occasional_player,0.011392382,1.061417183,1.0,0.011392382,10,,0.007814381,0.007032943,1.036711194,91.000389049,-0.00402113,lost,-0.011392382,0.0
825,bootstrap,player_01049,occasional_player,0.158933688,0,1.5,0.238400532,10,,0.194547903,0.175093112,0.915240939,5.758634,0.029146891,lost,-0.158933688,0.0
825,bootstrap,player_01558,occasional_player,0.145647221,0.158933688,1.313563509,0.191316875,20,,0.156125057,0.140512552,0.927863083,6.370619891,0.005194451,lost,-0.145647221,0.0
825,countdown,player_01560,occasional_player,0.397499877,0.304580909,1.0,0.397499877,30,,0.324381689,0.29194352,0.68860306,1.732335278,-0.080419162,won,0.68860306,0.036242266
825,countdown,player_01561,occasional_player,0.035857909,0.702080786,1.0,0.035857909,30,,0.029262019,0.026335817,1.03216293,28.784805314,-0.007730707,lost,-0.035857909,0.0
825,countdown,player_00561,occasional_player,0.092006686,0.737938695,1.0,0.092006686,30,,0.075082499,0.067574249,0.978821591,10.638591975,-0.019646269,lost,-0.092006686,0.0
825,countdown,player_00626,occasional_player,0.07488096,0.829945381,1.0,0.07488096,30,,0.061106968,0.054996271,0.995091031,13.288972672,-0.01603649,lost,-0.07488096,0.0
825,countdown,player_00896,occasional_player,0.195445037,0.904826341,1.0,0.195445037,30,,0.159493864,0.143544478,0.880555158,4.505385102,-0.040991151,lost,-0.195445037,0.0
825,bootstrap,player_00340,occasional_player,0.026586439,0,1.5,0.039879658,0,10,0.0,0.0,0.0,0.0,0.0,pending_withdrawn,0.0,0.0
826,bootstrap,player_01174,occasional_player,0.092129269,0,1.5,0.138193903,10,,0.105987754,0.095388978,1.074528538,11.663269986,0.019157027,won,1.074528538,0.056554134
826,bootstrap,player_00869,opportunistic_player,0.149025438,0.092129269,1.353818578,0.201753407,20,,0.154734688,0.139261219,1.020477177,6.847671049,0.013840922,lost,-0.149025438,0.0
826,bootstrap,player_01530,occasional_player,0.03340603,0.241154707,1.117360059,0.037326564,30,,0.028627592,0.025764833,1.130315615,33.835676224,-0.003422936,lost,-0.03340603,0.0
826,countdown,player_00050,occasional_player,0.647310684,0.274560737,1.0,0.647310684,30,,0.496454647,0.446809182,0.547106194,0.84519877,-0.113634256,lost,-0.647310684,0.0
826,countdown,player_00081,occasional_player,0.279282146,0.921871421,1.0,0.279282146,30,,0.21419532,0.192775788,0.896733305,3.21085081,-0.052574841,lost,-0.279282146,0.0
826,bootstrap,player_01562,occasional_player,0.117158654,0,1.5,0.175737981,0,10,0.0,0.0,0.0,0.0,0.0,pending_withdrawn,0.0,0.0
827,bootstrap,player_01563,opportunistic_player,0.122817122,0,1.5,0.184225683,0,,0.258399811,0.23255983,0.419086579,3.412281386,0.00320791,won,0.419086579,0.022057188
827,bootstrap,player_00200,occasional_player,0.029413753,0.122817122,1.304989684,0.038384644,10,,0.053839316,0.048455384,0.50781978,17.264705387,-0.003381896,lost,-0.029413753,0.0
827,bootstrap,player_00972,opportunistic_player,0.389687082,0.152230875,1.258286218,0.490337885,20,,0.687760873,0.618984786,0.165560117,0.424854005,-0.045997513,lost,-0.389687082,0.0
828,bootstrap,player_00407,occasional_player,0.08851545,0,1.5,0.132773175,0,,0.246278853,0.221650968,0.350955061,3.96490173,0.008893614,lost,-0.08851545,0.0
828,bootstrap,player_01486,occasional_player,0.03073882,0.08851545,1.355953761,0.041680419,10,,0.077312347,0.069581112,0.405842859,13.202942055,-0.000360981,lost,-0.03073882,0.0
828,bootstrap,player_00157,opportunistic_player,0.155209479,0.11925427,1.305930726,0.202692828,20,,0.375971707,0.338374537,0.287595733,1.852952121,-0.005375471,lost,-0.155209479,0.0
828,countdown,player_01564,occasional_player,0.161970815,0.274463749,1.0,0.161970815,20,,0.300437092,0.270393383,0.281172464,1.735945232,-0.042147805,won,0.281172464,0.014798551
829,bootstrap,player_01313,opportunistic_player,0.067664936,0,1.5,0.101497404,0,,0.182813838,0.164532454,0.330640777,4.886441876,-0.00213072,won,0.330640777,0.017402146
829,bootstrap,player_00976,occasional_player,0.326999515,0.067664936,1.387457737,0.453698007,10,,0.817186162,0.735467546,0.084272927,0.257715755,-0.024521982,lost,-0.326999515,0.0
830,bootstrap,player_01079,opportunistic_player,0.109328727,0,1.5,0.16399309,0,,0.065712475,0.059141228,2.20154021,20.136886897,0.027338899,lost,-0.109328727,0.0
830,bootstrap,player_00911,occasional_player,0.070944637,0.109328727,1.318033948,0.09350744,10,,0.037468684,0.033721816,2.238005096,31.545796699,0.006917341,lost,-0.070944637,0.0
830,bootstrap,player_01073,occasional_player,0.063403602,0.180273364,1.199954136,0.076081414,20,,0.030486029,0.027437426,2.245169079,35.410749675,-6.231e-05,lost,-0.063403602,0.0
830,countdown,player_01105,occasional_player,0.191451229,0.243676966,1.0,0.191451229,20,,0.076715026,0.069043523,2.123523833,11.091722129,-0.031617194,lost,-0.191451229,0.0
830,countdown,player_00860,occasional_player,0.053900007,0.435128195,1.0,0.053900007,20,,0.021597879,0.019438091,2.254197494,41.821840472,-0.009034998,lost,-0.053900007,0.0
830,countdown,player_00467,player_whale,1.214930607,0.489028202,1.0,1.214930607,20,,0.486825985,0.438143386,1.151218424,0.947558994,-0.178218058,lost,-1.214930607,0.0
830,countdown,player_01565,opportunistic_player,0.218887812,1.703958809,1.0,0.218887812,20,,0.087708939,0.078938045,2.097459079,9.582347506,-0.036039916,lost,-0.218887812,0.0
830,countdown,player_01514,occasional_player,0.482864176,1.922846621,1.0,0.482864176,20,,0.193484983,0.174136485,1.846681534,3.824432678,-0.077205275,won,1.846681534,0.097193765
831,bootstrap,player_01566,occasional_player,0.091732392,0,1.5,0.137598588,0,,0.089055647,0.080150083,1.306132229,14.238506164,0.020306573,lost,-0.091732392,0.0
831,bootstrap,player_01567,occasional_player,0.134706794,0.091732392,1.347214228,0.181478909,10,,0.117455578,0.10571002,1.265306547,9.393041802,0.013288645,lost,-0.134706794,0.0
831,bootstrap,player_00718,occasional_player,0.055780195,0.226439186,1.122852025,0.062632905,20,,0.040536854,0.036483169,1.340286816,24.028005211,-0.004847247,lost,-0.055780195,0.0
831,countdown,player_01568,occasional_player,0.039358779,0.282219381,1.0,0.039358779,20,,0.025473528,0.022926176,1.355887161,34.449421343,-0.007371126,won,1.355887161,0.071362482
831,countdown,player_01569,occasional_player,0.066309991,0.32157816,1.0,0.066309991,20,,0.042916713,0.038625042,1.33028351,20.061584836,-0.012366508,lost,-0.066309991,0.0
831,countdown,player_01570,opportunistic_player,1.017591476,0.387888151,1.0,1.017591476,20,,0.658598819,0.592738937,0.426566099,0.419191895,-0.16158305,lost,-1.017591476,0.0
831,countdown,player_01571,occasional_player,0.040114838,1.405479627,1.0,0.040114838,20,,0.02596286,0.023366574,1.355168905,33.782235523,-0.007511837,lost,-0.040114838,0.0
832,bootstrap,player_00901,occasional_player,0.139195392,0,1.5,0.208793088,0,,0.221912169,0.199720952,0.683269251,4.908705966,0.025068029,lost,-0.139195392,0.0
832,bootstrap,player_01112,occasional_player,0.123833191,0.139195392,1.267999369,0.157020408,10,,0.16688646,0.150197814,0.697863342,5.635511259,-0.000416168,lost,-0.123833191,0.0
832,bootstrap,player_01241,occasional_player,0.010872847,0.263028583,1.061603324,0.011542651,20,,0.01226791,0.011041119,0.805175669,74.053802922,-0.001862759,lost,-0.010872847,0.0
832,countdown,player_01572,occasional_player,0.40376959,0.27390143,1.0,0.40376959,20,,0.429139615,0.386225654,0.431923763,1.069728315,-0.081003378,won,0.431923763,0.02273283
832,countdown,player_01372,occasional_player,0.088936118,0.67767102,1.0,0.088936118,20,,0.094524235,0.085071811,0.731015561,8.21955779,-0.019181344,lost,-0.088936118,0.0
832,countdown,player_01573,occasional_player,0.070819797,0.766607138,1.0,0.070819797,20,,0.075269612,0.067742651,0.748226066,10.56521055,-0.015335459,lost,-0.070819797,0.0
833,bootstrap,player_01574,occasional_player,0.052800282,0,1.5,0.079200423,0,,0.079178536,0.071260682,0.816117903,15.456695921,0.009119421,lost,-0.052800282,0.0
833,bootstrap,player_00575,occasional_player,0.194674235,0.052800282,1.411934732,0.274867314,10,,0.274791355,0.247312219,0.681337648,3.499886095,0.021974208,won,0.681337648,0.035859876
833,bootstrap,player_00676,occasional_player,0.032049904,0.247474517,1.087238763,0.034845898,20,,0.034836268,0.031352642,0.835830762,26.079041063,-0.004839553,lost,-0.032049904,0.0
833,countdown,player_01575,occasional_player,0.020805348,0.279524421,1.0,0.020805348,20,,0.020799598,0.018719639,0.846513091,40.687283418,-0.00456946,lost,-0.020805348,0.0
833,countdown,player_01576,occasional_player,0.106611235,0.300329769,1.0,0.106611235,20,,0.106581773,0.095923596,0.764997498,7.175580492,-0.023003391,lost,-0.106611235,0.0
833,countdown,player_01356,player_whale,0.483946207,0.406941004,1.0,0.483946207,20,,0.483812469,0.435431222,0.406529275,0.840029881,-0.09620538,lost,-0.483946207,0.0
834,bootstrap,player_00361,occasional_player,0.297526898,0,1.5,0.446290347,0,,0.215794973,0.194215476,1.560661502,5.245446756,0.063362047,lost,-0.297526898,0.0
834,countdown,player_00444,occasional_player,0.01571178,0.297526898,1.0,0.01571178,10,,0.007597124,0.006837412,1.828385864,116.370383503,-0.003102925,lost,-0.01571178,0.0
834,countdown,player_00928,occasional_player,0.098208228,0.313238678,1.0,0.098208228,10,,0.047486669,0.042738002,1.750014239,17.819425868,-0.019218892,lost,-0.098208228,0.0
834,countdown,player_01577,occasional_player,0.424801918,0.411446906,1.0,0.424801918,10,,0.205404664,0.184864197,1.439750233,3.389227242,-0.080112981,lost,-0.424801918,0.0
834,countdown,player_00902,opportunistic_player,0.228616814,0.836248824,1.0,0.228616814,10,,0.110543192,0.099488872,1.626126082,7.112889264,-0.044090535,won,1.626126082,0.085585583
834,countdown,player_00310,player_whale,0.854492982,1.064865638,1.0,0.854492982,10,,0.413173378,0.37185604,1.031543722,1.207199759,-0.153158841,lost,-0.854492982,0.0
835,bootstrap,player_00442,occasional_player,0.111007445,0,1.5,0.166511168,0,,0.182684939,0.164416445,0.679279691,6.119226431,0.018928756,lost,-0.111007445,0.0
835,bootstrap,player_01151,occasional_player,0.123766606,0.111007445,1.314591879,0.162702575,10,,0.178506405,0.160655764,0.667158489,5.39045636,0.00330007,lost,-0.123766606,0.0
835,bootstrap,player_00490,opportunistic_player,0.110714482,0.234774051,1.107873007,0.122657586,20,,0.134571716,0.121114544,0.679558006,6.137932401,-0.01500099,lost,-0.110714482,0.0
835,countdown,player_01578,occasional_player,0.077472285,0.345488533,1.0,0.077472285,20,,0.08499742,0.076497678,0.711138093,9.179258021,-0.017145422,lost,-0.077472285,0.0
835,countdown,player_01579,occasional_player,0.04165649,0.422960818,1.0,0.04165649,20,,0.04570272,0.041132448,0.745163099,17.888283403,-0.009292674,lost,-0.04165649,0.0
835,countdown,player_01580,occasional_player,0.340466211,0.464617308,1.0,0.340466211,20,,0.3735368,0.33618312,0.461293864,1.354888823,-0.070928007,won,0.461293864,0.024278624
836,bootstrap,player_00166,occasional_player,0.044891527,0,1.5,0.067337291,0,,0.063224032,0.056901628,0.846931829,18.866184454,0.005854674,lost,-0.044891527,0.0
836,bootstrap,player_00295,occasional_player,0.17417744,0.044891527,1.421088955,0.247521636,10,,0.23240192,0.209161728,0.724110211,4.157313435,0.013709958,lost,-0.17417744,0.0
836,bootstrap,player_01428,opportunistic_player,0.459295395,0.219068967,1.11491706,0.512076271,20,,0.480796389,0.43271675,0.453248154,0.986833657,-0.064422516,won,0.453248154,0.023855166
836,countdown,player_01581,occasional_player,0.075267482,0.678364362,1.0,0.075267482,20,,0.070669811,0.06360283,0.818074672,10.868899156,-0.018448393,lost,-0.075267482,0.0
836,countdown,player_01582,occasional_player,0.084605645,0.753631844,1.0,0.084605645,20,,0.079437558,0.071493802,0.809203417,9.564414014,-0.020703837,lost,-0.084605645,0.0
836,countdown,player_01112,occasional_player,0.078250155,0.838237489,1.0,0.078250155,20,,0.07347029,0.066123261,0.815241132,10.418396388,-0.019169598,lost,-0.078250155,0.0
837,bootstrap,player_00170,occasional_player,0.047674634,0,1.5,0.071511951,0,,0.121412606,0.109271346,0.415206168,8.709163205,0.002904974,lost,-0.047674634,0.0
837,bootstrap,player_00292,occasional_player,0.165546928,0.047674634,1.416138061,0.234437306,10,,0.398026399,0.358223759,0.303227489,1.83167089,0.002379206,lost,-0.165546928,0.0
837,bootstrap,player_01577,occasional_player,0.251615063,0.213221562,1.124933175,0.283050132,20,,0.480560994,0.432504895,0.221462761,0.880164955,-0.047006589,won,0.221462761,0.011655935
838,bootstrap,player_00560,occasional_player,0.080221249,0,1.5,0.120331873,0,,0.139271061,0.125343955,0.642464272,8.00865457,0.010363013,lost,-0.080221249,0.0
838,bootstrap,player_00686,occasional_player,0.243277766,0.080221249,1.358788176,0.330562952,10,,0.38259068,0.344331612,0.487560581,2.004131283,0.00837298,lost,-0.243277766,0.0
838,countdown,player_01583,opportunistic_player,0.261332571,0.323499015,1.0,0.261332571,10,,0.30246404,0.272217636,0.470408516,1.80003784,-0.062139742,lost,-0.261332571,0.0
838,countdown,player_01584,opportunistic_player,0.151784639,0.584831586,1.0,0.151784639,10,,0.175674218,0.158106797,0.574479052,3.784829978,-0.036957413,lost,-0.151784639,0.0
839,bootstrap,player_01090,occasional_player,0.027080378,0,1.5,0.040620567,0,,0.030381701,0.027343531,0.920080754,33.975919922,-0.001181648,lost,-0.027080378,0.0
839,bootstrap,player_00801,player_whale,0.767963979,0.027080378,1.453477119,1.116218072,20,,0.834862884,0.751376595,0.216241333,0.281577443,-0.028455142,won,0.216241333,0.011381123
839,countdown,player_01585,occasional_player,0.08963039,0.795044357,1.0,0.08963039,20,,0.067038053,0.060334247,0.860658243,9.602303895,-0.032295441,lost,-0.08963039,0.0
839,countdown,player_00145,occasional_player,0.090538633,0.884674747,1.0,0.090538633,20,,0.067717363,0.060945627,0.859795412,9.49644791,-0.032619929,lost,-0.090538633,0.0
840,bootstrap,player_00101,player_whale,0.099673267,0,1.5,0.1495099,0,,0.175460313,0.157914282,0.598125493,6.000861726,0.010519123,lost,-0.099673267,0.0
840,bootstrap,player_01375,occasional_player,0.05540355,0.099673267,1.323261754,0.073313399,10,,0.086038396,0.077434556,0.640181724,11.55488636,-0.001541213,lost,-0.05540355,0.0
840,bootstrap,player_00297,opportunistic_player,0.332474953,0.155076817,1.225021507,0.407288968,20,,0.477982059,0.430183853,0.376963891,1.133811398,-0.027285817,lost,-0.332474953,0.0
840,countdown,player_01586,occasional_player,0.020328435,0.48755177,1.0,0.020328435,20,,0.023856839,0.021471155,0.673503083,33.131083798,-0.005431071,lost,-0.020328435,0.0
840,countdown,player_01587,opportunistic_player,0.114116748,0.507880205,1.0,0.114116748,20,,0.133923976,0.120531579,0.584404186,5.121107956,-0.029922917,lost,-0.114116748,0.0
840,countdown,player_01588,occasional_player,0.022009171,0.621996953,1.0,0.022009171,20,,0.0258293,0.02324637,0.671906384,30.528473074,-0.005878153,lost,-0.022009171,0.0
840,countdown,player_01156,occasional_player,0.065534332,0.644006124,1.0,0.065534332,20,,0.076909117,0.069218205,0.630557481,9.62178849,-0.017352106,lost,-0.065534332,0.0
841,bootstrap,player_01358,opportunistic_player,0.078056633,0,1.5,0.11708495,0,,0.288448873,0.259603986,0.234608441,3.005618253,0.003112466,lost,-0.078056633,0.0
841,bootstrap,player_01565,opportunistic_player,0.054452649,0.124645779,1.284141128,0.069924886,30,,0.172265988,0.155039389,0.257032226,4.720288736,-0.006160224,lost,-0.054452649,0.0
841,bootstrap,player_01321,occasional_player,0.172293167,0.132509282,1.270523283,0.21890248,40,,0.53928514,0.485356626,0.145083734,0.842074797,-0.018252185,won,0.145083734,0.007635986
841,bootstrap,player_01589,occasional_player,0.046589146,0.078056633,1.364823206,0.063585948,10,40,0.0,0.0,0.0,0.0,0.0,pending_withdrawn,0.0,0.0
842,bootstrap,player_01221,opportunistic_player,0.060328991,0,1.5,0.090493486,0,,0.226695144,0.20402563,0.243877854,4.042465317,0.001737002,lost,-0.060328991,0.0
842,bootstrap,player_00065,occasional_player,0.016133852,0.060328991,1.395450369,0.02251399,10,,0.056399775,0.050759797,0.285863236,17.718225989,-0.000804541,lost,-0.016133852,0.0
842,bootstrap,player_01124,occasional_player,0.018783084,0.076462843,1.367490541,0.02568569,20,,0.064345197,0.057910678,0.283346465,15.085193965,-0.001286557,lost,-0.018783084,0.0
842,bootstrap,player_00670,occasional_player,0.175829739,0.095245927,1.334939615,0.234722084,30,,0.588002066,0.52920186,0.134152143,0.762966174,-0.011786751,won,0.134152143,0.007060639
842,countdown,player_00146,occasional_player,0.025770565,0.271075666,1.0,0.025770565,30,,0.064557818,0.058102036,0.276708358,10.737380358,-0.008195924,lost,-0.025770565,0.0
843,bootstrap,player_01389,occasional_player,0.064654914,0,1.5,0.096982371,0,,0.287289016,0.258560114,0.186776197,2.888816719,0.000355143,lost,-0.064654914,0.0
843,bootstrap,player_01558,occasional_player,0.145676845,0.064654914,1.387875094,0.202181265,10,,0.59891768,0.539025912,0.109805362,0.753759886,-0.007965315,lost,-0.145676845,0.0
843,bootstrap,player_01590,player_whale,0.033837808,0.210331759,1.135241512,0.038414084,20,,0.113793304,0.102413973,0.216052447,6.38494217,-0.008245554,lost,-0.033837808,0.0
844,bootstrap,player_01236,occasional_player,0.122559318,0,1.5,0.183838977,0,,0.128609128,0.115748215,1.09976006,8.973288021,0.018921969,lost,-0.122559318,0.0
844,bootstrap,player_00064,occasional_player,0.369131123,0.122559318,1.294960706,0.478010299,10,,0.334403992,0.300963593,0.865516845,2.34474091,0.002452966,lost,-0.369131123,0.0
844,countdown,player_01591,occasional_player,0.454656405,0.491690441,1.0,0.454656405,10,,0.318066195,0.286259575,0.784267827,1.724968171,-0.10000248,won,0.784267827,0.041277254
844,countdown,player_01592,occasional_player,0.054765634,0.946346846,1.0,0.054765634,10,,0.038312661,0.034481395,1.16416406,21.257200453,-0.012735238,lost,-0.054765634,0.0
844,countdown,player_01224,occasional_player,0.258168255,1.00111248,1.0,0.258168255,10,,0.180608023,0.162547221,0.97093157,3.760848017,-0.058381494,lost,-0.258168255,0.0
845,bootstrap,player_01593,occasional_player,0.210282831,0,1.5,0.315424247,0,,0.351617817,0.316456035,0.555986215,2.643992436,0.032207633,lost,-0.210282831,0.0
845,bootstrap,player_00145,occasional_player,0.116919733,0.210282831,1.147954586,0.134218544,10,,0.149619542,0.134657588,0.644681158,5.513878121,-0.014364394,lost,-0.116919733,0.0
845,countdown,player_01243,occasional_player,0.058791172,0.327202564,1.0,0.058791172,10,,0.065537205,0.058983485,0.699903291,11.904904544,-0.014040729,lost,-0.058791172,0.0
845,countdown,player_01594,opportunistic_player,0.099614382,0.385993736,1.0,0.099614382,10,,0.111044702,0.099940232,0.661121241,6.636805127,-0.023586287,won,0.661121241,0.034795855
845,countdown,player_01198,occasional_player,0.149594862,0.485608118,1.0,0.149594862,10,,0.166760226,0.150084204,0.613639785,4.102011105,-0.035045398,lost,-0.149594862,0.0
845,countdown,player_01595,occasional_player,0.087642113,0.63520298,1.0,0.087642113,10,,0.097698667,0.0879288,0.672494897,7.673193556,-0.020804178,lost,-0.087642113,0.0
845,countdown,player_01596,occasional_player,0.051780278,0.722845093,1.0,0.051780278,10,,0.057721841,0.051949657,0.70656364,13.64541998,-0.012384572,lost,-0.051780278,0.0
846,bootstrap,player_00939,occasional_player,0.028094908,0,1.5,0.042142362,0,,0.047536694,0.042783025,0.659575871,23.476705131,0.001325728,lost,-0.028094908,0.0
846,bootstrap,player_00673,occasional_player,0.377288177,0.028094908,1.450973444,0.547435125,10,,0.617508245,0.55575742,0.327842265,0.868943914,0.014593298,won,0.327842265,0.017254856
846,countdown,player_01597,opportunistic_player,0.296945292,0.405383085,1.0,0.296945292,10,,0.334955062,0.301459555,0.404168006,1.361085752,-0.085587989,lost,-0.296945292,0.0
847,bootstrap,player_00893,player_whale,0.300927792,0,1.5,0.451391688,0,,0.549583943,0.494625549,0.370485432,1.231143956,0.031170342,lost,-0.300927792,0.0
847,countdown,player_00638,occasional_player,0.081554345,0.300927792,1.0,0.081554345,0,,0.099295046,0.089365542,0.578890207,7.098214165,-0.02253336,lost,-0.081554345,0.0
847,countdown,player_00329,occasional_player,0.100219229,0.382482137,1.0,0.100219229,0,,0.122020145,0.10981813,0.561158567,5.599310358,-0.027587956,lost,-0.100219229,0.0
847,countdown,player_01598,occasional_player,0.095154432,0.482701366,1.0,0.095154432,0,,0.115853591,0.104268232,0.565970124,5.94791133,-0.026220144,lost,-0.095154432,0.0
847,countdown,player_01126,occasional_player,0.044912613,0.577855798,1.0,0.044912613,0,,0.054682555,0.0492143,0.613699852,13.664309673,-0.012499462,lost,-0.044912613,0.0
847,countdown,player_00322,occasional_player,0.048101165,0.622768411,1.0,0.048101165,0,,0.05856472,0.052708248,0.610670728,12.695549637,-0.013378453,won,0.610670728,0.032140565
848,bootstrap,player_01593,occasional_player,0.058088028,0,1.5,0.087132042,0,,0.174624496,0.157162046,0.316047751,5.440841464,0.000711917,won,0.316047751,0.016634092
848,bootstrap,player_01234,occasional_player,0.248895605,0.058088028,1.398492383,0.348078608,10,,0.697597005,0.627837304,0.134780553,0.541514396,-0.0080094,lost,-0.248895605,0.0
848,countdown,player_01599,occasional_player,0.063757387,0.306983633,1.0,0.063757387,10,,0.127778499,0.115000649,0.31066186,4.872562614,-0.02069893,lost,-0.063757387,0.0
849,bootstrap,player_00570,occasional_player,0.028030333,0,1.5,0.042045499,0,,0.109712743,0.098741469,0.268973446,9.59579918,0.001296256,lost,-0.028030333,0.0
849,bootstrap,player_00428,occasional_player,0.136300575,0.028030333,1.432272631,0.195219583,10,,0.509402349,0.458462114,0.166116717,1.218752867,0.002346296,won,0.166116717,0.008742985
849,bootstrap,player_01600,occasional_player,0.132343915,0.164330908,1.102940858,0.145967511,20,,0.380884908,0.342796417,0.169875544,1.283591645,-0.028744167,lost,-0.132343915,0.0
850,bootstrap,player_00918,occasional_player,0.072346785,0,1.5,0.108520177,0,,0.269136021,0.242222419,0.260613891,3.602287112,0.008303755,lost,-0.072346785,0.0
850,bootstrap,player_01350,opportunistic_player,0.04349083,0.072346785,1.325072015,0.057628482,10,,0.142921812,0.128629631,0.288027048,6.622707556,-0.000847808,lost,-0.04349083,0.0
850,bootstrap,player_01601,occasional_player,0.094145036,0.115837615,1.21991512,0.114848953,20,,0.284831734,0.256348561,0.239905553,2.548254937,-0.008511648,lost,-0.094145036,0.0
850,countdown,player_01602,occasional_player,0.122219232,0.209982651,1.0,0.122219232,20,,0.303110433,0.272799389,0.213235067,1.744693229,-0.030707504,won,0.213235067,0.011222898
851,bootstrap,player_01576,occasional_player,0.078319249,0,1.5,0.117478873,0,,0.196496997,0.176847298,0.429323578,5.481712133,0.011456013,lost,-0.078319249,0.0
851,bootstrap,player_01573,occasional_player,0.023680183,0.078319249,1.314313832,0.031123192,10,,0.052057137,0.046851423,0.48123069,20.322084935,-2.439e-05,lost,-0.023680183,0.0
851,bootstrap,player_01056,occasional_player,0.054986369,0.101999432,1.258170771,0.069182242,20,,0.115715298,0.104143768,0.451489814,8.21094067,-0.002240031,lost,-0.054986369,0.0
851,bootstrap,player_01198,occasional_player,0.16893873,0.156985801,1.127804248,0.190529817,30,,0.318683147,0.286814832,0.343235071,2.031713335,-0.022039687,won,0.343235071,0.018065004
851,countdown,player_01603,opportunistic_player,0.134444992,0.325924531,1.0,0.134444992,30,,0.224874793,0.202387314,0.376004122,2.796713482,-0.031136567,lost,-0.134444992,0.0
851,countdown,player_01604,occasional_player,0.05510688,0.460369523,1.0,0.05510688,30,,0.092172628,0.082955365,0.451375328,8.19090698,-0.013091463,lost,-0.05510688,0.0
852,bootstrap,player_00516,occasional_player,0.150809709,0,1.5,0.226214563,0,,0.358878081,0.322990273,0.392028751,2.599492791,0.024521834,lost,-0.150809709,0.0
852,bootstrap,player_01550,occasional_player,0.043699067,0.150809709,1.142196608,0.049912926,10,,0.079184359,0.071265923,0.493783861,11.299643109,-0.00539485,lost,-0.043699067,0.0
852,countdown,player_00476,occasional_player,0.018241519,0.194508776,1.0,0.018241519,10,,0.028939257,0.026045331,0.517968532,28.395032887,-0.004275751,lost,-0.018241519,0.0
852,countdown,player_01605,occasional_player,0.22527911,0.212750295,1.0,0.22527911,10,,0.357394032,0.321654629,0.32128282,1.426154518,-0.049474935,lost,-0.22527911,0.0
852,countdown,player_00161,occasional_player,0.020469907,0.438029405,1.0,0.020469907,10,,0.032474483,0.029227035,0.515851563,25.200483974,-0.004794821,won,0.515851563,0.027150082
852,countdown,player_01606,occasional_player,0.033684079,0.458499312,1.0,0.033684079,10,,0.053438105,0.048094295,0.5032981,14.941720684,-0.0078583,lost,-0.033684079,0.0
852,countdown,player_01607,opportunistic_player,0.056536094,0.492183391,1.0,0.056536094,10,,0.089691683,0.080722515,0.481588686,8.518251821,-0.013097308,lost,-0.056536094,0.0
853,bootstrap,player_01026,occasional_player,0.054430242,0,1.5,0.081645363,0,,0.054770328,0.049293295,1.220834373,22.429339422,0.008431753,lost,-0.054430242,0.0
853,bootstrap,player_00695,opportunistic_player,0.121940296,0.054430242,1.371239024,0.167209292,10,,0.112169356,0.10095242,1.156699821,9.485788204,0.007141519,lost,-0.121940296,0.0
853,bootstrap,player_00159,occasional_player,1.129300564,0.176370538,1.082775277,1.22277873,20,,0.820279191,0.738251272,0.199707567,0.17684182,-0.148158621,lost,-1.129300564,0.0
853,countdown,player_00190,occasional_player,0.019052644,1.305671102,1.0,0.019052644,20,,0.012781125,0.011503012,1.254443091,65.840892777,-0.004403607,lost,-0.019052644,0.0
854,bootstrap,player_00158,opportunistic_player,0.666195318,0,1.5,0.999292977,0,,0.852475837,0.767228254,0.178762951,0.268334144,-0.017919461,won,0.178762951,0.009408576
854,countdown,player_01608,occasional_player,0.172931423,0.666195318,1.0,0.172931423,0,,0.147524163,0.132771746,0.647363651,3.743470328,-0.064019414,lost,-0.172931423,0.0
855,bootstrap,player_01609,occasional_player,0.199280633,0,1.5,0.29892095,0,,0.237437268,0.213693541,0.906908679,4.550912276,0.037104878,lost,-0.199280633,0.0
855,bootstrap,player_00993,occasional_player,0.490630306,0.199280633,1.042017036,0.511245137,10,,0.406089464,0.365480518,0.63012649,1.284320357,-0.081015532,won,0.63012649,0.033164552
855,countdown,player_00994,occasional_player,0.171184963,0.689910939,1.0,0.171184963,10,,0.135974711,0.12237724,0.933599566,5.453747509,-0.035984481,lost,-0.171184963,0.0
855,countdown,player_01610,occasional_player,0.038239137,0.861095902,1.0,0.038239137,10,,0.030373904,0.027336513,1.0598981,27.717626061,-0.008219894,lost,-0.038239137,0.0
855,countdown,player_01611,occasional_player,0.070952257,0.899335039,1.0,0.070952257,10,,0.056358412,0.050722571,1.028820636,14.50018195,-0.015168949,lost,-0.070952257,0.0
855,countdown,player_01254,occasional_player,0.040119523,0.970287296,1.0,0.040119523,10,,0.031867522,0.02868077,1.058111734,26.373985891,-0.008621405,lost,-0.040119523,0.0
855,countdown,player_01344,occasional_player,0.128285093,1.010406819,1.0,0.128285093,10,,0.101898719,0.091708847,0.974354442,7.595227312,-0.027163292,lost,-0.128285093,0.0
856,bootstrap,player_01568,occasional_player,0.385283656,0,1.5,0.577925484,0,,0.414808295,0.373327465,0.789001991,2.04784703,0.053109428,lost,-0.385283656,0.0
856,countdown,player_00002,persistent_player,0.032792727,0.385283656,1.0,0.032792727,0,,0.023537109,0.021183398,1.123868373,34.271879042,-0.008290714,lost,-0.032792727,0.0
856,countdown,player_01612,occasional_player,0.184648656,0.418076383,1.0,0.184648656,0,,0.132532301,0.119279071,0.979605241,5.305238943,-0.045777533,lost,-0.184648656,0.0
856,countdown,player_00857,player_whale,0.296029618,0.602725039,1.0,0.296029618,0,,0.212476425,0.191228783,0.873793327,2.951709132,-0.0723258,won,0.873793327,0.045989122
856,countdown,player_01613,opportunistic_player,0.147934417,0.898754657,1.0,0.147934417,0,,0.106180511,0.09556246,1.014483768,6.857658875,-0.036850876,lost,-0.147934417,0.0
856,countdown,player_01614,occasional_player,0.153904218,1.046689074,1.0,0.153904218,0,,0.110465359,0.099418823,1.008812457,6.554807073,-0.038308294,lost,-0.153904218,0.0
857,bootstrap,player_00310,player_whale,0.657111299,0,1.5,0.985666949,0,,0.561285518,0.505156966,0.746348029,1.135801545,0.051855958,lost,-0.657111299,0.0
857,countdown,player_00597,opportunistic_player,0.257283949,0.657111299,1.0,0.257283949,0,,0.146509685,0.131858717,1.126184011,4.377202759,-0.074861639,lost,-0.257283949,0.0
857,countdown,player_01615,occasional_player,0.017679279,0.914395248,1.0,0.017679279,0,,0.01006742,0.009060678,1.353808448,76.575998821,-0.00525267,lost,-0.017679279,0.0
857,countdown,player_01616,opportunistic_player,0.495458154,0.932074527,1.0,0.495458154,0,,0.282137376,0.253923639,0.899918517,1.816336071,-0.141139033,won,0.899918517,0.047364132
858,bootstrap,player_01038,occasional_player,0.251077943,0,1.5,0.376616915,0,,0.500640724,0.450576651,0.371910529,1.481255281,0.029626116,lost,-0.251077943,0.0
858,countdown,player_00093,occasional_player,0.189638569,0.251077943,1.0,0.189638569,0,,0.252088493,0.226879643,0.430277934,2.268936833,-0.048992134,lost,-0.189638569,0.0
858,countdown,player_01227,occasional_player,0.027095795,0.440716512,1.0,0.027095795,0,,0.036018718,0.032416846,0.58469357,21.57875676,-0.007263513,lost,-0.027095795,0.0
858,countdown,player_01617,occasional_player,0.106362733,0.467812307,1.0,0.106362733,0,,0.141389071,0.127250164,0.509389978,4.789177225,-0.0280081,lost,-0.106362733,0.0
858,countdown,player_00850,occasional_player,0.052555824,0.57417504,1.0,0.052555824,0,,0.069862995,0.062876696,0.560506542,10.664974865,-0.014008488,won,0.560506542,0.029500344
859,bootstrap,player_01618,occasional_player,0.063851966,0,1.5,0.095777949,0,,0.38242165,0.344179485,0.124953262,1.956921137,0.00113092,won,0.124953262,0.006576487
859,bootstrap,player_01344,occasional_player,0.083552241,0.063851966,1.357717705,0.113440357,10,,0.452944013,0.407649611,0.106238001,1.271515873,-0.006184323,lost,-0.083552241,0.0
859,bootstrap,player_00898,opportunistic_player,0.035195527,0.147404207,1.17153699,0.041232862,20,,0.164634337,0.148170903,0.152176879,4.323756225,-0.007432388,lost,-0.035195527,0.0
860,bootstrap,player_01004,occasional_player,0.037894582,0,1.5,0.056841873,0,,0.138973054,0.125075749,0.301162965,7.947388488,0.004513294,lost,-0.037894582,0.0
860,bootstrap,player_01619,occasional_player,0.074426814,0.037894582,1.396630333,0.103946746,10,,0.254140055,0.22872605,0.266457344,3.58012563,0.003542273,won,0.266457344,0.014024071
860,bootstrap,player_01617,occasional_player,0.095393774,0.112321396,1.193607246,0.1138627,20,,0.278383634,0.25054527,0.246538732,2.584432107,-0.009724202,lost,-0.095393774,0.0
860,countdown,player_00213,occasional_player,0.134362309,0.20771517,1.0,0.134362309,20,,0.328503257,0.295652931,0.209518624,1.559355638,-0.032692903,lost,-0.134362309,0.0
861,bootstrap,player_00326,player_whale,0.083334901,0,1.5,0.125002351,0,,0.251744186,0.226569768,0.352058921,4.224627577,0.015312176,lost,-0.083334901,0.0
861,bootstrap,player_00398,occasional_player,0.02556657,0.083334901,1.22463644,0.031309753,10,,0.0630552,0.05674968,0.406938835,15.916833402,-0.001022026,lost,-0.02556657,0.0
861,bootstrap,player_01273,occasional_player,0.041407333,0.108901471,1.140156809,0.047210853,20,,0.095078674,0.085570807,0.39189011,9.464268334,-0.004329721,lost,-0.041407333,0.0
861,countdown,player_01620,occasional_player,0.165178817,0.150308804,1.0,0.165178817,20,,0.332656199,0.299390579,0.274307201,1.660668152,-0.033600844,won,0.274307201,0.014437221
861,countdown,player_01402,occasional_player,0.127843361,0.315487621,1.0,0.127843361,20,,0.257465741,0.231719167,0.309775884,2.42308933,-0.026438594,lost,-0.127843361,0.0
862,bootstrap,player_01478,occasional_player,0.015820216,0,1.5,0.023730324,0,,0.117940409,0.106146368,0.125555742,7.93641139,-0.000813671,lost,-0.015820216,0.0
862,bootstrap,player_01415,opportunistic_player,0.122482733,0.015820216,1.448985689,0.177475727,10,,0.882059591,0.793853632,0.024226351,0.197794013,-0.006017194,lost,-0.122482733,0.0
863,bootstrap,player_01621,opportunistic_player,0.479937666,0,1.5,0.719906499,0,,0.446337501,0.401703751,0.860649582,1.793252838,0.058581259,lost,-0.479937666,0.0
863,countdown,player_00311,occasional_player,0.297595092,0.479937666,1.0,0.297595092,0,,0.184507085,0.166056376,1.033875027,3.474099724,-0.076495989,lost,-0.297595092,0.0
863,countdown,player_00519,opportunistic_player,0.361375396,0.777532758,1.0,0.361375396,0,,0.224050472,0.201645425,0.973283738,2.693276158,-0.092247488,won,0.973283738,0.05122546
863,countdown,player_01622,occasional_player,0.038559059,1.138908154,1.0,0.038559059,0,,0.023906374,0.021515737,1.279959258,33.19477424,-0.010190166,lost,-0.038559059,0.0
863,countdown,player_01623,occasional_player,0.067630372,1.177467213,1.0,0.067630372,0,,0.041930405,0.037737365,1.252341511,18.517442297,-0.017818112,lost,-0.067630372,0.0
863,countdown,player_01624,occasional_player,0.127853173,1.245097585,1.0,0.127853173,0,,0.079268163,0.071341347,1.19512985,9.34767454,-0.033469783,lost,-0.127853173,0.0
864,bootstrap,player_00132,player_whale,1.304676916,0,1.5,1.957015374,0,,0.777304817,0.699574335,0.544922872,0.417668823,-0.010744374,won,0.544922872,0.028680151
864,countdown,player_01625,occasional_player,0.212667938,1.304676916,1.0,0.212667938,0,,0.084469348,0.076022413,1.582331401,7.440385308,-0.076207757,lost,-0.212667938,0.0
864,countdown,player_00211,occasional_player,0.27989719,1.517344854,1.0,0.27989719,0,,0.111172062,0.100054856,1.518463612,5.4250763,-0.09996246,lost,-0.27989719,0.0
864,countdown,player_00814,occasional_player,0.068113113,1.797242044,1.0,0.068113113,0,,0.027053774,0.024348396,1.719658485,25.247098677,-0.024583742,lost,-0.068113113,0.0
865,bootstrap,player_00888,occasional_player,0.309727998,0,1.5,0.464591997,0,,0.212448737,0.191203863,1.648408238,5.32211569,0.064675215,lost,-0.309727998,0.0
865,countdown,player_01626,occasional_player,0.046083154,0.309727998,1.0,0.046083154,0,,0.021072915,0.018965624,1.89887084,41.205314194,-0.009195888,lost,-0.046083154,0.0
865,countdown,player_01627,occasional_player,0.1468197,0.355811152,1.0,0.1468197,0,,0.067137747,0.060423972,1.803171121,12.281533888,-0.028993509,lost,-0.1468197,0.0
865,countdown,player_01628,occasional_player,0.116878484,0.502630852,1.0,0.116878484,0,,0.053446221,0.048101598,1.831615276,15.671107405,-0.02315282,lost,-0.116878484,0.0
865,countdown,player_01629,occasional_player,1.412469493,0.619509336,1.0,1.412469493,0,,0.64589438,0.581304942,0.600803818,0.425357022,-0.242143768,won,0.600803818,0.031621254
866,bootstrap,player_00875,player_whale,0.53408354,0,1.5,0.80112531,0,,0.958460509,0.862614458,0.045245943,0.084716976,-0.034345552,won,0.045245943,0.002381365
866,countdown,player_01519,occasional_player,0.034720614,0.53408354,1.0,0.034720614,0,,0.041539491,0.037385542,0.519640722,14.966345998,-0.013995515,lost,-0.034720614,0.0
867,bootstrap,player_01462,occasional_player,0.071378278,0,1.5,0.107067417,0,,0.10824332,0.097418988,0.820402672,11.49373023,0.015498119,lost,-0.071378278,0.0
867,bootstrap,player_01528,occasional_player,0.097551096,0.071378278,1.320731329,0.128838789,10,,0.130253803,0.117228422,0.795538495,8.155095403,0.007144388,lost,-0.097551096,0.0
867,bootstrap,player_00611,occasional_player,0.014992283,0.168929374,1.075728846,0.016127631,20,,0.016304758,0.014674282,0.873969367,58.294615096,-0.001947409,lost,-0.014992283,0.0
867,countdown,player_01630,occasional_player,0.087164946,0.183921657,1.0,0.087164946,20,,0.088122263,0.079310037,0.805405337,9.24001418,-0.016375164,lost,-0.087164946,0.0
867,countdown,player_01631,occasional_player,0.075637153,0.271086603,1.0,0.075637153,20,,0.076467863,0.068821076,0.81635674,10.793065419,-0.014249173,lost,-0.075637153,0.0
867,countdown,player_01632,occasional_player,0.373414805,0.346723756,1.0,0.373414805,20,,0.377515954,0.339764359,0.533467971,1.428620301,-0.06528836,won,0.533467971,0.028077262
867,countdown,player_01633,occasional_player,0.060053968,0.720138561,1.0,0.060053968,20,,0.06071353,0.054642177,0.831160766,13.84023061,-0.011356055,lost,-0.060053968,0.0
867,countdown,player_01634,occasional_player,0.140831779,0.780192529,1.0,0.140831779,20,,0.14237851,0.128140659,0.754421846,5.35690063,-0.02611339,lost,-0.140831779,0.0
868,bootstrap,player_01502,occasional_player,0.035288162,0,1.5,0.052932243,0,,0.211214754,0.190093279,0.157000852,4.449108223,0.001264687,lost,-0.035288162,0.0
868,bootstrap,player_01635,occasional_player,0.01681081,0.035288162,1.410496553,0.02371159,10,,0.094616011,0.085154409,0.174554336,10.383457795,-0.000515224,lost,-0.01681081,0.0
868,bootstrap,player_01067,occasional_player,0.05417307,0.052098972,1.367858303,0.074101084,20,,0.295684471,0.266116024,0.139060189,2.566961576,-0.002750603,lost,-0.05417307,0.0
868,bootstrap,player_00288,occasional_player,0.081159936,0.106272042,1.23045595,0.099863726,30,,0.398484764,0.358636288,0.113422666,1.397520403,-0.011375554,won,0.113422666,0.005969614
869,bootstrap,player_00040,occasional_player,0.011167024,0,1.5,0.016750536,0,,0.013460846,0.012114761,1.037567204,92.91349278,0.001538141,lost,-0.011167024,0.0
869,bootstrap,player_01636,occasional_player,0.02665433,0.011167024,1.470913932,0.039206225,10,,0.031506392,0.028355752,1.022854263,38.374788003,0.003105276,lost,-0.02665433,0.0
869,bootstrap,player_00031,player_whale,0.339607529,0.037821354,1.401489021,0.475956223,20,,0.382481689,0.34423352,0.725548724,2.136432977,0.027054957,lost,-0.339607529,0.0
869,countdown,player_00984,occasional_player,0.206157821,0.377428883,1.0,0.206157821,20,,0.16566984,0.149102856,0.852325947,4.134337191,-0.048334868,lost,-0.206157821,0.0
869,countdown,player_01558,occasional_player,0.211509362,0.583586704,1.0,0.211509362,20,,0.169970376,0.152973338,0.847241983,4.005694947,-0.049548635,lost,-0.211509362,0.0
869,countdown,player_01637,opportunistic_player,0.149542096,0.795096066,1.0,0.149542096,20,,0.120173055,0.10815575,0.906110885,6.059236226,-0.035367156,lost,-0.149542096,0.0
869,countdown,player_01638,occasional_player,0.145267304,0.944638162,1.0,0.145267304,20,,0.116737803,0.105064023,0.910171938,6.265497553,-0.034378612,won,0.910171938,0.047903786
870,bootstrap,player_00844,occasional_player,0.320738777,0,1.5,0.481108165,0,,1.0,0.9,0.012756748,0.039773014,-0.020592805,won,0.012756748,0.000671408
871,bootstrap,player_00360,occasional_player,0.222943615,0,1.5,0.334415423,0,,0.187107692,0.168396923,1.392977226,6.248114467,0.049172482,won,1.392977226,0.073314591
871,countdown,player_00039,occasional_player,0.307466883,0.222943615,1.0,0.307466883,0,,0.172029801,0.154826821,1.312680122,4.269338241,-0.056624672,lost,-0.307466883,0.0
871,countdown,player_00375,opportunistic_player,0.235787605,0.530410498,1.0,0.235787605,0,,0.13192476,0.118732284,1.380775436,5.85601366,-0.043849382,lost,-0.235787605,0.0
871,countdown,player_01120,occasional_player,0.546047534,0.766198103,1.0,0.546047534,0,,0.30551729,0.274965561,1.086028503,1.988890042,-0.097282831,lost,-0.546047534,0.0
871,countdown,player_01639,occasional_player,0.206904567,1.312245637,1.0,0.206904567,0,,0.115764505,0.104188055,1.408214322,6.80610555,-0.038628472,lost,-0.206904567,0.0
871,countdown,player_01640,occasional_player,0.156666472,1.519150204,1.0,0.156666472,0,,0.087655951,0.078890356,1.455940512,9.293248858,-0.029447333,lost,-0.156666472,0.0
872,bootstrap,player_00508,player_whale,0.169491718,0,1.5,0.254237577,0,,0.583915371,0.525523834,0.183733197,1.084024629,0.016136393,won,0.183733197,0.009670168
872,bootstrap,player_01478,occasional_player,0.020527987,0.169491718,1.058895405,0.021736991,10,,0.049924025,0.044931623,0.325248741,15.844161494,-0.004991678,lost,-0.020527987,0.0
872,countdown,player_00650,opportunistic_player,0.159426844,0.190019705,1.0,0.159426844,10,,0.366160604,0.329544544,0.193294827,1.212435887,-0.043189342,lost,-0.159426844,0.0
873,bootstrap,player_00860,occasional_player,0.039828479,0,1.5,0.059742718,0,,0.019982997,0.017984698,2.764330681,69.405881167,0.010603476,lost,-0.039828479,0.0
873,bootstrap,player_00488,occasional_player,0.024842768,0.039828479,1.396273211,0.034687291,10,,0.011602352,0.010442117,2.778567106,111.846115779,0.004430765,won,2.778567106,0.146240374
873,bootstrap,player_00906,occasional_player,0.050628104,0.064671247,1.331574266,0.06741508,20,,0.022549281,0.020294353,2.754071037,54.398067856,0.006291451,lost,-0.050628104,0.0
873,bootstrap,player_01392,occasional_player,0.034651521,0.115299351,1.199721612,0.041572179,30,,0.013905238,0.012514715,2.769248791,79.91709197,0.000438491,lost,-0.034651521,0.0
873,countdown,player_01368,occasional_player,0.066818526,0.149950872,1.0,0.066818526,30,,0.022349744,0.020114769,2.738690136,40.986988188,-0.010386367,lost,-0.066818526,0.0
873,countdown,player_01641,occasional_player,0.199511513,0.216769398,1.0,0.199511513,30,,0.066733456,0.06006011,2.612631798,13.095143027,-0.030613876,lost,-0.199511513,0.0
873,countdown,player_01642,opportunistic_player,0.333005353,0.416280911,1.0,0.333005353,30,,0.111385041,0.100246537,2.48581265,7.464782857,-0.050428611,lost,-0.333005353,0.0
873,countdown,player_01539,occasional_player,0.02210237,0.749286264,1.0,0.02210237,30,,0.007392894,0.006653605,2.781170484,125.831324157,-0.0034505,lost,-0.02210237,0.0
873,countdown,player_01643,player_whale,2.164822494,0.771388634,1.0,2.164822494,30,,0.724098996,0.651689097,0.745586366,0.344409931,-0.268140773,lost,-2.164822494,0.0
874,bootstrap,player_00326,player_whale,0.751345937,0,1.5,1.127018905,0,,0.690836884,0.621753196,0.491903232,0.65469607,0.021648207,won,0.491903232,0.025889644
874,countdown,player_01644,occasional_player,0.159928848,0.751345937,1.0,0.159928848,0,,0.098032736,0.088229463,1.053749466,6.588864233,-0.052846663,lost,-0.159928848,0.0
874,countdown,player_01645,occasional_player,0.182500684,0.911274785,1.0,0.182500684,0,,0.111868757,0.100681881,1.032306222,5.65645125,-0.060191639,lost,-0.182500684,0.0
874,countdown,player_00536,opportunistic_player,0.049039647,1.093775469,1.0,0.049039647,0,,0.030060185,0.027054167,1.159094207,23.635859519,-0.016354592,lost,-0.049039647,0.0
874,countdown,player_00001,persistent_player,0.010129234,1.142815116,1.0,0.010129234,0,,0.006208989,0.00558809,1.1960591,118.079915983,-0.003388944,lost,-0.010129234,0.0
874,countdown,player_00343,occasional_player,0.10276475,1.15294435,1.0,0.10276475,0,,0.062992448,0.056693203,1.108055359,10.782445921,-0.03411948,lost,-0.10276475,0.0
875,bootstrap,player_01180,occasional_player,0.049906631,0,1.5,0.074859946,0,,0.050694025,0.045624622,1.29796235,26.007813465,0.011589382,lost,-0.049906631,0.0
875,bootstrap,player_01247,opportunistic_player,0.091797241,0.049906631,1.381770361,0.126842707,10,,0.085895965,0.077306369,1.25816627,13.70592685,0.012563536,lost,-0.091797241,0.0
875,bootstrap,player_00490,opportunistic_player,0.093085556,0.141703872,1.16430117,0.108379622,20,,0.073393043,0.066053739,1.256942371,13.503087106,-0.003911164,lost,-0.093085556,0.0
875,countdown,player_01038,occasional_player,0.223986943,0.234789428,1.0,0.223986943,20,,0.151680575,0.136512517,1.132586053,5.056482481,-0.038797749,lost,-0.223986943,0.0
875,countdown,player_00987,occasional_player,0.034055317,0.458776371,1.0,0.034055317,20,,0.023061746,0.020755572,1.313021098,38.555538861,-0.006095976,lost,-0.034055317,0.0
875,countdown,player_01646,player_whale,0.237033627,0.492831688,1.0,0.237033627,20,,0.160515592,0.144464033,1.120191704,4.725876736,-0.040963382,lost,-0.237033627,0.0
875,countdown,player_01647,opportunistic_player,0.439440823,0.729865315,1.0,0.439440823,20,,0.297582688,0.267824419,0.927904867,2.111558187,-0.073232258,lost,-0.439440823,0.0
875,countdown,player_01648,opportunistic_player,0.232102588,1.169306138,1.0,0.232102588,20,,0.157176367,0.14145873,1.124876191,4.846461215,-0.040146093,won,1.124876191,0.05920401
876,bootstrap,player_01276,opportunistic_player,0.135868189,0,1.5,0.203802284,0,,0.310614403,0.279552963,0.752522071,2.587998769,0.000882698,lost,-0.135868189,0.0
876,bootstrap,player_00374,occasional_player,0.041362353,0.135868189,1.177900531,0.048720738,10,,0.042188549,0.037969694,0.989462885,23.921822939,-0.002222234,lost,-0.041362353,0.0
876,bootstrap,player_01649,occasional_player,0.142806714,0.177230542,1.079843789,0.154208943,20,,0.133533518,0.120180167,0.893090742,6.253842812,-0.018312385,lost,-0.142806714,0.0
876,countdown,player_01650,occasional_player,0.094737116,0.320037256,1.0,0.094737116,20,,0.082035323,0.073831791,0.93875686,9.90907154,-0.018432405,lost,-0.094737116,0.0
876,countdown,player_01651,occasional_player,0.438160851,0.414774372,1.0,0.438160851,20,,0.379414831,0.341473348,0.612504312,1.397898307,-0.0793867,won,0.612504312,0.032237069
876,countdown,player_01276,opportunistic_player,0.154905547,0.852935223,1.0,0.154905547,20,,0.310614403,0.279552963,0.752522071,2.587998769,0.000882698,lost,-0.154905547,0.0
876,countdown,player_01652,occasional_player,0.060297741,1.00784077,1.0,0.060297741,20,,0.052213376,0.046992038,0.971474266,16.111287921,-0.011812671,lost,-0.060297741,0.0
877,bootstrap,player_01159,occasional_player,0.191598393,0,1.5,0.287397589,0,,0.193301968,0.173971772,1.153429441,6.020037138,0.042398482,lost,-0.191598393,0.0
877,countdown,player_01653,occasional_player,0.135781057,0.191598393,1.0,0.135781057,10,,0.091325559,0.082193003,1.206455911,8.885303571,-0.025458569,lost,-0.135781057,0.0
877,countdown,player_01284,occasional_player,0.423653326,0.32737945,1.0,0.423653326,10,,0.284946795,0.256452115,0.932977255,2.202218649,-0.075742544,won,0.932977255,0.049104066
877,countdown,player_01654,player_whale,0.532611599,0.751032776,1.0,0.532611599,10,,0.358231504,0.322408353,0.829466896,1.557357927,-0.093466114,lost,-0.532611599,0.0
877,countdown,player_00806,occasional_player,0.019493271,1.283644375,1.0,0.019493271,10,,0.013111062,0.011799956,1.316929307,67.558149032,-0.003723543,lost,-0.019493271,0.0
877,countdown,player_01652,occasional_player,0.087843615,1.303137646,1.0,0.087843615,10,,0.059083111,0.0531748,1.251996481,14.252560992,-0.016597886,lost,-0.087843615,0.0
878,bootstrap,player_00200,occasional_player,0.044834994,0,1.5,0.067252491,0,,0.082973556,0.074676201,0.66387162,14.806996961,0.008088523,lost,-0.044834994,0.0
878,bootstrap,player_00213,occasional_player,0.137092696,0.044834994,1.391765385,0.190800869,10,,0.235402829,0.211862546,0.576226803,4.203191124,0.014032989,lost,-0.137092696,0.0
878,bootstrap,player_01655,occasional_player,0.086404832,0.18192769,1.060814628,0.09165951,20,,0.113086005,0.101777404,0.624380274,7.226219406,-0.014062969,lost,-0.086404832,0.0
878,countdown,player_00562,occasional_player,0.434078131,0.268332522,1.0,0.434078131,20,,0.535549029,0.481994126,0.29409064,0.677506234,-0.083105061,won,0.29409064,0.015478455
878,countdown,player_01656,occasional_player,0.026738209,0.702410653,1.0,0.026738209,20,,0.032988582,0.029689723,0.681063566,25.471547688,-0.00572377,lost,-0.026738209,0.0
879,bootstrap,player_01355,occasional_player,0.089535937,0,1.5,0.134303905,0,,0.341514626,0.307363164,0.237964592,2.657755091,0.011125662,lost,-0.089535937,0.0
879,bootstrap,player_01527,occasional_player,0.037636891,0.089535937,1.28370297,0.048314589,10,,0.122856732,0.110571058,0.287268686,7.632635918,-0.001711737,lost,-0.037636891,0.0
879,bootstrap,player_00828,occasional_player,0.063684389,0.127172828,1.192781402,0.075961555,20,,0.193158807,0.173842926,0.262523563,4.122259271,-0.006975444,lost,-0.063684389,0.0
879,countdown,player_01657,opportunistic_player,0.117978556,0.190857217,1.0,0.117978556,20,,0.30000172,0.270001548,0.210944104,1.78798683,-0.029168929,won,0.210944104,0.011102321
879,countdown,player_01658,occasional_player,0.016700994,0.308835773,1.0,0.016700994,20,,0.042468115,0.038221304,0.307157788,18.391587245,-0.004322689,lost,-0.016700994,0.0
880,bootstrap,player_01659,occasional_player,0.184961031,0,1.5,0.277441546,0,,0.761645987,0.685481388,0.095314169,0.515320271,0.007162402,lost,-0.184961031,0.0
880,bootstrap,player_00291,player_whale,0.018377943,0.184961031,1.052866176,0.019349515,10,,0.053119227,0.047807304,0.253568102,13.797414774,-0.005376936,lost,-0.018377943,0.0
880,countdown,player_01660,occasional_player,0.067474688,0.203338974,1.0,0.067474688,10,,0.185234786,0.166711307,0.206926195,3.06672325,-0.021728958,won,0.206926195,0.010890852
881,bootstrap,player_00737,occasional_player,0.170864306,0,1.5,0.256296459,0,,0.384840745,0.346356671,0.401012665,2.3469657,0.027209098,lost,-0.170864306,0.0
881,bootstrap,player_00205,opportunistic_player,0.022789223,0.170864306,1.081682826,0.024650711,10,,0.037014159,0.033312743,0.541683994,23.769305093,-0.003985072,lost,-0.022789223,0.0
881,countdown,player_00295,occasional_player,0.138007376,0.193653529,1.0,0.138007376,10,,0.207224328,0.186501895,0.432226749,3.131910493,-0.031657631,won,0.432226749,0.022748776
881,countdown,player_00100,occasional_player,0.066409292,0.331660905,1.0,0.066409292,10,,0.099716561,0.089744905,0.500244929,7.532755036,-0.015554963,lost,-0.066409292,0.0
881,countdown,player_01661,occasional_player,0.180616732,0.398070197,1.0,0.180616732,10,,0.271204206,0.244083786,0.391747861,2.16894557,-0.040911815,lost,-0.180616732,0.0
882,bootstrap,player_01366,occasional_player,0.04902709,0,1.5,0.073540635,0,,0.099295886,0.089366298,0.550986199,11.238403083,0.004593876,lost,-0.04902709,0.0
882,bootstrap,player_01662,occasional_player,0.019097909,0.04902709,1.379885738,0.026352932,10,,0.035582202,0.032023982,0.579418921,30.339390629,6.8983e-05,lost,-0.019097909,0.0
882,bootstrap,player_01181,occasional_player,0.056926474,0.068124999,1.333096682,0.075888494,20,,0.102466008,0.092219407,0.543481785,9.547083218,-0.001557181,lost,-0.056926474,0.0
882,bootstrap,player_00494,occasional_player,0.388185011,0.125051473,1.193629269,0.463348991,30,,0.625622129,0.563059917,0.228786174,0.589374056,-0.040793267,won,0.228786174,0.012041378
882,countdown,player_00716,occasional_player,0.024018034,0.513236484,1.0,0.024018034,30,,0.032429581,0.029186623,0.574744803,23.929718919,-0.006542169,lost,-0.024018034,0.0
882,countdown,player_01255,opportunistic_player,0.07747208,0.537254518,1.0,0.07747208,30,,0.104604194,0.094143774,0.523963459,6.763255342,-0.020850668,lost,-0.07747208,0.0
883,bootstrap,player_00167,opportunistic_player,0.119146932,0,1.5,0.178720398,0,,0.147944435,0.133149992,0.971456185,8.153430128,0.026066864,lost,-0.119146932,0.0
883,bootstrap,player_01663,occasional_player,0.100985312,0.119146932,1.207890664,0.121979216,10,,0.100974183,0.090876765,0.988709724,9.790628997,-0.001957352,lost,-0.100985312,0.0
883,countdown,player_01664,occasional_player,0.128888187,0.220132244,1.0,0.128888187,10,,0.106693417,0.096024076,0.962201993,7.465400943,-0.024117261,lost,-0.128888187,0.0
883,countdown,player_01665,opportunistic_player,0.195207293,0.349020431,1.0,0.195207293,10,,0.161592258,0.145433032,0.899198842,4.606379343,-0.03604449,lost,-0.195207293,0.0
883,countdown,player_01666,opportunistic_player,0.583228701,0.544227724,1.0,0.583228701,10,,0.482795706,0.434516135,0.530578504,0.909726328,-0.099261498,won,0.530578504,0.027925184
884,bootstrap,player_01651,occasional_player,0.085406583,0,1.5,0.128109874,0,,0.09700766,0.087306894,1.119199535,13.104370834,0.019763836,lost,-0.085406583,0.0
884,bootstrap,player_01667,occasional_player,0.099565149,0.085406583,1.282992607,0.12774135,10,,0.096728605,0.087055745,1.105748898,11.105782583,0.005364363,lost,-0.099565149,0.0
884,countdown,player_01501,occasional_player,0.020177591,0.184971732,1.0,0.020177591,10,,0.015278923,0.013751031,1.181167078,58.538557834,-0.003657864,lost,-0.020177591,0.0
884,countdown,player_01070,occasional_player,0.527837732,0.205149323,1.0,0.527837732,10,,0.399690528,0.359721476,0.698889944,1.324062115,-0.086557442,lost,-0.527837732,0.0
884,countdown,player_00242,player_whale,0.285966325,0.732987055,1.0,0.285966325,10,,0.216540093,0.194886084,0.92866778,3.247472514,-0.049251041,lost,-0.285966325,0.0
884,countdown,player_01668,occasional_player,0.098931716,1.01895338,1.0,0.098931716,10,,0.074913307,0.067421976,1.106350659,11.182972495,-0.017669197,lost,-0.098931716,0.0
884,countdown,player_01669,occasional_player,0.131851475,1.117885096,1.0,0.131851475,10,,0.099840884,0.089856795,1.075076888,8.153696331,-0.02340076,won,1.075076888,0.056582994
885,bootstrap,player_01445,occasional_player,0.115115292,0,1.5,0.172672938,0,,0.148718631,0.133846768,0.903444973,7.848175143,0.021215708,lost,-0.115115292,0.0
885,bootstrap,player_01403,occasional_player,0.049305038,0.115115292,1.207301622,0.059526052,10,,0.051268213,0.046141392,0.965964715,19.591602678,-0.002459079,lost,-0.049305038,0.0
885,bootstrap,player_01670,occasional_player,0.499753793,0.16442033,1.081935961,0.5407016,20,,0.465691977,0.419122779,0.538038397,1.076606931,-0.064791446,won,0.538038397,0.02831781
885,countdown,player_00421,occasional_player,0.022832136,0.664174123,1.0,0.022832136,20,,0.019664714,0.017698243,0.991113971,43.408727568,-0.004887071,lost,-0.022832136,0.0
885,countdown,player_01671,occasional_player,0.144286259,0.687006259,1.0,0.144286259,20,,0.124269936,0.111842942,0.875732555,6.069410633,-0.030204354,lost,-0.144286259,0.0
885,countdown,player_01672,opportunistic_player,0.221052339,0.831292518,1.0,0.221052339,20,,0.190386529,0.171347876,0.802804779,3.63174071,-0.045616597,lost,-0.221052339,0.0
886,bootstrap,player_00875,player_whale,0.426765226,0,1.5,0.640147839,0,,0.599938714,0.539944842,0.418598238,0.980863042,0.029684416,lost,-0.426765226,0.0
886,countdown,player_00281,occasional_player,0.426874216,0.426765226,1.0,0.426874216,0,,0.400061286,0.360055158,0.418494697,0.980370052,-0.122494778,won,0.418494697,0.022026037
887,bootstrap,player_00146,occasional_player,0.022505466,0,1.5,0.033758199,0,,0.070185487,0.063166939,0.368293471,16.364623211,0.002180106,lost,-0.022505466,0.0
887,bootstrap,player_00984,occasional_player,0.165566829,0.022505466,1.442696186,0.238862633,10,,0.49661092,0.446949828,0.232385176,1.403573275,0.012297752,won,0.232385176,0.012230799
887,countdown,player_00005,persistent_player,0.036854321,0.188072295,1.0,0.036854321,10,,0.076622526,0.068960273,0.354662059,9.623350788,-0.009855244,lost,-0.036854321,0.0
887,countdown,player_01216,occasional_player,0.038900832,0.224926616,1.0,0.038900832,10,,0.080877355,0.07278962,0.352717874,9.067103593,-0.010395055,lost,-0.038900832,0.0
887,countdown,player_00284,occasional_player,0.085576059,0.263827448,1.0,0.085576059,10,,0.177918182,0.160126364,0.308376408,3.603535983,-0.022493883,lost,-0.085576059,0.0
887,countdown,player_00829,occasional_player,0.047033418,0.349403507,1.0,0.047033418,10,,0.097785529,0.088006976,0.344991917,7.335038182,-0.012532454,lost,-0.047033418,0.0
888,bootstrap,player_00085,occasional_player,0.0744875,0,1.5,0.11173125,0,,0.289919486,0.260927538,0.211527777,2.839775491,0.000141762,lost,-0.0744875,0.0
888,bootstrap,player_01115,opportunistic_player,0.208973845,0.0744875,1.309522344,0.273655919,10,,0.710080514,0.639072462,0.083765749,0.400843221,-0.021892032,won,0.083765749,0.004408724
889,bootstrap,player_00437,occasional_player,0.105181939,0,1.5,0.157772909,0,,0.471784305,0.424605875,0.149588563,1.422188676,0.002995113,won,0.149588563,0.007873082
889,bootstrap,player_00007,persistent_player,0.143985633,0.105181939,1.22682067,0.176644551,10,,0.528215695,0.475394125,0.112725053,0.782890979,-0.021946881,lost,-0.143985633,0.0
890,bootstrap,player_00585,occasional_player,0.095946027,0,1.5,0.143919041,0,,0.248822747,0.223940473,0.401337669,4.182952457,0.015415919,lost,-0.095946027,0.0
890,bootstrap,player_00478,opportunistic_player,0.070565758,0.095946027,1.250633694,0.088251915,10,,0.152579421,0.137321479,0.425448925,6.029112943,-0.002452288,lost,-0.070565758,0.0
890,bootstrap,player_00721,occasional_player,0.116025134,0.166511785,1.067231391,0.123825665,20,,0.214083154,0.192674838,0.382262518,3.294652671,-0.020017641,lost,-0.116025134,0.0
890,countdown,player_01673,occasional_player,0.051491269,0.282536919,1.0,0.051491269,20,,0.089023655,0.080121289,0.443569689,8.614464123,-0.011826347,lost,-0.051491269,0.0
890,countdown,player_00743,occasional_player,0.098673468,0.334028188,1.0,0.098673468,20,,0.170597325,0.153537592,0.3987466,4.041072119,-0.022300788,lost,-0.098673468,0.0
890,countdown,player_01337,occasional_player,0.026777359,0.432701656,1.0,0.026777359,20,,0.046295584,0.041666025,0.467047904,17.441895742,-0.006201623,lost,-0.026777359,0.0
890,countdown,player_01674,occasional_player,0.045461138,0.459479015,1.0,0.045461138,20,,0.078598114,0.070738303,0.449298314,9.883129496,-0.010462694,lost,-0.045461138,0.0
891,bootstrap,player_01675,occasional_player,0.123464424,0,1.5,0.185196636,10,,0.142054549,0.127849094,1.064836974,8.624646186,0.028458833,won,1.064836974,0.056044051
891,bootstrap,player_00147,occasional_player,0.04567798,0.123464424,1.186919218,0.054216072,20,,0.041586283,0.037427654,1.138734095,24.929607118,-0.001348214,lost,-0.04567798,0.0
891,bootstrap,player_01473,occasional_player,0.040617494,0.169142404,1.071089109,0.043504955,30,,0.033370351,0.030033316,1.143541557,28.153917054,-0.005053271,lost,-0.040617494,0.0
891,countdown,player_01676,opportunistic_player,0.558829727,0.209759898,1.0,0.558829727,30,,0.42864874,0.385783866,0.651239936,1.165363803,-0.092004374,lost,-0.558829727,0.0
891,countdown,player_01677,occasional_player,0.184978903,0.768589625,1.0,0.184978903,30,,0.141887537,0.127698784,1.006398218,5.440610806,-0.032841494,lost,-0.184978903,0.0
891,countdown,player_01101,occasional_player,0.276974557,0.953568528,1.0,0.276974557,30,,0.21245254,0.191207286,0.919002347,3.318002769,-0.048295059,lost,-0.276974557,0.0
891,bootstrap,player_00339,occasional_player,0.041294436,0,1.5,0.061941654,0,10,0.0,0.0,0.0,0.0,0.0,pending_withdrawn,0.0,0.0
892,bootstrap,player_00788,occasional_player,0.131973564,0,1.5,0.197960346,0,,0.356616153,0.320954538,0.329275285,2.495009419,0.016066347,lost,-0.131973564,0.0
892,bootstrap,player_00160,opportunistic_player,0.136487042,0.131973564,1.184503857,0.161669428,10,,0.291239789,0.26211581,0.324987481,2.381086705,-0.015527273,lost,-0.136487042,0.0
892,countdown,player_01678,occasional_player,0.195477852,0.268460606,1.0,0.195477852,10,,0.352144058,0.316929652,0.268946212,1.375839815,-0.048288095,lost,-0.195477852,0.0
893,bootstrap,player_00228,occasional_player,0.021653091,0,1.5,0.032479636,0,,0.019301943,0.017371748,1.439229813,66.467637936,0.003724999,lost,-0.021653091,0.0
893,bootstrap,player_00020,occasional_player,0.089586118,0.021653091,1.448450739,0.129761079,10,,0.077114193,0.069402773,1.374693437,15.34493812,0.012038944,lost,-0.089586118,0.0
893,bootstrap,player_00060,player_whale,0.466809899,0.111239209,1.235174111,0.576591502,20,,0.342655814,0.308390232,1.016330845,2.177183576,-0.00942378,won,1.016330845,0.053491097
893,countdown,player_01679,opportunistic_player,0.161862415,0.578049108,1.0,0.161862415,20,,0.09619132,0.086572188,1.306030955,8.068772204,-0.034783675,lost,-0.161862415,0.0
893,countdown,player_00457,opportunistic_player,0.237082044,0.739911523,1.0,0.237082044,20,,0.140892712,0.126803441,1.234572307,5.207363184,-0.050471208,lost,-0.237082044,0.0
893,countdown,player_00249,occasional_player,0.110043913,0.976993567,1.0,0.110043913,20,,0.065396709,0.058857038,1.355258532,12.315615602,-0.023800551,lost,-0.110043913,0.0
893,countdown,player_01680,occasional_player,0.434892731,1.08703748,1.0,0.434892731,20,,0.25844731,0.232602579,1.046652155,2.406690386,-0.09028157,lost,-0.434892731,0.0
894,bootstrap,player_01681,occasional_player,0.090556304,0,1.5,0.135834456,0,,0.111243825,0.100119442,0.969860855,10.710031353,0.015612071,lost,-0.090556304,0.0
894,bootstrap,player_00598,occasional_player,0.051847148,0.090556304,1.280538732,0.066392281,10,,0.054373032,0.048935729,1.006634553,19.415427695,-4.9574e-05,lost,-0.051847148,0.0
894,bootstrap,player_01682,occasional_player,0.414543641,0.142403452,1.154888277,0.478751591,20,,0.392081359,0.352873223,0.662072885,1.59711263,-0.034634498,lost,-0.414543641,0.0
894,countdown,player_01683,opportunistic_player,0.125197746,0.556947093,1.0,0.125197746,20,,0.102532719,0.092279447,0.936951485,7.483772792,-0.027183202,lost,-0.125197746,0.0
894,countdown,player_01684,opportunistic_player,0.271973353,0.682144839,1.0,0.271973353,20,,0.222736976,0.200463279,0.797514658,2.932326456,-0.05758028,won,0.797514658,0.041974456
894,countdown,player_01392,occasional_player,0.142902225,0.954118192,1.0,0.142902225,20,,0.117032089,0.10532888,0.92013223,6.438893657,-0.030933997,lost,-0.142902225,0.0
895,bootstrap,player_01008,occasional_player,0.020238226,0,1.5,0.030357339,0,,0.06685554,0.060169986,0.318340997,15.729688824,0.000134081,lost,-0.020238226,0.0
895,bootstrap,player_00361,occasional_player,0.228433613,0.020238226,1.450140878,0.33126092,10,,0.729531262,0.656578136,0.12055538,0.527747988,0.000704929,won,0.12055538,0.00634502
895,countdown,player_00746,occasional_player,0.058113399,0.248671839,1.0,0.058113399,10,,0.127982321,0.115184089,0.282359583,4.858769025,-0.018896329,lost,-0.058113399,0.0
895,countdown,player_00449,occasional_player,0.034341988,0.306785238,1.0,0.034341988,10,,0.075630877,0.068067789,0.304942423,8.879579814,-0.011247648,lost,-0.034341988,0.0
896,bootstrap,player_00314,occasional_player,0.118161843,0,1.5,0.177242765,0,,0.457230145,0.41150713,0.200953497,1.700663194,0.013156395,lost,-0.118161843,0.0
896,bootstrap,player_00521,player_whale,0.023480203,0.118161843,1.170661618,0.027487372,10,,0.070908706,0.063817835,0.290901055,12.389205297,-0.003417072,won,0.290901055,0.015310582
896,bootstrap,player_00427,occasional_player,0.07054011,0.141642046,1.105218054,0.077962203,20,,0.201117768,0.181005992,0.246194144,3.490129853,-0.013209312,lost,-0.07054011,0.0
896,countdown,player_01685,occasional_player,0.07048681,0.212182156,1.0,0.07048681,20,,0.181833624,0.163650262,0.246244779,3.493487345,-0.018653603,lost,-0.07048681,0.0
896,countdown,player_01686,occasional_player,0.034465381,0.282668966,1.0,0.034465381,20,,0.088909757,0.080018781,0.280465136,8.137589898,-0.009265025,lost,-0.034465381,0.0
897,bootstrap,player_01293,occasional_player,0.070224299,0,1.5,0.105336449,0,,0.135458095,0.121912285,0.611773657,8.711708996,0.01291963,lost,-0.070224299,0.0
897,bootstrap,player_00473,opportunistic_player,0.080775661,0.070224299,1.308942243,0.105730675,10,,0.135965052,0.122368547,0.601749863,7.449643321,0.002743996,lost,-0.080775661,0.0
897,bootstrap,player_01036,opportunistic_player,0.182018368,0.15099996,1.089177619,0.198250333,20,,0.25494131,0.229447179,0.505569292,2.77757293,-0.024253319,lost,-0.182018368,0.0
897,countdown,player_01687,occasional_player,0.368313805,0.333018328,1.0,0.368313805,20,,0.473635543,0.426271989,0.328588627,0.892143119,-0.07124382,lost,-0.368313805,0.0
898,bootstrap,player_00475,opportunistic_player,1.149535197,0,1.5,1.724302796,0,,0.892469335,0.803222401,0.209856811,0.18255797,-0.057641084,won,0.209856811,0.011045095
898,countdown,player_01224,occasional_player,0.207755516,1.149535197,1.0,0.207755516,0,,0.107530665,0.096777599,1.104547508,5.316573681,-0.08075398,lost,-0.207755516,0.0
899,bootstrap,player_01493,occasional_player,0.105424109,0,1.5,0.158136164,0,,0.125377857,0.112840071,1.044584238,9.90839997,0.024342915,lost,-0.105424109,0.0
899,bootstrap,player_01598,occasional_player,0.076280433,0.105424109,1.219129868,0.092995754,10,,0.073731448,0.066358303,1.072270731,14.056956529,-6.4527e-05,lost,-0.076280433,0.0
899,countdown,player_00274,opportunistic_player,0.200887189,0.181704542,1.0,0.200887189,10,,0.159272899,0.143345609,0.953894312,4.748407886,-0.035354331,lost,-0.200887189,0.0
899,countdown,player_00226,occasional_player,0.423188331,0.382591731,1.0,0.423188331,10,,0.335523796,0.301971417,0.742708228,1.755030026,-0.071120895,won,0.742708228,0.039089907
899,countdown,player_01688,occasional_player,0.280069453,0.805780062,1.0,0.280069453,10,,0.222052357,0.199847121,0.878671162,3.137333087,-0.048498477,lost,-0.280069453,0.0
899,countdown,player_01689,occasional_player,0.105999762,1.085849515,1.0,0.105999762,10,,0.084041643,0.075637479,1.044037368,9.849431248,-0.019013853,lost,-0.105999762,0.0
900,bootstrap,player_00105,occasional_player,0.02663985,0,1.5,0.039959775,0,,0.069402183,0.062461964,0.476855284,17.900073903,0.004809445,lost,-0.02663985,0.0
900,bootstrap,player_01299,occasional_player,0.062376471,0.02663985,1.428976592,0.089134517,10,,0.15480893,0.139328037,0.442905494,7.100521827,0.008023473,lost,-0.062376471,0.0
900,bootstrap,player_01617,occasional_player,0.032516409,0.089016321,1.262677249,0.04105773,20,,0.071309112,0.064178201,0.471272553,14.493376335,-0.00018414,lost,-0.032516409,0.0
900,bootstrap,player_00473,opportunistic_player,0.066408912,0.12153273,1.175986589,0.07809599,30,,0.135637204,0.122073484,0.439074675,6.611683005,-0.00470277,lost,-0.066408912,0.0
900,countdown,player_01690,opportunistic_player,0.070127336,0.187941642,1.0,0.070127336,30,,0.121797237,0.109617513,0.435542172,6.210733173,-0.014697102,lost,-0.070127336,0.0
900,countdown,player_01691,occasional_player,0.044012102,0.258068978,1.0,0.044012102,30,,0.076440269,0.068796242,0.460351644,10.45966049,-0.009313772,lost,-0.044012102,0.0
900,countdown,player_01692,occasional_player,0.063246902,0.30208108,1.0,0.063246902,30,,0.109847291,0.098862562,0.442078584,6.989727091,-0.01328913,lost,-0.063246902,0.0
900,countdown,player_01693,occasional_player,0.121973048,0.365327982,1.0,0.121973048,30,,0.211842928,0.190658635,0.386288746,3.167000842,-0.025068548,won,0.386288746,0.020330987
900,countdown,player_00032,occasional_player,0.028163758,0.48730103,1.0,0.028163758,30,,0.048914847,0.044023362,0.475407571,16.880118454,-0.005994855,lost,-0.028163758,0.0
901,bootstrap,player_01694,occasional_player,0.146015662,0,1.5,0.219023493,0,,0.850837487,0.765753739,0.044909332,0.307565173,0.000185866,won,0.044909332,0.002363649
901,bootstrap,player_00313,opportunistic_player,0.03462793,0.146015662,1.108861338,0.038397573,10,,0.149162513,0.134246261,0.150727678,4.352777592,-0.009744633,lost,-0.03462793,0.0
902,bootstrap,player_00603,occasional_player,0.088707168,0,1.5,0.133060752,0,,0.122928375,0.110635537,0.842777765,9.500672652,0.014348168,lost,-0.088707168,0.0
902,bootstrap,player_01695,occasional_player,0.287118425,0.088707168,1.262215066,0.362405202,10,,0.334808588,0.301327729,0.654287071,2.278805587,-0.003446845,won,0.654287071,0.034436162
902,countdown,player_01562,occasional_player,0.116550963,0.375825593,1.0,0.116550963,10,,0.107675782,0.096908203,0.81632616,7.004027584,-0.026147517,lost,-0.116550963,0.0
902,countdown,player_01696,occasional_player,0.076259329,0.492376556,1.0,0.076259329,10,,0.070452295,0.063407066,0.854603212,11.206539886,-0.017236067,lost,-0.076259329,0.0
902,countdown,player_01094,occasional_player,0.054887473,0.568635885,1.0,0.054887473,10,,0.050707874,0.045637087,0.874906475,15.940002837,-0.012454386,lost,-0.054887473,0.0
902,countdown,player_01697,opportunistic_player,0.046922747,0.623523358,1.0,0.046922747,10,,0.04334965,0.039014685,0.882472965,18.806933128,-0.010662666,lost,-0.046922747,0.0
902,countdown,player_01698,occasional_player,0.292338582,0.670446105,1.0,0.292338582,10,,0.270077436,0.243069693,0.649327922,2.221150275,-0.063447994,lost,-0.292338582,0.0
903,bootstrap,player_01699,occasional_player,0.153589183,0,1.5,0.230383774,0,,0.141686431,0.127517788,1.328326923,8.6485708,0.035381481,lost,-0.153589183,0.0
903,bootstrap,player_01700,occasional_player,0.118590566,0.153589183,1.088006501,0.129027307,10,,0.079352024,0.071416821,1.361575609,11.481314707,-0.012881803,lost,-0.118590566,0.0
903,countdown,player_01235,occasional_player,0.078486838,0.272179749,1.0,0.078486838,10,,0.048269545,0.043442591,1.399674151,17.83323404,-0.014271695,lost,-0.078486838,0.0
903,countdown,player_01701,occasional_player,0.023808467,0.350666587,1.0,0.023808467,10,,0.01464225,0.013178025,1.451618604,60.970687593,-0.004365253,lost,-0.023808467,0.0
903,countdown,player_01702,player_whale,1.139779345,0.374475054,1.0,1.139779345,10,,0.700966327,0.630869695,0.391446269,0.343440396,-0.173775509,won,0.391446269,0.020602435
903,countdown,player_01703,occasional_player,0.02452582,1.514254399,1.0,0.02452582,10,,0.015083423,0.013575081,1.450937118,59.159576242,-0.004496292,lost,-0.02452582,0.0
904,bootstrap,player_01649,occasional_player,0.055235809,0,1.5,0.082853713,0,,0.052312822,0.04708154,1.407562405,25.482787899,0.013634983,lost,-0.055235809,0.0
904,bootstrap,player_00656,occasional_player,0.052096814,0.055235809,1.36217858,0.070965164,10,,0.044806537,0.040325884,1.41054445,27.075445543,0.006885487,lost,-0.052096814,0.0
904,bootstrap,player_00516,occasional_player,0.062333836,0.107332623,1.232189411,0.076807093,20,,0.04849506,0.043645554,1.40081928,22.472855345,0.001526292,lost,-0.062333836,0.0
904,countdown,player_01704,player_whale,0.333894287,0.169666459,1.0,0.333894287,20,,0.210816773,0.189735096,1.142836851,3.42275054,-0.053706563,won,1.142836851,0.060149308
904,countdown,player_01705,occasional_player,0.136388438,0.503560746,1.0,0.136388438,20,,0.086113993,0.077502594,1.330467408,9.754986765,-0.022703305,lost,-0.136388438,0.0
904,countdown,player_00177,occasional_player,0.405202762,0.639949184,1.0,0.405202762,20,,0.255840073,0.230256065,1.0750938,2.653224264,-0.0643555,lost,-0.405202762,0.0
904,countdown,player_00278,occasional_player,0.016298959,1.045151946,1.0,0.016298959,20,,0.010290964,0.009261867,1.444552413,88.628507665,-0.002768748,lost,-0.016298959,0.0
904,countdown,player_01197,opportunistic_player,0.461402307,1.061450905,1.0,0.461402307,20,,0.291323779,0.262191401,1.021704232,2.214345738,-0.072544526,lost,-0.461402307,0.0
905,bootstrap,player_01495,occasional_player,0.061294846,0,1.5,0.091942269,0,,0.102104065,0.091893658,0.653284848,10.658071445,0.004370496,lost,-0.061294846,0.0
905,bootstrap,player_01666,opportunistic_player,0.388764103,0.061294846,1.346953264,0.523647077,10,,0.581522467,0.523370221,0.342189054,0.880197146,-0.006204988,won,0.342189054,0.01800995
905,countdown,player_01706,occasional_player,0.075103769,0.450058949,1.0,0.075103769,10,,0.083404512,0.075064061,0.640166371,8.523758256,-0.021412688,lost,-0.075103769,0.0
905,countdown,player_01633,occasional_player,0.050800351,0.525162718,1.0,0.050800351,10,,0.056414992,0.050773492,0.663254618,13.05610306,-0.014545286,lost,-0.050800351,0.0
905,countdown,player_01707,opportunistic_player,0.120706108,0.575963069,1.0,0.120706108,10,,0.134046989,0.12064229,0.596844149,4.944606026,-0.034139202,lost,-0.120706108,0.0
905,countdown,player_00095,occasional_player,0.038276515,0.696669177,1.0,0.038276515,10,,0.042506975,0.038256278,0.675152262,17.638812268,-0.010983385,lost,-0.038276515,0.0
906,bootstrap,player_00652,opportunistic_player,0.294524695,0,1.5,0.441787043,0,,1.0,0.9,0.013307223,0.045182027,-0.017475969,won,0.013307223,0.00070038
907,bootstrap,player_00637,occasional_player,0.062853077,0,1.5,0.094279615,0,,0.172686086,0.155417477,0.347045621,5.521537493,0.000852345,lost,-0.062853077,0.0
907,bootstrap,player_00890,occasional_player,0.022344743,0.062853077,1.338090995,0.029899299,10,,0.05476468,0.049288212,0.385528539,17.253657316,-0.002241398,lost,-0.022344743,0.0
907,bootstrap,player_01038,occasional_player,0.329379437,0.08519782,1.280531122,0.42178062,20,,0.772549234,0.695294311,0.093845579,0.284916327,-0.035113491,lost,-0.329379437,0.0
908,bootstrap,player_01708,occasional_player,0.043924335,0,1.5,0.065886502,10,,0.292640566,0.263376509,0.123605735,2.814060471,0.00019915,lost,-0.043924335,0.0
908,bootstrap,player_01709,occasional_player,0.096975534,0.043924335,1.387071227,0.134511973,20,,0.597446498,0.537701849,0.073207096,0.754902734,-0.005468019,won,0.073207096,0.003853005
908,bootstrap,player_01701,occasional_player,0.021750257,0.140899869,1.137748657,0.024746326,30,,0.109912936,0.098921642,0.144671109,6.651466644,-0.005287582,lost,-0.021750257,0.0
908,bootstrap,player_00356,occasional_player,0.012027282,0,1.5,0.018040923,0,10,0.0,0.0,0.0,0.0,0.0,pending_withdrawn,0.0,0.0
909,bootstrap,player_01230,occasional_player,0.190101881,0,1.5,0.285152821,0,,0.513529744,0.46217677,0.269406843,1.417170844,0.022272377,won,0.269406843,0.014179308
909,countdown,player_00757,occasional_player,0.040929822,0.190101881,1.0,0.040929822,10,,0.073710234,0.06633921,0.411120299,10.044517154,-0.010941174,lost,-0.040929822,0.0
909,countdown,player_01710,occasional_player,0.103958716,0.231031703,1.0,0.103958716,10,,0.187218533,0.16849668,0.35124285,3.378676299,-0.027258764,lost,-0.103958716,0.0
909,countdown,player_01711,opportunistic_player,0.125238689,0.334990419,1.0,0.125238689,10,,0.225541489,0.20298734,0.331026876,2.643167843,-0.032622556,lost,-0.125238689,0.0
910,bootstrap,player_01462,occasional_player,0.025978851,0,1.5,0.038968277,0,,0.075426391,0.067883752,0.420215673,16.175298634,0.004310507,lost,-0.025978851,0.0
910,bootstrap,player_00628,occasional_player,0.058737933,0.025978851,1.433906733,0.084224718,10,,0.163024054,0.146721648,0.389094545,6.624246468,0.006968786,lost,-0.058737933,0.0
910,bootstrap,player_00918,occasional_player,0.082995235,0.084716784,1.284470489,0.10660493,20,,0.206342844,0.185708559,0.366050108,4.410495474,0.000396329,lost,-0.082995235,0.0
910,countdown,player_01081,occasional_player,0.233167953,0.167712019,1.0,0.233167953,20,,0.451316261,0.406184635,0.223386026,0.958047722,-0.047722741,won,0.223386026,0.011757159
910,countdown,player_01176,occasional_player,0.018383988,0.400879972,1.0,0.018383988,20,,0.035583761,0.032025385,0.427430793,23.2501671,-0.004106598,lost,-0.018383988,0.0
910,countdown,player_00935,occasional_player,0.035289956,0.41926396,1.0,0.035289956,20,,0.06830669,0.061476021,0.411370123,11.656861328,-0.007831072,lost,-0.035289956,0.0
911,bootstrap,player_00542,occasional_player,0.516721644,0,1.5,0.775082466,0,,0.456884984,0.411196486,0.888359234,1.719222031,0.061042675,won,0.888359234,0.046755749
911,countdown,player_01712,occasional_player,0.195019007,0.516721644,1.0,0.195019007,0,,0.11495713,0.103461417,1.193976739,6.12236088,-0.051311539,lost,-0.195019007,0.0
911,countdown,player_01342,occasional_player,0.135517174,0.711740651,1.0,0.135517174,0,,0.079882806,0.071894525,1.250503481,9.227638415,-0.035869877,lost,-0.135517174,0.0
911,countdown,player_01713,occasional_player,0.352865214,0.847257825,1.0,0.352865214,0,,0.208002148,0.187201933,1.044022843,2.958701514,-0.091365069,lost,-0.352865214,0.0
911,countdown,player_01672,opportunistic_player,0.220746139,1.200123039,1.0,0.220746139,0,,0.130122407,0.117110166,1.169535964,5.298103828,-0.057929971,lost,-0.220746139,0.0
911,countdown,player_00154,occasional_player,0.017219857,1.420869178,1.0,0.017219857,0,,0.010150525,0.009135473,1.362885932,79.146181754,-0.004611938,lost,-0.017219857,0.0
912,bootstrap,player_01714,opportunistic_player,0.196765355,0,1.5,0.295148032,0,,0.2315329,0.20837961,0.94298183,4.792418005,0.040734719,lost,-0.196765355,0.0
912,countdown,player_01715,occasional_player,0.108793214,0.196765355,1.0,0.108793214,0,,0.085344321,0.076809889,1.026555364,9.435840033,-0.021587216,lost,-0.108793214,0.0
912,countdown,player_01716,occasional_player,0.044627042,0.305558569,1.0,0.044627042,0,,0.035008292,0.031507463,1.087513227,24.36892921,-0.008956175,lost,-0.044627042,0.0
912,countdown,player_01717,occasional_player,0.61209461,0.350185611,1.0,0.61209461,0,,0.480165967,0.43214937,0.548419038,0.895971029,-0.110579368,won,0.548419038,0.02886416
912,countdown,player_01131,occasional_player,0.113580216,0.962280221,1.0,0.113580216,0,,0.08909955,0.080189595,1.022007712,8.998113827,-0.02251788,lost,-0.113580216,0.0
912,countdown,player_01535,occasional_player,0.100513224,1.075860437,1.0,0.100513224,0,,0.07884897,0.070964073,1.034421354,10.291395632,-0.019973644,lost,-0.100513224,0.0
913,bootstrap,player_00626,occasional_player,0.042447865,0,1.5,0.063671798,0,,0.139882357,0.125894121,0.349437801,8.232164362,0.006888237,lost,-0.042447865,0.0
913,bootstrap,player_01718,occasional_player,0.039658072,0.042447865,1.385673699,0.054953147,10,,0.120728108,0.108655297,0.352088105,8.878094347,0.002907225,lost,-0.039658072,0.0
913,bootstrap,player_01107,occasional_player,0.050987411,0.082105937,1.278861245,0.065205824,20,,0.143252501,0.128927251,0.341325233,6.694304066,-0.00040762,lost,-0.050987411,0.0
913,bootstrap,player_01610,occasional_player,0.05059906,0.133093348,1.14153509,0.057760603,30,,0.126895887,0.114206298,0.341694166,6.752974586,-0.005796703,lost,-0.05059906,0.0
913,countdown,player_01519,occasional_player,0.030163571,0.183692408,1.0,0.030163571,30,,0.066267194,0.059640475,0.361107881,11.971655504,-0.006827956,lost,-0.030163571,0.0
913,countdown,player_00954,occasional_player,0.084984539,0.213855979,1.0,0.084984539,30,,0.186704914,0.168034423,0.309027961,3.636284492,-0.018776876,lost,-0.084984539,0.0
913,countdown,player_01719,occasional_player,0.074004133,0.298840518,1.0,0.074004133,30,,0.162581753,0.146323578,0.319459347,4.316777103,-0.016431149,lost,-0.074004133,0.0
913,countdown,player_01720,occasional_player,0.024437435,0.372844651,1.0,0.024437435,30,,0.053687286,0.048318557,0.36654771,14.999434678,-0.005545597,lost,-0.024437435,0.0
914,bootstrap,player_00917,occasional_player,0.032915141,0,1.5,0.049372711,0,,0.097810373,0.088029336,0.403609695,12.262128702,0.005511851,lost,-0.032915141,0.0
914,bootstrap,player_00516,occasional_player,0.0476356,0.032915141,1.41311491,0.067314577,10,,0.133354312,0.120018881,0.389625259,8.179287322,0.004843959,lost,-0.0476356,0.0
914,bootstrap,player_01721,player_whale,0.084025882,0.080550741,1.286841105,0.108127959,20,,0.214208129,0.192787316,0.355054491,4.225537213,0.000623245,lost,-0.084025882,0.0
914,countdown,player_00900,opportunistic_player,0.087809268,0.164576623,1.0,0.087809268,20,,0.173955554,0.156559999,0.351460275,4.002541902,-0.019037229,lost,-0.087809268,0.0
914,countdown,player_01722,occasional_player,0.133886281,0.252385891,1.0,0.133886281,20,,0.265236947,0.238713252,0.307687112,2.298122779,-0.02847686,won,0.307687112,0.016194059
914,countdown,player_01723,occasional_player,0.058269109,0.386272172,1.0,0.058269109,20,,0.115434684,0.103891216,0.379523426,6.513286922,-0.01278631,lost,-0.058269109,0.0
915,bootstrap,player_01724,player_whale,0.48504004,0,1.5,0.72756006,0,,0.346156909,0.311541218,1.318104508,2.717516904,0.076713809,lost,-0.48504004,0.0
915,countdown,player_01725,occasional_player,0.114724718,0.48504004,1.0,0.114724718,0,,0.054583471,0.049125124,1.669904064,14.555747819,-0.027054607,won,1.669904064,0.087889688
915,countdown,player_01726,occasional_player,0.276707187,0.599764758,1.0,0.276707187,0,,0.131651131,0.118486018,1.516020718,5.478790539,-0.064293997,lost,-0.276707187,0.0
915,countdown,player_01727,player_whale,0.982829612,0.876471945,1.0,0.982829612,0,,0.467608489,0.42084764,0.845204415,0.859970441,-0.213505806,lost,-0.982829612,0.0
916,bootstrap,player_00148,occasional_player,0.076788396,0,1.5,0.115182594,0,,0.107110652,0.096399587,0.882748331,11.495855847,0.015710548,lost,-0.076788396,0.0
916,bootstrap,player_00979,occasional_player,0.039540659,0.076788396,1.296512498,0.051264959,10,,0.047672335,0.042905101,0.918133681,23.21998936,0.001548456,lost,-0.039540659,0.0
916,bootstrap,player_01179,occasional_player,0.015547721,0.116329055,1.191730651,0.018528696,20,,0.017230214,0.015507192,0.940926972,60.518642723,-0.000715484,lost,-0.015547721,0.0
916,bootstrap,player_01256,occasional_player,0.19578747,0.131876776,1.150529544,0.225259269,30,,0.209473205,0.188525885,0.769699211,3.931299642,-0.013768239,lost,-0.19578747,0.0
916,countdown,player_01728,occasional_player,0.072634153,0.327664246,1.0,0.072634153,30,,0.067543986,0.060789587,0.886694862,12.207685026,-0.014316938,lost,-0.072634153,0.0
916,countdown,player_01729,opportunistic_player,0.354457684,0.400298399,1.0,0.354457684,30,,0.329617456,0.296655711,0.618962508,1.746223979,-0.065687025,lost,-0.354457684,0.0
916,countdown,player_00260,occasional_player,0.096886873,0.754756083,1.0,0.096886873,30,,0.090097087,0.081087378,0.863654778,8.914053589,-0.018999069,won,0.863654778,0.045455515
916,countdown,player_00071,occasional_player,0.018785033,0.851642956,1.0,0.018785033,30,,0.017468587,0.015721728,0.937851526,49.925465979,-0.003745053,lost,-0.018785033,0.0
916,countdown,player_01730,occasional_player,0.122361516,0.870427989,1.0,0.122361516,30,,0.113786479,0.102407831,0.839453867,6.860440231,-0.023864089,lost,-0.122361516,0.0
917,bootstrap,player_01121,occasional_player,0.210716026,0,1.5,0.316074039,0,,0.228845399,0.205960859,1.024378157,4.861415512,0.043665034,lost,-0.210716026,0.0
917,countdown,player_00417,occasional_player,0.056402262,0.210716026,1.0,0.056402262,0,,0.040836629,0.036752966,1.170976233,20.761157295,-0.011292462,lost,-0.056402262,0.0
917,countdown,player_01731,occasional_player,0.210855429,0.267118288,1.0,0.210855429,0,,0.152664531,0.137398078,1.024245725,4.857573406,-0.041154905,lost,-0.210855429,0.0
917,countdown,player_01732,occasional_player,0.75744637,0.477973717,1.0,0.75744637,0,,0.548409852,0.493568867,0.504984331,0.666693182,-0.134349879,won,0.504984331,0.026578123
917,countdown,player_01233,occasional_player,0.040390321,1.235420087,1.0,0.040390321,0,,0.029243589,0.02631923,1.186187577,29.368114631,-0.008107736,lost,-0.040390321,0.0
918,bootstrap,player_00671,occasional_player,0.179086392,0,1.5,0.268629588,0,,0.639621108,0.575658997,0.151410776,0.845462208,0.011167276,lost,-0.179086392,0.0
918,bootstrap,player_01460,occasional_player,0.145812795,0.179086392,1.03799383,0.151352781,10,,0.360378892,0.324341003,0.183020694,1.255175814,-0.039158611,won,0.183020694,0.009632668
919,bootstrap,player_01576,occasional_player,0.094867287,0,1.5,0.14230093,0,,0.27702365,0.249321285,0.352543292,3.716173434,0.016681694,won,0.352543292,0.01855491
919,bootstrap,player_01389,occasional_player,0.033755765,0.094867287,1.255090415,0.042366537,10,,0.082476852,0.074229167,0.410599238,12.163825576,-0.000771663,lost,-0.033755765,0.0
919,bootstrap,player_00987,occasional_player,0.016997846,0.128623052,1.167946462,0.019852574,20,,0.038647903,0.034783113,0.426519261,25.092547649,-0.001570941,lost,-0.016997846,0.0
919,bootstrap,player_01733,occasional_player,0.019108987,0.145620898,1.124064787,0.021479739,30,,0.041815578,0.037634021,0.424513677,22.215394083,-0.002413683,lost,-0.019108987,0.0
919,countdown,player_01734,occasional_player,0.239963537,0.164729885,1.0,0.239963537,30,,0.46714786,0.420433074,0.214701854,0.894726994,-0.048807169,lost,-0.239963537,0.0
919,countdown,player_01735,occasional_player,0.047714594,0.404693422,1.0,0.047714594,30,,0.092888156,0.083599341,0.39733835,8.327396647,-0.010508461,lost,-0.047714594,0.0
920,bootstrap,player_00892,occasional_player,0.076570835,0,1.5,0.114856253,0,,0.460650251,0.414585226,0.115941172,1.51416883,0.003241799,lost,-0.076570835,0.0
920,bootstrap,player_00995,occasional_player,0.062294439,0.076570835,1.302186104,0.081118953,10,,0.325341156,0.29280704,0.129503748,2.07889741,-0.00613458,won,0.129503748,0.006815987
920,bootstrap,player_01736,occasional_player,0.046755449,0.138865274,1.141253998,0.053359843,20,,0.214008593,0.192607734,0.144265788,3.085539578,-0.009963281,lost,-0.046755449,0.0
921,bootstrap,player_00948,opportunistic_player,0.084542549,0,1.5,0.126813823,0,,0.111881716,0.100693544,0.949493975,11.230959869,0.019578254,lost,-0.084542549,0.0
921,bootstrap,player_00009,occasional_player,0.02896792,0.084542549,1.281445168,0.037120801,10,,0.032749891,0.029474902,1.002289873,34.599994498,0.001428303,lost,-0.02896792,0.0
921,bootstrap,player_01737,opportunistic_player,0.060845498,0.113510469,1.206558866,0.073413675,20,,0.064769342,0.058292408,0.972006174,15.974989202,-0.000638087,won,0.972006174,0.05115822
921,countdown,player_01738,occasional_player,0.086951527,0.174355967,1.0,0.086951527,20,,0.076713136,0.069041822,0.947205446,10.893488345,-0.015551445,lost,-0.086951527,0.0
921,countdown,player_01739,player_whale,0.779638512,0.261307494,1.0,0.779638512,20,,0.687837433,0.61905369,0.28915281,0.370880614,-0.1179993,lost,-0.779638512,0.0
921,countdown,player_01179,occasional_player,0.029524998,1.040946006,1.0,0.029524998,20,,0.026048481,0.023443633,1.001760649,33.929236795,-0.005347916,lost,-0.029524998,0.0
922,bootstrap,player_00645,occasional_player,0.021407264,0,1.5,0.032110896,0,,0.083476184,0.075128566,0.265192608,12.387972985,0.000124573,lost,-0.021407264,0.0
922,bootstrap,player_01585,occasional_player,0.057375661,0.021407264,1.444128191,0.08285781,10,,0.215398966,0.193859069,0.231022631,4.026491842,-0.001467036,won,0.231022631,0.012159086
922,bootstrap,player_00218,occasional_player,0.208364215,0.078782925,1.294380799,0.269702639,20,,0.70112485,0.631012365,0.087583505,0.420338515,-0.021617545,lost,-0.208364215,0.0
923,bootstrap,player_01740,occasional_player,0.392891707,0,1.5,0.58933756,0,,0.384554516,0.346099065,0.911642202,2.32033964,0.058606259,lost,-0.392891707,0.0
923,countdown,player_01741,opportunistic_player,0.160565845,0.392891707,1.0,0.160565845,0,,0.104772417,0.094295176,1.132351771,7.052258037,-0.038649951,won,1.132351771,0.059597462
923,countdown,player_00496,occasional_player,0.135053893,0.553457552,1.0,0.135053893,0,,0.08812536,0.079312824,1.156588125,8.563900673,-0.032610117,lost,-0.135053893,0.0
923,countdown,player_01742,opportunistic_player,0.647562891,0.688511445,1.0,0.647562891,0,,0.422547706,0.380292936,0.669704577,1.034192333,-0.146615378,lost,-0.647562891,0.0
924,bootstrap,player_01188,occasional_player,0.412701494,0,1.5,0.619052241,0,,0.345538968,0.310985071,1.12901439,2.735668289,0.06674913,won,1.12901439,0.05942181
924,countdown,player_01743,opportunistic_player,0.414321962,0.412701494,1.0,0.414321962,0,,0.231263815,0.208137434,1.127474945,2.721253152,-0.09341631,lost,-0.414321962,0.0
924,countdown,player_01744,occasional_player,0.035258875,0.827023456,1.0,0.035258875,0,,0.019680593,0.017712534,1.487584878,42.190367046,-0.008285454,lost,-0.035258875,0.0
924,countdown,player_01745,occasional_player,0.144801374,0.862282331,1.0,0.144801374,0,,0.080824386,0.072741947,1.383519504,9.554602043,-0.033628337,lost,-0.144801374,0.0
924,countdown,player_01272,player_whale,0.578121056,1.007083705,1.0,0.578121056,0,,0.322692238,0.290423014,0.971865806,1.681076646,-0.1279692,lost,-0.578121056,0.0
925,bootstrap,player_01547,occasional_player,0.033152711,0,1.5,0.049729067,0,,0.036853002,0.033167702,1.04337126,31.471672405,0.002553115,lost,-0.033152711,0.0
925,bootstrap,player_00121,opportunistic_player,0.508746778,0.033152711,1.427122162,0.726043802,10,,0.538053405,0.484248064,0.591556896,1.162772762,0.024073146,lost,-0.508746778,0.0
925,countdown,player_00488,occasional_player,0.573616979,0.541899489,1.0,0.573616979,10,,0.425093593,0.382584234,0.529930205,0.923839818,-0.151417225,won,0.529930205,0.027891063
926,bootstrap,player_00857,player_whale,0.129242563,0,1.5,0.193863844,0,,0.286138526,0.257524674,0.393064607,3.041293808,0.00526442,won,0.393064607,0.020687611
926,bootstrap,player_00992,occasional_player,0.397841583,0.129242563,1.215693947,0.483653604,10,,0.713861474,0.642475326,0.137895538,0.346609162,-0.053643702,lost,-0.397841583,0.0
927,bootstrap,player_00174,opportunistic_player,0.099903218,0,1.5,0.149854827,0,,0.155678885,0.140110996,0.752633673,7.53362793,0.019546575,lost,-0.099903218,0.0
927,bootstrap,player_00287,occasional_player,0.129919833,0.099903218,1.2800803,0.166307819,10,,0.172771317,0.155494185,0.724117889,5.573574661,0.002878067,won,0.724117889,0.038111468
927,countdown,player_00637,occasional_player,0.037199467,0.229823051,1.0,0.037199467,10,,0.038645212,0.034780691,0.812202237,21.833706298,-0.007656689,lost,-0.037199467,0.0
927,countdown,player_00218,occasional_player,0.078136395,0.267022518,1.0,0.078136395,10,,0.08117314,0.073055826,0.773312155,9.896952058,-0.015933118,lost,-0.078136395,0.0
927,countdown,player_00093,occasional_player,0.151744972,0.345158913,1.0,0.151744972,10,,0.15764249,0.141878241,0.703384007,4.635303548,-0.030420777,lost,-0.151744972,0.0
927,countdown,player_01746,player_whale,0.379345808,0.496903885,1.0,0.379345808,10,,0.394088956,0.354680061,0.487163213,1.284219313,-0.072012336,lost,-0.379345808,0.0
928,bootstrap,player_01088,occasional_player,0.033912306,0,1.5,0.050868459,0,,0.169548097,0.152593288,0.196271897,5.787630505,0.001212258,lost,-0.033912306,0.0
928,bootstrap,player_01094,occasional_player,0.023947963,0.033912306,1.424565755,0.034115448,10,,0.113709151,0.102338236,0.205738023,8.591044782,-0.000442304,lost,-0.023947963,0.0
928,bootstrap,player_00144,occasional_player,0.05632404,0.057860269,1.37129611,0.077236937,20,,0.257436061,0.231692455,0.174980749,3.10667966,-0.002732466,won,0.174980749,0.009209513
928,bootstrap,player_01747,occasional_player,0.110595413,0.114184309,1.246009395,0.137802924,30,,0.459306691,0.413376022,0.123422945,1.115986113,-0.013857835,lost,-0.110595413,0.0
929,bootstrap,player_01610,occasional_player,0.036099638,0,1.5,0.054149457,0,,0.034633643,0.031170279,1.39077905,38.526121783,0.008376569,lost,-0.036099638,0.0
929,bootstrap,player_01748,occasional_player,0.023935803,0.036099638,1.418766512,0.033959316,10,,0.021720159,0.019548143,1.402334693,58.587325989,0.003945137,lost,-0.023935803,0.0
929,bootstrap,player_00176,occasional_player,0.100344915,0.060035441,1.364904788,0.136961255,20,,0.087599535,0.078839581,1.329746037,13.251753084,0.012402857,won,1.329746037,0.069986634
929,bootstrap,player_01749,occasional_player,0.10265401,0.160380356,1.139102873,0.116933478,30,,0.074789898,0.067310908,1.327552397,12.932299445,-0.006385518,lost,-0.10265401,0.0
929,countdown,player_00974,occasional_player,0.031043868,0.263034366,1.0,0.031043868,30,,0.019855458,0.017869912,1.395582031,44.955159306,-0.005550189,lost,-0.031043868,0.0
929,countdown,player_00376,opportunistic_player,0.430941099,0.294078234,1.0,0.430941099,30,,0.275627145,0.248064431,1.015679662,2.356887436,-0.072085943,lost,-0.430941099,0.0
929,countdown,player_01750,opportunistic_player,0.482510294,0.725019333,1.0,0.482510294,30,,0.30861047,0.277749423,0.966688927,2.003457623,-0.079996047,lost,-0.482510294,0.0
929,countdown,player_01751,occasional_player,0.276994184,1.207529627,1.0,0.276994184,30,,0.177163692,0.159447323,1.161929231,4.194778441,-0.047561697,lost,-0.276994184,0.0
930,bootstrap,player_01289,occasional_player,0.100975415,0,1.5,0.151463122,0,,0.267731469,0.240958322,0.390079559,3.86311419,0.017348368,lost,-0.100975415,0.0
930,bootstrap,player_00845,occasional_player,0.049365272,0.100975415,1.272620131,0.062823239,10,,0.111048537,0.099943683,0.439109194,8.895103311,-0.000545335,lost,-0.049365272,0.0
930,bootstrap,player_01123,occasional_player,0.03554792,0.150340687,1.161457735,0.041287407,20,,0.072981053,0.065682948,0.452235679,12.721860486,-0.003508855,lost,-0.03554792,0.0
930,countdown,player_01305,occasional_player,0.091033999,0.185888607,1.0,0.091033999,20,,0.160914855,0.144823369,0.399523904,4.388732871,-0.019989751,lost,-0.091033999,0.0
930,countdown,player_01212,occasional_player,0.079974491,0.276922606,1.0,0.079974491,20,,0.141365685,0.127229116,0.410030436,5.127015267,-0.017631597,won,0.410030436,0.021580549
930,countdown,player_01752,occasional_player,0.139145493,0.356897097,1.0,0.139145493,20,,0.245958401,0.221362561,0.353817984,2.542791555,-0.030021835,lost,-0.139145493,0.0
931,bootstrap,player_00801,player_whale,0.197090859,0,1.5,0.295636289,0,,0.158656179,0.142790561,1.50267086,7.624254455,0.04561907,lost,-0.197090859,0.0
931,countdown,player_00130,occasional_player,0.442187917,0.197090859,1.0,0.442187917,10,,0.23730458,0.213574122,1.269828655,2.871694603,-0.076545481,lost,-0.442187917,0.0
931,countdown,player_00775,occasional_player,0.838217915,0.639278776,1.0,0.838217915,10,,0.449838049,0.404854244,0.893600157,1.066071412,-0.137084018,lost,-0.838217915,0.0
931,countdown,player_01753,occasional_player,0.287334969,1.477496691,1.0,0.287334969,10,,0.154201192,0.138781073,1.416938955,4.931314,-0.050814005,lost,-0.287334969,0.0
932,bootstrap,player_01755,opportunistic_player,0.826659542,0,1.5,1.239989313,10,,0.830736962,0.747663266,0.254448005,0.307802658,-0.018355143,won,0.254448005,0.013392
932,countdown,player_01756,occasional_player,0.021839873,0.826659542,1.0,0.021839873,10,,0.014631731,0.013168558,1.01902669,46.659002554,-0.008133162,lost,-0.021839873,0.0
932,countdown,player_01757,occasional_player,0.029010169,0.848499415,1.0,0.029010169,10,,0.019435506,0.017491955,1.012214909,34.891727411,-0.010797106,lost,-0.029010169,0.0
932,countdown,player_01758,opportunistic_player,0.077000778,0.877509584,1.0,0.077000778,10,,0.051587051,0.046428346,0.96662383,12.5534294,-0.028547013,lost,-0.077000778,0.0
932,countdown,player_01759,occasional_player,0.124797573,0.954510362,1.0,0.124797573,10,,0.08360875,0.075247875,0.921216875,7.381689026,-0.046087208,lost,-0.124797573,0.0
932,bootstrap,player_01754,occasional_player,0.128567571,0,1.5,0.192851356,0,10,0.0,0.0,0.0,0.0,0.0,pending_withdrawn,0.0,0.0
933,bootstrap,player_00710,occasional_player,0.116368403,0,1.5,0.174552604,0,,0.158907993,0.143017194,0.878468248,7.549027271,0.025910343,lost,-0.116368403,0.0
933,bootstrap,player_00799,occasional_player,0.036898093,0.116368403,1.231710684,0.045447775,10,,0.041374431,0.037236988,0.953965042,25.854047314,-1.334e-06,lost,-0.036898093,0.0
933,bootstrap,player_01271,occasional_player,0.039729686,0.153266496,1.146641509,0.045555707,20,,0.04147269,0.037325421,0.951275029,23.943683543,-0.002740018,lost,-0.039729686,0.0
933,countdown,player_01760,occasional_player,0.042808093,0.192996182,1.0,0.042808093,20,,0.038971336,0.035074202,0.948350542,22.153533964,-0.008043995,lost,-0.042808093,0.0
933,countdown,player_00406,occasional_player,0.010127351,0.235804275,1.0,0.010127351,20,,0.009219668,0.008297701,0.979397247,96.708136917,-0.001916572,lost,-0.010127351,0.0
933,countdown,player_00904,occasional_player,0.215183306,0.245931626,1.0,0.215183306,20,,0.195897091,0.176307382,0.78459409,3.646166166,-0.038915171,won,0.78459409,0.041294426
933,countdown,player_01321,occasional_player,0.296967662,0.461114932,1.0,0.296967662,20,,0.270351368,0.243316231,0.706898952,2.380390332,-0.052710621,lost,-0.296967662,0.0
933,countdown,player_01687,occasional_player,0.26780825,0.758082594,1.0,0.26780825,20,,0.243805424,0.219424881,0.734600393,2.743008825,-0.047854852,lost,-0.26780825,0.0
934,bootstrap,player_01761,occasional_player,0.524704817,0,1.5,0.787057226,0,,0.891792292,0.802613063,0.105136295,0.200372269,-0.019186113,won,0.105136295,0.005533489
934,countdown,player_01762,occasional_player,0.095499433,0.524704817,1.0,0.095499433,0,,0.108207708,0.097386937,0.51288141,5.37051785,-0.036251086,lost,-0.095499433,0.0
935,bootstrap,player_00949,opportunistic_player,0.200546565,0,1.5,0.300819848,0,,0.412591059,0.371331953,0.420370671,2.096125011,0.030019845,won,0.420370671,0.022124772
935,countdown,player_01763,occasional_player,0.049903239,0.200546565,1.0,0.049903239,10,,0.068445052,0.061600547,0.56348183,11.291488122,-0.012118383,lost,-0.049903239,0.0
935,countdown,player_00719,occasional_player,0.131879301,0.250449804,1.0,0.131879301,10,,0.180879755,0.16279178,0.485604571,3.682189455,-0.031358003,lost,-0.131879301,0.0
935,countdown,player_01764,occasional_player,0.246496902,0.382329105,1.0,0.246496902,10,,0.338084134,0.304275721,0.376717851,1.52828635,-0.056867784,lost,-0.246496902,0.0
936,bootstrap,player_00579,occasional_player,0.107705956,0,1.5,0.161558934,0,,0.179515557,0.161564001,0.602764716,5.596391677,0.007080528,lost,-0.107705956,0.0
936,bootstrap,player_00919,occasional_player,0.505961418,0.107705956,1.233338649,0.624021771,10,,0.69337927,0.624041343,0.224422027,0.443555613,-0.050171952,won,0.224422027,0.011811686
936,countdown,player_01130,occasional_player,0.044851036,0.613667374,1.0,0.044851036,10,,0.049836047,0.044852443,0.66247689,14.770603956,-0.013125651,lost,-0.044851036,0.0
936,countdown,player_01765,occasional_player,0.069540032,0.65851841,1.0,0.069540032,10,,0.077269126,0.069542213,0.639022344,9.189273073,-0.020265036,lost,-0.069540032,0.0
937,bootstrap,player_00570,occasional_player,0.013719675,0,1.5,0.020579513,0,,0.038455484,0.034609935,0.369025509,26.897540175,-0.000472889,lost,-0.013719675,0.0
937,bootstrap,player_00045,opportunistic_player,0.036716661,0.013719675,1.461546336,0.053663101,10,,0.10027645,0.090248805,0.347178373,9.455608526,-0.002070593,lost,-0.036716661,0.0
937,bootstrap,player_01616,opportunistic_player,0.339243783,0.050436336,1.358636452,0.46090897,20,,0.861268066,0.77514126,0.059777607,0.176208408,-0.02994584,won,0.059777607,0.00314619
938,bootstrap,player_01029,occasional_player,0.18893972,0,1.5,0.28340958,0,,1.0,0.9,0.011854784,0.062743734,-0.008224667,won,0.011854784,0.000623936
939,bootstrap,player_00757,occasional_player,0.033076775,0,1.5,0.049615163,0,,0.071342058,0.064207852,0.529812727,16.017665767,0.003065151,lost,-0.033076775,0.0
939,bootstrap,player_01106,occasional_player,0.056118981,0.033076775,1.406957675,0.078957031,10,,0.113532976,0.102179678,0.507922631,9.050817065,0.001514609,lost,-0.056118981,0.0
939,bootstrap,player_01110,occasional_player,0.312109759,0.089195756,1.249099466,0.389856133,20,,0.560577396,0.504519656,0.264731392,0.848199661,-0.02108206,won,0.264731392,0.013933231
939,countdown,player_01766,occasional_player,0.177026281,0.401305515,1.0,0.177026281,20,,0.254547571,0.229092814,0.393060696,2.220352219,-0.046423451,lost,-0.177026281,0.0
940,bootstrap,player_01151,occasional_player,0.103405618,0,1.5,0.155108427,0,,0.304529487,0.274076539,0.338301512,3.271597026,0.017655943,lost,-0.103405618,0.0
940,bootstrap,player_00998,occasional_player,0.044314971,0.103405618,1.208924506,0.053573454,10,,0.105182528,0.094664275,0.394437627,8.900775925,-0.002780774,lost,-0.044314971,0.0
940,bootstrap,player_01590,player_whale,0.015419655,0.147720589,1.084182715,0.016717723,20,,0.032822457,0.029540211,0.421888177,27.360416119,-0.002501489,lost,-0.015419655,0.0
940,countdown,player_00015,occasional_player,0.104512888,0.163140244,1.0,0.104512888,20,,0.205193598,0.184674238,0.337249606,3.226870985,-0.022930736,won,0.337249606,0.017749979
940,countdown,player_01767,occasional_player,0.101548593,0.267653132,1.0,0.101548593,20,,0.1993737,0.17943633,0.340065686,3.348797616,-0.022306948,lost,-0.101548593,0.0
940,countdown,player_01768,opportunistic_player,0.077876872,0.369201725,1.0,0.077876872,20,,0.15289823,0.137608407,0.362553821,4.655474877,-0.017269906,lost,-0.077876872,0.0
941,bootstrap,player_01280,occasional_player,0.154351441,0,1.5,0.231527162,0,,0.179680925,0.161712833,1.01517698,6.57704893,0.034776313,lost,-0.154351441,0.0
941,bootstrap,player_01411,occasional_player,0.013862755,0.154351441,1.06969181,0.014828875,10,,0.011508222,0.0103574,1.148641232,82.858077752,-0.001822236,lost,-0.013862755,0.0
941,countdown,player_01476,occasional_player,0.043315427,0.168214196,1.0,0.043315427,10,,0.033615736,0.030254163,1.120661193,25.872103102,-0.008100289,lost,-0.043315427,0.0
941,countdown,player_01769,opportunistic_player,0.893767505,0.211529623,1.0,0.893767505,10,,0.693624759,0.624262283,0.312731719,0.349902763,-0.140595544,won,0.312731719,0.016459564
941,countdown,player_01770,occasional_player,0.063343265,1.105297128,1.0,0.063343265,10,,0.049158709,0.044242838,1.101634747,17.391505587,-0.011801331,lost,-0.063343265,0.0
941,countdown,player_01771,occasional_player,0.041763904,1.168640393,1.0,0.041763904,10,,0.032411648,0.029170483,1.12213514,26.868540357,-0.007812406,lost,-0.041763904,0.0
942,bootstrap,player_01453,occasional_player,0.444836737,0,1.5,0.667255106,0,,0.36326801,0.326941209,1.122997641,2.524516407,0.06775293,lost,-0.444836737,0.0
942,countdown,player_01772,occasional_player,0.168374469,0.444836737,1.0,0.168374469,0,,0.091666677,0.082500009,1.385636796,8.229494673,-0.040168525,lost,-0.168374469,0.0
942,countdown,player_00725,occasional_player,0.115348504,0.613211206,1.0,0.115348504,0,,0.062798203,0.056518383,1.436011463,12.449328883,-0.027668148,lost,-0.115348504,0.0
942,countdown,player_00770,occasional_player,0.127122983,0.72855971,1.0,0.127122983,0,,0.069208482,0.062287634,1.424825707,11.208246328,-0.030455771,lost,-0.127122983,0.0
942,countdown,player_01773,occasional_player,0.25938234,0.855682693,1.0,0.25938234,0,,0.141213316,0.127091985,1.299179318,5.008742377,-0.061301645,lost,-0.25938234,0.0
942,countdown,player_00803,occasional_player,0.499328781,1.115065033,1.0,0.499328781,0,,0.271845312,0.244660781,1.071230199,2.145340385,-0.115074595,won,1.071230199,0.056380537
943,bootstrap,player_00929,occasional_player,0.072219479,0,1.5,0.108329219,0,,0.208110909,0.187299818,0.370376511,5.128484943,0.010678669,lost,-0.072219479,0.0
943,bootstrap,player_00245,opportunistic_player,0.050968236,0.072219479,1.29838098,0.066176188,10,,0.127130859,0.114417773,0.390565191,7.662913652,-0.000448965,lost,-0.050968236,0.0
943,bootstrap,player_01772,occasional_player,0.125989539,0.123187715,1.156090202,0.145655272,20,,0.279817868,0.251836081,0.319294954,2.534297341,-0.013850837,lost,-0.125989539,0.0
943,countdown,player_01774,occasional_player,0.051950632,0.249177254,1.0,0.051950632,20,,0.09980219,0.089821971,0.389631915,7.500041872,-0.012286817,lost,-0.051950632,0.0
943,countdown,player_01775,occasional_player,0.048907907,0.301127886,1.0,0.048907907,20,,0.093956821,0.084561139,0.392522504,8.02574733,-0.011580049,lost,-0.048907907,0.0
943,countdown,player_00869,opportunistic_player,0.099516776,0.350035793,1.0,0.099516776,20,,0.191181354,0.172063218,0.344444078,3.461165969,-0.023127443,lost,-0.099516776,0.0
944,bootstrap,player_01626,occasional_player,0.072794306,0,1.5,0.109191459,0,,0.164615289,0.14815376,0.511326055,7.024258944,0.013745322,won,0.511326055,0.026911898
944,bootstrap,player_01337,occasional_player,0.083302103,0.072794306,1.301509365,0.108418467,10,,0.163449939,0.147104945,0.501343648,6.018379246,0.002702178,lost,-0.083302103,0.0
944,bootstrap,player_01776,occasional_player,0.048450185,0.156096409,1.074366773,0.052053269,20,,0.078474672,0.070627205,0.53445297,11.030978931,-0.007281365,lost,-0.048450185,0.0
944,countdown,player_01777,opportunistic_player,0.100219994,0.204546594,1.0,0.100219994,20,,0.151090053,0.135981047,0.485271651,4.842064263,-0.020604227,lost,-0.100219994,0.0
944,countdown,player_01163,occasional_player,0.264864751,0.304766588,1.0,0.264864751,20,,0.399305843,0.359375259,0.328859132,1.241611543,-0.051495077,lost,-0.264864751,0.0
944,countdown,player_01778,occasional_player,0.028565046,0.569631339,1.0,0.028565046,20,,0.043064204,0.038757784,0.553343852,19.371362189,-0.006011547,lost,-0.028565046,0.0
945,bootstrap,player_00072,opportunistic_player,0.032296917,0,1.5,0.048445375,0,,0.071006239,0.063905615,0.52744567,16.3311461,0.003473777,lost,-0.032296917,0.0
945,bootstrap,player_00356,occasional_player,0.012000433,0.032296917,1.411873242,0.01694309,10,,0.024833435,0.022350092,0.54672733,45.558966906,0.000487184,lost,-0.012000433,0.0
945,bootstrap,player_00839,occasional_player,0.084486031,0.04429735,1.379128345,0.11651708,20,,0.17077873,0.153700857,0.477866012,5.656154114,0.00194796,won,0.477866012,0.025150843
945,bootstrap,player_01684,opportunistic_player,0.366571561,0.128783381,1.148596125,0.421042674,30,,0.617120967,0.55540887,0.209884758,0.572561488,-0.046402608,lost,-0.366571561,0.0
945,countdown,player_01779,occasional_player,0.079321055,0.495354942,1.0,0.079321055,30,,0.116260629,0.104634566,0.482772739,6.086312632,-0.020506615,lost,-0.079321055,0.0
946,bootstrap,player_01177,occasional_player,0.354905763,0,1.5,0.532358644,0,,0.464776796,0.418299116,0.594573052,1.675298387,0.042260386,won,0.594573052,0.031293319
946,countdown,player_01780,occasional_player,0.329381084,0.354905763,1.0,0.329381084,0,,0.287566825,0.258810142,0.618821497,1.878740241,-0.083976639,lost,-0.329381084,0.0
946,countdown,player_01658,occasional_player,0.040341269,0.684286847,1.0,0.040341269,0,,0.035220027,0.031698024,0.893409321,22.146287006,-0.01074322,lost,-0.040341269,0.0
946,countdown,player_00651,occasional_player,0.243326108,0.724628116,1.0,0.243326108,0,,0.212436353,0.191192718,0.700573724,2.879155592,-0.062859334,lost,-0.243326108,0.0
947,bootstrap,player_01781,opportunistic_player,0.063700405,0,1.5,0.095550607,0,,0.15768506,0.141916554,0.472363686,7.415395335,0.012375964,won,0.472363686,0.024861247
947,bootstrap,player_00473,opportunistic_player,0.038401337,0.063700405,1.320017304,0.050690429,10,,0.083653297,0.075287968,0.496397801,12.926575985,0.001862603,lost,-0.038401337,0.0
947,bootstrap,player_01235,occasional_player,0.06279088,0.102101742,1.211516013,0.076072157,20,,0.125540204,0.112986183,0.473227735,7.536567967,-0.002228183,lost,-0.06279088,0.0
947,countdown,player_01782,opportunistic_player,0.284830742,0.164892622,1.0,0.284830742,20,,0.470049894,0.423044905,0.262289866,0.920862208,-0.053374157,lost,-0.284830742,0.0
947,countdown,player_01587,opportunistic_player,0.098814593,0.449723364,1.0,0.098814593,20,,0.163071544,0.14676439,0.439005207,4.442716345,-0.019881798,lost,-0.098814593,0.0
948,bootstrap,player_00061,occasional_player,0.076018315,0,1.5,0.114027473,0,,0.47227823,0.425050407,0.109761693,1.443884849,0.002947553,won,0.109761693,0.005776931
948,bootstrap,player_00589,player_whale,0.085082621,0.076018315,1.285063134,0.10933654,10,,0.452849354,0.407564419,0.101150603,1.188851512,-0.009180585,lost,-0.085082621,0.0
948,countdown,player_00087,occasional_player,0.018077294,0.161100936,1.0,0.018077294,10,,0.074872416,0.067385174,0.164805663,9.116721963,-0.005753694,lost,-0.018077294,0.0
949,bootstrap,player_00787,occasional_player,0.165541841,0,1.5,0.248312761,0,,0.465331235,0.418798112,0.282734062,1.707931118,0.022195261,lost,-0.165541841,0.0
949,countdown,player_00123,occasional_player,0.285313057,0.165541841,1.0,0.285313057,10,,0.534668765,0.481201888,0.168951406,0.592161495,-0.066720139,won,0.168951406,0.008892179
950,bootstrap,player_00787,occasional_player,0.106480429,0,1.5,0.159720644,0,,0.104228406,0.093805566,1.308719421,12.290703873,0.026273194,lost,-0.106480429,0.0
950,bootstrap,player_01783,opportunistic_player,0.017915109,0.106480429,1.141459849,0.020449378,10,,0.013344587,0.012010129,1.392856475,77.74758586,-0.000971561,lost,-0.017915109,0.0
950,bootstrap,player_01355,occasional_player,0.036358996,0.124395538,1.08113622,0.039309027,20,,0.02565177,0.023086593,1.375334783,37.826533563,-0.003767796,lost,-0.036358996,0.0
950,countdown,player_01784,opportunistic_player,0.399161014,0.160754534,1.0,0.399161014,20,,0.260479268,0.234431341,1.030672865,2.582098024,-0.06396314,lost,-0.399161014,0.0
950,countdown,player_00927,player_whale,0.742822003,0.559915548,1.0,0.742822003,20,,0.484741056,0.43626695,0.704194926,0.947999552,-0.11153634,won,0.704194926,0.037062891
950,countdown,player_01785,occasional_player,0.105185876,1.302737551,1.0,0.105185876,20,,0.068640822,0.061776739,1.309949247,12.453661046,-0.017763442,lost,-0.105185876,0.0
950,countdown,player_00954,occasional_player,0.065761978,1.407923427,1.0,0.065761978,20,,0.042914091,0.038622681,1.34740195,20.489072722,-0.011181798,lost,-0.065761978,0.0
951,bootstrap,player_01786,occasional_player,0.074400007,0,1.5,0.111600011,0,,0.187820144,0.16903813,0.452151017,6.077298039,0.014607193,lost,-0.074400007,0.0
951,bootstrap,player_01296,occasional_player,0.045729532,0.074400007,1.249305334,0.057130148,10,,0.09614867,0.086533803,0.479387968,10.483115548,-0.000289118,lost,-0.045729532,0.0
951,bootstrap,player_00602,occasional_player,0.059060678,0.120129539,1.095217314,0.064684277,20,,0.108862088,0.097975879,0.466723379,7.90243856,-0.007546523,lost,-0.059060678,0.0
951,countdown,player_01265,occasional_player,0.300260261,0.179190217,1.0,0.300260261,20,,0.505330823,0.454797741,0.237583775,0.791259471,-0.055650008,won,0.237583775,0.012504409
951,countdown,player_01108,occasional_player,0.060510829,0.479450478,1.0,0.060510829,20,,0.101838275,0.091654448,0.465345736,7.690288556,-0.012313736,lost,-0.060510829,0.0
952,bootstrap,player_01416,opportunistic_player,0.066066073,0,1.5,0.09909911,0,,0.070130117,0.063117105,1.242917031,18.813242173,0.016553151,lost,-0.066066073,0.0
952,bootstrap,player_00306,occasional_player,0.040173319,0.066066073,1.277231017,0.051310609,10,,0.036311315,0.032680184,1.267515147,31.551168254,0.00256218,lost,-0.040173319,0.0
952,bootstrap,player_00930,opportunistic_player,0.034454956,0.106239392,1.141770121,0.039339639,20,,0.02783974,0.025055766,1.272947592,36.945268249,-0.001696983,lost,-0.034454956,0.0
952,countdown,player_01787,opportunistic_player,0.451728311,0.140694348,1.0,0.451728311,20,,0.319677535,0.287709781,0.876537905,1.940409497,-0.069573128,won,0.876537905,0.046133574
952,countdown,player_01788,opportunistic_player,0.592641679,0.592422659,1.0,0.592641679,20,,0.419398622,0.37745876,0.742670205,1.253152168,-0.088616512,lost,-0.592641679,0.0
952,countdown,player_01251,occasional_player,0.178955584,1.185064338,1.0,0.178955584,20,,0.126642671,0.113978404,1.135671995,6.346110973,-0.029116431,lost,-0.178955584,0.0
953,bootstrap,player_00133,occasional_player,0.136978067,0,1.5,0.2054671,0,,0.691513812,0.622362431,0.093758951,0.684481488,0.006623984,won,0.093758951,0.004934682
953,bootstrap,player_00462,occasional_player,0.088321031,0.136978067,1.037798473,0.091659431,10,,0.308486188,0.277637569,0.139983135,1.584935476,-0.024935217,lost,-0.088321031,0.0
954,bootstrap,player_00812,occasional_player,0.160291229,0,1.5,0.240436843,0,,0.199689903,0.179720913,0.925280595,5.77249673,0.03480873,lost,-0.160291229,0.0
954,countdown,player_00140,occasional_player,0.033828815,0.160291229,1.0,0.033828815,0,,0.028095831,0.025286247,1.045419888,30.903237033,-0.006538665,lost,-0.033828815,0.0
954,countdown,player_01789,occasional_player,0.012598481,0.194120044,1.0,0.012598481,0,,0.010463411,0.00941707,1.065588706,84.580728882,-0.002445117,lost,-0.012598481,0.0
954,countdown,player_01192,occasional_player,0.801364343,0.206718525,1.0,0.801364343,0,,0.665556768,0.599001091,0.316261137,0.394653368,-0.131905461,won,0.316261137,0.016645323
954,countdown,player_01790,occasional_player,0.115822594,1.008082868,1.0,0.115822594,0,,0.096194087,0.086574678,0.967525798,8.353515191,-0.022032055,lost,-0.115822594,0.0
955,bootstrap,player_01221,opportunistic_player,0.074822641,0,1.5,0.112233961,0,,0.14193042,0.127737378,0.636371065,8.505060181,0.016023378,lost,-0.074822641,0.0
955,bootstrap,player_00594,occasional_player,0.075847437,0.074822641,1.255532183,0.095228898,10,,0.120425915,0.108383324,0.635397508,8.37731021,0.001239654,lost,-0.075847437,0.0
955,countdown,player_01791,player_whale,0.383940741,0.150670078,1.0,0.383940741,10,,0.485529248,0.436976323,0.34270887,0.892608762,-0.066412066,lost,-0.383940741,0.0
955,countdown,player_01149,occasional_player,0.136675704,0.534610819,1.0,0.136675704,10,,0.172839307,0.155555377,0.577610655,4.226139964,-0.02556462,won,0.577610655,0.030400561
955,countdown,player_01792,occasional_player,0.062688179,0.671286523,1.0,0.062688179,10,,0.07927511,0.071347599,0.647898803,10.335262785,-0.011989504,lost,-0.062688179,0.0
956,bootstrap,player_01778,occasional_player,0.027675115,0,1.5,0.041512673,0,,0.03628345,0.032655105,1.024676647,37.025199232,0.006689542,lost,-0.027675115,0.0
956,bootstrap,player_00571,opportunistic_player,0.070343396,0.027675115,1.397045052,0.098272893,10,,0.085893761,0.077304385,0.98414178,13.990535511,0.011172932,lost,-0.070343396,0.0
956,bootstrap,player_01619,occasional_player,0.040489108,0.098018511,1.135358671,0.04596966,20,,0.040179004,0.036161104,1.012503353,25.006808085,-0.002411738,lost,-0.040489108,0.0
956,countdown,player_01115,opportunistic_player,0.394159676,0.138507619,1.0,0.394159676,20,,0.344508601,0.310057741,0.676516314,1.716350898,-0.062188297,lost,-0.394159676,0.0
956,countdown,player_00203,opportunistic_player,0.136049814,0.532667295,1.0,0.136049814,20,,0.11891204,0.107020836,0.921720683,6.774876462,-0.022846331,won,0.921720683,0.048511615
956,countdown,player_01793,occasional_player,0.024566789,0.668717109,1.0,0.024566789,20,,0.021472187,0.019324968,1.027629556,41.830031443,-0.004233128,lost,-0.024566789,0.0
956,countdown,player_00210,occasional_player,0.127809794,0.693283898,1.0,0.127809794,20,,0.11170999,0.100538991,0.929548702,7.272906657,-0.021504038,lost,-0.127809794,0.0
956,countdown,player_01794,opportunistic_player,0.275780139,0.821093692,1.0,0.275780139,20,,0.241040968,0.216936871,0.788976874,2.860890841,-0.044795084,lost,-0.275780139,0.0
957,bootstrap,player_00252,occasional_player,0.015455624,0,1.5,0.023183436,0,,0.140001953,0.126001758,0.107268561,6.94042253,7.839e-06,lost,-0.015455624,0.0
957,bootstrap,player_01795,occasional_player,0.030172342,0.015455624,1.442462837,0.043522482,10,,0.262826981,0.236544283,0.093287679,3.091827572,-0.00096858,lost,-0.030172342,0.0
957,bootstrap,player_00646,occasional_player,0.074343902,0.045627966,1.33013926,0.098887743,20,,0.597171066,0.537453959,0.051324697,0.690368619,-0.006802816,won,0.051324697,0.0027013
958,bootstrap,player_01737,opportunistic_player,0.107010033,0,1.5,0.16051505,0,,0.112871527,0.101584374,1.143809449,10.688805682,0.020053682,lost,-0.107010033,0.0
958,bootstrap,player_00787,occasional_player,0.660625191,0.107010033,1.101380961,0.727600008,10,,0.511636286,0.460472658,0.617875049,0.935288356,-0.071910788,lost,-0.660625191,0.0
958,countdown,player_00090,occasional_player,0.08823559,0.767635224,1.0,0.08823559,10,,0.062045807,0.055841226,1.16164517,13.165267774,-0.018440716,lost,-0.08823559,0.0
958,countdown,player_01796,occasional_player,0.090625925,0.855870814,1.0,0.090625925,10,,0.063726651,0.057353986,1.159374351,12.792965714,-0.018933427,lost,-0.090625925,0.0
958,countdown,player_01797,occasional_player,0.037437584,0.946496739,1.0,0.037437584,10,,0.02632549,0.023692941,1.209903275,32.317878079,-0.007884411,lost,-0.037437584,0.0
958,countdown,player_00761,occasional_player,0.078407512,0.983934323,1.0,0.078407512,10,,0.055134865,0.049621379,1.170981844,14.934561929,-0.01641109,lost,-0.078407512,0.0
958,countdown,player_01364,occasional_player,0.239282328,1.062341835,1.0,0.239282328,10,,0.168259374,0.151433436,1.018150768,4.255018651,-0.048864913,won,1.018150768,0.053586883
959,bootstrap,player_01757,occasional_player,0.047931408,0,1.5,0.071897112,0,,0.112333044,0.101099739,0.53376489,11.136015233,0.010877936,lost,-0.047931408,0.0
959,bootstrap,player_01320,opportunistic_player,0.030708,0.047931408,1.315104789,0.040384238,10,,0.063096893,0.056787204,0.550127127,17.914782051,0.002276003,lost,-0.030708,0.0
959,bootstrap,player_00231,occasional_player,0.028870772,0.078639408,1.196648805,0.034548175,20,,0.053978547,0.048580692,0.551872494,19.115266257,-0.000657862,lost,-0.028870772,0.0
959,countdown,player_01798,occasional_player,0.333308656,0.10751018,1.0,0.333308656,20,,0.520766061,0.468689455,0.262656504,0.788027851,-0.05398607,won,0.262656504,0.013824027
959,countdown,player_01327,occasional_player,0.159897107,0.440818836,1.0,0.159897107,20,,0.249825455,0.224842909,0.427397476,2.672953148,-0.027848084,lost,-0.159897107,0.0
960,bootstrap,player_00957,opportunistic_player,0.316344358,0,1.5,0.474516537,0,,0.584214169,0.525792752,0.329508036,1.041611862,0.02324015,won,0.329508036,0.017342528
960,countdown,player_01799,occasional_player,0.161737257,0.316344358,1.0,0.161737257,0,,0.199127301,0.179214571,0.476384782,2.945423896,-0.04737649,lost,-0.161737257,0.0
960,countdown,player_01800,occasional_player,0.051449565,0.478081615,1.0,0.051449565,0,,0.063343556,0.0570092,0.581158089,11.295685182,-0.015385108,lost,-0.051449565,0.0
960,countdown,player_00110,occasional_player,0.031949111,0.52953118,1.0,0.031949111,0,,0.039335032,0.035401529,0.59968352,18.769959524,-0.00958835,lost,-0.031949111,0.0
960,countdown,player_01801,occasional_player,0.092577979,0.561480291,1.0,0.092577979,0,,0.113979941,0.102581947,0.542086096,5.855453981,-0.027472902,lost,-0.092577979,0.0
961,bootstrap,player_01705,occasional_player,0.040134924,0,1.5,0.060202386,0,,0.046091407,0.041482266,1.158782196,28.872166206,0.009598875,lost,-0.040134924,0.0
961,bootstrap,player_01488,occasional_player,0.102764687,0.040134924,1.340386573,0.137744407,10,,0.105458171,0.094912354,1.099283922,10.697097939,0.011324576,lost,-0.102764687,0.0
961,countdown,player_00383,occasional_player,0.182720627,0.142899611,1.0,0.182720627,10,,0.139892308,0.125903078,1.023325779,5.600494018,-0.030875673,won,1.023325779,0.053859252
961,countdown,player_00899,occasional_player,0.220861269,0.325620238,1.0,0.220861269,10,,0.169093075,0.152183768,0.987092169,4.46928596,-0.037030363,lost,-0.220861269,0.0
961,countdown,player_00384,occasional_player,0.137755218,0.546481507,1.0,0.137755218,10,,0.105466448,0.094919803,1.066042917,7.738675402,-0.023490936,lost,-0.137755218,0.0
961,countdown,player_01039,opportunistic_player,0.537417903,0.684236725,1.0,0.537417903,10,,0.411451254,0.370306128,0.686363366,1.27715017,-0.084244199,lost,-0.537417903,0.0
961,countdown,player_01802,occasional_player,0.029450251,1.221654628,1.0,0.029450251,10,,0.022547337,0.020292604,1.168932636,39.691771582,-0.005131942,lost,-0.029450251,0.0
962,bootstrap,player_00453,occasional_player,0.88387032,0,1.5,1.32580548,0,,0.899594677,0.809635209,0.148931565,0.168499339,-0.04767755,lost,-0.88387032,0.0
962,countdown,player_00657,occasional_player,0.147975451,0.88387032,1.0,0.147975451,0,,0.100405323,0.090364791,0.848031691,5.730894448,-0.057971474,won,0.848031691,0.044633247
963,bootstrap,player_01655,occasional_player,0.045153783,0,1.5,0.067730675,0,,0.07383997,0.066455973,0.75520613,16.725201744,0.008034914,lost,-0.045153783,0.0
963,bootstrap,player_01803,occasional_player,0.197913464,0.045153783,1.320175301,0.261280467,10,,0.284847918,0.256363127,0.610084433,3.082581755,0.009227403,lost,-0.197913464,0.0
963,countdown,player_00680,opportunistic_player,0.05325632,0.243067247,1.0,0.05325632,10,,0.058060031,0.052254027,0.74750872,14.036056567,-0.011413122,lost,-0.05325632,0.0
963,countdown,player_01804,opportunistic_player,0.276449369,0.296323567,1.0,0.276449369,10,,0.301385053,0.271246547,0.535475323,1.936974302,-0.056217599,won,0.535475323,0.028182912
963,countdown,player_01805,occasional_player,0.075615691,0.572772936,1.0,0.075615691,10,,0.082436213,0.074192592,0.726267318,9.604717063,-0.016121912,lost,-0.075615691,0.0
963,countdown,player_01806,occasional_player,0.182930516,0.648388627,1.0,0.182930516,10,,0.199430816,0.179487734,0.624318234,3.412870895,-0.038039267,lost,-0.182930516,0.0
964,bootstrap,player_01124,occasional_player,0.031297884,0,1.5,0.046946826,0,,0.035415057,0.031873551,0.98424689,31.447713512,0.001071135,lost,-0.031297884,0.0
964,bootstrap,player_00446,player_whale,0.685669285,0.031297884,1.365746086,0.936450142,10,,0.706425507,0.635782956,0.362594059,0.528817706,-0.019201318,won,0.362594059,0.019083898
964,countdown,player_01807,opportunistic_player,0.320479084,0.716967169,1.0,0.320479084,10,,0.241758305,0.217582475,0.70952475,2.213950254,-0.096368301,lost,-0.320479084,0.0
964,countdown,player_01278,occasional_player,0.021741629,1.037446253,1.0,0.021741629,10,,0.016401131,0.014761018,0.993325332,45.687714192,-0.006758208,lost,-0.021741629,0.0
965,bootstrap,player_00793,occasional_player,0.069117121,0,1.5,0.103675682,0,,0.074199087,0.066779178,1.220794837,17.662698032,0.01702214,lost,-0.069117121,0.0
965,bootstrap,player_01663,occasional_player,0.082112443,0.069117121,1.203310804,0.09880679,10,,0.070714496,0.063643047,1.208449281,14.717005572,2.2837e-05,lost,-0.082112443,0.0
965,countdown,player_00819,opportunistic_player,0.153668243,0.151229564,1.0,0.153668243,10,,0.109977992,0.098980193,1.140471271,7.421645806,-0.025574064,lost,-0.153668243,0.0
965,countdown,player_01808,occasional_player,0.113675951,0.304897807,1.0,0.113675951,10,,0.081356125,0.073220513,1.178463949,10.366871253,-0.019064805,lost,-0.113675951,0.0
965,countdown,player_01809,occasional_player,0.152196838,0.418573758,1.0,0.152196838,10,,0.10892493,0.098032437,1.141869106,7.502581006,-0.025336399,lost,-0.152196838,0.0
965,countdown,player_01810,occasional_player,0.685012752,0.570770596,1.0,0.685012752,10,,0.490253065,0.441227759,0.635693988,0.928003144,-0.102280277,won,0.635693988,0.033457578
965,countdown,player_00251,occasional_player,0.090227322,1.255783348,1.0,0.090227322,10,,0.064574303,0.058116873,1.200740146,13.307943974,-0.01520033,lost,-0.090227322,0.0
966,bootstrap,player_00219,opportunistic_player,0.396546679,0,1.5,0.594820018,0,,0.950899174,0.855809257,0.036879569,0.093001836,-0.025616483,lost,-0.396546679,0.0
966,countdown,player_01811,occasional_player,0.030714249,0.396546679,1.0,0.030714249,0,,0.049100826,0.044190743,0.384420378,12.516027264,-0.012369141,won,0.384420378,0.020232651
967,bootstrap,player_01347,opportunistic_player,0.102085111,0,1.5,0.153127667,0,,0.181829169,0.163646252,0.662268071,6.487410986,0.022998423,lost,-0.102085111,0.0
967,countdown,player_01162,occasional_player,0.220881321,0.102085111,1.0,0.220881321,20,,0.262282238,0.236054014,0.549411671,2.487361397,-0.039050568,lost,-0.220881321,0.0
967,countdown,player_00423,occasional_player,0.468142288,0.322966432,1.0,0.468142288,20,,0.555888593,0.500299734,0.314513752,0.671833672,-0.076579679,won,0.314513752,0.016553355
968,bootstrap,player_00128,occasional_player,0.253633075,0,1.5,0.380449612,0,,0.340346198,0.306311579,0.708202799,2.792233619,0.04098839,lost,-0.253633075,0.0
968,countdown,player_01812,opportunistic_player,0.120716245,0.253633075,1.0,0.120716245,0,,0.107991476,0.097192328,0.834473787,6.912688407,-0.027879102,lost,-0.120716245,0.0
968,countdown,player_01433,occasional_player,0.327469702,0.37434932,1.0,0.327469702,0,,0.292950931,0.263655838,0.638058003,1.948448969,-0.072902686,won,0.638058003,0.033582
968,countdown,player_01813,occasional_player,0.289195678,0.701819022,1.0,0.289195678,0,,0.258711394,0.232840255,0.674418326,2.332048427,-0.064827548,lost,-0.289195678,0.0
969,bootstrap,player_00459,occasional_player,0.069222394,0,1.5,0.103833591,0,,0.412410329,0.371169296,0.139259692,2.011772266,0.008159755,won,0.139259692,0.007329457
969,bootstrap,player_01772,occasional_player,0.047078711,0.069222394,1.200496689,0.056517837,10,,0.224479761,0.202031785,0.160296191,3.404855143,-0.005182389,lost,-0.047078711,0.0
969,countdown,player_01814,occasional_player,0.039223883,0.116301105,1.0,0.039223883,10,,0.155790957,0.140211861,0.167758278,4.276942134,-0.010202529,lost,-0.039223883,0.0
969,countdown,player_01249,occasional_player,0.032062378,0.155524988,1.0,0.032062378,10,,0.12734661,0.114611949,0.174561708,5.444440447,-0.008380789,lost,-0.032062378,0.0
969,countdown,player_01815,occasional_player,0.020134839,0.187587366,1.0,0.020134839,10,,0.079972343,0.071975109,0.18589287,9.23239911,-0.005305972,lost,-0.020134839,0.0
970,bootstrap,player_00440,occasional_player,0.142441508,0,1.5,0.213662262,0,,0.304141814,0.273727632,0.472083583,3.314227641,0.02577099,won,0.472083583,0.024846504
970,countdown,player_01255,opportunistic_player,0.174068995,0.142441508,1.0,0.174068995,0,,0.247781987,0.223003788,0.44203747,2.539438286,-0.036674919,lost,-0.174068995,0.0
970,countdown,player_01816,occasional_player,0.098375651,0.316510503,1.0,0.098375651,0,,0.140034785,0.126031307,0.513946147,5.224322705,-0.021203935,lost,-0.098375651,0.0
970,countdown,player_00199,opportunistic_player,0.132957727,0.414886154,1.0,0.132957727,0,,0.189261332,0.170335199,0.481093175,3.618391994,-0.028363245,lost,-0.132957727,0.0
970,countdown,player_01520,opportunistic_player,0.053883106,0.547843881,1.0,0.053883106,0,,0.076700983,0.069030885,0.556214065,10.322605844,-0.011767558,lost,-0.053883106,0.0
970,countdown,player_01817,occasional_player,0.029560932,0.601726987,1.0,0.029560932,0,,0.042079099,0.037871189,0.57932013,19.597492062,-0.006501882,lost,-0.029560932,0.0
971,bootstrap,player_01319,occasional_player,0.144530676,0,1.5,0.216796014,0,,0.30856295,0.277706655,0.469186936,3.246279257,0.025902789,lost,-0.144530676,0.0
971,countdown,player_01818,occasional_player,0.124895216,0.144530676,1.0,0.124895216,0,,0.177761738,0.159985564,0.487840623,3.90599927,-0.026866327,lost,-0.124895216,0.0
971,countdown,player_01819,occasional_player,0.095528122,0.269425892,1.0,0.095528122,0,,0.135963935,0.122367541,0.515739362,5.398822368,-0.020728823,lost,-0.095528122,0.0
971,countdown,player_01820,occasional_player,0.060949219,0.364954014,1.0,0.060949219,0,,0.086748231,0.078073408,0.54858932,9.000760448,-0.013360468,won,0.54858932,0.028873122
971,countdown,player_01821,occasional_player,0.038737703,0.425903233,1.0,0.038737703,0,,0.055134869,0.049621382,0.56969026,14.706351069,-0.008546666,lost,-0.038737703,0.0
971,countdown,player_01822,opportunistic_player,0.165692707,0.464640936,1.0,0.165692707,0,,0.235828277,0.212245449,0.449083006,2.710336588,-0.03520936,lost,-0.165692707,0.0
972,bootstrap,player_00098,occasional_player,0.224903166,0,1.5,0.337354749,0,,0.770498565,0.693448709,0.103129311,0.45854984,0.002570531,lost,-0.224903166,0.0
972,countdown,player_01823,opportunistic_player,0.100484806,0.224903166,1.0,0.100484806,0,,0.229501435,0.206551291,0.221326753,2.202589242,-0.034014213,lost,-0.100484806,0.0
973,bootstrap,player_00310,player_whale,0.721516405,0,1.5,1.082274608,0,,0.963843675,0.867459307,0.046443343,0.064369074,-0.055342574,won,0.046443343,0.002444386
973,countdown,player_00246,occasional_player,0.040598983,0.721516405,1.0,0.040598983,0,,0.036156325,0.032540693,0.693314894,17.077149288,-0.016716917,lost,-0.040598983,0.0
974,bootstrap,player_01421,occasional_player,0.134326431,0,1.5,0.201489647,0,,1.0,0.9,0.007868797,0.058579662,-0.006350726,won,0.007868797,0.000414147
975,bootstrap,player_01378,occasional_player,0.030591961,0,1.5,0.045887942,0,,0.066886003,0.060197403,0.586318706,19.165777106,0.006544459,lost,-0.030591961,0.0
975,bootstrap,player_01340,occasional_player,0.084376862,0.030591961,1.370641567,0.115650434,10,,0.168571415,0.151714273,0.53522305,6.34324431,0.009625288,lost,-0.084376862,0.0
975,countdown,player_00090,occasional_player,0.124202082,0.114968823,1.0,0.124202082,10,,0.181036248,0.162932623,0.497389091,4.004675951,-0.022924602,lost,-0.124202082,0.0
975,countdown,player_01824,occasional_player,0.149582949,0.239170905,1.0,0.149582949,10,,0.218031256,0.19622813,0.473277267,3.163978718,-0.027360254,lost,-0.149582949,0.0
975,countdown,player_01359,occasional_player,0.097235641,0.388753854,1.0,0.097235641,10,,0.141730117,0.127557105,0.52300721,5.378760343,-0.018119258,won,0.52300721,0.027526695
975,countdown,player_01296,occasional_player,0.060356058,0.485989495,1.0,0.060356058,10,,0.087974647,0.079177182,0.558042814,9.245845937,-0.011392978,lost,-0.060356058,0.0
975,countdown,player_01825,opportunistic_player,0.093146847,0.546345553,1.0,0.093146847,10,,0.135770314,0.122193283,0.526891564,5.656568966,-0.017382318,lost,-0.093146847,0.0
976,bootstrap,player_00689,opportunistic_player,0.043016045,0,1.5,0.064524068,0,,0.04594504,0.041350536,1.060810985,24.660820988,0.002627794,lost,-0.043016045,0.0
976,bootstrap,player_01670,occasional_player,0.707940566,0.043016045,1.32762964,0.939882879,10,,0.669253465,0.602328118,0.42913269,0.606170505,-0.023049371,won,0.42913269,0.022585931
976,countdown,player_01826,occasional_player,0.143227254,0.750956611,1.0,0.143227254,10,,0.101986469,0.091787822,0.965610337,6.741805835,-0.041449467,lost,-0.143227254,0.0
976,countdown,player_01689,occasional_player,0.224640402,0.894183865,1.0,0.224640402,10,,0.159957555,0.1439618,0.888267846,3.954176712,-0.064424128,lost,-0.224640402,0.0
976,countdown,player_00920,opportunistic_player,0.032100463,1.118824267,1.0,0.032100463,10,,0.022857471,0.020571724,1.071180788,33.369636701,-0.009404065,lost,-0.032100463,0.0
977,bootstrap,player_00119,occasional_player,0.023489664,0,1.5,0.035234496,0,,0.114256232,0.102830609,0.227451092,9.683028767,0.002314727,lost,-0.023489664,0.0
977,bootstrap,player_01827,opportunistic_player,0.104613548,0.023489664,1.405808215,0.147066585,10,,0.476898376,0.429208538,0.150383402,1.437513642,0.00483332,won,0.150383402,0.007914916
977,countdown,player_01828,occasional_player,0.126080311,0.128103212,1.0,0.126080311,10,,0.408845392,0.367960853,0.129989978,1.031009335,-0.031856469,lost,-0.126080311,0.0
978,bootstrap,player_00371,opportunistic_player,0.088424909,0,1.5,0.132637363,0,,0.093337045,0.084003341,1.225016169,13.853745321,0.02190853,lost,-0.088424909,0.0
978,bootstrap,player_00332,occasional_player,0.012350033,0.088424909,1.145174391,0.014142942,10,,0.009952402,0.008957162,1.297287301,105.043225511,-0.000619399,lost,-0.012350033,0.0
978,bootstrap,player_01829,occasional_player,0.061279308,0.100774942,1.095616998,0.067138651,20,,0.047245536,0.042520982,1.25080449,20.411530924,-0.005488216,lost,-0.061279308,0.0
978,countdown,player_01830,occasional_player,0.209022467,0.16205425,1.0,0.209022467,20,,0.14708932,0.132380388,1.110448489,5.312579576,-0.03435039,lost,-0.209022467,0.0
978,countdown,player_00015,occasional_player,0.086144236,0.371076717,1.0,0.086144236,20,,0.060619785,0.054557807,1.227182809,14.245675226,-0.014491993,lost,-0.086144236,0.0
978,countdown,player_01831,occasional_player,0.077145568,0.457220953,1.0,0.077145568,20,,0.054287414,0.048858672,1.235731543,16.018179336,-0.013000136,lost,-0.077145568,0.0
978,countdown,player_01096,player_whale,0.834826859,0.534366521,1.0,0.834826859,20,,0.587468498,0.528721648,0.515934317,0.618013557,-0.120650184,won,0.515934317,0.027154438
979,bootstrap,player_00782,occasional_player,0.057487348,0.016749462,1.432741789,0.082364526,10,,0.104698188,0.094228369,0.638605183,11.108621376,0.008104316,lost,-0.057487348,0.0
979,bootstrap,player_00443,occasional_player,0.016874443,0.07423681,1.201898783,0.020281373,20,,0.025780795,0.023202716,0.677187443,40.130950847,-0.000770322,lost,-0.016874443,0.0
979,bootstrap,player_00268,occasional_player,0.185772441,0.074361791,1.201396916,0.223186438,30,,0.283704851,0.255334366,0.516734344,2.781544678,-0.006398316,lost,-0.185772441,0.0
979,countdown,player_01832,opportunistic_player,0.201420348,0.260134232,1.0,0.201420348,30,,0.256036748,0.230433074,0.501868833,2.49164912,-0.03935926,lost,-0.201420348,0.0
979,countdown,player_00659,occasional_player,0.014845329,0.46155458,1.0,0.014845329,30,,0.018870734,0.01698366,0.679115101,45.746045837,-0.003059341,lost,-0.014845329,0.0
979,countdown,player_00332,occasional_player,0.244587293,0.476399909,1.0,0.244587293,30,,0.310908683,0.279817815,0.460860235,1.884236215,-0.047190507,won,0.460860235,0.024255802
979,bootstrap,player_00637,occasional_player,0.016749462,0,1.5,0.025124193,0,30,0.0,0.0,0.0,0.0,0.0,pending_withdrawn,0.0,0.0
980,bootstrap,player_01256,occasional_player,0.092726051,0,1.5,0.139089077,0,,0.156528554,0.140875699,0.704321266,7.595721577,0.019558547,lost,-0.092726051,0.0
980,bootstrap,player_00316,occasional_player,0.132001236,0.092726051,1.127393588,0.148817347,10,,0.167476589,0.15072893,0.667009841,5.053057538,-0.011567151,lost,-0.132001236,0.0
980,countdown,player_01833,occasional_player,0.163954125,0.224727287,1.0,0.163954125,10,,0.184511269,0.166060143,0.636654596,3.88312643,-0.031004927,lost,-0.163954125,0.0
980,countdown,player_00564,occasional_player,0.024084935,0.388681412,1.0,0.024084935,10,,0.027104789,0.02439431,0.769530327,31.950691439,-0.004725238,lost,-0.024084935,0.0
980,countdown,player_01834,occasional_player,0.069721703,0.412766347,1.0,0.069721703,10,,0.078463655,0.07061729,0.726175397,10.41534222,-0.013517607,lost,-0.069721703,0.0
980,countdown,player_01835,occasional_player,0.230562028,0.48248805,1.0,0.230562028,10,,0.259470705,0.233523635,0.573377088,2.486866954,-0.042823243,lost,-0.230562028,0.0
980,countdown,player_01836,occasional_player,0.112356753,0.713050078,1.0,0.112356753,10,,0.126444438,0.113799994,0.685672099,6.10263363,-0.021541074,lost,-0.112356753,0.0
981,bootstrap,player_00127,occasional_player,0.22831673,0,1.5,0.342475095,0,,0.557813122,0.50203181,0.266706892,1.168144325,0.020200875,won,0.266706892,0.014037205
981,countdown,player_01837,occasional_player,0.129825085,0.22831673,1.0,0.129825085,0,,0.211455189,0.19030967,0.360273955,2.775071975,-0.036554498,lost,-0.129825085,0.0
981,countdown,player_01838,occasional_player,0.090798727,0.358141815,1.0,0.090798727,0,,0.147890232,0.133101209,0.397348995,4.376151608,-0.025825675,lost,-0.090798727,0.0
981,countdown,player_01650,occasional_player,0.050861363,0.448940542,1.0,0.050861363,0,,0.082841457,0.074557311,0.435289491,8.55835285,-0.014615263,lost,-0.050861363,0.0
982,bootstrap,player_01523,occasional_player,0.21606467,0,1.5,0.324097005,0,,0.870851362,0.783766225,0.054450714,0.252011187,-0.004043849,won,0.054450714,0.002865827
982,countdown,player_01763,occasional_player,0.0480641,0.21606467,1.0,0.0480641,0,,0.129148638,0.116233775,0.214051255,4.453453938,-0.017597443,lost,-0.0480641,0.0
983,bootstrap,player_01550,occasional_player,0.062150764,0,1.5,0.093226146,0,,0.103820222,0.0934382,0.712178802,11.458890552,0.010201197,lost,-0.062150764,0.0
983,bootstrap,player_01781,opportunistic_player,0.242945084,0.062150764,1.2647323,0.307260495,10,,0.342177106,0.307959395,0.540424198,2.224470607,-0.001699154,lost,-0.242945084,0.0
983,countdown,player_01839,opportunistic_player,0.404286147,0.305095848,1.0,0.404286147,10,,0.450228604,0.405205743,0.387150189,0.957614282,-0.083591598,lost,-0.404286147,0.0
983,countdown,player_01840,occasional_player,0.048233561,0.709381995,1.0,0.048233561,10,,0.053714749,0.048343274,0.725400145,15.039323869,-0.010833575,won,0.725400145,0.038178955
983,countdown,player_00611,occasional_player,0.044951141,0.757615556,1.0,0.044951141,10,,0.05005932,0.045053388,0.728518444,16.206895488,-0.010103716,lost,-0.044951141,0.0
984,bootstrap,player_00333,occasional_player,0.192397009,0,1.5,0.288595514,0,,0.524088235,0.471679412,0.257740749,1.339629706,0.019923704,lost,-0.192397009,0.0
984,countdown,player_00669,occasional_player,0.13692139,0.192397009,1.0,0.13692139,0,,0.248648666,0.2237838,0.310442587,2.267305251,-0.03680858,won,0.310442587,0.016339084
984,countdown,player_01143,occasional_player,0.082411259,0.329318399,1.0,0.082411259,0,,0.149658498,0.134692649,0.362227211,4.395360724,-0.022521726,lost,-0.082411259,0.0
984,countdown,player_01841,occasional_player,0.04273391,0.411729658,1.0,0.04273391,0,,0.0776046,0.06984414,0.399920693,9.35839226,-0.01181708,lost,-0.04273391,0.0
985,bootstrap,player_01842,occasional_player,0.114587581,0,1.5,0.171881371,0,,0.234515964,0.211064367,0.540719128,4.718828369,0.023724315,lost,-0.114587581,0.0
985,bootstrap,player_01739,player_whale,0.016201339,0.114587581,1.059298121,0.017162048,10,,0.023416,0.0210744,0.634186058,39.144052098,-0.002494815,lost,-0.016201339,0.0
985,countdown,player_01843,occasional_player,0.070356212,0.13078892,1.0,0.070356212,10,,0.095994434,0.08639499,0.582738929,8.282693339,-0.013932064,lost,-0.070356212,0.0
985,countdown,player_01844,occasional_player,0.063684081,0.201145132,1.0,0.063684081,10,,0.086890938,0.078201845,0.589077453,9.249995348,-0.012636925,lost,-0.063684081,0.0
985,countdown,player_01845,occasional_player,0.061990275,0.264829213,1.0,0.061990275,10,,0.0845799,0.07612191,0.590686569,9.528697343,-0.012307267,lost,-0.061990275,0.0
985,countdown,player_01846,occasional_player,0.150166605,0.326819488,1.0,0.150166605,10,,0.204888208,0.184399387,0.506919055,3.375710966,-0.029000412,lost,-0.150166605,0.0
985,countdown,player_01847,occasional_player,0.197679113,0.476986093,1.0,0.197679113,10,,0.269714556,0.242743101,0.461782173,2.336019044,-0.037599436,lost,-0.197679113,0.0
986,bootstrap,player_01482,occasional_player,0.1549621,0,1.5,0.23244315,0,,0.835266184,0.751739565,0.052703093,0.340103115,0.001148042,won,0.052703093,0.002773847
986,countdown,player_01848,occasional_player,0.045843167,0.1549621,1.0,0.045843167,0,,0.164733816,0.148260435,0.156366079,3.41089173,-0.015863536,lost,-0.045843167,0.0
987,bootstrap,player_01190,occasional_player,0.029916307,0,1.5,0.04487446,0,,0.032763108,0.029486798,1.17200869,39.176248936,0.005524612,lost,-0.029916307,0.0
987,bootstrap,player_00998,occasional_player,0.060988982,0.029916307,1.391236359,0.084850089,10,,0.061949551,0.055754596,1.142489649,18.732722068,0.006110483,lost,-0.060988982,0.0
987,bootstrap,player_01511,occasional_player,0.453452154,0.090905289,1.169504989,0.530314557,20,,0.387185792,0.348467213,0.769649636,1.697311676,-0.027241282,lost,-0.453452154,0.0
987,countdown,player_01849,occasional_player,0.168126117,0.544357443,1.0,0.168126117,20,,0.122749872,0.110474885,1.040709371,6.190051786,-0.034580156,lost,-0.168126117,0.0
987,countdown,player_01637,opportunistic_player,0.214189895,0.71248356,1.0,0.214189895,20,,0.156381308,0.140743177,0.996948782,4.654508943,-0.043730389,lost,-0.214189895,0.0
987,countdown,player_01850,occasional_player,0.084722416,0.926673455,1.0,0.084722416,20,,0.061856337,0.055670703,1.119942887,13.218967773,-0.017657852,lost,-0.084722416,0.0
987,countdown,player_01851,opportunistic_player,0.242586765,1.011395871,1.0,0.242586765,20,,0.177114031,0.159402628,0.969971755,3.998452905,-0.04930175,won,0.969971755,0.051051145
988,bootstrap,player_00819,opportunistic_player,0.106138065,0,1.5,0.159207098,0,,0.093637511,0.08427376,1.470676524,13.85625905,0.026746028,lost,-0.106138065,0.0
988,bootstrap,player_00045,opportunistic_player,0.022742078,0.106138065,1.117007435,0.02540307,10,,0.014940793,0.013446713,1.549902711,68.151323347,-0.001595174,lost,-0.022742078,0.0
988,countdown,player_01852,occasional_player,0.258822316,0.128880143,1.0,0.258822316,10,,0.152226111,0.1370035,1.325626485,5.121762705,-0.041747285,lost,-0.258822316,0.0
988,countdown,player_01853,occasional_player,0.033525619,0.387702459,1.0,0.033525619,10,,0.019718062,0.017746256,1.539658347,45.924829827,-0.005607493,lost,-0.033525619,0.0
988,countdown,player_01011,occasional_player,0.021803045,0.421228078,1.0,0.021803045,10,,0.012823441,0.011541097,1.550794793,71.12744081,-0.003653541,lost,-0.021803045,0.0
988,countdown,player_01698,occasional_player,0.153080927,0.443031123,1.0,0.153080927,10,,0.090034409,0.081030968,1.426080805,9.315862092,-0.025119924,lost,-0.153080927,0.0
988,countdown,player_01854,opportunistic_player,1.048407077,0.59611205,1.0,1.048407077,10,,0.616619674,0.554957706,0.575520962,0.548947994,-0.147195697,won,0.575520962,0.030290577
989,bootstrap,player_01371,opportunistic_player,0.144679661,0,1.5,0.217019491,0,,0.392224803,0.353002323,0.328678199,2.271765062,0.022416763,won,0.328678199,0.017298853
989,countdown,player_01855,occasional_player,0.226017657,0.144679661,1.0,0.226017657,0,,0.408487416,0.367638674,0.251407103,1.112333904,-0.050497851,lost,-0.226017657,0.0
989,countdown,player_01856,occasional_player,0.110266695,0.370697318,1.0,0.110266695,0,,0.199287781,0.179359003,0.361370517,3.277240845,-0.025674315,lost,-0.110266695,0.0
990,bootstrap,player_00018,occasional_player,0.049839186,0,1.5,0.074758779,10,,0.482189241,0.433970317,0.066748329,1.339274054,0.000756335,lost,-0.049839186,0.0
990,bootstrap,player_00625,occasional_player,0.051106912,0.049839186,1.319906374,0.067456339,20,,0.43508898,0.391580082,0.065543989,1.282487757,-0.005428743,lost,-0.051106912,0.0
990,bootstrap,player_00999,occasional_player,0.011297439,0.100946098,1.135231826,0.012825212,30,,0.08272178,0.074449602,0.103362988,9.149240665,-0.002761016,lost,-0.011297439,0.0
991,bootstrap,player_01857,occasional_player,0.301888305,0,1.5,0.452832458,0,,0.293528341,0.264175507,1.044667037,3.460442222,0.053838636,lost,-0.301888305,0.0
991,countdown,player_01858,player_whale,0.647028114,0.301888305,1.0,0.647028114,0,,0.41940697,0.377466273,0.716784219,1.107810005,-0.132234956,won,0.716784219,0.037725485
991,countdown,player_01859,occasional_player,0.060253658,0.948916419,1.0,0.060253658,0,,0.039056733,0.035151059,1.274219952,21.147594918,-0.013345497,lost,-0.060253658,0.0
991,countdown,player_01860,occasional_player,0.050405603,1.009170077,1.0,0.050405603,0,,0.032673173,0.029405855,1.283575604,25.464938966,-0.011178745,lost,-0.050405603,0.0
991,countdown,player_00322,occasional_player,0.128849662,1.05957568,1.0,0.128849662,0,,0.083521017,0.075168916,1.209053748,9.383445243,-0.028280913,lost,-0.128849662,0.0
991,countdown,player_01861,opportunistic_player,0.203351919,1.188425342,1.0,0.203351919,0,,0.131813766,0.118632389,1.138276604,5.597570012,-0.044191322,lost,-0.203351919,0.0
992,bootstrap,player_01032,occasional_player,0.324718075,0,1.5,0.487077112,0,,0.849109212,0.764198291,0.091494185,0.281764989,-0.006649377,won,0.091494185,0.004815483
992,countdown,player_01862,occasional_player,0.086555944,0.324718075,1.0,0.086555944,0,,0.150890788,0.135801709,0.317748209,3.671015469,-0.031650749,lost,-0.086555944,0.0
993,bootstrap,player_01642,opportunistic_player,0.055622246,0,1.5,0.083433369,0,,0.072645452,0.065380906,0.999718692,17.973360726,0.013376901,lost,-0.055622246,0.0
993,bootstrap,player_00288,occasional_player,0.077609219,0.055622246,1.276075596,0.09903523,10,,0.086229995,0.077606996,0.978831067,12.612304054,0.004377938,lost,-0.077609219,0.0
993,countdown,player_01863,opportunistic_player,0.756499879,0.133231465,1.0,0.756499879,10,,0.6586846,0.59281614,0.33388494,0.441354916,-0.110102159,lost,-0.756499879,0.0
993,countdown,player_01864,opportunistic_player,0.209532457,0.889731344,1.0,0.209532457,10,,0.182439953,0.164195958,0.853503991,4.07337366,-0.034986169,lost,-0.209532457,0.0
994,bootstrap,player_00191,occasional_player,0.073694151,0,1.5,0.110541227,0,,0.064665907,0.058199317,1.464120508,19.867526641,0.015805611,lost,-0.073694151,0.0
994,bootstrap,player_01865,opportunistic_player,0.29657572,0.073694151,1.226332407,0.363700417,10,,0.212762407,0.191486166,1.252383018,4.222810342,2.845e-05,lost,-0.29657572,0.0
994,countdown,player_00765,opportunistic_player,0.518873321,0.370269871,1.0,0.518873321,10,,0.303537559,0.273183803,1.041200297,2.006656065,-0.092686477,lost,-0.518873321,0.0
994,countdown,player_01216,occasional_player,0.073333786,0.889143192,1.0,0.073333786,10,,0.042899794,0.038609814,1.464462855,19.969824755,-0.013959743,lost,-0.073333786,0.0
994,countdown,player_01866,occasional_player,0.071858333,0.962476978,1.0,0.071858333,10,,0.042036663,0.037832997,1.465864535,20.399367397,-0.013681669,lost,-0.071858333,0.0
994,countdown,player_00779,occasional_player,0.545576739,1.034335311,1.0,0.545576739,10,,0.319158887,0.287242998,1.01583205,1.861941643,-0.097072998,won,1.01583205,0.053464845
994,countdown,player_00662,occasional_player,0.025536663,1.57991205,1.0,0.025536663,10,,0.014938784,0.013444905,1.509870122,59.125584337,-0.004893264,lost,-0.025536663,0.0
995,bootstrap,player_01119,occasional_player,0.028393122,0,1.5,0.042589683,0,,0.037093213,0.033383892,1.029542877,36.260291375,0.006924899,lost,-0.028393122,0.0
995,bootstrap,player_01381,occasional_player,0.044018681,0.028393122,1.394486601,0.061383461,10,,0.053461535,0.048115381,1.014698596,23.051544769,0.006921904,lost,-0.044018681,0.0
995,bootstrap,player_01867,occasional_player,0.060260168,0.072411803,1.230906117,0.074174609,20,,0.064601904,0.058141713,0.999269183,16.582582098,0.001342684,lost,-0.060260168,0.0
995,countdown,player_01868,occasional_player,0.079703292,0.132671971,1.0,0.079703292,20,,0.069417075,0.062475368,0.980798215,12.30561738,-0.013448071,lost,-0.079703292,0.0
995,countdown,player_01869,occasional_player,0.153156234,0.212375263,1.0,0.153156234,20,,0.133390447,0.120051403,0.91101792,5.948291471,-0.025400634,won,0.91101792,0.047948312
995,countdown,player_00554,occasional_player,0.149103808,0.365531497,1.0,0.149103808,20,,0.129861013,0.116874912,0.914867725,6.135777063,-0.024752229,lost,-0.149103808,0.0
995,countdown,player_00560,occasional_player,0.233631933,0.514635305,1.0,0.233631933,20,,0.203480245,0.183132221,0.834566006,3.572140142,-0.038010472,lost,-0.233631933,0.0
995,countdown,player_01870,opportunistic_player,0.354436905,0.748267238,1.0,0.354436905,20,,0.308694567,0.27782511,0.719801283,2.030830517,-0.055986562,lost,-0.354436905,0.0
996,bootstrap,player_01853,occasional_player,0.072706026,0,1.5,0.109059039,0,,0.552927581,0.497634823,0.07706869,1.060004164,0.001827088,won,0.07706869,0.004056247
996,bootstrap,player_01488,occasional_player,0.071713207,0.072706026,1.229623473,0.088180243,10,,0.447072419,0.402365177,0.078011868,1.08783126,-0.01146905,lost,-0.071713207,0.0
997,bootstrap,player_01871,occasional_player,0.031995235,0,1.5,0.047992852,0,,0.027865742,0.025079168,1.38299955,43.225172451,0.003491656,lost,-0.031995235,0.0
997,bootstrap,player_00914,opportunistic_player,0.631999713,0.031995235,1.35823786,0.858405938,10,,0.498410017,0.448569015,0.812995296,1.286385547,0.016180275,won,0.812995296,0.042789226
997,countdown,player_00151,occasional_player,0.035769096,0.663994948,1.0,0.035769096,10,,0.020768351,0.018691516,1.379414383,38.564418361,-0.009317172,lost,-0.035769096,0.0
997,countdown,player_01872,opportunistic_player,0.544151908,0.699764044,1.0,0.544151908,10,,0.315946978,0.28435228,0.896450711,1.647427305,-0.134513269,lost,-0.544151908,0.0
997,countdown,player_00944,occasional_player,0.109661925,1.243915952,1.0,0.109661925,10,,0.063672209,0.057304988,1.309216195,11.938657788,-0.028353132,lost,-0.109661925,0.0
997,countdown,player_01393,occasional_player,0.126306977,1.353577877,1.0,0.126306977,10,,0.073336704,0.066003034,1.293403396,10.240157957,-0.032601785,lost,-0.126306977,0.0
998,bootstrap,player_00458,occasional_player,0.022687651,0,1.5,0.034031476,0,,0.115906388,0.104315749,0.20390269,8.987386592,0.00094929,lost,-0.022687651,0.0
998,bootstrap,player_01873,occasional_player,0.040288783,0.022687651,1.399406805,0.056380397,10,,0.192023649,0.172821284,0.187181615,4.645998242,-0.000977057,lost,-0.040288783,0.0
998,bootstrap,player_00736,occasional_player,0.166451776,0.062976434,1.220773178,0.203199864,20,,0.692069963,0.622862967,0.067326772,0.404482147,-0.020839776,won,0.067326772,0.003543514
999,bootstrap,player_01032,occasional_player,0.161277253,0,1.5,0.24191588,0,,0.862079505,0.775871555,0.044261864,0.274445798,-0.001805298,lost,-0.161277253,0.0
999,countdown,player_01079,opportunistic_player,0.03870311,0.161277253,1.0,0.03870311,0,,0.137920495,0.124128445,0.1607073,4.152309731,-0.013950606,lost,-0.03870311,0.0
1000,bootstrap,player_00809,occasional_player,0.072050713,0,1.5,0.10807607,0,,0.116980871,0.105282784,0.764560845,10.611426492,0.016030081,lost,-0.072050713,0.0
1000,bootstrap,player_00549,occasional_player,0.095476448,0.072050713,1.204652823,0.115015973,10,,0.124492579,0.112043321,0.742306396,7.774759242,-0.001608476,won,0.742306396,0.039068758
1000,countdown,player_01874,occasional_player,0.020805078,0.167527161,1.0,0.020805078,10,,0.022519288,0.020267359,0.813244198,39.088735834,-0.003901102,lost,-0.020805078,0.0
1000,countdown,player_01875,opportunistic_player,0.347018165,0.188332239,1.0,0.347018165,10,,0.37561032,0.338049288,0.503341765,1.450476707,-0.059554596,lost,-0.347018165,0.0
1000,countdown,player_01876,occasional_player,0.057468162,0.535350404,1.0,0.057468162,10,,0.062203184,0.055982865,0.778414268,13.545139449,-0.010673068,lost,-0.057468162,0.0
1000,countdown,player_01538,occasional_player,0.275494695,0.592818566,1.0,0.275494695,10,,0.298193758,0.268374382,0.571289062,2.073684438,-0.048239628,lost,-0.275494695,0.0
