draw,staker_count,staker_tvl,initial_player_threshold,player_threshold,activation_threshold_pct,funding_minutes,threshold_decay_steps,cycle_minutes,pending_withdrawn_count,pending_withdrawn_tvl,player_position_count,player_tvl,bootstrap_player_tvl,countdown_player_tvl,player_effective_wallet_count,player_largest_share,player_gini,median_player_profit_multiple,target_player_probability,activated,activation_reason,winner_mode,winner_id,gross_prize,protocol_fee,winner_profit,staker_jackpot_paid,staker_pro_rata_paid,staker_erosion_paid,protocol_revenue_cumulative,value_conservation_error,staker_cumulative_pnl,player_cumulative_pnl,activation_floor,minutes_at_floor,funding_staker_withdrawal_count,funding_staker_withdrawal_tvl,queued_staker_withdrawal_count,queued_staker_withdrawal_tvl,queued_staker_withdrawal_minutes,funding_clock_resets
1,395,9170.596717215,91.705967172,43.86267981,0.004782969,70,7,75,0,0,13,52.208208623,48.675639567,3.532569056,7.819943,0.26151,0.374929,16.467788312,0.9,True,activated,player,player_00026,52.208208623,2.640795927,50.175122616,0.0,0.0,3.654574604,2.640795927,0.0,-3.654574604,1.013778676,9.170596717,0,3,15.262849932,0,0,0,0
2,390,9058.932466124,90.589324661,43.328593159,0.004782969,70,7,75,0,0,14,54.442674421,53.652907458,0.789766963,7.062956,0.300741,0.330091,17.392079644,0.9,True,activated,player,player_00025,54.442674421,2.813286382,53.452441251,0.0,0.0,3.810987209,5.454082309,-0.0,-7.465561813,2.011479504,9.058932466,0,1,30.636300366,0,0,0,0
3,392,9187.322646788,91.873226468,35.593570324,0.003874205,90,9,95,0,0,15,47.824159245,35.99074471,11.833414535,9.843578,0.181723,0.3002,15.138344268,0.9,True,activated,player,player_00103,47.824159245,2.517954377,47.841133166,0.0,0.0,3.347691147,7.972036686,0.0,-10.81325296,2.841216274,9.187322647,0,3,57.551486762,0,0,0,0
4,393,9049.896436884,90.498964369,43.285374111,0.004782969,70,7,75,0,0,13,46.932410589,45.916736932,1.015673657,6.497568,0.319316,0.438536,18.656694395,0.9,True,activated,player,player_00081,46.932410589,2.425589661,46.086203567,0.0,0.0,3.285268741,10.397626347,-0.0,-14.098521701,3.700895354,9.049896437,0,2,139.54234712,0,0,0,0
5,394,8923.826356358,89.238263564,42.682384824,0.004782969,70,7,75,0,0,14,55.670681251,49.238228253,6.432452998,9.789067,0.176157,0.333516,19.606886312,0.9,True,activated,player,player_00071,55.670681251,2.515228632,47.789344016,0.0,0.0,3.896947688,12.91285498,0.0,-17.995469389,5.082614409,8.923826356,0,2,177.953519774,0,0,0,0
6,390,8870.068466234,88.700684662,38.182736252,0.004304672,80,8,85,0,0,11,41.335313556,41.335313556,0,8.597255,0.172265,0.29807,12.642986216,0.9,True,activated,player,player_00090,41.335313556,1.987717102,37.766624944,0.0,0.0,2.893471949,14.900572082,-0.0,-20.888941338,5.988369256,8.870068466,0,3,54.918263026,0,0,0,0
7,389,8764.191077613,87.641910776,41.918854234,0.004782969,70,7,75,0,0,12,64.497099504,47.941205165,16.555894339,9.985785,0.133755,0.255664,12.211359145,0.9,True,activated,player,player_00056,64.497099504,3.373369174,64.094014304,0.0,0.0,4.514796965,18.273941256,0.0,-25.403738303,7.129797047,8.764191078,0,4,133.986318611,0,0,0,0
8,390,8708.094668996,87.08094669,37.485492166,0.004304672,80,8,85,0,0,12,55.691858691,41.796313417,13.895545274,9.147611,0.167224,0.316779,11.210624655,0.9,True,activated,player,player_00120,55.691858691,2.882501924,54.767536563,0.0,0.0,3.898430108,21.15644318,0.0,-29.302168412,8.145725231,8.708094669,0,1,56.536785389,1,18.175341257,5,0
9,391,8869.366900441,88.693669004,34.361744617,0.003874205,90,9,95,1,2.310729161,13,44.002362468,38.080081182,5.922281286,8.078078,0.249876,0.37594,14.621164588,0.9,True,activated,staker,staker_00188,44.002362468,2.200118123,13.20070874,13.20070874,28.601535604,0.0,23.356561304,0.0,12.500075933,-35.856637237,8.8693669,0,1,32.325101566,0,0,0,0
10,386,8644.020835391,86.440208354,41.344083691,0.004782969,70,7,75,0,0,13,65.494744662,51.300527035,14.194217627,7.403862,0.267301,0.417699,17.423483057,0.9,True,activated,staker,staker_00007,65.494744662,3.274737233,19.648423399,19.648423399,42.57158403,0.0,26.631298537,-0.0,74.720083362,-101.351381899,8.644020835,0,4,60.314488172,0,0,0,0
11,383,8435.42732762,84.354273276,36.311748669,0.004304672,80,8,85,0,0,15,46.893527155,36.576521391,10.317005764,10.678037,0.131597,0.329125,13.128514251,0.9,True,activated,player,player_00129,46.893527155,2.326888601,44.210883412,0.0,0.0,3.282546901,28.958187138,0.0,71.437536461,-100.395723599,8.435427328,0,2,40.032147978,0,0,0,0
12,382,8380.036241537,83.800362415,67.878293556,0.0081,20,2,25,0,0,5,72.725402466,72.725402466,0,1.548036,0.796432,0.625843,19.744855435,0.9,True,activated,player,player_00031,72.725402466,0.994766825,18.90056967,0.0,0.0,5.090778173,29.952953962,-0.0,66.346758288,-96.299712251,8.380036242,0,1,5.338492181,1,5.841959853,5,0
13,382,8338.009738929,83.380097389,39.880442103,0.004782969,70,7,75,1,10.445512612,11,40.470312716,40.470312716,0,6.070166,0.270296,0.415812,12.261265989,0.9,True,activated,player,player_00057,40.470312716,1.858266214,35.307058071,0.0,0.0,2.83292189,31.811220177,0.0,63.513836398,-95.325056575,8.338009739,0,4,62.234920784,0,0,0,0
14,376,8089.212913459,80.892129135,38.690454599,0.004782969,70,7,75,0,0,16,54.012909541,42.935493215,11.077416326,7.592798,0.264273,0.504386,33.828634275,0.9,True,activated,player,player_00020,54.012909541,2.84074615,53.974176842,0.0,0.0,3.780903668,34.651966326,-0.0,59.73293273,-94.384899057,8.089212913,0,4,231.829600946,0,0,0,0
15,373,8019.585334329,80.195853343,42.619364497,0.00531441,60,6,65,0,0,12,94.407454934,83.144376827,11.263078107,2.89877,0.562723,0.64459,34.756981563,0.9,True,activated,player,player_00031,94.407454934,2.344795489,44.551114286,0.0,0.0,5.613709734,36.996761815,0.0,54.119222996,-91.115984811,8.019585334,0,3,43.411051017,1,11.070994882,5,0
16,370,7983.126772202,79.831267722,34.364743087,0.004304672,80,8,85,1,2.156600319,13,60.621882423,35.394368804,25.227513619,7.277325,0.271074,0.430516,16.257222235,0.9,True,activated,player,player_00138,60.621882423,3.064211758,58.220023402,0.0,0.0,4.24353177,40.060973573,-0.0,49.875691227,-89.9366648,7.983126772,0,2,30.183854218,0,0,0,0
17,370,7915.688029973,79.1568803,51.934829165,0.006561,40,4,45,0,0,11,85.943696761,61.717512752,24.226184009,6.282098,0.233663,0.428745,14.467183455,0.9,True,activated,player,player_00151,85.943696761,3.651962395,69.387285511,0.0,0.0,5.540981621,43.712935968,-0.0,44.334709606,-88.047645574,7.91568803,0,2,41.689409393,1,11.761934156,5,0
18,366,7979.606540912,79.796065409,34.349589646,0.004304672,80,8,85,0,0,13,36.46023702,34.519663322,1.940573698,8.599445,0.196009,0.358079,9.933094445,0.9,True,activated,player,player_00156,36.46023702,1.853593996,35.218285918,0.0,0.0,2.552216591,45.566529964,0.0,41.782493014,-87.349022978,7.979606541,0,5,58.802148082,0,0,0,0
19,368,8031.168723249,80.311687232,42.680923375,0.00531441,60,6,65,0,0,13,59.97874662,44.369885802,15.608860818,9.50925,0.15728,0.336561,14.186817943,0.9,True,activated,player,player_00073,59.97874662,2.73719148,52.006638126,0.0,0.0,4.198512263,48.303721444,-0.0,37.583980751,-85.887702195,8.031168723,0,2,6.260584247,1,35.949738495,5,0
20,365,7983.514179677,79.835141797,30.929769674,0.003874205,90,9,95,2,10.596931384,12,40.053194413,33.144371448,6.908822965,7.67025,0.251667,0.375536,17.970670328,0.9,True,activated,player,player_00028,40.053194413,2.039591767,38.752243565,0.0,0.0,2.803723609,50.343313211,0.0,34.780257142,-85.123570353,7.98351418,0,2,19.932068471,0,0,0,0
21,366,7925.574935497,79.255749355,37.907779224,0.004782969,70,7,75,0,0,17,85.310957012,64.882982865,20.427974147,5.708332,0.298078,0.598865,34.821465677,0.9,True,activated,player,player_00134,85.310957012,4.523075502,85.938434529,0.0,0.0,5.547902455,54.866388712,0.0,29.232354687,-84.0987434,7.925574935,0,5,68.127839262,0,0,0,0
22,363,7931.124609958,79.3112461,42.149247938,0.00531441,60,6,65,2,4.334531041,8,44.287976823,44.287976823,0,5.140781,0.267564,0.411967,5.862200046,0.9,True,activated,player,player_00130,44.287976823,1.949848565,37.047122737,0.0,0.0,3.100158378,56.816237277,-0.0,26.13219631,-82.948433587,7.93112461,0,1,40.922142593,0,0,0,0
23,365,7899.638486865,78.996384869,51.829528112,0.006561,40,4,45,0,0,9,56.031074336,54.862603779,1.168470557,3.30041,0.507779,0.551673,16.098279619,0.9,True,activated,player,player_00172,56.031074336,1.575092637,29.926760112,0.0,0.0,3.922175204,58.391329915,-0.0,22.210021106,-80.601351021,7.899638487,0,2,46.117334572,1,15.679791626,5,0
24,365,8290.192143028,82.90192143,48.952755585,0.0059049,50,5,55,0,0,13,74.984379384,55.49519472,19.489184664,8.635128,0.186708,0.345773,11.953428984,0.9,True,activated,player,player_00175,74.984379384,3.580783049,68.034877924,0.0,0.0,5.248906557,61.972112963,0.0,16.961114549,-78.933227513,8.290192143,0,2,4.309531128,0,0,0,0
25,361,8228.086919821,82.280869198,53.984478281,0.006561,40,4,45,0,0,10,72.893056913,59.53610863,13.356948283,3.185533,0.519013,0.60276,25.102373454,0.9,True,activated,player,player_00031,72.893056913,2.008156254,38.15496883,0.0,0.0,5.102513984,63.980269218,-0.0,11.858600565,-75.838869783,8.22808692,0,1,18.583112743,1,49.703142498,5,0
26,356,8046.610216736,80.466102167,42.762985802,0.00531441,60,6,65,0,0,12,46.301162617,46.301162617,0,7.400837,0.216486,0.434767,14.657012186,0.9,True,activated,player,player_00072,46.301162617,2.324213176,44.160050352,0.0,0.0,3.241081383,66.304482394,0.0,8.617519182,-74.922001576,8.046610217,0,4,173.677127725,0,0,0,0
27,358,8057.623407533,80.576234075,38.539362972,0.004782969,70,7,75,1,2.40910088,9,41.085776833,41.085776833,0,5.936647,0.298764,0.369603,9.827967117,0.9,True,activated,player,player_00185,41.085776833,1.584342455,30.102506637,0.0,0.0,2.876004378,67.888824849,0.0,5.741514804,-73.630339652,8.057623408,0,0,0.0,1,19.858090644,5,0
28,357,8232.852769763,82.328527698,39.377479579,0.004782969,70,7,75,0,0,12,42.496078437,41.604788804,0.891289633,7.740349,0.239249,0.396859,11.62207237,0.9,True,activated,player,player_00169,42.496078437,1.765182378,33.538465184,0.0,0.0,2.974725491,69.654007227,0.0,2.766789313,-72.42079654,8.23285277,0,4,30.267519485,0,0,0,0
29,355,8194.014923446,81.940149234,53.760931913,0.006561,40,4,45,0,0,8,68.14272431,55.722927432,12.419796878,2.705432,0.576182,0.589526,18.244504854,0.9,True,activated,player,player_00031,68.14272431,1.68250606,31.967615132,0.0,0.0,4.769990702,71.336513286,0.0,-2.003201388,-69.333311898,8.194014923,0,2,22.784270715,0,0,0,0
30,354,8063.723726989,80.63723727,38.568540611,0.004782969,70,7,75,1,1.418211927,15,59.971847078,39.78619546,20.185651618,10.248857,0.180098,0.363557,19.32376549,0.9,True,activated,player,player_00095,59.971847078,3.038366633,57.728966025,0.0,0.0,4.198029295,74.374879919,-0.0,-6.201230684,-68.173649235,8.063723727,0,3,110.988708192,2,16.755172682,5,0
31,354,7862.253055909,78.622530559,37.604912637,0.004782969,70,7,75,0,0,14,77.259112181,41.668897637,35.590214544,5.423043,0.332837,0.584614,25.35434852,0.9,True,activated,player,player_00027,77.259112181,3.473617153,65.998725904,0.0,0.0,5.408137853,77.848497072,-0.0,-11.609368537,-66.239128535,7.862253056,0,1,18.465544932,0,0,0,0
32,355,7852.061610283,78.520616103,41.729074742,0.00531441,60,6,65,0,0,15,67.184576441,54.54850577,12.636070671,8.253128,0.231352,0.457149,23.601859204,0.9,True,activated,player,player_00043,67.184576441,3.522525929,66.927992646,0.0,0.0,4.702920351,81.371023001,-0.0,-16.312288887,-65.058734113,7.85206161,0,2,11.175458072,0,0,0,0
33,354,7807.743021968,78.07743022,41.493547593,0.00531441,60,6,65,1,3.949213993,12,58.407933937,45.125424424,13.282509513,4.800973,0.389872,0.537577,20.8940859,0.9,True,activated,player,player_00175,58.407933937,1.986244324,37.738642161,0.0,0.0,4.088555376,83.357267325,-0.0,-20.400844263,-62.956423062,7.807743022,0,3,45.574748036,0,0,0,0
34,354,7798.620946342,77.986209463,41.445069143,0.00531441,60,6,65,0,0,15,54.979611346,44.806876716,10.17273463,6.093489,0.303393,0.474336,18.233970907,0.9,True,activated,player,player_00049,54.979611346,2.72701938,51.813368213,0.0,0.0,3.848572794,86.084286705,0.0,-24.249417057,-61.834869647,7.798620946,0,0,0.0,0,0,0,0
35,359,7856.222995004,78.56222995,46.390211163,0.0059049,50,5,55,0,0,12,69.702031838,48.598511423,21.103520415,5.396363,0.31075,0.570276,21.832247452,0.9,True,activated,player,player_00135,69.702031838,3.096199958,58.827799206,0.0,0.0,4.879142229,89.180486663,0.0,-29.128559286,-60.051927377,7.856222995,0,1,3.015735511,0,0,0,0
36,357,7761.38188951,77.613818895,45.830183919,0.0059049,50,5,55,1,0.972995658,12,74.189426211,55.591396864,18.598029347,3.749121,0.470707,0.615597,32.602891582,0.9,True,activated,player,player_00172,74.189426211,2.223061058,42.238160103,0.0,0.0,5.193259835,91.403547721,-0.0,-34.321819121,-57.0817286,7.76138189,0,3,33.879912258,0,0,0,0
37,357,7688.59938132,76.885993813,36.774332494,0.004782969,70,7,75,0,0,12,38.780654083,37.741947647,1.038706436,5.161301,0.343509,0.54337,23.671263294,0.9,True,activated,player,player_00138,38.780654083,1.408689227,26.76509532,0.0,0.0,2.714645786,92.812236948,-0.0,-37.036464906,-55.775772042,7.688599381,0,4,62.327438293,1,3.59453177,5,0
38,359,7735.385001742,77.353850017,45.676674897,0.0059049,50,5,55,0,0,13,57.536875907,49.306120024,8.230755883,8.250885,0.23081,0.380602,13.879025634,0.9,True,activated,staker,staker_00274,57.536875907,2.876843795,17.261062772,17.261062772,37.39896934,0.0,95.689080744,-0.0,17.623567205,-113.312647949,7.735385002,0,0,0.0,2,18.013404593,5,0
39,360,7865.528895709,78.655288957,30.47267051,0.003874205,90,9,95,0,0,15,34.637347244,32.820308314,1.81703893,12.872445,0.109358,0.226105,17.044771734,0.9,True,activated,player,player_00021,34.637347244,1.698195198,32.265708756,0.0,0.0,2.424614307,97.387275941,0.0,15.198952898,-112.586228839,7.865528896,0,3,21.461233298,0,0,0,0
40,358,7874.723001398,78.747230014,41.849506666,0.00531441,60,6,65,0,0,16,77.047181581,58.656431542,18.390750039,10.812544,0.156701,0.383423,14.149083807,0.9,True,activated,player,player_00089,77.047181581,3.846974703,73.092519356,0.0,0.0,5.393302711,101.234250644,-0.0,9.805650187,-111.039900832,7.874723001,0,3,41.77767838,1,1.024225919,5,0
41,358,7902.153472657,79.021534727,57.606698816,0.00729,30,3,35,0,0,9,68.969204336,58.736753634,10.232450702,2.901246,0.554612,0.566965,11.035158641,0.9,True,activated,player,player_00130,68.969204336,3.282554475,62.368535023,0.0,0.0,4.827844304,104.516805119,-0.0,4.977805884,-109.494611003,7.902153473,0,1,3.081133477,1,8.883150117,5,0
42,355,7869.294492926,78.692944929,37.638591612,0.004782969,70,7,75,0,0,12,51.252548236,43.308400475,7.944147761,7.972036,0.200765,0.390543,18.329173385,0.9,True,activated,player,player_00057,51.252548236,2.344803943,44.551274909,0.0,0.0,3.587678377,106.861609062,0.0,1.390127507,-108.251736569,7.869294493,0,2,16.793877866,0,0,0,0
43,350,7806.230870425,78.062308704,46.095012667,0.0059049,50,5,55,0,0,15,89.340930987,60.171044512,29.169886475,7.354033,0.231932,0.520312,18.325315847,0.9,True,activated,player,player_00025,89.340930987,4.607183365,87.53648394,0.0,0.0,5.464361609,111.468792427,-0.0,-4.074234102,-107.394558325,7.80623087,0,5,44.119840019,1,20.118394507,5,0
44,349,7679.01167332,76.790116733,36.728474784,0.004782969,70,7,75,1,3.337693291,11,61.597688068,55.585869827,6.011818241,4.370757,0.398955,0.548019,18.433422028,0.9,True,activated,player,player_00073,61.597688068,2.066742357,39.268104788,0.0,0.0,4.311838165,113.535534784,0.0,-8.386072267,-105.149462518,7.679011673,0,6,260.493473605,0,0,0,0
45,350,7702.729336185,77.027293362,29.841951661,0.003874205,90,9,95,1,6.232194544,17,46.6321941,40.407331621,6.224862479,10.261723,0.196375,0.391047,23.387186515,0.9,True,activated,player,player_00211,46.6321941,2.230717514,42.383632766,0.0,0.0,3.264253587,115.766252298,0.0,-11.650325854,-104.115926445,7.702729336,0,4,46.773601894,1,15.748538234,5,0
46,352,7804.112286308,78.041122863,37.326827138,0.004782969,70,7,75,0,0,11,43.822688448,41.755837233,2.066851215,7.237818,0.248915,0.375507,14.37627645,0.9,True,activated,player,player_00239,43.822688448,1.799107938,34.183050813,0.0,0.0,3.067588191,117.565360236,-0.0,-14.717914045,-102.847446191,7.804112286,0,2,28.807383065,0,0,0,0
47,355,7837.821619209,78.378216192,46.281552879,0.0059049,50,5,55,0,0,10,87.183159433,48.675530782,38.507628651,3.712085,0.369251,0.582023,28.309743595,0.9,True,activated,staker,staker_00581,87.183159433,4.359157972,26.15494783,26.15494783,56.669053631,0.0,121.924518207,0.0,68.106087416,-190.030605624,7.837821619,0,1,12.289601281,0,0,0,0
48,353,8127.025824052,81.270258241,34.984181321,0.004304672,80,8,85,0,0,17,68.010860857,39.053751295,28.957109562,6.348818,0.348776,0.486576,22.973864453,0.9,True,activated,player,player_00181,68.010860857,3.568774206,67.806709921,0.0,0.0,4.76076026,125.493292414,0.0,63.345327156,-188.83861957,8.127025824,0,4,64.712798532,0,0,0,0
49,351,8055.229262353,80.552292624,42.808790944,0.00531441,60,6,65,0,0,12,82.150297355,51.539035335,30.61126202,4.550829,0.372625,0.616125,37.018076602,0.9,True,activated,staker,staker_00057,82.150297355,4.107514868,24.645089206,24.645089206,53.397693281,0.0,129.600807282,-0.0,141.388109644,-270.988916925,8.055229262,0,1,17.8050507,0,0,0,0
50,348,8062.819918774,80.628199188,52.900161487,0.006561,40,4,45,1,3.60794972,9,55.151673822,53.697132999,1.454540823,4.32072,0.378564,0.528042,17.755119764,0.9,True,activated,player,player_00157,55.151673822,2.800758047,53.214402897,0.0,0.0,3.860617168,132.401565329,-0.0,137.527492476,-269.929057805,8.062819919,0,4,80.143749019,0,0,0,0
51,354,8107.505089634,81.075050896,43.086606123,0.00531441,60,6,65,0,0,10,51.730108273,51.730108273,0,5.275484,0.316418,0.481916,16.562572598,0.9,True,activated,staker,staker_00014,51.730108273,2.586505414,15.519032482,15.519032482,33.624570377,0.0,134.988070742,0.0,186.671095335,-321.659166078,8.10750509,0,2,58.559606352,0,0,0,0
52,350,8122.501373734,81.225013737,43.166302526,0.00531441,60,6,65,1,0.739801377,11,49.487876877,49.487876877,0,6.015594,0.281978,0.445746,15.998809244,0.9,True,activated,player,player_00258,49.487876877,1.94987724,37.047667566,0.0,0.0,3.464151381,136.937947983,0.0,183.206943954,-320.144891937,8.122501374,0,1,6.348809984,0,0,0,0
53,349,8134.311971057,81.343119711,48.032298758,0.0059049,50,5,55,0,0,15,76.62301835,49.501346499,27.121671851,6.672479,0.231306,0.545125,36.949955147,0.9,True,activated,player,player_00259,76.62301835,3.213163431,61.050105192,0.0,0.0,5.363611285,140.151111414,0.0,177.843332669,-317.994444083,8.134311971,0,1,15.156360884,0,0,0,0
54,348,8079.720074267,80.797200743,31.302491022,0.003874205,90,9,95,0,0,20,53.879521859,38.527010997,15.352510862,10.980765,0.211079,0.418478,28.440649531,0.9,True,activated,player,player_00265,53.879521859,2.313912678,43.964340888,0.0,0.0,3.77156653,142.465024092,-0.0,174.071766139,-316.536790232,8.079720074,0,3,42.697313845,0,0,0,0
55,353,8161.983462422,81.619834624,53.550773497,0.006561,40,4,45,0,0,11,99.070493947,89.705470985,9.365022962,4.634169,0.354969,0.551472,27.703714735,0.9,True,activated,player,player_00031,99.070493947,3.480847637,66.136105107,0.0,0.0,5.713388424,145.945871729,-0.0,168.358377716,-314.304249445,8.161983462,0,2,41.338122879,1,33.003904654,5,0
56,351,8275.843218187,82.758432182,39.583101561,0.004782969,70,7,75,0,0,14,69.138892223,55.965723665,13.173168558,8.115719,0.240413,0.415556,20.892902523,0.9,True,activated,player,player_00030,69.138892223,3.531751197,67.103272752,0.0,0.0,4.839722456,149.477622927,0.0,163.51865526,-312.996278187,8.275843218,0,3,169.068858431,0,0,0,0
57,351,8241.514154491,82.415141545,39.418906714,0.004782969,70,7,75,0,0,17,73.226113202,46.192797375,27.033315827,11.610108,0.139016,0.385287,19.852129459,0.9,True,activated,player,player_00112,73.226113202,3.828138453,72.734630612,0.0,0.0,5.125827924,153.30576138,-0.0,158.392827336,-311.698588716,8.241514154,0,2,21.964115493,0,0,0,0
58,352,8156.931304482,81.569313045,39.014349564,0.004782969,70,7,75,1,6.218802772,12,44.987873347,44.987873347,0,5.752989,0.343967,0.47998,16.129484044,0.9,True,activated,player,player_00011,44.987873347,2.22730286,42.318754335,0.0,0.0,3.149151134,155.53306424,-0.0,155.243676202,-310.776740442,8.156931304,0,4,163.351866286,0,0,0,0
59,356,8032.730937143,80.327309371,52.702747679,0.006561,40,4,45,0,0,10,70.884502356,63.621809201,7.262693155,5.478654,0.268671,0.485417,13.192749725,0.9,True,activated,player,player_00103,70.884502356,3.524161432,66.959067203,0.0,0.0,4.961915165,159.057225672,0.0,150.281761037,-309.338986708,8.032730937,0,0,0.0,0,0,0,0
60,353,8067.489219571,80.674892196,31.255106184,0.003874205,90,9,95,0,0,17,44.824137276,33.125646319,11.698490957,12.134688,0.151264,0.34087,18.582588414,0.9,True,activated,staker,staker_00670,44.824137276,2.241206864,13.447241183,13.447241183,29.135689229,0.0,161.298432535,-0.0,192.864691449,-354.163123984,8.06748922,0,4,33.416869135,1,20.806279479,5,0
61,350,8033.615297518,80.336152975,47.43769497,0.0059049,50,5,55,0,0,10,53.516325996,52.433761456,1.08256454,2.838841,0.559166,0.626112,27.306935093,0.9,True,activated,player,player_00041,53.516325996,2.790531787,53.020103949,0.0,0.0,3.74614282,164.088964322,0.0,189.118548629,-353.207512951,8.033615298,0,0,0.0,0,0,0,0
62,351,8111.214265902,81.112142659,47.895909119,0.0059049,50,5,55,0,0,10,54.959804893,54.959804893,0,5.525582,0.341916,0.431087,10.716892749,0.9,True,activated,player,player_00007,54.959804893,2.62572077,49.888694635,0.0,0.0,3.847186343,166.714685093,-0.0,185.271362287,-351.986047379,8.111214266,0,1,2.937722077,0,0,0,0
63,351,7962.373063439,79.623730634,38.083783529,0.004782969,70,7,75,0,0,10,44.781396447,44.429311339,0.352085108,4.283661,0.392765,0.576791,18.903433296,0.9,True,activated,player,player_00054,44.781396447,2.210916904,42.007421178,0.0,0.0,3.134697751,168.925601997,0.0,182.136664535,-351.062266532,7.962373063,0,1,9.915811532,1,10.780431747,5,0
64,348,7908.8647707,79.088647707,46.701055585,0.0059049,50,5,55,0,0,14,93.522346801,50.361666193,43.160680608,7.467284,0.207106,0.492735,26.044348551,0.9,True,activated,staker,staker_00650,93.522346801,4.67611734,28.05670404,28.05670404,60.789525421,0.0,173.601719337,1e-12,270.982893996,-444.584613333,7.908864771,0,1,6.276700637,0,0,0,0
65,347,7966.125870525,79.661258705,38.101733089,0.004782969,70,7,75,0,0,13,57.967747296,40.930719917,17.037027379,4.942736,0.355732,0.574977,36.067713542,0.9,True,activated,player,player_00301,57.967747296,3.021685265,57.412020044,0.0,0.0,4.057742311,176.623404602,-1e-12,266.925151686,-443.548556288,7.966125871,0,3,38.961840773,0,0,0,0
66,352,8421.515285877,84.215152859,36.251861891,0.004304672,80,8,85,2,7.360770245,10,45.264626183,43.473166203,1.79145998,5.648823,0.328554,0.430684,14.830518864,0.9,True,activated,player,player_00304,45.264626183,2.250078332,42.7514883,0.0,0.0,3.168523833,178.873482934,1e-12,263.756627853,-442.630110787,8.421515286,0,2,33.198170959,1,2.446309966,5,0
67,347,8257.7233076,82.577233076,48.761030359,0.0059049,50,5,55,0,0,18,127.749583767,86.800297502,40.949286265,5.650561,0.286609,0.635161,49.607349811,0.9,True,activated,player,player_00311,127.749583767,6.382822437,121.273626302,0.0,0.0,5.780406315,185.256305371,-0.0,257.976221537,-443.232526908,8.257723308,0,3,128.401271672,0,0,0,0
68,347,8356.226051601,83.562260516,39.967570162,0.004782969,70,7,75,0,0,17,81.319097481,50.061450363,31.257647118,7.493344,0.217535,0.557815,42.830800123,0.9,True,activated,player,player_00016,81.319097481,4.287175476,81.456334038,0.0,0.0,5.692336824,189.543480846,0.0,252.283884714,-441.82736556,8.356226052,0,4,42.363906725,1,29.078480702,5,0
69,349,8402.415205876,84.024152059,44.653879394,0.00531441,60,6,65,0,0,12,45.667958395,44.693677737,0.974280658,6.112099,0.291791,0.503137,21.969718215,0.9,True,activated,player,player_00207,45.667958395,1.776960332,33.762246317,0.0,0.0,3.196757088,191.320441179,-0.0,249.087127626,-440.407568805,8.402415206,0,1,6.550237214,0,0,0,0
70,351,8411.95820665,84.119582067,49.671772014,0.0059049,50,5,55,0,0,8,73.097986599,73.097986599,0,3.591166,0.404307,0.559162,20.714531327,0.9,True,activated,player,player_00175,73.097986599,2.43304232,46.227804089,0.0,0.0,5.116859062,193.753483499,0.0,243.970268564,-437.723752064,8.411958207,0,1,14.8098134,0,0,0,0
71,350,8395.420724721,83.954207247,44.616707854,0.00531441,60,6,65,0,0,11,82.087554625,47.793170676,34.294383949,4.414593,0.373699,0.593185,29.807775247,0.9,True,activated,player,player_00112,82.087554625,3.573956387,67.905171344,0.0,0.0,5.746128824,197.327439886,-0.0,238.22413974,-435.551579626,8.395420725,0,1,13.53259432,0,0,0,0
72,349,8456.12124697,84.56121247,32.760746285,0.003874205,90,9,95,0,0,13,34.480640899,34.480640899,0,7.870358,0.233366,0.405427,22.652285464,0.9,True,activated,player,player_00040,34.480640899,1.786411203,33.941812861,0.0,0.0,2.413644863,199.113851089,0.0,235.810494878,-434.924345967,8.456121247,0,1,16.023938858,0,0,0,0
73,347,8440.873119522,84.408731195,36.335191017,0.004304672,80,8,85,1,14.94001982,13,39.633205993,36.554602761,3.078603232,7.134701,0.253395,0.450568,17.381560828,0.9,True,activated,player,player_00034,39.633205993,1.965787395,37.349960504,0.0,0.0,2.77432442,201.079638484,0.0,233.036170458,-434.115808942,8.44087312,0,3,41.09201009,0,0,0,0
74,349,8563.755367509,85.637553675,36.864158802,0.004304672,80,8,85,1,6.549262819,13,42.993307671,42.993307671,0,7.358478,0.221508,0.476662,14.440782837,0.9,True,activated,player,player_00038,42.993307671,2.078518516,39.491851796,0.0,0.0,3.009531537,203.158157,-0.0,230.026638921,-433.184795921,8.563755368,0,1,34.349281323,0,0,0,0
75,353,8549.669862049,85.49669862,40.89280591,0.004782969,70,7,75,0,0,17,63.782564337,48.666982943,15.115581394,7.962937,0.277905,0.483291,25.051673181,0.9,True,activated,player,player_00303,63.782564337,3.124514061,59.365767156,0.0,0.0,4.464779504,206.28267106,0.0,225.561859417,-431.844530478,8.549669862,0,2,115.437515629,0,0,0,0
76,343,8319.137154414,83.191371544,35.811157605,0.004304672,80,8,85,2,2.745379194,14,42.999607507,39.906169138,3.093438369,10.424903,0.158332,0.326064,16.598003598,0.9,True,activated,player,player_00079,42.999607507,2.106193523,40.01767694,0.0,0.0,3.009972525,208.388864584,-0.0,222.551886892,-430.940751476,8.319137154,0,7,167.423580613,1,3.300152514,5,0
77,339,8378.104010947,83.781040109,36.064990587,0.004304672,80,8,85,0,0,17,64.585645591,37.393419654,27.192225937,5.724535,0.363522,0.572933,24.14069159,0.9,True,activated,player,player_00058,64.585645591,3.185792793,60.530063075,0.0,0.0,4.520995191,211.574657377,0.0,218.030891701,-429.605549078,8.378104011,0,1,15.722152783,1,9.773453501,5,0
78,334,8368.419271473,83.684192715,49.414678956,0.0059049,50,5,55,0,0,9,49.625817994,49.625817994,0,3.302478,0.499486,0.569518,21.247098732,0.9,True,activated,staker,staker_00800,49.625817994,2.4812909,14.887745398,14.887745398,32.256781696,0.0,214.055948277,0.0,265.175418795,-479.231367072,8.368419271,0,5,48.744036049,3,25.908266401,5,0
79,331,8423.524346114,84.235243461,40.289455818,0.004782969,70,7,75,1,8.172929136,14,88.814316062,71.774142784,17.040173278,3.626374,0.485258,0.660477,33.029934739,0.9,True,activated,player,player_00342,88.814316062,4.489700288,85.304305478,0.0,0.0,5.896467042,218.545648565,-0.0,259.278951753,-477.824600318,8.423524346,0,1,24.761924882,1,3.513984118,5,0
80,327,8433.173166366,84.331731664,32.671840719,0.003874205,90,9,95,1,3.579548799,16,47.062804734,38.045704347,9.017100387,7.741872,0.234364,0.510692,29.268676402,0.9,True,activated,player,player_00349,47.062804734,2.490091226,47.311733294,0.0,0.0,3.294396331,221.035739791,0.0,255.984555421,-477.020295212,8.433173166,0,1,25.759835742,0,0,0,0
81,330,8549.228993512,85.492289935,50.482342284,0.0059049,50,5,55,0,0,12,56.33361594,53.008362379,3.325253561,7.597012,0.22831,0.412322,12.11408247,0.9,True,activated,player,player_00352,56.33361594,2.68066699,50.932672807,0.0,0.0,3.943353116,223.716406781,-0.0,252.041202305,-475.757609086,8.549228994,0,1,5.734854743,0,0,0,0
82,332,8794.266497442,87.942664974,34.070790268,0.003874205,90,9,95,1,5.197701161,14,43.749859311,40.733044495,3.016814816,7.031432,0.291561,0.447669,20.678754873,0.9,True,activated,player,player_00311,43.749859311,1.702829121,32.353753305,0.0,0.0,3.062490152,225.419235902,-0.0,248.978712154,-474.397948056,8.794266497,0,0,0.0,1,8.171523751,5,0
83,324,8767.721628744,87.677216287,30.571155007,0.003486784,100,10,105,1,3.852482261,18,67.42636905,49.869354407,17.557014643,8.958083,0.239555,0.450985,19.499699172,0.9,True,activated,staker,staker_00658,67.42636905,3.371318453,20.227910715,20.227910715,43.827139882,0.0,228.790554355,1e-12,313.033762751,-541.824317106,8.767721629,0,5,43.283953785,1,3.195367045,5,0
84,324,8975.861482513,89.758614825,47.701408021,0.00531441,60,6,65,0,0,13,65.787279318,52.042617683,13.744661635,3.921761,0.464073,0.583481,31.149721017,0.9,True,activated,player,player_00365,65.787279318,1.993115338,37.869191417,0.0,0.0,4.605109552,230.783669693,-0.0,308.428653199,-539.212322891,8.975861483,0,1,27.478625086,0,0,0,0
85,326,9014.045327235,90.140453272,47.904332628,0.00531441,60,6,65,0,0,14,66.687082391,48.459651055,18.227431336,6.38644,0.257188,0.549039,32.827258442,0.9,True,activated,player,player_00372,66.687082391,3.318023902,63.042454145,0.0,0.0,4.668095767,234.101693595,-0.0,303.760557432,-537.862251026,9.014045327,0,1,3.239366414,0,0,0,0
86,324,8990.705747064,89.907057471,53.089218366,0.0059049,50,5,55,1,0.709450498,9,62.060156939,56.014058749,6.04609819,3.969066,0.406205,0.546472,17.990655466,0.9,True,activated,player,player_00002,62.060156939,2.540044011,48.260836208,0.0,0.0,4.344210986,236.641737606,-0.0,299.416346446,-536.058084052,8.990705747,0,1,8.888496971,1,29.762886796,5,0
87,319,8837.900602707,88.379006027,34.239837732,0.003874205,90,9,95,0,0,14,57.808012779,42.713185849,15.09482693,10.174511,0.196928,0.313062,14.730999483,0.9,True,activated,player,player_00376,57.808012779,3.009050181,57.171953442,0.0,0.0,4.046560895,239.650787787,0.0,295.369785551,-535.020573338,8.837900603,0,4,24.200845393,1,25.59299097,5,0
88,318,8820.187480512,88.201874805,42.186683293,0.004782969,70,7,75,0,0,13,46.509980638,46.509980638,0,7.064358,0.208366,0.500913,21.198610403,0.9,True,activated,staker,staker_00246,46.509980638,2.325499032,13.952994191,13.952994191,30.231487415,0.0,241.976286819,0.0,339.554267157,-581.530553976,8.820187481,0,1,5.617104288,0,0,0,0
89,321,8560.854590148,85.608545901,36.851671906,0.004304672,80,8,85,0,0,15,56.693103899,43.632373751,13.060730148,9.271746,0.197669,0.417974,19.159430095,0.9,True,activated,player,player_00392,56.693103899,2.628438743,49.940336122,0.0,0.0,3.968517273,244.604725562,0.0,335.585749884,-580.190475447,8.56085459,0,3,371.066291999,1,2.053351499,5,0
90,322,8657.009670446,86.570096704,41.406208886,0.004782969,70,7,75,0,0,12,51.295724376,47.517049892,3.778674484,4.25757,0.443327,0.528821,20.24921329,0.9,True,activated,player,player_00352,51.295724376,1.607282374,30.538365112,0.0,0.0,3.590700706,246.212007937,-0.0,331.995049178,-578.207057115,8.65700967,0,2,21.964956193,1,3.150022547,5,0
91,323,9243.433586963,92.43433587,49.123395889,0.00531441,60,6,65,0,0,10,79.622677697,79.622677697,0,4.3166,0.331462,0.55383,19.772632089,0.9,True,activated,player,player_00064,79.622677697,4.066747809,77.268208374,0.0,0.0,5.573587439,250.278755746,0.0,326.421461739,-576.700217485,9.243433587,0,2,7.464492741,1,15.900539815,5,0
92,328,9211.850125478,92.118501255,60.438948673,0.006561,40,4,45,0,0,9,105.865136419,67.248593676,38.616542743,6.117545,0.245453,0.377705,7.43566361,0.9,True,activated,staker,staker_00880,105.865136419,5.293256821,31.759540926,31.759540926,68.812338672,0.0,255.572012567,-0.0,426.993341337,-682.565353904,9.211850125,0,3,277.87876507,0,0,0,0
93,325,9225.334066301,92.253340663,39.712038168,0.004304672,80,8,85,0,0,18,69.902393611,49.433365947,20.469027664,9.000863,0.2007,0.475199,23.241553396,0.9,True,activated,player,player_00288,69.902393611,3.605955414,68.513152872,0.0,0.0,4.893167553,259.177967981,0.0,422.100173785,-681.278141766,9.225334066,0,2,14.130013328,0,0,0,0
94,319,9083.505102449,90.835051024,35.191359886,0.003874205,90,9,95,0,0,15,45.577557844,43.334139302,2.243418542,8.774687,0.227735,0.425823,19.701334863,0.9,True,activated,player,player_00406,45.577557844,2.202811404,41.853416667,0.0,0.0,3.190429049,261.380779384,0.0,418.909744736,-680.29052412,9.083505102,0,6,172.495162137,0,0,0,0
95,324,9110.243966789,91.102439668,39.216613028,0.004304672,80,8,85,0,0,17,55.689256425,43.036514047,12.652742378,8.996687,0.215212,0.474782,17.110091529,0.9,True,activated,player,player_00313,55.689256425,2.936490908,55.793327258,0.0,0.0,3.89824795,264.317270293,-1e-12,415.011496786,-679.328767079,9.110243967,0,3,36.439498222,1,102.129985187,5,0
96,320,8954.960889386,89.549608894,34.693353267,0.003874205,90,9,95,1,1.937707236,16,66.814888234,35.829411306,30.985476928,9.573284,0.145713,0.44331,35.313378834,0.9,True,activated,player,player_00239,66.814888234,3.087806053,58.668315014,0.0,0.0,4.677042176,267.405076346,0.0,410.334454609,-677.739530956,8.954960889,0,2,23.401218677,0,0,0,0
97,323,8946.688531161,89.466885312,65.221359392,0.00729,30,3,35,0,0,6,70.467684745,68.01362518,2.454059565,2.695362,0.4989,0.55863,19.682745469,0.9,True,activated,player,player_00023,70.467684745,3.505913113,66.612349141,0.0,0.0,4.932737932,270.910989459,0.0,405.401716677,-676.312706136,8.946688531,0,0,0.0,1,59.439832387,5,0
98,318,8656.925310623,86.569253106,41.405805396,0.004782969,70,7,75,0,0,16,57.001449706,46.059211996,10.94223771,7.27841,0.239463,0.526448,36.142920139,0.9,True,activated,player,player_00426,57.001449706,2.702819939,51.35357885,0.0,0.0,3.990101479,273.613809398,-0.0,401.411615198,-675.025424596,8.656925311,0,4,163.439940652,1,7.201146802,5,0
99,320,8927.28627016,89.272862702,47.443259427,0.00531441,60,6,65,1,3.008485878,14,100.209785614,63.463582653,36.746202961,8.770044,0.195093,0.425163,15.946306285,0.9,True,activated,player,player_00431,100.209785614,5.065093278,96.236772273,0.0,0.0,6.249100389,278.678902676,-0.0,395.162514809,-673.841417485,8.92728627,0,1,43.28031484,0,0,0,0
100,317,8892.717901238,88.927179012,58.34512215,0.006561,40,4,45,1,0.25485804,10,83.69313105,70.367060897,13.326070153,6.132453,0.249991,0.423575,12.149676157,0.9,True,activated,player,player_00150,83.69313105,3.957989694,75.201804193,0.0,0.0,5.858519173,282.63689237,0.0,389.303995635,-671.940888005,8.892717901,0,4,49.753530527,0,0,0,0
101,326,9017.436274883,90.174362749,59.1633994,0.006561,40,4,45,0,0,12,83.468928026,70.120219406,13.34870862,6.146263,0.294824,0.503791,20.71688163,0.9,True,activated,player,player_00252,83.468928026,3.235153731,61.467920895,0.0,0.0,5.842824962,285.872046102,0.0,383.461170673,-669.333216775,9.017436275,0,0,0.0,0,0,0,0
102,320,8916.185506193,89.161855062,42.645838874,0.004782969,70,7,75,0,0,12,61.162911624,61.162911624,0,5.077925,0.336814,0.509485,22.513787319,0.9,True,activated,player,player_00261,61.162911624,3.132902833,59.525153829,0.0,0.0,4.281403814,289.004948935,0.0,379.17976686,-668.184715794,8.916185506,0,3,58.507276127,0,0,0,0
103,318,8660.245159094,86.602451591,33.551564144,0.003874205,90,9,95,0,0,15,40.052885276,36.812320644,3.240564632,7.450256,0.280918,0.478022,18.60683621,0.9,True,activated,player,player_00237,40.052885276,2.025671513,38.48775874,0.0,0.0,2.803701969,291.030620447,-1e-12,376.37606489,-667.406685338,8.660245159,0,3,55.475416058,0,0,0,0
104,319,8759.523689132,87.595236891,41.89653026,0.004782969,70,7,75,0,0,12,48.61214451,45.640993471,2.971151039,5.609998,0.320044,0.503633,22.211203002,0.9,True,activated,player,player_00087,48.61214451,2.075538887,39.435238853,0.0,0.0,3.402850116,293.106159334,0.0,372.973214775,-666.079374109,8.759523689,0,2,23.913764319,0,0,0,0
105,317,8767.014973096,87.670149731,30.568691052,0.003486784,100,10,105,0,0,14,34.188507563,34.188507563,0,8.626779,0.190109,0.407967,24.260848346,0.9,True,activated,player,player_00285,34.188507563,1.715315257,32.590989892,0.0,0.0,2.393195529,294.821474592,0.0,370.580019245,-665.401493837,8.767014973,0,3,48.464896315,2,46.163908518,5,0
106,312,8733.474371539,87.334743715,41.771937181,0.004782969,70,7,75,0,0,15,78.260155983,65.152977518,13.107178465,6.85772,0.289909,0.527684,33.859919144,0.9,True,activated,player,player_00169,78.260155983,3.723220579,70.741191009,0.0,0.0,5.478210919,298.544695171,0.0,365.101808326,-663.646503498,8.733474372,0,4,96.256405052,0,0,0,0
107,313,8735.435865478,87.354358655,33.842868346,0.003874205,90,9,95,0,0,14,43.577564982,43.577564982,0,9.957377,0.150506,0.354669,16.156024343,0.9,True,activated,player,player_00156,43.577564982,2.058422623,39.110029839,0.0,0.0,3.050429549,300.603117794,-0.0,362.051378778,-662.654496572,8.735435865,0,1,131.487627266,0,0,0,0
108,311,8727.103252097,87.271032521,51.532671993,0.0059049,50,5,55,0,0,12,76.812538433,56.989566321,19.822972112,7.42209,0.215126,0.432433,15.696702283,0.9,True,activated,player,player_00460,76.812538433,3.478146928,66.08479163,0.0,0.0,5.37687769,304.081264722,1e-12,356.674501087,-660.75576581,8.727103252,0,1,9.147317163,3,84.418636609,5,0
109,308,8672.439777896,86.724397779,51.209889644,0.0059049,50,5,55,0,0,15,61.953318166,51.483683394,10.469634772,6.172863,0.278453,0.573216,26.016089731,0.9,True,activated,staker,staker_00982,61.953318166,3.097665908,18.58599545,18.58599545,40.269656808,0.0,307.17893063,-0.0,415.530153345,-722.709083976,8.672439778,0,3,31.796188166,0,0,0,0
110,306,8584.298227446,85.842982274,36.952589078,0.004304672,80,8,85,1,1.465015739,15,75.044099043,50.646652532,24.397446511,8.923029,0.174518,0.45039,17.543111587,0.9,True,activated,player,player_00017,75.044099043,3.698282448,70.267366514,0.0,0.0,5.253086933,310.877213079,-0.0,410.277066412,-721.154279491,8.584298227,0,4,155.73833607,1,14.351171117,5,0
111,307,8467.865355485,84.678653555,40.501537491,0.004782969,70,7,75,1,2.775485222,16,67.142717262,46.330166521,20.812550741,8.052675,0.209247,0.481252,17.459796742,0.9,True,activated,player,player_00480,67.142717262,2.917394302,55.430491739,0.0,0.0,4.699990208,313.794607381,0.0,405.577076204,-719.371683584,8.467865355,0,5,188.346028251,0,0,0,0
112,311,8816.30683766,88.163068377,37.951310069,0.004304672,80,8,85,1,11.088249203,14,49.583291722,49.583291722,0,7.019643,0.236014,0.503467,21.86412134,0.9,True,activated,player,player_00455,49.583291722,2.405964152,45.713318887,0.0,0.0,3.470830421,316.200571533,-0.0,402.106245783,-718.306817316,8.816306838,0,3,31.826272757,0,0,0,0
113,309,8856.02508528,88.560250853,38.122284102,0.004304672,80,8,85,1,1.875430306,14,108.187424083,58.529728908,49.657695175,7.786507,0.203887,0.455415,23.254515149,0.9,True,activated,player,player_00150,108.187424083,4.616429264,87.712156024,0.0,0.0,6.19921756,320.817000797,-1e-12,395.907028224,-716.724029021,8.856025085,0,2,45.532652387,0,0,0,0
114,308,8867.682248554,88.676822486,58.180863233,0.006561,40,4,45,0,0,8,62.934209775,62.934209775,0,2.955538,0.534406,0.58343,19.776397247,0.9,True,activated,player,player_00243,62.934209775,1.685358833,32.02181782,0.0,0.0,4.405394684,322.50235963,0.0,391.501633539,-714.003993169,8.867682249,0,0,0.0,0,0,0,0
115,310,8988.324653285,89.883246533,42.990878179,0.004782969,70,7,75,0,0,10,46.683570977,46.683570977,0,5.583605,0.309013,0.467026,13.185538847,0.9,True,activated,player,player_00489,46.683570977,2.173507641,41.296645185,0.0,0.0,3.267849968,324.675867271,-0.0,388.233783571,-712.909650842,8.988324653,0,3,31.015526174,3,67.163771439,5,0
116,308,8968.158404816,89.681584048,38.604981274,0.004304672,80,8,85,0,0,18,83.407433733,44.004932381,39.402501352,7.920356,0.227671,0.554047,54.501680106,0.9,True,activated,player,player_00058,83.407433733,4.030645577,76.582265972,0.0,0.0,5.838520361,328.706512848,0.0,382.39526321,-711.101776058,8.968158405,0,1,8.262074922,0,0,0,0
117,316,9210.974713161,92.109747132,28.905014653,0.003138106,110,11,115,2,1.311979655,18,48.034958308,35.618164624,12.416793684,11.245841,0.15233,0.421302,24.620784597,0.9,True,activated,player,player_00501,48.034958308,2.461634286,46.771051431,0.0,0.0,3.362447082,331.168147134,-0.0,379.032816128,-710.200963262,9.210974713,0,0,0.0,0,0,0,0
118,317,9327.447640139,93.274476401,49.569881013,0.00531441,60,6,65,0,0,14,73.61682083,54.905712439,18.711108391,5.446918,0.362341,0.437422,20.087392329,0.9,True,activated,player,player_00380,73.61682083,3.531702699,67.102351281,0.0,0.0,5.153177458,334.699849833,0.0,373.87963867,-708.579488503,9.32744764,0,2,22.782086679,0,0,0,0
119,317,9307.78600783,93.077860078,40.066966741,0.004304672,80,8,85,1,2.795108293,11,50.8171311,50.8171311,0,7.822764,0.190542,0.35831,9.499675198,0.9,True,activated,player,player_00363,50.8171311,2.393481489,45.476148284,0.0,0.0,3.557199177,337.093331322,-0.0,370.322439493,-707.415770815,9.307786008,0,2,28.787871207,1,2.272424278,5,0
120,314,9483.953716142,94.839537161,45.361456622,0.004782969,70,7,75,0,0,12,57.017523231,57.017523231,0,4.443976,0.393772,0.593248,25.489215597,0.9,True,activated,player,player_00505,57.017523231,1.927841057,36.628980078,0.0,0.0,3.991226626,339.021172379,-1e-12,366.331212867,-705.352385245,9.483953716,0,3,32.984729367,0,0,0,0
121,313,9266.706430775,92.667064308,35.901119368,0.003874205,90,9,95,1,5.139574929,18,69.474635177,53.10487544,16.369759737,4.609546,0.414144,0.639248,58.683085053,0.9,True,activated,player,player_00172,69.474635177,2.278269257,43.287115882,0.0,0.0,4.863224462,341.299441636,0.0,361.467988404,-702.76743004,9.266706431,0,2,225.183681637,0,0,0,0
122,312,9350.736733054,93.507367331,36.226669976,0.003874205,90,9,95,2,11.275504877,17,82.066023789,70.145155705,11.920868084,5.22182,0.39239,0.54115,34.066489855,0.9,True,activated,player,player_00252,82.066023789,2.780439794,52.828356081,0.0,0.0,5.744621665,344.079881429,0.0,355.723366739,-699.803248168,9.350736733,0,3,31.096536772,0,0,0,0
123,311,9272.245609301,92.722456093,44.34886331,0.004782969,70,7,75,1,14.033809733,15,63.431728914,48.59050749,14.841221424,6.990497,0.248339,0.464942,25.39757426,0.9,True,activated,player,player_00331,63.431728914,3.271236418,62.153491935,0.0,0.0,4.440221024,347.351117847,-0.0,351.283145715,-698.634263562,9.272245609,0,2,93.340829788,0,0,0,0
124,307,9156.095766884,91.560957669,43.793322214,0.004782969,70,7,75,1,6.129072404,14,52.739926628,47.402807826,5.337118802,9.764753,0.180302,0.363705,14.982253502,0.9,True,activated,player,player_00053,52.739926628,2.730711646,51.883521275,0.0,0.0,3.691794864,350.081829493,1e-12,347.591350851,-697.673180344,9.156095767,0,4,42.507863738,1,3.615236035,5,0
125,298,9078.675200363,90.786752004,35.172647856,0.003874205,90,9,95,1,0.369636675,16,71.995454355,42.322985466,29.672468889,6.696114,0.305501,0.533281,25.907865771,0.9,True,activated,player,player_00480,71.995454355,3.460662413,65.752585849,0.0,0.0,5.039681805,353.542491906,0.0,342.551669046,-696.094160952,9.0786752,0,6,59.641625929,0,0,0,0
126,304,9115.683008489,91.156830085,53.827196597,0.0059049,50,5,55,0,0,13,73.424992649,56.385710465,17.039282184,5.463888,0.370194,0.500086,18.640602022,0.9,True,activated,player,player_00373,73.424992649,3.834305329,72.851801252,0.0,0.0,5.139749485,357.376797235,-0.0,337.411919561,-694.788716796,9.115683008,0,0,0.0,0,0,0,0
127,302,9066.142191051,90.661421911,43.363077049,0.004782969,70,7,75,0,0,16,95.218392065,83.769974886,11.448417179,3.757312,0.482635,0.628797,28.683780813,0.9,True,activated,player,player_00530,95.218392065,4.7646421,90.5281999,0.0,0.0,6.346299534,362.141439335,1e-12,331.065620027,-693.207059362,9.066142191,0,2,62.755788993,0,0,0,0
128,305,9135.50648264,91.355064826,35.392823888,0.003874205,90,9,95,0,0,16,49.684202672,49.684202672,0,10.582954,0.171197,0.384716,17.741137316,0.9,True,activated,player,player_00028,49.684202672,2.356424429,44.772064145,0.0,0.0,3.477894187,364.497863764,-0.0,327.58772584,-692.085589604,9.135506483,0,2,13.252990656,0,0,0,0
129,308,9151.689723114,91.516897231,39.395023419,0.004304672,80,8,85,0,0,16,66.6686746,64.788745495,1.879929105,5.236777,0.305429,0.625192,44.171665958,0.9,True,activated,player,player_00258,66.6686746,2.661452934,50.567605751,0.0,0.0,4.666807222,367.159316698,-0.0,322.920918618,-690.080235316,9.151689723,0,2,26.466313406,2,14.753214983,5,0
130,306,9298.314784866,92.983147849,44.473551368,0.004782969,70,7,75,0,0,15,63.104950207,48.158670005,14.946280202,7.160144,0.235345,0.528622,28.312944045,0.9,True,activated,player,player_00548,63.104950207,2.9149165,55.383413505,0.0,0.0,4.417346514,370.074233198,1e-12,318.503572104,-688.577805302,9.298314785,0,3,32.079586221,0,0,0,0
131,307,9369.146031434,93.691460314,36.29799137,0.003874205,90,9,95,0,0,14,53.295257161,37.280783199,16.014473962,6.493585,0.300486,0.499941,25.233166922,0.9,True,activated,player,player_00418,53.295257161,2.378138728,45.184635825,0.0,0.0,3.730668001,372.452371926,0.0,314.772904102,-687.225276028,9.369146031,0,4,99.636497638,0,0,0,0
132,307,9382.628445843,93.826284458,44.876820995,0.004782969,70,7,75,0,0,12,46.926447478,46.926447478,0,5.897015,0.329137,0.477862,16.582509906,0.9,True,activated,player,player_00011,46.926447478,2.126871421,40.410557007,0.0,0.0,3.284851323,374.579243347,-1e-12,311.488052779,-686.067296126,9.382628446,0,0,0.0,0,0,0,0
133,310,9503.41127204,95.03411272,50.505023898,0.00531441,60,6,65,0,0,11,72.121267744,69.948902584,2.17236516,4.493047,0.299106,0.607803,38.676646812,0.9,True,activated,player,player_00255,72.121267744,2.779892922,52.81796552,0.0,0.0,5.048488742,377.35913627,0.0,306.439564037,-683.798700306,9.503411272,0,3,53.648905283,0,0,0,0
134,312,9623.130686403,96.231306864,33.553781966,0.003486784,100,10,105,1,3.611611464,17,62.616938768,37.061421123,25.555517645,5.218283,0.395189,0.565826,28.262084219,0.9,True,activated,player,player_00559,62.616938768,3.240934421,61.577754006,0.0,0.0,4.383185714,380.600070691,0.0,302.056378323,-682.656449014,9.623130686,0,0,0.0,0,0,0,0
135,313,9620.660877719,96.206608777,51.128136375,0.00531441,60,6,65,0,0,13,57.360632571,51.286839821,6.07379275,6.794454,0.281161,0.468701,25.47615878,0.9,True,activated,player,player_00148,57.360632571,2.640997651,50.17895536,0.0,0.0,4.01524428,383.241068341,-0.0,298.041134043,-681.282202385,9.620660878,0,1,12.126363662,0,0,0,0
136,306,9448.165380556,94.481653806,45.190282122,0.004782969,70,7,75,0,0,16,81.827178211,60.245957091,21.58122112,5.821397,0.261562,0.617261,40.32560509,0.9,True,activated,player,player_00259,81.827178211,3.307611219,62.844613161,0.0,0.0,5.727902475,386.54867956,0.0,292.313231568,-678.861911129,9.448165381,0,1,6.87661171,0,0,0,0
137,308,9663.473495158,96.634734952,51.355660177,0.00531441,60,6,65,1,11.640882118,13,62.585221724,51.532931229,11.052290495,8.358674,0.184092,0.419064,18.586337523,0.9,True,activated,player,player_00109,62.585221724,3.111279772,59.114315663,0.0,0.0,4.380965521,389.659959332,-0.0,287.932266048,-677.59222538,9.663473495,0,1,31.744142343,0,0,0,0
138,305,9226.097320786,92.260973208,49.031263863,0.00531441,60,6,65,0,0,14,69.396273864,65.414383985,3.981889879,6.329036,0.282607,0.545592,33.815939622,0.9,True,activated,player,player_00317,69.396273864,2.732108443,51.910060425,0.0,0.0,4.85773917,392.392067776,-0.0,283.074526877,-675.466594653,9.226097321,0,5,442.386441487,0,0,0,0
139,301,9189.300285076,91.893002851,54.261899253,0.0059049,50,5,55,0,0,15,105.719214918,55.302890982,50.416323936,4.252899,0.362608,0.646355,29.008717704,0.9,True,activated,player,player_00581,105.719214918,3.690856393,70.126271469,0.0,0.0,6.4325102,396.082924169,-0.0,276.642016678,-672.724940846,9.189300285,0,3,39.683147383,0,0,0,0
140,307,9290.988409702,92.909884097,49.376121714,0.00531441,60,6,65,0,0,10,49.879422597,49.879422597,0,5.414794,0.290967,0.481229,24.524549564,0.9,True,activated,player,player_00093,49.879422597,2.569090579,48.812720994,0.0,0.0,3.491559582,398.652014747,-0.0,273.150457096,-671.802471843,9.29098841,0,1,13.215025783,0,0,0,0
141,302,8860.122325115,88.601223251,47.086322686,0.00531441,60,6,65,0,0,11,48.591960366,47.37116883,1.220791536,6.512558,0.228461,0.43828,28.416945019,0.9,True,activated,player,player_00149,48.591960366,2.283618105,43.388743987,0.0,0.0,3.401437226,400.935632852,0.0,269.74901987,-670.684652722,8.860122325,0,2,114.727366781,0,0,0,0
142,298,8821.054452044,88.21054452,30.757115064,0.003486784,100,10,105,0,0,13,34.254755521,31.154878788,3.099876733,9.262935,0.159598,0.360082,15.110953886,0.9,True,activated,staker,staker_00407,34.254755521,1.712737776,10.276426656,10.276426656,22.265591089,0.0,402.648370628,0.0,302.291037615,-704.939408243,8.821054452,0,4,51.720922123,0,0,0,0
143,300,8906.514947757,89.065149478,38.339626404,0.004304672,80,8,85,1,8.648736527,12,43.973827746,43.973827746,0,6.416677,0.272536,0.489936,21.303638658,0.9,True,activated,player,player_00120,43.973827746,1.97115184,37.451884969,0.0,0.0,3.078167942,404.619522468,-0.0,299.212869673,-703.832392141,8.906514948,0,1,65.046592463,0,0,0,0
144,303,8961.735159146,89.617351591,38.577331307,0.004304672,80,8,85,0,0,14,42.464634564,40.613294694,1.85133987,8.284725,0.244621,0.378983,20.502962101,0.9,True,activated,player,player_00593,42.464634564,2.129659477,40.46353007,0.0,0.0,2.972524419,406.749181946,-0.0,296.240345253,-702.989527199,8.961735159,0,3,108.83177637,0,0,0,0
145,307,9073.196956285,90.731969563,43.396819773,0.004782969,70,7,75,0,0,17,70.58754817,63.764115621,6.823432549,7.683723,0.215068,0.536411,34.456158037,0.9,True,activated,player,player_00095,70.58754817,3.261923054,61.976538034,0.0,0.0,4.941128372,410.011105,1e-12,291.299216882,-701.310321882,9.073196956,0,1,5.517517046,0,0,0,0
146,305,9108.592144058,91.085921441,39.209502473,0.004304672,80,8,85,0,0,14,47.878720149,47.878720149,0,4.515695,0.423439,0.542646,23.17691569,0.9,True,activated,player,player_00217,47.878720149,2.413182339,45.850464436,0.0,0.0,3.35151041,412.424287339,0.0,287.947706471,-700.37199381,9.108592144,0,3,23.016597893,0,0,0,0
147,313,9362.851141118,93.628511411,55.286699703,0.0059049,50,5,55,0,0,13,161.254370226,60.324110897,100.930259329,4.247279,0.442424,0.577495,17.551628607,0.9,True,activated,player,player_00559,161.254370226,7.648094228,145.313790339,0.0,0.0,6.553995799,420.072381567,-0.0,281.393710672,-701.46609224,9.362851141,0,0,0.0,0,0,0,0
148,316,9296.46627334,92.964662733,44.464709995,0.004782969,70,7,75,0,0,14,57.083279739,44.52965376,12.553625979,7.585359,0.247541,0.438327,22.130251702,0.9,True,activated,player,player_00331,57.083279739,2.34743392,44.601244485,0.0,0.0,3.995829582,422.419815488,-0.0,277.397881091,-699.817696578,9.296466273,0,2,62.911377744,0,0,0,0
149,316,9251.154307368,92.511543074,29.031102477,0.003138106,110,11,115,0,0,15,41.749697008,41.749697008,0,7.829895,0.264922,0.431749,13.139910537,0.9,True,activated,player,player_00363,41.749697008,1.68058801,31.931172192,0.0,0.0,2.922478791,424.100403498,1e-12,274.4754023,-698.575805798,9.251154307,0,3,50.98314364,0,0,0,0
150,314,9214.83854572,92.148385457,48.971430116,0.00531441,60,6,65,0,0,11,50.778963775,50.778963775,0,6.495225,0.216863,0.446352,15.838306389,0.9,True,activated,player,player_00294,50.778963775,2.584199761,49.099795466,0.0,0.0,3.554527464,426.684603259,-0.0,270.920874836,-697.605478095,9.214838546,0,3,56.895553779,1,17.02549036,5,0
151,311,9132.422275907,91.324222759,48.533436267,0.00531441,60,6,65,0,0,12,67.077256077,64.691723291,2.385532786,3.577836,0.38198,0.5603,31.313466069,0.9,True,activated,player,player_00001,67.077256077,3.495937098,66.422804869,0.0,0.0,4.695407925,430.180540358,0.0,266.22546691,-696.406007268,9.132422276,0,5,97.415710306,0,0,0,0
152,314,9281.222718384,92.812227184,44.391800544,0.004782969,70,7,75,0,0,18,75.299257257,45.893871451,29.405385806,11.896951,0.171343,0.374211,18.891582869,0.9,True,activated,player,player_00607,75.299257257,3.827807672,72.728345775,0.0,0.0,5.270948008,434.00834803,0.0,260.954518902,-694.962866932,9.281222718,0,4,18.013946812,0,0,0,0
153,314,9404.424555688,94.044245557,55.532186559,0.0059049,50,5,55,0,0,12,77.373851814,72.36165015,5.012201664,4.680019,0.384798,0.566533,21.5075383,0.9,True,activated,player,player_00252,77.373851814,2.650834097,50.365847842,0.0,0.0,5.416169627,436.659182127,0.0,255.538349275,-692.197531402,9.404424556,0,2,20.712021523,0,0,0,0
154,312,9306.485810986,93.06485811,44.512633133,0.004782969,70,7,75,1,1.852779785,14,87.280828288,44.727522583,42.553305705,5.273841,0.364766,0.567574,38.760221773,0.9,True,activated,player,player_00627,87.280828288,3.077671085,58.475750614,0.0,0.0,6.10965798,439.736853212,-0.0,249.428691295,-689.165544507,9.306485811,0,3,106.805060362,0,0,0,0
155,312,9290.243873237,92.902438732,39.991453603,0.004304672,80,8,85,1,0.554379063,11,40.804412999,40.804412999,0,6.374237,0.245077,0.472912,16.403270786,0.9,True,activated,player,player_00631,40.804412999,1.973161664,37.49007161,0.0,0.0,2.85630891,441.710014876,0.0,246.572382385,-688.282397261,9.290243873,0,2,33.026786392,0,0,0,0
156,308,9225.785274002,92.25785274,39.71398047,0.004304672,80,8,85,1,1.041981585,18,59.878202473,42.904879359,16.973323114,10.583864,0.177328,0.428012,25.445764632,0.9,True,activated,player,player_00638,59.878202473,3.028501188,57.541522576,0.0,0.0,4.191474173,444.738516064,0.0,242.380908212,-687.119424276,9.225785274,0,1,3.214991955,0,0,0,0
157,317,9435.675990911,94.356759909,61.907470176,0.006561,40,4,45,0,0,9,89.357902446,73.628328215,15.729574231,1.931402,0.705458,0.724127,37.464716565,0.9,True,activated,player,player_00639,89.357902446,1.628734704,30.945959384,0.0,0.0,6.255053171,446.367250768,-2e-12,236.125855041,-682.493105809,9.435675991,0,0,0.0,0,0,0,0
158,317,9437.284741536,94.372847415,45.138240363,0.004782969,70,7,75,1,1.131435484,13,65.87014422,61.00079508,4.86934914,7.605189,0.191269,0.453036,18.03331877,0.9,True,activated,player,player_00030,65.87014422,2.900730912,55.113887323,0.0,0.0,4.610910095,449.26798168,1e-12,231.514944946,-680.782926626,9.437284742,0,2,16.96774867,1,16.145705233,5,0
159,313,9341.220990947,93.412209909,55.158975829,0.0059049,50,5,55,0,0,13,85.717029884,63.633863413,22.083166471,5.866757,0.324322,0.518907,18.496565908,0.9,True,activated,player,player_00648,85.717029884,4.388091724,83.37374276,0.0,0.0,6.000192092,453.656073404,-0.0,225.514752854,-679.170826258,9.341220991,0,0,0.0,0,0,0,0
160,312,9176.563677529,91.765636775,54.186690859,0.0059049,50,5,55,0,0,14,87.614385969,64.112792545,23.501593424,4.035236,0.446434,0.637254,29.733497414,0.9,True,activated,player,player_00653,87.614385969,2.731667866,51.901689456,0.0,0.0,6.133007018,456.38774127,1e-12,219.381745836,-675.769487106,9.176563678,0,2,31.901362694,0,0,0,0
161,312,9207.193314754,92.071933148,48.930800224,0.00531441,60,6,65,0,0,15,79.582990721,53.23430842,26.348682301,8.810104,0.207175,0.455991,21.227026735,0.9,True,activated,player,player_00658,79.582990721,4.131589189,78.5001946,0.0,0.0,5.57080935,460.51933046,-1e-12,213.810936485,-674.330266945,9.207193315,0,3,21.938224288,0,0,0,0
162,313,8879.073791249,88.790737912,52.43004283,0.0059049,50,5,55,0,0,13,68.882438718,53.640511138,15.24192758,8.498303,0.204967,0.395223,15.435542677,0.9,True,activated,staker,staker_01093,68.882438718,3.444121936,20.664731615,20.664731615,44.773585167,0.0,463.963452396,-0.0,279.249253268,-743.212705663,8.879073791,0,2,17.966610263,0,0,0,0
163,310,8895.82825395,88.958282539,52.528976257,0.0059049,50,5,55,0,0,11,58.348604334,56.331673894,2.01693044,5.927158,0.275281,0.500143,17.294485146,0.9,True,activated,player,player_00664,58.348604334,2.714424128,51.574058431,0.0,0.0,4.084402303,466.677876523,0.0,275.164850964,-741.842727488,8.895828254,0,1,12.207832755,0,0,0,0
164,307,8818.783327306,88.187833273,24.906848875,0.002824295,130,12,135,3,40.206347241,19,49.368413025,31.230518255,18.13789477,9.494393,0.217966,0.468182,29.683952676,0.9,True,activated,staker,staker_00885,49.368413025,2.468420651,14.810523907,14.810523907,32.089468466,0.0,469.146297175,0.0,322.064843338,-791.211140513,8.818783327,0,4,32.826955548,0,0,0,1
165,308,8852.090615131,88.520906151,52.270709873,0.0059049,50,5,55,0,0,11,53.930053647,52.568689978,1.361363669,4.783369,0.368541,0.531692,23.763880501,0.9,True,activated,staker,staker_00010,53.930053647,2.696502682,16.179016094,16.179016094,35.054534871,0.0,471.842799857,-2e-12,373.298394303,-845.14119416,8.852090615,0,0,0.0,0,0,0,0
166,306,8605.405630043,86.0540563,30.005194115,0.003486784,100,10,105,2,12.130083934,16,49.605166505,32.176248307,17.428918198,6.362436,0.298241,0.540816,33.590850786,0.9,True,activated,player,player_00665,49.605166505,2.607352295,49.539693603,0.0,0.0,3.472361655,474.450152152,1e-12,369.826032647,-844.276184799,8.60540563,0,3,301.347014093,0,0,0,0
167,303,8284.265269165,82.842652692,48.917757988,0.0059049,50,5,55,0,0,13,83.99155366,52.119504977,31.872048683,9.079585,0.184826,0.367262,16.127515053,0.9,True,activated,player,player_00684,83.99155366,4.290774204,81.524709876,0.0,0.0,5.798985688,478.740926356,1e-12,364.027046959,-842.767973315,8.284265269,0,4,518.247710798,0,0,0,0
168,303,8289.343231477,82.893432315,67.143680175,0.0081,20,2,25,0,0,9,87.455453638,68.59980903,18.855644608,3.95193,0.366791,0.562784,17.140788898,0.9,True,activated,player,player_00175,87.455453638,3.059005268,58.12110009,0.0,0.0,5.802540262,481.799931624,-1e-12,358.224506697,-840.024438321,8.289343231,0,0,0.0,0,0,0,0
169,302,8262.062327837,82.620623278,32.008922272,0.003874205,90,9,95,0,0,15,74.335864415,39.562621317,34.773243098,4.501163,0.427668,0.589628,31.524339739,0.9,True,activated,player,player_00397,74.335864415,3.555901504,67.562128567,0.0,0.0,5.203510509,485.355833127,-0.0,353.020996188,-838.376829315,8.262062328,0,2,6.240933263,0,0,0,0
170,303,8270.481002542,82.704810025,39.55745425,0.004782969,70,7,75,0,0,13,54.494673649,42.458649599,12.03602405,8.465479,0.187306,0.389713,24.270066856,0.9,True,activated,staker,staker_00885,54.494673649,2.724733682,16.348402095,16.348402095,35.421537872,0.0,488.08056681,0.0,404.790936154,-892.871502964,8.270481003,0,1,9.088305745,0,0,0,0
171,305,8374.974260108,83.749742601,49.453385509,0.0059049,50,5,55,0,0,7,51.953312317,51.953312317,0,2.908022,0.501989,0.594285,17.198403564,0.9,True,activated,player,player_00592,51.953312317,2.463540978,46.807278588,0.0,0.0,3.636731862,490.544107788,-0.0,401.154204292,-891.69831208,8.37497426,0,2,30.671025961,0,0,0,0
172,304,8118.851124729,81.188511247,53.267782229,0.006561,40,4,45,0,0,7,58.462356335,58.462356335,0,1.658089,0.764337,0.682741,15.350017279,0.9,True,activated,player,player_00229,58.462356335,0.893489663,16.976303598,0.0,0.0,4.092364943,491.437597451,-1e-12,397.061839349,-888.4994368,8.118851125,0,4,362.130122794,0,0,0,0
173,308,8014.636646376,80.146366464,27.945310038,0.003486784,100,10,105,1,9.204652206,14,61.627177595,54.022431863,7.604745732,6.163451,0.333117,0.495335,19.880922936,0.9,True,activated,player,player_00508,61.627177595,3.15178788,59.883969727,0.0,0.0,4.313902432,494.589385332,1e-12,392.747936917,-887.337322249,8.014636646,0,2,156.030145531,0,0,0,0
174,309,8033.950544826,80.339505448,58.567499472,0.00729,30,3,35,0,0,7,72.803991883,61.104154738,11.699837145,2.335943,0.620567,0.627324,22.709501058,0.9,True,activated,player,player_00229,72.803991883,1.636026098,31.084495861,0.0,0.0,5.096279432,496.22541143,0.0,387.651657485,-883.877068915,8.033950545,0,0,0.0,0,0,0,0
175,307,8086.99205755,80.869920575,42.977591461,0.00531441,60,6,65,0,0,14,67.107844517,58.701930583,8.405913934,7.97682,0.221986,0.453424,23.460220602,0.9,True,activated,player,player_00471,67.107844517,3.12875631,59.446369881,0.0,0.0,4.697549116,499.354167739,1e-12,382.954108369,-882.308276108,8.086992058,0,3,26.384449288,0,0,0,0
176,308,8175.56328017,81.755632802,35.193119154,0.004304672,80,8,85,1,0.344111872,11,38.565292025,38.565292025,0,5.51507,0.359262,0.441222,15.394064876,0.9,True,activated,player,player_00242,38.565292025,1.849988706,35.149785405,0.0,0.0,2.699570442,501.204156445,0.0,380.254537927,-881.458694372,8.17556328,0,2,18.57219827,0,0,0,0
177,311,8264.311083239,82.643110832,48.799930515,0.0059049,50,5,55,0,0,13,78.530876807,51.412054567,27.11882224,4.709493,0.381961,0.581466,23.277083448,0.9,True,activated,player,player_00715,78.530876807,4.036655219,76.696449159,0.0,0.0,5.497161376,505.240811664,-0.0,374.757376551,-879.998188214,8.264311083,0,2,12.26815528,0,0,0,0
178,306,8220.017596977,82.20017597,35.384480411,0.004304672,80,8,85,2,6.489392232,13,56.300889728,48.445116092,7.855773636,4.7466,0.408967,0.54749,22.751336783,0.9,True,activated,player,player_00474,56.300889728,2.749900015,52.248100294,0.0,0.0,3.941062281,507.990711679,-0.0,370.81631427,-878.807025949,8.220017597,0,4,33.952293419,1,5.160808704,5,0
179,308,8347.53650832,83.475365083,44.362231495,0.00531441,60,6,65,0,0,10,86.632928595,70.034238921,16.598689674,3.20832,0.507765,0.630674,33.161749911,0.9,True,activated,player,player_00721,86.632928595,4.332343359,82.314523824,0.0,0.0,5.843275556,512.323055038,0.0,364.973038714,-877.296093752,8.347536508,0,2,16.484025988,0,0,0,0
180,308,8807.563545327,88.075635453,37.913673063,0.004304672,80,8,85,0,0,16,67.056271539,53.019000677,14.037270862,9.872642,0.163729,0.432358,20.780464214,0.9,True,activated,player,player_00444,67.056271539,3.428739943,65.146058914,0.0,0.0,4.693939008,515.751794981,0.0,360.279099706,-876.030894687,8.807563545,0,2,10.465664932,0,0,0,0
181,310,8805.478273565,88.054782736,37.904696651,0.004304672,80,8,85,0,0,18,70.08145573,44.592746573,25.488709157,8.882488,0.189839,0.47079,26.779707365,0.9,True,activated,player,player_00730,70.08145573,3.64130044,69.184708352,0.0,0.0,4.905701901,519.393095421,0.0,355.373397805,-874.766493226,8.805478274,0,1,7.123745966,0,0,0,0
182,313,8693.095792542,86.930957925,46.198675211,0.00531441,60,6,65,0,0,15,54.725367707,47.763773906,6.961593801,5.820649,0.363067,0.502389,21.899545641,0.9,True,activated,player,player_00605,54.725367707,2.806079727,53.315514816,0.0,0.0,3.830775739,522.199175148,-1e-12,351.542622066,-873.741797213,8.693095793,0,3,224.111297234,0,0,0,0
183,317,8741.678196592,87.416781966,63.726834053,0.00729,30,3,35,0,0,11,112.210897704,65.835754276,46.375143428,3.640925,0.438117,0.638449,28.895790443,0.9,True,activated,player,player_00732,112.210897704,5.699421327,108.28900522,0.0,0.0,6.119174738,527.898596475,0.0,345.423447328,-873.322043803,8.741678197,0,0,0.0,0,0,0,0
184,320,8901.907812397,89.019078124,47.308387897,0.00531441,60,6,65,1,2.970493097,11,64.779319412,53.075653711,11.703665701,5.005438,0.303541,0.559455,49.575622567,0.9,True,activated,player,player_00430,64.779319412,3.169253778,60.215821787,0.0,0.0,4.534552359,531.067850253,1e-12,340.888894969,-871.956745223,8.901907812,0,0,0.0,0,0,0,0
185,318,8878.052440841,88.780524408,47.181610672,0.00531441,60,6,65,1,3.756484339,15,75.203531694,65.706141447,9.497390247,8.655448,0.196717,0.453429,26.914297341,0.9,True,activated,staker,staker_01384,75.203531694,3.760176585,22.561059508,22.561059508,48.882295601,0.0,534.828026838,0.0,412.332250079,-947.160276917,8.878052441,0,5,79.136827868,0,0,0,0
186,325,9039.44315578,90.394431558,48.039307102,0.00531441,60,6,65,0,0,15,83.408691254,55.391476323,28.017214931,9.123009,0.22494,0.387283,19.180715311,0.9,True,activated,player,player_00724,83.408691254,3.934973164,74.764490121,0.0,0.0,5.838608388,538.763000002,0.0,406.493641691,-945.256641693,9.039443156,0,0,0.0,0,0,0,0
187,324,9002.336740791,90.023367408,53.157898221,0.0059049,50,5,55,0,0,11,58.133658603,55.522729216,2.610929387,3.815218,0.430758,0.630713,40.335047301,0.9,True,activated,player,player_00731,58.133658603,1.858074965,35.303424343,0.0,0.0,4.069356102,540.621074968,0.0,402.424285589,-943.045360556,9.002336741,0,2,17.740055608,0,0,0,0
188,328,8989.406135272,89.894061353,38.696445786,0.004304672,80,8,85,0,0,16,60.744924431,41.268081011,19.47684342,7.231538,0.255441,0.530195,26.800448513,0.9,True,activated,player,player_00754,60.744924431,2.68695177,51.052083627,0.0,0.0,4.25214471,543.308026738,-2e-12,398.172140878,-941.480167616,8.989406135,0,1,10.514369163,1,22.722128062,5,0
189,332,9025.138359283,90.251383593,43.166956993,0.004782969,70,7,75,0,0,16,102.265580563,46.445429807,55.820150756,5.123248,0.378973,0.611413,49.116299951,0.9,True,activated,player,player_00762,102.265580563,3.491364322,66.335922113,0.0,0.0,6.317596851,546.799391059,0.0,391.854544027,-938.653935086,9.025138359,0,2,13.104974818,0,0,0,0
190,335,9055.248454781,90.552484548,35.081887844,0.003874205,90,9,95,0,0,20,69.079805629,43.586644043,25.493161586,11.073849,0.195284,0.448863,26.838179346,0.9,True,activated,player,player_00765,69.079805629,3.021261888,57.403975874,0.0,0.0,4.835586394,549.820652948,1e-12,387.018957633,-936.83961058,9.055248455,0,1,6.211900378,0,0,0,0
191,336,9071.527135845,90.715271358,48.209814526,0.00531441,60,6,65,1,3.616985005,12,72.944665585,57.335722854,15.608942731,4.954562,0.336465,0.586204,27.69070927,0.9,True,activated,player,player_00437,72.944665585,3.854158915,73.229019378,0.0,0.0,5.106126591,553.674811862,-0.0,381.912831042,-935.587642904,9.071527136,0,1,11.025619211,1,12.724272376,5,0
192,336,9059.212009689,90.592120097,53.493740996,0.0059049,50,5,55,0,0,7,55.14526895,55.14526895,0,4.281941,0.316323,0.421839,9.58498324,0.9,True,activated,player,player_00592,55.14526895,2.085825896,39.630692022,0.0,0.0,3.860168827,555.760637758,-2e-12,378.052662215,-933.813299973,9.05921201,0,0,0.0,1,12.597476287,5,0
193,340,9066.828562274,90.668285623,35.126751553,0.003874205,90,9,95,2,4.630176592,16,55.015929538,40.266067212,14.749862326,7.287858,0.28601,0.500139,25.643026467,0.9,True,activated,player,player_00435,55.015929538,2.156596609,40.975335568,0.0,0.0,3.851115068,557.917234367,3e-12,374.201547148,-932.118781515,9.066828562,0,0,0.0,0,0,0,0
194,340,9000.849872823,90.008498728,38.745707324,0.004304672,80,8,85,1,0.570777636,14,57.743602816,47.017545008,10.726057808,7.326702,0.232807,0.493952,29.304604774,0.9,True,activated,player,player_00781,57.743602816,2.771587604,52.660164483,0.0,0.0,4.042052197,560.688821971,-1e-12,370.159494951,-930.848316922,9.000849873,0,0,0.0,1,24.430345423,5,0
195,334,8716.526467422,87.165264674,41.690875881,0.004782969,70,7,75,0,0,13,63.721134778,48.060614396,15.660520382,7.87084,0.226433,0.435048,16.830899107,0.9,True,activated,player,player_00686,63.721134778,2.998870757,56.978544388,0.0,0.0,4.460479434,563.687692729,0.0,365.699015516,-929.386708245,8.716526467,0,3,213.147657874,0,0,0,0
196,333,8693.469495999,86.93469496,37.422535592,0.004304672,80,8,85,0,0,13,37.972775839,37.972775839,0,3.786742,0.454576,0.605106,29.262718437,0.9,True,activated,player,player_00691,37.972775839,1.62764372,30.925230682,0.0,0.0,2.658094309,565.315336449,-0.0,363.040921207,-928.356257656,8.693469496,0,1,84.182068794,1,42.928991112,5,0
197,326,8421.659143661,84.216591437,32.627233036,0.003874205,90,9,95,0,0,16,38.435858645,36.627249755,1.80860889,8.098322,0.215735,0.47848,23.894737238,0.9,True,activated,staker,staker_00885,38.435858645,1.921792932,11.530757594,11.530757594,24.983308119,0.0,567.237129381,-0.0,399.55498692,-966.792116301,8.421659144,0,7,140.53112588,0,0,0,0
198,327,8510.202596851,85.102025969,40.704035204,0.004782969,70,7,75,1,7.146195417,12,44.999762989,40.924809489,4.0749535,6.158137,0.314226,0.467175,17.894252459,0.9,True,activated,player,player_00281,44.999762989,2.379776883,45.215760783,0.0,0.0,3.149983409,569.616906264,-0.0,396.405003511,-966.021909775,8.510202597,0,0,0.0,0,0,0,0
199,326,8541.095712804,85.410957128,36.766616418,0.004304672,80,8,85,3,9.379290873,11,40.540321662,37.802243347,2.738078315,6.537101,0.275986,0.438676,14.100423044,0.9,True,activated,player,player_00270,40.540321662,1.910484971,36.299214442,0.0,0.0,2.837822516,571.527391235,1e-12,393.567180995,-965.094572229,8.541095713,0,4,244.02201627,0,0,0,0
200,323,8935.66640766,89.356664077,34.618602492,0.003874205,90,9,95,0,0,15,39.679279908,39.679279908,0,9.905409,0.160691,0.398077,19.962217531,0.9,True,activated,player,player_00582,39.679279908,2.01114021,38.211663994,0.0,0.0,2.777549594,573.538531445,-0.0,390.789631401,-964.328162846,8.935666408,0,1,6.075503937,1,15.897175757,5,0
201,321,8765.295411142,87.652954111,57.509103193,0.006561,40,4,45,0,0,6,62.930109932,62.930109932,0,3.681077,0.405689,0.425292,9.664369594,0.9,True,activated,player,player_00687,62.930109932,2.74647545,52.183033543,0.0,0.0,4.405107695,576.285006895,-0.0,386.384523706,-962.6695306,8.765295411,0,4,189.202558138,1,57.349161516,5,0
202,327,8836.124958606,88.361249586,42.262911757,0.004782969,70,7,75,1,0.376674041,18,101.775271937,68.583648654,33.191623283,5.758528,0.323717,0.624183,45.680435524,0.9,True,activated,player,player_00252,101.775271937,3.750711196,71.263512727,0.0,0.0,6.185287471,580.035718091,0.0,380.199236235,-960.234954326,8.836124959,0,0,0.0,1,19.628665116,5,0
203,323,8669.059173252,86.690591733,41.463841285,0.004782969,70,7,75,0,0,18,90.125028228,64.670751911,25.454276317,7.892894,0.252934,0.529569,31.923201486,0.9,True,activated,player,player_00313,90.125028228,4.616285226,87.709419298,0.0,0.0,6.068341421,584.652003317,0.0,374.130894813,-958.78289813,8.669059173,0,3,153.060279451,0,0,0,0
204,322,8890.082328902,88.900823289,34.442000431,0.003874205,90,9,95,0,0,13,44.92991256,36.919073511,8.010839049,7.639899,0.218669,0.437835,16.520809867,0.9,True,activated,player,player_00185,44.92991256,1.952240475,37.092569025,0.0,0.0,3.145093879,586.604243792,0.0,370.985800934,-957.590044726,8.890082329,0,3,26.290874293,0,0,0,0
205,325,8796.417930666,87.964179307,46.747771415,0.00531441,60,6,65,0,0,16,66.012064935,50.512270946,15.499793989,4.019566,0.45962,0.649766,48.316331742,0.9,True,activated,player,player_00812,66.012064935,3.315196446,62.988732472,0.0,0.0,4.620844545,589.919440238,-0.0,366.364956389,-956.284396627,8.796417931,0,3,31.289295826,0,0,0,0
206,325,8815.814182958,88.15814183,42.165765947,0.004782969,70,7,75,1,2.936119303,10,53.39476612,53.39476612,0,6.45088,0.252422,0.401815,11.428925478,0.9,True,activated,player,player_00818,53.39476612,2.297239738,43.647555021,0.0,0.0,3.737633628,592.216679976,-0.0,362.62732276,-954.844002736,8.815814183,0,5,34.615118739,1,23.607456358,5,0
207,326,8838.095536998,88.38095537,42.272336972,0.004782969,70,7,75,0,0,14,51.700675068,47.348994022,4.351681046,10.380222,0.150955,0.332169,12.756844498,0.9,True,activated,player,player_00578,51.700675068,2.580014547,49.020276393,0.0,0.0,3.619047255,594.796694523,1e-12,359.008275506,-953.804970028,8.838095537,0,1,4.135748299,2,30.933374391,5,0
208,321,8680.301815016,86.80301815,33.629267738,0.003874205,90,9,95,0,0,14,36.410452603,34.821263077,1.589189526,6.675158,0.313385,0.456611,22.058364853,0.9,True,activated,player,player_00336,36.410452603,1.890600311,35.921405915,0.0,0.0,2.548731682,596.687294834,-1e-12,356.459543823,-953.146838658,8.680301815,0,3,111.64743195,0,0,0,0
209,325,8786.56883852,87.865688385,42.025886371,0.004782969,70,7,75,0,0,17,79.576954014,59.427072694,20.14988132,7.542368,0.244002,0.512294,30.568033109,0.9,True,activated,player,player_00592,79.576954014,3.286519544,62.443871342,0.0,0.0,5.570386781,599.973814378,0.0,350.889157042,-950.862971421,8.786568839,0,0,0.0,0,0,0,0
210,323,8695.940991981,86.95940992,51.348661964,0.0059049,50,5,55,0,0,9,58.245153202,56.759620329,1.485532873,4.908557,0.304446,0.466459,15.436079913,0.9,True,activated,staker,staker_01384,58.245153202,2.91225766,17.473545961,17.473545961,37.859349581,0.0,602.886072039,1e-12,406.222052584,-1009.108124623,8.695940992,0,3,76.597051495,0,0,0,0
211,319,8708.357793575,87.083577936,63.483928315,0.00729,30,3,35,0,0,11,87.679856751,68.577853008,19.102003743,2.979236,0.532429,0.63671,34.254019064,0.9,True,activated,player,player_00229,87.679856751,2.354620136,44.737782579,0.0,0.0,6.095850456,605.240692174,-0.0,400.126202129,-1005.366894303,8.708357794,0,2,22.499584529,0,0,0,0
212,319,8761.950343843,87.619503438,41.908136874,0.004782969,70,7,75,0,0,13,55.089359839,49.354263406,5.735096433,8.52198,0.182952,0.388744,15.921495672,0.9,True,activated,player,player_00353,55.089359839,2.471755138,46.963347623,0.0,0.0,3.856255189,607.712447312,1e-12,396.26994694,-1003.982394252,8.761950344,0,2,16.46720758,0,0,0,0
213,320,8826.129795897,88.261297959,52.117413832,0.0059049,50,5,55,0,0,8,60.594028713,59.643034441,0.950994272,3.039413,0.527215,0.574321,13.37148364,0.9,True,activated,staker,staker_01499,60.594028713,3.029701436,18.178208614,18.178208614,39.386118663,0.0,610.742148748,-1e-12,453.834274217,-1064.576422965,8.826129796,0,1,1.82708324,0,0,0,0
214,318,8848.233942562,88.482339426,34.279871208,0.003874205,90,9,95,0,0,18,83.810556937,41.654832428,42.155724509,5.64952,0.370651,0.581163,28.168564412,0.9,True,activated,player,player_00803,83.810556937,4.127728581,78.426843042,0.0,0.0,5.866738986,614.869877329,0.0,447.967535232,-1062.837412561,8.848233943,0,3,37.552483776,1,21.312470104,5,0
215,316,8814.44829368,88.144482937,42.159232941,0.004782969,70,7,75,0,0,12,46.430919826,46.110850513,0.320069313,6.055744,0.321314,0.481603,16.512275402,0.9,True,activated,staker,staker_01118,46.430919826,2.321545991,13.929275948,13.929275948,30.180097887,0.0,617.19142332,-0.0,492.076909067,-1109.268332387,8.814448294,0,3,20.122450183,0,0,0,0
216,320,8832.981492132,88.329814921,30.798702081,0.003486784,100,10,105,1,3.607266748,17,38.621769846,38.621769846,0,10.685951,0.179929,0.393424,21.257646862,0.9,True,activated,player,player_00617,38.621769846,1.864985662,35.434727573,0.0,0.0,2.703523889,619.056408982,0.0,489.373385177,-1108.42979416,8.832981492,0,3,62.333305489,0,0,0,0
217,323,8514.312536229,85.143125362,45.248547686,0.00531441,60,6,65,0,0,12,62.835879174,53.788123819,9.047755355,5.4855,0.356192,0.482591,18.065649575,0.9,True,activated,player,player_00417,62.835879174,2.945130042,55.957470805,0.0,0.0,4.398511542,622.001539025,0.0,484.974873635,-1106.97641266,8.514312536,0,2,408.648934316,0,0,0,0
218,323,8418.31743884,84.183174388,32.614286587,0.003874205,90,9,95,2,3.829869077,17,35.650834643,32.873137997,2.777696646,8.444831,0.228373,0.504277,30.044702176,0.9,True,activated,player,player_00756,35.650834643,1.734621373,32.957806088,0.0,0.0,2.495558425,623.736160398,-0.0,482.47931521,-1106.215475608,8.418317439,0,5,126.884634827,0,0,0,0
219,323,8395.767792571,83.957677926,44.618552315,0.00531441,60,6,65,0,0,13,53.940691554,51.482260978,2.458430576,5.353349,0.31283,0.55334,26.175569238,0.9,True,activated,player,player_00857,53.940691554,2.651859785,50.385335912,0.0,0.0,3.775848409,626.388020182,-1e-12,478.703466801,-1105.091486984,8.395767793,0,5,44.13573482,0,0,0,0
220,322,8350.330260613,83.503302606,54.78651684,0.006561,40,4,45,0,0,6,55.196235465,55.196235465,0,3.355448,0.440411,0.477486,8.970877997,0.9,True,activated,player,player_00181,55.196235465,2.198500105,41.771501989,0.0,0.0,3.863736483,628.586520287,0.0,474.839730319,-1103.426250606,8.350330261,0,0,0.0,0,0,0,0
221,316,8317.495975924,83.174959759,35.804092869,0.004304672,80,8,85,1,0.503593299,12,38.578050462,38.578050462,0,5.744917,0.335058,0.498651,15.782720951,0.9,True,activated,player,player_00811,38.578050462,1.999609419,37.992578966,0.0,0.0,2.700463532,630.586129706,1e-12,472.139266787,-1102.725396493,8.317495976,0,4,62.321315562,1,99.714829418,5,0
222,316,8196.467437284,81.964674373,59.752247618,0.00729,30,3,35,0,0,9,74.378258311,60.496912487,13.881345824,3.082328,0.492504,0.622956,29.517622848,0.9,True,activated,player,player_00239,74.378258311,2.147658155,40.805504951,0.0,0.0,5.206478082,632.733787862,-1e-12,466.932788705,-1099.666576566,8.196467437,0,0,0.0,0,0,0,0
223,309,7997.30950401,79.97309504,38.250883441,0.004782969,70,7,75,2,8.904862474,9,39.419960274,39.419960274,0,3.142554,0.531928,0.538699,15.425337928,0.9,True,activated,player,player_00169,39.419960274,1.060538532,20.150232107,0.0,0.0,2.759397219,633.794326394,1e-12,464.173391486,-1097.967717879,7.997309504,0,4,153.881120768,1,3.595220263,5,0
224,305,7930.083354713,79.300833547,37.929342853,0.004782969,70,7,75,0,0,15,64.55746817,42.045627441,22.511840729,6.67671,0.244081,0.558099,23.339262322,0.9,True,activated,player,player_00728,64.55746817,2.665962556,50.653288559,0.0,0.0,4.519022772,636.460288949,-1e-12,459.654368714,-1096.114657663,7.930083355,0,3,14.340827101,0,0,0,0
225,304,8020.413304224,80.204133042,38.361388201,0.004782969,70,7,75,0,0,11,42.832299069,42.832299069,0,3.655421,0.482815,0.569666,24.679235595,0.9,True,activated,player,player_00017,42.832299069,2.065661774,39.247573712,0.0,0.0,2.998260935,638.525950724,0.0,456.656107779,-1095.182058503,8.020413304,0,2,11.543502229,1,9.404037077,5,0
226,302,8002.872906191,80.028729062,38.277493021,0.004782969,70,7,75,0,0,13,45.227234072,42.624293235,2.602940837,5.613097,0.279116,0.551454,26.972861537,0.9,True,activated,player,player_00871,45.227234072,1.788475404,33.981032683,0.0,0.0,3.165906385,640.314426128,1e-12,453.490201394,-1093.804627522,8.002872906,0,2,9.795186889,0,0,0,0
227,300,7763.908094482,77.639080945,41.260590816,0.00531441,60,6,65,0,0,11,63.629963774,60.508571584,3.12139219,5.24568,0.302726,0.524269,24.812370201,0.9,True,activated,player,player_00418,63.629963774,2.757091371,52.384736048,0.0,0.0,4.454097464,643.071517499,0.0,449.03610393,-1092.107621429,7.763908094,0,3,201.362230373,0,0,0,0
228,308,7812.271221911,78.122712219,46.130680338,0.0059049,50,5,55,0,0,11,51.420832806,49.663088979,1.757743827,5.810758,0.278104,0.473078,21.363634328,0.9,True,activated,player,player_00592,51.420832806,2.035998064,38.683963215,0.0,0.0,3.599458296,645.107515563,-1e-12,445.436645633,-1090.544161196,7.812271222,0,1,21.69744465,0,0,0,0
229,306,7799.866700862,77.998667009,51.174925424,0.006561,40,4,45,0,0,7,53.521191932,53.521191932,0,2.276636,0.627287,0.644939,29.989312662,0.9,True,activated,player,player_00879,53.521191932,1.184726926,22.509811597,0.0,0.0,3.746483435,646.292242489,1e-12,441.690162198,-1087.982404687,7.799866701,0,2,6.580496562,1,22.484918271,5,0
230,310,7813.018974724,78.130189747,33.632484797,0.004304672,80,8,85,0,0,17,54.655034648,39.795552591,14.859482057,7.283786,0.278225,0.540764,27.938075128,0.9,True,activated,player,player_00882,54.655034648,2.895027031,55.005513586,0.0,0.0,3.825852425,649.18726952,1e-12,437.864309773,-1087.051579293,7.813018975,0,0,0.0,0,0,0,0
231,311,7846.928943925,78.469289439,41.701797649,0.00531441,60,6,65,0,0,10,55.510147486,47.652288373,7.857859113,4.821191,0.305677,0.533624,20.693034037,0.9,True,activated,player,player_00773,55.510147486,2.907237019,55.237503353,0.0,0.0,3.885710324,652.094506539,-1e-12,433.978599449,-1086.073105987,7.846928944,0,2,13.735213925,2,11.257405792,5,0
232,310,7898.281020852,78.982810209,41.97470364,0.00531441,60,6,65,0,0,10,42.693232475,42.693232475,0,7.5007,0.189588,0.322578,12.086763335,0.9,True,activated,player,player_00156,42.693232475,1.880746032,35.734174616,0.0,0.0,2.988526273,653.975252571,-0.0,430.990073175,-1084.965325746,7.898281021,0,2,194.81105504,0,0,0,0
233,309,7883.339453753,78.833394538,37.705768224,0.004782969,70,7,75,1,5.450263901,12,40.234129563,40.234129563,0,6.222642,0.29415,0.469357,23.050566893,0.9,True,activated,player,player_00836,40.234129563,1.880038858,35.720738294,0.0,0.0,2.816389069,655.855291429,0.0,428.173684106,-1084.028975535,7.883339454,0,2,32.599258517,1,6.646585549,5,0
234,315,7937.52969458,79.375296946,57.864591473,0.00729,30,3,35,0,0,8,61.964376715,60.371753639,1.592623076,3.786558,0.443172,0.516337,10.358529813,0.9,True,activated,player,player_00840,61.964376715,1.942049292,36.898936542,0.0,0.0,4.33750637,657.79734072,-1e-12,423.836177736,-1081.633518456,7.937529695,0,1,12.959162009,2,9.482064502,5,0
235,312,7924.492295852,79.244922959,51.992593953,0.006561,40,4,45,0,0,9,81.200508141,57.960881576,23.239626565,4.978224,0.335925,0.463444,13.68704824,0.9,True,activated,player,player_00352,81.200508141,3.421482158,65.008160997,0.0,0.0,5.547144607,661.218822878,1e-12,418.289033129,-1079.507856007,7.924492296,0,2,21.727463972,0,0,0,0
236,310,7880.974166354,78.809741664,30.532508653,0.003874205,90,9,95,0,0,13,30.659751586,30.659751586,0,9.368035,0.192223,0.325978,15.414560663,0.9,True,activated,player,player_00902,30.659751586,1.345621727,25.566812806,0.0,0.0,2.146182611,662.564444605,-1e-12,416.142850518,-1078.707295123,7.880974166,0,2,11.804349381,0,0,0,0
237,310,7905.870187695,79.058701877,34.032178823,0.004304672,80,8,85,0,0,17,49.809985776,43.58183627,6.228149506,7.263335,0.280921,0.525867,24.241285353,0.9,True,activated,player,player_00109,49.809985776,1.965200985,37.338818724,0.0,0.0,3.486699004,664.52964559,1e-12,412.656151513,-1077.185797104,7.905870188,0,3,62.29711261,0,0,0,0
238,306,7853.684231233,78.536842312,37.563928214,0.004782969,70,7,75,0,0,17,64.809569311,37.909544404,26.900024907,6.348463,0.283123,0.530659,30.845885196,0.9,True,activated,player,player_00120,64.809569311,3.220693473,61.193175984,0.0,0.0,4.536669852,667.750339063,1e-12,408.119481662,-1075.869820725,7.853684231,0,4,35.937285781,0,0,0,0
239,303,7816.909761391,78.169097614,46.15807045,0.0059049,50,5,55,1,18.419057592,7,52.904591233,52.904591233,0,2.791403,0.43204,0.586688,31.517827699,0.9,True,activated,player,player_00908,52.904591233,1.756187765,33.367567537,0.0,0.0,3.703321386,669.506526828,-1e-12,404.416160275,-1073.922687104,7.816909761,0,1,8.007781809,1,6.086895703,5,0
240,306,7816.270885509,78.162708855,41.538868157,0.00531441,60,6,65,0,0,10,50.832312942,49.950508763,0.881804179,5.782047,0.297428,0.458637,12.805760944,0.9,True,activated,player,player_00450,50.832312942,2.353697029,44.720243543,0.0,0.0,3.558261906,671.860223857,0.0,400.857898369,-1072.718122226,7.816270886,0,1,11.815447966,0,0,0,0
241,305,7897.858724444,78.978587244,41.972459384,0.00531441,60,6,65,1,1.265407212,12,72.086161915,46.050988745,26.03517317,6.430687,0.285026,0.483526,15.315839932,0.9,True,activated,player,player_00553,72.086161915,2.829286435,53.756442269,0.0,0.0,5.046031334,674.689510292,-1e-12,395.811867035,-1070.501377327,7.897858724,0,1,4.623955031,0,0,0,0
242,310,7994.435975153,79.944359752,42.485710491,0.00531441,60,6,65,0,0,8,57.15875617,57.15875617,0,3.565928,0.464567,0.53172,14.659355419,0.9,True,activated,player,player_00627,57.15875617,1.730288685,32.875485012,0.0,0.0,4.001112932,676.419798977,2e-12,391.810754103,-1068.23055308,7.994435975,0,2,107.2618707,2,90.02614664,5,0
243,309,7976.184798836,79.761847988,38.149844631,0.004782969,70,7,75,0,0,12,73.424432997,69.596693563,3.827739434,6.484434,0.286449,0.4375,18.077302761,0.9,True,activated,player,player_00694,73.424432997,3.201819865,60.834577439,0.0,0.0,5.13971031,679.621618842,-1e-12,386.671043794,-1066.292662636,7.976184799,0,1,2.198760817,0,0,0,0
244,312,8093.388100289,80.933881003,43.011582654,0.00531441,60,6,65,0,0,15,55.045406102,46.473810034,8.571596068,6.359895,0.310251,0.539827,28.355163808,0.9,True,activated,player,player_00895,55.045406102,2.539831994,48.256807887,0.0,0.0,3.853178427,682.161450836,0.0,382.817865367,-1064.979316203,8.0933881,0,1,15.021805928,0,0,0,0
245,311,8001.028126456,80.010281265,34.441802547,0.004304672,80,8,85,1,2.776349182,18,51.360522145,38.361729403,12.998792742,8.39652,0.242559,0.52219,36.66165175,0.9,True,activated,player,player_00494,51.360522145,2.124889732,40.372904915,0.0,0.0,3.59523655,684.286340568,-0.0,379.222628816,-1063.508969385,8.001028126,0,1,49.264590907,0,0,0,0
246,314,8427.774512171,84.277745122,49.765165717,0.0059049,50,5,55,1,6.41997182,8,60.820412384,60.820412384,0,3.202758,0.477982,0.601224,28.457018504,0.9,True,activated,player,player_00559,60.820412384,2.521191551,47.902639463,0.0,0.0,4.257428867,686.807532119,-1e-12,374.96519995,-1061.772732069,8.427774512,0,3,26.450128297,0,0,0,0
247,316,8413.618066506,84.136180665,36.217866951,0.004304672,80,8,85,1,2.614668056,9,44.19263716,44.19263716,0,5.061555,0.361549,0.428626,12.972021096,0.9,True,activated,player,player_00372,44.19263716,1.565416578,29.74291499,0.0,0.0,3.093484601,688.372948698,1e-12,371.871715348,-1060.244664046,8.413618067,0,2,64.607611643,1,47.240253799,5,0
248,320,8401.588322441,84.015883224,44.649484997,0.00531441,60,6,65,0,0,10,82.144552771,53.448900502,28.695652269,4.24149,0.379478,0.584875,34.66303609,0.9,True,activated,player,player_00365,82.144552771,2.836129259,53.886455928,0.0,0.0,5.750118694,691.209077957,0.0,366.121596654,-1057.330674611,8.401588322,0,1,18.558758598,0,0,0,0
249,318,8431.870122749,84.318701227,49.789349888,0.0059049,50,5,55,0,0,11,96.972975,51.261367197,45.711607803,3.973243,0.42349,0.581917,20.712508443,0.9,True,activated,player,player_00253,96.972975,5.000025284,95.000480397,0.0,0.0,5.902309086,696.209103241,-1e-12,360.219287568,-1056.428390809,8.431870123,0,3,32.009900367,0,0,0,0
250,319,8841.865885255,88.418658853,30.829680044,0.003486784,100,10,105,0,0,16,84.573055249,81.502235818,3.070819431,2.865885,0.566725,0.695092,58.031400151,0.9,True,activated,player,player_00879,84.573055249,2.128175536,40.435335188,0.0,0.0,5.920113867,698.337278777,-0.0,354.299173701,-1052.636452478,8.841865885,0,2,45.653905185,0,0,0,0
251,318,8800.024719064,88.000247191,46.766939367,0.00531441,60,6,65,0,0,12,67.420997739,66.689651023,0.731346716,5.581797,0.286715,0.55527,22.260175305,0.9,True,activated,player,player_00237,67.420997739,3.240468677,61.568904855,0.0,0.0,4.719469842,701.577747454,1e-12,349.579703859,-1051.157451313,8.800024719,0,1,7.174535543,0,0,0,0
252,321,8861.312237744,88.613122377,38.145043559,0.004304672,80,8,85,0,0,14,74.991272834,74.606332352,0.384940482,4.278417,0.439215,0.601975,26.416245516,0.9,True,activated,player,player_00397,74.991272834,3.550739687,67.464054052,0.0,0.0,5.249389098,705.128487141,1e-12,344.330314761,-1049.458801902,8.861312238,0,2,113.377463404,1,7.70009031,5,0
253,321,8902.191671536,89.021916715,34.488914506,0.003874205,90,9,95,0,0,15,38.138989391,34.831028371,3.30796102,9.757731,0.141984,0.408915,18.075857651,0.9,True,activated,player,player_00786,38.138989391,1.787918897,33.970459043,0.0,0.0,2.669729257,706.916406038,-1e-12,341.660585504,-1048.576991541,8.902191672,0,1,6.914850123,0,0,0,0
254,321,8759.009440535,87.590094405,57.467860939,0.006561,40,4,45,0,0,15,129.33337371,84.263249217,45.070124493,2.965096,0.537902,0.709668,49.442819814,0.9,True,activated,player,player_00601,129.33337371,3.294798234,62.601166443,0.0,0.0,6.131306608,710.211204272,-1e-12,335.529278895,-1045.740483167,8.759009441,0,1,16.606769179,0,0,0,0
255,318,8687.904197065,86.879041971,46.171084944,0.00531441,60,6,65,0,0,11,49.668163346,49.668163346,0,7.45721,0.229573,0.370904,12.677572873,0.9,True,activated,player,player_00281,49.668163346,2.212770869,42.042646504,0.0,0.0,3.476771434,712.42397514,1e-12,332.052507461,-1044.476482601,8.687904197,0,3,73.050186421,0,0,0,0
256,326,8724.40995961,87.244099596,57.240853745,0.006561,40,4,45,0,0,8,68.064738415,57.461971388,10.602767027,4.11873,0.396568,0.496938,13.907494625,0.9,True,activated,player,player_00397,68.064738415,2.291850035,43.545150664,0.0,0.0,4.764531689,714.715825175,-1e-12,327.287975772,-1042.003800947,8.72440996,0,1,24.447645921,0,0,0,0
257,328,8941.165936857,89.411659369,38.48878755,0.004304672,80,8,85,0,0,16,69.9664264,57.421591176,12.544835224,8.086204,0.248206,0.487536,26.787110949,0.9,True,activated,player,player_00828,69.9664264,3.595535859,68.31518133,0.0,0.0,4.897649848,718.311361035,-1e-12,322.390325924,-1040.701686958,8.941165937,0,2,21.136577924,3,65.423804383,5,0
258,324,8701.126585896,87.011265859,46.241354139,0.00531441,60,6,65,0,0,15,58.941502113,50.495602007,8.445900106,5.524799,0.344844,0.59087,32.906112835,0.9,True,activated,staker,staker_01402,58.941502113,2.947075106,17.682450634,17.682450634,38.311976373,0.0,721.25843614,-0.0,378.384752931,-1099.643189071,8.701126586,0,3,249.969971432,0,0,0,0
259,322,8710.518984667,87.105189847,46.291269197,0.00531441,60,6,65,1,1.38966181,15,88.550813087,58.644726062,29.906087025,5.051891,0.303324,0.64428,56.189805679,0.9,True,activated,player,player_00317,88.550813087,3.50570836,66.608458833,0.0,0.0,6.097363289,724.7641445,1e-12,372.287389642,-1097.051534142,8.710518985,0,3,21.56260035,0,0,0,0
260,325,8674.25597472,86.742559747,51.220614105,0.0059049,50,5,55,0,0,11,65.321063254,54.498622215,10.822441039,2.455247,0.621951,0.647979,28.375902264,0.9,True,activated,player,player_00031,65.321063254,1.463352791,27.803703031,0.0,0.0,4.572474428,726.227497291,-1e-12,367.714915214,-1093.942412505,8.674255975,0,3,58.558442531,0,0,0,0
261,325,8636.708305713,86.367083057,56.665443194,0.006561,40,4,45,0,0,13,74.118589772,58.716180501,15.402409271,3.616367,0.470485,0.65872,53.106179906,0.9,True,activated,player,player_00773,74.118589772,3.447796617,65.508135723,0.0,0.0,5.188301284,729.675293908,-0.0,362.52661393,-1092.201907838,8.636708306,0,0,0.0,0,0,0,0
262,332,8825.081626713,88.250816267,46.900102048,0.00531441,60,6,65,0,0,16,85.162838579,68.833413681,16.329424898,9.025974,0.225256,0.433504,18.685472007,0.9,True,activated,player,player_00683,85.162838579,4.280263392,81.325004441,0.0,0.0,5.961398701,733.9555573,2e-12,356.56521523,-1090.520772529,8.825081627,0,2,16.849884573,0,0,0,0
263,329,8749.49029162,87.494902916,41.848540831,0.004782969,70,7,75,0,0,13,46.531807583,45.643352081,0.888455502,4.579771,0.346402,0.621374,52.287986935,0.9,True,activated,player,player_00969,46.531807583,1.683516434,31.986812252,0.0,0.0,3.257226531,735.639073734,-1e-12,353.307988699,-1088.947062433,8.749490292,0,0,0.0,0,0,0,0
264,331,9097.955473763,90.979554738,39.163715095,0.004304672,80,8,85,0,0,16,58.348930711,39.899857012,18.449073699,7.26328,0.247693,0.533067,36.220392247,0.9,True,activated,player,player_00658,58.348930711,2.399037899,45.58172009,0.0,0.0,4.08442515,738.038111633,-0.0,349.223563549,-1087.261675182,9.097955474,0,2,83.336008089,0,0,0,0
265,327,8992.984646521,89.929846465,53.102675039,0.0059049,50,5,55,0,0,12,64.393094941,54.059908501,10.33318644,4.7863,0.317638,0.615085,34.726976145,0.9,True,activated,player,player_00605,64.393094941,2.982417143,56.665925716,0.0,0.0,4.507516646,741.020528776,-0.0,344.716046903,-1085.736575679,8.992984647,0,2,8.136219253,0,0,0,0
266,327,9098.429834289,90.984298343,48.352786496,0.00531441,60,6,65,0,0,12,73.099739218,68.870153955,4.229585263,7.536163,0.214775,0.421835,16.438669415,0.9,True,activated,player,player_00602,73.099739218,3.579037818,68.001718538,0.0,0.0,5.116981745,744.599566594,-0.0,339.599065158,-1084.198631752,9.098429834,0,3,27.32883625,0,0,0,0
267,329,9081.247658912,90.812476589,59.58206589,0.006561,40,4,45,0,0,12,74.498356791,64.058413929,10.439942862,3.492086,0.471916,0.675161,48.764665195,0.9,True,activated,player,player_00840,74.498356791,2.227812322,42.32843412,0.0,0.0,5.214884975,746.827378916,1e-12,334.384180183,-1081.211559099,9.081247659,0,1,6.47657889,0,0,0,0
268,328,9189.417108133,91.894171081,35.601684697,0.003874205,90,9,95,0,0,17,61.157974273,37.018525186,24.139449087,5.525469,0.348513,0.594837,37.071369971,0.9,True,activated,player,player_00210,61.157974273,3.207355297,60.939750651,0.0,0.0,4.281058199,750.034734214,-1e-12,330.103121983,-1080.137856197,9.189417108,0,3,44.649803541,1,12.370964305,5,0
269,331,9208.39445432,92.083944543,48.937183572,0.00531441,60,6,65,1,1.065820007,15,69.354137466,50.197808046,19.15632942,10.778506,0.143498,0.352366,17.523958897,0.9,True,activated,player,player_00921,69.354137466,3.388934986,64.389764729,0.0,0.0,4.854789623,753.423669199,0.0,325.248332361,-1078.67200156,9.208394454,0,1,9.603225829,1,20.053961282,5,0
270,328,9278.868691535,92.788686915,49.311712563,0.00531441,60,6,65,1,5.64017249,13,79.5460469,64.905160445,14.640886455,5.434688,0.263014,0.570226,33.060664558,0.9,True,activated,player,player_00992,79.5460469,3.20962672,60.982907687,0.0,0.0,5.568223283,756.63329592,-0.0,319.680109078,-1076.313404997,9.278868692,0,3,56.120062761,2,243.624082551,5,0
271,324,9036.545067364,90.365450674,35.009427089,0.003874205,90,9,95,0,0,16,72.270110539,72.270110539,0,3.32373,0.525444,0.653701,42.23165182,0.9,True,activated,player,player_00999,72.270110539,1.967757437,37.3873913,0.0,0.0,5.058907738,758.601053357,-0.0,314.62120134,-1073.222254697,9.036545067,0,5,52.917935742,1,12.583181558,5,0
272,319,9038.80577701,90.38805777,53.373244233,0.0059049,50,5,55,0,0,11,62.86284331,57.888549923,4.974293387,3.84623,0.452048,0.564561,24.425620896,0.9,True,activated,player,player_00373,62.86284331,2.74405905,52.137121957,0.0,0.0,4.400399032,761.345112407,-0.0,310.220802308,-1071.565914715,9.038805777,0,2,22.322228389,0,0,0,0
273,315,8951.865744635,89.518657446,52.859872035,0.0059049,50,5,55,0,0,14,72.986957614,55.343642229,17.643315385,7.583237,0.215679,0.462484,23.9646417,0.9,True,activated,player,player_00431,72.986957614,3.117713613,59.236558656,0.0,0.0,5.109087033,764.46282602,1e-12,305.111715275,-1069.574541296,8.951865745,0,1,5.143567318,0,0,0,0
274,319,9068.11627258,90.681162726,48.1916878,0.00531441,70,6,75,1,7.971955169,9,48.795100132,48.795100132,0,3.280215,0.503613,0.594989,14.202271478,0.9,True,activated,player,player_00239,48.795100132,1.381845476,26.255064051,0.0,0.0,3.415657009,765.844671497,-1e-12,301.696058266,-1067.540729763,9.068116273,0,1,22.393707014,0,0,0,1
275,320,9218.548333315,92.185483333,60.482895615,0.006561,40,4,45,1,1.768861129,10,98.586953013,66.218432437,32.368520576,4.826237,0.362079,0.524529,11.669877774,0.9,True,activated,player,player_00352,98.586953013,3.467184936,65.87651378,0.0,0.0,6.452983833,769.311856433,1e-12,295.243074433,-1064.554930865,9.218548333,0,0,0.0,0,0,0,0
276,320,8685.773798036,86.85773798,51.2886257,0.0059049,50,5,55,0,0,12,84.131547138,59.683268269,24.448278869,5.227447,0.302235,0.570363,26.220930888,0.9,True,activated,player,player_00683,84.131547138,3.869430055,73.519171039,0.0,0.0,5.8892083,773.181286487,-1e-12,289.353866133,-1062.53515262,8.685773798,0,4,580.329923437,0,0,0,0
277,320,8527.055923152,85.270559232,55.946013912,0.006561,40,4,45,0,0,8,67.518261545,59.666392731,7.851868814,3.006391,0.506777,0.619621,34.896147253,0.9,True,activated,player,player_00581,67.518261545,1.901391578,36.126439977,0.0,0.0,4.726278308,775.082678065,1e-12,284.627587825,-1059.71026589,8.527055923,0,3,185.18646416,1,125.459066226,5,0
278,316,8389.925799203,83.899257992,36.115879509,0.004304672,80,8,85,0,0,18,50.516546183,38.515379992,12.001166191,8.946532,0.214423,0.494105,29.755043635,0.9,True,activated,player,player_00759,50.516546183,2.569543381,48.821324234,0.0,0.0,3.536158233,777.652221446,-0.0,281.091429592,-1058.743651038,8.389925799,0,1,77.057956016,0,0,0,0
279,318,8352.259919552,83.522599196,39.948600275,0.004782969,70,7,75,1,14.889126686,13,54.8572039,40.038020478,14.819183422,7.731147,0.187073,0.442682,21.029103919,0.9,True,activated,player,player_00240,54.8572039,2.834707373,53.859440085,0.0,0.0,3.840004273,780.486928819,2e-12,277.251425319,-1057.738354138,8.35225992,0,1,181.569631277,0,0,0,0
280,321,8503.058421339,85.030584213,45.188738705,0.00531441,60,6,65,0,0,11,61.015867633,55.008337362,6.007530271,5.11934,0.322241,0.548757,28.140266143,0.9,True,activated,player,player_00842,61.015867633,3.010624687,57.201869048,0.0,0.0,4.271110734,783.497553505,-1e-12,272.980314585,-1056.47786809,8.503058421,0,4,35.942258286,1,4.235705967,5,0
281,318,8367.210840255,83.672108403,36.018099059,0.004304672,80,8,85,0,0,13,39.576720027,36.04732423,3.529395797,3.352089,0.510871,0.634296,37.237576619,0.9,True,activated,player,player_00177,39.576720027,2.087663549,39.665607438,0.0,0.0,2.770370402,785.585217055,-1e-12,270.209944183,-1055.795161238,8.36721084,0,1,20.169504036,0,0,0,0
282,315,8334.570118562,83.345701186,49.214803093,0.0059049,50,5,55,0,0,9,66.907706368,64.835132138,2.07257423,4.856865,0.311708,0.491756,25.380153313,0.9,True,activated,player,player_00064,66.907706368,3.050145935,57.952772764,0.0,0.0,4.683539446,788.63536299,1e-12,265.526404737,-1054.161767727,8.334570119,0,1,0.741874039,0,0,0,0
283,317,8339.314886615,83.393148866,39.886684584,0.004782969,70,7,75,0,0,14,54.627033681,52.684038133,1.942995548,5.414393,0.319456,0.591632,37.530953865,0.9,True,activated,player,player_00258,54.627033681,2.354253694,44.730820186,0.0,0.0,3.823892358,790.989616684,-1e-12,261.70251238,-1052.692129063,8.339314887,0,0,0.0,0,0,0,0
284,317,8295.891361356,82.958913614,48.9864089,0.0059049,50,5,55,0,0,10,72.352390193,54.048901758,18.303488435,2.681703,0.553243,0.698319,49.38754959,0.9,True,activated,player,player_00999,72.352390193,1.869429095,35.519152811,0.0,0.0,5.064667314,792.859045779,1e-12,256.637845066,-1049.496890845,8.295891361,0,1,9.528258306,1,6.088091279,5,0
285,320,8525.439031508,85.254390315,50.341864937,0.0059049,50,5,55,0,0,13,70.991582566,51.574493417,19.417089149,5.821075,0.261578,0.566027,35.710864132,0.9,True,activated,player,player_01036,70.991582566,2.964807052,56.331333993,0.0,0.0,4.96941078,795.823852831,-1e-12,251.668434286,-1047.492287118,8.525439032,0,0,0.0,0,0,0,0
286,326,8710.034564394,87.100345644,46.288694789,0.00531441,60,6,65,0,0,14,75.245347553,51.084685224,24.160662329,7.370597,0.207783,0.505931,24.999707457,0.9,True,activated,player,player_00857,75.245347553,3.24389063,61.633921974,0.0,0.0,5.267174329,799.067743461,1e-12,246.401259958,-1045.469003419,8.710034564,0,2,16.325827477,0,0,0,0
287,325,8710.019216529,87.100192165,51.431792472,0.0059049,50,5,55,1,10.282451432,13,95.550333834,90.564753783,4.985580051,2.831159,0.575393,0.614148,26.985093336,0.9,True,activated,player,player_00372,95.550333834,4.706018442,89.414350406,0.0,0.0,6.097013452,803.773761904,-0.0,240.304246506,-1044.07800841,8.710019217,0,3,19.84438704,0,0,0,0
288,326,8746.545390048,87.4654539,57.386084304,0.006561,40,4,45,0,0,8,61.274765488,58.791311463,2.483454025,1.937142,0.704678,0.686266,27.944930516,0.9,True,activated,player,player_00397,61.274765488,1.119251136,21.265771582,0.0,0.0,4.289233584,804.89301304,0.0,236.015012922,-1040.908025962,8.74654539,0,0,0.0,1,10.160903104,5,0
289,317,8364.827738116,83.648277381,44.45412418,0.00531441,60,6,65,0,0,10,51.031275273,50.530428054,0.500847219,2.605223,0.597719,0.495507,19.352013961,0.9,True,activated,player,player_00030,51.031275273,1.205054315,22.896031976,0.0,0.0,3.572189269,806.098067354,-1e-12,232.442823653,-1038.540891007,8.364827738,0,6,332.382469483,0,0,0,0
290,322,8366.331944211,83.663319442,49.402353497,0.0059049,50,5,55,0,0,13,78.464633943,50.618444688,27.846189255,8.431866,0.205455,0.401047,15.102022654,0.9,True,activated,player,player_01047,78.464633943,3.391809622,64.444382818,0.0,0.0,5.492524376,809.489876976,1e-12,226.950299277,-1036.440176253,8.366331944,0,2,27.956603552,0,0,0,0
291,320,8322.675260739,83.226752607,49.144565147,0.0059049,50,5,55,0,0,14,70.997242672,57.999339999,12.997902673,3.835985,0.467586,0.500305,19.89902968,0.9,True,activated,player,player_00133,70.997242672,3.777427342,71.771119506,0.0,0.0,4.969806987,813.267304319,-1e-12,221.98049229,-1035.247796609,8.322675261,0,1,22.546357185,0,0,0,0
292,323,8318.266314149,83.182663141,39.786009914,0.004782969,70,7,75,0,0,16,134.973642033,51.871835907,83.101806126,7.309837,0.252609,0.544037,21.955831352,0.9,True,activated,player,player_00819,134.973642033,6.958508135,132.211654567,0.0,0.0,5.82278642,820.225812454,0.0,216.15770587,-1036.383518324,8.318266314,0,2,42.154461979,0,0,0,0
293,325,8424.709512862,84.247095129,32.639050792,0.003874205,90,9,95,1,0.953633992,14,58.798742196,35.009899862,23.788842334,5.647713,0.333764,0.55416,26.488199797,0.9,True,activated,player,player_01061,58.798742196,2.164487414,41.125260873,0.0,0.0,4.115911954,822.390299868,-0.0,212.041793916,-1034.432093784,8.424709513,0,1,22.929227193,0,0,0,0
294,325,8447.153191327,84.471531913,49.879594879,0.0059049,50,5,55,1,1.057265814,12,69.743399806,53.739461021,16.003938785,6.934765,0.276581,0.4337,11.374050623,0.9,True,activated,player,player_00968,69.743399806,3.636046652,69.084886391,0.0,0.0,4.882037986,826.02634652,-0.0,207.15975593,-1033.18610245,8.447153191,0,1,1.592388902,0,0,0,0
295,320,8191.482540272,81.914825403,53.744316947,0.006561,40,4,45,0,0,13,69.629643744,54.170611432,15.459032312,6.743497,0.234505,0.483625,21.448944209,0.9,True,activated,player,player_00687,69.629643744,2.908761849,55.266475123,0.0,0.0,4.874075062,828.935108369,2e-12,202.285680868,-1031.220789237,8.19148254,0,4,222.301301712,1,4.302607643,5,0
296,328,8277.080140917,82.770801409,43.987797472,0.00531441,60,6,65,1,0.721891076,13,55.437193318,46.717235852,8.719957466,5.281808,0.341868,0.566531,37.42564298,0.9,True,activated,staker,staker_01851,55.437193318,2.771859666,16.631157995,16.631157995,36.034175657,0.0,831.706968035,-1e-12,254.95101452,-1086.657982555,8.277080141,0,0,0.0,0,0,0,0
297,330,8313.025362274,83.130253623,49.087583462,0.0059049,50,5,55,0,0,9,94.450513504,57.063905076,37.386608428,3.762692,0.395833,0.606496,29.792513945,0.9,True,activated,player,player_01079,94.450513504,3.144151141,59.738871688,0.0,0.0,5.819117754,834.851119176,1e-12,249.131896766,-1083.983015943,8.313025362,0,2,127.909858632,1,13.732804803,5,0
298,330,8221.391250202,82.213912502,39.322659487,0.004782969,70,7,75,0,0,9,41.112795393,39.525234171,1.587561222,4.497745,0.348931,0.506544,17.43586895,0.9,True,activated,staker,staker_01748,41.112795393,2.05563977,12.333838618,12.333838618,26.723317005,0.0,836.906758946,0.0,288.18905239,-1125.095811336,8.22139125,0,1,97.385977809,1,3.419918943,5,0
299,324,8212.59717804,82.12597178,43.645108569,0.00531441,60,6,65,0,0,14,94.041139777,66.01584992,28.025289857,4.304785,0.433197,0.601021,32.30504203,0.9,True,activated,staker,staker_01729,94.041139777,4.702056989,28.212341933,28.212341933,61.126740855,0.0,841.608815935,-0.0,377.528135178,-1219.136951113,8.212597178,0,1,17.160845791,0,0,0,0
300,324,8302.220703193,83.022207032,44.121404727,0.00531441,60,6,65,0,0,13,121.549620222,76.743859003,44.805761219,5.62818,0.243379,0.582039,35.591074701,0.9,True,activated,staker,staker_01748,121.549620222,6.077481011,36.464886067,36.464886067,79.007253144,0.0,847.686296946,-1e-12,493.000274389,-1340.686571335,8.302220703,0,1,4.506438154,0,0,0,0
301,320,8381.776333628,83.817763336,29.225446973,0.003486784,100,10,105,0,0,15,64.145957539,61.860035807,2.285921732,2.730709,0.589737,0.65331,36.013652484,0.9,True,activated,player,player_01047,64.145957539,1.540345796,29.266570133,0.0,0.0,4.490217028,849.226642742,0.0,488.510057361,-1337.736700103,8.381776334,0,0,0.0,0,0,0,0
302,325,8541.478371207,85.414783712,33.091437274,0.003874205,90,9,95,0,0,14,49.638310377,45.123592139,4.514718238,5.522141,0.284896,0.565461,26.337185632,0.9,True,activated,player,player_01098,49.638310377,1.948561426,37.022667097,0.0,0.0,3.474681726,851.175204169,1e-12,485.035375634,-1336.210579803,8.541478371,0,3,33.961834744,0,0,0,0
303,324,8490.037958628,84.900379586,50.132825142,0.0059049,50,5,55,0,0,8,60.041197718,60.041197718,0,2.168892,0.658706,0.588691,17.187171442,0.9,True,activated,player,player_00559,60.041197718,1.234730457,23.459878687,0.0,0.0,4.20288384,852.409934626,-1e-12,480.832491794,-1333.24242642,8.490037959,0,2,39.515581638,0,0,0,0
304,323,8444.749588073,84.447495881,40.390975493,0.004782969,70,7,75,0,0,14,51.467880684,46.631982324,4.83589836,5.490199,0.291099,0.568504,28.055124751,0.9,True,activated,player,player_00935,51.467880684,2.547701175,48.406322322,0.0,0.0,3.602751648,854.957635801,-1e-12,477.229740146,-1332.187375947,8.444749588,0,3,46.176229571,1,11.947681979,5,0
305,326,8460.57764292,84.605776429,36.420012529,0.004304672,80,8,85,0,0,13,37.41079237,37.41079237,0,7.023997,0.251531,0.459331,21.788664863,0.9,True,activated,player,player_00380,37.41079237,1.530979327,29.088607222,0.0,0.0,2.618755466,856.488615128,-0.0,474.61098468,-1331.099599809,8.460577643,0,1,2.785392844,0,0,0,0
306,322,8395.468569247,83.954685692,36.139739316,0.004304672,80,8,85,1,2.073336696,12,46.351282841,46.351282841,0,2.647367,0.594147,0.662205,31.691350818,0.9,True,activated,player,player_01111,46.351282841,1.102820209,20.953583975,0.0,0.0,3.244589799,857.591435337,-0.0,471.366394882,-1328.957830219,8.395468569,0,7,109.907611034,0,0,0,0
307,325,8486.231769289,84.862317693,45.099314977,0.00531441,60,6,65,0,0,13,56.865794494,48.140016093,8.725778401,6.205344,0.257899,0.507897,24.473628363,0.9,True,activated,player,player_00935,56.865794494,2.309037094,43.871704789,0.0,0.0,3.980605615,859.900472431,-0.0,467.385789267,-1327.286261698,8.486231769,0,1,22.110215103,0,0,0,0
308,327,8530.580218963,85.30580219,55.969136817,0.006561,40,4,45,0,0,8,58.177580139,58.177580139,0,4.763095,0.341314,0.419871,10.281013309,0.9,True,activated,player,player_01086,58.177580139,2.119658558,40.2735126,0.0,0.0,4.07243061,862.020130989,-0.0,463.313358657,-1325.333489647,8.530580219,0,0,0.0,0,0,0,0
309,328,8441.952157325,84.419521573,32.705852329,0.003874205,90,9,95,0,0,16,53.587682263,34.380573845,19.207108418,6.674159,0.277509,0.54927,24.687454519,0.9,True,activated,player,player_01116,53.587682263,2.710902344,51.507144543,0.0,0.0,3.751137758,864.731033334,2e-12,459.562220899,-1324.293254233,8.441952157,0,2,133.845385949,0,0,0,0
310,326,8469.701808775,84.697018088,45.01146799,0.00531441,60,6,65,0,0,10,79.593358263,79.593358263,0,3.656702,0.480682,0.511362,11.479182441,0.9,True,activated,staker,staker_01614,79.593358263,3.979667913,23.878007479,23.878007479,51.735682871,0.0,868.710701247,1e-12,535.175911249,-1403.886612496,8.469701809,0,0,0.0,0,0,0,0
311,324,8537.356150461,85.373561505,56.013593703,0.006561,40,4,45,0,0,9,150.068088099,143.509318805,6.558769294,3.089584,0.484975,0.643776,21.652110074,0.9,True,activated,player,player_01125,150.068088099,4.163249279,79.101736298,0.0,0.0,5.976149305,872.873950526,-0.0,529.199761943,-1402.073712469,8.53735615,0,1,8.300332379,0,0,0,0
312,324,8508.138373589,85.081383736,55.821895869,0.006561,40,4,45,0,0,8,63.938021395,62.246521556,1.691499839,2.220511,0.642498,0.677528,33.586139448,0.9,True,activated,player,player_00398,63.938021395,1.366681814,25.966954458,0.0,0.0,4.475661498,874.240632339,0.0,524.724100446,-1398.964732785,8.508138374,0,1,20.452255932,1,31.675775937,5,0
313,320,7929.488187623,79.294881876,34.133846569,0.004304672,80,8,85,1,1.261423944,13,69.183698763,65.664095668,3.519603095,3.542666,0.448258,0.634782,38.973262202,0.9,True,activated,player,player_01128,69.183698763,2.150720473,40.863688985,0.0,0.0,4.842858913,876.391352812,-0.0,519.881241532,-1396.272594345,7.929488188,0,3,518.462923286,0,0,0,0
314,322,7938.056356431,79.380563564,42.186086081,0.00531441,60,6,65,0,0,13,85.454764702,43.133073494,42.321691208,5.406606,0.326627,0.56913,23.903692756,0.9,True,activated,player,player_00181,85.454764702,3.933820075,74.742581425,0.0,0.0,5.55663945,880.325172887,-1e-12,514.324602083,-1394.64977497,7.938056356,0,0,0.0,1,391.282664286,5,0
315,323,7579.315199994,75.793152,36.251629643,0.004782969,70,7,75,1,3.162074647,11,54.463390242,54.463390242,0,3.160677,0.422243,0.650659,44.960043202,0.9,True,activated,staker,staker_01746,54.463390242,2.723169512,16.339017073,16.339017073,35.401203657,0.0,883.048342399,1e-12,566.064822813,-1449.113165212,7.5793152,0,1,17.224642459,0,0,0,0
316,321,7555.417917831,75.554179178,49.571096959,0.006561,40,4,45,0,0,9,95.117840244,94.323801027,0.794039217,3.566492,0.445834,0.595098,31.616151987,0.9,True,activated,player,player_00431,95.117840244,4.118745237,78.256159496,0.0,0.0,5.288792542,887.167087636,-0.0,560.77603027,-1447.943117906,7.555417918,0,2,29.862269432,0,0,0,0
317,324,7706.381897642,77.063818976,36.859385719,0.004782969,70,7,75,1,0.993617419,14,61.511831294,48.638851258,12.872980036,5.144361,0.312024,0.623918,45.02309428,0.9,True,activated,player,player_00945,61.511831294,3.224407836,61.263748886,0.0,0.0,4.305828191,890.391495472,0.0,556.47020208,-1446.861697552,7.706381898,0,5,55.655380987,0,0,0,0
318,331,8047.260027993,80.47260028,42.766439165,0.00531441,60,6,65,0,0,11,47.566506302,46.937876566,0.628629736,4.128263,0.418773,0.570429,23.362117024,0.9,True,activated,player,player_00962,47.566506302,2.378596794,45.193339082,0.0,0.0,3.329655441,892.770092266,-0.0,553.140546639,-1445.910638904,8.047260028,0,0,0.0,1,6.207260156,5,0
319,331,8065.345114983,80.65345115,42.862550733,0.00531441,60,6,65,2,2.836489587,11,84.494171031,58.909535324,25.584635707,5.525881,0.263356,0.518606,19.369485088,0.9,True,activated,player,player_01061,84.494171031,3.78304129,71.877784506,0.0,0.0,5.64574158,896.553133556,1e-12,547.494805058,-1444.047938614,8.065345115,0,0,0.0,0,0,0,0
320,331,8048.06334907,80.480633491,47.52300927,0.0059049,50,5,55,0,0,9,60.967637328,57.226117445,3.741519883,4.901998,0.316657,0.475535,15.613750904,0.9,True,activated,player,player_00116,60.967637328,3.20174556,60.833165647,0.0,0.0,4.267734613,899.754879116,0.0,543.227070445,-1442.981949561,8.048063349,0,1,7.101524114,1,3.763076368,5,0
321,327,7907.881023363,79.078810234,34.040834811,0.004304672,80,8,85,0,0,17,72.541442116,34.469181639,38.072260477,6.257528,0.300237,0.580136,41.74493925,0.9,True,activated,player,player_01107,72.541442116,3.655875546,69.461635371,0.0,0.0,5.077900948,903.410754662,-0.0,538.149169497,-1441.559924159,7.907881023,0,6,127.739648443,0,0,0,0
322,326,7748.220551206,77.482205512,50.836075036,0.006561,40,4,45,0,0,8,64.642697725,64.271267766,0.371429959,2.623733,0.584889,0.609764,20.108607536,0.9,True,activated,player,player_00697,64.642697725,2.991124523,56.831365944,0.0,0.0,4.524988841,906.401879185,0.0,533.624180656,-1440.026059841,7.748220551,0,3,53.652570304,0,0,0,0
323,322,7760.759429326,77.607594293,41.243857519,0.00531441,60,6,65,0,0,11,51.702777046,46.600879302,5.101897744,6.874297,0.202942,0.418276,18.336415862,0.9,True,activated,player,player_01153,51.702777046,2.258711439,42.915517339,0.0,0.0,3.619194393,908.660590624,-1e-12,530.004986263,-1438.665576887,7.760759429,0,3,37.288588835,0,0,0,0
324,320,7953.178972339,79.531789723,46.962726514,0.0059049,50,5,55,0,0,9,77.055005354,77.055005354,0,2.464243,0.543992,0.717767,55.847767127,0.9,True,activated,player,player_01156,77.055005354,2.87043906,54.538342143,0.0,0.0,5.393850375,911.531029684,-1e-12,524.611135888,-1436.142165572,7.953178972,0,0,0.0,0,0,0,0
325,327,8084.130048483,80.841300485,47.735979523,0.0059049,50,5,55,0,0,10,94.765483437,65.860335649,28.905147788,5.236541,0.305018,0.500276,19.189942337,0.9,True,activated,player,player_00317,94.765483437,3.927136831,74.615599796,0.0,0.0,5.658891034,915.458166516,0.0,518.952244854,-1434.41041137,8.084130048,0,0,0.0,1,2.259077176,5,0
326,322,7932.822456374,79.328224564,27.660041597,0.003486784,100,10,105,1,0.729085946,18,66.664902513,55.261045556,11.403856957,5.069127,0.386413,0.635943,59.863095415,0.9,True,activated,player,player_01000,66.664902513,3.521496767,66.908438576,0.0,0.0,4.666543176,918.979663283,2e-12,514.285701678,-1433.265364961,7.932822456,0,4,33.356389985,0,0,0,0
327,323,8540.087212716,85.400872127,50.428360982,0.0059049,50,5,55,0,0,11,58.662101277,50.721941097,7.94016018,4.835758,0.34276,0.560257,26.315092802,0.9,True,activated,player,player_00469,58.662101277,3.029070093,57.552331767,0.0,0.0,4.106347089,922.008733376,-1e-12,510.179354589,-1432.188087965,8.540087213,0,6,40.976511813,0,0,0,0
328,324,8549.514589014,85.49514589,36.80285692,0.004304672,80,8,85,0,0,11,39.122462974,38.286065433,0.836397541,6.818188,0.28331,0.381251,13.245745818,0.9,True,activated,player,player_00848,39.122462974,1.946413454,36.981855617,0.0,0.0,2.738572408,923.955146829,-1e-12,507.440782181,-1431.39592901,8.549514589,0,3,32.786268934,0,0,0,0
329,327,8623.590226617,86.235902266,41.246364723,0.004782969,70,7,75,0,0,9,56.207933731,56.207933731,0,4.313501,0.398534,0.506784,11.894457968,0.9,True,activated,player,player_01170,56.207933731,1.887085649,35.854627329,0.0,0.0,3.934555361,925.842232478,-0.0,503.50622682,-1429.348459298,8.623590227,0,0,0.0,0,0,0,0
330,331,8694.584738843,86.945847388,51.340653424,0.0059049,50,5,55,0,0,13,61.622998224,54.542482976,7.080515248,5.211157,0.303549,0.599251,29.089845836,0.9,True,activated,player,player_00879,61.622998224,2.361549102,44.869432942,0.0,0.0,4.313609876,928.20378158,-1e-12,499.192616944,-1427.396398524,8.694584739,0,2,24.442302784,0,0,0,0
331,325,8643.273738228,86.432737382,45.933900387,0.00531441,60,6,65,0,0,12,61.936808838,55.9609756,5.975833238,3.370828,0.472964,0.678236,54.221978699,0.9,True,activated,staker,staker_02130,61.936808838,3.096840442,18.581042651,18.581042651,40.258925745,0.0,931.300622022,-1e-12,558.03258534,-1489.333207362,8.643273738,0,3,26.210086729,0,0,0,0
332,324,8409.692172472,84.096921725,61.306655937,0.00729,30,3,35,0,0,9,82.548259746,65.90421954,16.644040206,2.258333,0.638212,0.707343,27.741388316,0.9,True,activated,player,player_00317,82.548259746,1.782166437,33.861162298,0.0,0.0,5.778378182,933.082788459,-0.0,552.254207158,-1485.336995617,8.409692172,0,1,4.854088533,0,0,0,0
333,324,8398.276295612,83.982762956,49.590981698,0.0059049,50,5,55,0,0,14,86.884610898,62.479841024,24.404769874,7.970343,0.23355,0.442551,23.587410079,0.9,True,activated,player,player_00342,86.884610898,3.623573663,68.847899598,0.0,0.0,5.878793407,936.706362122,1e-12,546.375413751,-1483.081775873,8.398276296,0,0,0.0,0,0,0,0
334,326,8429.915491581,84.299154916,49.777807986,0.0059049,50,5,55,0,0,12,68.629743098,52.882125513,15.747617585,4.345259,0.426588,0.568006,24.608295848,0.9,True,activated,player,player_00908,68.629743098,2.207860839,41.949355946,0.0,0.0,4.804082017,938.914222961,-1e-12,541.571331734,-1480.485554695,8.429915492,0,0,0.0,0,0,0,0
335,320,8518.696671093,85.186966711,40.744662098,0.004782969,70,7,75,0,0,19,68.058767789,46.226581794,21.832185995,7.041911,0.303517,0.51137,31.386464733,0.9,True,activated,player,player_01189,68.058767789,2.608295326,49.557611191,0.0,0.0,4.764113745,941.522518287,-1e-12,536.807217989,-1478.329736276,8.518696671,0,1,24.78700268,1,11.66331752,5,0
336,321,8772.908307664,87.729083077,57.559051407,0.006561,40,4,45,0,0,10,62.150886646,61.273840246,0.8770464,3.928921,0.335551,0.615503,33.497004773,0.9,True,activated,player,player_01194,62.150886646,2.28233337,43.364334035,0.0,0.0,4.350562065,943.804851657,2e-12,532.456655924,-1476.261507581,8.772908308,0,2,14.43469896,0,0,0,0
337,321,8733.315961202,87.333159612,46.412421677,0.00531441,60,6,65,0,0,19,101.696522773,81.050857607,20.645665166,6.710753,0.319913,0.560138,30.527461394,0.9,True,activated,player,player_00969,101.696522773,3.76378843,71.511980174,0.0,0.0,6.113321173,947.568640088,0.0,526.343334751,-1473.911974838,8.733315961,0,3,56.403184993,1,25.669588511,5,0
338,325,8897.782516537,88.977825165,42.557817945,0.004782969,70,7,75,0,0,18,71.75136748,46.890913169,24.860454311,8.647743,0.208898,0.507454,25.617901597,0.9,True,activated,player,player_00676,71.75136748,3.133703346,59.540363579,0.0,0.0,5.022595724,950.702343434,2e-12,521.320739027,-1472.023082461,8.897782517,0,4,51.618723633,1,9.934767309,5,0
339,318,8710.920321273,87.109203213,37.497655672,0.004304672,80,8,85,0,0,14,53.841273467,51.870492692,1.970780775,6.403856,0.301276,0.519894,24.724975257,0.9,True,activated,player,player_00266,53.841273467,2.461777614,46.773774657,0.0,0.0,3.768889143,953.164121047,-0.0,517.551849884,-1470.715970932,8.710920321,0,6,83.99996798,1,8.711971288,5,0
340,321,8842.415600283,88.424156003,38.063699731,0.004304672,80,8,85,1,0.965857306,17,77.028493225,41.482397714,35.546095511,10.479647,0.204662,0.397843,17.552059321,0.9,True,activated,player,player_01213,77.028493225,3.925321825,74.581114673,0.0,0.0,5.391994526,957.089442872,-2e-12,512.159855359,-1469.249298231,8.8424156,0,2,48.411387341,1,16.271936437,5,0
341,321,8861.984974395,88.619849744,42.386599411,0.004782969,70,7,75,0,0,18,71.990539469,48.849988063,23.140551406,9.978401,0.177183,0.461063,34.179944588,0.9,True,activated,player,player_01038,71.990539469,3.461192143,65.76265072,0.0,0.0,5.039337763,960.550635015,2e-12,507.120517596,-1467.671152611,8.861984974,0,4,40.174636747,0,0,0,0
342,320,8835.801010045,88.3580101,46.957069246,0.00531441,60,6,65,1,1.768776965,11,47.01345195,47.01345195,0,4.593199,0.382946,0.54298,24.236763333,0.9,True,activated,player,player_00034,47.01345195,2.170133165,41.232530134,0.0,0.0,3.290941637,962.72076818,-0.0,503.829575959,-1466.55034414,8.83580101,0,1,5.921610219,0,0,0,0
343,319,8890.621488002,88.90621488,42.523566968,0.004782969,70,7,75,0,0,13,81.873814419,74.205951238,7.667863181,2.529579,0.611057,0.697918,52.448854265,0.9,True,activated,player,player_00315,81.873814419,4.335677383,82.377870285,0.0,0.0,5.731167009,967.056445564,-2e-12,498.09840895,-1465.154854514,8.890621488,0,2,11.142644767,0,0,0,0
344,315,8829.119945113,88.291199451,64.3642844,0.00729,30,3,35,0,0,12,128.103086594,88.131804247,39.971282347,6.5352,0.28981,0.449163,19.654167491,0.9,True,activated,player,player_00879,128.103086594,5.757981868,109.401655495,0.0,0.0,6.180383962,972.814427432,-0.0,491.918024988,-1464.73245242,8.829119945,0,0,0.0,0,0,0,0
345,312,8693.285833542,86.932858335,41.57971665,0.004782969,70,7,75,0,0,16,57.8971725,53.185698439,4.711474061,5.766238,0.279594,0.599348,40.648276148,0.9,True,activated,player,player_00431,57.8971725,2.288113661,43.474159564,0.0,0.0,4.052802075,975.102541093,1e-12,487.865222913,-1462.967764007,8.693285834,0,3,138.801075708,0,0,0,0
346,308,8532.407064263,85.324070643,40.810238484,0.004782969,70,7,75,0,0,13,47.242520648,45.4380983,1.804422348,5.352599,0.37618,0.501977,17.088199485,0.9,True,activated,player,player_00353,47.242520648,1.638890428,31.138918134,0.0,0.0,3.306976445,976.741431521,1e-12,484.558246468,-1461.299677989,8.532407064,0,2,41.714962362,0,0,0,0
347,308,8565.737988643,85.657379886,45.521843624,0.00531441,60,6,65,0,0,10,46.576750386,46.576750386,0,4.177671,0.399802,0.57057,23.519936067,0.9,True,activated,player,player_00211,46.576750386,2.143975513,40.735534749,0.0,0.0,3.260372527,978.885407034,-1e-12,481.297873941,-1460.183280976,8.565737989,0,3,33.403538373,0,0,0,0
348,307,8167.504818228,81.675048182,43.405469281,0.00531441,60,6,65,0,0,13,59.94047582,48.510457638,11.430018182,8.55415,0.199396,0.389272,17.128973209,0.9,True,activated,player,player_00665,59.94047582,2.865034081,54.435647539,0.0,0.0,4.195833307,981.750441115,1e-12,477.102040634,-1458.852481749,8.167504818,0,4,212.470025788,1,17.051064172,5,0
349,310,8172.353530493,81.723535305,48.256930362,0.0059049,50,5,55,0,0,9,55.727769229,55.727769229,0,3.42452,0.441252,0.609918,14.434512071,0.9,True,activated,player,player_00921,55.727769229,2.191955121,41.647147298,0.0,0.0,3.900943846,983.942396236,-1e-12,473.201096788,-1457.143493024,8.17235353,0,2,41.792332336,0,0,0,0
350,305,8133.327587281,81.333275873,31.510177511,0.003874205,90,9,95,0,0,17,46.756349425,37.916438489,8.839910936,12.79454,0.136847,0.313652,16.752726984,0.9,True,activated,player,player_01240,46.756349425,2.453110744,46.609104144,0.0,0.0,3.27294446,986.395506981,-0.0,469.928152328,-1456.323659309,8.133327587,0,3,32.62356919,0,0,0,0
351,307,8141.064167648,81.410641676,53.413522004,0.006561,40,4,45,0,0,11,80.551030723,65.633370661,14.917660062,6.295153,0.304568,0.430604,12.632228354,0.9,True,activated,player,player_00665,80.551030723,3.788555312,71.982550932,0.0,0.0,5.638572151,990.184062293,-0.0,464.289580177,-1454.47364247,8.141064168,0,1,31.493915811,0,0,0,0
352,310,8144.723237235,81.447232372,38.955958757,0.004782969,70,7,75,1,8.373824276,11,49.585079655,47.715821681,1.869257974,6.144202,0.253547,0.474913,18.79591952,0.9,True,activated,player,player_01244,49.585079655,2.024193275,38.459672224,0.0,0.0,3.470955576,992.208255568,2e-12,460.818624601,-1453.02688017,8.144723237,0,2,9.22316423,0,0,0,0
353,315,8188.873651749,81.888736517,35.250415939,0.004304672,80,8,85,1,7.983661014,13,41.63545727,41.63545727,0,8.381418,0.200699,0.410777,16.04511816,0.9,True,activated,player,player_01121,41.63545727,1.912869713,36.344524555,0.0,0.0,2.914482009,994.121125281,1e-12,457.904142593,-1452.025267874,8.188873652,0,1,7.106661875,1,3.254361491,5,0
354,317,8017.045547745,80.170455477,52.599835839,0.006561,40,4,45,0,0,9,68.716148171,68.716148171,0,5.504311,0.260963,0.437926,11.976544699,0.9,True,activated,player,player_00577,68.716148171,3.281486788,62.348248981,0.0,0.0,4.810130372,997.40261207,-1e-12,453.094012221,-1450.49662429,8.017045548,0,2,214.239273368,0,0,0,0
355,323,8159.382563249,81.593825632,39.026073859,0.004782969,70,7,75,0,0,14,61.953811482,55.233978521,6.719832961,7.419093,0.240584,0.451408,15.782849904,0.9,True,activated,player,player_01153,61.953811482,2.569274116,48.816208209,0.0,0.0,4.336766804,999.971886186,-0.0,448.757245417,-1448.729131603,8.159382563,0,1,19.423939315,1,9.975478999,5,0
356,317,8195.383057571,81.953830576,43.553625675,0.00531441,60,6,65,0,0,11,52.732663543,52.732663543,0,4.234054,0.409993,0.582934,20.286978356,0.9,True,activated,player,player_01246,52.732663543,2.673439732,50.795354905,0.0,0.0,3.691286448,1002.645325918,-0.0,445.065958969,-1447.711284887,8.195383058,0,2,36.88029563,0,0,0,0
357,320,8386.668215117,83.866682151,32.49167101,0.003874205,90,9,95,1,11.124402568,15,56.533364514,37.355360173,19.178004341,4.757608,0.339233,0.617992,46.994110357,0.9,True,activated,player,player_00325,56.533364514,2.984707759,56.709447416,0.0,0.0,3.957335516,1005.630033677,1e-12,441.108623453,-1446.73865713,8.386668215,0,4,68.905972735,1,7.687132893,5,0
358,316,8106.331227181,81.063312272,43.080367737,0.00531441,60,6,65,0,0,11,56.494532249,45.532187397,10.962344852,4.003034,0.427486,0.58883,20.345197094,0.9,True,activated,player,player_01267,56.494532249,1.814927674,34.483625814,0.0,0.0,3.954617257,1007.444961351,-0.0,437.154006195,-1444.598967547,8.106331227,0,8,252.211961375,0,0,0,0
359,313,8025.067871799,80.250678718,34.545285768,0.004304672,80,8,85,0,0,17,46.692189595,37.775370516,8.916819079,10.219742,0.161827,0.448915,20.936231271,0.9,True,activated,staker,staker_02182,46.692189595,2.33460948,14.007656878,14.007656878,30.349923237,0.0,1009.779570831,-1e-12,481.511586311,-1491.291157142,8.025067872,0,3,65.375444649,0,0,0,0
360,317,8229.669097286,82.296690973,48.595373053,0.0059049,50,5,55,0,0,12,66.696295251,48.84278164,17.853513611,5.478322,0.254771,0.567813,39.852399455,0.9,True,activated,player,player_00928,66.696295251,2.718636794,51.654099079,0.0,0.0,4.668740668,1012.498207625,0.0,476.842845643,-1489.341053268,8.229669097,0,4,52.580077186,0,0,0,0
361,321,8276.890988741,82.768909887,48.874213599,0.0059049,50,5,55,1,0.474382931,10,81.292440714,64.74196973,16.550470984,4.842441,0.364894,0.506997,19.441342132,0.9,True,activated,player,player_00658,81.292440714,3.644666977,69.248672554,0.0,0.0,5.69047085,1016.142874601,-1e-12,471.152374793,-1487.295249394,8.276890989,0,1,7.210926467,0,0,0,0
362,321,8233.783113747,82.337831137,43.757699318,0.00531441,60,6,65,0,0,12,56.127441376,47.496448229,8.630993147,7.287218,0.232798,0.437022,14.911548881,0.9,True,activated,player,player_01048,56.127441376,2.825953124,53.693109358,0.0,0.0,3.928920896,1018.968827725,1e-12,467.223453897,-1486.192281622,8.233783114,0,2,102.428431503,1,9.613785917,5,0
363,322,8232.217886613,82.322178866,39.374442953,0.004782969,70,7,75,1,4.873844862,15,54.063019073,47.365026187,6.697992886,6.945216,0.215379,0.541491,28.161542246,0.9,True,activated,player,player_00815,54.063019073,2.343743989,44.531135793,0.0,0.0,3.784411335,1021.312571714,1e-12,463.439042562,-1484.751614276,8.232217887,0,1,34.743143438,0,0,0,0
364,322,8027.629787633,80.276297876,38.395904418,0.004782969,70,7,75,1,2.538335917,15,54.7809461,39.779487637,15.001458463,8.764,0.176372,0.461123,25.169525831,0.9,True,activated,staker,staker_01874,54.7809461,2.739047305,16.43428383,16.43428383,35.607614965,0.0,1024.051619019,-1e-12,515.480941357,-1539.532560376,8.027629788,0,3,307.582520761,0,0,0,0
365,323,8084.662310026,80.8466231,38.668689204,0.004782969,70,7,75,0,0,14,44.601984129,41.635873106,2.966111023,5.406312,0.365305,0.536442,29.970650183,0.9,True,activated,player,player_00570,44.601984129,2.26356729,43.007778519,0.0,0.0,3.122138889,1026.31518631,0.0,512.358802468,-1538.673988777,8.08466231,0,4,98.238138239,0,0,0,0
366,324,8205.151390532,82.051513905,53.833998273,0.006561,40,4,45,0,0,7,60.414045853,54.992520254,5.421525599,1.904031,0.711489,0.649052,22.276560648,0.9,True,activated,player,player_00398,60.414045853,1.082955619,20.576156765,0.0,0.0,4.22898321,1027.398141929,-1e-12,508.129819258,-1535.527961187,8.205151391,0,1,1.83261669,0,0,0,0
367,321,8213.619521946,82.136195219,35.356938796,0.004304672,80,8,85,1,3.147481822,17,82.878579184,58.404625092,24.473954092,8.425319,0.229603,0.51864,20.966028262,0.9,True,activated,player,player_00660,82.878579184,4.01164165,76.221191349,0.0,0.0,5.749533665,1031.409783579,-1e-12,502.380285593,-1533.790069172,8.213619522,0,1,43.448834287,0,0,0,0
368,316,7756.813499707,77.568134997,30.051484791,0.003874205,90,9,95,1,0.329120145,15,54.02849842,34.364446637,19.664051783,6.302673,0.334049,0.497912,28.570210642,0.9,True,activated,player,player_00885,54.02849842,2.8269041,53.711177895,0.0,0.0,3.781994889,1034.236687679,2e-12,498.598290703,-1532.834978382,7.7568135,0,5,442.879499654,0,0,0,0
369,318,7803.027183088,78.030271831,46.076095213,0.0059049,50,5,55,0,0,8,78.308254501,78.308254501,0,5.104985,0.333266,0.399885,8.779375493,0.9,True,activated,player,player_01306,78.308254501,3.924338385,74.562429316,0.0,0.0,5.462119028,1038.161026064,-1e-12,493.136171675,-1531.297197739,7.803027183,0,2,7.931553864,1,29.065711915,5,0
370,322,7918.584120519,79.185841205,37.874342372,0.004782969,70,7,75,0,0,10,46.784177837,38.500734095,8.283443742,7.686349,0.177057,0.303005,12.599700027,0.9,True,activated,player,player_00437,46.784177837,2.144551585,40.746480112,0.0,0.0,3.274892449,1040.305577649,-0.0,489.861279226,-1530.166856875,7.918584121,0,1,1.083532533,0,0,0,0
371,323,7848.730635143,78.487306351,37.540235317,0.004782969,70,7,75,1,1.237446484,11,48.591674642,48.591674642,0,3.215872,0.467515,0.660993,36.946379069,0.9,True,activated,player,player_01095,48.591674642,2.470802029,46.945238551,0.0,0.0,3.401417225,1042.776379678,-1e-12,486.459862001,-1529.236241679,7.848730635,0,2,12.993004843,0,0,0,0
372,328,7904.197715968,79.04197716,57.621601349,0.00729,30,3,35,0,0,15,195.103590723,109.965763994,85.137826729,3.831582,0.406913,0.705343,59.621618934,0.9,True,activated,player,player_01035,195.103590723,9.081876436,172.555652289,0.0,0.0,5.532938401,1051.858256114,-0.0,480.9269236,-1532.785179714,7.904197716,0,0,0.0,1,23.439343181,5,0
373,329,7790.343431904,77.903434319,37.260971134,0.004782969,70,7,75,0,0,11,41.971284662,41.971284662,0,3.824657,0.436015,0.622834,34.056864338,0.9,True,activated,staker,staker_02218,41.971284662,2.098564233,12.591385399,12.591385399,27.28133503,0.0,1053.956820347,-1e-12,520.799644029,-1574.756464376,7.790343432,0,1,99.117056254,0,0,0,0
374,326,8139.166951362,81.391669514,43.254870238,0.00531441,60,6,65,2,2.72213577,10,47.704490645,47.704490645,0,6.681534,0.210971,0.400717,11.040875138,0.9,True,activated,staker,staker_01833,47.704490645,2.385224532,14.311347193,14.311347193,31.007918919,0.0,1056.342044879,-0.0,566.118910142,-1622.460955021,8.139166951,0,3,36.365799217,1,5.996820701,5,0
375,323,7995.541562378,79.955415624,38.242427431,0.004782969,70,7,75,0,0,14,52.226679615,43.440544772,8.786134843,5.317243,0.325394,0.595505,27.389050855,0.9,True,activated,player,player_01213,52.226679615,1.944415715,36.94389858,0.0,0.0,3.655867573,1058.286460594,2e-12,562.463042569,-1620.749503163,7.995541562,0,2,170.762643047,0,0,0,0
376,327,8031.84462242,80.318446224,52.696932568,0.006561,40,4,45,0,0,9,68.367473771,54.033930696,14.333543075,4.870581,0.364664,0.459069,13.026178326,0.9,True,activated,player,player_00034,68.367473771,3.350403167,63.657660171,0.0,0.0,4.785723164,1061.636863761,-2e-12,557.677319405,-1619.314183166,8.031844622,0,1,4.765023018,0,0,0,0
377,330,8013.578784309,80.135787843,38.328698904,0.004782969,70,7,75,0,0,17,50.797235998,42.161459359,8.635776639,12.790288,0.122309,0.322856,20.443946717,0.9,True,activated,player,player_01324,50.797235998,2.611745682,49.623167959,0.0,0.0,3.55580652,1064.248609443,2e-12,554.121512885,-1618.370122328,8.013578784,0,2,58.268062882,1,11.341520037,5,0
378,329,8036.630285543,80.366302855,42.709948356,0.00531441,60,6,65,0,0,12,50.6547965,47.328689564,3.326106936,3.275354,0.525573,0.599544,16.880919914,0.9,True,activated,player,player_00353,50.6547965,1.37889237,26.198955031,0.0,0.0,3.545835755,1065.627501813,0.0,550.57567713,-1616.203178943,8.036630286,0,1,42.372501572,0,0,0,0
379,325,7921.740229729,79.217402297,37.889437945,0.004782969,70,7,75,1,8.307196018,16,53.334358804,40.734176429,12.600182375,9.809508,0.18093,0.439108,19.385445875,0.9,True,activated,player,player_01331,53.334358804,2.749701254,52.244323835,0.0,0.0,3.733405116,1068.377203067,0.0,546.842272014,-1615.219475081,7.92174023,0,5,79.32643945,0,0,0,0
380,319,7787.679772329,77.876797723,41.386923259,0.00531441,60,6,65,0,0,11,55.535935806,47.33188125,8.204054556,7.584543,0.241905,0.353706,12.777122739,0.9,True,activated,player,player_01337,55.535935806,2.703912748,51.37434221,0.0,0.0,3.887515506,1071.081115815,-1e-12,542.954756507,-1614.035872323,7.787679772,0,0,0.0,0,0,0,0
381,318,7058.154625813,70.581546258,37.509927525,0.00531441,60,6,65,0,0,8,45.953435109,45.953435109,0,3.117861,0.496957,0.604425,18.083779095,0.9,True,activated,player,player_00894,45.953435109,1.316663823,25.016612629,0.0,0.0,3.216740458,1072.397779638,-2e-12,539.73801605,-1612.135795688,7.058154626,0,2,563.801135609,0,0,0,0
382,316,7058.584100009,70.585841,46.31137028,0.006561,40,4,45,0,0,13,101.00825839,63.782559678,37.225698712,7.33391,0.227953,0.464443,19.46825209,0.9,True,activated,staker,staker_01833,101.00825839,5.050412919,30.302477517,30.302477517,65.655367953,0.0,1077.448192557,0.0,635.69586152,-1713.144054078,7.0585841,0,4,38.544432664,0,0,0,0
383,315,7205.092638684,72.050926387,31.01556126,0.004304672,80,8,85,1,3.464139808,17,53.159138235,34.308825588,18.850312647,8.200536,0.252858,0.476453,29.798093019,0.9,True,activated,player,player_01352,53.159138235,2.447531874,46.503105602,0.0,0.0,3.721139676,1079.895724431,2e-12,631.974721844,-1711.870446275,7.205092639,0,4,38.558002198,0,0,0,0
384,317,7265.170786969,72.65170787,34.749086654,0.004782969,70,7,75,0,0,13,42.269840864,34.796511567,7.473329297,9.313969,0.172834,0.352961,12.923816627,0.9,True,activated,player,player_00998,42.269840864,2.072929758,39.385665408,0.0,0.0,2.95888886,1081.968654189,2e-12,629.015832983,-1710.984487173,7.265170787,0,3,26.643239669,0,0,0,0
385,317,7334.444117472,73.344441175,43.309159069,0.0059049,50,5,55,0,0,12,65.741149557,60.109879311,5.631270246,3.23397,0.525799,0.626679,21.742311654,0.9,True,activated,player,player_00763,65.741149557,3.490039695,66.310754202,0.0,0.0,4.601880469,1085.458693884,-3e-12,624.413952514,-1709.872646399,7.334444117,0,1,7.427864774,0,0,0,0
386,316,7108.44605451,71.084460545,41.974663107,0.0059049,50,5,55,0,0,14,57.833096877,50.326121232,7.506975645,4.087123,0.443349,0.611276,35.978390914,0.9,True,activated,player,player_01359,57.833096877,2.915853353,55.401213713,0.0,0.0,4.048316781,1088.374547238,2e-12,620.365635733,-1708.740182971,7.108446055,0,2,307.958547736,0,0,0,0
387,313,7081.611624474,70.816116245,24.692052946,0.003486784,100,10,105,0,0,15,38.325732191,24.873321838,13.452410353,6.00474,0.351002,0.502948,28.608593108,0.9,True,activated,player,player_01365,38.325732191,1.377806155,26.178316937,0.0,0.0,2.682801253,1089.752353392,-0.0,617.68283448,-1707.435187872,7.081611624,0,5,52.446046996,0,0,0,0
388,317,7130.859985629,71.308599856,46.785572366,0.006561,40,4,45,0,0,17,219.223196424,81.473460199,137.749736225,5.330215,0.309649,0.64204,51.078721316,0.9,True,activated,player,player_01038,219.223196424,10.512868084,199.7444936,0.0,0.0,4.99160199,1100.265221476,-1e-12,612.69123249,-1712.956453966,7.130859986,0,0,0.0,2,76.853313168,5,0
389,317,7120.796906959,71.20796907,46.719548507,0.006561,40,4,45,0,0,6,51.767525745,51.767525745,0,3.301913,0.43981,0.477727,13.03743362,0.9,True,activated,player,player_00653,51.767525745,1.631168939,30.992209834,0.0,0.0,3.623726802,1101.896390415,0.0,609.067505687,-1710.963896102,7.120796907,0,1,2.577070263,0,0,0,0
390,315,7009.024983216,70.090249832,24.438958978,0.003486784,100,10,105,2,7.906045568,13,60.730752186,25.704411073,35.026341113,3.066697,0.539741,0.645874,40.20474423,0.9,True,activated,staker,staker_02505,60.730752186,3.036537609,18.219225656,18.219225656,39.474988921,0.0,1104.932928024,2e-12,666.761720264,-1771.694648288,7.009024983,0,7,53.973338284,1,8.056846225,5,0
391,320,7137.564929568,71.375649296,37.931946437,0.00531441,60,6,65,0,0,9,45.504136896,45.504136896,0,4.821857,0.321146,0.497915,19.068028618,0.9,True,activated,player,player_01380,45.504136896,1.703797896,32.372160028,0.0,0.0,3.185289583,1106.63672592,-2e-12,663.576430681,-1770.213156602,7.13756493,0,0,0.0,0,0,0,0
392,321,7136.704885752,71.367048858,30.721174408,0.004304672,80,8,85,0,0,15,58.395569738,58.395569738,0,2.863116,0.573143,0.663625,43.284613665,0.9,True,activated,player,player_00307,58.395569738,3.057067225,58.08427728,0.0,0.0,4.087689882,1109.693793146,-1e-12,659.4887408,-1769.182533946,7.136704886,0,2,61.191139904,1,29.693044842,5,0
393,317,7063.67646073,70.636764607,37.53927282,0.00531441,60,6,65,0,0,13,53.909339469,39.098497826,14.810841643,6.200044,0.295736,0.502607,26.193314139,0.9,True,activated,player,player_01384,53.909339469,2.087001869,39.653035519,0.0,0.0,3.773653763,1111.780795015,1e-12,655.715087037,-1767.495882052,7.063676461,0,1,16.88186579,1,5.462647884,5,0
394,319,7101.56038605,71.015603861,41.934003924,0.0059049,50,5,55,0,0,17,130.631633439,100.213644642,30.417988797,6.454215,0.238812,0.587915,36.98551794,0.9,True,activated,player,player_01047,130.631633439,5.624730875,106.869886627,0.0,0.0,4.97109227,1117.40552589,-1e-12,650.743994767,-1768.149520657,7.101560386,0,0,0.0,0,0,0,0
395,315,6965.372730019,69.6537273,50.777567202,0.00729,30,3,35,0,0,9,70.437186153,51.075220835,19.361965318,4.583447,0.395472,0.455505,15.818085298,0.9,True,activated,player,player_01394,70.437186153,2.372849314,45.084136957,0.0,0.0,4.875760911,1119.778375204,-0.0,645.868233856,-1765.64660906,6.96537273,0,3,54.734086504,1,62.338553809,5,0
396,315,6912.274687296,69.122746873,36.734661721,0.00531441,60,6,65,0,0,12,71.989173508,59.160763377,12.828410131,4.98968,0.390494,0.512714,14.999260394,0.9,True,activated,player,player_00928,71.989173508,2.435821285,46.280604418,0.0,0.0,4.838592281,1122.214196489,-0.0,641.029641575,-1763.243838064,6.912274687,0,1,26.026993552,0,0,0,0
397,318,6926.52618103,69.26526181,26.834781601,0.003874205,90,9,95,0,0,14,42.792753788,33.12236455,9.670389238,8.792882,0.180271,0.418794,17.250622276,0.9,True,activated,player,player_01085,42.792753788,2.115439115,40.193343184,0.0,0.0,2.995492765,1124.329635604,1e-12,638.034148809,-1762.363784413,6.926526181,0,3,30.755384818,1,13.747255279,5,0
398,320,6988.454821433,69.884548214,50.945835648,0.00729,30,3,35,0,0,7,61.56603487,52.068108117,9.497926753,1.800685,0.72659,0.699945,29.177880334,0.9,True,activated,player,player_00239,61.56603487,1.057120653,20.0852924,0.0,0.0,4.309622441,1125.386756257,-2e-12,633.724526369,-1759.111282625,6.988454821,0,1,5.666865301,0,0,0,0
399,319,6923.449023111,69.234490231,40.882274137,0.0059049,50,5,55,0,0,11,69.109532888,56.696017009,12.413515879,5.699564,0.256973,0.510802,30.893033624,0.9,True,activated,player,player_00207,69.109532888,2.80939415,53.37848885,0.0,0.0,4.837667302,1128.196150407,1e-12,628.886859066,-1757.083009473,6.923449023,0,3,86.36459594,0,0,0,0
400,317,6989.122670055,69.891226701,50.950704265,0.00729,30,3,35,0,0,5,71.311640718,71.311640718,0,3.29152,0.371538,0.388407,3.012707381,0.9,True,activated,player,player_00342,71.311640718,2.691621461,51.140807752,0.0,0.0,4.892385869,1130.887771867,3e-12,623.994473197,-1754.882245065,6.98912267,0,1,15.960354803,1,9.377763882,5,0
401,319,7141.655720838,71.416557208,37.953686579,0.00531441,60,6,65,0,0,13,53.340246775,47.725505739,5.614741036,6.038195,0.29251,0.527376,20.487162304,0.9,True,activated,staker,staker_01844,53.340246775,2.667012339,16.002074033,16.002074033,34.671160404,0.0,1133.554784206,-1e-12,674.667707634,-1808.22249184,7.141655721,0,2,16.388760102,0,0,0,0
402,318,7163.88380185,71.638838018,42.302017462,0.0059049,50,5,55,1,5.14878802,9,76.208632006,48.217102604,27.991529402,5.060884,0.286847,0.487965,11.075521682,0.9,True,activated,player,player_01414,76.208632006,3.554569326,67.536817188,0.0,0.0,5.014718661,1137.109353532,-3e-12,669.652988972,-1806.762342504,7.163883802,0,1,21.044697087,0,0,0,0
403,316,7037.84717721,70.378471772,41.557783797,0.0059049,50,5,55,2,8.639273163,7,57.019141541,47.329853067,9.689288474,4.715776,0.329506,0.369032,8.925810184,0.9,True,activated,player,player_00805,57.019141541,2.757080009,52.384520174,0.0,0.0,3.991339908,1139.866433541,2e-12,665.661649064,-1805.528082605,7.037847177,0,2,46.398127023,0,0,0,0
404,319,7193.678845394,71.936788454,38.230158793,0.00531441,60,6,65,0,0,11,38.588050961,38.588050961,0,3.149463,0.532909,0.610554,21.697928243,0.9,True,activated,player,player_00403,38.588050961,2.010009237,38.190175507,0.0,0.0,2.701163567,1141.876442778,-0.0,662.960485497,-1804.836928275,7.193678845,0,2,15.741732128,0,0,0,0
405,324,7412.27681971,74.122768197,43.768753393,0.0059049,50,5,55,0,0,8,50.628730978,50.628730978,0,4.968141,0.303713,0.434005,8.897085201,0.9,True,activated,player,player_01019,50.628730978,1.939807418,36.856340936,0.0,0.0,3.544011168,1143.816250196,2e-12,659.416474329,-1803.232724524,7.41227682,0,0,0.0,0,0,0,0
406,328,7529.030626301,75.290306263,44.458172945,0.0059049,50,5,55,0,0,13,85.920877164,48.363564108,37.557313056,3.705587,0.354235,0.698279,58.697155852,0.9,True,activated,player,player_00181,85.920877164,3.037752531,57.717298082,0.0,0.0,5.270321438,1146.854002726,0.0,654.14615289,-1801.000155617,7.529030626,0,4,75.929701095,0,0,0,0
407,331,7561.076392578,75.610763926,36.164393992,0.004782969,70,7,75,0,0,12,49.255544666,47.216745409,2.038799257,7.187483,0.203554,0.458857,11.501150137,0.9,True,activated,player,player_01283,49.255544666,2.282226989,43.362312794,0.0,0.0,3.447888127,1149.136229715,-0.0,650.698264764,-1799.834494479,7.561076393,0,1,8.359612252,0,0,0,0
408,331,7568.267420325,75.682674203,29.321018649,0.003874205,90,9,95,1,8.758151153,17,49.477756247,41.229903277,8.24785297,9.557037,0.211753,0.435512,22.562647074,0.9,True,activated,player,player_00902,49.477756247,2.311845396,43.925062517,0.0,0.0,3.463442937,1151.448075111,-2e-12,647.234821826,-1798.682896937,7.56826742,0,5,95.03164075,0,0,0,0
409,331,7528.307761893,75.283077619,40.008514053,0.00531441,60,6,65,0,0,10,40.454965386,40.454965386,0,2.472715,0.616544,0.634395,30.469514058,0.9,True,activated,player,player_01394,40.454965386,0.917226759,17.427308416,0.0,0.0,2.831847577,1152.36530187,1e-12,644.402974249,-1796.768276119,7.528307762,0,2,44.81540877,0,0,0,0
410,336,7595.945092434,75.959450924,29.428247621,0.003874205,90,9,95,2,11.89929063,14,31.41532699,31.41532699,0,7.187564,0.266288,0.464191,21.617163802,0.9,True,activated,player,player_01432,31.41532699,1.262443527,23.986427009,0.0,0.0,2.199072889,1153.627745397,-0.0,642.20390136,-1795.831646757,7.595945092,0,4,129.411027969,0,0,0,0
411,338,7644.773985821,76.447739858,32.908245288,0.004304672,80,8,85,0,0,13,38.978676156,36.9485723,2.030103856,7.720566,0.255354,0.411815,15.566768476,0.9,True,activated,player,player_01070,38.978676156,1.783084414,33.878603864,0.0,0.0,2.728507331,1155.41082981,2e-12,639.475394029,-1794.88622384,7.644773986,0,2,24.457650902,0,0,0,0
412,343,7743.953406911,77.439534069,41.154543425,0.00531441,60,6,65,0,0,13,66.407231177,64.796362494,1.610868683,8.338396,0.180274,0.424441,13.72348248,0.9,True,activated,player,player_00882,66.407231177,2.954211779,56.130023807,0.0,0.0,4.648506182,1158.36504159,0.0,634.826887847,-1793.191929437,7.743953407,0,1,4.513482744,0,0,0,0
413,350,7799.942733376,77.999427334,33.576195866,0.004304672,80,8,85,0,0,17,62.923779704,37.990240047,24.933539657,7.374112,0.292679,0.515707,23.628972049,0.9,True,activated,staker,staker_00975,62.923779704,3.146188985,18.877133911,18.877133911,40.900456808,0.0,1161.511230575,0.0,694.604478566,-1856.115709141,7.799942733,0,3,63.809186232,0,0,0,0
414,352,7799.38208607,77.993820861,37.304202737,0.004782969,70,7,75,1,0.647536184,17,84.464586907,48.28272293,36.181863977,8.477088,0.194599,0.509089,32.851429246,0.9,True,activated,player,player_01444,84.464586907,4.429276182,84.156247454,0.0,0.0,5.45956746,1165.940506757,-2e-12,689.144911105,-1855.085417862,7.799382086,0,2,122.791859736,0,0,0,0
415,350,7680.985868208,76.809858682,36.737917297,0.004782969,70,7,75,0,0,16,70.860730517,56.832357223,14.028373294,4.455358,0.437725,0.580607,39.450473495,0.9,True,activated,player,player_01189,70.860730517,2.240174908,42.563323246,0.0,0.0,4.960251136,1168.180681664,-1e-12,684.184659969,-1852.365341634,7.680985868,0,4,165.437862249,0,0,0,0
416,353,7706.93360204,77.06933602,33.175822053,0.004304672,80,8,85,0,0,15,50.207184131,45.600611826,4.606572305,6.196454,0.308924,0.565927,28.258248272,0.9,True,activated,player,player_00970,50.207184131,2.261307357,42.964839789,0.0,0.0,3.514502889,1170.441989022,2e-12,680.67015708,-1851.112146102,7.706933602,0,0,0.0,1,48.251535936,5,0
417,347,7565.719354745,75.657193547,29.311146921,0.003874205,90,9,95,0,0,18,35.666404721,32.202066884,3.464337837,11.207232,0.16584,0.419322,21.771668474,0.9,True,activated,player,player_01466,35.666404721,1.791276968,34.034262391,0.0,0.0,2.49664833,1172.23326599,-2e-12,678.173508749,-1850.406774739,7.565719355,0,4,30.587684475,0,0,0,0
418,344,7415.809593957,74.15809594,43.789614071,0.0059049,50,5,55,0,0,14,72.247472888,45.353683845,26.893789043,7.6834,0.249888,0.472584,16.94604736,0.9,True,activated,player,player_00871,72.247472888,2.962549834,56.288446844,0.0,0.0,5.057323102,1175.195815824,2e-12,673.116185647,-1848.312001471,7.415809594,0,4,35.875549706,0,0,0,0
419,343,7328.888652792,73.288886528,38.948719145,0.00531441,60,6,65,1,26.326693825,12,48.581746162,43.150782714,5.430963448,5.283171,0.283156,0.515743,20.392374761,0.9,True,activated,player,player_00686,48.581746162,1.923718375,36.550649122,0.0,0.0,3.400722231,1177.119534199,0.0,669.715463416,-1846.834997615,7.328888653,0,2,54.283822863,0,0,0,0
420,344,7349.649047413,73.496490474,25.626641651,0.003486784,100,10,105,1,1.212649245,14,58.388393526,58.388393526,0,4.34483,0.355863,0.651365,61.361522721,0.9,True,activated,player,player_00303,58.388393526,2.604027677,49.476525855,0.0,0.0,4.087187547,1179.723561875,-2e-12,665.628275869,-1845.351837744,7.349649047,0,5,181.135382487,0,0,0,0
421,340,7356.157477586,73.561574776,35.184273174,0.004782969,70,7,75,0,0,12,47.622930183,47.622930183,0,6.91043,0.21971,0.475813,15.406508683,0.9,True,activated,player,player_00430,47.622930183,2.024665023,38.46863544,0.0,0.0,3.333605113,1181.748226898,2e-12,662.294670756,-1844.042897655,7.356157478,0,2,14.301447004,0,0,0,0
422,330,7240.731501098,72.407315011,28.052077389,0.003874205,90,9,95,0,0,17,71.918122644,33.821049406,38.097073238,4.035752,0.454306,0.658439,43.333368757,0.9,True,activated,player,player_00553,71.918122644,2.213976444,42.065552428,0.0,0.0,5.034268585,1183.962203342,-1e-12,657.260402171,-1841.222605513,7.240731501,0,6,48.142369777,1,8.951676669,5,0
423,332,7414.577837203,74.145778372,35.463695943,0.004782969,70,7,75,1,2.105254251,14,40.540438577,38.078774465,2.461664112,7.314289,0.267684,0.357483,17.85498519,0.9,True,activated,staker,staker_02504,40.540438577,2.027021929,12.162131573,12.162131573,26.351285075,0.0,1185.989225271,2e-12,695.773818819,-1881.76304409,7.414577837,0,2,19.253300273,0,0,0,0
424,325,7190.528097059,71.905280971,38.213414424,0.00531441,60,6,65,0,0,13,74.164515734,52.637417971,21.527097763,7.235354,0.234532,0.467341,27.741874758,0.9,True,activated,player,player_00483,74.164515734,3.857871046,73.299549876,0.0,0.0,5.033369668,1189.847096317,-1e-12,690.740449151,-1880.587545468,7.190528097,0,6,88.59422084,0,0,0,0
425,320,7102.077244266,71.020772443,30.572113765,0.004304672,80,8,85,1,6.360775939,16,56.359247445,43.704891129,12.654356316,9.122658,0.201051,0.472111,21.128349959,0.9,True,activated,player,player_00811,56.359247445,2.723653375,51.74941413,0.0,0.0,3.945147321,1192.570749692,-5e-12,686.79530183,-1879.366051522,7.102077244,0,1,6.654758,0,0,0,0
426,318,7098.05127408,70.980512741,37.721954671,0.00531441,60,6,65,0,0,14,56.962784257,50.546673145,6.416111112,8.565252,0.192072,0.43007,17.925681952,0.9,True,activated,player,player_01460,56.962784257,2.794416483,53.093913176,0.0,0.0,3.987394898,1195.365166175,3e-12,682.807906932,-1878.173073107,7.098051274,0,5,40.423783513,1,3.11318716,5,0
427,317,7052.751335661,70.527513357,37.481212226,0.00531441,60,6,65,0,0,12,65.238128594,57.974335496,7.263793098,3.821973,0.467186,0.604945,25.316585411,0.9,True,activated,player,player_00583,65.238128594,3.387628423,64.364940029,0.0,0.0,4.566669002,1198.752794598,-1e-12,678.241237931,-1876.994032528,7.052751336,0,1,12.049970695,1,10.84238926,5,0
428,320,7264.525563333,72.645255633,47.662552221,0.006561,40,4,45,0,0,13,65.562789383,54.381628845,11.181160538,4.082718,0.442779,0.614549,32.088064899,0.9,True,activated,player,player_01061,65.562789383,2.056116341,39.066210479,0.0,0.0,4.589395257,1200.808910939,1e-12,673.651842674,-1874.460753613,7.264525563,0,0,0.0,1,69.356224026,5,0
429,320,7076.409081713,70.764090817,46.428319985,0.006561,40,4,45,0,0,12,76.016394476,59.642694563,16.373699913,7.236926,0.258238,0.407874,15.456178671,0.9,True,activated,player,player_01500,76.016394476,3.790688015,72.023072294,0.0,0.0,4.953486357,1204.599598954,0.0,668.698356317,-1873.297955271,7.076409082,0,1,24.94596728,1,4.723245648,5,0
430,312,6885.836465901,68.858364659,45.177973053,0.006561,40,4,45,0,0,8,66.830415528,49.314291871,17.516123657,4.351893,0.308404,0.500383,12.35984513,0.9,True,activated,player,player_01501,66.830415528,2.544890376,48.352917148,0.0,0.0,4.678129087,1207.14448933,-2e-12,664.02022723,-1871.16471656,6.885836466,0,1,25.754930906,1,5.119084193,5,0
431,309,6877.635842988,68.77635843,36.5505767,0.00531441,60,6,65,0,0,12,49.570911228,36.595962907,12.974948321,7.298871,0.215226,0.424437,18.616109298,0.9,True,activated,player,player_01240,49.570911228,2.160814435,41.05547427,0.0,0.0,3.469963786,1209.305303766,0.0,660.550263444,-1869.855567209,6.877635843,0,4,37.28791913,0,0,0,0
432,314,6586.728008824,65.867280088,38.893970219,0.0059049,50,5,55,0,0,8,43.94828864,39.595211161,4.353077479,3.278099,0.514547,0.494776,12.409033446,0.9,True,activated,player,player_00916,43.94828864,2.214788327,42.080978217,0.0,0.0,3.076380205,1211.520092093,-1e-12,657.473883239,-1868.993975332,6.586728009,0,2,320.570052079,1,5.503118305,5,0
433,315,6675.223186471,66.752231865,25.861182311,0.003874205,90,9,95,1,13.94934522,13,27.997081101,27.997081101,0,4.752153,0.403288,0.545098,23.17465219,0.9,True,activated,player,player_00358,27.997081101,1.45490902,27.643271387,0.0,0.0,1.959795677,1212.975001113,-0.0,655.514087562,-1868.489088675,6.675223186,0,2,39.871827936,0,0,0,0
434,310,6665.255633071,66.652556331,35.421901189,0.00531441,60,6,65,0,0,13,68.058644784,50.672160468,17.386484316,5.295112,0.302227,0.573369,24.313302128,0.9,True,activated,player,player_01032,68.058644784,3.181107829,60.441048744,0.0,0.0,4.665678943,1216.156108942,-0.0,650.848408619,-1867.004517561,6.665255633,0,2,13.718899001,0,0,0,0
435,313,6720.144333139,67.201443331,28.928017819,0.004304672,80,8,85,0,0,13,37.023738697,37.023738697,0,6.370626,0.299661,0.502513,16.202755245,0.9,True,activated,player,player_01140,37.023738697,1.813665626,34.459646902,0.0,0.0,2.591661709,1217.969774568,-0.0,648.25674691,-1866.226521478,6.720144333,0,1,10.727851,1,6.017158639,5,0
436,315,6704.227518198,67.042275182,32.066112388,0.004782969,70,7,75,0,0,10,42.587464032,32.816369779,9.771094253,4.677465,0.301382,0.558414,43.246954181,0.9,True,activated,player,player_01516,42.587464032,1.636675627,31.09683691,0.0,0.0,2.981122482,1219.606450195,0.0,645.275624428,-1864.882074623,6.704227518,0,0,0.0,0,0,0,0
437,316,6790.163441569,67.901634416,36.085712496,0.00531441,60,6,65,0,0,14,55.342083705,41.713620237,13.628463468,5.132781,0.317683,0.58989,36.048172002,0.9,True,activated,player,player_01521,55.342083705,2.228781942,42.3468569,0.0,0.0,3.873945859,1221.835232137,0.0,641.401678568,-1863.236910706,6.790163442,0,1,2.958912491,0,0,0,0
438,319,6893.02607995,68.9302608,50.250160123,0.00729,40,3,45,1,0.713171779,10,139.518516821,62.679677297,76.838839524,4.258112,0.394693,0.568635,30.691470915,0.9,True,activated,player,player_00617,139.518516821,6.444572794,122.446883088,0.0,0.0,4.825118256,1228.279804931,0.0,636.576560312,-1864.856365244,6.89302608,0,0,0.0,0,0,0,1
439,318,6805.900879377,68.059008794,44.65351567,0.006561,40,4,45,0,0,7,56.972318271,56.972318271,0,5.203553,0.256557,0.332753,5.41756641,0.9,True,activated,staker,staker_02674,56.972318271,2.848615914,17.091695481,17.091695481,37.032006876,0.0,1231.128420845,-1e-12,690.70026267,-1921.828683515,6.805900879,0,2,92.306664808,0,0,0,0
440,321,6930.182513631,69.301825136,36.829831252,0.00531441,60,6,65,0,0,12,67.968563502,48.684124846,19.284438656,4.311693,0.28128,0.620084,41.173870242,0.9,True,activated,player,player_00265,67.968563502,2.6804084,50.927759598,0.0,0.0,4.757799445,1233.808829245,-2e-12,685.942463225,-1919.751292469,6.930182514,0,2,13.088704728,0,0,0,0
441,324,7028.843729223,70.288437292,41.504619337,0.0059049,50,5,55,1,1.042574933,9,45.682020042,42.315921876,3.366098166,3.081233,0.436999,0.639797,41.498699859,0.9,True,activated,player,player_01534,45.682020042,1.445838584,27.47093309,0.0,0.0,3.197741403,1235.254667828,0.0,682.744721822,-1917.99938965,7.028843729,0,2,55.275774928,0,0,0,0
442,327,6722.189695342,67.221896953,35.724472139,0.00531441,60,6,65,0,0,16,80.982702979,38.850121599,42.13258138,3.970695,0.458341,0.661706,44.828614215,0.9,True,activated,player,player_00311,80.982702979,2.428525154,46.141977926,0.0,0.0,4.705532787,1237.683192982,3e-12,678.039189035,-1915.722382017,6.722189695,0,3,365.085131276,0,0,0,0
443,324,6962.107857035,69.62107857,33.299546055,0.004782969,70,7,75,1,0.943811226,15,73.305665449,36.360827785,36.944837664,5.692929,0.245332,0.606986,45.239235644,0.9,True,activated,player,player_01158,73.305665449,3.200746918,60.814191437,0.0,0.0,4.8734755,1240.8839399,0.0,673.165713535,-1914.049653435,6.962107857,0,0,0.0,0,0,0,0
444,329,7093.620990453,70.936209905,46.541247318,0.006561,40,4,45,0,0,7,46.855317327,46.855317327,0,3.755527,0.361086,0.496129,8.83713479,0.9,True,activated,player,player_00664,46.855317327,1.660818884,31.555558801,0.0,0.0,3.279872213,1242.544758784,1e-12,669.885841322,-1912.430600107,7.09362099,0,2,26.595110514,1,59.8776356,5,0
445,328,6991.037715305,69.910377153,41.281378605,0.0059049,50,5,55,0,0,14,78.858715865,41.674101695,37.18461417,7.017061,0.299842,0.455304,18.110079428,0.9,True,activated,player,player_00660,78.858715865,3.005365488,57.101944277,0.0,0.0,4.893726401,1245.550124273,-2e-12,664.992114922,-1910.542239194,6.991037715,0,3,26.671078912,0,0,0,0
446,327,6920.702636258,69.207026363,50.451922218,0.00729,30,3,35,0,0,8,81.671886485,52.593356069,29.078530416,3.463809,0.459716,0.568445,15.986738628,0.9,True,activated,player,player_01368,81.671886485,2.448523556,46.521947555,0.0,0.0,4.844491845,1247.998647828,-3e-12,660.147623076,-1908.146270904,6.920702636,0,2,10.793608598,0,0,0,0
447,321,6725.86752902,67.25867529,35.744017655,0.00531441,60,6,65,2,13.344798602,13,61.83704238,40.176393664,21.660648716,8.264074,0.224134,0.407498,12.94303551,0.9,True,activated,player,player_01560,61.83704238,3.023986696,57.45574722,0.0,0.0,4.328592967,1251.022634524,3e-12,655.81903011,-1906.841664634,6.725867529,0,4,57.050998567,0,0,0,0
448,325,6842.854478116,68.428544781,49.884409145,0.00729,30,3,35,0,0,9,70.116095505,56.02857064,14.087524865,4.030194,0.371679,0.57727,23.01715128,0.9,True,activated,player,player_01561,70.116095505,2.809011713,53.371222548,0.0,0.0,4.789998135,1253.831646237,2e-12,651.029031975,-1904.860678212,6.842854478,0,0,0.0,0,0,0,0
449,324,6922.658173997,69.22658174,33.110859444,0.004782969,70,7,75,0,0,14,85.965010794,47.03870728,38.926303514,4.453652,0.425405,0.593457,21.766170855,0.9,True,activated,player,player_01564,85.965010794,3.951097202,75.070846836,0.0,0.0,4.845860722,1257.782743439,-1e-12,646.183171253,-1903.965914692,6.922658174,0,3,28.461777439,0,0,0,0
450,329,6908.308422308,69.083084223,29.738002524,0.004304672,80,8,85,0,0,17,92.813220981,54.303114295,38.510106686,5.74554,0.278137,0.604166,29.382122365,0.9,True,activated,staker,staker_02706,92.813220981,4.640661049,27.843966294,27.843966294,60.328593638,0.0,1262.423404488,4e-12,734.355731185,-1996.779135673,6.908308422,0,2,102.292482732,0,0,0,0
451,330,7025.911685934,70.259116859,37.338575323,0.00531441,60,6,65,1,0.449010641,12,59.261993909,45.225858186,14.036135723,5.329992,0.346205,0.547447,16.774079662,0.9,True,activated,player,player_01000,59.261993909,2.690417618,51.117934744,0.0,0.0,4.148339574,1265.113822106,-3e-12,730.207391611,-1995.321213717,7.025911686,0,1,16.925292809,1,21.595833684,5,0
452,330,6969.198954306,69.691989543,37.037180615,0.00531441,60,6,65,0,0,15,81.064607246,57.961965475,23.102641771,7.550349,0.251285,0.515532,23.096441682,0.9,True,activated,player,player_01189,81.064607246,3.278634379,62.294053204,0.0,0.0,4.878439268,1268.392456485,-2e-12,725.328952343,-1993.721408829,6.969198954,0,1,16.368743354,0,0,0,0
453,329,7112.108880697,71.121088807,37.796662557,0.00531441,60,6,65,0,0,13,58.29292305,40.515589079,17.777333971,5.758244,0.283879,0.540622,24.994754245,0.9,True,activated,player,player_00680,58.29292305,3.004477285,57.085068415,0.0,0.0,4.080504614,1271.39693377,1e-12,721.24844773,-1992.6453815,7.112108881,0,4,36.261833864,0,0,0,0
454,330,7167.102979158,71.671029792,42.321026382,0.0059049,50,5,55,0,0,8,65.186266983,64.279156193,0.90711079,3.089253,0.50711,0.58672,20.18643859,0.9,True,activated,player,player_01587,65.186266983,3.176378969,60.351200417,0.0,0.0,4.563038689,1274.573312739,-0.0,716.685409041,-1991.258721781,7.167102979,0,2,25.67643399,0,0,0,0
455,330,7187.821380602,71.878213806,42.44336647,0.0059049,50,5,55,0,0,12,64.791661456,63.222501834,1.569159622,4.439433,0.354536,0.619223,48.184973718,0.9,True,activated,player,player_01056,64.791661456,2.317804078,44.038277491,0.0,0.0,4.535416302,1276.891116818,-2e-12,712.149992739,-1989.041109557,7.187821381,0,2,9.407842994,0,0,0,0
456,330,7194.897516695,71.948975167,38.236635312,0.00531441,60,6,65,2,9.9470264,8,52.321850058,51.982785608,0.33906445,3.633928,0.349589,0.564533,26.869779154,0.9,True,activated,player,player_01212,52.321850058,2.071637105,39.361104997,0.0,0.0,3.662529504,1278.962753923,1e-12,708.487463235,-1987.450217158,7.194897517,0,2,13.846629735,1,122.322635053,5,0
457,339,7414.462344958,74.14462345,39.403492831,0.00531441,60,6,65,0,0,12,44.525862149,40.873288852,3.652573297,4.644815,0.409809,0.53638,18.765869291,0.9,True,activated,player,player_01591,44.525862149,2.093776662,39.781756579,0.0,0.0,3.11681035,1281.056530585,3e-12,705.370652885,-1986.42718347,7.414462345,0,0,0.0,0,0,0,0
458,333,7348.384272513,73.483842725,31.632384758,0.004304672,80,8,85,0,0,15,40.334653844,36.519184431,3.815469413,9.845104,0.174823,0.379409,17.344947126,0.9,True,activated,player,player_01465,40.334653844,1.963203055,37.300858054,0.0,0.0,2.823425769,1283.019733641,-3e-12,702.547227116,-1985.566960756,7.348384273,0,5,70.804553923,0,0,0,0
459,333,7306.361813334,73.063618133,47.937039857,0.006561,40,4,45,0,0,7,55.591355643,55.591355643,0,2.665458,0.5753,0.567691,9.437559283,0.9,True,activated,player,player_01143,55.591355643,2.583084745,49.078610154,0.0,0.0,3.891394895,1285.602818386,4e-12,698.655832221,-1984.258650606,7.306361813,0,3,35.052516248,0,0,0,0
460,336,7389.742587109,73.897425871,43.635691003,0.0059049,50,5,55,0,0,11,73.432048822,69.495258602,3.93679022,5.007337,0.280653,0.550576,33.0595563,0.9,True,activated,player,player_00460,73.432048822,2.964442284,56.324403405,0.0,0.0,5.140243418,1288.56726067,-4e-12,693.515588803,-1982.082849473,7.389742587,0,0,0.0,0,0,0,0
461,334,7382.616011803,73.826160118,43.593609288,0.0059049,50,5,55,0,0,9,71.158020994,47.826120048,23.331900946,4.061918,0.327889,0.571603,54.904787555,0.9,True,activated,player,player_00728,71.158020994,2.82758825,53.724176753,0.0,0.0,4.98106147,1291.39484892,1e-12,688.534527333,-1979.929376254,7.382616012,0,1,19.138693695,2,13.769999435,5,0
462,332,7376.967846915,73.769678469,31.755427673,0.004304672,80,8,85,0,0,14,58.777325083,34.002168986,24.775156097,5.046401,0.367056,0.585285,38.745291283,0.9,True,activated,player,player_01603,58.777325083,2.573576197,48.897947745,0.0,0.0,4.114412756,1293.968425117,0.0,684.420114578,-1978.388539695,7.376967847,0,1,13.764078525,0,0,0,0
463,335,7411.847158401,74.118471584,35.450635191,0.004782969,70,7,75,0,0,15,59.209653104,36.266921403,22.942731701,7.235339,0.226283,0.526091,24.397814897,0.9,True,activated,player,player_00109,59.209653104,2.615479212,49.69410502,0.0,0.0,4.144675717,1296.583904329,0.0,680.27543886,-1976.859343189,7.411847158,0,2,13.827300008,1,15.166955432,5,0
464,332,7565.36574461,75.653657446,36.18490983,0.004782969,70,7,75,0,0,13,62.291255396,60.127292698,2.163962698,8.362598,0.189368,0.415744,15.917767008,0.9,True,activated,player,player_01610,62.291255396,3.042261474,57.802968,0.0,0.0,4.360387878,1299.626165803,1e-12,675.915050983,-1975.541216785,7.565365745,0,5,58.749452679,0,0,0,0
465,331,7529.716152452,75.297161525,40.015998818,0.00531441,60,6,65,0,0,13,60.856170882,43.091133741,17.765037141,6.354453,0.29084,0.492732,30.054793216,0.9,True,activated,staker,staker_01826,60.856170882,3.042808544,18.256851265,18.256851265,39.556511073,0.0,1302.668974347,1e-12,733.728413321,-2036.397387667,7.529716152,0,3,49.28734082,0,0,0,0
466,326,7404.66463065,74.046646307,48.582004642,0.006561,40,4,45,0,0,8,62.595748989,51.687137846,10.908611143,3.631825,0.432706,0.551345,12.028993739,0.9,True,activated,player,player_01501,62.595748989,2.571929161,48.86665405,0.0,0.0,4.381702429,1305.240903507,-3e-12,729.346710891,-2034.587614398,7.404664631,0,2,15.212939241,0,0,0,0
467,320,7267.44339893,72.674433989,47.68169614,0.006561,40,4,45,0,0,10,70.166738099,49.626600452,20.540137647,5.133559,0.282581,0.515483,14.840425326,0.9,True,activated,player,player_01622,70.166738099,3.425056394,65.076071478,0.0,0.0,4.911671667,1308.665959901,0.0,724.435039224,-2033.100999125,7.267443399,0,2,14.028653183,0,0,0,0
468,316,6946.169476963,69.46169477,45.573817938,0.006561,40,4,45,1,6.34799396,7,69.836513342,62.565989578,7.270523764,3.662366,0.409401,0.511167,8.810492185,0.9,True,activated,player,player_01624,69.836513342,2.901326731,55.125207896,0.0,0.0,4.862318634,1311.567286632,1e-12,719.572720591,-2031.140007223,6.946169477,0,1,261.268820386,0,0,0,0
469,320,6981.766631817,69.817666318,41.226633784,0.0059049,50,5,55,0,0,14,69.479825376,51.294135198,18.185690178,5.773466,0.33098,0.539054,24.327185194,0.9,True,activated,staker,staker_02716,69.479825376,3.473991269,20.843947613,20.843947613,45.161886494,0.0,1315.041277901,-2e-12,785.578554698,-2100.619832599,6.981766632,0,1,14.290277063,0,0,0,0
470,319,7051.566351138,70.515663511,46.26532683,0.006561,40,4,45,0,0,10,63.966495754,46.697759057,17.268736697,5.090703,0.354713,0.46598,18.631765492,0.9,True,activated,player,player_01223,63.966495754,3.244176844,61.639360045,0.0,0.0,4.477654703,1318.285454745,-1e-12,781.100899995,-2099.38635474,7.051566351,0,0,0.0,2,13.096326412,5,0
471,318,7159.762536836,71.597625368,42.277681804,0.0059049,50,5,55,0,0,11,66.734719148,51.663299147,15.071420001,6.006006,0.232751,0.482598,22.920794333,0.9,True,activated,player,player_01636,66.734719148,3.109499218,59.080485141,0.0,0.0,4.67143034,1321.394953963,4e-12,776.429469655,-2097.824423618,7.159762537,0,1,36.711481425,2,32.644620293,5,0
472,317,7283.984918533,72.839849185,47.79022505,0.006561,40,4,45,0,0,8,57.866970166,57.866970166,0,1.904867,0.705547,0.565539,19.079965763,0.9,True,activated,player,player_01520,57.866970166,3.000178022,57.003382416,0.0,0.0,4.050687912,1324.395131985,-3e-12,772.378781743,-2096.773913728,7.283984919,0,3,13.784777317,0,0,0,0
473,319,7274.570403625,72.745704036,31.314640256,0.004304672,80,8,85,0,0,15,65.383087589,58.611644576,6.771443013,4.050353,0.463238,0.609957,25.346555792,0.9,True,activated,player,player_00109,65.383087589,1.983599105,37.688383004,0.0,0.0,4.576816131,1326.378731091,4e-12,767.801965612,-2094.180696702,7.274570404,0,0,0.0,0,0,0,0
474,318,7157.478845924,71.574788459,38.037777154,0.00531441,60,6,65,1,2.850186486,12,106.918034467,67.163140822,39.754893645,4.250126,0.418391,0.600592,28.513176898,0.9,True,activated,player,player_00229,106.918034467,3.359737431,63.835011185,0.0,0.0,5.010235192,1329.738468521,-4e-12,762.79173042,-2092.530198941,7.157478846,0,2,108.044244298,1,4.527114232,5,0
475,326,7459.990179181,74.599901792,48.944995566,0.006561,40,4,45,0,0,9,64.609003616,54.76129081,9.847712806,3.736252,0.456857,0.545039,14.399647257,0.9,True,activated,player,player_01125,64.609003616,1.980728296,37.633837627,0.0,0.0,4.522630253,1331.719196818,-2e-12,758.269100166,-2089.988296984,7.459990179,0,0,0.0,0,0,0,0
476,328,7454.428944852,74.544289449,44.017657476,0.0059049,50,5,55,0,0,8,52.822558425,51.371045043,1.451513382,2.793419,0.53798,0.61946,23.655521224,0.9,True,activated,player,player_01649,52.822558425,2.760945455,52.457963654,0.0,0.0,3.69757909,1334.480142273,5e-12,754.571521077,-2089.05166335,7.454428945,0,3,56.760017306,2,14.025738557,5,0
477,326,7645.929464587,76.459294646,36.570243605,0.004782969,70,7,75,0,0,12,40.98659353,40.98659353,0,7.293061,0.188617,0.442805,19.759803959,0.9,True,activated,player,player_01367,40.98659353,1.958035384,37.202672297,0.0,0.0,2.869061547,1336.438177657,0.0,751.70245953,-2088.140637187,7.645929465,0,3,106.935410195,0,0,0,0
478,325,7659.920636801,76.599206368,29.676101988,0.003874205,90,9,95,1,0.996365388,11,32.509808267,32.509808267,0,8.050177,0.181184,0.345067,10.819565511,0.9,True,activated,player,player_00332,32.509808267,1.444762043,27.450478821,0.0,0.0,2.275686579,1337.8829397,-1e-12,749.426772951,-2087.309712651,7.659920637,0,2,9.612046354,0,0,0,0
479,331,7768.812368313,77.688123683,30.097970867,0.003874205,90,9,95,0,0,19,55.09960499,46.041628498,9.057976492,10.357235,0.212607,0.443763,27.296182531,0.9,True,activated,player,player_01366,55.09960499,2.362101496,44.879928423,0.0,0.0,3.856972349,1340.245041196,-1e-12,745.569800602,-2085.814841798,7.768812368,0,0,0.0,0,0,0,0
480,329,7749.356169471,77.493561695,30.022593566,0.003874205,90,9,95,0,0,15,37.074435604,32.450175161,4.624260443,6.907749,0.288185,0.527917,25.612032443,0.9,True,activated,player,player_01387,37.074435604,1.912542395,36.338305502,0.0,0.0,2.595210492,1342.157583591,1e-12,742.974590109,-2085.132173701,7.749356169,0,4,167.700824948,0,0,0,0
481,331,7762.850053434,77.628500534,45.838853281,0.0059049,50,5,55,0,0,10,64.222695788,50.464762406,13.757933382,5.007363,0.374632,0.465852,12.066206112,0.9,True,activated,player,player_01664,64.222695788,2.232920043,42.425480816,0.0,0.0,4.495588705,1344.390503634,1e-12,738.479001404,-2082.869505038,7.762850053,0,1,27.662901494,0,0,0,0
482,335,7605.500048154,76.055000482,36.37687096,0.004782969,70,7,75,0,0,12,50.962492234,49.010065052,1.952427182,4.552628,0.388849,0.578397,30.550949218,0.9,True,activated,player,player_00561,50.962492234,2.428732688,46.145921074,0.0,0.0,3.567374456,1346.819236322,1e-12,734.911626948,-2081.73086327,7.605500048,0,3,135.089641888,0,0,0,0
483,338,7629.952025244,76.299520252,32.844441607,0.004304672,80,8,85,0,0,15,41.3400852,34.825844004,6.514241196,8.556257,0.242535,0.432328,16.573251233,0.9,True,activated,player,player_00569,41.3400852,1.710374504,32.497115568,0.0,0.0,2.893805964,1348.529610826,1e-12,732.017820984,-2080.54743181,7.629952025,0,1,22.146761199,0,0,0,0
484,337,7742.11534204,77.42115342,33.327267908,0.004304672,80,8,85,1,1.198818714,15,75.608122762,71.64104238,3.967080382,3.955449,0.462814,0.629709,32.222891037,0.9,True,activated,player,player_00311,75.608122762,2.295411371,43.612816042,0.0,0.0,5.292568593,1350.825022197,-2e-12,726.72525239,-2077.550274587,7.742115342,0,3,18.833199961,1,221.429513502,5,0
485,332,7362.705600277,73.627056003,43.476040299,0.0059049,50,5,55,0,0,10,98.086619869,76.669449403,21.417170466,4.805989,0.360414,0.524358,14.102042611,0.9,True,activated,player,player_01674,98.086619869,4.169845427,79.227063107,0.0,0.0,5.15389392,1354.994867623,0.0,721.57135847,-2076.566226094,7.3627056,0,3,157.094798179,0,0,0,0
486,333,7379.851317648,73.798513176,48.419204495,0.006561,40,4,45,0,0,17,138.619505211,83.631603876,54.987901335,7.330012,0.269859,0.525206,23.527398572,0.9,True,activated,player,player_00938,138.619505211,5.318882945,101.058775952,0.0,0.0,5.165895922,1360.313750568,3e-12,716.405462548,-2076.719213116,7.379851318,0,1,8.088383797,0,0,0,0
487,332,7500.850148916,75.008501489,39.86259304,0.00531441,60,6,65,0,0,12,52.795130998,44.18004488,8.615086118,6.17405,0.25631,0.498344,22.806770337,0.9,True,activated,player,player_00569,52.795130998,2.147942309,40.810903879,0.0,0.0,3.69565917,1362.461692878,-1e-12,712.709803378,-2075.171496256,7.500850149,0,1,7.504159565,0,0,0,0
488,332,7607.817953091,76.078179531,44.923404231,0.0059049,50,5,55,0,0,15,80.566384208,55.046767293,25.519616915,5.794774,0.289592,0.586552,36.119371579,0.9,True,activated,player,player_01610,80.566384208,3.354156977,63.72898257,0.0,0.0,5.325472567,1365.815849855,-1e-12,707.384330811,-2073.200180666,7.607817953,0,0,0.0,1,15.80882879,5,0
489,332,7579.021133991,75.79021134,61.390071185,0.0081,20,2,25,0,0,9,86.344356111,68.353138985,17.991217126,1.948779,0.704548,0.693396,26.340575192,0.9,True,activated,player,player_00952,86.344356111,4.365873077,82.951588456,0.0,0.0,5.305314794,1370.181722932,0.0,702.079016017,-2072.260738949,7.579021134,0,1,1.678587231,0,0,0,0
490,327,7511.801299707,75.118012997,35.928712751,0.004782969,70,7,75,0,0,12,44.755099267,37.712276773,7.042822494,7.987841,0.219422,0.386817,11.698262097,0.9,True,activated,player,player_01400,44.755099267,2.092326473,39.754202981,0.0,0.0,3.132856949,1372.274049404,-3e-12,698.946159068,-2071.220208473,7.5118013,0,2,40.517729914,0,0,0,0
491,321,7448.211463448,74.482114634,43.980943871,0.0059049,50,5,55,0,0,10,83.833020415,46.608795599,37.224224816,2.821402,0.442842,0.694921,43.020329462,0.9,True,activated,player,player_01697,83.833020415,2.815082977,53.486576568,0.0,0.0,5.213748024,1375.089132381,4e-12,693.732411044,-2068.821543425,7.448211463,0,2,12.756308642,1,10.884053533,5,0
492,323,7727.879555748,77.278795557,45.632355989,0.0059049,50,5,55,0,0,10,52.11948826,46.735132358,5.384355902,3.900431,0.372168,0.599042,21.617239114,0.9,True,activated,player,player_01699,52.11948826,1.975966721,37.543367701,0.0,0.0,3.648364178,1377.065099103,-4e-12,690.084046866,-2067.149145968,7.727879556,0,0,0.0,0,0,0,0
493,325,7673.771159715,76.737711597,36.70340957,0.004782969,70,7,75,0,0,13,45.766088966,41.685924742,4.080164224,6.293251,0.29838,0.490888,16.359782896,0.9,True,activated,staker,staker_02737,45.766088966,2.288304448,13.72982669,13.72982669,29.747957828,0.0,1379.353403551,0.0,733.561831384,-2112.915234934,7.67377116,0,1,9.786259171,0,0,0,0
494,326,7617.334278037,76.17334278,26.560002338,0.003486784,100,10,105,1,2.111559713,15,43.563261682,28.02933414,15.533927542,9.820295,0.173205,0.404696,16.782287705,0.9,True,activated,player,player_01693,43.563261682,2.196801419,41.739226966,0.0,0.0,3.049428318,1381.55020497,1e-12,730.512403066,-2112.062608036,7.617334278,0,2,145.045970584,0,0,0,0
495,331,7787.518745767,77.875187458,37.247460748,0.004782969,70,7,75,0,0,11,40.682959632,37.721094627,2.961865005,5.235918,0.337215,0.512064,14.331846126,0.9,True,activated,staker,staker_03121,40.682959632,2.034147982,12.20488789,12.20488789,26.443923761,0.0,1383.584352952,1e-12,769.161214716,-2152.745567668,7.787518746,0,1,9.708346248,1,5.847860479,5,0
496,331,7899.365588113,78.993655881,41.980467475,0.00531441,60,6,65,0,0,13,57.844874638,46.049980598,11.79489404,5.914659,0.300962,0.543575,39.385116827,0.9,True,activated,player,player_00237,57.844874638,2.542022089,48.29841969,0.0,0.0,4.049141225,1386.126375041,-0.0,765.112073492,-2151.238448532,7.899365588,0,0,0.0,1,7.586631567,5,0
497,325,7902.557926035,79.02557926,51.848682553,0.006561,40,4,45,0,0,13,61.003655871,52.709433408,8.294222463,5.223763,0.32467,0.590494,32.116492676,0.9,True,activated,player,player_01722,61.003655871,2.918154215,55.444930091,0.0,0.0,4.270255911,1389.044529256,-3e-12,760.841817581,-2149.886346837,7.902557926,0,2,19.552081446,0,0,0,0
498,331,8083.269330572,80.832693306,47.73089707,0.0059049,50,5,55,0,0,13,69.757276808,57.945689857,11.811586951,4.30764,0.431964,0.564382,19.737325931,0.9,True,activated,player,player_00992,69.757276808,2.225381002,42.282239047,0.0,0.0,4.883009377,1391.269910258,1e-12,755.958808204,-2147.228718462,8.083269331,0,2,32.599384891,0,0,0,0
499,333,8074.604003877,80.746040039,34.758522574,0.004304672,80,8,85,0,0,14,38.617050896,38.617050896,0,9.055156,0.17952,0.404573,18.265489568,0.9,True,activated,player,player_01733,38.617050896,1.892381374,35.955246106,0.0,0.0,2.703193563,1393.162291632,0.0,753.255614641,-2146.417906274,8.074604004,0,2,35.27822056,1,24.41510254,5,0
500,332,8266.479472427,82.664794724,39.538315056,0.004782969,70,7,75,1,2.643150178,14,67.568437094,59.139903501,8.428533593,10.109286,0.138185,0.349042,11.518742146,0.9,True,activated,player,player_01736,67.568437094,3.148062773,59.813192679,0.0,0.0,4.729790597,1396.310354405,0.0,748.525824045,-2144.83617845,8.266479472,0,3,57.825062537,1,16.682191964,5,0
501,335,8300.845861606,83.008458616,44.114098255,0.00531441,60,6,65,0,0,13,90.038307128,64.788398396,25.249908732,6.165375,0.325341,0.495688,15.328983476,0.9,True,activated,player,player_01637,90.038307128,4.654556409,88.436571763,0.0,0.0,5.810592103,1400.964910814,-1e-12,742.715231942,-2143.680142755,8.300845862,0,1,8.922844945,0,0,0,0
502,332,8267.06002355,82.670600236,28.825455932,0.003486784,100,10,105,1,2.986587686,18,56.127807918,50.478427348,5.64938057,8.563149,0.243007,0.510257,34.004747328,0.9,True,activated,player,player_00074,56.127807918,2.810304458,53.395784697,0.0,0.0,3.928946554,1403.775215271,1e-12,738.786285387,-2142.561500659,8.267060024,0,6,45.493092283,1,5.123196235,5,0
503,327,8233.099148224,82.330991482,39.378658,0.004782969,70,7,75,0,0,14,70.855657328,50.223232429,20.632424899,5.131409,0.354728,0.60119,46.757094448,0.9,True,activated,player,player_00840,70.855657328,2.53405445,48.147034547,0.0,0.0,4.959896013,1406.309269721,1e-12,733.826389374,-2140.135659096,8.233099148,0,2,17.053649616,0,0,0,0
504,329,8279.174227957,82.79174228,39.599033678,0.004782969,70,7,75,0,0,16,52.52394301,40.898112069,11.625830941,9.717886,0.21157,0.410995,22.351298772,0.9,True,activated,player,player_00080,52.52394301,2.524528085,47.966033622,0.0,0.0,3.676676011,1408.833797807,-0.0,730.149713364,-2138.98351117,8.279174228,0,1,2.414860865,0,0,0,0
505,327,8259.757073621,82.597570736,35.555545828,0.004304672,80,8,85,2,13.321748288,16,140.842572857,92.508978219,48.333594638,4.86098,0.392263,0.625771,33.772138219,0.9,True,activated,player,player_01759,140.842572857,6.36072378,120.853751813,0.0,0.0,5.781829952,1415.194521586,-0.0,724.367883412,-2139.562404998,8.259757074,0,1,2.88448061,0,0,0,0
506,330,8307.638967266,83.076389673,35.761661679,0.004304672,80,8,85,3,20.779190226,8,53.700405166,53.700405166,0,3.477799,0.446551,0.568879,21.863748204,0.9,True,activated,player,player_01763,53.700405166,1.673974262,31.805510981,0.0,0.0,3.759028362,1416.868495848,0.0,720.60885505,-2137.477350899,8.307638967,0,2,14.008841124,0,0,0,0
507,329,8264.431872057,82.644318721,32.018102372,0.003874205,90,9,95,2,4.007399943,17,47.104137053,35.568027033,11.53611002,11.31976,0.124906,0.401005,17.350104539,0.9,True,activated,player,player_00717,47.104137053,2.229011447,42.351217494,0.0,0.0,3.297289594,1419.097507295,-2e-12,717.311565457,-2136.409072752,8.264431872,0,3,70.775604609,0,0,0,0
508,325,8091.491840865,80.914918409,53.088277968,0.006561,40,4,45,0,0,12,74.368474788,66.420056087,7.948418701,5.123752,0.357586,0.547184,22.075553261,0.9,True,activated,player,player_01170,74.368474788,2.64905537,50.33205203,0.0,0.0,5.205793235,1421.746562665,1e-12,712.105772222,-2133.852334887,8.091491841,0,2,143.660768785,0,0,0,0
509,322,8072.095109729,80.720951097,58.84557335,0.00729,30,3,35,0,0,9,73.844130692,65.840528377,8.003602315,3.568527,0.428182,0.606995,22.724881321,0.9,True,activated,player,player_00938,73.844130692,2.369725422,45.024783016,0.0,0.0,5.169089148,1424.116288087,-3e-12,706.936683073,-2131.05297116,8.07209511,0,1,13.053496507,0,0,0,0
510,314,7536.981265089,75.369812651,49.45013408,0.006561,40,4,45,0,0,13,61.737876817,51.939220878,9.798655939,5.304986,0.344719,0.562821,23.00372341,0.9,True,activated,player,player_01774,61.737876817,3.101895071,58.936006356,0.0,0.0,4.321651377,1427.218183159,3e-12,702.615031696,-2129.833214855,7.536981265,0,3,199.691476717,1,7.753924742,5,0
511,312,7426.265080042,74.2626508,35.519595664,0.004782969,70,7,75,0,0,11,40.206183782,40.206183782,0,4.176678,0.443189,0.521599,19.440931107,0.9,True,activated,player,player_01500,40.206183782,1.260083123,23.941579337,0.0,0.0,2.814432865,1428.478266282,-2e-12,699.800598831,-2128.278865113,7.42626508,0,1,32.790920105,1,9.988034989,5,0
512,315,7550.172103811,75.501721038,40.12471013,0.00531441,60,6,65,0,0,14,78.930796629,72.541607187,6.389189442,3.450676,0.476023,0.688458,49.811671669,0.9,True,activated,player,player_00618,78.930796629,4.108297242,78.057647605,0.0,0.0,5.285120473,1432.586563524,2e-12,694.515478359,-2127.102041883,7.550172104,0,0,0.0,0,0,0,0
513,317,7608.851227007,76.08851227,26.530423768,0.003486784,100,10,105,1,1.327799712,14,35.74438063,27.822193548,7.922187082,6.304642,0.226515,0.543229,29.711366973,0.9,True,activated,staker,staker_03066,35.74438063,1.787219032,10.723314189,10.723314189,23.23384741,0.0,1434.373782555,-3e-12,728.472639957,-2162.846422513,7.608851227,0,2,25.597811587,0,0,0,0
514,314,7473.033303243,74.730333032,28.952062167,0.003874205,90,9,95,0,0,17,67.897430548,30.753884554,37.143545994,3.792398,0.469806,0.668835,44.990023506,0.9,True,activated,player,player_01726,67.897430548,3.505352882,66.601704761,0.0,0.0,4.752820138,1437.879135438,3e-12,723.719819819,-2161.598955256,7.473033303,0,3,175.325493051,1,4.748151637,5,0
515,313,7448.689353718,74.486893537,32.064165243,0.004304672,80,8,85,0,0,16,42.593190439,32.223176567,10.370013872,7.905177,0.243466,0.50834,25.413603161,0.9,True,activated,player,player_01790,42.593190439,2.22284008,42.233961512,0.0,0.0,2.981523331,1440.101975517,-2e-12,720.738296488,-2160.840272005,7.448689354,0,1,7.681156482,0,0,0,0
516,312,7520.177939009,75.20177939,44.405898712,0.0059049,50,5,55,0,0,13,85.703936902,61.538366088,24.165570814,6.750893,0.207113,0.520205,20.11019882,0.9,True,activated,player,player_00842,85.703936902,3.995927066,75.922614254,0.0,0.0,5.264124557,1444.097902583,2e-12,715.474171931,-2159.572074514,7.520177939,0,1,28.587801009,1,42.269893865,5,0
517,314,7624.748645517,76.247486455,50.025975863,0.006561,40,4,45,0,0,9,67.944326884,67.136401991,0.807924893,4.716849,0.323803,0.499308,15.491254913,0.9,True,activated,player,player_00363,67.944326884,3.080174984,58.523324703,0.0,0.0,4.756102882,1447.178077568,-1e-12,710.718069049,-2157.896146616,7.624748646,0,3,48.587911336,0,0,0,0
518,312,7559.564558121,75.595645581,61.232472921,0.0081,20,2,25,0,0,7,99.613748907,67.770524299,31.843224608,2.257631,0.605182,0.675704,27.686999324,0.9,True,activated,player,player_01801,99.613748907,2.231050267,42.389955074,0.0,0.0,5.291695191,1449.409127835,-2e-12,705.426373858,-2154.835501693,7.559564558,0,0,0.0,1,15.070252387,5,0
519,318,7707.833287601,77.078332876,36.866327672,0.004782969,70,7,75,1,2.426959434,15,55.470916077,44.319956461,11.150959616,7.403391,0.283689,0.45426,20.539831748,0.9,True,activated,player,player_01805,55.470916077,2.836501298,53.893524662,0.0,0.0,3.882964125,1452.245629133,5e-12,701.543409733,-2153.789038865,7.707833288,0,1,6.534582393,0,0,0,0
520,318,7752.034826663,77.520348267,41.197491403,0.00531441,60,6,65,0,0,11,52.022163877,51.470779321,0.551384556,6.595698,0.214085,0.453307,13.558114487,0.9,True,activated,player,player_01814,52.022163877,2.75561654,52.356714253,0.0,0.0,3.641551471,1455.001245672,0.0,697.901858261,-2152.903103934,7.752034827,0,2,13.1095572,0,0,0,0
521,323,7959.242730852,79.592427309,34.261930121,0.004304672,80,8,85,0,0,18,61.859008173,50.685001794,11.174006379,7.698544,0.240968,0.568728,30.53104076,0.9,True,activated,player,player_01819,61.859008173,3.191428488,60.637141275,0.0,0.0,4.330130572,1458.19267416,-1e-12,693.571727689,-2151.76440185,7.959242731,0,1,20.742541607,0,0,0,0
522,323,7834.852135705,78.348521357,51.404464862,0.006561,40,4,45,0,0,12,74.554916475,56.654141271,17.900775204,6.331397,0.310604,0.447894,18.779498791,0.9,True,activated,player,player_01482,74.554916475,3.819104658,72.562988497,0.0,0.0,5.218844153,1462.011778818,-1e-12,688.352883536,-2150.364662354,7.834852136,0,2,216.56869641,0,0,0,0
523,321,7652.548694586,76.525486946,36.601903177,0.004782969,70,7,75,1,7.056366609,15,81.858557549,58.871225683,22.987331866,6.775564,0.222552,0.563502,31.842663302,0.9,True,activated,player,player_01647,81.858557549,3.697395944,70.250522936,0.0,0.0,5.356784086,1465.709174762,2e-12,682.99609945,-2148.705274212,7.652548695,0,3,210.22385888,0,0,0,0
524,321,7642.35841122,76.423584112,45.127362182,0.0059049,50,5,55,0,0,14,59.635094466,48.738051263,10.897043203,5.616341,0.307222,0.535023,25.799660908,0.9,True,activated,player,player_01516,59.635094466,2.274418304,43.213947783,0.0,0.0,4.174456613,1467.983593067,-2e-12,678.821642837,-2146.805235904,7.642358411,0,0,0.0,0,0,0,0
525,327,7852.790606199,78.527906062,41.732948925,0.00531441,60,6,65,0,0,15,59.086599805,53.157662439,5.928937366,4.057305,0.462173,0.602034,27.572586904,0.9,True,activated,player,player_01838,59.086599805,3.006028535,57.11454216,0.0,0.0,4.136061986,1470.989621601,-0.0,674.685580851,-2145.675202452,7.852790606,0,0,0.0,2,21.553642846,5,0
526,321,7779.051028809,77.790510288,30.137637535,0.003874205,90,9,95,0,0,14,32.537346358,32.537346358,0,8.088691,0.219492,0.454517,22.737127911,0.9,True,activated,player,player_00296,32.537346358,1.702335237,32.344369505,0.0,0.0,2.277614245,1472.691956838,2e-12,672.407966606,-2145.099923444,7.779051029,0,3,42.451223534,1,21.71263345,5,0
527,324,7761.762444699,77.617624447,33.411842243,0.004304672,80,8,85,0,0,15,58.55064197,40.306222786,18.244419184,8.374956,0.216198,0.450395,23.317171881,0.9,True,activated,player,player_00315,58.55064197,2.499533154,47.491129933,0.0,0.0,4.098544938,1475.191489993,2e-12,668.309421668,-2143.500911661,7.761762445,0,1,30.348544008,0,0,0,0
528,314,7882.59134831,78.825913483,22.262766208,0.002824295,120,12,125,1,1.379810468,20,50.640040041,25.874217792,24.765822249,8.111567,0.302928,0.431172,26.835354989,0.9,True,activated,staker,staker_03216,50.640040041,2.532002002,15.192012012,15.192012012,32.916026027,0.0,1477.723491995,-1e-12,716.417459707,-2194.140951702,7.882591348,0,6,67.68841738,1,9.37132604,5,0
529,314,7925.725408321,79.257254083,42.120554367,0.00531441,60,6,65,0,0,10,64.276796843,64.276796843,0,4.872136,0.38103,0.46978,13.721266042,0.9,True,activated,player,player_00848,64.276796843,2.90022544,55.104283367,0.0,0.0,4.499375779,1480.623717435,2e-12,711.918083928,-2192.541801363,7.925725408,0,1,11.267815023,0,0,0,0
530,316,7858.488994707,78.584889947,37.586909249,0.004782969,70,7,75,0,0,17,97.931243064,65.769138058,32.162105006,7.051604,0.255753,0.584547,42.403165534,0.9,True,activated,player,player_01854,97.931243064,4.24655459,80.684537203,0.0,0.0,5.500942296,1484.870272025,0.0,706.417141631,-2191.287413656,7.858488995,0,1,99.680116285,0,0,0,0
531,316,7994.974496993,79.94974497,38.239715175,0.004782969,70,7,75,0,0,16,59.669100674,44.062404955,15.606695719,8.300734,0.23538,0.46964,24.080096386,0.9,True,activated,player,player_01859,59.669100674,2.673635574,50.799075907,0.0,0.0,4.176837047,1487.543907599,1e-12,702.240304584,-2189.784212183,7.994974497,0,3,12.786526582,1,8.240689914,5,0
532,314,7966.055173201,79.660551732,42.334883273,0.00531441,60,6,65,0,0,13,80.781521965,44.2578821,36.523639865,4.482214,0.378822,0.63124,47.884909141,0.9,True,activated,player,player_01862,80.781521965,4.021797873,76.414159583,0.0,0.0,5.576238621,1491.565705472,-1e-12,696.664065963,-2188.229771435,7.966055173,0,3,47.719747621,0,0,0,0
533,307,7924.302018178,79.243020182,46.792210987,0.0059049,50,5,55,0,0,12,60.685654041,52.399377108,8.286276933,6.001175,0.258046,0.501652,24.699686242,0.9,True,activated,player,player_00149,60.685654041,2.494321267,47.392104081,0.0,0.0,4.247995783,1494.060026739,-3e-12,692.41607018,-2186.476096919,7.924302018,0,3,30.49293486,0,0,0,0
534,309,7594.58033221,75.945803322,36.324642297,0.004782969,70,7,75,0,0,10,59.12781267,36.724409219,22.403403451,4.382854,0.378898,0.5662,19.854484501,0.9,True,activated,player,player_01080,59.12781267,2.829925386,53.768582331,0.0,0.0,4.138946887,1496.889952125,3e-12,688.277123293,-2185.167075418,7.594580332,0,2,372.265744633,0,0,0,0
535,309,7562.66979385,75.626697939,32.554813663,0.004304672,80,8,85,0,0,15,68.332328552,61.583690308,6.748638244,5.144307,0.374493,0.591167,34.229776472,0.9,True,activated,player,player_00574,68.332328552,3.196384772,60.731310673,0.0,0.0,4.783262999,1500.086336897,-2e-12,683.493860295,-2183.580197192,7.562669794,0,0,0.0,0,0,0,0
536,306,7478.623824215,74.786238242,39.744473238,0.00531441,60,6,65,1,21.485625718,13,83.215767487,60.006695479,23.209072008,5.721751,0.265652,0.576786,25.300225989,0.9,True,activated,player,player_01270,83.215767487,4.225126297,80.277399652,0.0,0.0,5.235036677,1504.311463195,4e-12,678.258823618,-2182.570286812,7.478623824,0,5,238.799645933,0,0,0,0
537,305,7437.93332032,74.379333203,54.222533905,0.00729,30,3,35,0,0,9,64.752018105,57.781457149,6.970560956,4.715438,0.344103,0.495551,9.777429754,0.9,True,activated,player,player_00697,64.752018105,2.350164499,44.653125474,0.0,0.0,4.532641267,1506.661627693,-3e-12,673.72618235,-2180.387810044,7.43793332,0,1,55.120125614,0,0,0,0
538,310,7543.195797904,75.431957979,54.989897367,0.00729,30,3,35,0,0,10,121.02528703,60.234892231,60.790394799,4.387966,0.333204,0.533969,20.169002201,0.9,True,activated,player,player_01867,121.02528703,4.298969611,81.680422611,0.0,0.0,5.280237059,1510.960597304,4e-12,668.445945292,-2179.406542596,7.543195798,0,0,0.0,1,1.553595967,5,0
539,309,7491.536854348,74.915368543,44.236775971,0.0059049,50,5,55,1,4.155573234,12,60.720699844,55.037144327,5.683555517,4.611057,0.413333,0.517816,23.279421159,0.9,True,activated,player,player_01876,60.720699844,3.03453752,57.656212888,0.0,0.0,4.250448989,1513.995134825,-5e-12,664.195496303,-2178.190631128,7.491536854,0,1,9.985719025,0,0,0,0
540,306,7482.32259092,74.823225909,28.98805077,0.003874205,90,9,95,1,0.956826654,13,43.598341692,37.047537238,6.550804454,6.550152,0.229697,0.519077,32.332448286,0.9,True,activated,player,player_00023,43.598341692,2.004971058,38.094450099,0.0,0.0,3.051883918,1516.000105883,3e-12,661.143612384,-2177.143718267,7.482322591,0,4,49.610006705,1,15.260118576,5,0
541,308,7568.036675996,75.68036676,55.170987368,0.00729,30,3,35,0,0,10,101.099495222,62.720786131,38.378709091,5.165487,0.275502,0.511057,26.532043203,0.9,True,activated,staker,staker_02850,101.099495222,5.054974761,30.329848567,30.329848567,65.714671894,0.0,1521.055080644,-2e-12,757.188132845,-2278.243213489,7.568036676,0,3,32.538184205,1,5.344077008,5,0
542,307,7598.676264336,75.986762643,55.394349967,0.00729,30,3,35,0,0,10,97.491406936,60.768079831,36.723327105,5.299073,0.259483,0.501301,17.558621955,0.9,True,activated,player,player_01886,97.491406936,4.072428402,77.376139629,0.0,0.0,5.319073385,1525.127509045,-1e-12,751.86905946,-2276.996568505,7.598676264,0,1,4.784062187,1,5.162795642,5,0
543,309,7599.883259091,75.998832591,32.715005429,0.004304672,80,8,85,0,0,12,34.368014446,34.368014446,0,7.472287,0.217298,0.418758,14.139036772,0.9,True,activated,player,player_00734,34.368014446,1.695307713,32.210846541,0.0,0.0,2.405761011,1526.822816758,4e-12,749.463298449,-2276.286115207,7.599883259,0,0,0.0,0,0,0,0
544,303,7505.953251056,75.059532511,32.310667544,0.004304672,80,8,85,0,0,20,82.863197853,47.732868848,35.130329005,10.817959,0.165302,0.479802,40.81934919,0.9,True,activated,player,player_00080,82.863197853,3.720996076,70.698925449,0.0,0.0,5.254167276,1530.543812834,-1e-12,744.209131173,-2274.752944007,7.505953251,0,4,65.362203342,1,6.139650137,5,0
545,301,7229.938406508,72.299384065,38.422856967,0.00531441,60,6,65,0,0,11,43.674059979,40.9441511,2.729908879,4.843805,0.385525,0.508104,17.808881007,0.9,True,activated,player,player_01899,43.674059979,2.218232438,42.146416315,0.0,0.0,3.057184199,1532.762045272,1e-12,741.151946975,-2273.913992246,7.229938407,0,3,277.619745223,0,0,0,0
546,302,7264.030650183,72.640306502,22.795297883,0.003138106,110,11,115,0,0,17,35.502190721,35.502190721,0,6.960968,0.309631,0.50044,25.935513267,0.9,True,activated,player,player_00837,35.502190721,1.823820578,34.652590991,0.0,0.0,2.48515335,1534.58586585,0.0,738.666793624,-2273.252659474,7.26403065,0,3,32.638115134,0,0,0,0
547,298,7044.041671766,70.440416718,46.215957408,0.006561,40,4,45,0,0,10,104.498247991,53.690549397,50.807698594,5.144255,0.338656,0.476323,13.531700061,0.9,True,activated,player,player_01194,104.498247991,3.702004504,70.338085582,0.0,0.0,4.93082917,1538.287870355,-2e-12,733.735964454,-2272.023834809,7.044041672,0,1,18.517922137,0,0,0,0
548,297,6938.350244358,69.383502444,36.873237922,0.00531441,60,6,65,0,0,10,43.300959749,41.56946156,1.731498189,5.830156,0.282567,0.461141,14.933999851,0.9,True,activated,player,player_01906,43.300959749,2.075380519,39.432229863,0.0,0.0,3.031067182,1540.363250874,5e-12,730.704897272,-2271.068148145,6.938350244,0,2,103.975769579,0,0,0,0
549,298,7118.772801939,71.187728019,37.832077366,0.00531441,60,6,65,2,27.927735463,9,67.099184703,49.138798066,17.960386637,3.72326,0.371999,0.61104,47.247329678,0.9,True,activated,player,player_00999,67.099184703,2.341764525,44.49352597,0.0,0.0,4.696942929,1542.705015398,-7e-12,726.007954342,-2268.712969741,7.118772802,0,1,24.604639061,0,0,0,0
550,303,7344.751585575,73.447515856,48.188915153,0.006561,40,4,45,0,0,8,56.084681,56.084681,0,2.348232,0.631232,0.618412,16.723799753,0.9,True,activated,staker,staker_03306,56.084681,2.80423405,16.8254043,16.8254043,36.45504265,0.0,1545.509249448,2e-12,779.288401292,-2324.797650741,7.344751586,0,2,16.186050979,0,0,0,0
551,302,7373.332376135,73.733323761,28.565800347,0.003874205,90,9,95,0,0,16,47.3364879,42.823874787,4.512613113,6.692978,0.230716,0.553873,38.002848976,0.9,True,activated,player,player_01915,47.3364879,2.47318471,46.990509497,0.0,0.0,3.313554153,1547.982434159,1e-12,775.974847139,-2323.957281298,7.373332376,0,2,36.161914401,0,0,0,0
552,306,7376.283661082,73.762836611,35.280536086,0.004782969,70,7,75,0,0,11,41.930443602,41.930443602,0,3.142197,0.534564,0.610317,23.140174304,0.9,True,activated,player,player_01811,41.930443602,2.018147092,38.344794754,0.0,0.0,2.935131052,1550.000581251,4e-12,773.039716087,-2323.040297338,7.376283661,0,1,15.150683007,0,0,0,0
553,311,7716.924391053,77.169243911,41.010900153,0.00531441,60,6,65,0,0,12,47.238506693,41.336557147,5.901949546,5.731343,0.328854,0.506854,15.017287267,0.9,True,activated,player,player_01083,47.238506693,2.344971081,44.554450548,0.0,0.0,3.306695469,1552.345552333,-4e-12,769.733020619,-2322.078572951,7.716924391,0,1,10.961298787,0,0,0,0
554,305,7676.620645743,76.766206457,40.796709526,0.00531441,60,6,65,1,1.745502477,19,115.451033393,86.679083346,28.771950047,4.704377,0.387804,0.66957,59.37713854,0.9,True,activated,player,player_01279,115.451033393,5.687963263,108.071302004,0.0,0.0,5.373634452,1558.033515596,0.0,764.359386167,-2322.392901763,7.676620646,0,2,15.174483372,1,11.530329011,5,0
555,300,7553.033677441,75.530336774,23.702220006,0.003138106,110,11,115,0,0,15,83.914225186,73.874258635,10.039966551,2.727426,0.587966,0.668874,31.651601938,0.9,True,activated,player,player_01125,83.914225186,1.993131629,37.86950096,0.0,0.0,5.287123574,1560.026647225,3e-12,759.072262592,-2319.098909818,7.553033677,0,7,164.7680988,0,0,0,0
556,303,7605.414251939,76.054142519,55.443469897,0.00729,30,3,35,0,0,12,73.053516138,58.488947336,14.564568802,4.51713,0.412249,0.567312,18.811833462,0.9,True,activated,player,player_01787,73.053516138,2.402550025,45.648450476,0.0,0.0,5.11374613,1562.42919725,3e-12,753.958516463,-2316.387713713,7.605414252,0,0,0.0,0,0,0,0
557,304,7670.374243028,76.70374243,36.687162223,0.004782969,70,7,75,1,2.41048707,13,43.109218319,42.655695137,0.453523182,5.791177,0.283745,0.556243,20.320789314,0.9,True,activated,player,player_01942,43.109218319,2.168791886,41.207045842,0.0,0.0,3.017645282,1564.597989137,1e-12,750.94087118,-2315.538860317,7.670374243,0,1,23.183125234,0,0,0,0
558,302,7635.676737534,76.356767375,45.087907567,0.0059049,50,5,55,0,0,8,46.420754467,45.656478259,0.764276208,3.930675,0.375282,0.533545,14.637915571,0.9,True,activated,player,player_01943,46.420754467,2.198340835,41.76847587,0.0,0.0,3.249452813,1566.796329972,-1e-12,747.691418368,-2314.48774834,7.635676738,0,1,10.434934918,1,3.884016077,5,0
559,308,7813.439218338,78.134392183,41.523819516,0.00531441,60,6,65,0,0,15,66.878094075,46.472562112,20.405531963,7.861007,0.222315,0.465687,22.876078812,0.9,True,activated,player,player_01643,66.878094075,3.444759927,65.450438622,0.0,0.0,4.681466585,1570.2410899,4e-12,743.009951783,-2313.251041682,7.813439218,0,0,0.0,1,2.496569792,5,0
560,301,7710.417874835,77.104178748,45.529246509,0.0059049,50,5,55,0,0,8,50.66160979,50.66160979,0,2.705878,0.575857,0.591293,16.841155638,0.9,True,activated,player,player_00181,50.66160979,1.251703693,23.782370173,0.0,0.0,3.546312685,1571.492793593,-2e-12,739.463639097,-2310.95643269,7.710417875,0,3,43.241516108,0,0,0,0
561,299,7629.063522269,76.290635223,36.489574326,0.004782969,70,7,75,0,0,15,62.806013227,37.052333021,25.753680206,7.831122,0.226639,0.485809,22.902473303,0.9,True,activated,player,player_00079,62.806013227,2.648407258,50.319737904,0.0,0.0,4.396420926,1574.141200851,-6e-12,735.067218171,-2309.208419022,7.629063522,0,2,40.95149821,0,0,0,0
562,300,7662.606454387,76.626064544,36.650009131,0.004782969,80,7,85,1,0.420205883,13,50.551047215,40.849693152,9.701354063,6.996931,0.26401,0.466567,14.933593961,0.9,True,activated,player,player_00362,50.551047215,2.522634955,47.930064153,0.0,0.0,3.538573305,1576.663835806,-1e-12,731.528644866,-2308.192480673,7.662606454,0,2,112.856916123,0,0,0,1
563,305,7621.976018589,76.219760186,36.455675016,0.004782969,70,7,75,0,0,13,38.411071023,38.411071023,0,3.294152,0.528016,0.592559,29.454674515,0.9,True,activated,player,player_01502,38.411071023,1.040908489,19.777261297,0.0,0.0,2.688774972,1577.704744296,-0.0,728.839869895,-2306.54461419,7.621976019,0,1,32.022249822,0,0,0,0
564,305,7626.430469039,76.26430469,40.529978349,0.00531441,60,6,65,0,0,11,51.113701813,46.209215472,4.904486341,6.168202,0.258829,0.464096,11.489687593,0.9,True,activated,player,player_00962,51.113701813,2.460986105,46.758736001,0.0,0.0,3.577959127,1580.165730401,1e-12,725.261910768,-2305.427641169,7.626430469,0,2,16.449906318,0,0,0,0
565,305,7502.873425003,75.02873425,39.873345559,0.00531441,60,6,65,0,0,12,55.959274178,42.951585844,13.007688334,6.659444,0.212804,0.475626,26.953748018,0.9,True,activated,player,player_01482,55.959274178,2.443369804,46.424026281,0.0,0.0,3.917149192,1582.609100205,-2e-12,721.344761575,-2303.953861781,7.502873425,0,1,21.396072612,0,0,0,0
566,307,7561.469844542,75.614698445,36.166275861,0.004782969,70,7,75,1,1.866503957,11,71.302093758,41.73041786,29.571675898,4.723297,0.316322,0.552977,23.93619505,0.9,True,activated,player,player_01885,71.302093758,2.764353648,52.52271932,0.0,0.0,4.991146563,1585.373453854,5e-12,716.353615012,-2301.727068866,7.561469845,0,1,23.542117363,0,0,0,0
567,311,7554.342328817,75.543423288,49.564040019,0.006561,40,4,45,0,0,7,55.971275495,52.145131914,3.826143581,1.964949,0.683325,0.689985,33.930219355,0.9,True,activated,staker,staker_02541,55.971275495,2.798563775,16.791382648,16.791382648,36.381329072,0.0,1588.172017628,-2e-12,769.526326732,-2357.698344361,7.554342329,0,0,0.0,0,0,0,0
568,315,7666.653397577,76.666533976,45.270821647,0.0059049,50,5,55,0,0,11,74.466811985,69.161536836,5.305275149,5.284726,0.278305,0.539756,28.376044037,0.9,True,activated,player,player_00469,74.466811985,3.264907405,62.033240692,0.0,0.0,5.212676839,1591.436925033,-2e-12,764.313649894,-2355.750574927,7.666653398,0,1,12.360346162,0,0,0,0
569,317,7683.363985513,76.833639855,56.011723454,0.00729,30,3,35,0,0,11,85.638863256,76.576414745,9.062448511,3.107054,0.514072,0.674624,30.49478167,0.9,True,activated,player,player_00617,85.638863256,2.349633883,44.643043772,0.0,0.0,5.37835479,1593.786558916,0.0,758.935295104,-2352.72185402,7.683363986,0,0,0.0,0,0,0,0
570,318,7634.928258137,76.349282581,32.865862658,0.004304672,80,8,85,0,0,15,47.003513794,36.868372464,10.13514133,8.302624,0.236458,0.469303,18.392861586,0.9,True,activated,player,player_01970,47.003513794,2.324015354,44.156291731,0.0,0.0,3.290245966,1596.11057427,-2e-12,755.645049138,-2351.755623408,7.634928258,0,0,0.0,0,0,0,0
571,316,7523.308653269,75.233086533,32.385376859,0.004304672,80,8,85,1,0.344453925,15,76.172372371,48.28180101,27.890571361,7.430662,0.262625,0.50828,16.364440786,0.9,True,activated,player,player_00760,76.172372371,3.071694795,58.362201101,0.0,0.0,5.266316057,1599.182269065,-0.0,750.378733081,-2349.561002146,7.523308653,0,1,7.661855387,0,0,0,0
572,324,7625.591169816,76.255911698,50.031503665,0.006561,40,4,45,0,0,6,81.098302275,64.70851472,16.389787555,2.542953,0.578344,0.560377,14.436140391,0.9,True,activated,player,player_01035,81.098302275,1.976674818,37.556821533,0.0,0.0,5.337913819,1601.158943883,2e-12,745.040819262,-2346.199763145,7.62559117,0,1,11.130498141,1,6.361278441,5,0
573,322,7365.139665663,73.651396657,35.227234702,0.004782969,70,7,75,1,0.472014726,14,57.296373192,45.992135692,11.3042375,9.07951,0.173371,0.404112,16.318383834,0.9,True,activated,player,player_01332,57.296373192,2.884710893,54.809506972,0.0,0.0,4.010746123,1604.043654776,-2e-12,741.030073139,-2345.073727914,7.365139666,0,4,375.507766873,0,0,0,0
574,322,7336.418274021,73.36418274,38.98873464,0.00531441,60,6,65,0,0,13,53.031843601,46.835063376,6.196780225,4.227261,0.437104,0.602496,21.417640328,0.9,True,activated,player,player_01854,53.031843601,1.678181757,31.885453375,0.0,0.0,3.712229052,1605.721836533,3e-12,737.317844086,-2343.039680619,7.336418274,0,1,21.310006432,0,0,0,0
575,321,7308.614564428,73.086145644,34.956876895,0.004782969,70,7,75,1,1.832794458,16,70.035212776,46.213056274,23.822156502,9.435813,0.181023,0.446254,19.475359648,0.9,True,activated,player,player_01988,70.035212776,3.435183677,65.26848987,0.0,0.0,4.902464894,1609.15702021,0.0,732.415379192,-2341.572399402,7.308614564,0,1,31.294946828,0,0,0,0
576,320,7312.780248898,73.127802489,43.181236092,0.0059049,50,5,55,0,0,10,65.659609154,63.520022184,2.13958697,3.064661,0.416252,0.677547,45.02674172,0.9,True,activated,staker,staker_03415,65.659609154,3.282980458,19.697882746,19.697882746,42.67874595,0.0,1612.440000668,2e-12,794.792007888,-2407.232008556,7.312780249,0,1,7.085005368,0,0,0,0
577,320,7581.651816625,75.816518166,40.292006231,0.00531441,60,6,65,0,0,10,45.49249298,45.49249298,0,4.490867,0.394545,0.507741,19.254421143,0.9,True,activated,staker,staker_03297,45.49249298,2.274624649,13.647747894,13.647747894,29.570120437,0.0,1614.714625317,1e-12,838.009876219,-2452.724501536,7.581651817,0,1,20.968003425,0,0,0,0
578,321,7679.755838321,76.797558383,40.813371225,0.00531441,60,6,65,0,0,11,44.611190935,43.907284665,0.70390627,3.101512,0.53105,0.644005,29.733138221,0.9,True,activated,player,player_00894,44.611190935,1.202161113,22.841061155,0.0,0.0,3.122783365,1615.91678643,-1e-12,834.887092854,-2450.803879284,7.679755838,0,2,17.203075991,1,5.144942035,5,0
579,317,7450.201060824,74.502010608,35.634080718,0.004782969,70,7,75,1,0.424104037,15,42.965436787,35.997649246,6.967787541,4.466512,0.406454,0.605085,27.134385692,0.9,True,activated,staker,staker_03088,42.965436787,2.148271839,12.889631036,12.889631036,27.927533912,0.0,1618.065058269,1e-12,875.704257802,-2493.769316071,7.450201061,0,1,142.828576872,0,0,0,0
580,320,7506.166903991,75.06166904,32.31158725,0.004304672,80,8,85,0,0,15,62.531820457,36.530463283,26.001357174,5.206413,0.379066,0.555947,27.895670909,0.9,True,activated,player,player_01083,62.531820457,2.986947542,56.752003293,0.0,0.0,4.377227432,1621.052005811,3e-12,871.32703037,-2492.379036181,7.506166904,0,1,4.802400336,0,0,0,0
581,324,7573.619279297,75.736192793,36.224386231,0.004782969,70,7,75,1,1.89400105,11,37.423963288,36.257222899,1.166740389,5.956633,0.239328,0.482587,16.537363174,0.9,True,activated,player,player_01087,37.423963288,1.863844254,35.413040822,0.0,0.0,2.61967743,1622.915850065,1e-12,868.707352939,-2491.623203004,7.573619279,0,0,0.0,0,0,0,0
582,327,7765.878025065,77.658780251,41.271059835,0.00531441,60,6,65,0,0,10,53.751536076,47.281435553,6.470100523,4.376213,0.41093,0.514464,17.185046101,0.9,True,activated,player,player_00064,53.751536076,1.771300585,33.65471111,0.0,0.0,3.762607525,1624.68715065,-7e-12,864.944745414,-2489.631896064,7.765878025,0,1,13.191645139,1,37.687046455,5,0
583,325,7679.420328859,76.794203289,45.3462091,0.0059049,50,5,55,0,0,9,59.051689152,47.655774228,11.395914924,6.117377,0.265903,0.380886,8.948188555,0.9,True,activated,staker,staker_03164,59.051689152,2.952584458,17.715506746,17.715506746,38.383597949,0.0,1627.639735107,-0.0,921.043850109,-2548.683585216,7.679420329,0,3,57.631573744,0,0,0,0
584,325,7616.88679004,76.1688679,44.976954807,0.0059049,50,5,55,0,0,14,86.26790588,70.696362737,15.571543143,7.716631,0.255554,0.452185,20.094923016,0.9,True,activated,player,player_00431,86.26790588,3.477679799,66.075916172,0.0,0.0,5.331820753,1631.117414906,-6e-12,915.712029356,-2546.829444261,7.61688679,0,3,111.151707697,0,0,0,0
585,331,7613.897757423,76.138977574,32.775333249,0.004304672,80,8,85,0,0,18,49.263405139,37.852318785,11.411086354,9.560863,0.208166,0.474148,30.94137285,0.9,True,activated,player,player_00332,49.263405139,2.122844816,40.334051508,0.0,0.0,3.44843836,1633.240259722,0.0,912.263590996,-2545.503850718,7.613897757,0,3,64.022349002,0,0,0,0
586,329,7708.672307391,77.086723074,33.18330661,0.004304672,80,8,85,0,0,11,71.302597189,71.302597189,0,4.258019,0.379734,0.58656,24.945338577,0.9,True,activated,player,player_00342,71.302597189,2.460886611,46.756845618,0.0,0.0,4.991181803,1635.701146333,2e-12,907.272409193,-2542.973555526,7.708672307,0,2,19.373714215,0,0,0,0
587,330,7705.051545584,77.050515456,40.947802984,0.00531441,60,6,65,0,0,9,43.682484912,43.682484912,0,2.668022,0.533057,0.670699,39.669059834,0.9,True,activated,player,player_01184,43.682484912,1.172750182,22.282253455,0.0,0.0,3.057773944,1636.873896515,2e-12,904.214635249,-2541.088531764,7.705051546,0,4,34.146609822,0,0,0,0
588,328,7706.550931561,77.065509316,56.180756291,0.00729,30,3,35,0,0,10,76.198075453,64.205687387,11.992388066,3.43704,0.464906,0.636104,43.057319535,0.9,True,activated,player,player_00950,76.198075453,3.693278629,70.172293947,0.0,0.0,5.333865282,1640.567175144,-3e-12,898.880769967,-2539.447945111,7.706550932,0,2,8.527711757,0,0,0,0
589,327,7779.728363361,77.797283634,33.489179631,0.004304672,80,8,85,0,0,16,55.528123299,43.316381179,12.21174212,9.575717,0.169199,0.434918,24.542928741,0.9,True,activated,staker,staker_03164,55.528123299,2.776406165,16.65843699,16.65843699,36.093280144,0.0,1643.343581309,4e-12,951.632487101,-2594.97606841,7.779728363,0,4,71.943759636,0,0,0,0
590,327,7812.420587364,78.124205874,63.280606758,0.0081,20,2,25,0,0,7,75.346436196,68.473960843,6.872475353,2.079912,0.664248,0.667263,20.805762473,0.9,True,activated,player,player_02042,75.346436196,3.797623526,72.154846996,0.0,0.0,5.274250534,1647.141204835,2e-12,946.358236567,-2593.499441403,7.812420587,0,1,1.965008707,0,0,0,0
591,324,7618.191292229,76.181912922,44.984657761,0.0059049,50,5,55,0,0,12,87.24193268,64.506621276,22.735311404,5.419832,0.332955,0.549167,25.180698797,0.9,True,activated,player,player_01148,87.24193268,4.124471264,78.364954011,0.0,0.0,5.332733905,1651.265676099,-4e-12,941.025502663,-2592.291178762,7.618191292,0,2,158.738388163,0,0,0,0
592,323,7767.572623177,77.675726232,56.625604423,0.00729,30,3,35,0,0,10,71.909205207,56.880389683,15.028815524,3.817995,0.399724,0.608354,33.082252711,0.9,True,activated,player,player_02047,71.909205207,3.464345215,65.822559082,0.0,0.0,5.033644364,1654.730021314,4e-12,935.991858298,-2590.721879612,7.767572623,0,0,0.0,0,0,0,0
593,314,7477.776564197,74.777765642,32.189376146,0.004304672,80,8,85,0,0,11,32.58833148,32.58833148,0,5.277351,0.284101,0.518899,18.66700921,0.9,True,activated,player,player_00080,32.58833148,1.280556121,24.330566307,0.0,0.0,2.281183204,1656.010577435,1e-12,933.710675095,-2589.72125253,7.477776564,0,5,66.114602018,0,0,0,0
594,316,7434.847541239,74.348475412,43.902031246,0.0059049,50,5,55,0,0,12,71.124899741,44.16383159,26.961068151,3.35719,0.490293,0.674929,37.685042828,0.9,True,activated,player,player_02052,71.124899741,3.174389427,60.313399114,0.0,0.0,4.978742982,1659.184966862,-3e-12,928.731932113,-2587.916898975,7.434847541,0,2,158.384606945,0,0,0,0
595,322,7496.250052564,74.962500526,35.854331618,0.004782969,70,7,75,0,0,14,41.910386639,37.938231833,3.972154806,4.324608,0.43845,0.563027,31.097017511,0.9,True,activated,player,player_02054,41.910386639,1.949120213,37.033284043,0.0,0.0,2.933727065,1661.134087075,-0.0,925.798205048,-2586.932292123,7.496250053,0,2,28.215233694,0,0,0,0
596,322,7569.178901713,75.691789017,36.203148042,0.004782969,70,7,75,0,0,12,49.408604937,49.408604937,0,4.487111,0.403529,0.586873,26.489376372,0.9,True,activated,player,player_02057,49.408604937,2.292291406,43.553536711,0.0,0.0,3.458602346,1663.426378481,9e-12,922.339602703,-2585.765981183,7.569178902,0,2,36.033313764,1,7.117062581,5,0
597,324,7817.680222261,78.176802223,33.652549939,0.004304672,80,8,85,1,2.392179295,14,65.957398457,34.950585442,31.006813015,4.418625,0.412434,0.612045,28.07848776,0.9,True,activated,player,player_01147,65.957398457,3.409250106,64.775752022,0.0,0.0,4.617017892,1666.835628587,-0.0,917.722584811,-2584.558213398,7.817680222,0,1,1.668719369,0,0,0,0
598,327,7810.848872234,78.108488722,51.246979451,0.006561,40,4,45,0,0,10,75.348119935,63.29984732,12.048272615,3.653296,0.474762,0.575122,15.357545073,0.9,True,activated,player,player_01868,75.348119935,2.242502108,42.607540044,0.0,0.0,5.274368395,1669.078130695,-2e-12,912.448216415,-2581.52634711,7.810848872,0,0,0.0,1,6.244622076,5,0
599,330,7748.214156044,77.48214156,37.059468114,0.004782969,70,7,75,0,0,10,40.823026286,40.823026286,0,1.911717,0.714289,0.703918,31.888248475,0.9,True,activated,staker,staker_03535,40.823026286,2.041151314,12.246907886,12.246907886,26.534967086,0.0,1671.119282009,-2e-12,951.230091387,-2622.349373396,7.748214156,0,2,102.375797433,1,9.783069016,5,0
600,327,7805.448996366,78.054489964,37.333220581,0.004782969,70,7,75,0,0,12,44.164649985,38.040549311,6.124100674,6.826961,0.235871,0.453437,26.222657044,0.9,True,activated,player,player_00997,44.164649985,2.279646791,43.313289034,0.0,0.0,3.091525499,1673.3989288,1e-12,948.138565888,-2621.537494688,7.805448996,0,4,47.250428065,0,0,0,0
601,327,7811.218634,78.11218634,51.249405458,0.006561,40,4,45,0,0,7,76.116534519,76.116534519,0,3.794117,0.35866,0.49488,18.79707941,0.9,True,activated,player,player_00353,76.116534519,2.973211405,56.491016688,0.0,0.0,5.328157416,1676.372140205,-6e-12,942.810408471,-2619.182548676,7.811218634,0,1,13.495094819,0,0,0,0
602,333,7953.104032017,79.53104032,30.811954532,0.003874205,90,9,95,1,0.490651809,12,37.190137889,37.190137889,0,5.972126,0.331174,0.450938,18.199754995,0.9,True,activated,player,player_01229,37.190137889,1.854929624,35.243662863,0.0,0.0,2.603309652,1678.227069829,-1e-12,940.207098819,-2618.434168649,7.953104032,0,2,14.331106347,1,5.785640831,5,0
603,333,7950.357356572,79.503573566,42.251458639,0.00531441,60,6,65,0,0,12,59.143672878,59.143672878,0,6.922356,0.243392,0.430327,16.189395756,0.9,True,activated,player,player_01774,59.143672878,2.52585909,47.991322702,0.0,0.0,4.140057101,1680.752928919,5e-12,936.067041718,-2616.819970637,7.950357357,0,3,38.02038358,1,16.6809316,5,0
604,330,7725.157433112,77.251574331,33.25426967,0.004304672,80,8,85,0,0,13,54.517334467,47.59013431,6.927200157,9.943673,0.152058,0.307522,14.792590075,0.9,True,activated,player,player_00217,54.517334467,2.502186957,47.541552177,0.0,0.0,3.816213413,1683.255115876,-2e-12,932.250828305,-2615.505944181,7.725157433,0,4,116.247593256,1,10.497984837,5,0
605,324,7510.44416469,75.104441647,44.348421748,0.0059049,50,5,55,0,0,9,48.7845727,48.7845727,0,4.041486,0.38527,0.551025,33.535187946,0.9,True,activated,player,player_00058,48.7845727,2.004093688,38.07778007,0.0,0.0,3.414920089,1685.259209563,-5e-12,928.835908216,-2614.09511778,7.510444165,0,1,99.861549177,1,9.628891094,5,0
606,320,7669.140857376,76.691408574,40.756958864,0.00531441,60,6,65,0,0,16,114.852515042,56.075831676,58.776683366,6.13376,0.321545,0.580283,27.156174648,0.9,True,activated,player,player_02087,114.852515042,5.268230846,100.096386076,0.0,0.0,5.3683986,1690.52744041,5e-12,923.467509616,-2613.994950026,7.669140857,0,1,14.875220579,0,0,0,0
607,326,7818.242674262,78.182426743,51.295490186,0.006561,40,4,45,0,0,8,68.13921608,64.04823928,4.0909768,5.138886,0.306057,0.40751,7.454829654,0.9,True,activated,player,player_00265,68.13921608,2.602723241,49.451741574,0.0,0.0,4.769745126,1693.13016365,-1e-12,918.69776449,-2611.827928141,7.818242674,0,0,0.0,0,0,0,0
608,326,7787.244288603,77.872442886,45.9828988,0.0059049,50,5,55,0,0,8,64.135565062,55.808216316,8.327348746,4.943002,0.292346,0.432053,9.945707911,0.9,True,activated,player,player_01366,64.135565062,2.493763691,47.381510122,0.0,0.0,4.489489554,1695.623927341,-3e-12,914.208274936,-2609.832202277,7.787244289,0,2,23.260805932,0,0,0,0
609,330,7882.100272943,78.821002729,51.714459891,0.006561,40,4,45,0,0,11,61.823482301,53.580112162,8.243370139,3.441579,0.499488,0.601725,34.946936261,0.9,True,activated,player,player_00992,61.823482301,1.763552572,33.507498861,0.0,0.0,4.327643761,1697.387479913,2e-12,909.880631175,-2607.268111087,7.882100273,0,1,1.159209221,0,0,0,0
610,334,7942.411411959,79.42411412,52.110161274,0.006561,40,4,45,0,0,6,55.674490222,55.674490222,0,3.265923,0.488204,0.451218,7.939219434,0.9,True,activated,player,player_01089,55.674490222,2.723044668,51.737848692,0.0,0.0,3.897214316,1700.110524581,-0.0,905.983416859,-2606.09394144,7.942411412,0,1,6.226565587,0,0,0,0
611,333,7861.28515639,78.612851564,46.42010272,0.0059049,50,5,55,0,0,11,62.372117817,46.518131004,15.853986813,6.981857,0.210359,0.426983,14.725908759,0.9,True,activated,player,player_00392,62.372117817,2.824379614,53.663212667,0.0,0.0,4.366048247,1702.934904195,1e-12,901.617368612,-2604.552272807,7.861285156,0,0,0.0,0,0,0,0
612,335,7924.950479892,79.249504799,37.904792472,0.004782969,70,7,75,1,5.230167807,13,67.006686724,59.909331667,7.097355057,3.980112,0.464849,0.578867,24.939233333,0.9,True,activated,player,player_02100,67.006686724,2.027458194,38.52170568,0.0,0.0,4.690468071,1704.962362388,-0.0,896.926900542,-2601.88926293,7.92495048,0,1,6.563957054,0,0,0,0
613,332,7817.186627739,78.171866277,46.159705318,0.0059049,50,5,55,0,0,9,61.368666315,58.825309315,2.543357,4.695096,0.311407,0.522717,15.448959167,0.9,True,activated,player,player_02103,61.368666315,2.643190836,50.220625878,0.0,0.0,4.295806642,1707.605553224,0.0,892.631093899,-2600.236647123,7.817186628,0,3,64.73518437,0,0,0,0
614,332,7811.162140769,78.111621408,33.624491736,0.004304672,80,8,85,1,2.54908032,11,38.819249093,38.819249093,0,7.542243,0.189197,0.382285,12.879112027,0.9,True,activated,player,player_00812,38.819249093,1.709606029,32.482514544,0.0,0.0,2.717347437,1709.315159253,2e-12,889.913746463,-2599.228905716,7.811162141,0,1,4.245665421,0,0,0,0
615,330,7802.586288068,78.025862881,33.587575502,0.004304672,80,8,85,0,0,12,35.533634093,35.027926338,0.505707755,4.030074,0.459715,0.552556,19.33687726,0.9,True,activated,staker,staker_03546,35.533634093,1.776681705,10.660090228,10.660090228,23.09686216,0.0,1711.091840957,-2e-12,923.670698851,-2634.762539809,7.802586288,0,2,34.141992696,0,0,0,0
616,335,8009.093049068,80.090930491,42.563604191,0.00531441,60,6,65,0,0,16,68.603799124,55.115863046,13.487936078,6.103318,0.283514,0.585454,41.891257678,0.9,True,activated,player,player_01139,68.603799124,2.906152986,55.21690673,0.0,0.0,4.802265939,1713.997993943,-1e-12,918.868432913,-2632.866426856,8.009093049,0,1,3.956603324,0,0,0,0
617,333,7988.423723069,79.884237231,47.170843242,0.0059049,50,5,55,0,0,14,65.97690242,53.857369137,12.119533283,6.210676,0.325078,0.513859,22.118760784,0.9,True,activated,player,player_00660,65.97690242,2.457380658,46.690232509,0.0,0.0,4.618383169,1716.455374601,0.0,914.250049743,-2630.705424345,7.988423723,0,0,0.0,0,0,0,0
618,335,8010.436705807,80.104367058,31.034073057,0.003874205,90,9,95,0,0,19,56.500182417,37.033227968,19.466954449,7.791114,0.244504,0.53772,36.645772767,0.9,True,activated,player,player_00631,56.500182417,2.474216876,47.01012065,0.0,0.0,3.955012769,1718.929591478,-0.0,910.295036974,-2629.224628452,8.010436706,0,2,16.824910903,0,0,0,0
619,331,8130.783468878,81.307834689,43.210316975,0.00531441,60,6,65,0,0,10,43.522978889,43.522978889,0,5.742912,0.266943,0.467195,15.476277649,0.9,True,activated,player,player_01403,43.522978889,2.214703849,42.07937314,0.0,0.0,3.046608522,1721.144295327,2e-12,907.248428452,-2628.392723779,8.130783469,0,3,22.241752442,0,0,0,0
620,328,8150.752453604,81.507524536,48.129378163,0.0059049,50,5,55,1,14.10857475,16,144.950631226,104.196028022,40.754603204,4.599884,0.401831,0.653805,44.86136707,0.9,True,activated,player,player_02124,144.950631226,4.620525528,87.789985031,0.0,0.0,5.705526718,1725.764820855,-2e-12,901.542901734,-2627.307722589,8.150752454,0,3,14.747982602,1,6.19867364,5,0
621,325,8151.796809772,81.517968098,38.989791435,0.004782969,70,7,75,0,0,15,52.267098016,40.660371773,11.606726243,4.103119,0.461171,0.580222,29.584158114,0.9,True,activated,player,player_02129,52.267098016,2.705222233,51.399222425,0.0,0.0,3.658696861,1728.470043088,-2e-12,897.884204873,-2626.354247961,8.15179681,0,7,65.467833413,0,0,0,0
622,324,8288.837628772,82.888376288,35.680728082,0.004304672,80,8,85,0,0,15,77.124525038,60.712054611,16.412470427,7.125433,0.311127,0.431836,21.124025339,0.9,True,activated,player,player_00112,77.124525038,3.70164503,70.331255568,0.0,0.0,5.398716753,1732.171688118,0.0,892.485488121,-2624.657176238,8.288837629,0,2,107.016292323,1,23.825189998,5,0
623,326,8437.992960259,84.379929603,61.51296868,0.00729,30,3,35,0,0,9,68.917939392,64.798824537,4.119114855,4.31352,0.360416,0.538623,12.636516358,0.9,True,activated,player,player_02141,68.917939392,2.813085944,53.448632928,0.0,0.0,4.824255757,1734.984774061,2e-12,887.661232363,-2622.646006425,8.43799296,0,2,107.157038861,1,10.040601141,5,0
624,327,8556.89789417,85.568978942,40.927377364,0.004782969,70,7,75,0,0,16,79.286798483,62.278709954,17.008088529,3.680406,0.482048,0.666664,39.727817237,0.9,True,activated,player,player_01447,79.286798483,3.81407566,72.467437544,0.0,0.0,5.550075894,1738.798849722,1e-12,882.111156469,-2620.910006191,8.556897894,0,2,17.440778983,0,0,0,0
625,322,8408.322855325,84.083228553,40.216747559,0.004782969,70,7,75,0,0,10,90.681001184,48.226677283,42.454323901,3.558473,0.468172,0.610434,18.678061961,0.9,True,activated,player,player_01079,90.681001184,2.705625164,51.406878118,0.0,0.0,5.885825999,1741.504474886,-1e-12,876.225330471,-2617.729805356,8.408322855,0,2,33.853145244,1,40.035353374,5,0
626,322,8366.655420373,83.666554204,49.404263592,0.0059049,50,5,55,0,0,8,53.194381668,53.194381668,0,5.179315,0.288868,0.417124,8.964135001,0.9,True,activated,player,player_00135,53.194381668,2.077592974,39.474266504,0.0,0.0,3.723606717,1743.58206786,-1e-12,872.501723754,-2616.083791613,8.36665542,0,0,0.0,0,0,0,0
627,321,8330.45995025,83.304599502,49.19053296,0.0059049,50,5,55,0,0,12,93.042220423,58.026911627,35.015308796,4.774483,0.369516,0.539937,25.736538066,0.9,True,activated,player,player_02156,93.042220423,3.224646586,61.268285134,0.0,0.0,5.831321965,1746.806714446,2e-12,866.670401789,-2613.477116234,8.33045995,0,3,71.11107331,0,0,0,0
628,322,8348.543607132,83.485436071,35.937742741,0.004304672,80,8,85,1,1.18388576,14,50.125694811,41.692554396,8.433140415,3.678736,0.496399,0.56654,26.407287214,0.9,True,activated,player,player_02162,50.125694811,1.437607872,27.314549562,0.0,0.0,3.508798637,1748.244322317,-2e-12,863.161603152,-2611.405925469,8.348543607,0,2,31.704787234,0,0,0,0
629,321,8320.364615518,83.203646155,54.589912242,0.006561,40,4,45,0,0,10,95.146791718,57.681548932,37.465242786,2.973163,0.514195,0.653412,24.90131284,0.9,True,activated,player,player_00311,95.146791718,2.602351299,49.444674688,0.0,0.0,5.824255231,1750.846673617,2e-12,857.337347921,-2608.184021538,8.320364616,0,1,4.104733394,0,0,0,0
630,321,8343.519494849,83.435194948,44.340883439,0.00531441,60,6,65,0,0,13,65.321173318,48.738216465,16.582956853,7.933348,0.19117,0.444443,11.606903658,0.9,True,activated,player,player_00391,65.321173318,3.363926217,63.914598126,0.0,0.0,4.572482132,1754.210599834,-1e-12,852.764865789,-2606.975465623,8.343519495,0,1,5.153879644,0,0,0,0
631,317,8307.068484814,83.070684848,49.052408696,0.0059049,50,5,55,1,3.36702424,8,56.749715229,56.749715229,0,3.979549,0.372097,0.529525,16.13057946,0.9,True,activated,player,player_02171,56.749715229,1.98028864,37.625484168,0.0,0.0,3.972480066,1756.190888474,2e-12,848.792385723,-2604.983274197,8.307068485,0,5,138.907678794,0,0,0,0
632,318,8320.386139879,83.203861399,44.217943306,0.00531441,60,6,65,0,0,10,61.841789562,47.451598854,14.390190708,3.683331,0.441835,0.620922,32.864842633,0.9,True,activated,player,player_00602,61.841789562,1.942343498,36.904526457,0.0,0.0,4.328925269,1758.133231972,-0.0,844.463460453,-2602.596692425,8.32038614,0,1,13.582617282,0,0,0,0
633,324,8676.461089906,86.764610899,63.251401345,0.00729,30,3,35,0,0,5,63.514280379,63.514280379,0,1.864127,0.714904,0.574913,9.246075492,0.9,True,activated,player,player_00885,63.514280379,3.189067036,60.592273675,0.0,0.0,4.445999627,1761.322299007,-0.0,840.017460827,-2601.339759834,8.67646109,0,0,0.0,0,0,0,0
634,320,8611.830786124,86.118307861,45.766799648,0.00531441,60,6,65,0,0,14,54.636769647,50.265387404,4.371382243,7.018369,0.257165,0.498216,22.873540909,0.9,True,activated,player,player_02180,54.636769647,2.785831393,52.930796473,0.0,0.0,3.824573875,1764.108130401,2e-12,836.192886952,-2600.301017352,8.611830786,0,3,41.911486611,0,0,0,0
635,329,8883.043495301,88.830434953,42.487321664,0.004782969,70,7,75,0,0,12,51.566574719,50.449125376,1.117449343,5.649068,0.337441,0.497963,18.493574913,0.9,True,activated,player,player_01208,51.566574719,2.317823552,44.038647481,0.0,0.0,3.60966023,1766.425953952,-3e-12,832.583226721,-2599.009180674,8.883043495,0,1,11.111744458,1,38.048118909,5,0
636,323,8688.433229602,86.884332296,24.538701698,0.002824295,120,12,125,1,0.450888426,18,43.366094467,38.624033509,4.742060958,7.033278,0.305745,0.518835,32.323753942,0.9,True,activated,player,player_01833,43.366094467,2.210784556,42.004906566,0.0,0.0,3.035626613,1768.636738509,1e-12,829.547600108,-2598.184338617,8.68843323,0,6,160.132094979,2,6.511715104,5,0
637,327,8801.749903036,88.01749903,51.973453002,0.0059049,50,5,55,0,0,10,97.994069829,53.293925302,44.700144527,3.671808,0.39756,0.610817,25.337517969,0.9,True,activated,player,player_02193,97.994069829,3.259838277,61.936927254,0.0,0.0,6.161224932,1771.896576785,1e-12,823.386375176,-2595.282951961,8.801749903,0,0,0.0,0,0,0,0
638,325,8714.726161543,87.147261615,51.459586511,0.0059049,50,5,55,0,0,9,87.288017559,87.288017559,0,3.156728,0.529291,0.537825,18.653808641,0.9,True,activated,player,player_00969,87.288017559,2.359378816,44.828197507,0.0,0.0,6.100308313,1774.255955601,-1e-12,817.286066863,-2591.542022464,8.714726162,0,4,59.975239165,0,0,0,0
639,323,8637.02788709,86.370278871,45.900707373,0.00531441,60,6,65,0,0,11,58.52146211,55.968805873,2.552656237,2.799492,0.573764,0.628146,34.82810052,0.9,True,activated,player,player_01194,58.52146211,1.452023937,27.588454795,0.0,0.0,4.096502348,1775.707979538,0.0,813.189564516,-2588.897544053,8.637027887,0,3,45.489864124,1,13.577608539,5,0
640,322,8690.048508182,86.900485082,46.182480692,0.00531441,60,6,65,0,0,10,50.624439432,46.904510003,3.719929429,2.417816,0.625477,0.650484,19.657361303,0.9,True,activated,player,player_00581,50.624439432,1.125187141,21.378555679,0.0,0.0,3.54371076,1776.833166679,-2e-12,809.645853755,-2586.479020434,8.690048508,0,4,30.820555085,0,0,0,0
641,325,8622.036867548,86.220368675,41.238935054,0.004782969,70,7,75,0,0,12,55.050327127,54.062925068,0.987402059,3.401434,0.487507,0.637981,41.182444157,0.9,True,activated,staker,staker_03700,55.050327127,2.752516356,16.515098138,16.515098138,35.782712633,0.0,1779.585683035,-1e-12,861.943664526,-2641.529347561,8.622036868,0,2,11.302447779,0,0,0,0
642,324,8603.078623834,86.030786238,56.444798851,0.006561,40,4,45,0,0,10,64.582423075,61.325576388,3.256846687,2.846768,0.516546,0.669094,35.771051648,0.9,True,activated,staker,staker_03260,64.582423075,3.229121154,19.374726922,19.374726922,41.978574999,0.0,1782.814804189,1e-12,923.296966447,-2706.111770636,8.603078624,0,4,120.992589826,0,0,0,0
643,329,8604.899139314,86.048991393,41.156965831,0.004782969,70,7,75,0,0,15,78.464057812,42.042284757,36.421773055,7.656074,0.233627,0.50541,20.489908215,0.9,True,activated,player,player_01096,78.464057812,4.148181329,78.815445242,0.0,0.0,5.492484047,1786.962985517,-1e-12,917.8044824,-2704.767467918,8.604899139,0,0,0.0,0,0,0,0
644,326,8551.631132048,85.51631132,36.811967944,0.004304672,80,8,85,1,1.300158326,12,51.094459388,46.846138103,4.248321285,4.817803,0.339177,0.55677,28.724523417,0.9,True,activated,player,player_01279,51.094459388,2.056725004,39.077775073,0.0,0.0,3.576612157,1789.019710521,3e-12,914.227870243,-2703.247580765,8.551631132,0,2,27.762429385,0,0,0,0
645,325,8557.263017797,85.572630178,36.836211365,0.004304672,80,8,85,1,3.32861824,11,59.751614396,59.423965409,0.327648987,4.540025,0.309593,0.5888,28.424047251,0.9,True,activated,player,player_02147,59.751614396,3.151335838,59.87538093,0.0,0.0,4.182613008,1792.17104636,-0.0,910.045257236,-2702.216303595,8.557263018,0,3,33.845319713,0,0,0,0
646,325,8515.139428016,85.15139428,26.721409797,0.003138106,110,11,115,0,0,17,41.066727814,29.691341873,11.375385941,9.100492,0.214879,0.483662,24.931344456,0.9,True,activated,player,player_01342,41.066727814,1.927617209,36.624726973,0.0,0.0,2.874670947,1794.098663569,-2e-12,907.170586289,-2701.269249857,8.515139428,0,4,121.169426705,0,0,0,0
647,332,8877.126536823,88.771265368,34.391807038,0.003874205,90,9,95,1,6.02994607,18,56.867112288,40.742007052,16.125105236,8.149371,0.211717,0.551016,44.941863481,0.9,True,activated,staker,staker_03096,56.867112288,2.843355614,17.060133686,17.060133686,36.963622987,0.0,1796.942019183,1e-12,961.194342962,-2758.136362145,8.877126537,0,2,14.407182874,0,0,0,0
648,331,8579.038876097,85.790388761,29.913258929,0.003486784,100,10,105,2,2.166211335,16,51.183132053,33.883423553,17.2997085,6.69634,0.253156,0.535127,23.012884111,0.9,True,activated,player,player_01520,51.183132053,2.122649968,40.330349393,0.0,0.0,3.582819244,1799.064669151,2e-12,957.611523718,-2756.67619287,8.579038876,0,4,390.038876433,0,0,0,0
649,330,8608.403170381,86.084031704,50.831759881,0.0059049,50,5,55,0,0,15,111.705808101,59.737964725,51.967843376,4.527465,0.334427,0.671796,69.12666148,0.9,True,activated,player,player_01414,111.705808101,5.142866833,97.714469823,0.0,0.0,6.025882219,1804.207535984,-3e-12,951.585641499,-2755.793177483,8.60840317,0,0,0.0,0,0,0,0
650,326,8566.791549056,85.667915491,56.206719353,0.006561,40,4,45,0,0,11,75.437494411,62.269701409,13.167793002,2.967897,0.547086,0.644863,21.579560089,0.9,True,activated,player,player_00431,75.437494411,1.972367756,37.474987372,0.0,0.0,5.280624609,1806.17990374,1e-12,946.30501689,-2752.484920631,8.566791549,0,3,26.680341395,0,0,0,0
651,327,8580.935510247,85.809355102,41.042348537,0.004782969,70,7,75,0,0,14,65.27849056,53.265494435,12.012996125,6.858956,0.255629,0.53047,35.794944737,0.9,True,activated,staker,staker_03033,65.27849056,3.263924528,19.583547168,19.583547168,42.431018864,0.0,1809.443828268,1e-12,1008.319582922,-2817.763411191,8.58093551,0,2,46.994313024,0,0,0,0
652,324,8555.856737982,85.55856738,40.922397546,0.004782969,70,7,75,0,0,10,55.612250273,55.612250273,0,7.399936,0.211235,0.330895,8.200514191,0.9,True,activated,player,player_02243,55.612250273,2.667675016,50.685825299,0.0,0.0,3.892857519,1812.111503284,-2e-12,1004.426725403,-2816.538228687,8.555856738,0,3,128.39196576,2,52.427189558,5,0
653,321,8470.853149903,84.708531499,36.464245218,0.004304672,80,8,85,1,8.786164659,12,44.435524756,42.869288235,1.566236521,8.309601,0.191668,0.376675,12.720430755,0.9,True,activated,player,player_00318,44.435524756,2.34214218,44.500701421,0.0,0.0,3.110486733,1814.453645464,2e-12,1001.31623867,-2815.769884135,8.47085315,0,3,16.701957375,0,0,0,0
654,324,8596.309336848,85.963093368,41.115881073,0.004782969,70,7,75,0,0,12,55.270595416,55.270595416,0,8.299861,0.220854,0.357344,14.657264276,0.9,True,activated,player,player_01869,55.270595416,2.638727232,50.135817416,0.0,0.0,3.868941679,1817.092372697,-1e-12,997.447296991,-2814.539669688,8.596309337,0,5,122.651822194,0,0,0,0
655,322,8668.186224604,86.681862246,41.459665999,0.004782969,70,7,75,0,0,18,69.611405632,41.751773175,27.859632457,8.905908,0.232872,0.498904,27.339445255,0.9,True,activated,player,player_02251,69.611405632,3.560398808,67.64757736,0.0,0.0,4.872798394,1820.652771505,0.0,992.574498597,-2813.227270102,8.668186225,0,3,17.108032743,1,99.969028053,5,0
656,323,8665.418559004,86.65418559,41.44642834,0.004782969,70,7,75,0,0,16,81.996095745,44.794009855,37.20208589,4.826914,0.388942,0.619008,41.749999889,0.9,True,activated,player,player_00504,81.996095745,4.168223765,79.196251531,0.0,0.0,5.739726702,1824.82099527,1e-12,986.834771895,-2811.655767165,8.665418559,0,1,4.192600279,1,3.656661653,5,0
657,322,8616.571628184,86.165716282,33.382363937,0.003874205,90,9,95,1,1.303654324,15,54.72485781,42.389460903,12.335396907,6.956826,0.308612,0.460884,23.312236583,0.9,True,activated,player,player_01813,54.72485781,2.559018997,48.621360934,0.0,0.0,3.830740047,1827.380014266,0.0,983.004031848,-2810.384046115,8.616571628,0,2,15.353658688,1,12.286862616,5,0
658,324,8455.330411489,84.553304115,32.757682427,0.003874205,90,9,95,1,0.192311948,16,51.831579987,51.831579987,0,7.008052,0.277108,0.518225,25.352364344,0.9,True,activated,player,player_01993,51.831579987,2.665488285,50.644277422,0.0,0.0,3.628210599,1830.045502552,0.0,979.375821249,-2809.421323801,8.455330411,0,5,205.081049436,0,0,0,0
659,324,8327.893663725,83.278936637,44.257841365,0.00531441,60,6,65,1,7.770223392,9,48.081220269,48.081220269,0,5.077778,0.342448,0.409774,7.859947852,0.9,True,activated,player,player_01553,48.081220269,2.395916762,45.52241848,0.0,0.0,3.365685419,1832.441419314,0.0,976.01013583,-2808.451555144,8.327893664,0,3,137.7787387,0,0,0,0
660,325,8445.87627012,84.458762701,29.448949631,0.003486784,100,10,105,1,0.606414539,14,34.119302844,34.119302844,0,6.942455,0.295696,0.463156,25.088284931,0.9,True,activated,player,player_02269,34.119302844,1.586395649,30.141517333,0.0,0.0,2.388351199,1834.027814963,1e-12,973.621784631,-2807.649599594,8.44587627,0,1,8.724137276,0,0,0,0
661,320,8353.308054855,83.533080549,44.39290386,0.00531441,60,6,65,0,0,13,63.76919349,57.95063586,5.81855763,4.705089,0.39865,0.570961,19.347369174,0.9,True,activated,player,player_02274,63.76919349,2.140573288,40.670892468,0.0,0.0,4.463843544,1836.168388251,0.0,969.157941087,-2805.326329338,8.353308055,0,3,50.257950379,0,0,0,0
662,320,8343.87890755,83.438789075,49.269770561,0.0059049,50,5,55,0,0,10,66.75210995,54.936769593,11.815340357,3.604529,0.469811,0.592488,27.575428813,0.9,True,activated,player,player_02278,66.75210995,2.003192984,38.0606667,0.0,0.0,4.672647696,1838.171581235,-1e-12,964.48529339,-2802.656874625,8.343878908,0,3,31.617333083,1,1.862056206,5,0
663,313,8230.183248517,82.301832485,31.885416187,0.003874205,90,9,95,0,0,18,56.456283811,36.259911755,20.196372056,8.886561,0.243323,0.472102,26.504579021,0.9,True,activated,player,player_01991,56.456283811,2.767669201,52.585714824,0.0,0.0,3.951939867,1840.939250436,0.0,960.533353524,-2801.47260396,8.230183249,0,4,78.835943692,0,0,0,0
664,313,8075.308232834,80.753082328,47.683887584,0.0059049,50,5,55,0,0,11,84.468914617,62.134390758,22.334523859,5.22038,0.319982,0.548996,25.007028367,0.9,True,activated,player,player_01995,84.468914617,3.883076395,73.7784515,0.0,0.0,5.652715763,1844.822326831,1e-12,954.880637761,-2799.702964592,8.075308233,0,1,3.086117545,0,0,0,0
665,313,8003.907712724,80.039077127,42.536047188,0.00531441,60,6,65,0,0,14,51.361595404,48.46587873,2.895716674,9.186517,0.170586,0.398654,18.16465709,0.9,True,activated,player,player_02082,51.361595404,2.309765799,43.885550182,0.0,0.0,3.595311678,1847.13209263,-1e-12,951.285326082,-2798.417418712,8.003907713,0,1,36.271110561,1,4.369781894,5,0
666,308,7942.406930671,79.424069307,34.189457521,0.004304672,80,8,85,1,6.532308629,12,39.344054829,36.977055343,2.366999486,5.902776,0.321433,0.487952,17.128838777,0.9,True,activated,player,player_02290,39.344054829,1.472582263,27.979062993,0.0,0.0,2.754083838,1848.604674893,-2e-12,948.531242244,-2797.135917137,7.942406931,0,5,66.63796308,0,0,0,0
667,303,7841.657567242,78.416575672,37.506405053,0.004782969,70,7,75,1,0.421410726,12,47.147332934,47.147332934,0,5.201918,0.315621,0.504351,22.464313919,0.9,True,activated,player,player_00962,47.147332934,1.889417889,35.898939896,0.0,0.0,3.300313305,1850.494092782,3e-12,945.230928939,-2795.725021721,7.841657567,0,3,40.781757599,0,0,0,0
668,306,8001.323197483,80.013231975,52.496681499,0.006561,40,4,45,0,0,12,73.82518917,61.179459647,12.645729523,3.184954,0.528536,0.639736,25.611774114,0.9,True,activated,player,player_01560,73.82518917,3.478266618,66.087065748,0.0,0.0,5.167763242,1853.9723594,-1e-12,940.063165697,-2794.035525097,8.001323197,0,0,0.0,1,6.556636928,5,0
669,300,7920.198978487,79.201989785,42.091184653,0.00531441,60,6,65,0,0,12,49.312893927,45.874026627,3.4388673,4.542695,0.372637,0.584085,31.479294442,0.9,True,activated,player,player_01692,49.312893927,2.09811403,39.864166577,0.0,0.0,3.451902575,1856.070473431,0.0,936.611263122,-2792.681736553,7.920198978,0,3,57.676912409,1,33.307952104,5,0
670,299,7984.843947425,79.848439474,42.434734523,0.00531441,60,6,65,0,0,13,84.053925636,63.855260678,20.198664958,8.317293,0.203648,0.380189,17.537049477,0.9,True,activated,staker,staker_03364,84.053925636,4.202696282,25.216177691,25.216177691,54.635051663,0.0,1860.273169713,2e-12,1016.462492476,-2876.735662189,7.984843947,0,2,15.865242136,1,6.979696636,5,0
671,299,8072.750316138,80.727503161,47.668783342,0.0059049,50,5,55,0,0,9,73.362229912,51.115116727,22.247113185,2.829462,0.530343,0.633526,29.66306414,0.9,True,activated,player,player_02210,73.362229912,1.979523845,37.61095305,0.0,0.0,5.135356094,1862.252693557,2e-12,1011.327136382,-2873.57982994,8.072750316,0,1,7.661317357,0,0,0,0
672,295,8166.196796574,81.661967966,35.152799513,0.004304672,80,8,85,0,0,14,50.318238822,47.089633747,3.228605075,9.040241,0.199008,0.397969,15.533814152,0.9,True,activated,staker,staker_04024,50.318238822,2.515911941,15.095471647,15.095471647,32.706855234,0.0,1864.768605498,-2e-12,1059.129463263,-2923.898068762,8.166196797,0,5,92.607180452,1,14.04284613,5,0
673,294,8227.06559692,82.270655969,53.977777381,0.006561,40,4,45,0,0,8,54.905627534,54.905627534,0,4.225993,0.330469,0.50053,17.497824399,0.9,True,activated,player,player_00803,54.905627534,2.169162251,41.214082774,0.0,0.0,3.843393927,1866.93776775,-2e-12,1055.286069336,-2922.223837086,8.227065597,0,1,5.577407862,0,0,0,0
674,294,8219.591522238,82.195915222,43.682279382,0.00531441,60,6,65,1,25.409573705,12,56.529347438,44.797301841,11.732045597,6.142434,0.284942,0.485336,18.92764195,0.9,True,activated,player,player_02308,56.529347438,2.656199471,50.46778994,0.0,0.0,3.957054321,1869.59396722,5e-12,1051.329015015,-2920.922982236,8.219591522,0,3,36.438824586,1,5.635601863,5,0
675,288,8138.512044314,81.385120443,35.033625733,0.004304672,80,8,85,0,0,13,39.008725673,39.008725673,0,7.63293,0.269484,0.398766,17.829088367,0.9,True,activated,player,player_02013,39.008725673,2.022929615,38.435662689,0.0,0.0,2.730610797,1871.616896835,-4e-12,1048.598404218,-2920.215301054,8.138512044,0,4,60.116922738,1,25.639211503,5,0
676,290,8115.887876583,81.158878766,47.923506322,0.0059049,50,5,55,0,0,12,82.05835144,58.427383365,23.630968075,3.519015,0.466039,0.665424,53.807531954,0.9,True,activated,staker,staker_03256,82.05835144,4.102917572,24.617505432,24.617505432,53.337928436,0.0,1875.719814407,-3e-12,1126.553838086,-3002.273652494,8.115887877,0,1,21.021001243,1,9.858630586,5,0
677,295,8312.352288743,83.123522887,39.757723314,0.004782969,70,7,75,0,0,16,64.418196038,54.726418023,9.691778015,4.46211,0.422249,0.635955,38.471639261,0.9,True,activated,player,player_01995,64.418196038,2.086347903,39.640610166,0.0,0.0,4.509273723,1877.806162311,2e-12,1122.044564364,-2999.850726674,8.312352289,0,1,11.430330522,0,0,0,0
678,297,8273.040131931,82.730401319,43.966327208,0.00531441,60,6,65,0,0,17,58.151052889,49.213571919,8.93748097,6.792226,0.236104,0.560813,32.127853579,0.9,True,activated,staker,staker_03318,58.151052889,2.907552644,17.445315867,17.445315867,37.798184378,0.0,1880.713714955,-0.0,1177.288064608,-3058.001779563,8.273040132,0,1,4.670394405,0,0,0,0
679,299,8310.745782339,83.107457823,49.07412277,0.0059049,50,5,55,0,0,14,121.444613428,78.395090503,43.049522925,2.940449,0.487306,0.737796,61.182502025,0.9,True,activated,staker,staker_03753,121.444613428,6.072230671,36.433384028,36.433384028,78.938998728,0.0,1886.785945627,-1e-12,1292.660447365,-3179.446392991,8.310745782,0,1,100.806863896,2,30.134670744,5,0
680,296,8275.927882691,82.759278827,43.981673899,0.00531441,60,6,65,0,0,12,50.985474142,45.473232023,5.512242119,8.12816,0.173988,0.38477,12.489105138,0.9,True,activated,player,player_00163,50.985474142,2.295828123,43.620734333,0.0,0.0,3.56898319,1889.08177375,-2e-12,1289.091464175,-3178.173237924,8.275927883,0,2,19.23954591,0,0,0,0
681,293,8218.340728472,82.183407285,35.377262042,0.004304672,80,8,85,0,0,14,61.929159013,46.885203707,15.043955306,7.357183,0.220348,0.495408,17.621798937,0.9,True,activated,player,player_02329,61.929159013,3.106457762,59.022697471,0.0,0.0,4.335041131,1892.188231511,0.0,1284.756423044,-3176.944654555,8.218340728,0,4,34.079188539,0,0,0,0
682,292,8226.791929253,82.267919293,35.41364169,0.004304672,80,8,85,0,0,18,53.973689501,36.87111436,17.102575141,10.325526,0.171961,0.46679,26.12628645,0.9,True,activated,staker,staker_03827,53.973689501,2.698684475,16.19210685,16.19210685,35.082898176,0.0,1894.886915986,3e-12,1336.03142807,-3230.918344056,8.226791929,0,0,0.0,0,0,0,0
683,297,8398.019667208,83.980196672,55.099407037,0.006561,40,4,45,0,0,10,62.868016335,55.978554774,6.889461561,4.463672,0.341373,0.558608,16.83709316,0.9,True,activated,player,player_00483,62.868016335,2.481371009,47.146049175,0.0,0.0,4.400761143,1897.368286995,-4e-12,1331.630666926,-3228.998953922,8.398019667,0,0,0.0,1,4.781820339,5,0
684,297,8353.39763243,83.533976324,49.32597768,0.0059049,50,5,55,1,22.597768851,13,85.210300016,65.65055514,19.559744876,5.89003,0.261636,0.544854,32.884526119,0.9,True,activated,player,player_00169,85.210300016,3.485046909,66.215891265,0.0,0.0,5.847378343,1900.853333904,1e-12,1325.783288584,-3226.636622488,8.353397632,0,3,134.955667659,0,0,0,0
685,297,8312.485901237,83.124859012,49.084397998,0.0059049,50,5,55,0,0,11,72.034034513,54.983704527,17.050329986,6.729925,0.289424,0.390209,13.968212211,0.9,True,activated,player,player_02239,72.034034513,3.403485137,64.666217607,0.0,0.0,5.042382416,1904.256819041,-2e-12,1320.740906168,-3224.997725209,8.312485901,0,1,13.032085128,0,0,0,0
686,301,8473.394919817,84.733949198,40.527985226,0.004782969,70,7,75,0,0,15,63.084149932,43.736924576,19.347225356,7.314488,0.247424,0.521874,30.814652763,0.9,True,activated,player,player_00592,63.084149932,2.59457645,49.296952545,0.0,0.0,4.415890495,1906.851395491,4e-12,1316.325015673,-3223.176411164,8.47339492,0,4,85.585567675,0,0,0,0
687,300,8502.123870082,85.021238701,40.665394905,0.004782969,70,7,75,1,0.669839596,15,83.460178768,42.683798071,40.776380697,8.053367,0.254478,0.4665,17.874812512,0.9,True,activated,staker,staker_04093,83.460178768,4.173008938,25.03805363,25.03805363,54.249116199,0.0,1911.024404429,0.0,1395.612185502,-3306.636589932,8.50212387,0,4,53.571990273,0,0,0,0
688,299,8586.517874081,85.865178741,56.336143772,0.006561,40,4,45,0,0,8,65.157595744,63.214878665,1.942717079,3.892522,0.332042,0.537502,22.653557858,0.9,True,activated,player,player_02085,65.157595744,2.591580652,49.240032392,0.0,0.0,4.561031702,1913.615985082,-2e-12,1391.0511538,-3304.667138882,8.586517874,0,0,0.0,0,0,0,0
689,296,8463.044914845,84.630449148,44.976090526,0.00531441,60,6,65,0,0,10,100.284377686,54.367982637,45.916395049,4.564653,0.306084,0.541004,23.856052692,0.9,True,activated,player,player_01629,100.284377686,5.173727019,98.300813369,0.0,0.0,5.92413144,1918.789712101,-0.0,1385.12702236,-3303.916734461,8.463044915,0,4,120.676638831,1,11.988052095,5,0
690,292,8371.866048143,83.718660481,36.038138202,0.004304672,80,8,85,0,0,14,54.181005858,40.071419106,14.109586752,8.471942,0.182631,0.416505,21.907053529,0.9,True,activated,player,player_02152,54.181005858,2.421935781,46.01677983,0.0,0.0,3.79267041,1921.211647882,2e-12,1381.33435195,-3302.545999831,8.371866048,0,2,117.186819756,0,0,0,0
691,293,8335.995736031,83.35995736,29.065819899,0.003486784,100,10,105,0,0,16,41.527421065,38.437123897,3.090297168,6.833383,0.323748,0.468078,26.99074306,0.9,True,activated,player,player_02367,41.527421065,2.034007181,38.646136437,0.0,0.0,2.906919475,1923.245655062,-3e-12,1378.427432475,-3301.673087537,8.335995736,0,5,115.470938855,0,0,0,0
692,297,8448.536677591,84.485366776,36.368180122,0.004304672,80,8,85,2,2.921669504,17,64.302590244,40.772013644,23.5305766,8.294085,0.202626,0.518826,31.076313324,0.9,True,activated,player,player_02369,64.302590244,2.821430839,53.607185939,0.0,0.0,4.501181317,1926.067085901,5e-12,1373.926251158,-3299.993337059,8.448536678,0,3,92.108354314,0,0,0,0
693,301,8478.711653361,84.787116534,45.059349998,0.00531441,60,6,65,0,0,15,84.433083775,49.83362277,34.599461005,8.554678,0.199943,0.455897,23.454448585,0.9,True,activated,player,player_01019,84.433083775,4.046977708,76.892576456,0.0,0.0,5.910315864,1930.11406361,-1e-12,1368.015935294,-3298.129998903,8.478711653,0,2,18.67908728,1,102.345421885,5,0
694,298,8337.02363956,83.370236396,39.87572562,0.004782969,70,7,75,0,0,15,63.843108041,45.143390787,18.699717254,7.143492,0.292412,0.483917,22.802135297,0.9,True,activated,player,player_02380,63.843108041,3.147288097,59.798473846,0.0,0.0,4.469017563,1933.261351707,-3e-12,1363.546917731,-3296.808269438,8.33702364,0,1,30.566960278,0,0,0,0
695,301,8496.427368913,84.964273689,45.153498574,0.00531441,60,6,65,0,0,10,49.114644686,49.114644686,0,4.873343,0.330896,0.524859,16.723645075,0.9,True,activated,player,player_01447,49.114644686,2.016950074,38.322051403,0.0,0.0,3.438025128,1935.278301781,3e-12,1360.108892603,-3295.387194383,8.496427369,0,0,0.0,0,0,0,0
696,300,8365.480208098,83.654802081,29.168625896,0.003486784,100,10,105,0,0,14,35.220559734,32.604651034,2.6159087,8.328771,0.207427,0.440512,21.778390546,0.9,True,activated,staker,staker_03827,35.220559734,1.761027987,10.56616792,10.56616792,22.893363827,0.0,1937.039329767,-1e-12,1393.56842435,-3330.607754117,8.365480208,0,4,189.356174563,0,0,0,0
697,307,8811.496785262,88.114967853,34.137543934,0.003874205,90,9,95,1,7.801331771,13,41.99133068,41.99133068,0,6.349419,0.279453,0.486665,24.523616288,0.9,True,activated,player,player_00718,41.99133068,2.184953987,41.51412576,0.0,0.0,2.939393148,1939.224283755,-3e-12,1390.629031203,-3329.853314957,8.811496785,0,3,35.597072198,0,0,0,0
698,311,8988.995133036,89.88995133,28.208419209,0.003138106,110,11,115,3,7.402748998,15,41.508235111,34.800763215,6.707471896,10.377197,0.147731,0.375499,18.098288499,0.9,True,activated,player,player_02392,41.508235111,1.914088656,36.367684464,0.0,0.0,2.905576458,1941.138372411,1e-12,1387.723454745,-3328.861827155,8.988995133,0,2,35.242490867,1,13.01703505,5,0
699,311,8903.988327383,89.039883274,34.495875118,0.003874205,90,9,95,1,6.490992279,16,45.852226173,39.673306335,6.178919838,6.237952,0.336057,0.537395,25.037635735,0.9,True,activated,player,player_02396,45.852226173,2.354506213,44.73561805,0.0,0.0,3.209655832,1943.492878624,0.0,1384.513798913,-3328.006677536,8.903988327,0,3,128.355149102,0,0,0,0
700,310,8377.562581343,83.775625813,36.06265991,0.004304672,80,8,85,0,0,16,65.895678935,50.877432433,15.018246502,9.220963,0.193298,0.451461,22.067783135,0.9,True,activated,player,player_02299,65.895678935,3.202440597,60.846371346,0.0,0.0,4.612697525,1946.695319221,0.0,1379.901101387,-3326.596420608,8.377562581,0,2,265.399481095,0,0,0,0
701,306,8333.00766223,83.330076622,60.747625858,0.00729,30,3,35,0,0,10,77.733966468,67.937217447,9.796749021,2.896847,0.543168,0.662044,39.635283121,0.9,True,activated,player,player_02404,77.733966468,4.102974817,77.956521532,0.0,0.0,5.441377653,1950.798294038,7e-12,1374.459723734,-3325.258017773,8.333007662,0,1,6.74786399,0,0,0,0
702,310,8389.309929931,83.893099299,36.113228394,0.004304672,80,8,85,0,0,17,48.984084317,39.168131452,9.815952865,10.36712,0.162843,0.441428,25.147611739,0.9,True,activated,player,player_02408,48.984084317,2.537378078,48.210183486,0.0,0.0,3.428885902,1953.335672117,-3e-12,1371.030837832,-3324.366509949,8.38930993,0,2,12.527862239,0,0,0,0
703,311,8285.074927617,82.850749276,32.098077799,0.003874205,90,9,95,1,5.638790155,18,139.89039967,47.364689152,92.525710518,3.43723,0.491864,0.750794,101.396557501,0.9,True,activated,player,player_00603,139.89039967,6.582751565,125.072279744,0.0,0.0,5.799552449,1959.918423682,2e-12,1365.231285383,-3325.149709065,8.285074928,0,2,105.470115425,0,0,0,0
704,316,8583.962197296,85.839621973,45.618694541,0.00531441,60,6,65,0,0,17,72.659501272,52.354994885,20.304506387,7.77112,0.246636,0.542194,41.326513624,0.9,True,activated,player,player_01692,72.659501272,2.991260036,56.833940685,0.0,0.0,5.086165089,1962.909683718,-2e-12,1360.145120294,-3323.054804012,8.583962197,0,0,0.0,0,0,0,0
705,315,8637.996768369,86.379967684,45.905856406,0.00531441,60,6,65,1,9.472294396,13,66.74529881,57.979429622,8.765869188,6.583049,0.248574,0.489793,14.936989845,0.9,True,activated,player,player_00763,66.74529881,3.242409056,61.605772056,0.0,0.0,4.672170917,1966.152092774,-2e-12,1355.472949377,-3321.625042151,8.637996768,0,0,0.0,0,0,0,0
706,309,8496.369442215,84.963694422,21.59663115,0.002541866,130,13,135,3,13.442151569,17,26.697667819,22.290239876,4.407427943,10.849576,0.165087,0.37153,19.664498098,0.9,True,activated,player,player_02422,26.697667819,1.411604132,26.820478512,0.0,0.0,1.868836747,1967.563696906,4e-12,1353.60411263,-3321.167809536,8.496369442,0,9,190.631125765,0,0,0,0
707,310,8511.165146931,85.111651469,40.708639052,0.004782969,70,7,75,0,0,12,59.24761409,50.0521932,9.19542089,5.831014,0.319664,0.505699,23.252476608,0.9,True,activated,staker,staker_02336,59.24761409,2.962380705,17.774284227,17.774284227,38.510949158,0.0,1970.52607761,1e-12,1409.889346015,-3380.415423626,8.511165147,0,2,22.11408042,0,0,0,0
708,307,8475.020603434,84.750206034,36.482184739,0.004304672,80,8,85,0,0,16,48.579863535,39.917300363,8.662563172,8.031881,0.245796,0.479792,21.496796929,0.9,True,activated,player,player_02433,48.579863535,2.438567613,46.332784639,0.0,0.0,3.400590447,1972.964645223,-3e-12,1406.488755568,-3379.453400791,8.475020603,0,2,83.211623531,0,0,0,0
709,308,8450.564229545,84.505642295,40.418786742,0.004782969,70,7,75,0,0,13,50.274267904,47.136023768,3.138244136,8.754001,0.201046,0.381316,13.113811425,0.9,True,activated,player,player_01942,50.274267904,2.387295849,45.358621138,0.0,0.0,3.519198753,1975.351941072,1e-12,1402.969556815,-3378.321497887,8.45056423,0,4,70.901329726,0,0,0,0
710,306,8366.164733918,83.661647339,32.412236323,0.003874205,90,9,95,0,0,16,39.31444685,35.397294147,3.917152703,9.170801,0.190776,0.452287,21.03519017,0.9,True,activated,player,player_01057,39.31444685,1.728310198,32.83789377,0.0,0.0,2.75201128,1977.080251271,2e-12,1400.217545535,-3377.297796806,8.366164734,0,3,38.690295002,1,12.112456355,5,0
711,307,8521.459985879,85.214599859,40.757878947,0.004782969,70,7,75,1,3.331206339,14,69.612510707,47.177136657,22.43537405,4.483709,0.416008,0.595925,22.872907154,0.9,True,activated,player,player_01447,69.612510707,2.276301824,43.24973466,0.0,0.0,4.872875749,1979.356553095,-6e-12,1395.344669786,-3374.701222881,8.521459986,0,2,13.670658749,0,0,0,0
712,312,8627.778267835,86.277782678,41.266395994,0.004782969,70,7,75,0,0,15,61.428596354,42.083020023,19.345576331,8.179278,0.233001,0.47315,22.042453433,0.9,True,activated,player,player_01096,61.428596354,2.801770916,53.233647398,0.0,0.0,4.300001745,1982.158324011,6e-12,1391.044668041,-3373.202992052,8.627778268,0,2,15.285766824,0,0,0,0
713,310,8703.284437914,87.032844379,37.464785698,0.004304672,80,8,85,0,0,20,57.157586035,46.789348114,10.368237921,13.49427,0.117516,0.385987,23.164572366,0.9,True,activated,player,player_02063,57.157586035,2.962686121,56.291036292,0.0,0.0,4.001031022,1985.121010131,0.0,1387.043637018,-3372.16464715,8.703284438,0,4,50.090663738,0,0,0,0
714,310,8590.389604791,85.903896048,41.087567178,0.004782969,70,7,75,0,0,15,65.014180317,41.201023938,23.813156379,8.137531,0.203835,0.470405,23.08598652,0.9,True,activated,player,player_02457,65.014180317,3.03075235,57.584294647,0.0,0.0,4.550992622,1988.151762481,0.0,1382.492644396,-3370.644406877,8.590389605,0,4,226.392135087,0,0,0,0
715,310,8524.966692256,85.249666923,45.305168239,0.00531441,60,6,65,0,0,14,132.70975831,54.007826569,78.701931741,5.327104,0.315191,0.593009,32.423646881,0.9,True,activated,player,player_02462,132.70975831,5.315797759,101.000157429,0.0,0.0,5.967476685,1993.467560241,2e-12,1376.525167712,-3369.992727952,8.524966692,0,1,138.163104989,0,0,0,0
716,311,8454.787814715,84.547878147,40.438988019,0.004782969,70,7,75,1,0.196517443,11,61.425644902,50.916839419,10.508805483,4.502264,0.393558,0.56163,26.38012545,0.9,True,activated,player,player_01235,61.425644902,2.866590425,54.46521807,0.0,0.0,4.299795143,1996.334150665,-1e-12,1372.225372568,-3368.559523234,8.454787815,0,2,48.405137298,0,0,0,0
717,315,8507.526013516,85.075260135,36.62210987,0.004304672,80,8,85,0,0,17,44.494520459,37.850795746,6.643724713,6.214484,0.277366,0.590939,30.663974177,0.9,True,activated,player,player_00382,44.494520459,2.368182528,44.995468026,0.0,0.0,3.114616432,1998.702333193,-3e-12,1369.110756136,-3367.813089329,8.507526014,0,0,0.0,0,0,0,0
718,313,8551.879623076,85.518796231,56.108882207,0.006561,40,4,45,0,0,15,114.909897431,84.638196842,30.271700589,6.793971,0.264114,0.522986,33.597886561,0.9,True,activated,player,player_00010,114.909897431,5.895819577,112.020571963,0.0,0.0,5.986315736,2004.59815277,1e-12,1363.1244404,-3367.72259317,8.551879623,0,1,3.805797179,0,0,0,0
719,312,8508.417083931,85.084170839,45.217216835,0.00531441,60,6,65,0,0,13,68.139795165,52.602404032,15.537391133,8.128884,0.212432,0.407493,21.114981682,0.9,True,activated,player,player_01865,68.139795165,3.363017531,63.897333096,0.0,0.0,4.769785662,2007.961170302,3e-12,1358.354654739,-3366.31582504,8.508417084,0,2,32.066404506,1,15.451551212,5,0
720,314,8582.475723002,85.82475723,50.678660897,0.0059049,50,5,55,0,0,13,79.639660877,60.937593543,18.702067334,6.466391,0.238979,0.462335,12.151187949,0.9,True,activated,player,player_00130,79.639660877,3.562841768,67.693993596,0.0,0.0,5.574776261,2011.52401207,-8e-12,1352.779878477,-3364.303890547,8.582475723,0,2,19.137198564,1,14.734162674,5,0
721,315,8591.728717937,85.917287179,45.659969016,0.00531441,60,6,65,0,0,12,64.454901161,64.454901161,0,5.960674,0.252329,0.506841,20.858450147,0.9,True,activated,player,player_01607,64.454901161,2.714735108,51.579967057,0.0,0.0,4.511843081,2014.238747178,3e-12,1348.268035396,-3362.506782574,8.591728718,0,1,17.833298766,0,0,0,0
722,312,8222.694575973,82.22694576,43.698770281,0.00531441,60,6,65,0,0,10,70.881213924,58.351201561,12.530012363,5.709487,0.239888,0.467313,19.672203364,0.9,True,activated,player,player_02311,70.881213924,2.972894652,56.484998396,0.0,0.0,4.961684975,2017.21164183,0.0,1343.306350421,-3360.517992252,8.222694576,0,0,0.0,0,0,0,0
723,312,8048.322545987,80.48322546,52.805044224,0.006561,40,4,45,0,0,8,55.976397657,55.401803772,0.574593885,3.102914,0.527822,0.545033,13.358101969,0.9,True,activated,player,player_01940,55.976397657,2.937438288,55.811327465,0.0,0.0,3.918347836,2020.149080118,-2e-12,1339.388002585,-3359.537082703,8.048322546,0,1,149.063670471,0,0,0,0
724,313,8026.599465038,80.26599465,58.5139101,0.00729,30,3,35,0,0,8,63.757087443,61.953919052,1.803168391,2.838277,0.544527,0.611565,20.640259108,0.9,True,activated,player,player_02156,63.757087443,1.675131191,31.827492626,0.0,0.0,4.462996121,2021.824211309,2e-12,1334.925006464,-3356.749217773,8.026599465,0,0,0.0,1,31.280182609,5,0
725,310,7959.501105432,79.595011054,38.070047043,0.004782969,70,7,75,0,0,12,60.74488341,41.041183137,19.703700273,6.998725,0.213454,0.468696,14.813102035,0.9,True,activated,player,player_02487,60.74488341,2.86262538,54.389882221,0.0,0.0,4.252141839,2024.686836689,0.0,1330.672864626,-3355.359701315,7.959501105,0,2,25.523263521,1,4.510689705,5,0
726,308,7947.658905795,79.476589058,34.212065552,0.004304672,80,8,85,0,0,15,55.201141189,47.487592027,7.713549162,4.340305,0.396938,0.633022,36.669304857,0.9,True,activated,player,player_02493,55.201141189,2.746232975,52.178426523,0.0,0.0,3.864079883,2027.433069664,-2e-12,1326.808784742,-3354.241854406,7.947658906,0,2,17.499136359,1,16.200038058,5,0
727,309,7824.868188507,78.248681885,41.58455775,0.00531441,60,6,65,0,0,12,62.100108823,62.100108823,0,5.272035,0.32835,0.552626,22.290951477,0.9,True,activated,player,player_02495,62.100108823,3.21805086,61.14296634,0.0,0.0,4.347007618,2030.651120524,3e-12,1322.461777125,-3353.112897649,7.824868189,0,1,57.82292093,1,13.761775231,5,0
728,306,7796.845484988,77.96845485,37.292070252,0.004782969,70,7,75,0,0,13,57.437720154,48.558031026,8.879689128,3.40218,0.501474,0.674638,35.18752846,0.9,True,activated,player,player_00969,57.437720154,1.632740682,31.022072959,0.0,0.0,4.020640411,2032.283861206,-3e-12,1318.441136714,-3350.72499792,7.796845485,0,2,5.625539799,0,0,0,0
729,303,7772.05179097,77.72051791,37.173482783,0.004782969,70,7,75,0,0,16,93.765362303,53.481605354,40.283756949,7.702269,0.208639,0.55493,32.792957148,0.9,True,activated,player,player_02501,93.765362303,4.690979877,89.128617671,0.0,0.0,5.440436254,2036.974841083,4e-12,1313.00070046,-3349.975541544,7.772051791,0,1,9.216675855,1,6.089761504,5,0
730,304,7855.743408988,78.55743409,37.573777197,0.004782969,70,7,75,1,5.999564914,12,45.807158159,42.402031945,3.405126214,6.832586,0.25723,0.447972,17.583765627,0.9,True,activated,staker,staker_04119,45.807158159,2.290357908,13.742147448,13.742147448,29.774652803,0.0,2039.265198991,-0.0,1356.517500711,-3395.782699703,7.855743409,0,2,25.834159144,0,0,0,0
731,306,7828.884205904,78.288842059,46.228778347,0.0059049,50,5,55,0,0,11,75.399314753,66.506607239,8.892707514,4.055585,0.420364,0.619453,32.680396239,0.9,True,activated,staker,staker_03790,75.399314753,3.769965738,22.619794426,22.619794426,49.009554589,0.0,2043.035164729,3e-12,1428.146849727,-3471.182014456,7.828884206,0,1,7.292445019,0,0,0,0
732,305,7930.249944092,79.302499441,34.13712568,0.004304672,80,8,85,1,5.846518489,15,61.180606442,45.332310167,15.848296275,7.491149,0.249192,0.518285,30.96226256,0.9,True,activated,player,player_01095,61.180606442,2.90800578,55.252109812,0.0,0.0,4.282642451,2045.943170509,-7e-12,1423.864207276,-3469.807377784,7.930249944,0,2,63.723464173,0,0,0,0
733,305,8076.757037033,80.76757037,52.99160292,0.006561,40,4,45,0,0,9,63.351460417,61.467054921,1.884405496,2.871084,0.497642,0.64465,33.305965416,0.9,True,activated,staker,staker_04030,63.351460417,3.167573021,19.005438125,19.005438125,41.178449271,0.0,2049.110743529,-3e-12,1484.048094672,-3533.158838201,8.076757037,0,2,33.665336365,0,0,0,0
734,309,8529.153647227,85.291536472,45.327419434,0.00531441,60,6,65,0,0,10,55.15274634,49.216013873,5.936732467,6.369839,0.230814,0.423899,11.804197279,0.9,True,activated,player,player_02329,55.15274634,2.314170832,43.969245801,0.0,0.0,3.860692244,2051.424914361,5e-12,1480.187402428,-3531.612316789,8.529153647,0,3,60.511832221,0,0,0,0
735,311,8523.653338896,85.236533389,40.768369687,0.004782969,70,7,75,0,0,14,69.46208222,63.78128101,5.68080121,7.844296,0.227498,0.466654,22.561501421,0.9,True,activated,player,player_01432,69.46208222,3.186054318,60.53503204,0.0,0.0,4.862345755,2054.610968679,-1e-12,1475.325056673,-3529.936025352,8.523653339,0,1,9.051134706,0,0,0,0
736,313,8610.590978527,86.105909785,41.184189722,0.004782969,70,7,75,1,16.116438041,18,65.181712169,48.28756897,16.894143199,5.488651,0.386362,0.554047,35.752504131,0.9,True,activated,staker,staker_04030,65.181712169,3.259085608,19.554513651,19.554513651,42.36811291,0.0,2057.870054287,-2e-12,1537.247683233,-3595.117737521,8.610590979,0,3,21.33210273,0,0,0,0
737,316,8897.675120464,88.976751205,34.471416461,0.003874205,90,9,95,0,0,15,41.512672327,35.772968041,5.739704286,8.906195,0.236862,0.399806,15.217517609,0.9,True,activated,player,player_02534,41.512672327,2.0904267,39.718107302,0.0,0.0,2.905887063,2059.960480987,3e-12,1534.34179617,-3594.302277158,8.89767512,0,3,40.177564543,0,0,0,0
738,318,8967.699346699,89.676993467,38.603005179,0.004304672,80,8,85,0,0,13,47.797756187,43.344534814,4.453221373,5.937188,0.282693,0.564965,23.086114114,0.9,True,activated,player,player_00703,47.797756187,2.177923556,41.380547564,0.0,0.0,3.345842933,2062.138404543,5e-12,1530.995953237,-3593.134357781,8.967699347,0,3,11.384014263,1,17.550237928,5,0
739,316,8922.209912708,89.222099127,38.407188082,0.004304672,80,8,85,0,0,15,66.731688498,46.120146003,20.611542495,8.177009,0.221035,0.464733,29.071075109,0.9,True,activated,player,player_01961,66.731688498,3.483272643,66.182180211,0.0,0.0,4.671218195,2065.621677186,-5e-12,1526.324735042,-3591.946412229,8.922209913,0,7,61.290210643,0,0,0,0
740,308,8880.046645509,88.800466455,42.472987824,0.004782969,70,7,75,0,0,14,74.33303564,50.171143223,24.161892417,6.110348,0.260792,0.545713,30.619061466,0.9,True,activated,staker,staker_04141,74.33303564,3.716651782,22.299910692,22.299910692,48.316473166,0.0,2069.338328968,2e-12,1596.9411189,-3666.279447869,8.880046646,0,4,213.31231707,0,0,0,0
741,315,9062.781980489,90.627819805,48.163339185,0.00531441,60,6,65,0,0,14,59.859511844,50.25222618,9.607285664,5.707391,0.344944,0.519929,20.119536331,0.9,True,activated,player,player_01999,59.859511844,2.170076307,41.23144984,0.0,0.0,4.190165829,2071.508405276,-2e-12,1592.750953071,-3664.259358347,9.06278198,0,1,18.881352724,0,0,0,0
742,316,9035.601508809,90.356015088,59.282581499,0.006561,40,4,45,0,0,8,71.835421711,59.372795671,12.46262604,4.326856,0.375553,0.487963,8.116146196,0.9,True,activated,player,player_01603,71.835421711,2.494294414,47.391593863,0.0,0.0,5.02847952,2074.002699689,-5e-12,1587.722473552,-3661.725173241,9.035601509,0,1,11.938517193,0,0,0,0
743,316,9009.594167069,90.095941671,53.200752597,0.0059049,50,5,55,1,2.341307633,11,94.343554278,81.302105829,13.041448449,1.749333,0.745651,0.764334,54.300364168,0.9,True,activated,player,player_02099,94.343554278,4.928723643,93.645749212,0.0,0.0,6.306715917,2078.931423332,3e-12,1581.415757635,-3660.347180967,9.009594167,0,2,29.252694805,0,0,0,0
744,313,9055.861466882,90.558614669,35.084262778,0.003874205,90,9,95,1,3.998889777,14,73.373442454,42.971749214,30.40169324,5.30886,0.314801,0.577621,30.609528286,0.9,True,activated,player,player_02559,73.373442454,3.536901094,67.201120791,0.0,0.0,5.136140972,2082.468324426,5e-12,1576.279616663,-3658.747941089,9.055861467,0,4,43.072763489,1,31.72016946,5,0
745,313,8813.410175311,88.134101753,52.042305744,0.0059049,50,5,55,1,0.703983248,7,52.982840433,52.982840433,0,4.755893,0.341068,0.36865,6.119663097,0.9,True,activated,player,player_01048,52.982840433,2.634666719,50.058667659,0.0,0.0,3.70879883,2085.102991145,-1e-12,1572.570817833,-3657.673808978,8.813410175,0,3,285.561267957,0,0,0,0
746,309,8664.92071852,86.649207185,56.850544834,0.006561,40,4,45,0,0,9,93.476422335,73.163432778,20.312989557,5.538603,0.262345,0.43309,12.305571871,0.9,True,activated,player,player_00034,93.476422335,3.868168579,73.495203002,0.0,0.0,6.065444503,2088.971159724,-4e-12,1566.50537333,-3655.476533054,8.664920719,0,2,102.175175719,0,0,0,0
747,306,8587.058799634,85.870587996,50.705723506,0.0059049,50,5,55,0,0,13,97.787788495,80.346724752,17.441063743,6.540977,0.245346,0.50977,24.804017096,0.9,True,activated,player,player_02239,97.787788495,3.990346397,75.816581543,0.0,0.0,6.01094116,2092.961506121,2e-12,1560.49443217,-3653.455938291,8.5870588,0,5,70.565165607,1,3.579641961,5,0
748,305,8564.073552927,85.640735529,50.569997923,0.0059049,50,5,55,0,0,9,51.631170709,51.631170709,0,3.841872,0.448821,0.538417,15.259506688,0.9,True,activated,player,player_00258,51.631170709,1.603609506,30.468580612,0.0,0.0,3.61418195,2094.565115627,1e-12,1556.88025022,-3651.445365847,8.564073553,0,2,79.254640333,0,0,0,0
749,310,8805.71084847,88.057108485,51.996841989,0.0059049,50,5,55,0,0,12,58.005083731,52.288819803,5.716263928,4.186159,0.383981,0.616301,38.123333115,0.9,True,activated,staker,staker_04396,58.005083731,2.900254187,17.401525119,17.401525119,37.703304425,0.0,2097.465369814,2e-12,1611.985079765,-3709.450449578,8.805710848,0,0,0.0,0,0,0,0
750,308,8840.807745895,88.408077459,34.251100601,0.003874205,90,9,95,0,0,16,55.636426292,38.313869378,17.322556914,8.867895,0.225056,0.444526,25.058310627,0.9,True,activated,player,player_01677,55.636426292,2.568676739,48.804858043,0.0,0.0,3.89454984,2100.034046553,-1e-12,1608.090529924,-3708.124576477,8.840807746,0,3,27.182849151,0,0,0,0
751,306,8783.112482314,87.831124823,30.624819596,0.003486784,100,10,105,3,8.112388018,16,52.581069332,36.47454375,16.106525582,9.325845,0.214949,0.435864,19.35223552,0.9,True,activated,player,player_01725,52.581069332,2.634090305,50.047715786,0.0,0.0,3.680674853,2102.668136857,-3e-12,1604.409855071,-3707.077991928,8.783112482,0,1,13.582468141,0,0,0,0
752,301,8299.275152427,82.992751524,39.695175777,0.004782969,70,7,75,0,0,14,56.191696456,42.122993281,14.068703175,3.726448,0.444908,0.678923,52.381594262,0.9,True,activated,player,player_01026,56.191696456,1.756247854,33.36870922,0.0,0.0,3.933418752,2104.424384711,-1e-12,1600.476436319,-3704.90082103,8.299275152,0,6,491.453287183,0,0,0,0
753,302,8409.015609223,84.090156092,49.654396271,0.0059049,50,5,55,0,0,10,54.80657938,52.449640374,2.356939006,4.593036,0.377649,0.509149,20.482486052,0.9,True,activated,player,player_02587,54.80657938,2.839061952,53.942177097,0.0,0.0,3.836460557,2107.263446664,2e-12,1596.639975762,-3703.903422426,8.409015609,0,2,44.62311124,0,0,0,0
754,301,8446.019999043,84.46019999,40.397051829,0.004782969,70,7,75,0,0,14,55.708993553,47.524832328,8.184161225,3.16472,0.5358,0.665201,37.527720998,0.9,True,activated,player,player_01139,55.708993553,1.487985997,28.27173395,0.0,0.0,3.899629549,2108.751432661,-0.0,1592.740346214,-3701.491778875,8.446019999,0,4,74.633221115,1,25.676245844,5,0
755,304,8436.575166997,84.36575167,44.835419433,0.00531441,60,6,65,0,0,13,84.790887696,74.080587578,10.710300118,5.773027,0.35319,0.484958,17.875532603,0.9,True,activated,staker,staker_04310,84.790887696,4.239544385,25.437266309,25.437266309,55.114077002,0.0,2112.990977046,5e-12,1673.291689525,-3786.282666571,8.436575167,0,2,107.939841214,1,14.777233322,5,0
756,307,8558.054338467,85.580543385,36.839617741,0.004304672,80,8,85,0,0,13,47.750355585,40.301159849,7.449195736,8.110068,0.223008,0.393572,20.206112835,0.9,True,activated,player,player_02391,47.750355585,2.419800307,45.976205828,0.0,0.0,3.342524891,2115.410777353,2e-12,1669.949164634,-3785.359941987,8.558054338,0,0,0.0,0,0,0,0
757,309,8669.121408556,86.691214086,37.317725059,0.004304672,80,8,85,0,0,17,82.812609241,76.416718247,6.395890994,4.313522,0.40143,0.667021,62.892635799,0.9,True,activated,player,player_02368,82.812609241,4.078999396,77.500988529,0.0,0.0,5.796882647,2119.489776749,-1e-12,1664.152281987,-3783.642058736,8.669121409,0,4,47.901131119,1,7.605576244,5,0
758,300,8399.698836359,83.996988364,40.175499144,0.004782969,70,7,75,1,2.704919525,12,96.676714342,44.075836635,52.600877707,5.917541,0.31394,0.507024,21.770986166,0.9,True,activated,player,player_01083,96.676714342,4.503575122,85.567927327,0.0,0.0,5.879789185,2123.993351871,1e-12,1658.272492802,-3782.265844673,8.399698836,0,5,59.448197114,0,0,0,0
759,303,8428.550975375,84.285509754,40.31349803,0.004782969,70,7,75,0,0,10,41.963224,41.963224,0,6.504607,0.238267,0.407602,8.001597678,0.9,True,activated,player,player_02036,41.963224,2.00051055,38.009700454,0.0,0.0,2.93742568,2125.993862421,-4e-12,1655.335067122,-3781.328929543,8.428550975,0,3,55.408589041,0,0,0,0
760,308,8452.868224319,84.528682243,36.38682601,0.004304672,80,8,85,1,2.269704987,16,76.235039551,43.28881964,32.946219911,5.389622,0.376007,0.560514,28.297465996,0.9,True,activated,player,player_02612,76.235039551,2.645328734,50.261245943,0.0,0.0,5.336452769,2128.639191155,4e-12,1649.998614353,-3778.637805508,8.452868224,0,1,25.432807596,0,0,0,0
761,307,8467.204543279,84.672045433,40.498376847,0.004782969,70,7,75,1,2.40424503,13,49.819325536,49.819325536,0,5.744172,0.300517,0.557085,29.213545108,0.9,True,activated,player,player_00734,49.819325536,2.417914883,45.940382786,0.0,0.0,3.487352788,2131.057106039,0.0,1646.511261566,-3777.568367604,8.467204543,0,2,22.049697577,0,0,0,0
762,300,8349.263727356,83.492637274,29.112082524,0.003486784,100,10,105,1,5.202976301,13,35.203854041,35.203854041,0,7.35371,0.252137,0.454287,15.965237975,0.9,True,activated,player,player_02618,35.203854041,1.631712298,31.002533666,0.0,0.0,2.464269783,2132.688818337,-2e-12,1644.046991783,-3776.73581012,8.349263727,0,4,197.079119403,0,0,0,0
763,304,8404.872197134,84.048721971,49.629929837,0.0059049,50,5,55,0,0,11,64.704869662,58.406651866,6.298217796,4.191992,0.426925,0.573445,18.22547909,0.9,True,activated,player,player_01270,64.704869662,3.025088145,57.476674753,0.0,0.0,4.529340876,2135.713906482,5e-12,1639.517650906,-3775.231557388,8.404872197,0,0,0.0,1,4.668286943,5,0
764,302,8358.986870968,83.58986871,39.980775075,0.004782969,70,7,75,0,0,13,51.439816358,45.361643555,6.078172803,3.542683,0.495428,0.625474,35.199606465,0.9,True,activated,player,player_02624,51.439816358,2.530065215,48.07123908,0.0,0.0,3.600787145,2138.243971697,-6e-12,1635.916863761,-3774.160835458,8.358986871,0,0,0.0,0,0,0,0
765,301,8299.823525836,82.998235258,32.15521689,0.003874205,90,9,95,0,0,14,42.503521176,42.503521176,0,7.792128,0.216018,0.468478,23.057955437,0.9,True,activated,player,player_00346,42.503521176,2.232971956,42.426467173,0.0,0.0,2.975246482,2140.476943653,3e-12,1632.941617279,-3773.418560932,8.299823526,0,1,18.340121432,1,8.697878499,5,0
766,299,8267.665182943,82.676651829,39.543986272,0.004782969,70,7,75,0,0,17,69.723327838,49.314699226,20.408628612,11.814793,0.143501,0.374743,16.716690741,0.9,True,activated,player,player_00685,69.723327838,3.551374624,67.476117855,0.0,0.0,4.880632949,2144.028318277,1e-12,1628.06098433,-3772.089302607,8.267665183,0,3,41.447003673,0,0,0,0
767,295,8129.313724245,81.293137242,31.494626983,0.003874205,90,9,95,2,1.743173124,15,55.834379058,40.343564862,15.490814196,6.845404,0.236213,0.552465,23.920177383,0.9,True,activated,player,player_01869,55.834379058,2.458873047,46.718587889,0.0,0.0,3.908406534,2146.487191324,-2e-12,1624.152577796,-3770.63976912,8.129313724,0,4,118.645789646,0,0,0,0
768,295,8279.217870786,82.792178708,39.59924242,0.004782969,70,7,75,2,2.795588131,11,43.260530048,41.200655563,2.059874485,2.58819,0.587658,0.695018,43.126986387,0.9,True,activated,player,player_00373,43.260530048,1.936227082,36.788314549,0.0,0.0,3.028237103,2148.423418405,1e-12,1621.124340693,-3769.547759098,8.279217871,0,1,19.023465514,0,0,0,0
769,290,8173.141156775,81.731411568,43.435423095,0.00531441,60,6,65,0,0,10,43.550478006,43.550478006,0,3.395239,0.456165,0.630521,27.248412864,0.9,True,activated,player,player_02005,43.550478006,2.105032601,39.995619426,0.0,0.0,3.04853346,2150.528451007,-5e-12,1618.075807232,-3768.604258239,8.173141157,0,1,3.567984129,0,0,0,0
770,288,8154.170392481,81.541703925,43.334604676,0.00531441,60,6,65,0,0,13,95.010890392,79.660628898,15.350261494,4.640551,0.387296,0.604755,38.111663187,0.9,True,activated,player,player_01568,95.010890392,3.196074316,60.725412012,0.0,0.0,5.707919275,2153.724525323,2e-12,1612.367887958,-3766.092413281,8.154170392,0,1,8.783668109,0,0,0,0
771,286,8153.349952098,81.533499521,28.428973429,0.003486784,100,10,105,1,2.721462146,21,114.31955988,40.710828358,73.608731522,6.120443,0.261487,0.663786,66.220800122,0.9,True,activated,player,player_01993,114.31955988,5.372648708,102.080325447,0.0,0.0,5.707344966,2159.097174031,0.0,1606.660542991,-3765.757717022,8.153349952,0,3,17.939393574,0,0,0,0
772,284,8204.314958708,82.043149587,35.316885702,0.004304672,80,8,85,1,2.605078398,13,49.180595701,46.71969689,2.460898811,3.950405,0.470908,0.553779,20.036131071,0.9,True,activated,staker,staker_03955,49.180595701,2.459029785,14.75417871,14.75417871,31.967387206,0.0,2161.556203816,-6e-12,1653.382108907,-3814.938312723,8.204314959,0,2,14.600991703,0,0,0,0
773,281,8215.778882034,82.15778882,43.662017448,0.00531441,60,6,65,0,0,15,89.978684423,76.541472665,13.437211758,5.068234,0.356271,0.631101,49.543217672,0.9,True,activated,player,player_02319,89.978684423,3.947741576,75.007089943,0.0,0.0,5.751045217,2165.503945392,-1e-12,1647.63106369,-3813.135009082,8.215778882,0,2,35.333922478,0,0,0,0
774,282,8286.933501829,82.869335018,48.933513635,0.0059049,50,5,55,0,0,13,85.822738391,53.970626587,31.852111804,6.98509,0.209792,0.488872,30.347973528,0.9,True,activated,player,player_02239,85.822738391,3.712674774,70.540820702,0.0,0.0,5.800853451,2169.216620166,2e-12,1641.830210239,-3811.046830404,8.286933502,0,0,0.0,1,68.890556384,5,0
775,280,8307.301184148,83.073011841,32.18418687,0.003874205,90,9,95,0,0,17,67.863320718,47.636751435,20.226569283,5.314472,0.320165,0.655204,43.380822829,0.9,True,activated,player,player_01945,67.863320718,3.337286125,63.408436379,0.0,0.0,4.75043245,2172.553906291,-3e-12,1637.079777788,-3809.633684079,8.307301184,0,3,55.287596917,0,0,0,0
776,280,8318.271632551,83.182716326,54.576180181,0.006561,40,4,45,0,0,8,58.667965826,56.573750765,2.094215061,2.781574,0.521634,0.64545,36.335302686,0.9,True,activated,player,player_01047,58.667965826,1.608576883,30.562960774,0.0,0.0,4.106757608,2174.162483174,4e-12,1632.97302018,-3807.135503354,8.318271633,0,2,30.360073213,0,0,0,0
777,278,8249.940602334,82.499406023,48.715074263,0.0059049,50,5,55,0,0,9,55.829937986,55.829937986,0,3.518092,0.418909,0.591011,19.514800388,0.9,True,activated,player,player_02084,55.829937986,2.925538797,55.585237142,0.0,0.0,3.908095659,2177.088021971,2e-12,1629.064924521,-3806.152946492,8.249940602,0,1,61.926528776,1,20.205807635,5,0
778,274,8007.327775795,80.073277758,31.022028425,0.003874205,90,9,95,2,6.283366399,15,83.404032247,31.203113004,52.200919243,4.088689,0.455278,0.627675,41.942809939,0.9,True,activated,player,player_02666,83.404032247,4.230531071,80.380090341,0.0,0.0,5.605129443,2181.318553041,-6e-12,1623.459795078,-3804.77834812,8.007327776,0,2,47.927735497,2,5.594186754,5,0
779,269,7910.280929175,79.102809292,34.051165619,0.004304672,80,8,85,0,0,15,112.893221852,43.382642451,69.510579401,3.53721,0.505356,0.609812,33.225617778,0.9,True,activated,player,player_01914,112.893221852,5.772311158,109.673912002,0.0,0.0,5.53719665,2187.090864199,0.0,1617.922598428,-3805.013462627,7.910280929,0,1,101.211836944,0,0,0,0
780,264,7777.380995884,77.773809959,41.332191338,0.00531441,60,6,65,1,1.705512508,15,87.121371868,65.669274381,21.452097487,5.285215,0.292964,0.605246,41.080922611,0.9,True,activated,player,player_02676,87.121371868,3.733817226,70.942527286,0.0,0.0,5.444166697,2190.824681425,1e-12,1612.478431731,-3803.303113156,7.777380996,0,2,69.599652623,0,0,0,0
781,269,7858.32980264,78.583298026,41.762386486,0.00531441,60,6,65,0,0,10,45.588160733,43.516114146,2.072046587,3.368573,0.482661,0.609457,26.962001889,0.9,True,activated,player,player_02678,45.588160733,2.290269382,43.51511826,0.0,0.0,3.191171251,2193.114950807,2e-12,1609.28726048,-3802.402211286,7.858329803,0,3,42.071890119,0,0,0,0
782,271,7967.632414659,79.676324147,58.084040303,0.00729,30,3,35,0,0,6,68.430388222,66.271893819,2.158494403,2.451786,0.506522,0.595767,26.34190139,0.9,True,activated,player,player_00694,68.430388222,2.345999501,44.573990524,0.0,0.0,4.790127176,2195.460950308,-5e-12,1604.497133304,-3799.958083612,7.967632415,0,0,0.0,0,0,0,0
783,275,8413.075672005,84.13075672,32.593978908,0.003874205,90,9,95,0,0,17,69.379273053,56.479324791,12.899948262,7.550932,0.288252,0.50694,28.910625266,0.9,True,activated,staker,staker_03763,69.379273053,3.468963653,20.813781916,20.813781916,45.096527484,0.0,2198.929913961,5e-12,1670.407442704,-3869.337356665,8.413075672,0,2,13.7066359,1,53.573009138,5,0
784,273,8435.621145334,84.356211453,49.811499301,0.0059049,50,5,55,0,0,12,139.591422183,60.281776598,79.309645585,3.083589,0.525259,0.686333,45.567265198,0.9,True,activated,player,player_00728,139.591422183,6.297304032,119.648776612,0.0,0.0,5.904934802,2205.227217993,3e-12,1664.502507903,-3869.729725896,8.435621145,0,0,0.0,0,0,0,0
785,271,8363.481855171,83.634818552,40.002274445,0.004782969,70,7,75,0,0,14,91.62639767,68.980498673,22.645898997,7.059508,0.198615,0.510479,18.836022603,0.9,True,activated,player,player_02692,91.62639767,4.142430523,78.706179935,0.0,0.0,5.854437299,2209.369648516,-2e-12,1658.648070604,-3868.01771912,8.363481855,0,3,135.347219755,0,0,0,0
786,273,8234.166125296,82.341661253,35.445385186,0.004304672,80,8,85,1,0.746114233,16,42.974148876,35.606580472,7.367568404,10.636456,0.185036,0.375612,16.212043576,0.9,True,activated,player,player_01943,42.974148876,1.901528274,36.129037209,0.0,0.0,3.008190421,2211.27117679,3e-12,1655.639880183,-3866.911056973,8.234166125,0,2,96.260709169,0,0,0,0
787,276,8161.430843257,81.614308433,43.373189688,0.00531441,60,6,65,0,0,15,72.302783758,52.969385059,19.333398699,4.444946,0.433818,0.5913,27.899636223,0.9,True,activated,player,player_02702,72.302783758,3.604101701,68.477932324,0.0,0.0,5.061194863,2214.875278491,-4e-12,1650.57868532,-3865.453963811,8.161430843,0,0,0.0,1,12.549701608,5,0
788,277,8232.074768217,82.320747682,54.010642554,0.006561,40,4,45,0,0,9,58.12625454,58.12625454,0,3.948172,0.442013,0.468955,17.279217971,0.9,True,activated,player,player_02703,58.12625454,2.99554904,56.915431765,0.0,0.0,4.068837818,2217.870827532,2e-12,1646.509847502,-3864.380675033,8.232074768,0,2,19.996133912,0,0,0,0
789,278,8235.153930763,82.351539308,39.388485961,0.004782969,70,7,75,0,0,14,50.335999897,42.243749075,8.092250822,8.435007,0.184557,0.449096,21.248706276,0.9,True,activated,player,player_02417,50.335999897,2.371082246,45.05056268,0.0,0.0,3.523519993,2220.241909778,-0.0,1642.986327509,-3863.228237287,8.235153931,0,1,9.504357594,1,5.341815977,5,0
790,276,8279.334323169,82.793343232,39.599799408,0.004782969,70,7,75,1,6.499873742,11,66.43701259,44.429008082,22.008004508,5.377155,0.302014,0.514355,29.090586194,0.9,True,activated,staker,staker_03535,66.43701259,3.32185063,19.931103777,19.931103777,43.184058183,0.0,2223.563760407,1e-12,1706.10148947,-3929.665249877,8.279334323,0,3,34.2292583,1,6.866947321,5,0
791,276,8331.493649519,83.314936495,32.277913438,0.003874205,90,9,95,1,4.928794041,15,43.220206136,37.470761856,5.74944428,10.375781,0.135505,0.379305,17.618900987,0.9,True,activated,player,player_00178,43.220206136,2.210300064,41.995701216,0.0,0.0,3.02541443,2225.774060471,-2e-12,1703.07607504,-3928.850135511,8.33149365,0,4,40.624269985,0,0,0,0
792,279,8126.254585367,81.262545854,34.980861391,0.004304672,80,8,85,1,8.493614291,11,41.902265611,41.902265611,0,6.489256,0.273727,0.44623,12.573104775,0.9,True,activated,player,player_02306,41.902265611,1.877221285,35.66720442,0.0,0.0,2.933158593,2227.651281757,-1e-12,1700.142916447,-3927.794198204,8.126254585,0,1,123.117399675,1,101.400297323,5,0
793,276,7996.959987326,79.969599873,38.249211714,0.004782969,70,7,75,0,0,15,53.52373055,44.535924378,8.987806172,6.23304,0.340425,0.495084,22.731680809,0.9,True,activated,player,player_00561,53.52373055,1.952477591,37.097074222,0.0,0.0,3.746661139,2229.603759347,4e-12,1696.396255309,-3926.000014656,7.996959987,0,0,0.0,0,0,0,0
794,274,7968.7420157,79.687420157,34.302821427,0.004304672,80,8,85,0,0,17,42.588581521,41.7916271,0.796954421,9.490267,0.150061,0.476477,39.164724199,0.9,True,activated,player,player_00007,42.588581521,2.040297806,38.765658311,0.0,0.0,2.981200706,2231.644057153,1e-12,1693.415054602,-3925.059111755,7.968742016,0,4,49.127802962,0,0,0,0
795,277,7948.820254529,79.488202545,64.385444062,0.0081,20,2,25,0,0,6,75.216663672,67.791453673,7.425209999,2.397389,0.575753,0.599174,23.263218205,0.9,True,activated,player,player_00969,75.216663672,1.858779734,35.316814955,0.0,0.0,5.265166457,2233.502836887,4e-12,1688.149888145,-3921.652725033,7.948820255,0,0,0.0,0,0,0,0
796,279,8026.446803813,80.264468038,47.395365732,0.0059049,50,5,55,0,0,10,130.697938025,52.557382698,78.140555327,3.333312,0.496971,0.617363,26.186438841,0.9,True,activated,player,player_01801,130.697938025,3.568165243,67.79513962,0.0,0.0,5.618512763,2237.071002131,-3e-12,1682.531375383,-3919.602377513,8.026446804,0,1,5.844383015,0,0,0,0
797,277,7998.642329554,79.986423296,47.231183092,0.0059049,50,5,55,0,0,13,68.561126263,47.246813771,21.314312492,6.318489,0.270168,0.53304,27.892071607,0.9,True,activated,staker,staker_04556,68.561126263,3.428056313,20.568337879,20.568337879,44.564732071,0.0,2240.499058444,-2e-12,1747.664445332,-3988.163503776,7.99864233,0,0,0.0,0,0,0,0
798,279,7924.452018342,79.244520183,37.902408346,0.004782969,70,7,75,0,0,17,56.278821765,38.989944528,17.288877237,8.388645,0.218207,0.524198,30.788286379,0.9,True,activated,player,player_01214,56.278821765,2.72140652,51.706723887,0.0,0.0,3.939517524,2243.220464964,1e-12,1743.724927809,-3986.945392773,7.924452018,0,1,2.277666245,0,0,0,0
799,283,8158.371938388,81.583719384,28.446484012,0.003486784,100,10,105,0,0,18,54.673848052,33.455846968,21.218001084,7.758309,0.273713,0.514649,26.450269171,0.9,True,activated,player,player_01896,54.673848052,2.704492971,51.38536644,0.0,0.0,3.827169364,2245.924957935,4e-12,1739.897758445,-3985.82271638,8.158371938,0,3,39.560182844,0,0,0,0
800,285,8197.248668716,81.972486687,25.72383491,0.003138106,110,11,115,1,6.252572251,17,34.819516759,34.819516759,0,8.681008,0.236925,0.477912,24.161103464,0.9,True,activated,player,player_00944,34.819516759,1.790136596,34.012595319,0.0,0.0,2.437366173,2247.71509453,-7e-12,1737.460392272,-3985.175486803,8.197248669,0,1,15.375205663,0,0,0,0
801,286,8252.910149058,82.529101491,35.526072062,0.004304672,80,8,85,1,3.160739434,9,61.883184777,61.883184777,0,3.754323,0.444473,0.572406,10.960775911,0.9,True,activated,staker,staker_04682,61.883184777,3.094159239,18.564955433,18.564955433,40.224070105,0.0,2250.809253769,-0.0,1796.24941781,-4047.05867158,8.252910149,0,2,49.222844572,0,0,0,0
802,288,8354.156711381,83.541567114,29.129143305,0.003486784,100,10,105,0,0,16,44.736625335,36.08638385,8.650241485,8.73675,0.193359,0.480969,26.196828045,0.9,True,activated,player,player_01210,44.736625335,2.182466361,41.466860853,0.0,0.0,3.131563773,2252.99172013,2e-12,1793.117854037,-4046.109574167,8.354156711,0,1,19.665231696,0,0,0,0
803,293,8409.316256565,84.093162566,55.173523959,0.006561,40,4,45,0,0,8,62.660786235,59.457559846,3.203226389,3.642665,0.374007,0.543872,23.391102412,0.9,True,activated,player,player_02753,62.660786235,2.180573007,41.43088713,0.0,0.0,4.386255036,2255.172293137,-5e-12,1788.731599,-4043.903892137,8.409316257,0,0,0.0,1,6.953642408,5,0
804,294,8420.121571258,84.201215713,29.359148549,0.003486784,100,10,105,2,6.549962233,19,76.803515817,31.924765448,44.878750369,6.263959,0.264493,0.593881,44.738844815,0.9,True,activated,player,player_02019,76.803515817,3.998991863,75.980845395,0.0,0.0,5.376246107,2259.171285,-4e-12,1783.355352893,-4042.526637893,8.420121571,0,5,88.816393242,1,3.908639889,5,0
805,287,8304.852639716,83.048526397,39.721852725,0.004782969,70,7,75,1,0.984013733,13,73.872652974,41.040378777,32.832274197,4.327453,0.388333,0.603172,35.318991039,0.9,True,activated,player,player_02767,73.872652974,3.744934494,71.153755393,0.0,0.0,5.171085708,2262.916219494,-0.0,1778.184267185,-4041.100486679,8.30485264,0,4,71.0825629,0,0,0,0
806,290,8608.086301168,86.080863012,45.74689992,0.00531441,60,6,65,0,0,11,76.382795056,57.248215998,19.134579058,2.848224,0.524646,0.706125,69.655006888,0.9,True,activated,player,player_02770,76.382795056,2.082785025,39.572915472,0.0,0.0,5.346795654,2264.999004519,5e-12,1772.837471531,-4037.83647605,8.608086301,0,0,0.0,0,0,0,0
807,293,8627.543982792,86.275439828,37.138747874,0.004304672,80,8,85,1,3.812693457,15,58.06809938,37.780791728,20.287307652,6.966238,0.217996,0.531272,33.270708772,0.9,True,activated,player,player_00769,58.06809938,2.473711826,47.000524696,0.0,0.0,4.064766957,2267.472716345,3e-12,1768.772704574,-4036.245420919,8.627543983,0,2,56.106050752,0,0,0,0
808,296,8654.625862316,86.546258623,41.394807206,0.004782969,80,7,85,1,3.322506718,11,60.494669918,59.445770451,1.048899467,4.250242,0.415162,0.572867,22.374868462,0.9,True,activated,staker,staker_04684,60.494669918,3.024733496,18.148400975,18.148400975,39.321535447,0.0,2270.497449841,-3e-12,1826.242640997,-4096.740090837,8.654625862,0,2,16.273986783,0,0,0,1
809,295,8648.064101275,86.480641013,33.50437223,0.003874205,90,9,95,2,10.84753193,16,44.787638177,42.36712591,2.420512267,6.913393,0.277997,0.518645,29.206587187,0.9,True,activated,player,player_01121,44.787638177,1.77359619,33.698327603,0.0,0.0,3.135134672,2272.271046031,3e-12,1823.107506324,-4095.378552355,8.648064101,0,1,3.976645195,0,0,0,0
810,290,8538.410583484,85.384105835,33.079552035,0.003874205,90,9,95,2,7.397689386,17,57.086806516,43.164208603,13.922597913,10.451851,0.196798,0.411036,20.637962074,0.9,True,activated,player,player_00736,57.086806516,2.881715618,54.752596739,0.0,0.0,3.996076456,2275.152761648,2e-12,1819.111429868,-4094.264191516,8.538410583,0,6,97.592121352,0,0,0,0
811,287,8570.265121494,85.702651215,40.991312398,0.004782969,70,7,75,0,0,17,66.915743007,53.625781194,13.289961813,8.98766,0.220264,0.471981,27.393367651,0.9,True,activated,player,player_00211,66.915743007,3.224145667,61.258767672,0.0,0.0,4.68410201,2278.376907315,0.0,1814.427327858,-4092.804235173,8.570265121,0,3,22.914198015,0,0,0,0
812,292,8647.893943137,86.478939431,30.153341702,0.003486784,100,10,105,2,20.670881933,15,92.185059764,77.24027885,14.944780914,3.588385,0.500265,0.61972,30.413350444,0.9,True,activated,player,player_02794,92.185059764,4.639210557,88.145000582,0.0,0.0,6.05352576,2283.016117872,1e-12,1808.373802097,-4091.38991997,8.647893943,0,2,19.182235421,0,0,0,0
813,293,8608.10513779,86.081051378,37.055070021,0.004304672,80,8,85,0,0,13,46.528270342,46.528270342,0,6.40386,0.298205,0.505652,17.237996872,0.9,True,activated,player,player_01767,46.528270342,2.369117407,45.01323074,0.0,0.0,3.256978924,2285.38523528,-1e-12,1805.116823173,-4090.502058453,8.608105138,0,3,37.061605058,0,0,0,0
814,297,8648.350507102,86.483505071,41.364792377,0.004782969,70,7,75,0,0,11,73.363819981,49.416528966,23.947291015,5.817593,0.302809,0.480554,14.911084289,0.9,True,activated,player,player_00494,73.363819981,3.286118004,62.436242069,0.0,0.0,5.135467399,2288.671353283,2e-12,1799.981355775,-4088.652709058,8.648350507,0,0,0.0,1,46.265519298,5,0
815,296,8575.086172407,85.750861724,33.221640781,0.003874205,90,9,95,0,0,18,59.215114566,34.460350223,24.754764343,11.651223,0.146469,0.408262,21.008254787,0.9,True,activated,player,player_01161,59.215114566,2.832588889,53.819188891,0.0,0.0,4.14505802,2291.503942172,-4e-12,1795.836297755,-4087.340239927,8.575086172,0,4,141.814311771,0,0,0,0
816,291,8437.39084652,84.373908465,44.839754289,0.00531441,60,6,65,0,0,11,47.545631994,47.545631994,0,6.1566,0.260624,0.48233,15.543906286,0.9,True,activated,player,player_00298,47.545631994,2.128891436,40.44893728,0.0,0.0,3.32819424,2293.632833608,-1e-12,1792.508103516,-4086.140937124,8.437390847,0,3,25.755377897,1,10.673693862,5,0
817,285,8268.702262231,82.687022622,43.943273989,0.00531441,60,6,65,0,0,16,70.517826198,45.378185432,25.139640766,5.778195,0.252532,0.586834,35.612136824,0.9,True,activated,player,player_02806,70.517826198,3.640793265,69.175072042,0.0,0.0,4.936247834,2297.273626873,-0.0,1787.571855682,-4084.845482555,8.268702262,0,5,97.568120603,0,0,0,0
818,279,8233.024126757,82.330241268,35.440469257,0.004304672,80,8,85,0,0,13,46.10292206,46.10292206,0,5.565691,0.32538,0.55868,38.016838808,0.9,True,activated,player,player_00842,46.10292206,1.716458206,32.612705918,0.0,0.0,3.227204544,2298.99008508,5e-12,1784.344651137,-4083.334736217,8.233024127,0,8,60.86149491,0,0,0,0
819,279,8207.742860312,82.077428603,39.257379661,0.004782969,70,7,75,0,0,12,47.906796998,47.906796998,0,5.797402,0.297385,0.515248,19.171553436,0.9,True,activated,player,player_02814,47.906796998,2.224536052,42.266184991,0.0,0.0,3.35347579,2301.214621132,-1e-12,1780.991175348,-4082.205796479,8.20774286,0,0,0.0,0,0,0,0
820,279,8108.474255699,81.084742557,31.413890612,0.003874205,90,9,95,0,0,18,45.054148607,33.758585674,11.295562933,9.926042,0.169906,0.474235,27.13895853,0.9,True,activated,player,player_02819,45.054148607,2.027647849,38.525309131,0.0,0.0,3.153790402,2303.242268981,3e-12,1777.837384945,-4081.079653926,8.108474256,0,1,4.048532941,1,5.337259816,5,0
821,284,8007.30620143,80.073062014,31.021944841,0.003874205,90,9,95,0,0,17,99.304837888,33.533406754,65.771431134,2.857525,0.572206,0.710838,47.728559326,0.9,True,activated,player,player_01158,99.304837888,2.404356791,45.682779022,0.0,0.0,5.605114341,2305.646625771,-1e-12,1772.232270604,-4077.878896375,8.007306201,0,2,277.631074012,1,8.380582532,5,0
822,284,7998.561650607,79.985616506,47.230706691,0.0059049,50,5,55,0,0,9,69.081198711,69.081198711,0,5.957217,0.290858,0.377902,9.479028039,0.9,True,activated,player,player_00133,69.081198711,3.187415234,60.560889437,0.0,0.0,4.83568391,2308.834041005,1e-12,1767.396586694,-4076.230627699,7.998561651,0,2,23.572435802,0,0,0,0
823,280,7684.548886179,76.845488862,33.079463191,0.004304672,80,8,85,1,6.325441842,16,48.131907162,34.483002491,13.648904671,9.022252,0.198541,0.440077,24.455285634,0.9,True,activated,player,player_00625,48.131907162,2.52006282,47.881193577,0.0,0.0,3.369233501,2311.354103825,0.0,1764.027353193,-4075.381457018,7.684548886,0,5,279.783475604,0,0,0,0
824,282,7718.176304636,77.181763046,41.017553335,0.00531441,60,6,65,0,0,13,64.773185432,48.271578162,16.50160727,5.455309,0.272066,0.587183,37.693375881,0.9,True,activated,player,player_02580,64.773185432,3.424410918,65.063807437,0.0,0.0,4.53412298,2314.778514742,3e-12,1759.493230213,-4074.271744955,7.718176305,0,2,18.427957354,0,0,0,0
825,288,7867.440977412,78.674409774,30.480078306,0.003874205,90,9,95,1,1.065337356,13,36.468507148,33.135709521,3.332797627,5.16689,0.373754,0.535163,30.724784147,0.9,True,activated,player,player_02021,36.468507148,1.824719544,34.669671334,0.0,0.0,2.5527955,2316.603234286,-6e-12,1756.940434712,-4073.543668999,7.867440977,0,2,142.596941124,0,0,0,0
826,286,7745.456634155,77.454566342,45.736146879,0.0059049,50,5,55,0,0,12,61.034402068,56.054812435,4.979589633,5.708098,0.291916,0.54237,28.753682162,0.9,True,activated,player,player_02791,61.034402068,2.935924049,55.78255694,0.0,0.0,4.272408145,2319.539158336,8e-12,1752.668026568,-4072.207184903,7.745456634,0,1,7.368748656,0,0,0,0
827,287,7694.67468492,76.946746849,45.436284547,0.0059049,50,5,55,0,0,9,55.307190681,55.307190681,0,1.875645,0.719653,0.708548,37.565818471,0.9,True,activated,staker,staker_04799,55.307190681,2.765359534,16.592157204,16.592157204,35.949673943,0.0,2322.30451787,-4e-12,1805.209857715,-4127.514375584,7.694674685,0,1,18.152945934,0,0,0,0
828,289,7678.57334504,76.78573345,40.807086971,0.00531441,60,6,65,0,0,11,48.97312103,44.231101039,4.742019991,7.556342,0.209771,0.37796,12.810819853,0.9,True,activated,staker,staker_03772,48.97312103,2.448656052,14.691936309,14.691936309,31.83252867,0.0,2324.753173921,0.0,1851.734322693,-4176.487496614,7.678573345,0,1,57.666506882,0,0,0,0
829,289,7985.085695515,79.850856955,47.151132523,0.0059049,50,5,55,0,0,13,99.318421703,78.034749074,21.283672629,7.271974,0.238425,0.477957,16.762899584,0.9,True,activated,player,player_01139,99.318421703,4.061400853,77.166616203,0.0,0.0,5.589559987,2328.814574774,-0.0,1846.144762706,-4174.95933748,7.985085696,0,1,3.095608782,0,0,0,0
830,290,7989.800174241,79.898001742,38.21496655,0.004782969,70,7,75,0,0,16,65.221423495,54.358396887,10.863026608,8.441004,0.206058,0.457822,24.740934582,0.9,True,activated,player,player_02417,65.221423495,2.817377173,53.530166284,0.0,0.0,4.565499645,2331.631951947,-5e-12,1841.579263062,-4173.211215009,7.989800174,0,1,18.803981529,0,0,0,0
831,292,8000.131359623,80.001313596,47.239975665,0.0059049,50,5,55,1,8.714180507,9,72.02771285,50.122614532,21.905098318,3.149204,0.504411,0.629922,38.614781087,0.9,True,activated,player,player_00999,72.02771285,2.036902515,38.701147793,0.0,0.0,5.041939899,2333.668854462,3e-12,1836.537323162,-4170.206177625,8.00013136,0,3,79.308928212,1,15.040567574,5,0
832,292,7996.682702918,79.966827029,42.497650523,0.00531441,60,6,65,1,3.540187658,10,54.75089784,43.283913063,11.466984777,6.299739,0.254272,0.419804,11.341076429,0.9,True,activated,player,player_01052,54.75089784,2.892124526,54.950365986,0.0,0.0,3.832562849,2336.560978988,1e-12,1832.704760313,-4169.265739301,7.996682703,0,3,33.161791284,0,0,0,0
833,291,7973.580968127,79.735809681,27.80215774,0.003486784,100,10,105,0,0,11,31.211221813,31.211221813,0,8.629547,0.152945,0.292279,10.306218459,0.9,True,activated,player,player_02272,31.211221813,1.484531244,28.206093644,0.0,0.0,2.184785527,2338.045510232,-3e-12,1830.519974786,-4168.565485019,7.973580968,0,3,42.426306544,0,0,0,0
834,293,7989.423928641,79.894239286,34.391850281,0.004304672,80,8,85,0,0,15,77.535758013,44.255585752,33.280172261,5.291418,0.354897,0.611158,26.944518649,0.9,True,activated,staker,staker_04675,77.535758013,3.876787901,23.260727404,23.260727404,50.398242708,0.0,2341.922298133,2e-12,1904.178944899,-4246.101243032,7.989423929,0,0,0.0,0,0,0,0
835,291,7996.984836211,79.969848362,34.424397509,0.004304672,80,8,85,0,0,15,61.105543885,55.985068865,5.12047502,5.394601,0.344652,0.60414,30.545971802,0.9,True,activated,player,player_02601,61.105543885,2.719683497,51.673986451,0.0,0.0,4.277388072,2344.64198163,1e-12,1899.901556827,-4244.543538457,7.996984836,0,1,0.756655117,0,0,0,0
836,294,8001.381890135,80.013818901,52.497066581,0.006561,40,4,45,0,0,11,80.211289339,58.518896859,21.69239248,3.89881,0.444256,0.594332,19.447203965,0.9,True,activated,staker,staker_04798,80.211289339,4.010564467,24.063386802,24.063386802,52.13733807,0.0,2348.652546097,-1e-12,1976.102281699,-4324.754827796,8.00138189,0,0,0.0,0,0,0,0
837,292,7799.528860605,77.995288606,37.304904755,0.004782969,70,7,75,0,0,15,54.655679391,42.250645402,12.405033989,9.293763,0.184703,0.402378,17.013629086,0.9,True,activated,player,player_02763,54.655679391,2.419326449,45.967202531,0.0,0.0,3.825897557,2351.071872546,-5e-12,1972.276384141,-4323.348256688,7.799528861,0,3,259.599054491,0,0,0,0
838,287,7729.550110002,77.2955011,33.273178704,0.004304672,80,8,85,0,0,15,37.92141009,35.999970835,1.921439255,7.756998,0.279332,0.437992,21.617188483,0.9,True,activated,player,player_00088,37.92141009,1.809749943,34.38524892,0.0,0.0,2.654498706,2352.88162249,7e-12,1969.621885435,-4322.503507925,7.72955011,0,3,51.61105832,1,20.521332883,5,0
839,287,7820.836291718,78.208362917,37.406817537,0.004782969,70,7,75,0,0,14,45.265960286,45.265960286,0,8.244219,0.230835,0.437427,20.136472991,0.9,True,activated,player,player_01534,45.265960286,1.899280462,36.086328771,0.0,0.0,3.16861722,2354.780902951,-1e-12,1966.453268215,-4321.234171166,7.820836292,0,1,15.804483389,0,0,0,0
840,291,7697.790061892,76.977900619,45.454680536,0.0059049,50,5,55,0,0,14,83.874347471,58.200729113,25.673618358,7.134459,0.267406,0.502371,16.823218447,0.9,True,activated,player,player_00504,83.874347471,4.012744622,76.24214781,0.0,0.0,5.388453043,2358.793647573,-2e-12,1961.064815172,-4319.858462745,7.697790062,0,0,0.0,0,0,0,0
841,289,7714.32652148,77.143265215,40.997094009,0.00531441,60,6,65,0,0,14,75.1531989,67.516955051,7.636243849,6.925065,0.277201,0.499741,18.810178034,0.9,True,activated,player,player_02229,75.1531989,2.979068679,56.602304902,0.0,0.0,5.260723923,2361.772716252,-2e-12,1955.804091249,-4317.576807501,7.714326521,0,3,19.085428846,0,0,0,0
842,291,7636.54358614,76.365435861,36.52535124,0.004782969,70,7,75,0,0,12,49.946246787,49.946246787,0,5.044551,0.339534,0.576518,18.305108783,0.9,True,activated,player,player_02386,49.946246787,2.387705194,45.366398678,0.0,0.0,3.496237275,2364.160421445,0.0,1952.307853974,-4316.468275419,7.636543586,0,1,184.016972596,0,0,0,0
843,297,7742.470249063,77.424702491,33.328795666,0.004304672,80,8,85,0,0,14,43.904485491,36.587555481,7.31693001,8.090509,0.204037,0.43818,22.101894614,0.9,True,activated,player,player_02893,43.904485491,2.20204348,41.838826116,0.0,0.0,3.073313984,2366.362464925,3e-12,1949.234539989,-4315.597004915,7.742470249,0,1,8.545797533,0,0,0,0
844,298,7712.335586987,77.12335587,40.986513367,0.00531441,60,6,65,0,0,15,48.870074537,43.021073782,5.849000755,5.130366,0.365879,0.620436,36.389037945,0.9,True,activated,player,player_01842,48.870074537,2.348784517,44.626905823,0.0,0.0,3.420905218,2368.711249442,-1e-12,1945.813634772,-4314.524884214,7.712335587,0,2,51.295083246,0,0,0,0
845,304,7696.332798473,76.963327985,45.446075542,0.0059049,60,5,65,2,47.995524913,13,127.315542601,66.104948305,61.210594296,7.089149,0.201071,0.495682,20.757863863,0.9,True,activated,player,player_01019,127.315542601,5.654043455,107.426825644,0.0,0.0,5.387432959,2374.365292897,-1e-12,1940.426201813,-4314.79149471,7.696332798,0,0,0.0,0,0,0,1
846,307,7690.665454825,76.906654548,36.78421446,0.004782969,70,7,75,1,20.181505833,13,40.438026225,37.214379719,3.223646506,9.521951,0.162005,0.341296,14.583369933,0.9,True,activated,player,player_00119,40.438026225,2.109697589,40.084254186,0.0,0.0,2.830661836,2376.474990486,-2e-12,1937.595539977,-4314.070530463,7.690665455,0,3,61.593177409,1,7.200391476,5,0
847,307,7689.799973276,76.897999733,40.866749876,0.00531441,60,6,65,0,0,14,69.182149261,52.579370201,16.60277906,7.636536,0.250724,0.475963,14.036257609,0.9,True,activated,staker,staker_04529,69.182149261,3.459107463,20.754644778,20.754644778,44.96839702,0.0,2379.934097949,6e-12,2003.318581775,-4383.252679724,7.689799973,0,2,21.756709468,0,0,0,0
848,306,7668.466418814,76.684664188,26.738289089,0.003486784,100,10,105,0,0,20,41.348802444,28.53258418,12.816218264,11.368708,0.16959,0.436183,24.878948651,0.9,True,activated,player,player_01054,41.348802444,1.924852595,36.572199311,0.0,0.0,2.894416171,2381.858950544,-6e-12,2000.424165604,-4382.283116148,7.668466419,0,5,108.274907996,0,0,0,0
849,311,7802.965799678,78.029657997,37.321343528,0.004782969,70,7,75,1,1.801616216,16,65.459142316,50.214996928,15.244145388,8.051421,0.258106,0.481218,20.018293769,0.9,True,activated,player,player_02254,65.459142316,3.292977962,62.566581276,0.0,0.0,4.582139962,2385.151928506,6e-12,1995.842025642,-4380.993954148,7.8029658,0,1,2.153969021,2,46.950042176,5,0
850,315,7832.071234274,78.320712343,33.714498527,0.004304672,80,8,85,0,0,13,62.643388126,60.000735786,2.64265234,3.848385,0.45766,0.633338,28.55715785,0.9,True,activated,player,player_01279,62.643388126,1.917953514,36.44111677,0.0,0.0,4.385037169,2387.06988202,0.0,1991.456988473,-4378.526870493,7.832071234,0,0,0.0,0,0,0,0
851,313,7794.579217472,77.945792175,37.281230765,0.004782969,70,7,75,0,0,11,43.539462057,43.539462057,0,5.408719,0.300021,0.408348,18.016993154,0.9,True,activated,player,player_00786,43.539462057,1.928534823,36.642161636,0.0,0.0,3.047762344,2388.998416843,-0.0,1988.409226129,-4377.407642972,7.794579217,0,6,73.078583015,0,0,0,0
852,316,7854.207995832,78.542079958,37.566433364,0.004782969,70,7,75,0,0,13,45.749979623,45.002379305,0.747600318,5.603863,0.332777,0.529043,26.799378712,0.9,True,activated,player,player_00902,45.749979623,2.068590838,39.303225924,0.0,0.0,3.202498574,2391.067007681,-1e-12,1985.206727555,-4376.273735237,7.854207996,0,2,12.390999205,0,0,0,0
853,319,7930.943521045,79.30943521,64.24064252,0.0081,20,2,25,0,0,10,115.610281314,81.677005454,33.93327586,2.884741,0.555999,0.633971,25.294238395,0.9,True,activated,player,player_01125,115.610281314,2.844134492,54.038555357,0.0,0.0,5.551660465,2393.911142174,3e-12,1979.655067091,-4373.566209265,7.930943521,0,0,0.0,0,0,0,0
854,320,7899.991211783,78.999912118,37.785413066,0.004782969,70,7,75,0,0,11,50.253690173,39.299555524,10.954134649,5.339224,0.267265,0.523523,21.652387316,0.9,True,activated,player,player_00248,50.253690173,2.099093985,39.882785713,0.0,0.0,3.517758312,2396.010236159,-4e-12,1976.137308779,-4372.147544937,7.899991212,0,4,110.326660358,0,0,0,0
855,320,7842.948503735,78.429485037,41.680643958,0.00531441,60,6,65,1,2.456170449,9,62.235206375,62.235206375,0,3.860132,0.417707,0.56487,11.651742427,0.9,True,activated,player,player_00418,62.235206375,2.572244717,48.872649623,0.0,0.0,4.356464446,2398.582480876,0.0,1971.780844332,-4370.363325208,7.842948504,0,1,14.33815309,0,0,0,0
856,319,7864.952912166,78.649529122,37.617825965,0.004782969,70,7,75,0,0,14,67.816591309,39.721869986,28.094721323,3.887303,0.393841,0.678588,51.210413002,0.9,True,activated,player,player_02927,67.816591309,3.490325843,66.316191026,0.0,0.0,4.747161392,2402.072806719,1e-12,1967.033682941,-4369.10648966,7.864952912,0,3,68.347689635,0,0,0,0
857,316,8050.690353067,80.506903531,42.784669319,0.00531441,60,6,65,1,18.03797533,13,121.513015501,63.619196248,57.893819253,6.326171,0.260833,0.516684,23.561363163,0.9,True,activated,player,player_01355,121.513015501,6.270838024,119.145922447,0.0,0.0,5.635483247,2408.343644743,5e-12,1961.398199694,-4369.741844436,8.050690353,0,3,6.582698057,0,0,0,0
858,318,8214.412153172,82.144121532,53.894758137,0.006561,40,4,45,0,0,8,67.363605562,64.172265626,3.191339936,3.870537,0.390176,0.534105,14.901457859,0.9,True,activated,player,player_00999,67.363605562,2.289768253,43.505596804,0.0,0.0,4.715452389,2410.633412996,-2e-12,1956.682747304,-4367.3161603,8.214412153,0,1,6.470043089,0,0,0,0
859,321,8228.761066095,82.287610661,43.731010097,0.00531441,60,6,65,1,1.226602663,11,48.277140353,44.551667221,3.725473132,4.091844,0.421084,0.584991,33.295717344,0.9,True,activated,player,player_01000,48.277140353,1.566390789,29.761424994,0.0,0.0,3.379399825,2412.199803785,-6e-12,1953.303347479,-4365.503151264,8.228761066,0,2,19.629303427,0,0,0,0
860,321,7958.293293415,79.582932934,38.064270115,0.004782969,70,7,75,0,0,17,66.550667126,44.036392199,22.514274927,6.624594,0.291515,0.566433,33.157644717,0.9,True,activated,player,player_01637,66.550667126,2.590436317,49.218290028,0.0,0.0,4.658546699,2414.790240102,5e-12,1948.644800781,-4363.435040883,7.958293293,0,4,309.523482762,1,3.50827203,5,0
861,324,8060.183773185,80.601837732,42.835121246,0.00531441,60,6,65,0,0,15,72.741433388,43.909606996,28.831826392,6.299897,0.270295,0.549969,25.421997767,0.9,True,activated,player,player_00258,72.741433388,3.046857199,57.890286777,0.0,0.0,5.091900337,2417.837097301,-5e-12,1943.552900444,-4361.389997744,8.060183773,0,0,0.0,0,0,0,0
862,329,8150.443679474,81.504436795,53.475060981,0.006561,40,4,45,0,0,13,92.285873638,61.704426329,30.581447309,5.97916,0.307585,0.535345,16.609934056,0.9,True,activated,player,player_01763,92.285873638,3.480273036,66.125187683,0.0,0.0,5.705310576,2421.317370337,3e-12,1937.847589868,-4359.164960205,8.150443679,0,1,5.339728335,0,0,0,0
863,335,8270.470735899,82.704707359,48.836302648,0.0059049,50,5,55,0,0,13,87.534257921,66.540342162,20.993915759,6.494759,0.300754,0.496429,18.634579301,0.9,True,activated,player,player_00639,87.534257921,3.349865217,63.647439117,0.0,0.0,5.789329515,2424.667235553,-9e-12,1932.058260353,-4356.725495906,8.270470736,0,1,9.198812979,0,0,0,0
864,335,8248.715631518,82.487156315,39.453351155,0.004782969,70,7,75,0,0,16,54.223842124,43.736291729,10.487550395,7.954081,0.289799,0.406915,22.08987028,0.9,True,activated,player,player_02327,54.223842124,2.772723561,52.681747662,0.0,0.0,3.795668949,2427.439959115,1e-12,1928.262591404,-4355.702550519,8.248715632,0,3,62.047251724,1,52.443396411,5,0
865,336,8394.705198718,83.947051987,36.136453257,0.004304672,80,8,85,1,1.793590654,11,42.091854632,42.091854632,0,6.008503,0.252838,0.500174,15.90622989,0.9,True,activated,player,player_02343,42.091854632,2.124998624,40.374973854,0.0,0.0,2.946429824,2429.564957738,-3e-12,1925.31616158,-4354.881119318,8.394705199,0,3,29.127123562,1,14.520517346,5,0
866,332,8260.80095337,82.608009534,39.511154875,0.004782969,70,7,75,1,0.324852832,16,113.526869424,87.604767554,25.92210187,3.855048,0.464213,0.678087,42.681018093,0.9,True,activated,player,player_00181,113.526869424,3.330441352,63.278385682,0.0,0.0,5.782560667,2432.89539909,4e-12,1919.533600912,-4352.429000003,8.260800953,0,5,70.845470774,0,0,0,0
867,332,8259.655189601,82.596551896,35.55510725,0.004304672,80,8,85,0,0,19,90.866405434,79.180785041,11.685620393,4.002986,0.467786,0.65589,51.600987104,0.9,True,activated,player,player_02518,90.866405434,2.707104511,51.434985711,0.0,0.0,5.781758633,2435.602503601,-2e-12,1913.75184228,-4349.354345881,8.25965519,0,2,13.145519021,1,7.798152367,5,0
868,331,8015.891908123,80.158919081,52.592266809,0.006561,40,4,45,0,0,14,125.152103273,88.719716389,36.432386884,4.042918,0.43431,0.676054,61.837183269,0.9,True,activated,player,player_02670,125.152103273,3.820418506,72.587951616,0.0,0.0,5.611124336,2439.422922107,4e-12,1908.140717944,-4347.563640051,8.015891908,0,6,230.871021589,0,0,0,0
869,327,7984.036750898,79.840367509,38.187400274,0.004782969,70,7,75,0,0,12,83.719002873,39.950903295,43.768099578,3.771475,0.43383,0.64364,31.815517422,0.9,True,activated,player,player_02980,83.719002873,2.649399097,50.338582842,0.0,0.0,5.588825726,2442.072321204,-0.0,1902.551892218,-4344.624213423,7.984036751,0,2,14.77316405,0,0,0,0
870,327,7961.991608099,79.619916081,42.313287822,0.00531441,60,6,65,0,0,15,80.782250867,67.114845156,13.667405711,7.573873,0.273522,0.467322,22.27463603,0.9,True,activated,player,player_00754,80.782250867,3.805353659,72.301719514,0.0,0.0,5.573394126,2445.877674863,1e-12,1896.978498093,-4342.856172956,7.961991608,0,1,15.514139015,0,0,0,0
871,330,7969.682302597,79.696823026,52.289085587,0.006561,40,4,45,0,0,9,69.168434755,64.257066882,4.911367873,4.019366,0.415236,0.539632,18.11970752,0.9,True,activated,player,player_01355,69.168434755,2.264450498,43.024559467,0.0,0.0,4.841790433,2448.142125361,1e-12,1892.13670766,-4340.278833021,7.969682303,0,0,0.0,0,0,0,0
872,328,7928.531400433,79.285314004,34.129727913,0.004304672,80,8,85,2,1.580171368,12,56.468410277,56.468410277,0,4.360296,0.366098,0.635641,48.175579137,0.9,True,activated,player,player_00592,56.468410277,1.987411308,37.760814858,0.0,0.0,3.952788719,2450.129536669,-5e-12,1888.183918941,-4338.31345561,7.9285314,0,3,41.77643519,0,0,0,0
873,325,7832.925339548,78.329253395,41.627376754,0.00531441,60,6,65,0,0,10,47.261629649,41.948388349,5.3132413,6.607276,0.239695,0.391899,14.358278383,0.9,True,activated,player,player_01692,47.261629649,2.083633409,39.589034776,0.0,0.0,3.308314075,2452.213170079,-6e-12,1884.875604865,-4337.088774944,7.83292534,0,3,24.404109308,1,9.505476313,5,0
874,328,8045.73212809,80.457321281,38.482487351,0.004782969,70,7,75,1,2.062340013,11,47.163982398,42.282124795,4.881857603,3.406126,0.508969,0.578158,19.387726303,0.9,True,activated,staker,staker_04710,47.163982398,2.35819912,14.149194719,14.149194719,30.656588559,0.0,2454.571369199,5e-12,1929.681388143,-4384.252757342,8.045732128,0,3,14.36584099,0,0,0,0
875,322,7589.645637009,75.89645637,36.301039803,0.004782969,70,7,75,0,0,9,40.791566321,40.791566321,0,3.714016,0.439722,0.545335,16.501664154,0.9,True,activated,player,player_00460,40.791566321,1.285501293,24.424524559,0.0,0.0,2.855409642,2455.856870491,0.0,1926.825978501,-4382.682848992,7.589645637,0,5,323.905226751,0,0,0,0
876,320,7527.114638414,75.271146384,36.001955975,0.004782969,70,7,75,1,0.940855442,14,78.565949955,43.812426567,34.753523388,8.02316,0.229883,0.437941,15.929855247,0.9,True,activated,player,player_02806,78.565949955,3.847157108,73.095985055,0.0,0.0,5.268980247,2459.704027599,-1e-12,1921.556998254,-4381.261025853,7.527114638,0,2,42.951008114,0,0,0,0
877,319,7339.439899834,73.394398998,48.154065183,0.006561,40,4,45,1,1.681793789,11,59.285101778,52.943852856,6.341248922,4.355097,0.332851,0.597385,22.384137068,0.9,True,activated,player,player_03003,59.285101778,3.039010163,57.74119309,0.0,0.0,4.149957124,2462.743037762,4e-12,1917.407041129,-4380.150078891,7.3394399,0,1,15.603090418,0,0,0,0
878,313,7283.813634604,72.838136346,53.099001396,0.00729,30,3,35,0,0,9,92.517869589,67.207420995,25.310448594,3.790607,0.397528,0.59678,28.488162963,0.9,True,activated,player,player_01170,92.517869589,3.041904605,57.796187496,0.0,0.0,5.098669544,2465.784942367,-2e-12,1912.308371585,-4378.093313952,7.283813635,0,2,17.896272166,0,0,0,0
879,310,7197.601146275,71.976011463,42.501115009,0.0059049,50,5,55,0,0,12,67.368172842,50.413967265,16.954205577,5.720675,0.253231,0.542578,36.140727389,0.9,True,activated,player,player_00034,67.368172842,2.965414802,56.342881229,0.0,0.0,4.715772099,2468.750357169,-2e-12,1907.592599486,-4376.342956655,7.197601146,0,1,7.035403291,0,0,0,0
880,311,7419.934989148,74.199349891,48.682193464,0.006561,40,4,45,0,0,13,96.375554502,63.478872676,32.896681826,5.899943,0.292707,0.554178,19.980430085,0.9,True,activated,player,player_00602,96.375554502,4.210490482,79.999319151,0.0,0.0,5.193954492,2472.96084765,1e-12,1902.398644994,-4375.359492644,7.419934989,0,1,1.65762976,0,0,0,0
881,309,7226.816699468,72.268166995,42.673629929,0.0059049,50,5,55,0,0,9,51.260291083,50.636916982,0.623374101,2.655605,0.56642,0.649014,30.873137375,0.9,True,activated,player,player_02654,51.260291083,1.290683988,24.522995778,0.0,0.0,3.588220376,2474.251531638,-3e-12,1898.810424618,-4373.061956256,7.226816699,0,4,211.528551804,0,0,0,0
882,307,7115.034765156,71.150347652,37.812211906,0.00531441,60,6,65,0,0,16,73.704794873,41.703128028,32.001666845,7.0183,0.275178,0.541007,30.711471123,0.9,True,activated,player,player_01839,73.704794873,3.808530831,72.36208578,0.0,0.0,4.980524336,2478.060062469,1e-12,1893.829900282,-4371.889962751,7.115034765,0,0,0.0,1,9.205912418,5,0
883,304,7099.353464026,70.99353464,41.92097227,0.0059049,50,5,55,0,0,14,51.138594776,45.672326553,5.466268223,2.863578,0.573154,0.647938,29.830229373,0.9,True,activated,staker,staker_04978,51.138594776,2.556929739,15.341578433,15.341578433,33.240086604,0.0,2480.616992208,4e-12,1942.41156532,-4423.028557527,7.099353464,0,2,13.025268719,0,0,0,0
884,301,7172.594054833,71.725940548,42.353450634,0.0059049,50,5,55,0,0,12,75.914832511,63.138410094,12.776422417,5.257877,0.296568,0.531176,22.189086726,0.9,True,activated,player,player_01026,75.914832511,2.921088031,55.500672581,0.0,0.0,5.020815838,2483.538080238,-4e-12,1937.390749481,-4420.92882972,7.172594055,0,2,39.128261957,0,0,0,0
885,303,7190.975641022,71.90975641,38.215792856,0.00531441,60,6,65,0,0,14,52.441845143,38.933264828,13.508580315,8.901479,0.201649,0.39439,22.200630934,0.9,True,activated,player,player_02487,52.441845143,2.276895823,43.261020632,0.0,0.0,3.67092916,2485.814976061,0.0,1933.719820321,-4419.534796382,7.190975641,0,2,11.789340418,0,0,0,0
886,309,7485.562428843,74.855624288,29.000602566,0.003874205,90,9,95,1,1.229334619,16,57.73328225,36.186302009,21.546980241,8.063852,0.187137,0.507705,31.438927643,0.9,True,activated,player,player_03031,57.73328225,2.548530218,48.422074143,0.0,0.0,4.041329757,2488.363506279,2e-12,1929.678490564,-4418.041996843,7.485562429,0,1,4.975004336,0,0,0,0
887,311,7498.6459803,74.986459803,39.850879184,0.00531441,60,6,65,0,0,12,42.312567674,42.312567674,0,4.68896,0.394834,0.554191,25.814651163,0.9,True,activated,player,player_01885,42.312567674,1.42840095,27.139618051,0.0,0.0,2.961879737,2489.791907229,-1e-12,1926.716610827,-4416.508518056,7.49864598,0,1,8.742269014,1,4.423883788,5,0
888,302,7276.882648962,72.76882649,31.324593714,0.004304672,80,8,85,2,15.322170022,14,55.234897991,37.18654303,18.048354961,6.310154,0.289423,0.545098,26.292567239,0.9,True,activated,player,player_03037,55.234897991,2.155754296,40.959331616,0.0,0.0,3.866442859,2491.947661525,-2e-12,1922.850167967,-4414.797829492,7.276882649,0,7,191.015619286,0,0,0,0
889,304,7496.252827049,74.96252827,44.264623318,0.0059049,50,5,55,0,0,10,52.251377728,52.251377728,0,4.817861,0.382648,0.491846,11.781749564,0.9,True,activated,player,player_03041,52.251377728,2.478339219,47.088445164,0.0,0.0,3.657596441,2494.426000744,2e-12,1919.192571526,-4413.61857227,7.496252827,0,2,9.648158307,0,0,0,0
890,303,7566.140490029,75.6614049,40.209572682,0.00531441,60,6,65,1,0.390821606,10,53.786814122,42.834229331,10.952584791,5.092774,0.354885,0.473461,18.225894093,0.9,True,activated,player,player_00882,53.786814122,1.923188468,36.540580894,0.0,0.0,3.765076989,2496.349189212,5e-12,1915.427494538,-4411.77668375,7.56614049,0,3,55.110081039,1,103.804298341,5,0
891,302,7463.908355687,74.639083557,39.666269205,0.00531441,60,6,65,0,0,14,95.330073819,46.212473664,49.117600155,5.187907,0.378481,0.53471,25.965725638,0.9,True,activated,player,player_02361,95.330073819,4.842887915,92.014870376,0.0,0.0,5.224735849,2501.192077127,0.0,1910.202758689,-4411.394835815,7.463908356,0,1,2.884522804,0,0,0,0
892,301,7096.355683672,70.963556837,33.941649248,0.004782969,70,7,75,0,0,15,54.306217844,37.141190666,17.165027178,10.074843,0.196359,0.359952,17.101144154,0.9,True,activated,player,player_03059,54.306217844,2.828105165,53.733998132,0.0,0.0,3.801435249,2504.020182291,-1e-12,1906.40132344,-4410.421505731,7.096355684,0,2,373.340218876,0,0,0,0
893,306,7182.092192545,71.820921925,38.168582569,0.00531441,60,6,65,0,0,15,47.672651343,45.103990541,2.568660802,8.119631,0.252336,0.442754,25.772603664,0.9,True,activated,player,player_03066,47.672651343,2.383722346,45.290724581,0.0,0.0,3.337085594,2506.403904638,1e-12,1903.064237846,-4409.468142483,7.182092193,0,1,9.720592997,1,0.744648192,5,0
894,307,7370.643682067,73.706436821,43.522913878,0.0059049,50,5,55,0,0,11,59.579628601,48.97723507,10.602393531,4.284485,0.412496,0.577799,27.661779532,0.9,True,activated,player,player_02692,59.579628601,1.958692724,37.215161748,0.0,0.0,4.170574002,2508.362597361,-1e-12,1898.893663844,-4407.256261205,7.370643682,0,1,4.044355061,0,0,0,0
895,301,7277.253149799,72.772531498,31.326188599,0.004304672,80,8,85,0,0,13,41.881021831,38.792232143,3.088789688,8.201808,0.233211,0.381481,14.920451842,0.9,True,activated,player,player_03073,41.881021831,2.086195184,39.637708488,0.0,0.0,2.931671528,2510.448792545,-1e-12,1895.961992315,-4406.41078486,7.27725315,0,5,93.164507954,0,0,0,0
896,305,7304.671257818,73.046712578,43.13335331,0.0059049,50,5,55,0,0,13,55.58031749,45.029020537,10.551296953,6.50898,0.294936,0.457395,19.792039938,0.9,True,activated,staker,staker_04825,55.58031749,2.779015875,16.674095247,16.674095247,36.127206368,0.0,2513.22780842,1e-12,1948.763293931,-4461.99110235,7.304671258,0,0,0.0,0,0,0,0
897,306,7553.779113935,75.537791139,40.143879261,0.00531441,60,6,65,0,0,15,90.798576902,46.941514865,43.857062037,4.418251,0.404716,0.671978,68.315644198,0.9,True,activated,player,player_00239,90.798576902,2.966929934,56.371668746,0.0,0.0,5.28764538,2516.194738353,0.0,1943.475648551,-4459.670386905,7.553779114,0,2,18.796042443,2,20.050690212,5,0
898,302,7355.999939625,73.559999396,43.436444043,0.0059049,50,5,55,0,0,12,48.764076508,43.580114211,5.183962297,4.282614,0.396533,0.598043,30.685714001,0.9,True,activated,staker,staker_04740,48.764076508,2.438203825,14.629222952,14.629222952,31.69664973,0.0,2518.632942179,5e-12,1989.801521234,-4508.434463413,7.35599994,0,1,151.574269627,0,0,0,0
899,306,7494.314803086,74.943148031,32.260567841,0.004304672,80,8,85,0,0,18,60.985717804,40.523537285,20.462180519,6.307222,0.285094,0.633843,50.176121864,0.9,True,activated,player,player_02103,60.985717804,2.393402349,45.474644636,0.0,0.0,4.269000246,2521.026344528,-4e-12,1985.532520987,-4506.558865516,7.494314803,0,3,23.884973182,0,0,0,0
900,307,7510.513058243,75.105130582,44.348828558,0.0059049,50,5,55,0,0,14,69.181425812,53.969113093,15.212312719,7.617687,0.237597,0.479626,20.742509048,0.9,True,activated,player,player_03001,69.181425812,2.879342232,54.707502411,0.0,0.0,4.842699807,2523.90568676,-6e-12,1980.689821181,-4504.595507941,7.510513058,0,3,22.086299527,0,0,0,0
901,312,7650.571499614,76.505714996,40.658273683,0.00531441,60,6,65,0,0,15,66.818211802,42.006537716,24.811674086,9.394901,0.215816,0.381509,16.662718618,0.9,True,activated,player,player_01304,66.818211802,3.381957102,64.257184929,0.0,0.0,4.677274826,2527.287643862,1e-12,1976.012546354,-4503.300190216,7.6505715,0,1,4.435710235,0,0,0,0
902,312,7642.121097255,76.421210973,45.125960867,0.0059049,50,5,55,0,0,13,74.597975751,59.871367504,14.726608247,4.330072,0.440662,0.545399,25.821081075,0.9,True,activated,player,player_01085,74.597975751,3.665717435,69.648631273,0.0,0.0,5.221858303,2530.953361297,3e-12,1970.790688052,-4501.744049349,7.642121097,0,2,13.873676003,0,0,0,0
903,319,7915.99250284,79.159925028,64.119539273,0.0081,20,2,25,0,0,7,89.294222646,79.819888989,9.474333657,2.699369,0.481288,0.606568,22.525070875,0.9,True,activated,player,player_02219,89.294222646,4.51089558,85.707016016,0.0,0.0,5.541194752,2535.464256877,-1e-12,1965.2494933,-4500.713750177,7.915992503,0,0,0.0,0,0,0,0
904,322,7923.20413337,79.232041334,46.785728087,0.0059049,50,5,55,1,0.576615683,7,50.138506061,50.138506061,0,2.391495,0.618803,0.599019,12.821526479,0.9,True,activated,player,player_02565,50.138506061,2.4052095,45.698980498,0.0,0.0,3.509695424,2537.869466377,2e-12,1961.739797876,-4499.609264253,7.923204133,0,0,0.0,0,0,0,0
905,321,7839.480536948,78.394805369,46.291348623,0.0059049,50,5,55,0,0,13,61.081527884,52.967459408,8.114068476,7.505463,0.233277,0.435731,26.680456691,0.9,True,activated,player,player_02177,61.081527884,2.555415791,48.552900021,0.0,0.0,4.275706952,2540.424882168,-1e-12,1957.464090924,-4497.888973091,7.839480537,0,2,54.07568769,0,0,0,0
906,321,7644.683936519,76.446839365,36.564286283,0.004782969,70,7,75,1,2.328758381,11,42.278032665,42.278032665,0,5.547207,0.307292,0.516184,15.10431377,0.9,True,activated,player,player_00934,42.278032665,2.223924167,42.254559174,0.0,0.0,2.959462287,2542.648806335,0.0,1954.504628637,-4497.153434972,7.644683937,0,4,228.828011807,1,3.680531813,5,0
907,320,7592.043632867,75.920436329,40.347232603,0.00531441,60,6,65,1,0.940015018,12,67.076259763,53.847400367,13.228859396,7.154281,0.262603,0.430584,11.064836295,0.9,True,activated,player,player_03109,67.076259763,3.167992433,60.191856235,0.0,0.0,4.695338183,2545.816798768,-1e-12,1949.809290454,-4495.626089222,7.592043633,0,1,32.396026244,0,0,0,0
908,320,7565.456054212,75.654560542,49.636957172,0.006561,40,4,45,0,0,9,65.272937821,59.597137759,5.675800062,3.178477,0.477201,0.633062,19.40278846,0.9,True,activated,player,player_02177,65.272937821,2.618465715,49.750848593,0.0,0.0,4.569105647,2548.435264483,0.0,1945.240184806,-4493.67544929,7.565456054,0,2,26.525985737,0,0,0,0
909,317,7468.659379661,74.686593797,39.691518094,0.00531441,60,6,65,0,0,16,55.418460444,43.137474857,12.280985587,7.120201,0.287315,0.497497,21.676587656,0.9,True,activated,player,player_01120,55.418460444,2.485617916,47.22674041,0.0,0.0,3.879292231,2550.9208824,3e-12,1941.360892575,-4492.281774975,7.46865938,0,3,20.663486402,0,0,0,0
910,316,7361.318702165,73.613187022,48.297612005,0.006561,40,4,45,1,7.975303122,10,65.876217404,48.915878461,16.960338943,3.592495,0.481704,0.574205,16.03651904,0.9,True,activated,player,player_02711,65.876217404,3.34386049,63.533349315,0.0,0.0,4.611335218,2554.26474289,-5e-12,1936.749557357,-4491.014300247,7.361318702,0,7,225.870638592,0,0,0,0
911,322,7514.145448788,75.141454488,32.345932269,0.004304672,80,8,85,0,0,16,40.900189526,34.565728773,6.334460753,10.464119,0.171461,0.391957,18.378566716,0.9,True,activated,player,player_03118,40.900189526,1.83752066,34.91289254,0.0,0.0,2.863013267,2556.10226355,5e-12,1933.88654409,-4489.98880764,7.514145449,0,1,2.91542676,0,0,0,0
912,325,7565.047801894,75.650478019,49.634278628,0.006561,40,4,45,0,0,13,82.357462495,58.434935853,23.922526642,5.917407,0.248675,0.557424,23.631752666,0.9,True,activated,player,player_00709,82.357462495,3.568618535,67.803752167,0.0,0.0,5.295533461,2559.670882085,-2e-12,1928.591010629,-4488.261892714,7.565047802,0,0,0.0,0,0,0,0
913,330,7582.971043802,75.829710438,44.776685717,0.0059049,50,5,55,0,0,20,173.907992231,94.946470115,78.961522116,7.274085,0.24514,0.607132,55.944871244,0.9,True,activated,player,player_02770,173.907992231,6.829209925,129.75498858,0.0,0.0,5.308079731,2566.50009201,6e-12,1923.282930898,-4489.783022909,7.582971044,0,1,4.792127468,0,0,0,0
914,326,7552.186626695,75.521866267,44.594906812,0.0059049,50,5,55,0,0,11,61.055861769,56.468838587,4.587023182,4.633628,0.313644,0.600662,21.360450733,0.9,True,activated,player,player_00058,61.055861769,2.308997023,43.870943444,0.0,0.0,4.273910324,2568.809089034,-5e-12,1919.009020574,-4487.818109608,7.552186627,0,4,49.186409174,0,0,0,0
915,326,7539.415857648,75.394158576,36.060792325,0.004782969,70,7,75,1,4.005002377,13,82.651734999,46.709015358,35.942719641,4.258413,0.402702,0.601957,30.469017604,0.9,True,activated,player,player_03143,82.651734999,2.732263919,51.913014458,0.0,0.0,5.2775911,2571.541352953,6e-12,1913.731429474,-4485.272782427,7.539415858,0,2,30.593520141,1,7.831520633,5,0
916,324,7666.784942463,76.667849425,33.002995239,0.004304672,80,8,85,1,0.579205561,16,54.832949105,41.020981102,13.811968003,8.94442,0.192874,0.48247,23.664011107,0.9,True,activated,staker,staker_04869,54.832949105,2.741647455,16.449884731,16.449884731,35.641416918,0.0,2574.283000408,-6e-12,1965.822731124,-4540.105731532,7.666784942,0,2,31.330461932,0,0,0,0
917,322,7709.200320161,77.092003202,50.580063301,0.006561,40,4,45,0,0,12,83.468525207,64.457051959,19.011473248,3.229734,0.514258,0.664289,40.630332204,0.9,True,activated,staker,staker_04864,83.468525207,4.17342626,25.040557562,25.040557562,54.254541385,0.0,2578.456426668,3e-12,2045.11783007,-4623.574256739,7.70920032,0,1,17.633290941,0,0,0,0
918,316,7532.81318432,75.328131843,29.183661674,0.003874205,90,9,95,2,1.697118415,16,53.726202603,33.756301021,19.969901582,6.896971,0.23898,0.54689,23.20731853,0.9,True,activated,player,player_03153,53.726202603,2.759992465,52.439856834,0.0,0.0,3.760834182,2581.216419133,-1e-12,2041.356995888,-4622.573415021,7.532813184,0,3,179.798158896,0,0,0,0
919,322,7577.486874255,75.774868743,29.356736702,0.003874205,90,9,95,0,0,16,62.347720363,45.300547007,17.047173356,6.035114,0.324334,0.58531,40.360174262,0.9,True,activated,player,player_03162,62.347720363,2.854337214,54.232407069,0.0,0.0,4.364340425,2584.070756347,1e-12,2036.992655463,-4621.06341181,7.577486874,0,0,0.0,1,3.248992471,5,0
920,326,7826.273085477,78.262730855,46.213359942,0.0059049,50,5,55,0,0,9,71.918686061,70.531524668,1.387161393,3.676459,0.368801,0.606811,25.390000207,0.9,True,activated,player,player_00639,71.918686061,2.521466707,47.907867429,0.0,0.0,5.034308024,2586.592223054,1e-12,2031.958347438,-4618.550570493,7.826273085,0,1,70.582148936,0,0,0,0
921,324,7701.800282933,77.018002829,36.837471997,0.004782969,70,7,75,0,0,16,64.627645558,46.117745863,18.509899695,8.938151,0.196066,0.469502,20.421651458,0.9,True,activated,player,player_00718,64.627645558,3.077240228,58.467564325,0.0,0.0,4.523935189,2589.669463282,-4e-12,2027.434412249,-4617.103875531,7.701800283,0,2,88.459729498,2,16.822301091,5,0
922,320,7654.931613537,76.549316135,40.681445116,0.00531441,60,6,65,1,6.521849227,13,67.441311294,59.220914939,8.220396355,5.568016,0.280171,0.559532,30.8367385,0.9,True,activated,player,player_01168,67.441311294,3.477236177,66.067487367,0.0,0.0,4.720891791,2593.146699459,-1e-12,2022.713520459,-4615.860219918,7.654931614,0,1,3.349235288,0,0,0,0
923,323,7713.882640256,77.138826403,40.994735042,0.00531441,60,6,65,2,10.686068978,11,70.515924733,53.414804703,17.10112003,7.371522,0.214987,0.395713,8.776554704,0.9,True,activated,player,player_01337,70.515924733,3.404129067,64.678452282,0.0,0.0,4.936114731,2596.550828526,0.0,2017.777405727,-4614.328234254,7.71388264,0,0,0.0,0,0,0,0
924,320,7691.817603499,76.918176035,36.789725151,0.004782969,70,7,75,0,0,16,58.469810139,42.583473135,15.886337004,8.106263,0.263223,0.462108,27.173618865,0.9,True,activated,player,player_03179,58.469810139,2.358605797,44.813510148,0.0,0.0,4.09288671,2598.909434324,-1e-12,2013.684519018,-4612.593953342,7.691817603,0,5,38.550193315,1,5.545777289,5,0
925,312,7416.818329901,74.168183299,43.795570556,0.0059049,50,5,55,0,0,11,53.646081065,46.979239461,6.666841604,4.603524,0.354497,0.58458,17.045033103,0.9,True,activated,staker,staker_05173,53.646081065,2.682304053,16.09382432,16.09382432,34.869952692,0.0,2601.591738377,1e-12,2064.64829603,-4666.240034407,7.41681833,0,6,247.48438318,0,0,0,0
926,309,7161.639803865,71.616398039,42.288766878,0.0059049,50,5,55,1,2.830911219,9,46.691337154,46.691337154,0,5.717528,0.287886,0.417746,9.163128105,0.9,True,activated,player,player_01672,46.691337154,2.114791689,40.181042094,0.0,0.0,3.268393601,2603.706530066,2e-12,2061.379902429,-4665.086432495,7.161639804,0,2,151.855806154,1,6.987280247,5,0
927,310,7133.64330906,71.336433091,42.123450376,0.0059049,50,5,55,0,0,12,73.913202713,58.477208572,15.435994141,5.914681,0.291887,0.501322,23.777713183,0.9,True,activated,player,player_02593,73.913202713,3.81106826,72.410296941,0.0,0.0,4.993550316,2607.517598326,0.0,2056.386352112,-4663.903950439,7.133643309,0,2,28.893882993,1,3.112165164,5,0
928,307,7101.683495209,71.016834952,46.594145412,0.006561,40,4,45,0,0,11,70.658857736,60.709823342,9.949034394,2.165926,0.662399,0.722668,51.148091631,0.9,True,activated,player,player_00992,70.658857736,1.440030945,27.360587948,0.0,0.0,4.946120042,2608.957629271,1e-12,2051.440232071,-4660.397861342,7.101683495,0,1,32.868417565,0,0,0,0
929,308,7095.398671537,70.953986715,33.937071889,0.004782969,70,7,75,0,0,11,38.649615254,38.649615254,0,4.702258,0.334519,0.562042,18.148342701,0.9,True,activated,player,player_03198,38.649615254,1.421303341,27.00476348,0.0,0.0,2.705473068,2610.378932612,0.0,2048.734759003,-4659.113691615,7.095398672,0,1,3.833850538,0,0,0,0
930,304,7039.365453738,70.393654537,37.410074161,0.00531441,60,6,65,0,0,14,50.186881146,38.968262961,11.218618185,9.187632,0.22284,0.36589,15.786720488,0.9,True,activated,staker,staker_05131,50.186881146,2.509344057,15.056064344,15.056064344,32.621472745,0.0,2612.888276669,0.0,2096.412296092,-4709.300572761,7.039365454,0,6,69.31840955,0,0,0,0
931,306,7102.625353474,71.026253535,37.746263205,0.00531441,60,6,65,0,0,15,52.511623533,41.765323005,10.746300528,8.79588,0.228652,0.421638,21.953844038,0.9,True,activated,player,player_00386,52.511623533,2.58788624,49.169838558,0.0,0.0,3.675813647,2615.476162909,-8e-12,2092.736482444,-4708.212645354,7.102625353,0,1,4.35748246,0,0,0,0
932,310,7173.920626462,71.739206265,34.312639965,0.004782969,70,7,75,0,0,16,66.686547247,46.559995557,20.12655169,7.739051,0.23814,0.530965,24.266679557,0.9,True,activated,player,player_00700,66.686547247,3.111249915,59.11374838,0.0,0.0,4.668058307,2618.587412824,6e-12,2088.068424137,-4706.655836961,7.173920626,0,2,44.055428763,0,0,0,0
933,314,7216.973083145,72.169730831,42.615504359,0.0059049,50,5,55,1,5.176798766,11,79.755103132,61.432118578,18.322984554,7.643612,0.233141,0.35594,13.487028987,0.9,True,activated,player,player_02211,79.755103132,4.053915983,77.024403678,0.0,0.0,5.051881158,2622.641328807,-5e-12,2083.016542979,-4705.657871786,7.216973083,0,1,4.345940419,0,0,0,0
934,317,7280.423936637,72.804239366,38.691157773,0.00531441,60,6,65,1,6.493255867,16,74.822216229,46.452911393,28.369304836,9.623684,0.199122,0.435971,15.107303977,0.9,True,activated,player,player_01534,74.822216229,3.250988187,61.768775545,0.0,0.0,5.096296756,2625.892316993,-0.0,2077.920246223,-4703.812563217,7.280423937,0,0,0.0,2,44.132998805,5,0
935,316,7323.353153832,73.233531538,35.027371111,0.004782969,80,7,85,1,1.253315301,12,58.89363434,50.960623847,7.933010493,2.623115,0.593435,0.698703,41.649692944,0.9,True,activated,player,player_00999,58.89363434,1.403332221,26.663312205,0.0,0.0,4.122554404,2627.295649215,1e-12,2073.79769182,-4701.093341034,7.323353154,0,2,47.354380004,1,156.332435212,5,1
936,311,7086.016782079,70.860167821,41.842220496,0.0059049,50,5,55,0,0,11,57.448038813,50.652319743,6.79571907,3.746264,0.475191,0.561793,22.072428549,0.9,True,activated,player,player_00553,57.448038813,1.708529158,32.462054002,0.0,0.0,4.021362717,2629.004178373,-5e-12,2069.776329103,-4698.780507475,7.086016782,0,1,13.384498951,0,0,0,0
937,318,7223.40165825,72.234016583,47.39273828,0.006561,40,4,45,0,0,8,47.537323544,47.537323544,0,4.399603,0.309423,0.486891,21.294901963,0.9,True,activated,player,player_00320,47.537323544,1.807788806,34.347987318,0.0,0.0,3.327612648,2630.811967179,4e-12,2066.448716455,-4697.260683634,7.223401658,0,2,28.826521453,1,26.53024788,5,0
938,318,7131.926023042,71.31926023,42.113309973,0.0059049,50,5,55,0,0,14,75.009919653,53.386386666,21.623532987,10.347481,0.13307,0.334394,16.570526901,0.9,True,activated,staker,staker_04880,75.009919653,3.750495983,22.502975896,22.502975896,48.756447774,0.0,2634.562463162,-5e-12,2137.708140125,-4772.270603287,7.131926023,0,2,47.124063306,0,0,0,0
939,315,7309.400007852,73.094000079,25.486301928,0.003486784,100,10,105,1,1.695680994,15,83.734084217,40.397283877,43.33680034,5.947713,0.246359,0.564888,37.654933659,0.9,True,activated,player,player_02958,83.734084217,4.168099464,79.193889816,0.0,0.0,5.116580005,2638.730562626,5e-12,2132.591560119,-4771.322122745,7.309400008,0,3,29.989083599,1,11.199914302,5,0
940,316,7317.697133978,73.17697134,48.011410896,0.006561,40,4,45,0,0,8,68.877450542,51.127537144,17.749913398,3.469506,0.475796,0.541783,14.031924676,0.9,True,activated,player,player_02417,68.877450542,2.046363854,38.880913234,0.0,0.0,4.821421538,2640.77692648,-7e-12,2127.770138581,-4768.547065062,7.317697134,0,0,0.0,0,0,0,0
941,312,7286.797392612,72.867973926,31.367273434,0.004304672,80,8,85,1,0.219148445,13,68.134472063,33.365411977,34.769060086,7.108649,0.214513,0.496519,20.495142831,0.9,True,activated,player,player_03089,68.134472063,3.22332984,61.243266956,0.0,0.0,4.769413044,2644.00025632,7e-12,2123.000725537,-4767.000981857,7.286797393,0,5,42.24103953,1,9.151593935,5,0
942,313,7393.118368423,73.931183684,35.361055969,0.004782969,70,7,75,0,0,12,46.293601227,39.037005763,7.256595464,6.062667,0.320789,0.473707,14.297164972,0.9,True,activated,player,player_02608,46.293601227,2.113877892,40.163679956,0.0,0.0,3.240552086,2646.114134212,-2e-12,2119.760173451,-4765.874307663,7.393118368,0,2,24.298309794,0,0,0,0
943,314,7500.577149908,75.005771499,44.290158012,0.0059049,50,5,55,0,0,8,55.418360403,55.418360403,0,5.606207,0.271832,0.364162,6.650422277,0.9,True,activated,player,player_01578,55.418360403,2.583698373,49.090269086,0.0,0.0,3.879285228,2648.697832585,1e-12,2115.880888223,-4764.578720808,7.50057715,0,2,26.090796923,0,0,0,0
944,315,7511.179166786,75.111791668,26.189862352,0.003486784,100,10,105,0,0,16,38.182402635,30.789048218,7.393354417,9.512651,0.177024,0.438292,23.591490978,0.9,True,activated,staker,staker_05370,38.182402635,1.909120132,11.45472079,11.45472079,24.818561713,0.0,2650.606952717,1e-12,2152.154170726,-4802.761123443,7.511179167,0,3,32.095949164,1,24.72039962,5,0
945,321,7813.307886665,78.133078867,33.633728468,0.004304672,80,8,85,0,0,19,60.998519532,35.488050634,25.510468898,7.918782,0.185214,0.571124,47.431933205,0.9,True,activated,player,player_03186,60.998519532,3.08435757,58.602793837,0.0,0.0,4.269896367,2653.691310287,-5e-12,2147.884274359,-4801.575584646,7.813307887,0,1,2.129106744,1,10.220966594,5,0
946,326,7934.938763601,79.349387636,46.855019905,0.0059049,50,5,55,1,0.563111959,14,97.333684497,47.564242769,49.769441728,8.135466,0.206774,0.458134,18.464963189,0.9,True,activated,player,player_01355,97.333684497,4.269117779,81.113237798,0.0,0.0,5.554457135,2657.960428066,-1e-12,2142.329817224,-4800.290245291,7.934938764,0,3,31.008759865,0,0,0,0
947,332,7954.741024443,79.547410244,30.818296576,0.003874205,90,9,95,1,0.510876122,16,37.63577857,35.872668247,1.763110323,8.062328,0.221853,0.49123,27.202900663,0.9,True,activated,player,player_01034,37.63577857,1.971479311,37.458106904,0.0,0.0,2.6345045,2659.931907377,5e-12,2139.695312725,-4799.627220101,7.954741024,0,2,28.106562336,0,0,0,0
948,333,7934.5613728,79.345613728,34.155684967,0.004304672,80,8,85,0,0,15,35.147155885,35.147155885,0,7.174939,0.239886,0.51562,30.498441061,0.9,True,activated,player,player_00496,35.147155885,1.832030588,34.808581169,0.0,0.0,2.460300912,2661.763937965,1e-12,2137.235011813,-4798.998949777,7.934561373,0,2,38.26538772,1,44.291695281,5,0
949,330,7818.402435685,78.184024357,37.395176479,0.004782969,70,7,75,1,2.715582844,16,72.276076762,40.625599271,31.650477491,6.215115,0.270581,0.559066,35.857664768,0.9,True,activated,staker,staker_05505,72.276076762,3.613803838,21.682823029,21.682823029,46.979449895,0.0,2665.377741803,-5e-12,2205.897284736,-4871.275026539,7.818402436,0,4,21.570175186,0,0,0,0
950,336,8010.569937018,80.10569937,42.571452979,0.00531441,60,6,65,0,0,12,56.707042992,47.363000896,9.344042096,2.821815,0.570048,0.64571,36.807190946,0.9,True,activated,player,player_03157,56.707042992,2.848059746,54.113135175,0.0,0.0,3.969493009,2668.225801549,-0.0,2201.927791727,-4870.153593276,8.010569937,0,2,17.69989082,1,4.98835924,5,0
951,340,8100.442691597,81.004426916,38.74416628,0.004782969,70,7,75,2,13.908563468,10,55.372965062,55.372965062,0,3.887209,0.427882,0.602769,35.92403824,0.9,True,activated,player,player_01605,55.372965062,2.915226499,55.389303484,0.0,0.0,3.876107554,2671.141028048,0.0,2198.051684173,-4869.192712221,8.100442692,0,0,0.0,0,0,0,0
952,339,8080.654233535,80.806542335,47.715455184,0.0059049,50,5,55,1,1.240102506,15,65.321286246,51.372134985,13.949151261,5.179482,0.36423,0.588071,28.846308683,0.9,True,activated,player,player_02702,65.321286246,2.862731248,54.391893714,0.0,0.0,4.572490037,2674.003759296,0.0,2193.479194135,-4867.482953432,8.080654234,0,4,43.079426028,0,0,0,0
953,347,8210.631721269,82.106317213,53.869954723,0.006561,40,4,45,0,0,12,86.845587647,76.07763985,10.767947797,4.770804,0.322118,0.59613,31.548430609,0.9,True,activated,player,player_02295,86.845587647,4.511096242,85.710828606,0.0,0.0,5.747442205,2678.514855539,-4e-12,2187.731751931,-4866.246607469,8.210631721,0,2,15.795446322,0,0,0,0
954,342,8259.057076905,82.590570769,39.502813968,0.004782969,70,7,75,0,0,13,50.183386102,48.143465185,2.039920917,5.592823,0.350383,0.508557,17.881018358,0.9,True,activated,staker,staker_05289,50.183386102,2.509169305,15.055015831,15.055015831,32.619200966,0.0,2681.024024844,6e-12,2235.405968727,-4916.429993571,8.259057077,0,4,31.538565175,0,0,0,0
955,344,8582.737531455,85.827375315,50.680206849,0.0059049,50,5,55,0,0,10,61.017268562,56.047259788,4.970008774,4.063756,0.418232,0.574286,28.790475877,0.9,True,activated,player,player_02299,61.017268562,2.694512905,51.195745188,0.0,0.0,4.271208799,2683.718537748,-4e-12,2231.134759928,-4914.853297677,8.582737531,0,3,28.899725135,0,0,0,0
956,346,8617.377359837,86.173773598,37.094983896,0.004304672,80,8,85,0,0,18,58.360405027,49.038688974,9.321716053,9.417585,0.214345,0.478518,26.955170451,0.9,True,activated,player,player_01044,58.360405027,3.047782076,57.907859452,0.0,0.0,4.085228352,2686.766319825,5e-12,2227.049531576,-4913.815851401,8.61737736,0,0,0.0,2,34.01307219,5,0
957,341,8510.664394412,85.106643944,40.706243968,0.004782969,70,7,75,0,0,16,78.213631898,47.774310884,30.439321014,4.7902,0.284835,0.68683,82.128642151,0.9,True,activated,staker,staker_05450,78.213631898,3.910681595,23.464089569,23.464089569,50.838860734,0.0,2690.67700142,-1e-12,2301.352481879,-4992.029483299,8.510664394,0,2,61.226872307,1,2.459103632,5,0
958,341,8593.233187082,85.932331871,45.667964382,0.00531441,60,6,65,0,0,11,57.472411522,56.746218012,0.72619351,3.745349,0.389986,0.622097,33.075772939,0.9,True,activated,staker,staker_05353,57.472411522,2.873620576,17.241723457,17.241723457,37.357067489,0.0,2693.550621996,6e-12,2355.951272825,-5049.501894821,8.593233187,0,2,17.685971468,0,0,0,0
959,344,8711.051926469,87.110519265,41.664691322,0.004782969,70,7,75,0,0,14,53.747316884,51.063204198,2.684112686,8.638973,0.181977,0.429334,19.083687033,0.9,True,activated,player,player_01122,53.747316884,2.386442864,45.342414415,0.0,0.0,3.762312182,2695.93706486,-6e-12,2352.188960643,-5048.126025503,8.711051926,0,3,53.762627434,0,0,0,0
960,344,8673.312397488,86.733123975,51.215042376,0.0059049,50,5,55,0,0,12,74.55670276,54.54241606,20.0142867,6.019114,0.327382,0.463851,21.783518141,0.9,True,activated,player,player_03304,74.55670276,3.556681007,67.576939127,0.0,0.0,5.218969193,2699.493745866,2e-12,2346.96999145,-5046.463737317,8.673312397,0,2,37.528880991,0,0,0,0
961,346,8763.520855065,87.635208551,30.556507815,0.003486784,100,10,105,0,0,23,68.693260158,39.409322082,29.283938076,9.654844,0.239719,0.523338,43.746134614,0.9,True,activated,staker,staker_05173,68.693260158,3.434663008,20.607978047,20.607978047,44.650619103,0.0,2702.928408874,5e-12,2412.2285886,-5115.156997475,8.763520855,0,3,169.252106596,2,15.187096781,5,0
962,346,8811.738660176,88.117386602,52.032435614,0.0059049,50,5,55,0,0,7,56.992299586,56.992299586,0,2.456509,0.495634,0.640641,37.375448932,0.9,True,activated,player,player_02825,56.992299586,2.944327678,55.942225873,0.0,0.0,3.989460971,2705.872736552,-1e-12,2408.239127629,-5114.111864181,8.81173866,0,3,40.801669504,0,0,0,0
963,349,8844.543776451,88.445437765,38.072860832,0.004304672,80,8,85,0,0,17,61.015119859,39.87018796,21.144931899,6.287235,0.273179,0.575046,32.891419008,0.9,True,activated,player,player_03315,61.015119859,2.430906784,46.187228904,0.0,0.0,4.27105839,2708.303643336,0.0,2403.968069239,-5112.271712575,8.844543776,0,1,20.48153931,1,23.348330864,5,0
964,351,9008.202422233,90.082024222,59.102816092,0.006561,40,4,45,0,0,14,149.396081579,122.097492444,27.298589135,4.870355,0.368186,0.632261,35.858909417,0.9,True,activated,player,player_03318,149.396081579,6.697046543,127.243884313,0.0,0.0,6.305741696,2715.000689879,4e-12,2397.662327544,-5112.663017423,9.008202422,0,1,15.048746685,0,0,0,0
965,349,8656.16000312,86.561600031,41.402144954,0.004782969,80,7,85,1,1.716956645,15,66.616727336,62.193926708,4.422800628,8.176268,0.248445,0.462675,16.292465018,0.9,True,activated,player,player_01460,66.616727336,3.295625008,62.616875148,0.0,0.0,4.663170914,2718.296314887,-4e-12,2392.99915663,-5111.295471517,8.656160003,0,5,161.131428591,0,0,0,1
966,352,8707.980847584,87.079808476,46.277780496,0.00531441,60,6,65,0,0,12,81.898209745,71.574087282,10.324122463,6.493415,0.249284,0.459413,22.302784125,0.9,True,activated,player,player_03327,81.898209745,3.426772679,65.108680895,0.0,0.0,5.732874682,2721.723087566,4e-12,2387.266281948,-5108.989369513,8.707980848,0,2,19.281505342,0,0,0,0
967,349,8433.38594913,84.333859491,32.672665083,0.003874205,90,9,95,1,0.930520205,16,54.766309808,38.052103877,16.714205931,7.502801,0.28119,0.496591,23.294123195,0.9,True,activated,player,player_02565,54.766309808,2.160010371,41.040197046,0.0,0.0,3.833641687,2723.883097936,0.0,2383.432640261,-5107.315738198,8.433385949,0,7,337.066769396,0,0,0,0
968,352,8508.548498758,85.085484988,32.963860201,0.003874205,90,9,95,3,17.385648902,12,37.963934731,36.866953786,1.096980945,6.580983,0.276725,0.47374,17.528466895,0.9,True,activated,player,player_00095,37.963934731,1.505792933,28.610065725,0.0,0.0,2.657475431,2725.388890869,0.0,2380.77516483,-5106.164055699,8.508548499,0,1,12.237157736,1,2.719771428,5,0
969,353,8534.041201424,85.340412014,40.818054511,0.004782969,70,7,75,0,0,13,52.779520994,50.631690874,2.14783012,4.24009,0.438731,0.5609,18.924106952,0.9,True,activated,staker,staker_04314,52.779520994,2.63897605,15.833856298,15.833856298,34.306688646,0.0,2728.027866919,-2e-12,2430.915709774,-5158.943576693,8.534041201,0,2,4.763693537,1,6.466657676,5,0
970,353,8553.739689414,85.537396894,45.458079743,0.00531441,60,6,65,0,0,10,56.92301232,54.035701762,2.887310558,4.266201,0.357552,0.584275,25.610787127,0.9,True,activated,staker,staker_04875,56.92301232,2.846150616,17.076903696,17.076903696,36.999958008,0.0,2730.874017535,1e-12,2484.992571478,-5215.866589013,8.553739689,0,4,32.366708081,0,0,0,0
971,354,8611.080440671,86.110804407,37.067877724,0.004304672,80,8,85,0,0,18,80.272172218,40.782757156,39.489415062,8.653882,0.199305,0.518528,36.936016106,0.9,True,activated,player,player_02703,80.272172218,3.763941248,71.514883717,0.0,0.0,5.619052055,2734.637958783,-1e-12,2479.373519423,-5214.011478206,8.611080441,0,0,0.0,0,0,0,0
972,354,8572.553144291,85.725531443,62.493912422,0.00729,30,3,35,0,0,9,88.417039051,71.975799919,16.441239132,3.600865,0.408459,0.583196,25.700044894,0.9,True,activated,staker,staker_05508,88.417039051,4.420851953,26.525111715,26.525111715,57.471075383,0.0,2739.058810736,0.0,2563.369706522,-5302.428517257,8.572553144,0,0,0.0,0,0,0,0
973,347,8465.375626587,84.653756266,32.796599648,0.003874205,90,9,95,0,0,18,63.595236992,35.943175183,27.652061809,5.576489,0.371374,0.585252,35.510352252,0.9,True,activated,player,player_00700,63.595236992,3.049877203,57.947666852,0.0,0.0,4.451666589,2742.108687939,3e-12,2558.918039932,-5301.026727871,8.465375627,0,6,186.548167016,0,0,0,0
974,349,8530.96437795,85.309643779,55.971657284,0.006561,40,4,45,0,0,9,68.499713261,65.477464273,3.022248988,5.628983,0.264631,0.434491,8.790191604,0.9,True,activated,player,player_00871,68.499713261,2.931485425,55.69822307,0.0,0.0,4.794979928,2745.040173363,-5e-12,2554.123060004,-5299.163233367,8.530964378,0,2,24.632087359,0,0,0,0
975,353,8576.989730051,85.769897301,36.921128393,0.004304672,80,8,85,0,0,15,55.381078651,53.340635343,2.040443308,4.973768,0.395241,0.572563,30.066161058,0.9,True,activated,player,player_01623,55.381078651,2.617417955,49.730941139,0.0,0.0,3.876675506,2747.657591318,3e-12,2550.246384498,-5297.903975816,8.57698973,0,1,21.158506603,0,0,0,0
976,356,8656.87994585,86.568799459,41.405588418,0.004782969,70,7,75,0,0,15,95.836843733,61.59052508,34.246318653,8.302238,0.192347,0.490956,20.687627356,0.9,True,activated,player,player_01889,95.836843733,4.916945762,93.421969474,0.0,0.0,6.059815962,2752.57453708,-0.0,2544.186568536,-5296.761105616,8.656879946,0,2,6.959715823,1,6.46418663,5,0
977,352,8660.451983632,86.604519836,41.422673364,0.004782969,70,7,75,0,0,13,50.043337154,46.235965136,3.807372018,5.344149,0.352543,0.532494,23.861497666,0.9,True,activated,player,player_00351,50.043337154,2.57480749,48.921342318,0.0,0.0,3.503033601,2755.14934457,-6e-12,2540.683534936,-5295.832879506,8.660451984,0,2,29.830998986,0,0,0,0
978,353,8738.162209859,87.381622099,46.43817663,0.00531441,60,6,65,0,0,12,67.386332153,64.34865054,3.037681613,7.046389,0.258081,0.433063,19.810459401,0.9,True,activated,player,player_03371,67.386332153,3.18794084,60.570875954,0.0,0.0,4.717043251,2758.33728541,-0.0,2535.966491685,-5294.303777095,8.73816221,0,1,5.012147215,1,11.992389488,5,0
979,354,8515.938029388,85.159380294,36.65832084,0.004304672,80,8,85,1,1.640862604,16,50.279162166,45.201077926,5.07808424,8.216851,0.231604,0.502888,23.818966229,0.9,True,activated,player,player_01813,50.279162166,2.107693673,40.046179788,0.0,0.0,3.519541352,2760.444979083,2e-12,2532.446950333,-5292.891929416,8.515938029,0,2,221.450518947,0,0,0,0
980,348,8151.950341999,81.51950342,31.582325878,0.003874205,90,9,95,0,0,20,75.163632929,55.145750096,20.017882833,9.211562,0.231355,0.527862,35.862641747,0.9,True,activated,player,player_03380,75.163632929,3.717719432,70.636669209,0.0,0.0,5.261454305,2764.162698515,1e-12,2527.185496028,-5291.348194543,8.151950342,0,3,264.608052985,2,9.787571422,5,0
981,351,8257.830531466,82.578305315,60.199584574,0.00729,30,3,35,0,0,8,67.373820968,61.228401883,6.145419085,2.895335,0.432193,0.625754,29.884361453,0.9,True,activated,player,player_02809,67.373820968,2.29665089,43.636366905,0.0,0.0,4.716167468,2766.459349405,1e-12,2522.46932856,-5288.928677965,8.257830531,0,0,0.0,2,7.603019136,5,0
982,352,8263.883761116,82.638837611,48.797407221,0.0059049,50,5,55,1,1.266128788,11,117.702529366,84.387197306,33.31533206,3.826513,0.370061,0.645415,48.555325529,0.9,True,activated,player,player_01564,117.702529366,4.701838987,89.334940759,0.0,0.0,5.784718633,2771.161188392,2e-12,2516.684609928,-5287.84579832,8.263883761,0,0,0.0,2,17.187856632,5,0
983,352,8302.97610681,83.029761068,67.254106465,0.0081,20,2,25,0,0,5,75.01829271,67.657569556,7.360723154,1.669126,0.761848,0.621125,11.674052107,0.9,True,activated,player,player_03387,75.01829271,3.8258531,72.691208891,0.0,0.0,5.25128049,2774.987041492,-3e-12,2511.433329438,-5286.420370929,8.302976107,0,0,0.0,1,2.427305145,5,0
984,346,7996.508627434,79.965086274,34.422347586,0.004304672,80,8,85,0,0,14,53.976406919,38.279751848,15.696655071,5.060293,0.278798,0.613531,40.079994289,0.9,True,activated,player,player_03391,53.976406919,2.159842804,41.037013283,0.0,0.0,3.778348484,2777.146884296,5e-12,2507.654980954,-5284.801865249,7.996508627,0,2,66.726367378,0,0,0,0
985,344,7913.798605502,79.137986055,37.851453402,0.004782969,70,7,75,0,0,16,62.954490685,43.668423245,19.28606744,9.023535,0.182684,0.480222,22.791987829,0.9,True,activated,player,player_03395,62.954490685,3.265259636,62.039933081,0.0,0.0,4.406814348,2780.412143932,5e-12,2503.248166606,-5283.660310537,7.913798606,0,3,27.897023281,0,0,0,0
986,349,7998.480638668,79.984806387,38.256484942,0.004782969,70,7,75,0,0,14,59.918029849,45.771835705,14.146194144,6.209169,0.334007,0.49199,17.257245716,0.9,True,activated,staker,staker_05631,59.918029849,2.995901492,17.975408955,17.975408955,38.946719402,0.0,2783.408045424,-5e-12,2560.170294962,-5343.578340386,7.998480639,0,5,181.242409787,0,0,0,0
987,350,8084.920748057,80.849207481,42.966583673,0.00531441,60,6,65,0,0,14,64.469371363,43.467255199,21.002116164,7.769901,0.243738,0.470624,14.568759426,0.9,True,activated,player,player_02997,64.469371363,2.998147397,56.964800538,0.0,0.0,4.512855995,2786.406192821,7e-12,2555.657438967,-5342.063631788,8.084920748,0,2,9.481435807,0,0,0,0
988,344,8023.858104719,80.238581047,47.380079723,0.0059049,50,5,55,0,0,12,66.503396702,53.616610051,12.886786651,7.764668,0.212156,0.404457,16.680200954,0.9,True,activated,player,player_01249,66.503396702,3.153600316,59.918406005,0.0,0.0,4.655237769,2789.559793137,-1e-11,2551.002201198,-5340.561994335,8.023858105,0,3,13.879284985,0,0,0,0
989,345,8088.741204965,80.88741205,38.688198432,0.004782969,70,7,75,0,0,15,46.722148615,43.920544214,2.801604401,3.943872,0.471339,0.549677,25.806513875,0.9,True,activated,player,player_00603,46.722148615,1.398537413,26.572210845,0.0,0.0,3.270550403,2790.95833055,8e-12,2547.731650795,-5338.689981344,8.088741205,0,2,138.340602339,0,0,0,0
990,341,8046.003034136,80.460030341,42.759758985,0.00531441,60,6,65,0,0,10,46.045324312,46.045324312,0,5.668434,0.326496,0.43578,13.804410046,0.9,True,activated,player,player_03358,46.045324312,1.711744721,32.523149705,0.0,0.0,3.223172702,2792.670075271,-6e-12,2544.508478093,-5337.178553364,8.046003034,0,4,54.699839537,1,141.011432008,5,0
991,337,7874.935374855,78.749353749,46.500705895,0.0059049,50,5,55,0,0,11,67.377092739,63.462351348,3.914741391,4.898847,0.348814,0.547325,20.551845197,0.9,True,activated,player,player_01410,67.377092739,2.4295713,46.161854692,0.0,0.0,4.716396492,2795.099646571,1e-12,2539.792081601,-5334.891728172,7.874935375,0,4,58.357327912,2,16.035993226,5,0
992,336,8396.645495216,83.966454952,40.160895108,0.004782969,70,7,75,0,0,15,89.694154118,56.887762752,32.806391366,9.861834,0.158332,0.390597,18.029679097,0.9,True,activated,player,player_02154,89.694154118,4.205263028,79.899997528,0.0,0.0,5.877651847,2799.304909599,-0.0,2533.914429754,-5333.219339353,8.396645495,0,4,196.021577731,0,0,0,0
993,336,8379.23252366,83.792325237,32.462863618,0.003874205,90,9,95,0,0,19,37.670419598,32.912807211,4.757612387,10.093763,0.219586,0.437288,23.015034615,0.9,True,activated,player,player_00316,37.670419598,1.601771952,30.433667097,0.0,0.0,2.636929372,2800.906681551,3e-12,2531.277500382,-5332.184181934,8.379232524,0,3,39.20895826,0,0,0,0
994,337,8373.180701915,83.731807019,36.043797356,0.004304672,80,8,85,0,0,13,63.926298557,63.926298557,0,2.735824,0.581988,0.676747,33.146965506,0.9,True,activated,player,player_00172,63.926298557,1.559840816,29.636975508,0.0,0.0,4.474840899,2802.466522367,-7e-12,2526.802659484,-5329.269181851,8.373180702,0,1,13.36829343,0,0,0,0
995,339,8516.41095543,85.164109554,45.259699546,0.00531441,60,6,65,2,10.857120555,9,47.796722486,46.935687444,0.861035042,2.164429,0.656043,0.710627,72.946483265,0.9,True,activated,player,player_01763,47.796722486,0.989289155,18.796493936,0.0,0.0,3.345770574,2803.455811522,0.0,2523.456888909,-5326.912700431,8.516410955,0,1,20.013253096,1,16.417706929,5,0
996,344,8628.537082809,86.285370828,50.95064862,0.0059049,50,5,55,0,0,12,80.659659618,65.036379364,15.623280254,5.79357,0.323032,0.49275,22.596557896,0.9,True,activated,player,player_03420,80.659659618,4.166132863,79.156524392,0.0,0.0,5.646176173,2807.621944385,1e-12,2517.810712736,-5325.432657121,8.628537083,0,1,33.856420608,0,0,0,0
997,346,8884.173991687,88.841739917,42.492728793,0.004782969,70,7,75,0,0,12,86.506754136,86.063123535,0.443630601,3.843399,0.402807,0.657342,45.929206019,0.9,True,activated,player,player_03430,86.506754136,3.421540903,65.009277158,0.0,0.0,6.05547279,2811.043485288,1.1e-11,2511.755239947,-5322.798725234,8.884173992,0,5,60.996585381,0,0,0,0
998,343,8468.19974189,84.681997419,55.559858507,0.006561,40,4,45,0,0,9,102.008750156,97.690901805,4.317848351,3.740359,0.444978,0.563615,21.797062564,0.9,True,activated,player,player_00639,102.008750156,3.127239817,59.417556523,0.0,0.0,5.927739819,2814.170725105,-9e-12,2505.827500127,-5319.998225232,8.468199742,0,1,184.953079761,0,0,0,0
999,347,8536.281024421,85.362810244,56.006539801,0.006561,40,4,45,0,0,7,64.770270051,64.770270051,0,3.184983,0.475149,0.548633,15.900641241,0.9,True,activated,player,player_03435,64.770270051,3.325496303,63.184429756,0.0,0.0,4.533918904,2817.496221408,-2e-12,2501.293581224,-5318.789802631,8.536281024,0,1,4.51447555,0,0,0,0
1000,341,7712.338151271,77.123381513,33.199086866,0.004304672,80,8,85,1,8.565665486,15,88.104589807,48.81850702,39.286082787,7.70921,0.226681,0.514322,13.73613932,0.9,True,activated,player,player_00494,88.104589807,3.676578932,69.854999706,0.0,0.0,5.398636706,2821.172800339,-2e-12,2495.894944518,-5317.067744857,7.712338151,0,7,768.50978243,0,0,0,0
