participant_id,mode,archetype,staker_principal,active,active_from_draw,bankroll,cumulative_pnl,wins,losses,entries,withdrawals,fees_paid,pro_rata_received
player_00001,player,persistent_player,0.0,True,1,48.978425141,22.174647742,1,7,8,0,3.495937098,0.0
player_00002,player,persistent_player,0.0,True,1,126.170951119,3.303954289,1,5,6,0,2.540044011,0.0
player_00003,player,persistent_player,0.0,True,1,19.807762755,-18.5553412,0,7,7,0,0.0,0.0
player_00004,player,persistent_player,0.0,True,1,29.840863516,-24.366086712,0,5,5,2,0.0,0.0
player_00005,player,persistent_player,0.0,True,1,5.483183489,-11.798833793,0,11,11,0,0.0,0.0
player_00006,player,persistent_player,0.0,True,1,21.326485493,-22.286540462,0,7,7,0,0.0,0.0
player_00007,player,persistent_player,0.0,True,1,71.257786897,14.116441819,2,13,15,0,4.666018576,0.0
player_00008,player,persistent_player,0.0,True,1,4.822326488,-14.880253917,0,14,14,0,0.0,0.0
player_00009,player,persistent_player,0.0,True,1,6.902919359,-23.770712425,0,13,13,0,0.0,0.0
player_00010,player,persistent_player,0.0,True,1,125.512787135,24.162661096,1,12,13,0,5.895819577,0.0
player_00011,player,persistent_player,0.0,True,1,39.869629247,-1.041226831,2,12,14,0,4.354174281,0.0
player_00012,player,persistent_player,0.0,True,1,15.467152594,-70.837206139,0,16,16,0,0.0,0.0
player_00013,player,persistent_player,0.0,True,1,16.091615328,-31.22055571,0,11,11,0,0.0,0.0
player_00014,player,persistent_player,0.0,True,1,24.974516567,-51.231708399,0,12,12,0,0.0,0.0
player_00015,player,persistent_player,0.0,True,1,64.298351133,-45.222607307,0,8,8,0,0.0,0.0
player_00016,player,persistent_player,0.0,True,1,38.486791935,20.359698089,1,9,10,1,4.287175476,0.0
player_00017,player,persistent_player,0.0,True,1,119.445974088,40.324194733,2,10,12,1,5.763944222,0.0
player_00018,player,persistent_player,0.0,True,1,22.273954648,-53.000938357,0,13,13,0,0.0,0.0
player_00019,player,persistent_player,0.0,True,1,7.906066917,-23.488331834,0,12,12,0,0.0,0.0
player_00020,player,persistent_player,0.0,True,1,24.701234874,5.883294036,1,8,9,0,2.84074615,0.0
player_00021,player,persistent_player,0.0,True,1,16.452393262,-21.091122583,1,13,14,0,1.698195198,0.0
player_00022,player,persistent_player,0.0,True,1,16.793224075,-27.61411203,0,9,9,0,0.0,0.0
player_00023,player,persistent_player,0.0,True,1,98.96920208,56.521336429,2,7,9,0,5.510884171,0.0
player_00024,player,persistent_player,0.0,True,1,5.18826531,-7.31173469,0,9,9,1,0.0,0.0
player_00025,player,persistent_player,0.0,True,1,64.777539416,41.480487885,2,11,13,1,7.420469747,0.0
player_00026,player,persistent_player,0.0,True,1,40.062454048,12.364040733,1,6,7,0,2.640795927,0.0
player_00027,player,persistent_player,0.0,True,1,56.369315377,-44.347812716,1,10,11,0,3.473617153,0.0
player_00028,player,persistent_player,0.0,True,1,45.997278387,31.155271638,2,8,10,0,4.396016195,0.0
player_00029,player,persistent_player,0.0,True,1,8.172293773,-16.486707295,0,12,12,0,0.0,0.0
player_00030,player,persistent_player,0.0,True,1,90.178840511,37.435727324,3,9,13,0,7.637536424,0.0
player_00031,player,persistent_player,0.0,True,1,276.876556063,-123.123443937,6,10,16,0,11.974425056,0.0
player_00032,player,persistent_player,0.0,True,1,19.329905346,-34.562946305,0,10,10,1,0.0,0.0
player_00033,player,persistent_player,0.0,True,1,14.580787402,-31.414754817,0,10,10,0,0.0,0.0
player_00034,player,persistent_player,0.0,True,1,284.570608162,239.430780825,5,6,11,0,14.319907107,0.0
player_00035,player,persistent_player,0.0,True,1,9.309929257,-6.838846357,0,6,6,0,0.0,0.0
player_00036,player,persistent_player,0.0,True,1,6.17136928,-27.858737109,0,16,16,1,0.0,0.0
player_00037,player,persistent_player,0.0,True,1,22.684277929,-34.805234671,0,8,8,1,0.0,0.0
player_00038,player,persistent_player,0.0,True,1,29.752608202,-7.494391589,1,10,11,0,2.078518516,0.0
player_00039,player,persistent_player,0.0,True,1,5.68470573,-13.350019603,0,11,11,0,0.0,0.0
player_00040,player,persistent_player,0.0,True,1,21.897663201,-7.322079648,1,12,13,0,1.786411203,0.0
player_00041,player,persistent_player,0.0,True,1,29.672649904,13.840758393,1,10,11,0,2.790531787,0.0
player_00042,player,persistent_player,0.0,True,1,18.018309764,-30.717182081,0,8,8,0,0.0,0.0
player_00043,player,persistent_player,0.0,True,1,35.424229542,22.013880291,1,9,10,1,3.522525929,0.0
player_00044,player,persistent_player,0.0,True,1,25.821170714,-55.179658754,0,10,10,0,0.0,0.0
player_00045,player,persistent_player,0.0,True,1,44.687167438,-30.26129384,0,5,5,1,0.0,0.0
player_00046,player,persistent_player,0.0,True,1,15.493357558,-38.04668752,0,12,12,1,0.0,0.0
player_00047,player,persistent_player,0.0,True,1,27.034478357,-25.98113459,0,6,6,0,0.0,0.0
player_00048,player,persistent_player,0.0,True,1,7.395903185,-18.541440243,0,13,13,0,0.0,0.0
player_00049,player,persistent_player,0.0,True,1,67.158889466,15.48070545,1,5,6,0,2.72701938,0.0
player_00050,player,persistent_player,0.0,True,1,8.12436143,-10.279360237,0,8,8,1,0.0,0.0
player_00051,player,persistent_player,0.0,True,1,28.505995309,-40.378027868,0,9,9,0,0.0,0.0
player_00052,player,persistent_player,0.0,True,1,16.258123431,-45.084015619,0,11,11,0,0.0,0.0
player_00053,player,persistent_player,0.0,True,1,62.776303431,26.552577704,1,6,7,0,2.730711646,0.0
player_00054,player,persistent_player,0.0,True,1,23.987661446,-4.058476859,1,8,9,0,2.210916904,0.0
player_00055,player,persistent_player,0.0,True,1,17.646260463,-27.424295187,0,9,9,0,0.0,0.0
player_00056,player,persistent_player,0.0,True,1,42.806910734,15.736095174,1,9,10,0,3.373369174,0.0
player_00057,player,persistent_player,0.0,True,1,73.685899582,18.429113376,2,6,9,0,4.203070157,0.0
player_00058,player,persistent_player,0.0,True,1,234.155225504,172.121682426,4,6,10,0,11.529529082,0.0
player_00059,player,persistent_player,0.0,True,1,5.872789452,-17.828858275,0,14,14,0,0.0,0.0
player_00060,player,persistent_player,0.0,True,1,13.312937922,-18.057918852,0,9,9,0,0.0,0.0
player_00061,player,persistent_player,0.0,True,1,6.671731917,-22.31145461,0,12,12,0,0.0,0.0
player_00062,player,persistent_player,0.0,True,1,14.970373402,-16.067739181,0,8,8,0,0.0,0.0
player_00063,player,persistent_player,0.0,True,1,7.912830438,-26.109469239,0,14,14,0,0.0,0.0
player_00064,player,persistent_player,0.0,True,1,132.971318801,75.350781163,3,9,12,0,8.888194329,0.0
player_00065,player,persistent_player,0.0,True,1,6.609517722,-19.435910756,0,12,12,0,0.0,0.0
player_00066,player,persistent_player,0.0,True,1,6.811416786,-22.70404282,0,15,15,0,0.0,0.0
player_00067,player,persistent_player,0.0,True,1,15.679855434,-20.18713848,0,8,8,0,0.0,0.0
player_00068,player,persistent_player,0.0,True,1,8.153282491,-15.072519449,0,11,11,0,0.0,0.0
player_00069,player,persistent_player,0.0,True,1,13.236442462,-6.601161167,0,4,4,0,0.0,0.0
player_00070,player,persistent_player,0.0,True,1,24.743244843,-25.450904484,0,5,5,0,0.0,0.0
player_00071,player,persistent_player,0.0,True,1,70.274386002,11.627746315,1,4,5,0,2.515228632,0.0
player_00072,player,persistent_player,0.0,True,1,92.548555333,14.944410328,1,4,5,1,2.324213176,0.0
player_00073,player,persistent_player,0.0,True,1,89.802899189,-92.123424986,2,10,12,0,4.803933838,0.0
player_00074,player,persistent_player,0.0,True,1,92.044563719,-3.050026138,1,8,9,0,2.810304458,0.0
player_00075,player,persistent_player,0.0,True,1,20.923693879,-19.849276539,0,5,5,0,0.0,0.0
player_00076,player,persistent_player,0.0,True,1,17.332438938,-23.937825817,0,10,10,1,0.0,0.0
player_00077,player,persistent_player,0.0,True,1,43.629677291,-15.78839607,0,3,3,1,0.0,0.0
player_00078,player,persistent_player,0.0,True,1,31.646406318,-39.5342684,0,8,8,0,0.0,0.0
player_00079,player,persistent_player,0.0,True,1,112.37917576,-22.682039735,2,9,11,0,4.754600781,0.0
player_00080,player,persistent_player,0.0,True,1,175.024196472,108.659724585,3,6,9,0,7.526080283,0.0
player_00081,player,persistent_player,0.0,True,1,15.050468659,2.550468659,1,14,15,1,2.425589661,0.0
player_00082,player,persistent_player,0.0,True,1,45.320659427,-59.636520284,0,9,9,0,0.0,0.0
player_00083,player,persistent_player,0.0,True,1,7.049869397,-17.104854511,0,11,11,1,0.0,0.0
player_00084,player,persistent_player,0.0,True,1,19.623627479,-53.415575775,0,13,13,0,0.0,0.0
player_00085,player,persistent_player,0.0,True,1,9.983292156,-14.879966573,0,8,8,1,0.0,0.0
player_00086,player,persistent_player,0.0,True,1,39.749252085,-69.872137927,0,9,9,0,0.0,0.0
player_00087,player,persistent_player,0.0,True,1,86.549949256,-43.594895234,1,6,7,1,2.075538887,0.0
player_00088,player,persistent_player,0.0,True,1,72.21102015,9.997999929,1,6,7,0,1.809749943,0.0
player_00089,player,persistent_player,0.0,True,1,109.554051468,48.485427701,1,4,5,0,3.846974703,0.0
player_00090,player,persistent_player,0.0,True,1,40.912299312,3.892419663,1,6,7,2,1.987717102,0.0
player_00091,player,persistent_player,0.0,True,1,7.689090256,-11.260868013,0,8,8,0,0.0,0.0
player_00092,player,persistent_player,0.0,True,1,3.032860043,-15.336655327,0,14,14,0,0.0,0.0
player_00093,player,persistent_player,0.0,True,1,56.202361938,19.317277546,1,7,8,0,2.569090579,0.0
player_00094,player,persistent_player,0.0,True,1,5.006434811,-12.175074144,0,12,12,0,0.0,0.0
player_00095,player,persistent_player,0.0,True,1,132.944410812,86.570122419,3,6,9,0,7.80608262,0.0
player_00096,player,persistent_player,0.0,True,1,4.515774438,-7.984225562,0,7,7,0,0.0,0.0
player_00097,player,occasional_player,0.0,True,1,3.962374274,-55.19481195,0,20,20,0,0.0,0.0
player_00098,player,occasional_player,0.0,True,1,5.93163608,-35.574000898,0,13,13,0,0.0,0.0
player_00099,player,opportunistic_player,0.0,True,1,13.595993068,-49.239203918,0,14,14,0,0.0,0.0
player_00100,player,occasional_player,0.0,True,1,6.814040131,-20.269394656,0,10,10,1,0.0,0.0
player_00101,player,opportunistic_player,0.0,True,1,12.21163556,-30.92037829,0,11,11,0,0.0,0.0
player_00102,player,occasional_player,0.0,True,1,6.395667337,-22.597935367,0,8,8,0,0.0,0.0
player_00103,player,occasional_player,0.0,True,1,32.574092935,24.17274323,2,12,14,0,6.042115809,0.0
player_00104,player,occasional_player,0.0,True,1,5.599728259,-22.18352088,0,8,8,0,0.0,0.0
player_00105,player,occasional_player,0.0,True,1,0.796790487,-4.57118346,0,14,14,1,0.0,0.0
player_00106,player,occasional_player,0.0,True,1,1.957585056,-3.042414944,0,7,7,0,0.0,0.0
player_00107,player,occasional_player,0.0,True,1,1.950403079,-9.087391476,0,11,11,0,0.0,0.0
player_00108,player,occasional_player,0.0,True,1,2.914052964,-10.208636366,0,10,10,0,0.0,0.0
player_00109,player,occasional_player,0.0,True,1,152.69397443,117.623037689,4,5,9,0,9.675559074,0.0
player_00110,player,occasional_player,0.0,True,1,3.043440687,-16.251422384,0,12,12,1,0.0,0.0
player_00111,player,occasional_player,0.0,True,1,2.946190554,-8.085503785,0,9,9,0,0.0,0.0
player_00112,player,opportunistic_player,0.0,True,1,166.458100755,142.508048325,3,6,9,0,11.10373987,0.0
player_00113,player,occasional_player,0.0,True,1,5.732511549,-16.855410383,0,8,8,0,0.0,0.0
player_00114,player,occasional_player,0.0,True,1,9.871889984,-9.826526186,0,5,5,0,0.0,0.0
player_00115,player,occasional_player,0.0,True,1,2.434930082,-14.886002063,0,13,13,0,0.0,0.0
player_00116,player,occasional_player,0.0,True,1,28.918702946,-15.395819646,1,16,17,1,3.20174556,0.0
player_00117,player,occasional_player,0.0,True,1,6.187420356,-25.080294419,0,9,9,1,0.0,0.0
player_00118,player,occasional_player,0.0,True,1,4.808375799,-11.509297204,0,9,9,0,0.0,0.0
player_00119,player,occasional_player,0.0,True,1,48.676109543,10.491721951,1,9,10,0,2.109697589,0.0
player_00120,player,opportunistic_player,0.0,True,1,52.260295054,37.260295054,3,13,16,0,8.074347238,0.0
player_00121,player,occasional_player,0.0,True,1,2.039069549,-6.874517863,0,10,10,0,0.0,0.0
player_00122,player,occasional_player,0.0,True,1,7.81481929,-19.020262602,0,8,8,1,0.0,0.0
player_00123,player,occasional_player,0.0,True,1,5.918132353,-24.664832078,0,11,11,0,0.0,0.0
player_00124,player,occasional_player,0.0,True,1,1.674934223,-13.794702,0,13,13,0,0.0,0.0
player_00125,player,occasional_player,0.0,True,1,1.062007006,-6.35495283,0,12,12,0,0.0,0.0
player_00126,player,occasional_player,0.0,True,1,5.065117569,-26.390696416,0,12,12,0,0.0,0.0
player_00127,player,occasional_player,0.0,True,1,6.598035172,-19.067751467,0,9,9,0,0.0,0.0
player_00128,player,opportunistic_player,0.0,True,1,16.465144013,-25.40741351,0,7,7,2,0.0,0.0
player_00129,player,occasional_player,0.0,True,1,8.214385385,-13.32847014,1,13,14,0,2.326888601,0.0
player_00130,player,occasional_player,0.0,True,1,116.540599415,70.778090573,3,8,11,0,8.795244808,0.0
player_00131,player,occasional_player,0.0,True,1,3.188633248,-28.604087733,0,15,15,0,0.0,0.0
player_00132,player,occasional_player,0.0,True,1,2.282421209,-16.347485852,0,13,13,0,0.0,0.0
player_00133,player,occasional_player,0.0,True,1,107.036578027,98.553059586,2,7,9,0,6.964842576,0.0
player_00134,player,occasional_player,0.0,True,1,20.140265897,14.905127753,1,13,14,0,4.523075502,0.0
player_00135,player,occasional_player,0.0,True,1,116.177136664,-58.822863336,2,8,10,0,5.173792932,0.0
player_00136,player,occasional_player,0.0,True,1,2.564501462,-2.435498538,0,5,5,1,0.0,0.0
player_00137,player,occasional_player,0.0,True,1,0.47240935,-7.125684254,0,17,17,0,0.0,0.0
player_00138,player,occasional_player,0.0,True,1,27.471180564,3.073363814,2,10,12,0,4.472900985,0.0
player_00139,player,occasional_player,0.0,True,1,1.871422881,-6.728782291,0,10,10,1,0.0,0.0
player_00140,player,occasional_player,0.0,True,1,0.9877872,-5.699194868,0,13,13,0,0.0,0.0
player_00141,player,occasional_player,0.0,True,1,2.10150258,-11.795505485,0,11,11,0,0.0,0.0
player_00142,player,occasional_player,0.0,True,1,19.71355325,-23.483784976,0,5,5,0,0.0,0.0
player_00143,player,opportunistic_player,0.0,True,1,4.709452258,-10.290547742,0,11,11,0,0.0,0.0
player_00144,player,occasional_player,0.0,True,1,4.285541661,-11.144563068,0,7,7,1,0.0,0.0
player_00145,player,occasional_player,0.0,True,1,1.479165635,-5.942430437,0,10,10,0,0.0,0.0
player_00146,player,opportunistic_player,0.0,True,1,10.627541096,-48.366377829,0,14,14,0,0.0,0.0
player_00147,player,occasional_player,0.0,True,1,2.43605648,-6.439599581,0,9,9,2,0.0,0.0
player_00148,player,occasional_player,0.0,True,1,66.030235241,-0.748176611,1,5,6,1,2.640997651,0.0
player_00149,player,occasional_player,0.0,True,1,82.422919171,2.431704223,2,7,9,2,4.777939372,0.0
player_00150,player,occasional_player,0.0,True,1,87.165236441,-7.150486416,2,10,12,0,8.574418959,0.0
player_00151,player,opportunistic_player,0.0,True,1,145.50575821,-18.780369992,1,5,6,0,3.651962395,0.0
player_00152,player,occasional_player,0.0,True,1,1.164613212,-7.74344925,0,15,15,0,0.0,0.0
player_00153,player,occasional_player,0.0,True,1,0.49372002,-4.50627998,0,15,15,0,0.0,0.0
player_00154,player,opportunistic_player,0.0,True,1,12.376721846,-28.900813981,0,9,9,0,0.0,0.0
player_00155,player,occasional_player,0.0,True,1,0.805408764,-10.765258758,0,16,16,0,0.0,0.0
player_00156,player,occasional_player,0.0,True,1,54.753858088,34.536771983,3,10,13,0,5.792762651,0.0
player_00157,player,occasional_player,0.0,True,1,62.29486605,41.604375156,1,2,3,0,2.800758047,0.0
player_00158,player,occasional_player,0.0,True,1,4.218313854,-6.732385269,0,7,7,0,0.0,0.0
player_00159,player,occasional_player,0.0,True,1,3.787422732,-7.31120118,0,6,6,0,0.0,0.0
player_00160,player,occasional_player,0.0,True,1,2.936267128,-6.409031596,0,9,9,0,0.0,0.0
player_00161,player,occasional_player,0.0,True,1,17.207882717,-20.650190027,0,6,6,0,0.0,0.0
player_00162,player,occasional_player,0.0,True,1,5.116665327,-10.620526468,0,6,6,1,0.0,0.0
player_00163,player,occasional_player,0.0,True,1,83.05831022,0.557183703,1,7,8,1,2.295828123,0.0
player_00164,player,occasional_player,0.0,True,1,1.020198249,-5.925133484,0,11,11,0,0.0,0.0
player_00165,player,occasional_player,0.0,True,1,1.932531797,-8.056111644,0,10,10,0,0.0,0.0
player_00166,player,occasional_player,0.0,True,1,4.262520128,-8.393157669,0,7,7,0,0.0,0.0
player_00167,player,occasional_player,0.0,True,1,7.914940453,-58.030957915,0,13,13,0,0.0,0.0
player_00168,player,occasional_player,0.0,True,1,3.960279592,-11.535367247,0,9,9,0,0.0,0.0
player_00169,player,occasional_player,0.0,True,1,175.726086017,110.64744568,4,5,9,0,10.033988398,0.0
player_00170,player,occasional_player,0.0,True,1,4.360707614,-10.672712733,0,9,9,0,0.0,0.0
player_00171,player,occasional_player,0.0,True,1,4.47468331,-9.367894217,0,7,7,0,0.0,0.0
player_00172,player,occasional_player,0.0,True,1,203.729899146,67.416796348,4,3,7,0,7.636263769,0.0
player_00173,player,occasional_player,0.0,True,1,3.901448901,-31.525503839,0,13,13,0,0.0,0.0
player_00174,player,occasional_player,0.0,True,1,13.51711774,-28.333794766,0,7,7,0,0.0,0.0
player_00175,player,opportunistic_player,0.0,True,1,309.645983788,189.501448054,4,1,5,0,11.059074961,0.0
player_00176,player,opportunistic_player,0.0,True,1,10.019663629,-25.728745444,0,10,10,1,0.0,0.0
player_00177,player,occasional_player,0.0,True,1,30.840205499,17.417421868,1,6,7,0,2.087663549,0.0
player_00178,player,opportunistic_player,0.0,True,1,62.238250499,3.900539652,1,9,10,0,2.210300064,0.0
player_00179,player,occasional_player,0.0,True,1,3.30703798,-11.486803102,0,9,9,1,0.0,0.0
player_00180,player,occasional_player,0.0,True,1,11.883892369,-30.953592321,0,10,10,0,0.0,0.0
player_00181,player,occasional_player,0.0,True,1,274.94539599,264.532014082,6,3,9,0,17.320991962,0.0
player_00182,player,occasional_player,0.0,True,1,2.240804978,-3.732079698,0,7,7,0,0.0,0.0
player_00183,player,occasional_player,0.0,True,1,4.407591362,-19.016552179,0,9,9,1,0.0,0.0
player_00184,player,occasional_player,0.0,True,1,3.534598716,-25.325441997,0,15,15,0,0.0,0.0
player_00185,player,occasional_player,0.0,True,1,57.080809932,-17.219509272,2,7,9,0,3.53658293,0.0
player_00186,player,occasional_player,0.0,True,1,1.964721867,-9.87672688,0,12,12,0,0.0,0.0
player_00187,player,occasional_player,0.0,True,1,3.493264655,-11.01209722,0,10,10,0,0.0,0.0
player_00188,player,occasional_player,0.0,True,1,0.704810348,-8.146883622,0,18,18,0,0.0,0.0
player_00189,player,occasional_player,0.0,True,1,13.650885358,-22.581961376,0,6,6,0,0.0,0.0
player_00190,player,occasional_player,0.0,True,1,2.852328741,-9.871557537,0,11,11,0,0.0,0.0
player_00191,player,occasional_player,0.0,True,1,7.288012988,-34.448664404,0,11,11,1,0.0,0.0
player_00192,player,occasional_player,0.0,True,1,5.445785245,-13.526776417,0,9,9,1,0.0,0.0
player_00193,player,occasional_player,0.0,True,1,8.324083125,-21.753010519,0,9,9,0,0.0,0.0
player_00194,player,opportunistic_player,0.0,True,1,14.348995844,-40.399378749,0,10,10,0,0.0,0.0
player_00195,player,occasional_player,0.0,True,1,8.035371004,-21.74188864,0,7,7,1,0.0,0.0
player_00196,player,occasional_player,0.0,True,1,3.436078354,-7.92163199,0,9,9,0,0.0,0.0
player_00197,player,opportunistic_player,0.0,True,1,15.008205964,-32.711326547,0,9,9,0,0.0,0.0
player_00198,player,opportunistic_player,0.0,True,1,2.106756423,-12.893243577,0,15,15,0,0.0,0.0
player_00199,player,occasional_player,0.0,True,1,5.792032925,-13.356491275,0,9,9,0,0.0,0.0
player_00200,player,occasional_player,0.0,True,1,1.986443802,-6.295666381,0,9,9,1,0.0,0.0
player_00201,player,occasional_player,0.0,True,1,6.221628912,-5.534411782,0,5,5,1,0.0,0.0
player_00202,player,player_whale,0.0,True,1,184.971945099,-96.017286565,0,6,6,1,0.0,0.0
player_00203,player,occasional_player,0.0,True,1,4.276531163,-7.89104208,0,9,9,0,0.0,0.0
player_00204,player,occasional_player,0.0,True,1,5.257735754,-9.322687573,0,9,9,0,0.0,0.0
player_00205,player,occasional_player,0.0,True,1,15.78086243,-20.714831451,0,6,6,0,0.0,0.0
player_00206,player,occasional_player,0.0,True,1,3.412906637,-31.7598801,0,14,14,0,0.0,0.0
player_00207,player,opportunistic_player,0.0,True,1,178.868453774,-46.614548565,2,6,8,0,4.586354482,0.0
player_00208,player,occasional_player,0.0,True,1,1.465322918,-7.127273475,0,12,12,0,0.0,0.0
player_00209,player,opportunistic_player,0.0,True,1,8.23701592,-16.388739626,0,8,8,1,0.0,0.0
player_00210,player,occasional_player,0.0,True,1,33.527830307,5.244775597,1,10,11,1,3.207355297,0.0
player_00211,player,opportunistic_player,0.0,True,1,128.981607485,62.185013444,3,8,11,0,7.598838694,0.0
player_00212,player,occasional_player,0.0,True,1,3.714368213,-11.864427248,0,10,10,0,0.0,0.0
player_00213,player,occasional_player,0.0,True,1,2.502895574,-16.30292533,0,11,11,0,0.0,0.0
player_00214,player,occasional_player,0.0,True,1,1.509529852,-7.083836975,0,12,12,0,0.0,0.0
player_00215,player,occasional_player,0.0,True,1,2.918857957,-6.150796788,0,7,7,0,0.0,0.0
player_00216,player,occasional_player,0.0,True,1,4.202898497,-13.959172139,0,10,10,1,0.0,0.0
player_00217,player,occasional_player,0.0,True,1,75.690255004,55.698714963,2,7,9,0,4.915369295,0.0
player_00218,player,occasional_player,0.0,True,1,2.694027581,-6.141171081,0,7,7,1,0.0,0.0
player_00219,player,occasional_player,0.0,True,1,4.359234518,-8.067199931,0,7,7,0,0.0,0.0
player_00220,player,occasional_player,0.0,True,1,6.760107468,-13.955922496,0,10,10,1,0.0,0.0
player_00221,player,occasional_player,0.0,True,1,9.849349208,-17.795328176,0,7,7,0,0.0,0.0
player_00222,player,occasional_player,0.0,True,1,9.097571614,-16.236545462,0,6,6,0,0.0,0.0
player_00223,player,occasional_player,0.0,True,1,26.235262918,-12.607296864,0,3,3,0,0.0,0.0
player_00224,player,opportunistic_player,0.0,True,1,6.013187846,-9.332886115,0,7,7,0,0.0,0.0
player_00225,player,opportunistic_player,0.0,True,1,14.679198698,-18.855906378,0,6,6,0,0.0,0.0
player_00226,player,occasional_player,0.0,True,1,1.399782986,-3.600217014,0,8,8,0,0.0,0.0
player_00227,player,occasional_player,0.0,True,1,1.157298133,-3.842701867,0,9,9,0,0.0,0.0
player_00228,player,occasional_player,0.0,True,1,3.072673933,-3.78901664,0,7,7,1,0.0,0.0
player_00229,player,player_whale,0.0,True,1,546.029438983,59.669555014,4,5,9,0,8.243873328,0.0
player_00230,player,occasional_player,0.0,True,1,15.824046207,-28.889733662,0,7,7,1,0.0,0.0
player_00231,player,occasional_player,0.0,True,1,10.008293612,-13.924347614,0,5,5,0,0.0,0.0
player_00232,player,occasional_player,0.0,True,1,2.421261416,-6.001363839,0,8,8,0,0.0,0.0
player_00233,player,opportunistic_player,0.0,True,1,7.033998447,-15.869258691,0,10,10,0,0.0,0.0
player_00234,player,opportunistic_player,0.0,True,1,12.008751847,-19.999338057,0,9,9,0,0.0,0.0
player_00235,player,occasional_player,0.0,True,1,9.532581895,-21.523116111,0,8,8,0,0.0,0.0
player_00236,player,occasional_player,0.0,True,1,1.565568413,-3.528244706,0,7,7,0,0.0,0.0
player_00237,player,occasional_player,0.0,True,1,95.090867858,77.537770287,3,9,12,0,7.808162278,0.0
player_00238,player,occasional_player,0.0,True,1,1.964432864,-11.618607415,0,12,12,0,0.0,0.0
player_00239,player,opportunistic_player,0.0,True,1,311.541969714,131.301107271,6,4,10,0,12.440468209,0.0
player_00240,player,opportunistic_player,0.0,True,1,51.630783934,16.478501804,1,11,12,0,2.834707373,0.0
player_00241,player,occasional_player,0.0,True,1,3.359597282,-17.905837223,0,11,11,0,0.0,0.0
player_00242,player,occasional_player,0.0,True,1,15.317796475,-26.852858924,1,12,13,0,1.849988706,0.0
player_00243,player,opportunistic_player,0.0,True,1,370.238966335,-79.761033665,1,3,4,0,1.685358833,0.0
player_00244,player,occasional_player,0.0,True,1,2.991933671,-11.549997532,0,10,10,0,0.0,0.0
player_00245,player,occasional_player,0.0,True,1,16.31455202,-8.126362021,0,3,3,0,0.0,0.0
player_00246,player,occasional_player,0.0,True,1,1.849294151,-3.150705849,0,7,7,0,0.0,0.0
player_00247,player,occasional_player,0.0,True,1,3.406486514,-12.985274354,0,8,8,0,0.0,0.0
player_00248,player,player_whale,0.0,True,1,219.355499171,-21.122386844,1,5,6,0,2.099093985,0.0
player_00249,player,occasional_player,0.0,True,1,1.819605406,-8.502320801,0,11,11,0,0.0,0.0
player_00250,player,occasional_player,0.0,True,1,12.50128643,-14.53830317,0,5,5,0,0.0,0.0
player_00251,player,occasional_player,0.0,True,1,28.643502125,-25.82628421,0,4,4,0,0.0,0.0
player_00252,player,occasional_player,0.0,True,1,147.701839669,-12.66882139,4,8,12,0,12.417138818,0.0
player_00253,player,occasional_player,0.0,True,1,91.010839226,-54.040072846,1,9,10,0,5.000025284,0.0
player_00254,player,occasional_player,0.0,True,1,6.47578785,-10.916985653,0,7,7,0,0.0,0.0
player_00255,player,opportunistic_player,0.0,True,1,95.401542048,-59.82345282,1,8,9,0,2.779892922,0.0
player_00256,player,occasional_player,0.0,True,1,20.705642857,-56.41385869,0,8,8,0,0.0,0.0
player_00257,player,occasional_player,0.0,True,1,5.759129967,-8.364594353,0,7,7,0,0.0,0.0
player_00258,player,player_whale,0.0,True,1,360.959424137,185.959424137,5,3,8,0,11.616050573,0.0
player_00259,player,player_whale,0.0,True,1,291.582010854,52.886876871,2,5,7,0,6.52077465,0.0
player_00260,player,occasional_player,0.0,True,1,30.252869698,-34.717600788,0,4,4,0,0.0,0.0
player_00261,player,occasional_player,0.0,True,1,36.835586718,8.218315215,1,8,9,0,3.132902833,0.0
player_00262,player,occasional_player,0.0,True,1,1.374405604,-3.625594396,0,8,8,0,0.0,0.0
player_00263,player,opportunistic_player,0.0,True,1,32.165754339,-58.784481708,0,8,8,0,0.0,0.0
player_00264,player,occasional_player,0.0,True,1,4.306948355,-6.104151794,0,7,7,1,0.0,0.0
player_00265,player,occasional_player,0.0,True,1,129.66291568,69.168196821,3,3,6,1,7.597044319,0.0
player_00266,player,player_whale,0.0,True,1,442.585802905,-41.66483059,1,4,5,0,2.461777614,0.0
player_00267,player,player_whale,0.0,True,1,113.73534454,-61.26465546,0,6,6,0,0.0,0.0
player_00268,player,occasional_player,0.0,True,1,13.560995402,-69.87209903,0,11,11,0,0.0,0.0
player_00269,player,opportunistic_player,0.0,True,1,14.216292264,-19.375789684,0,7,7,0,0.0,0.0
player_00270,player,occasional_player,0.0,True,1,26.612231686,-14.936795819,1,9,10,0,1.910484971,0.0
player_00271,player,occasional_player,0.0,True,1,11.684505104,-20.305898177,0,7,7,0,0.0,0.0
player_00272,player,opportunistic_player,0.0,True,1,47.004639187,-68.588445883,0,7,7,0,0.0,0.0
player_00273,player,occasional_player,0.0,True,1,1.939301954,-4.370231534,0,7,7,0,0.0,0.0
player_00274,player,occasional_player,0.0,True,1,16.320161361,-17.673974632,0,4,4,0,0.0,0.0
player_00275,player,occasional_player,0.0,True,1,47.876002287,-49.098411328,0,7,7,0,0.0,0.0
player_00276,player,occasional_player,0.0,True,1,5.604889426,-11.319766705,0,7,7,1,0.0,0.0
player_00277,player,occasional_player,0.0,True,1,14.009590792,-27.079000397,0,8,8,0,0.0,0.0
player_00278,player,occasional_player,0.0,True,1,2.131185103,-3.314848039,0,7,7,0,0.0,0.0
player_00279,player,opportunistic_player,0.0,True,1,9.501724465,-21.616088425,0,9,9,0,0.0,0.0
player_00280,player,occasional_player,0.0,True,1,5.405577718,-17.910472754,0,10,10,0,0.0,0.0
player_00281,player,occasional_player,0.0,True,1,44.644674098,38.164078248,2,6,8,0,4.592547752,0.0
player_00282,player,opportunistic_player,0.0,True,1,11.482209414,-7.986335472,0,5,5,0,0.0,0.0
player_00283,player,occasional_player,0.0,True,1,2.676001653,-12.256242296,0,12,12,0,0.0,0.0
player_00284,player,occasional_player,0.0,True,1,2.352227568,-8.544401945,0,10,10,0,0.0,0.0
player_00285,player,occasional_player,0.0,True,1,28.774592134,-14.619887907,1,7,8,1,1.715315257,0.0
player_00286,player,occasional_player,0.0,True,1,2.111278329,-14.135154994,0,15,15,0,0.0,0.0
player_00287,player,occasional_player,0.0,True,1,12.168318429,-18.543553848,0,8,8,1,0.0,0.0
player_00288,player,occasional_player,0.0,True,1,35.286303199,16.376536719,1,7,8,0,3.605955414,0.0
player_00289,player,occasional_player,0.0,True,1,7.09631767,-25.415213727,0,10,10,0,0.0,0.0
player_00290,player,occasional_player,0.0,True,1,3.354642461,-19.851218048,0,12,12,0,0.0,0.0
player_00291,player,occasional_player,0.0,True,1,6.511657466,-10.705475202,0,6,6,0,0.0,0.0
player_00292,player,occasional_player,0.0,True,1,7.732515595,-11.362987886,0,7,7,0,0.0,0.0
player_00293,player,occasional_player,0.0,True,1,14.589010999,-23.692256669,0,6,6,0,0.0,0.0
player_00294,player,occasional_player,0.0,True,1,34.387703622,-8.2592125,1,9,10,1,2.584199761,0.0
player_00295,player,occasional_player,0.0,True,1,10.039626477,-28.961272318,0,8,8,0,0.0,0.0
player_00296,player,occasional_player,0.0,True,1,26.654750628,10.491276872,1,9,10,1,1.702335237,0.0
player_00297,player,occasional_player,0.0,True,1,9.843264072,-10.416920075,0,6,6,0,0.0,0.0
player_00298,player,opportunistic_player,0.0,True,1,86.897561422,11.710017875,1,4,5,0,2.128891436,0.0
player_00299,player,occasional_player,0.0,True,1,4.284195287,-1.758422394,0,2,2,0,0.0,0.0
player_00300,player,occasional_player,0.0,True,1,2.372371234,-11.495278835,0,11,11,0,0.0,0.0
player_00301,player,occasional_player,0.0,True,1,19.029740732,8.7814451,1,8,9,0,3.021685265,0.0
player_00302,player,occasional_player,0.0,True,1,12.234257185,-18.357862275,0,6,6,0,0.0,0.0
player_00303,player,opportunistic_player,0.0,True,1,144.630867392,66.863166842,2,4,6,1,5.728541737,0.0
player_00304,player,occasional_player,0.0,True,1,27.872535424,-5.198436251,1,8,9,0,2.250078332,0.0
player_00305,player,occasional_player,0.0,True,1,3.750779078,-6.473495998,0,6,6,0,0.0,0.0
player_00306,player,occasional_player,0.0,True,1,5.627615479,-7.443052042,0,6,6,0,0.0,0.0
player_00307,player,occasional_player,0.0,True,1,46.602940442,35.389357906,1,5,6,0,3.057067225,0.0
player_00308,player,occasional_player,0.0,True,1,33.611559115,-96.168042253,0,9,9,0,0.0,0.0
player_00309,player,occasional_player,0.0,True,1,1.05213344,-3.94786656,0,11,11,0,0.0,0.0
player_00310,player,occasional_player,0.0,True,1,1.986591388,-3.013408612,0,8,8,1,0.0,0.0
player_00311,player,opportunistic_player,0.0,True,1,338.199196842,246.709869995,5,1,6,0,15.411939382,0.0
player_00312,player,opportunistic_player,0.0,True,1,13.915907401,-20.352222975,0,7,7,1,0.0,0.0
player_00313,player,occasional_player,0.0,True,1,95.027181843,89.391961835,2,8,10,0,7.552776135,0.0
player_00314,player,occasional_player,0.0,True,1,3.608462054,-14.213804938,0,10,10,0,0.0,0.0
player_00315,player,occasional_player,0.0,True,1,117.516261989,99.428638747,2,6,8,0,6.835210538,0.0
player_00316,player,opportunistic_player,0.0,True,1,77.160029158,2.531287663,1,3,4,0,1.601771952,0.0
player_00317,player,occasional_player,0.0,True,1,235.008352337,98.653911193,4,6,10,0,11.947120071,0.0
player_00318,player,occasional_player,0.0,True,1,49.721552557,38.364463799,1,6,7,0,2.34214218,0.0
player_00319,player,occasional_player,0.0,True,1,3.996928363,-33.985651458,0,14,14,1,0.0,0.0
player_00320,player,occasional_player,0.0,True,1,107.987653932,-1.392500184,1,2,3,0,1.807788806,0.0
player_00321,player,player_whale,0.0,True,1,152.289252529,-170.990480708,0,11,11,0,0.0,0.0
player_00322,player,occasional_player,0.0,True,1,5.470453392,-6.599559271,0,6,6,0,0.0,0.0
player_00323,player,occasional_player,0.0,True,1,28.91607207,-12.427888796,0,3,3,0,0.0,0.0
player_00324,player,occasional_player,0.0,True,1,4.801098509,-5.741940161,0,6,6,0,0.0,0.0
player_00325,player,occasional_player,0.0,True,1,43.051103768,27.580883391,1,8,9,1,2.984707759,0.0
player_00326,player,occasional_player,0.0,True,1,2.525271003,-6.575890084,0,9,9,0,0.0,0.0
player_00327,player,occasional_player,0.0,True,1,5.232635085,-8.492909925,0,6,6,1,0.0,0.0
player_00328,player,occasional_player,0.0,True,1,8.198342979,-38.744652836,0,9,9,1,0.0,0.0
player_00329,player,occasional_player,0.0,True,1,1.161346946,-3.838653054,0,11,11,0,0.0,0.0
player_00330,player,occasional_player,0.0,True,1,6.030272966,-13.492387865,0,8,8,0,0.0,0.0
player_00331,player,occasional_player,0.0,True,1,24.566242286,-7.263789293,2,13,15,0,5.618670338,0.0
player_00332,player,occasional_player,0.0,True,1,85.447015188,2.171171134,2,8,10,0,3.567606859,0.0
player_00333,player,occasional_player,0.0,True,1,3.057427137,-13.009594598,0,11,11,0,0.0,0.0
player_00334,player,opportunistic_player,0.0,True,1,28.553079283,-27.260747125,0,5,5,0,0.0,0.0
player_00335,player,occasional_player,0.0,True,1,4.593525723,-7.964034046,0,5,5,0,0.0,0.0
player_00336,player,occasional_player,0.0,True,1,9.864740251,1.216195974,1,11,12,1,1.890600311,0.0
player_00337,player,occasional_player,0.0,True,1,1.687782918,-7.214345833,0,11,11,1,0.0,0.0
player_00338,player,occasional_player,0.0,True,1,3.72878866,-7.448391854,0,7,7,0,0.0,0.0
player_00339,player,occasional_player,0.0,True,1,27.994285174,-89.807483646,0,9,9,0,0.0,0.0
player_00340,player,occasional_player,0.0,True,1,3.088281401,-9.372297561,0,9,9,0,0.0,0.0
player_00341,player,occasional_player,0.0,True,1,38.211892074,-96.233261325,0,7,7,0,0.0,0.0
player_00342,player,occasional_player,0.0,True,1,176.571496023,132.640633182,4,6,10,1,13.265782023,0.0
player_00343,player,occasional_player,0.0,True,1,2.425577549,-8.52343762,0,8,8,0,0.0,0.0
player_00344,player,occasional_player,0.0,True,1,2.973737143,-3.2355628,0,5,5,0,0.0,0.0
player_00345,player,occasional_player,0.0,True,1,13.638838732,-24.80494212,0,6,6,0,0.0,0.0
player_00346,player,occasional_player,0.0,True,1,47.972206039,31.374862336,1,6,7,1,2.232971956,0.0
player_00347,player,opportunistic_player,0.0,True,1,15.681951662,-8.336822208,0,3,3,0,0.0,0.0
player_00348,player,occasional_player,0.0,True,1,9.282804379,-8.149951984,0,4,4,0,0.0,0.0
player_00349,player,occasional_player,0.0,True,1,32.9311669,27.9311669,1,4,5,0,2.490091226,0.0
player_00350,player,occasional_player,0.0,True,1,34.189384606,-35.578880575,0,4,4,0,0.0,0.0
player_00351,player,opportunistic_player,0.0,True,1,63.381791776,23.964688933,1,8,9,0,2.57480749,0.0
player_00352,player,opportunistic_player,0.0,True,1,251.709432994,174.096613991,4,1,5,0,11.176616458,0.0
player_00353,player,player_whale,0.0,True,1,298.282629107,96.849961116,4,4,8,0,8.462749341,0.0
player_00354,player,occasional_player,0.0,True,1,7.735140972,-12.880559096,0,6,6,0,0.0,0.0
player_00355,player,occasional_player,0.0,True,1,3.107354105,-3.660469499,0,5,5,0,0.0,0.0
player_00356,player,opportunistic_player,0.0,True,1,9.482089072,-5.517910928,0,4,4,0,0.0,0.0
player_00357,player,occasional_player,0.0,True,1,5.031735175,-6.97353518,0,6,6,0,0.0,0.0
player_00358,player,occasional_player,0.0,True,1,28.500164299,15.088222381,1,5,6,1,1.45490902,0.0
player_00359,player,occasional_player,0.0,True,1,1.058595892,-3.941404108,0,9,9,0,0.0,0.0
player_00360,player,occasional_player,0.0,True,1,15.173869763,-9.439469181,0,3,3,1,0.0,0.0
player_00361,player,occasional_player,0.0,True,1,5.907536876,-26.144326743,0,10,10,1,0.0,0.0
player_00362,player,occasional_player,0.0,True,1,65.056788092,17.823326665,1,7,8,0,2.522634955,0.0
player_00363,player,occasional_player,0.0,True,1,98.865550218,51.87912587,3,8,11,0,7.154244483,0.0
player_00364,player,occasional_player,0.0,True,1,7.23535747,-7.307373807,0,5,5,0,0.0,0.0
player_00365,player,player_whale,0.0,True,1,359.480674794,-56.987613285,2,6,8,1,4.829244597,0.0
player_00366,player,occasional_player,0.0,True,1,4.744924318,-10.478370512,0,8,8,1,0.0,0.0
player_00367,player,opportunistic_player,0.0,True,1,12.184957067,-17.800753515,0,6,6,0,0.0,0.0
player_00368,player,opportunistic_player,0.0,True,1,49.540337612,-45.304352898,0,5,5,2,0.0,0.0
player_00369,player,occasional_player,0.0,True,1,2.655621382,-11.471643636,0,9,9,0,0.0,0.0
player_00370,player,occasional_player,0.0,True,1,2.677964566,-6.659326402,0,9,9,1,0.0,0.0
player_00371,player,occasional_player,0.0,True,1,2.410215276,-4.169128159,0,7,7,0,0.0,0.0
player_00372,player,occasional_player,0.0,True,1,127.378821693,66.739195377,3,5,8,0,9.589458923,0.0
player_00373,player,occasional_player,0.0,True,1,142.46127335,126.388416,3,4,7,0,8.514591461,0.0
player_00374,player,occasional_player,0.0,True,1,1.810503272,-3.189496728,0,7,7,0,0.0,0.0
player_00375,player,occasional_player,0.0,True,1,24.779968154,-56.023337224,0,8,8,0,0.0,0.0
player_00376,player,occasional_player,0.0,True,1,36.485759419,28.002281986,1,4,5,1,3.009050181,0.0
player_00377,player,occasional_player,0.0,True,1,2.443344516,-5.609941695,0,9,9,0,0.0,0.0
player_00378,player,occasional_player,0.0,True,1,4.239975935,-8.588371209,0,6,6,1,0.0,0.0
player_00379,player,occasional_player,0.0,True,1,9.426817931,-14.790933696,0,6,6,0,0.0,0.0
player_00380,player,opportunistic_player,0.0,True,1,41.200906519,-10.99224707,2,12,14,1,5.062682027,0.0
player_00381,player,opportunistic_player,0.0,True,1,73.921072842,-11.997329884,0,2,2,0,0.0,0.0
player_00382,player,occasional_player,0.0,True,1,36.193749684,28.416639254,1,10,11,0,2.368182528,0.0
player_00383,player,occasional_player,0.0,True,1,22.837740086,-29.839041088,0,5,5,0,0.0,0.0
player_00384,player,occasional_player,0.0,True,1,1.531267048,-3.468732952,0,9,9,0,0.0,0.0
player_00385,player,occasional_player,0.0,True,1,2.257971488,-2.742028512,0,6,6,0,0.0,0.0
player_00386,player,occasional_player,0.0,True,1,99.561779077,25.756636375,1,2,3,0,2.58788624,0.0
player_00387,player,opportunistic_player,0.0,True,1,12.338025933,-34.796133088,0,11,11,1,0.0,0.0
player_00388,player,occasional_player,0.0,True,1,5.94385961,-11.017799237,0,6,6,0,0.0,0.0
player_00389,player,occasional_player,0.0,True,1,2.221759834,-4.026433255,0,6,6,0,0.0,0.0
player_00390,player,occasional_player,0.0,True,1,6.418595185,-11.924272139,0,8,8,0,0.0,0.0
player_00391,player,occasional_player,0.0,True,1,76.103249244,35.255643207,1,5,6,0,3.363926217,0.0
player_00392,player,occasional_player,0.0,True,1,84.213414938,42.929544796,2,5,7,1,5.452818357,0.0
player_00393,player,occasional_player,0.0,True,1,6.267149865,-18.167705838,0,10,10,0,0.0,0.0
player_00394,player,occasional_player,0.0,True,1,1.762073931,-19.489187118,0,13,13,0,0.0,0.0
player_00395,player,occasional_player,0.0,True,1,4.583483022,-7.465086378,0,6,6,0,0.0,0.0
player_00396,player,occasional_player,0.0,True,1,2.893603742,-6.391537457,0,8,8,0,0.0,0.0
player_00397,player,occasional_player,0.0,True,1,205.064967783,59.991991216,4,6,10,1,10.517742361,0.0
player_00398,player,player_whale,0.0,True,1,453.046556658,-27.081102785,2,4,6,0,2.449637433,0.0
player_00399,player,occasional_player,0.0,True,1,5.047425601,-8.594677086,0,7,7,0,0.0,0.0
player_00400,player,opportunistic_player,0.0,True,1,5.475047455,-9.524952545,0,10,10,0,0.0,0.0
player_00401,player,occasional_player,0.0,True,1,2.31921675,-2.68078325,0,4,4,0,0.0,0.0
player_00402,player,occasional_player,0.0,True,1,26.177548439,-32.092634241,0,6,6,0,0.0,0.0
player_00403,player,occasional_player,0.0,True,1,47.615646387,32.313831044,1,3,4,0,2.010009237,0.0
player_00404,player,occasional_player,0.0,True,1,17.698020505,-29.040925472,0,7,7,0,0.0,0.0
player_00405,player,occasional_player,0.0,True,1,1.226754991,-3.773245009,0,8,8,0,0.0,0.0
player_00406,player,occasional_player,0.0,True,1,39.051631353,9.191394114,1,6,7,0,2.202811404,0.0
player_00407,player,occasional_player,0.0,True,1,6.608239014,-3.797003572,0,4,4,0,0.0,0.0
player_00408,player,occasional_player,0.0,True,1,4.13883716,-9.184013672,0,8,8,0,0.0,0.0
player_00409,player,occasional_player,0.0,True,1,10.911954954,-9.006171259,0,4,4,0,0.0,0.0
player_00410,player,occasional_player,0.0,True,1,6.66394995,-11.518298842,0,9,9,0,0.0,0.0
player_00411,player,occasional_player,0.0,True,1,2.890802343,-7.63809307,0,7,7,0,0.0,0.0
player_00412,player,occasional_player,0.0,True,1,3.975623334,-18.643189277,0,11,11,0,0.0,0.0
player_00413,player,opportunistic_player,0.0,True,1,3.657505001,-11.342494999,0,11,11,1,0.0,0.0
player_00414,player,occasional_player,0.0,True,1,4.737224268,-4.21071707,0,5,5,1,0.0,0.0
player_00415,player,occasional_player,0.0,True,1,5.602548011,-10.057954507,0,7,7,0,0.0,0.0
player_00416,player,occasional_player,0.0,True,1,2.139354046,-4.704181032,0,6,6,0,0.0,0.0
player_00417,player,occasional_player,0.0,True,1,36.19807868,-56.648736693,1,11,12,0,2.945130042,0.0
player_00418,player,occasional_player,0.0,True,1,143.621248551,90.466657454,3,5,8,0,7.707474816,0.0
player_00419,player,occasional_player,0.0,True,1,8.142871661,-24.774999973,0,10,10,0,0.0,0.0
player_00420,player,occasional_player,0.0,True,1,7.427120257,-16.372636806,0,7,7,1,0.0,0.0
player_00421,player,occasional_player,0.0,True,1,2.391884658,-5.015047362,0,7,7,0,0.0,0.0
player_00422,player,occasional_player,0.0,True,1,4.394399377,-11.519506891,0,9,9,0,0.0,0.0
player_00423,player,occasional_player,0.0,True,1,5.24324062,-8.907408736,0,6,6,0,0.0,0.0
player_00424,player,occasional_player,0.0,True,1,2.585078463,-2.414921537,0,5,5,0,0.0,0.0
player_00425,player,occasional_player,0.0,True,1,3.978799955,-4.772054419,0,5,5,0,0.0,0.0
player_00426,player,occasional_player,0.0,True,1,38.07291298,5.121360143,1,6,7,1,2.702819939,0.0
player_00427,player,occasional_player,0.0,True,1,10.502724876,-5.020831639,0,3,3,1,0.0,0.0
player_00428,player,occasional_player,0.0,True,1,2.52542122,-4.22931942,0,9,9,0,0.0,0.0
player_00429,player,occasional_player,0.0,True,1,11.691596996,-25.728878325,0,9,9,1,0.0,0.0
player_00430,player,occasional_player,0.0,True,1,76.139989165,32.53390569,2,7,9,0,5.193918801,0.0
player_00431,player,opportunistic_player,0.0,True,1,386.733244327,348.266484908,6,2,8,1,20.039713344,0.0
player_00432,player,occasional_player,0.0,True,1,30.631443363,-21.809284459,0,3,3,0,0.0,0.0
player_00433,player,player_whale,0.0,True,1,175.286414192,-93.26590483,0,8,8,1,0.0,0.0
player_00434,player,occasional_player,0.0,True,1,14.847487979,-42.406154209,0,7,7,0,0.0,0.0
player_00435,player,occasional_player,0.0,True,1,85.743075648,-24.34238062,1,4,5,0,2.156596609,0.0
player_00436,player,occasional_player,0.0,True,1,23.010149523,-41.986151589,0,6,6,0,0.0,0.0
player_00437,player,opportunistic_player,0.0,True,1,83.098397476,63.827861594,2,4,6,0,5.998710499,0.0
player_00438,player,occasional_player,0.0,True,1,6.003523626,-9.231277824,0,6,6,0,0.0,0.0
player_00439,player,player_whale,0.0,True,1,131.543450847,-59.128326566,0,5,5,0,0.0,0.0
player_00440,player,opportunistic_player,0.0,True,1,73.822602883,-29.572878067,0,3,3,0,0.0,0.0
player_00441,player,opportunistic_player,0.0,True,1,28.3138858,-18.99416802,0,4,4,0,0.0,0.0
player_00442,player,opportunistic_player,0.0,True,1,17.124891418,-18.66592829,0,7,7,0,0.0,0.0
player_00443,player,occasional_player,0.0,True,1,9.412942183,-21.300286227,0,8,8,0,0.0,0.0
player_00444,player,opportunistic_player,0.0,True,1,56.143754926,33.286778394,1,4,5,2,3.428739943,0.0
player_00445,player,opportunistic_player,0.0,True,1,12.590888016,-23.83993726,0,9,9,2,0.0,0.0
player_00446,player,occasional_player,0.0,True,1,18.472260474,-38.881846022,0,8,8,0,0.0,0.0
player_00447,player,occasional_player,0.0,True,1,17.799803018,-44.412538035,0,9,9,0,0.0,0.0
player_00448,player,occasional_player,0.0,True,1,3.095808269,-4.931114566,0,7,7,0,0.0,0.0
player_00449,player,occasional_player,0.0,True,1,2.92024014,-19.624891107,0,13,13,0,0.0,0.0
player_00450,player,occasional_player,0.0,True,1,50.917264579,6.280314182,1,4,5,1,2.353697029,0.0
player_00451,player,occasional_player,0.0,True,1,2.503197308,-12.24144745,0,10,10,1,0.0,0.0
player_00452,player,occasional_player,0.0,True,1,5.27109291,-16.73552554,0,9,9,0,0.0,0.0
player_00453,player,occasional_player,0.0,True,1,5.657518847,-12.873803888,0,7,7,0,0.0,0.0
player_00454,player,occasional_player,0.0,True,1,3.119279163,-3.83614698,0,5,5,1,0.0,0.0
player_00455,player,occasional_player,0.0,True,1,23.24178766,-9.702387286,1,8,9,1,2.405964152,0.0
player_00456,player,occasional_player,0.0,True,1,2.286764348,-2.713235652,0,5,5,0,0.0,0.0
player_00457,player,occasional_player,0.0,True,1,13.003339773,-35.250919966,0,9,9,0,0.0,0.0
player_00458,player,occasional_player,0.0,True,1,3.327050086,-4.6785453,0,6,6,0,0.0,0.0
player_00459,player,occasional_player,0.0,True,1,16.002491196,-9.933006019,0,3,3,1,0.0,0.0
player_00460,player,opportunistic_player,0.0,True,1,167.329945711,68.265587687,3,6,9,0,7.728090505,0.0
player_00461,player,occasional_player,0.0,True,1,14.143939487,-51.00108217,0,9,9,0,0.0,0.0
player_00462,player,occasional_player,0.0,True,1,41.823388373,-17.763364764,0,3,3,1,0.0,0.0
player_00463,player,opportunistic_player,0.0,True,1,40.848438619,-65.564248343,0,7,7,0,0.0,0.0
player_00464,player,occasional_player,0.0,True,1,3.317696082,-9.478009306,0,8,8,0,0.0,0.0
player_00465,player,occasional_player,0.0,True,1,1.294868647,-3.705131353,0,9,9,0,0.0,0.0
player_00466,player,occasional_player,0.0,True,1,7.511171304,-14.253046161,0,7,7,0,0.0,0.0
player_00467,player,occasional_player,0.0,True,1,1.866280997,-3.133719003,0,7,7,0,0.0,0.0
player_00468,player,occasional_player,0.0,True,1,15.499618018,-11.339509612,0,3,3,1,0.0,0.0
player_00469,player,occasional_player,0.0,True,1,89.217569695,64.920005,2,5,7,0,6.293977498,0.0
player_00470,player,opportunistic_player,0.0,True,1,15.430801206,-16.135005219,0,5,5,0,0.0,0.0
player_00471,player,opportunistic_player,0.0,True,1,91.925740034,37.052808645,1,3,4,0,3.12875631,0.0
player_00472,player,opportunistic_player,0.0,True,1,33.16097267,-44.523456751,0,6,6,1,0.0,0.0
player_00473,player,occasional_player,0.0,True,1,11.217561351,-15.849047907,0,6,6,0,0.0,0.0
player_00474,player,opportunistic_player,0.0,True,1,50.303721456,-8.036084529,1,9,10,0,2.749900015,0.0
player_00475,player,occasional_player,0.0,True,1,2.273067322,-6.14380387,0,9,9,0,0.0,0.0
player_00476,player,occasional_player,0.0,True,1,2.291756095,-2.708243905,0,5,5,0,0.0,0.0
player_00477,player,occasional_player,0.0,True,1,17.87600106,-29.600735911,0,6,6,0,0.0,0.0
player_00478,player,occasional_player,0.0,True,1,6.654557355,-10.505218257,0,5,5,0,0.0,0.0
player_00479,player,occasional_player,0.0,True,1,6.409499671,-6.788601062,0,5,5,0,0.0,0.0
player_00480,player,opportunistic_player,0.0,True,1,72.530582177,-11.085610879,2,9,11,0,6.378056715,0.0
player_00481,player,occasional_player,0.0,True,1,2.197812931,-6.774866737,0,9,9,0,0.0,0.0
player_00482,player,occasional_player,0.0,True,1,11.611249295,-12.999942385,0,4,4,0,0.0,0.0
player_00483,player,opportunistic_player,0.0,True,1,140.528742989,70.728165396,2,7,9,0,6.339242055,0.0
player_00484,player,occasional_player,0.0,True,1,9.153670058,-14.981161258,0,7,7,0,0.0,0.0
player_00485,player,player_whale,0.0,True,1,476.84976625,-95.411174324,0,4,4,1,0.0,0.0
player_00486,player,occasional_player,0.0,True,1,7.718314143,-13.939161083,0,7,7,0,0.0,0.0
player_00487,player,occasional_player,0.0,True,1,2.070312865,-12.449380004,0,12,12,2,0.0,0.0
player_00488,player,opportunistic_player,0.0,True,1,80.726828349,-11.677092073,0,2,2,0,0.0,0.0
player_00489,player,opportunistic_player,0.0,True,1,34.497185315,-20.230676425,1,8,9,0,2.173507641,0.0
player_00490,player,occasional_player,0.0,True,1,2.744171939,-3.039182684,0,5,5,0,0.0,0.0
player_00491,player,occasional_player,0.0,True,1,4.905050146,-10.909621171,0,8,8,0,0.0,0.0
player_00492,player,occasional_player,0.0,True,1,2.390645223,-2.758538642,0,5,5,0,0.0,0.0
player_00493,player,occasional_player,0.0,True,1,4.211269635,-3.196273054,0,5,5,0,0.0,0.0
player_00494,player,opportunistic_player,0.0,True,1,243.448681201,106.736947503,3,4,7,0,9.087586668,0.0
player_00495,player,opportunistic_player,0.0,True,1,16.080253268,-1.075259915,0,1,1,0,0.0,0.0
player_00496,player,occasional_player,0.0,True,1,40.448379508,31.970818052,1,2,3,0,1.832030588,0.0
player_00497,player,occasional_player,0.0,True,1,5.256985234,-10.124614463,0,7,7,0,0.0,0.0
player_00498,player,occasional_player,0.0,True,1,7.120980613,-6.810711963,0,4,4,0,0.0,0.0
player_00499,player,occasional_player,0.0,True,1,5.619555425,-17.639886479,0,9,9,0,0.0,0.0
player_00500,player,occasional_player,0.0,True,1,12.456460396,-38.914247671,0,10,10,0,0.0,0.0
player_00501,player,occasional_player,0.0,True,1,17.595768969,7.412209748,1,7,8,0,2.461634286,0.0
player_00502,player,occasional_player,0.0,True,1,15.275649494,-37.208539126,0,9,9,0,0.0,0.0
player_00503,player,opportunistic_player,0.0,True,1,9.680671038,-22.882700117,0,8,8,0,0.0,0.0
player_00504,player,occasional_player,0.0,True,1,175.605423141,128.029674744,2,6,8,0,8.180968386,0.0
player_00505,player,occasional_player,0.0,True,1,63.226077293,-111.773922707,1,7,8,0,1.927841057,0.0
player_00506,player,occasional_player,0.0,True,1,1.502213205,-3.938735116,0,8,8,0,0.0,0.0
player_00507,player,occasional_player,0.0,True,1,3.458594206,-3.758098155,0,5,5,0,0.0,0.0
player_00508,player,occasional_player,0.0,True,1,54.354790101,17.968131729,1,5,6,0,3.15178788,0.0
player_00509,player,occasional_player,0.0,True,1,9.482106689,-15.078284568,0,5,5,0,0.0,0.0
player_00510,player,occasional_player,0.0,True,1,6.562933508,-10.029560668,0,8,8,0,0.0,0.0
player_00511,player,occasional_player,0.0,True,1,32.585683742,-17.65949488,0,5,5,0,0.0,0.0
player_00512,player,occasional_player,0.0,True,1,20.792433351,-26.382086245,0,7,7,0,0.0,0.0
player_00513,player,occasional_player,0.0,True,1,4.434668865,-7.946809548,0,7,7,0,0.0,0.0
player_00514,player,occasional_player,0.0,True,1,8.212450487,-3.14230093,0,2,2,0,0.0,0.0
player_00515,player,occasional_player,0.0,True,1,5.184200001,-3.130591205,0,4,4,1,0.0,0.0
player_00516,player,occasional_player,0.0,True,1,31.260037399,-40.147737771,0,6,6,0,0.0,0.0
player_00517,player,occasional_player,0.0,True,1,4.651695809,-10.294331132,0,8,8,0,0.0,0.0
player_00518,player,occasional_player,0.0,True,1,6.850458372,-9.08001136,0,7,7,0,0.0,0.0
player_00519,player,opportunistic_player,0.0,True,1,30.137598021,-12.180446191,0,3,3,1,0.0,0.0
player_00520,player,opportunistic_player,0.0,True,1,18.539298712,-17.418267769,0,6,6,0,0.0,0.0
player_00521,player,occasional_player,0.0,True,1,7.431810989,-16.441077797,0,7,7,0,0.0,0.0
player_00522,player,occasional_player,0.0,True,1,3.928159024,-1.127837114,0,2,2,1,0.0,0.0
player_00523,player,occasional_player,0.0,True,1,2.778978268,-12.629830849,0,10,10,0,0.0,0.0
player_00524,player,occasional_player,0.0,True,1,17.472389649,-10.536733754,0,5,5,0,0.0,0.0
player_00525,player,occasional_player,0.0,True,1,2.310933087,-3.40669814,0,5,5,1,0.0,0.0
player_00526,player,occasional_player,0.0,True,1,3.416390029,-10.323084827,0,9,9,0,0.0,0.0
player_00527,player,occasional_player,0.0,True,1,6.985235453,-9.312520613,0,5,5,0,0.0,0.0
player_00528,player,occasional_player,0.0,True,1,12.951880281,-15.586861502,0,6,6,0,0.0,0.0
player_00529,player,occasional_player,0.0,True,1,11.415129573,-6.611221486,0,3,3,0,0.0,0.0
player_00530,player,occasional_player,0.0,True,1,69.817058316,21.928613473,1,5,6,0,4.7646421,0.0
player_00531,player,occasional_player,0.0,True,1,3.403273734,-6.720719261,0,7,7,0,0.0,0.0
player_00532,player,occasional_player,0.0,True,1,1.723522589,-3.276477411,0,7,7,1,0.0,0.0
player_00533,player,occasional_player,0.0,True,1,2.807580801,-5.227234193,0,7,7,0,0.0,0.0
player_00534,player,occasional_player,0.0,True,1,7.571711608,-17.473307133,0,7,7,1,0.0,0.0
player_00535,player,occasional_player,0.0,True,1,2.897662941,-9.972802369,0,10,10,1,0.0,0.0
player_00536,player,occasional_player,0.0,True,1,13.851004914,-10.907403995,0,4,4,0,0.0,0.0
player_00537,player,occasional_player,0.0,True,1,1.557412183,-6.724191579,0,10,10,0,0.0,0.0
player_00538,player,occasional_player,0.0,True,1,5.253909717,-16.808881065,0,9,9,0,0.0,0.0
player_00539,player,occasional_player,0.0,True,1,31.153101153,-10.693634543,0,3,3,0,0.0,0.0
player_00540,player,occasional_player,0.0,True,1,3.55830331,-15.88308571,0,11,11,2,0.0,0.0
player_00541,player,occasional_player,0.0,True,1,3.878816145,-13.405665687,0,9,9,0,0.0,0.0
player_00542,player,occasional_player,0.0,True,1,3.239479792,-25.146816962,0,14,14,0,0.0,0.0
player_00543,player,occasional_player,0.0,True,1,4.521207619,-6.22686086,0,7,7,0,0.0,0.0
player_00544,player,occasional_player,0.0,True,1,3.674686298,-5.119423619,0,6,6,0,0.0,0.0
player_00545,player,opportunistic_player,0.0,True,1,10.418803031,-15.482185444,0,7,7,0,0.0,0.0
player_00546,player,occasional_player,0.0,True,1,5.36360745,-7.816630139,0,5,5,0,0.0,0.0
player_00547,player,occasional_player,0.0,True,1,12.876330323,-0.917723683,0,1,1,0,0.0,0.0
player_00548,player,occasional_player,0.0,True,1,23.087416862,-22.504774479,1,8,9,0,2.9149165,0.0
player_00549,player,occasional_player,0.0,True,1,17.559596387,-18.26306675,0,7,7,0,0.0,0.0
player_00550,player,player_whale,0.0,True,1,189.872542018,-77.908602686,0,6,6,0,0.0,0.0
player_00551,player,occasional_player,0.0,True,1,3.150146865,-8.955324902,0,8,8,0,0.0,0.0
player_00552,player,occasional_player,0.0,True,1,3.647108131,-5.385367917,0,7,7,0,0.0,0.0
player_00553,player,opportunistic_player,0.0,True,1,170.778629059,-6.107387241,3,6,9,0,6.751792037,0.0
player_00554,player,opportunistic_player,0.0,True,1,4.211223919,-10.788776081,0,7,7,2,0.0,0.0
player_00555,player,occasional_player,0.0,True,1,8.645581612,-7.003344909,0,3,3,0,0.0,0.0
player_00556,player,occasional_player,0.0,True,1,18.308920393,-30.012044151,0,7,7,0,0.0,0.0
player_00557,player,occasional_player,0.0,True,1,6.270961621,-19.917493708,0,9,9,0,0.0,0.0
player_00558,player,occasional_player,0.0,True,1,5.733268191,-25.750983403,0,11,11,0,0.0,0.0
player_00559,player,occasional_player,0.0,True,1,140.997669424,124.446028083,4,7,11,0,14.644950658,0.0
player_00560,player,occasional_player,0.0,True,1,10.087001677,-16.586521018,0,6,6,0,0.0,0.0
player_00561,player,player_whale,0.0,True,1,278.718110405,-12.600288958,2,5,7,0,4.381210279,0.0
player_00562,player,occasional_player,0.0,True,1,8.127749043,-16.673742305,0,7,7,0,0.0,0.0
player_00563,player,occasional_player,0.0,True,1,4.886794081,-8.303968721,0,7,7,0,0.0,0.0
player_00564,player,occasional_player,0.0,True,1,6.458998843,-25.33792631,0,10,10,0,0.0,0.0
player_00565,player,occasional_player,0.0,True,1,8.993126012,-10.359863175,0,6,6,0,0.0,0.0
player_00566,player,occasional_player,0.0,True,1,9.418294027,-12.699963106,0,4,4,2,0.0,0.0
player_00567,player,opportunistic_player,0.0,True,1,8.681351379,-9.632670265,0,6,6,0,0.0,0.0
player_00568,player,opportunistic_player,0.0,True,1,28.433366746,-23.823499727,0,4,4,0,0.0,0.0
player_00569,player,occasional_player,0.0,True,1,128.855884138,44.329322053,2,3,5,1,3.858316813,0.0
player_00570,player,occasional_player,0.0,True,1,47.749096452,22.873405687,1,6,7,0,2.26356729,0.0
player_00571,player,player_whale,0.0,True,1,125.687819715,-49.312180285,0,6,6,0,0.0,0.0
player_00572,player,opportunistic_player,0.0,True,1,15.040085051,-39.080169924,0,9,9,0,0.0,0.0
player_00573,player,occasional_player,0.0,True,1,10.387712886,-26.322795311,0,7,7,0,0.0,0.0
player_00574,player,occasional_player,0.0,True,1,112.348265119,28.69666249,1,3,4,0,3.196384772,0.0
player_00575,player,occasional_player,0.0,True,1,14.560853156,-7.67656927,0,3,3,0,0.0,0.0
player_00576,player,occasional_player,0.0,True,1,1.914186992,-3.085813008,0,7,7,1,0.0,0.0
player_00577,player,occasional_player,0.0,True,1,99.079949424,59.169909965,1,1,2,1,3.281486788,0.0
player_00578,player,occasional_player,0.0,True,1,61.251893704,32.326108383,1,3,4,0,2.580014547,0.0
player_00579,player,occasional_player,0.0,True,1,5.509797962,-22.251067934,0,11,11,0,0.0,0.0
player_00580,player,occasional_player,0.0,True,1,4.50039302,-13.958384402,0,11,11,0,0.0,0.0
player_00581,player,opportunistic_player,0.0,True,1,203.366039581,-17.790696185,3,4,7,0,6.717435112,0.0
player_00582,player,occasional_player,0.0,True,1,32.986313407,14.881401429,1,5,6,0,2.01114021,0.0
player_00583,player,opportunistic_player,0.0,True,1,80.397612328,54.218131869,1,3,4,0,3.387628423,0.0
player_00584,player,opportunistic_player,0.0,True,1,5.552560331,-9.447439669,0,8,8,0,0.0,0.0
player_00585,player,occasional_player,0.0,True,1,2.89008007,-2.98178289,0,5,5,0,0.0,0.0
player_00586,player,occasional_player,0.0,True,1,4.594703731,-11.658517382,0,8,8,0,0.0,0.0
player_00587,player,occasional_player,0.0,True,1,18.141172924,-26.595629253,0,5,5,0,0.0,0.0
player_00588,player,occasional_player,0.0,True,1,9.336970459,-8.103884154,0,5,5,1,0.0,0.0
player_00589,player,occasional_player,0.0,True,1,0.779283068,-4.220716932,0,10,10,2,0.0,0.0
player_00590,player,occasional_player,0.0,True,1,34.786816716,-17.012999207,0,3,3,1,0.0,0.0
player_00591,player,opportunistic_player,0.0,True,1,11.227557929,-9.671834786,0,5,5,0,0.0,0.0
player_00592,player,occasional_player,0.0,True,1,287.938469749,230.551955526,6,3,9,0,14.45387224,0.0
player_00593,player,occasional_player,0.0,True,1,26.6806928,7.943894568,1,6,7,0,2.129659477,0.0
player_00594,player,occasional_player,0.0,True,1,15.647734047,-25.565002072,0,5,5,0,0.0,0.0
player_00595,player,occasional_player,0.0,True,1,6.368661256,-13.168037607,0,9,9,0,0.0,0.0
player_00596,player,opportunistic_player,0.0,True,1,29.468387033,-13.539503543,0,3,3,0,0.0,0.0
player_00597,player,occasional_player,0.0,True,1,3.358839099,-5.919274703,0,5,5,1,0.0,0.0
player_00598,player,occasional_player,0.0,True,1,8.38579706,-17.729864451,0,9,9,0,0.0,0.0
player_00599,player,occasional_player,0.0,True,1,2.908560653,-22.835924383,0,13,13,0,0.0,0.0
player_00600,player,occasional_player,0.0,True,1,8.494158028,-12.909288683,0,6,6,0,0.0,0.0
player_00601,player,player_whale,0.0,True,1,673.537763568,-113.048856669,1,4,5,0,3.294798234,0.0
player_00602,player,occasional_player,0.0,True,1,135.780684013,62.705324494,3,5,8,0,9.731871797,0.0
player_00603,player,occasional_player,0.0,True,1,171.201077556,88.272361977,2,3,5,0,7.981288978,0.0
player_00604,player,occasional_player,0.0,True,1,18.528014667,-13.370551036,0,3,3,1,0.0,0.0
player_00605,player,occasional_player,0.0,True,1,89.259741576,69.557302438,2,3,5,0,5.78849687,0.0
player_00606,player,occasional_player,0.0,True,1,12.85619877,-6.898382678,0,3,3,0,0.0,0.0
player_00607,player,occasional_player,0.0,True,1,61.099779029,33.893406657,1,4,5,0,3.827807672,0.0
player_00608,player,occasional_player,0.0,True,1,10.553705466,-21.08995493,0,6,6,0,0.0,0.0
player_00609,player,occasional_player,0.0,True,1,7.293536838,-26.285747654,0,12,12,0,0.0,0.0
player_00610,player,occasional_player,0.0,True,1,14.241660764,-16.824713769,0,4,4,0,0.0,0.0
player_00611,player,opportunistic_player,0.0,True,1,16.223710671,-27.352458737,0,7,7,0,0.0,0.0
player_00612,player,occasional_player,0.0,True,1,1.917420851,-7.338431103,0,9,9,0,0.0,0.0
player_00613,player,occasional_player,0.0,True,1,2.833675304,-8.990686591,0,9,9,0,0.0,0.0
player_00614,player,occasional_player,0.0,True,1,3.053464923,-3.989985609,0,5,5,0,0.0,0.0
player_00615,player,occasional_player,0.0,True,1,3.738286281,-6.065296562,0,7,7,0,0.0,0.0
player_00616,player,occasional_player,0.0,True,1,2.697188169,-4.353337034,0,6,6,0,0.0,0.0
player_00617,player,occasional_player,0.0,True,1,163.351595884,99.046426608,3,4,7,0,10.659192339,0.0
player_00618,player,occasional_player,0.0,True,1,77.501018032,47.736246113,1,4,5,0,4.108297242,0.0
player_00619,player,opportunistic_player,0.0,True,1,172.857388057,-83.333083891,0,4,4,0,0.0,0.0
player_00620,player,occasional_player,0.0,True,1,5.110474157,-11.594154944,0,6,6,0,0.0,0.0
player_00621,player,occasional_player,0.0,True,1,9.658513465,-5.213927489,0,4,4,2,0.0,0.0
player_00622,player,occasional_player,0.0,True,1,34.215532878,-38.415167575,0,5,5,0,0.0,0.0
player_00623,player,occasional_player,0.0,True,1,2.226248552,-6.493024903,0,8,8,0,0.0,0.0
player_00624,player,occasional_player,0.0,True,1,2.585546094,-5.279775405,0,7,7,0,0.0,0.0
player_00625,player,occasional_player,0.0,True,1,54.850733449,44.135148622,1,3,4,1,2.52006282,0.0
player_00626,player,occasional_player,0.0,True,1,2.574060995,-2.844710216,0,6,6,0,0.0,0.0
player_00627,player,player_whale,0.0,True,1,393.020034201,73.280486455,2,1,3,0,4.80795977,0.0
player_00628,player,occasional_player,0.0,True,1,3.816961147,-7.494594768,0,6,6,0,0.0,0.0
player_00629,player,occasional_player,0.0,True,1,4.61296704,-4.629513785,0,5,5,0,0.0,0.0
player_00630,player,occasional_player,0.0,True,1,18.924322181,-32.485289406,0,6,6,1,0.0,0.0
player_00631,player,player_whale,0.0,True,1,184.614098023,9.614098023,2,8,10,1,4.44737854,0.0
player_00632,player,occasional_player,0.0,True,1,15.537517341,-21.015812649,0,5,5,1,0.0,0.0
player_00633,player,occasional_player,0.0,True,1,4.945427831,-8.244355794,0,8,8,1,0.0,0.0
player_00634,player,occasional_player,0.0,True,1,23.782131745,-15.298154191,0,3,3,0,0.0,0.0
player_00635,player,occasional_player,0.0,True,1,5.920675414,-3.3483818,0,3,3,0,0.0,0.0
player_00636,player,occasional_player,0.0,True,1,6.00019264,-3.878572827,0,3,3,0,0.0,0.0
player_00637,player,occasional_player,0.0,True,1,8.756100744,-20.20486967,0,8,8,0,0.0,0.0
player_00638,player,opportunistic_player,0.0,True,1,65.114630452,36.555097056,1,2,3,1,3.028501188,0.0
player_00639,player,player_whale,0.0,True,1,752.387966242,99.707309704,4,4,8,0,10.627306445,0.0
player_00640,player,opportunistic_player,0.0,True,1,8.620361309,-6.379638691,0,5,5,0,0.0,0.0
player_00641,player,opportunistic_player,0.0,True,1,25.9450682,-19.190607077,0,4,4,1,0.0,0.0
player_00642,player,occasional_player,0.0,True,1,7.372399614,-5.749137835,0,4,4,0,0.0,0.0
player_00643,player,occasional_player,0.0,True,1,20.165526749,-7.55135909,0,3,3,0,0.0,0.0
player_00644,player,occasional_player,0.0,True,1,3.521718027,-5.014174426,0,6,6,0,0.0,0.0
player_00645,player,occasional_player,0.0,True,1,4.892770568,-10.679249636,0,9,9,0,0.0,0.0
player_00646,player,occasional_player,0.0,True,1,5.145793427,-8.244753297,0,6,6,0,0.0,0.0
player_00647,player,occasional_player,0.0,True,1,6.142112712,-7.027049933,0,5,5,0,0.0,0.0
player_00648,player,occasional_player,0.0,True,1,83.953489343,37.421474577,1,2,3,1,4.388091724,0.0
player_00649,player,occasional_player,0.0,True,1,26.92675234,-27.812097652,0,7,7,0,0.0,0.0
player_00650,player,occasional_player,0.0,True,1,2.973457089,-3.250074749,0,5,5,0,0.0,0.0
player_00651,player,occasional_player,0.0,True,1,13.657642145,-25.5838558,0,5,5,0,0.0,0.0
player_00652,player,occasional_player,0.0,True,1,4.297521338,-19.716717453,0,10,10,1,0.0,0.0
player_00653,player,opportunistic_player,0.0,True,1,402.326617894,-47.673382106,2,4,6,0,4.362836805,0.0
player_00654,player,occasional_player,0.0,True,1,11.965600374,-25.776576178,0,8,8,0,0.0,0.0
player_00655,player,occasional_player,0.0,True,1,6.344987075,-6.627550294,0,6,6,0,0.0,0.0
player_00656,player,occasional_player,0.0,True,1,42.311877327,-36.552378815,0,5,5,0,0.0,0.0
player_00657,player,occasional_player,0.0,True,1,25.691791284,-18.778780382,0,4,4,0,0.0,0.0
player_00658,player,occasional_player,0.0,True,1,135.858203715,118.950747048,3,5,8,0,10.175294066,0.0
player_00659,player,occasional_player,0.0,True,1,6.115516242,-3.607697219,0,4,4,0,0.0,0.0
player_00660,player,occasional_player,0.0,True,1,192.262025439,110.777539107,3,4,7,0,9.474387797,0.0
player_00661,player,occasional_player,0.0,True,1,17.307651011,-18.982510914,0,4,4,0,0.0,0.0
player_00662,player,occasional_player,0.0,True,1,16.239799587,-17.383240232,0,4,4,0,0.0,0.0
player_00663,player,occasional_player,0.0,True,1,7.936971296,-11.26309454,0,6,6,0,0.0,0.0
player_00664,player,player_whale,0.0,True,1,328.89363136,56.640464626,2,2,4,0,4.375243012,0.0
player_00665,player,occasional_player,0.0,True,1,135.027811045,130.027811045,3,3,6,0,9.260941688,0.0
player_00666,player,occasional_player,0.0,True,1,5.091642064,-5.73121692,0,6,6,0,0.0,0.0
player_00667,player,occasional_player,0.0,True,1,7.611955257,-4.245143623,0,3,3,0,0.0,0.0
player_00668,player,occasional_player,0.0,True,1,6.630552593,-4.654367344,0,3,3,0,0.0,0.0
player_00669,player,occasional_player,0.0,True,1,2.051980896,-5.464905643,0,9,9,0,0.0,0.0
player_00670,player,opportunistic_player,0.0,True,1,18.802675882,-9.625548961,0,4,4,1,0.0,0.0
player_00671,player,occasional_player,0.0,True,1,5.52091728,-3.200708907,0,4,4,1,0.0,0.0
player_00672,player,occasional_player,0.0,True,1,8.323731163,-19.128526879,0,7,7,0,0.0,0.0
player_00673,player,occasional_player,0.0,True,1,18.007372967,-15.850364442,0,4,4,0,0.0,0.0
player_00674,player,occasional_player,0.0,True,1,5.393849518,-4.492997059,0,5,5,0,0.0,0.0
player_00675,player,occasional_player,0.0,True,1,9.274207347,-10.23933278,0,5,5,0,0.0,0.0
player_00676,player,opportunistic_player,0.0,True,1,118.627416079,-75.841936486,1,7,8,1,3.133703346,0.0
player_00677,player,occasional_player,0.0,True,1,2.35244463,-7.891230396,0,10,10,0,0.0,0.0
player_00678,player,occasional_player,0.0,True,1,5.232998523,-4.97503089,0,4,4,0,0.0,0.0
player_00679,player,occasional_player,0.0,True,1,2.420877293,-4.278801421,0,7,7,0,0.0,0.0
player_00680,player,occasional_player,0.0,True,1,56.277605397,38.100056274,1,4,5,0,3.004477285,0.0
player_00681,player,occasional_player,0.0,True,1,8.433843504,-18.830711421,0,6,6,1,0.0,0.0
player_00682,player,opportunistic_player,0.0,True,1,19.346186738,-18.75498842,0,5,5,0,0.0,0.0
player_00683,player,opportunistic_player,0.0,True,1,134.98183428,94.68351916,2,5,7,0,8.149693446,0.0
player_00684,player,opportunistic_player,0.0,True,1,95.612074793,67.410340281,1,2,3,1,4.290774204,0.0
player_00685,player,occasional_player,0.0,True,1,100.458135476,60.385236812,1,2,3,1,3.551374624,0.0
player_00686,player,player_whale,0.0,True,1,230.711319408,55.711319408,2,2,4,0,4.922589132,0.0
player_00687,player,occasional_player,0.0,True,1,87.358379036,-47.345814289,2,8,10,0,5.655237298,0.0
player_00688,player,occasional_player,0.0,True,1,30.451094725,-22.908731111,0,4,4,0,0.0,0.0
player_00689,player,occasional_player,0.0,True,1,8.165822671,-6.725911541,0,5,5,0,0.0,0.0
player_00690,player,occasional_player,0.0,True,1,2.027071932,-3.94833496,0,7,7,0,0.0,0.0
player_00691,player,occasional_player,0.0,True,1,40.668727338,-7.367156627,1,5,6,0,1.62764372,0.0
player_00692,player,occasional_player,0.0,True,1,15.603401218,-26.100913879,0,6,6,0,0.0,0.0
player_00693,player,occasional_player,0.0,True,1,2.557232824,-2.906712136,0,4,4,0,0.0,0.0
player_00694,player,player_whale,0.0,True,1,514.590135544,73.617487042,2,1,3,0,5.547819366,0.0
player_00695,player,occasional_player,0.0,True,1,13.359670694,-12.896742652,0,5,5,0,0.0,0.0
player_00696,player,occasional_player,0.0,True,1,6.09915753,-7.889439268,0,5,5,0,0.0,0.0
player_00697,player,opportunistic_player,0.0,True,1,171.234898575,13.92324312,2,5,7,0,5.341289022,0.0
player_00698,player,occasional_player,0.0,True,1,6.215876109,-7.454476413,0,4,4,0,0.0,0.0
player_00699,player,opportunistic_player,0.0,True,1,15.755203108,-26.474245742,0,6,6,0,0.0,0.0
player_00700,player,player_whale,0.0,True,1,331.770677216,80.907114096,2,3,5,0,6.161127117,0.0
player_00701,player,occasional_player,0.0,True,1,6.330607821,-12.236931402,0,7,7,0,0.0,0.0
player_00702,player,occasional_player,0.0,True,1,1.522683046,-3.477316954,0,7,7,0,0.0,0.0
player_00703,player,opportunistic_player,0.0,True,1,94.466532573,-18.048634821,1,7,8,0,2.177923556,0.0
player_00704,player,occasional_player,0.0,True,1,4.233371118,-14.203753639,0,10,10,0,0.0,0.0
player_00705,player,occasional_player,0.0,True,1,3.17073433,-10.393296053,0,10,10,1,0.0,0.0
player_00706,player,opportunistic_player,0.0,True,1,13.007044742,-6.337865507,0,3,3,0,0.0,0.0
player_00707,player,occasional_player,0.0,True,1,15.551787429,-14.39331712,0,5,5,0,0.0,0.0
player_00708,player,occasional_player,0.0,True,1,5.943036073,-17.292083719,0,9,9,0,0.0,0.0
player_00709,player,player_whale,0.0,True,1,418.556544351,9.069908481,1,4,5,0,3.568618535,0.0
player_00710,player,occasional_player,0.0,True,1,6.596551651,-12.599113523,0,7,7,0,0.0,0.0
player_00711,player,opportunistic_player,0.0,True,1,50.329194741,-48.541535725,0,8,8,0,0.0,0.0
player_00712,player,occasional_player,0.0,True,1,2.716503033,-2.283496967,0,4,4,0,0.0,0.0
player_00713,player,occasional_player,0.0,True,1,23.766940084,-73.040632536,0,9,9,0,0.0,0.0
player_00714,player,occasional_player,0.0,True,1,4.903128236,-9.960273432,0,8,8,0,0.0,0.0
player_00715,player,occasional_player,0.0,True,1,60.278526591,17.646561174,1,6,7,0,4.036655219,0.0
player_00716,player,occasional_player,0.0,True,1,20.996496752,-18.41746786,0,5,5,1,0.0,0.0
player_00717,player,occasional_player,0.0,True,1,70.17466253,36.194810442,1,2,3,0,2.229011447,0.0
player_00718,player,occasional_player,0.0,True,1,97.207160986,81.743125273,2,4,6,0,5.262194215,0.0
player_00719,player,occasional_player,0.0,True,1,3.322660815,-1.677339185,0,2,2,0,0.0,0.0
player_00720,player,opportunistic_player,0.0,True,1,46.729310578,-93.598641432,0,8,8,0,0.0,0.0
player_00721,player,occasional_player,0.0,True,1,40.424432734,8.148869072,1,6,7,0,4.332343359,0.0
player_00722,player,player_whale,0.0,True,1,357.387904821,-113.468900663,0,4,4,0,0.0,0.0
player_00723,player,occasional_player,0.0,True,1,5.305173025,-8.944052048,0,5,5,0,0.0,0.0
player_00724,player,occasional_player,0.0,True,1,113.656263539,49.689742172,1,2,3,0,3.934973164,0.0
player_00725,player,occasional_player,0.0,True,1,6.084857265,-10.864464432,0,7,7,0,0.0,0.0
player_00726,player,occasional_player,0.0,True,1,16.966843096,-20.060771322,0,4,4,0,0.0,0.0
player_00727,player,occasional_player,0.0,True,1,8.860756922,-7.266768295,0,4,4,0,0.0,0.0
player_00728,player,occasional_player,0.0,True,1,221.186953216,127.685962058,3,5,8,0,11.790854838,0.0
player_00729,player,player_whale,0.0,True,1,100.106007621,-74.893992379,0,8,8,0,0.0,0.0
player_00730,player,occasional_player,0.0,True,1,36.308656583,21.78639936,1,7,8,0,3.64130044,0.0
player_00731,player,occasional_player,0.0,True,1,148.111485776,-26.888514224,1,3,4,1,1.858074965,0.0
player_00732,player,occasional_player,0.0,True,1,45.597011976,17.562862333,1,7,8,0,5.699421327,0.0
player_00733,player,occasional_player,0.0,True,1,7.494394898,-11.89667593,0,6,6,0,0.0,0.0
player_00734,player,occasional_player,0.0,True,1,88.918464923,40.044195813,2,3,5,0,4.113222596,0.0
player_00735,player,occasional_player,0.0,True,1,21.537569999,-8.778654806,0,2,2,0,0.0,0.0
player_00736,player,opportunistic_player,0.0,True,1,78.437449176,41.669653388,1,4,5,0,2.881715618,0.0
player_00737,player,occasional_player,0.0,True,1,15.684736262,-14.285478093,0,4,4,0,0.0,0.0
player_00738,player,occasional_player,0.0,True,1,13.00065506,-15.459297624,0,4,4,0,0.0,0.0
player_00739,player,occasional_player,0.0,True,1,5.266073983,-4.428136837,0,5,5,0,0.0,0.0
player_00740,player,player_whale,0.0,True,1,237.516289222,-74.161535282,0,3,3,0,0.0,0.0
player_00741,player,occasional_player,0.0,True,1,4.499362771,-3.884995317,0,4,4,0,0.0,0.0
player_00742,player,occasional_player,0.0,True,1,11.773872703,-5.523458694,0,4,4,0,0.0,0.0
player_00743,player,occasional_player,0.0,True,1,9.395823145,-18.22365894,0,7,7,0,0.0,0.0
player_00744,player,opportunistic_player,0.0,True,1,13.472264037,-17.595052354,0,6,6,0,0.0,0.0
player_00745,player,occasional_player,0.0,True,1,2.681960954,-2.318039046,0,4,4,0,0.0,0.0
player_00746,player,occasional_player,0.0,True,1,14.295901264,-3.168514053,0,2,2,0,0.0,0.0
player_00747,player,occasional_player,0.0,True,1,8.957930203,-9.923282797,0,6,6,0,0.0,0.0
player_00748,player,occasional_player,0.0,True,1,11.134248156,-25.150592646,0,8,8,0,0.0,0.0
player_00749,player,occasional_player,0.0,True,1,27.971174792,-24.523428639,0,3,3,0,0.0,0.0
player_00750,player,opportunistic_player,0.0,True,1,17.862866834,-29.41496127,0,8,8,0,0.0,0.0
player_00751,player,opportunistic_player,0.0,True,1,10.960574929,-4.039425071,0,3,3,0,0.0,0.0
player_00752,player,occasional_player,0.0,True,1,15.750744495,-11.207551972,0,5,5,0,0.0,0.0
player_00753,player,occasional_player,0.0,True,1,27.950687189,-12.527849522,0,3,3,0,0.0,0.0
player_00754,player,player_whale,0.0,True,1,532.851009908,79.063748073,2,2,4,0,6.492305428,0.0
player_00755,player,occasional_player,0.0,True,1,17.677634908,-12.871552759,0,4,4,0,0.0,0.0
player_00756,player,occasional_player,0.0,True,1,31.297626972,8.006125322,1,5,6,0,1.734621373,0.0
player_00757,player,occasional_player,0.0,True,1,8.348572174,-9.740627828,0,6,6,0,0.0,0.0
player_00758,player,opportunistic_player,0.0,True,1,16.304768569,-5.346440532,0,3,3,0,0.0,0.0
player_00759,player,occasional_player,0.0,True,1,37.556063311,18.020000277,1,6,7,0,2.569543381,0.0
player_00760,player,occasional_player,0.0,True,1,146.040070476,-28.959929524,1,5,6,1,3.071694795,0.0
player_00761,player,occasional_player,0.0,True,1,4.712009891,-3.899432868,0,3,3,0,0.0,0.0
player_00762,player,opportunistic_player,0.0,True,1,299.742676457,66.335922113,1,0,1,0,3.491364322,0.0
player_00763,player,occasional_player,0.0,True,1,111.678767112,103.477811204,2,4,6,0,6.73244875,0.0
player_00764,player,occasional_player,0.0,True,1,11.607400413,-6.023045514,0,3,3,0,0.0,0.0
player_00765,player,opportunistic_player,0.0,True,1,117.149382172,32.711250858,1,2,3,0,3.021261888,0.0
player_00766,player,occasional_player,0.0,True,1,13.538662219,-3.228605075,0,1,1,1,0.0,0.0
player_00767,player,occasional_player,0.0,True,1,3.930415995,-8.476587387,0,7,7,0,0.0,0.0
player_00768,player,occasional_player,0.0,True,1,4.937494265,-12.344718876,0,8,8,0,0.0,0.0
player_00769,player,occasional_player,0.0,True,1,115.442173474,27.889015146,1,2,3,0,2.473711826,0.0
player_00770,player,occasional_player,0.0,True,1,30.810536539,-14.122022297,0,3,3,0,0.0,0.0
player_00771,player,occasional_player,0.0,True,1,8.370405424,-8.90851687,0,4,4,0,0.0,0.0
player_00772,player,occasional_player,0.0,True,1,26.25392376,-24.613054343,0,6,6,0,0.0,0.0
player_00773,player,occasional_player,0.0,True,1,77.008083633,69.550610591,2,5,7,0,6.355033636,0.0
player_00774,player,opportunistic_player,0.0,True,1,22.984224503,-28.177826427,0,7,7,0,0.0,0.0
player_00775,player,occasional_player,0.0,True,1,4.830849842,-5.429406383,0,5,5,0,0.0,0.0
player_00776,player,occasional_player,0.0,True,1,23.762124246,-12.241024126,0,3,3,0,0.0,0.0
player_00777,player,occasional_player,0.0,True,1,4.305982614,-13.543117389,0,9,9,0,0.0,0.0
player_00778,player,occasional_player,0.0,True,1,5.004343572,-11.189240336,0,8,8,0,0.0,0.0
player_00779,player,occasional_player,0.0,True,1,43.960829313,-85.20162242,0,8,8,0,0.0,0.0
player_00780,player,occasional_player,0.0,True,1,36.886034293,-50.394024515,0,5,5,0,0.0,0.0
player_00781,player,occasional_player,0.0,True,1,35.089661839,0.222225621,1,6,7,0,2.771587604,0.0
player_00782,player,occasional_player,0.0,True,1,9.475077971,-8.172002991,0,4,4,0,0.0,0.0
player_00783,player,opportunistic_player,0.0,True,1,83.735271087,-58.453035493,0,6,6,0,0.0,0.0
player_00784,player,opportunistic_player,0.0,True,1,18.728839738,-9.078521136,0,3,3,0,0.0,0.0
player_00785,player,occasional_player,0.0,True,1,3.721065246,-7.079015312,0,7,7,1,0.0,0.0
player_00786,player,occasional_player,0.0,True,1,76.170386901,43.287328909,2,5,7,0,3.71645372,0.0
player_00787,player,occasional_player,0.0,True,1,6.192365581,-8.775778005,0,8,8,0,0.0,0.0
player_00788,player,occasional_player,0.0,True,1,33.173435161,-36.024357751,0,7,7,0,0.0,0.0
player_00789,player,occasional_player,0.0,True,1,3.526038894,-7.4191369,0,7,7,0,0.0,0.0
player_00790,player,occasional_player,0.0,True,1,15.446354869,-17.039633424,0,5,5,0,0.0,0.0
player_00791,player,occasional_player,0.0,True,1,36.016936398,-28.929147903,0,4,4,0,0.0,0.0
player_00792,player,occasional_player,0.0,True,1,5.345154085,-4.916960687,0,4,4,0,0.0,0.0
player_00793,player,occasional_player,0.0,True,1,6.319243786,-7.572725513,0,4,4,0,0.0,0.0
player_00794,player,occasional_player,0.0,True,1,8.300505295,-9.008682058,0,5,5,1,0.0,0.0
player_00795,player,opportunistic_player,0.0,True,1,17.22678977,-7.624046395,0,4,4,0,0.0,0.0
player_00796,player,occasional_player,0.0,True,1,2.974478003,-7.528084562,0,7,7,0,0.0,0.0
player_00797,player,occasional_player,0.0,True,1,20.325711308,-20.476864834,0,5,5,1,0.0,0.0
player_00798,player,occasional_player,0.0,True,1,6.858935078,-10.146344668,0,6,6,0,0.0,0.0
player_00799,player,occasional_player,0.0,True,1,9.932042815,-8.003363702,0,3,3,0,0.0,0.0
player_00800,player,occasional_player,0.0,True,1,3.630107605,-9.488860854,0,8,8,0,0.0,0.0
player_00801,player,occasional_player,0.0,True,1,17.905322278,-14.109795549,0,4,4,0,0.0,0.0
player_00802,player,occasional_player,0.0,True,1,9.165073803,-7.62849393,0,3,3,0,0.0,0.0
player_00803,player,occasional_player,0.0,True,1,126.649765546,86.804855478,2,4,6,0,6.296890832,0.0
player_00804,player,occasional_player,0.0,True,1,8.422091899,-5.46021719,0,3,3,0,0.0,0.0
player_00805,player,opportunistic_player,0.0,True,1,65.925500775,-24.268854755,1,8,9,0,2.757080009,0.0
player_00806,player,opportunistic_player,0.0,True,1,15.721452292,-9.676697358,0,5,5,1,0.0,0.0
player_00807,player,opportunistic_player,0.0,True,1,8.140256181,-10.050774626,0,6,6,0,0.0,0.0
player_00808,player,occasional_player,0.0,True,1,3.049878493,-11.370834245,0,8,8,0,0.0,0.0
player_00809,player,occasional_player,0.0,True,1,2.2743161,-2.7256839,0,6,6,0,0.0,0.0
player_00810,player,occasional_player,0.0,True,1,4.717208995,-9.974968406,0,8,8,0,0.0,0.0
player_00811,player,occasional_player,0.0,True,1,66.852362606,61.852362606,2,4,7,0,4.723262795,0.0
player_00812,player,occasional_player,0.0,True,1,79.118349864,35.585465288,2,5,7,0,5.024802474,0.0
player_00813,player,occasional_player,0.0,True,1,8.073687524,-9.64659928,0,5,5,0,0.0,0.0
player_00814,player,occasional_player,0.0,True,1,3.986588878,-9.864542587,0,8,8,0,0.0,0.0
player_00815,player,occasional_player,0.0,True,1,76.973070729,17.485519099,1,3,4,0,2.343743989,0.0
player_00816,player,occasional_player,0.0,True,1,4.081594558,-3.862231432,0,5,5,0,0.0,0.0
player_00817,player,occasional_player,0.0,True,1,11.01541016,-15.387208196,0,5,5,0,0.0,0.0
player_00818,player,occasional_player,0.0,True,1,33.495684936,-24.511231982,1,7,8,0,2.297239738,0.0
player_00819,player,occasional_player,0.0,True,1,99.321657646,72.965088034,1,7,8,1,6.958508135,0.0
player_00820,player,occasional_player,0.0,True,1,3.049292,-9.762646052,0,9,9,0,0.0,0.0
player_00821,player,opportunistic_player,0.0,True,1,7.119565495,-7.880434505,0,6,6,0,0.0,0.0
player_00822,player,occasional_player,0.0,True,1,5.180701614,-2.78773068,0,4,4,0,0.0,0.0
player_00823,player,occasional_player,0.0,True,1,7.169901548,-11.754344541,0,7,7,1,0.0,0.0
player_00824,player,opportunistic_player,0.0,True,1,11.106357227,-26.735736504,0,10,10,0,0.0,0.0
player_00825,player,occasional_player,0.0,True,1,5.849357223,-9.606993077,0,6,6,0,0.0,0.0
player_00826,player,occasional_player,0.0,True,1,10.449451803,-3.601546019,0,2,2,0,0.0,0.0
player_00827,player,opportunistic_player,0.0,True,1,16.15968954,-23.631773485,0,7,7,0,0.0,0.0
player_00828,player,occasional_player,0.0,True,1,58.37424117,16.082255805,1,4,5,0,3.595535859,0.0
player_00829,player,occasional_player,0.0,True,1,11.774492494,-7.727671473,0,3,3,0,0.0,0.0
player_00830,player,occasional_player,0.0,True,1,18.947302942,-7.709878687,0,3,3,0,0.0,0.0
player_00831,player,occasional_player,0.0,True,1,21.457987168,-21.001240472,0,4,4,0,0.0,0.0
player_00832,player,occasional_player,0.0,True,1,6.342962436,-7.666970633,0,5,5,0,0.0,0.0
player_00833,player,opportunistic_player,0.0,True,1,13.407699926,-3.236323481,0,2,2,0,0.0,0.0
player_00834,player,opportunistic_player,0.0,True,1,5.545920629,-9.454079371,0,7,7,0,0.0,0.0
player_00835,player,occasional_player,0.0,True,1,23.450812346,-19.307239624,0,6,6,0,0.0,0.0
player_00836,player,occasional_player,0.0,True,1,34.366889185,-3.302689906,1,5,6,0,1.880038858,0.0
player_00837,player,occasional_player,0.0,True,1,49.662310054,11.930678145,1,4,5,0,1.823820578,0.0
player_00838,player,occasional_player,0.0,True,1,4.969315912,-4.463827632,0,4,4,2,0.0,0.0
player_00839,player,opportunistic_player,0.0,True,1,34.129825143,-11.604852404,0,3,3,0,0.0,0.0
player_00840,player,player_whale,0.0,True,1,445.218293655,96.309950344,3,1,4,0,6.703916064,0.0
player_00841,player,occasional_player,0.0,True,1,3.25648189,-3.236679069,0,4,4,0,0.0,0.0
player_00842,player,occasional_player,0.0,True,1,137.279797336,70.00271828,3,6,9,0,8.723009959,0.0
player_00843,player,occasional_player,0.0,True,1,6.541093094,-6.134513516,0,3,3,0,0.0,0.0
player_00844,player,occasional_player,0.0,True,1,3.480195289,-1.519804711,0,4,4,0,0.0,0.0
player_00845,player,occasional_player,0.0,True,1,4.951237686,-3.949397049,0,4,4,0,0.0,0.0
player_00846,player,occasional_player,0.0,True,1,7.713248281,-5.243077435,0,4,4,0,0.0,0.0
player_00847,player,occasional_player,0.0,True,1,7.775526737,-4.554689157,0,4,4,0,0.0,0.0
player_00848,player,occasional_player,0.0,True,1,61.625029583,28.501662542,2,7,9,0,4.846638894,0.0
player_00849,player,occasional_player,0.0,True,1,27.023197606,-2.983952891,0,1,1,0,0.0,0.0
player_00850,player,occasional_player,0.0,True,1,7.333178168,-4.570676361,0,3,3,0,0.0,0.0
player_00851,player,occasional_player,0.0,True,1,10.265524024,-10.042699834,0,4,4,0,0.0,0.0
player_00852,player,occasional_player,0.0,True,1,2.470599685,-4.35514178,0,6,6,0,0.0,0.0
player_00853,player,occasional_player,0.0,True,1,9.932664386,-7.579309535,0,4,4,0,0.0,0.0
player_00854,player,opportunistic_player,0.0,True,1,12.801702546,-2.198297454,0,2,2,0,0.0,0.0
player_00855,player,occasional_player,0.0,True,1,17.681875439,-45.305419707,0,7,7,0,0.0,0.0
player_00856,player,occasional_player,0.0,True,1,1.510871047,-3.489128953,0,8,8,0,0.0,0.0
player_00857,player,occasional_player,0.0,True,1,123.323227812,99.627709114,2,1,3,0,5.895750415,0.0
player_00858,player,occasional_player,0.0,True,1,10.206916941,-8.054914374,0,5,5,0,0.0,0.0
player_00859,player,occasional_player,0.0,True,1,10.738647629,-27.015394255,0,8,8,1,0.0,0.0
player_00860,player,occasional_player,0.0,True,1,2.41612751,-2.58387249,0,4,4,0,0.0,0.0
player_00861,player,occasional_player,0.0,True,1,8.700125204,-7.336924882,0,4,4,0,0.0,0.0
player_00862,player,occasional_player,0.0,True,1,3.863485324,-9.08094909,0,8,8,0,0.0,0.0
player_00863,player,occasional_player,0.0,True,1,19.315876602,-26.261873383,0,6,6,1,0.0,0.0
player_00864,player,occasional_player,0.0,True,1,11.557861289,-10.205120398,0,5,5,0,0.0,0.0
player_00865,player,occasional_player,0.0,True,1,11.652124704,-16.62918332,0,6,6,0,0.0,0.0
player_00866,player,opportunistic_player,0.0,True,1,17.567967449,-8.553044705,0,3,3,0,0.0,0.0
player_00867,player,occasional_player,0.0,True,1,10.482260734,-7.594515666,0,4,4,0,0.0,0.0
player_00868,player,occasional_player,0.0,True,1,27.864228879,-9.580310977,0,2,2,0,0.0,0.0
player_00869,player,occasional_player,0.0,True,1,3.753123117,-7.694040849,0,7,7,0,0.0,0.0
player_00870,player,occasional_player,0.0,True,1,3.471584276,-3.719474739,0,5,5,0,0.0,0.0
player_00871,player,opportunistic_player,0.0,True,1,182.006370775,97.492471651,3,3,6,1,7.682510663,0.0
player_00872,player,occasional_player,0.0,True,1,4.238781151,-0.761218849,0,2,2,0,0.0,0.0
player_00873,player,occasional_player,0.0,True,1,11.119313155,-4.754202784,0,3,3,0,0.0,0.0
player_00874,player,occasional_player,0.0,True,1,7.466093539,-2.405715753,0,3,3,0,0.0,0.0
player_00875,player,occasional_player,0.0,True,1,4.872889322,-8.118135102,0,7,7,0,0.0,0.0
player_00876,player,occasional_player,0.0,True,1,9.265747835,-6.645305068,0,5,5,0,0.0,0.0
player_00877,player,opportunistic_player,0.0,True,1,15.697057294,-15.029222398,0,5,5,0,0.0,0.0
player_00878,player,occasional_player,0.0,True,1,42.304742009,-34.002402362,0,4,4,0,0.0,0.0
player_00879,player,player_whale,0.0,True,1,608.378324693,131.451309872,4,2,6,0,11.432433433,0.0
player_00880,player,occasional_player,0.0,True,1,22.677414644,-30.006169577,0,7,7,0,0.0,0.0
player_00881,player,occasional_player,0.0,True,1,12.905347921,-13.39507272,0,4,4,0,0.0,0.0
player_00882,player,occasional_player,0.0,True,1,123.565955234,118.565955234,3,2,5,0,7.772427278,0.0
player_00883,player,occasional_player,0.0,True,1,14.712883663,-6.503484482,0,3,3,1,0.0,0.0
player_00884,player,occasional_player,0.0,True,1,25.515339978,-30.310881468,0,4,4,0,0.0,0.0
player_00885,player,occasional_player,0.0,True,1,87.000226632,63.235027232,2,4,6,0,6.015971135,0.0
player_00886,player,occasional_player,0.0,True,1,27.436022509,-10.983441283,0,2,2,0,0.0,0.0
player_00887,player,opportunistic_player,0.0,True,1,38.523694981,-29.224665743,0,5,5,0,0.0,0.0
player_00888,player,occasional_player,0.0,True,1,14.156004714,-24.389694467,0,7,7,0,0.0,0.0
player_00889,player,occasional_player,0.0,True,1,10.617024269,-9.935222506,0,5,5,0,0.0,0.0
player_00890,player,occasional_player,0.0,True,1,32.24099337,-12.812802084,0,3,3,0,0.0,0.0
player_00891,player,occasional_player,0.0,True,1,13.818926591,-1.518424156,0,1,1,0,0.0,0.0
player_00892,player,occasional_player,0.0,True,1,8.187886403,-15.389432968,0,7,7,0,0.0,0.0
player_00893,player,occasional_player,0.0,True,1,5.529548089,-4.748040832,0,4,4,0,0.0,0.0
player_00894,player,player_whale,0.0,True,1,326.56652472,-41.874239,2,6,8,0,2.518824936,0.0
player_00895,player,occasional_player,0.0,True,1,77.754432541,23.398216535,1,2,3,0,2.539831994,0.0
player_00896,player,occasional_player,0.0,True,1,1.769130029,-3.436958167,0,8,8,0,0.0,0.0
player_00897,player,occasional_player,0.0,True,1,2.439113338,-16.366904867,0,11,11,0,0.0,0.0
player_00898,player,player_whale,0.0,True,1,126.07558071,-62.768905586,0,7,7,0,0.0,0.0
player_00899,player,occasional_player,0.0,True,1,2.298414561,-4.521445273,0,7,7,0,0.0,0.0
player_00900,player,occasional_player,0.0,True,1,6.074356788,-1.433953921,0,1,1,0,0.0,0.0
player_00901,player,occasional_player,0.0,True,1,4.576462564,-3.85165838,0,4,4,1,0.0,0.0
player_00902,player,occasional_player,0.0,True,1,110.516591887,62.180022584,3,5,8,1,5.72605796,0.0
player_00903,player,occasional_player,0.0,True,1,4.750916154,-6.79959494,0,7,7,0,0.0,0.0
player_00904,player,occasional_player,0.0,True,1,14.491927555,-11.977882393,0,4,4,0,0.0,0.0
player_00905,player,occasional_player,0.0,True,1,12.603765141,-8.750296863,0,3,3,0,0.0,0.0
player_00906,player,occasional_player,0.0,True,1,14.182846108,-5.077141854,0,2,2,0,0.0,0.0
player_00907,player,occasional_player,0.0,True,1,9.165677913,-7.309074041,0,4,4,0,0.0,0.0
player_00908,player,player_whale,0.0,True,1,321.282584501,50.439392468,2,2,4,0,3.964048604,0.0
player_00909,player,occasional_player,0.0,True,1,19.886600582,-9.304778643,0,2,2,0,0.0,0.0
player_00910,player,occasional_player,0.0,True,1,15.956730105,-32.180961562,0,7,7,0,0.0,0.0
player_00911,player,occasional_player,0.0,True,1,29.514884796,-32.410527805,0,5,5,0,0.0,0.0
player_00912,player,occasional_player,0.0,True,1,14.710240259,-6.878323607,0,2,2,1,0.0,0.0
player_00913,player,occasional_player,0.0,True,1,10.304088315,-13.01017243,0,5,5,0,0.0,0.0
player_00914,player,occasional_player,0.0,True,1,1.686704457,-3.313295543,0,7,7,0,0.0,0.0
player_00915,player,occasional_player,0.0,True,1,4.972331291,-5.763354858,0,5,5,0,0.0,0.0
player_00916,player,occasional_player,0.0,True,1,49.85977871,32.62193614,1,3,4,0,2.214788327,0.0
player_00917,player,opportunistic_player,0.0,True,1,18.170486863,-8.214656133,0,4,4,0,0.0,0.0
player_00918,player,occasional_player,0.0,True,1,8.92692371,-5.825776947,0,4,4,0,0.0,0.0
player_00919,player,occasional_player,0.0,True,1,8.583054806,-9.76429399,0,5,5,0,0.0,0.0
player_00920,player,occasional_player,0.0,True,1,15.050797493,-54.593689507,0,8,8,0,0.0,0.0
player_00921,player,occasional_player,0.0,True,1,85.938250037,50.635451386,2,3,5,1,5.580890107,0.0
player_00922,player,opportunistic_player,0.0,True,1,16.399717161,-13.145716951,0,4,4,0,0.0,0.0
player_00923,player,occasional_player,0.0,True,1,1.230537593,-3.769462407,0,10,10,0,0.0,0.0
player_00924,player,occasional_player,0.0,True,1,12.87393461,-5.664829882,0,2,2,0,0.0,0.0
player_00925,player,occasional_player,0.0,True,1,45.197924406,-16.087358728,0,2,2,0,0.0,0.0
player_00926,player,occasional_player,0.0,True,1,4.034006424,-22.228775486,0,10,10,0,0.0,0.0
player_00927,player,player_whale,0.0,True,1,132.999505687,-49.963896499,0,5,5,0,0.0,0.0
player_00928,player,player_whale,0.0,True,1,374.148060409,45.434741069,2,3,5,0,5.154458079,0.0
player_00929,player,opportunistic_player,0.0,True,1,10.101468472,-4.898531528,0,3,3,0,0.0,0.0
player_00930,player,occasional_player,0.0,True,1,3.067426768,-3.585556671,0,4,4,0,0.0,0.0
player_00931,player,occasional_player,0.0,True,1,6.580481884,-11.57690109,0,6,6,0,0.0,0.0
player_00932,player,occasional_player,0.0,True,1,8.918901482,-1.598855602,0,2,2,0,0.0,0.0
player_00933,player,occasional_player,0.0,True,1,4.286548398,-5.008109582,0,5,5,0,0.0,0.0
player_00934,player,occasional_player,0.0,True,1,43.748196658,22.716903229,1,7,8,0,2.223924167,0.0
player_00935,player,occasional_player,0.0,True,1,89.92109442,65.505328861,2,3,5,0,4.856738269,0.0
player_00936,player,occasional_player,0.0,True,1,33.307717241,-24.454199178,0,4,4,0,0.0,0.0
player_00937,player,occasional_player,0.0,True,1,9.063156602,-9.374573415,0,4,4,0,0.0,0.0
player_00938,player,player_whale,0.0,True,1,666.413246238,-4.360214031,2,5,7,0,7.688608367,0.0
player_00939,player,occasional_player,0.0,True,1,20.891800677,-16.778992388,0,4,4,0,0.0,0.0
player_00940,player,occasional_player,0.0,True,1,4.581051357,-6.385111581,0,7,7,0,0.0,0.0
player_00941,player,occasional_player,0.0,True,1,28.811932198,-3.046815571,0,1,1,0,0.0,0.0
player_00942,player,occasional_player,0.0,True,1,14.49666395,-11.233298392,0,3,3,0,0.0,0.0
player_00943,player,occasional_player,0.0,True,1,11.127213758,-8.18359409,0,4,4,0,0.0,0.0
player_00944,player,occasional_player,0.0,True,1,49.844875158,15.346310572,1,5,6,0,1.790136596,0.0
player_00945,player,occasional_player,0.0,True,1,83.040373082,59.020755969,1,1,2,0,3.224407836,0.0
player_00946,player,occasional_player,0.0,True,1,4.885295361,-8.420491477,0,5,5,0,0.0,0.0
player_00947,player,opportunistic_player,0.0,True,1,7.221081512,-16.852201545,0,9,9,0,0.0,0.0
player_00948,player,occasional_player,0.0,True,1,28.559967167,-23.80331247,0,5,5,0,0.0,0.0
player_00949,player,occasional_player,0.0,True,1,22.218386859,-8.5850191,0,2,2,0,0.0,0.0
player_00950,player,occasional_player,0.0,True,1,73.72075035,14.342209007,1,6,7,0,3.693278629,0.0
player_00951,player,occasional_player,0.0,True,1,6.349567601,-3.731606611,0,3,3,0,0.0,0.0
player_00952,player,occasional_player,0.0,True,1,86.097743193,52.094076179,1,4,5,0,4.365873077,0.0
player_00953,player,occasional_player,0.0,True,1,3.344560472,-2.438788493,0,5,5,0,0.0,0.0
player_00954,player,opportunistic_player,0.0,True,1,30.572380987,-9.980290787,0,3,3,0,0.0,0.0
player_00955,player,occasional_player,0.0,True,1,10.73836999,-4.162528026,0,2,2,0,0.0,0.0
player_00956,player,occasional_player,0.0,True,1,19.362386041,-7.224213989,0,2,2,0,0.0,0.0
player_00957,player,occasional_player,0.0,True,1,37.969831849,-10.291472431,0,1,1,0,0.0,0.0
player_00958,player,occasional_player,0.0,True,1,66.412793966,-108.587206034,0,6,6,0,0.0,0.0
player_00959,player,occasional_player,0.0,True,1,3.146562934,-4.572069593,0,5,5,0,0.0,0.0
player_00960,player,occasional_player,0.0,True,1,3.470743593,-3.919276996,0,6,6,1,0.0,0.0
player_00961,player,occasional_player,0.0,True,1,6.72491298,-14.580465109,0,8,8,0,0.0,0.0
player_00962,player,occasional_player,0.0,True,1,128.368267654,66.163952961,3,7,10,0,6.729000788,0.0
player_00963,player,occasional_player,0.0,True,1,4.110707482,-0.889292518,0,1,1,1,0.0,0.0
player_00964,player,player_whale,0.0,True,1,106.704315993,-68.295684007,0,7,7,0,0.0,0.0
player_00965,player,occasional_player,0.0,True,1,8.734213273,-7.811414953,0,4,4,1,0.0,0.0
player_00966,player,occasional_player,0.0,True,1,13.103319321,-19.378099132,0,6,6,0,0.0,0.0
player_00967,player,occasional_player,0.0,True,1,15.11672742,-4.520732469,0,2,2,0,0.0,0.0
player_00968,player,opportunistic_player,0.0,True,1,85.484683147,62.986579523,1,2,3,0,3.636046652,0.0
player_00969,player,player_whale,0.0,True,1,739.400660226,31.205899646,5,5,10,0,11.298204097,0.0
player_00970,player,occasional_player,0.0,True,1,85.443241165,30.281693445,1,2,3,2,2.261307357,0.0
player_00971,player,occasional_player,0.0,True,1,2.056726299,-5.006921823,0,7,7,0,0.0,0.0
player_00972,player,occasional_player,0.0,True,1,5.719647262,-5.85009017,0,4,4,0,0.0,0.0
player_00973,player,occasional_player,0.0,True,1,4.021677112,-2.580861796,0,3,3,0,0.0,0.0
player_00974,player,occasional_player,0.0,True,1,2.465450516,-11.079160892,0,9,9,0,0.0,0.0
player_00975,player,occasional_player,0.0,True,1,4.140125381,-4.500427506,0,6,6,0,0.0,0.0
player_00976,player,opportunistic_player,0.0,True,1,42.437250648,-11.802694852,0,2,2,0,0.0,0.0
player_00977,player,occasional_player,0.0,True,1,3.778777716,-1.773594118,0,2,2,0,0.0,0.0
player_00978,player,opportunistic_player,0.0,True,1,155.524416395,-38.186573916,0,3,3,1,0.0,0.0
player_00979,player,occasional_player,0.0,True,1,39.195618044,-40.333507058,0,5,5,0,0.0,0.0
player_00980,player,occasional_player,0.0,True,1,10.188639667,-7.632055672,0,4,4,0,0.0,0.0
player_00981,player,occasional_player,0.0,True,1,5.004995061,-3.400909379,0,3,3,0,0.0,0.0
player_00982,player,occasional_player,0.0,True,1,9.190687354,-5.202479127,0,5,5,0,0.0,0.0
player_00983,player,occasional_player,0.0,True,1,46.054447151,-53.956655894,0,5,5,0,0.0,0.0
player_00984,player,occasional_player,0.0,True,1,6.163898342,-11.136137046,0,6,6,0,0.0,0.0
player_00985,player,occasional_player,0.0,True,1,2.860040005,-5.835940733,0,8,8,2,0.0,0.0
player_00986,player,occasional_player,0.0,True,1,11.51119693,-12.141781372,0,5,5,0,0.0,0.0
player_00987,player,occasional_player,0.0,True,1,5.743946936,-4.950557022,0,4,4,0,0.0,0.0
player_00988,player,occasional_player,0.0,True,1,16.288905241,-24.088477681,0,6,6,1,0.0,0.0
player_00989,player,occasional_player,0.0,True,1,7.376305943,-6.780683667,0,4,4,0,0.0,0.0
player_00990,player,occasional_player,0.0,True,1,37.720449909,-14.800553695,0,3,3,0,0.0,0.0
player_00991,player,occasional_player,0.0,True,1,14.537678789,-7.895354098,0,4,4,0,0.0,0.0
player_00992,player,player_whale,0.0,True,1,628.190494421,80.00810137,4,2,6,1,8.638591239,0.0
player_00993,player,opportunistic_player,0.0,True,1,26.362189971,-14.821251171,0,4,4,0,0.0,0.0
player_00994,player,occasional_player,0.0,True,1,14.008418161,-10.474592751,0,4,4,0,0.0,0.0
player_00995,player,occasional_player,0.0,True,1,4.849627277,-8.708945927,0,7,7,0,0.0,0.0
player_00996,player,occasional_player,0.0,True,1,1.689337553,-3.723864564,0,8,8,0,0.0,0.0
player_00997,player,occasional_player,0.0,True,1,34.398655282,17.063625829,1,8,9,0,2.279646791,0.0
player_00998,player,opportunistic_player,0.0,True,1,45.625786266,17.809987252,1,4,5,0,2.072929758,0.0
player_00999,player,player_whale,0.0,True,1,674.731349193,226.270126884,6,0,6,0,11.908954047,0.0
player_01000,player,occasional_player,0.0,True,1,148.574895527,142.099457729,3,2,5,0,7.778305174,0.0
player_01001,player,occasional_player,0.0,True,1,23.253442272,-26.827131621,0,5,5,0,0.0,0.0
player_01002,player,occasional_player,0.0,True,1,4.703887122,-5.002566248,0,4,4,0,0.0,0.0
player_01003,player,occasional_player,0.0,True,1,15.780240127,-17.8605916,0,4,4,0,0.0,0.0
player_01004,player,occasional_player,0.0,True,1,4.267389999,-12.145464909,0,8,8,0,0.0,0.0
player_01005,player,occasional_player,0.0,True,1,27.717120431,-31.349540114,0,5,5,0,0.0,0.0
player_01006,player,occasional_player,0.0,True,1,12.402696305,-9.340678327,0,4,4,1,0.0,0.0
player_01007,player,occasional_player,0.0,True,1,5.350857292,-9.46828648,0,7,7,0,0.0,0.0
player_01008,player,opportunistic_player,0.0,True,1,54.640740135,-34.603284493,0,4,4,0,0.0,0.0
player_01009,player,occasional_player,0.0,True,1,37.017641572,-6.900291526,0,2,2,0,0.0,0.0
player_01010,player,opportunistic_player,0.0,True,1,83.306594523,-14.932002925,0,1,1,0,0.0,0.0
player_01011,player,opportunistic_player,0.0,True,1,9.71015197,-5.28984803,0,4,4,0,0.0,0.0
player_01012,player,occasional_player,0.0,True,1,20.960037008,-31.844948787,0,6,6,0,0.0,0.0
player_01013,player,occasional_player,0.0,True,1,31.525973416,-62.138377747,0,6,6,1,0.0,0.0
player_01014,player,occasional_player,0.0,True,1,16.162182666,-25.722753739,0,5,5,0,0.0,0.0
player_01015,player,opportunistic_player,0.0,True,1,114.525293643,-20.35957553,0,2,2,0,0.0,0.0
player_01016,player,occasional_player,0.0,True,1,10.424429117,-17.813784202,0,7,7,0,0.0,0.0
player_01017,player,occasional_player,0.0,True,1,30.638551418,-29.677752899,0,4,4,0,0.0,0.0
player_01018,player,occasional_player,0.0,True,1,29.886912199,-29.296067699,0,5,5,0,0.0,0.0
player_01019,player,player_whale,0.0,True,1,346.419009625,164.067195116,3,5,8,0,11.640828581,0.0
player_01020,player,occasional_player,0.0,True,1,12.328637739,-4.520315646,0,3,3,0,0.0,0.0
player_01021,player,occasional_player,0.0,True,1,10.604644094,-8.187593754,0,4,4,0,0.0,0.0
player_01022,player,opportunistic_player,0.0,True,1,20.418034261,-7.728748758,0,2,2,0,0.0,0.0
player_01023,player,occasional_player,0.0,True,1,11.445935833,-12.568226336,0,6,6,0,0.0,0.0
player_01024,player,occasional_player,0.0,True,1,8.325719913,-12.812457754,0,6,6,0,0.0,0.0
player_01025,player,occasional_player,0.0,True,1,7.284991447,-6.088099454,0,4,4,1,0.0,0.0
player_01026,player,player_whale,0.0,True,1,480.818075918,75.612521155,2,1,3,0,4.677335884,0.0
player_01027,player,occasional_player,0.0,True,1,18.28191943,-10.890835992,0,3,3,0,0.0,0.0
player_01028,player,occasional_player,0.0,True,1,18.804964639,-18.784353524,0,5,5,0,0.0,0.0
player_01029,player,occasional_player,0.0,True,1,3.57754633,-4.88219352,0,6,6,0,0.0,0.0
player_01030,player,occasional_player,0.0,True,1,17.098191028,-6.445132748,0,3,3,0,0.0,0.0
player_01031,player,occasional_player,0.0,True,1,4.647571357,-4.379212216,0,4,4,0,0.0,0.0
player_01032,player,occasional_player,0.0,True,1,97.487401729,11.409634042,1,3,4,0,3.181107829,0.0
player_01033,player,opportunistic_player,0.0,True,1,8.475938266,-11.642278843,0,6,6,0,0.0,0.0
player_01034,player,opportunistic_player,0.0,True,1,45.501389877,28.692479173,1,2,3,0,1.971479311,0.0
player_01035,player,occasional_player,0.0,True,1,302.685971228,171.623077177,2,2,4,0,11.058551254,0.0
player_01036,player,opportunistic_player,0.0,True,1,149.735246144,24.563049209,1,2,3,0,2.964807052,0.0
player_01037,player,occasional_player,0.0,True,1,5.331670688,-4.236593309,0,3,3,1,0.0,0.0
player_01038,player,occasional_player,0.0,True,1,263.929938472,203.937749912,2,4,6,0,13.974060227,0.0
player_01039,player,player_whale,0.0,True,1,113.136368191,-61.863631809,0,7,7,0,0.0,0.0
player_01040,player,occasional_player,0.0,True,1,2.99647468,-3.504925682,0,5,5,0,0.0,0.0
player_01041,player,occasional_player,0.0,True,1,9.424526657,-9.436641291,0,5,5,0,0.0,0.0
player_01042,player,occasional_player,0.0,True,1,9.672666479,-11.763905535,0,6,6,0,0.0,0.0
player_01043,player,occasional_player,0.0,True,1,3.299457221,-3.797629778,0,4,4,0,0.0,0.0
player_01044,player,occasional_player,0.0,True,1,66.076289455,46.705069266,1,5,6,0,3.047782076,0.0
player_01045,player,occasional_player,0.0,True,1,12.022852715,-6.697209151,0,3,3,0,0.0,0.0
player_01046,player,occasional_player,0.0,True,1,8.373228242,-19.876550101,0,7,7,0,0.0,0.0
player_01047,player,occasional_player,0.0,True,1,318.777700072,208.729289393,4,1,5,0,12.165463176,0.0
player_01048,player,occasional_player,0.0,True,1,110.292791281,83.595300676,2,3,5,0,5.460619843,0.0
player_01049,player,opportunistic_player,0.0,True,1,31.937193502,-6.756422738,0,1,1,1,0.0,0.0
player_01050,player,occasional_player,0.0,True,1,9.986041048,-4.409651126,0,2,2,1,0.0,0.0
player_01051,player,occasional_player,0.0,True,1,15.565361965,-17.262618927,0,5,5,0,0.0,0.0
player_01052,player,occasional_player,0.0,True,1,61.831324514,39.689198233,1,7,8,0,2.892124526,0.0
player_01053,player,opportunistic_player,0.0,True,1,51.171560858,-46.010891415,0,5,5,0,0.0,0.0
player_01054,player,opportunistic_player,0.0,True,1,75.475648882,7.975568082,1,4,5,0,1.924852595,0.0
player_01055,player,occasional_player,0.0,True,1,18.953932623,-22.452055528,0,5,5,0,0.0,0.0
player_01056,player,occasional_player,0.0,True,1,139.292453099,-9.272117456,1,3,4,0,2.317804078,0.0
player_01057,player,player_whale,0.0,True,1,189.861285716,14.861285716,1,2,3,0,1.728310198,0.0
player_01058,player,occasional_player,0.0,True,1,23.551711675,-22.066538751,0,5,5,0,0.0,0.0
player_01059,player,occasional_player,0.0,True,1,21.243797685,-3.319649549,0,2,2,0,0.0,0.0
player_01060,player,occasional_player,0.0,True,1,12.181307248,-3.356873436,0,2,2,0,0.0,0.0
player_01061,player,player_whale,0.0,True,1,408.376949995,55.326887252,3,5,8,0,8.003645045,0.0
player_01062,player,opportunistic_player,0.0,True,1,17.460008982,-11.09095916,0,3,3,0,0.0,0.0
player_01063,player,occasional_player,0.0,True,1,114.568981989,-42.314782209,0,2,2,0,0.0,0.0
player_01064,player,occasional_player,0.0,True,1,34.832596843,-17.26133736,0,4,4,0,0.0,0.0
player_01065,player,occasional_player,0.0,True,1,7.945957577,-10.656786493,0,5,5,0,0.0,0.0
player_01066,player,opportunistic_player,0.0,True,1,88.736070478,-31.101234331,0,4,4,0,0.0,0.0
player_01067,player,occasional_player,0.0,True,1,44.379193813,-18.969026132,0,3,3,0,0.0,0.0
player_01068,player,occasional_player,0.0,True,1,3.605988022,-2.707068085,0,4,4,1,0.0,0.0
player_01069,player,occasional_player,0.0,True,1,5.339550092,-10.496891314,0,7,7,0,0.0,0.0
player_01070,player,occasional_player,0.0,True,1,54.228071438,17.059417775,1,3,4,0,1.783084414,0.0
player_01071,player,occasional_player,0.0,True,1,19.193214542,-11.184477004,0,3,3,0,0.0,0.0
player_01072,player,occasional_player,0.0,True,1,1.365030322,-3.634969678,0,7,7,0,0.0,0.0
player_01073,player,occasional_player,0.0,True,1,3.277380134,-3.246905345,0,5,5,0,0.0,0.0
player_01074,player,occasional_player,0.0,True,1,5.414579271,-4.267859649,0,4,4,0,0.0,0.0
player_01075,player,occasional_player,0.0,True,1,6.31020921,-3.143682862,0,5,5,0,0.0,0.0
player_01076,player,occasional_player,0.0,True,1,15.033611374,-31.315632568,0,6,6,0,0.0,0.0
player_01077,player,occasional_player,0.0,True,1,19.282206756,-27.345660269,0,6,6,0,0.0,0.0
player_01078,player,occasional_player,0.0,True,1,5.771934265,-3.41121885,0,4,4,0,0.0,0.0
player_01079,player,player_whale,0.0,True,1,466.82421903,25.856535271,2,3,5,0,5.849776306,0.0
player_01080,player,occasional_player,0.0,True,1,86.562269471,16.380522293,1,4,5,0,2.829925386,0.0
player_01081,player,occasional_player,0.0,True,1,5.901260443,-1.587561222,0,1,1,0,0.0,0.0
player_01082,player,player_whale,0.0,True,1,192.236566264,-112.746078533,0,7,7,0,0.0,0.0
player_01083,player,opportunistic_player,0.0,True,1,235.63431157,150.787656887,3,3,6,0,9.835493746,0.0
player_01084,player,occasional_player,0.0,True,1,8.648754273,-10.157523079,0,6,6,0,0.0,0.0
player_01085,player,occasional_player,0.0,True,1,135.556083956,107.828045345,2,1,3,0,5.78115655,0.0
player_01086,player,player_whale,0.0,True,1,223.932794413,-94.394641111,1,6,7,0,2.119658558,0.0
player_01087,player,occasional_player,0.0,True,1,47.378759682,18.042152005,1,4,5,0,1.863844254,0.0
player_01088,player,occasional_player,0.0,True,1,4.755391122,-9.91247388,0,6,6,0,0.0,0.0
player_01089,player,occasional_player,0.0,True,1,66.923895765,25.020059162,1,3,4,0,2.723044668,0.0
player_01090,player,opportunistic_player,0.0,True,1,14.049513526,-9.457814182,0,4,4,0,0.0,0.0
player_01091,player,occasional_player,0.0,True,1,2.483329848,-4.772609798,0,6,6,0,0.0,0.0
player_01092,player,occasional_player,0.0,True,1,3.792914399,-4.394199094,0,4,4,0,0.0,0.0
player_01093,player,occasional_player,0.0,True,1,2.081396018,-4.231867113,0,6,6,0,0.0,0.0
player_01094,player,occasional_player,0.0,True,1,13.137832041,-17.657375489,0,6,6,0,0.0,0.0
player_01095,player,occasional_player,0.0,True,1,105.180733846,76.596614045,2,4,6,0,5.378807809,0.0
player_01096,player,occasional_player,0.0,True,1,139.834314336,128.557531933,2,2,4,0,6.949952244,0.0
player_01097,player,occasional_player,0.0,True,1,37.743944204,-9.415822166,0,2,2,0,0.0,0.0
player_01098,player,opportunistic_player,0.0,True,1,174.120420308,37.022667097,1,0,1,0,1.948561426,0.0
player_01099,player,occasional_player,0.0,True,1,3.178699328,-4.822703357,0,7,7,0,0.0,0.0
player_01100,player,occasional_player,0.0,True,1,9.153496824,-4.677861047,0,3,3,0,0.0,0.0
player_01101,player,occasional_player,0.0,True,1,5.703750172,-4.485815755,0,3,3,1,0.0,0.0
player_01102,player,occasional_player,0.0,True,1,26.870183112,-22.211361857,0,4,4,0,0.0,0.0
player_01103,player,occasional_player,0.0,True,1,5.787206536,-13.228470427,0,8,8,0,0.0,0.0
player_01104,player,occasional_player,0.0,True,1,15.556665146,-9.055515219,0,4,4,0,0.0,0.0
player_01105,player,occasional_player,0.0,True,1,13.571846996,-12.846739972,0,4,4,0,0.0,0.0
player_01106,player,occasional_player,0.0,True,1,15.927099536,-5.316474415,0,2,2,0,0.0,0.0
player_01107,player,occasional_player,0.0,True,1,64.564779526,27.593471092,1,6,7,0,3.655875546,0.0
player_01108,player,occasional_player,0.0,True,1,6.580094632,-4.700173559,0,4,4,0,0.0,0.0
player_01109,player,occasional_player,0.0,True,1,19.080604966,-6.38911329,0,2,2,0,0.0,0.0
player_01110,player,opportunistic_player,0.0,True,1,22.362528854,-4.548205013,0,3,3,1,0.0,0.0
player_01111,player,player_whale,0.0,True,1,332.147781315,-40.118158935,1,3,4,0,1.102820209,0.0
player_01112,player,occasional_player,0.0,True,1,17.480288386,-19.985036932,0,5,5,0,0.0,0.0
player_01113,player,occasional_player,0.0,True,1,11.331603321,-5.212259181,0,3,3,0,0.0,0.0
player_01114,player,occasional_player,0.0,True,1,13.261680306,-7.14418161,0,3,3,0,0.0,0.0
player_01115,player,occasional_player,0.0,True,1,44.145471272,-9.351433286,0,2,2,0,0.0,0.0
player_01116,player,occasional_player,0.0,True,1,44.241278976,22.008131668,1,4,5,0,2.710902344,0.0
player_01117,player,occasional_player,0.0,True,1,8.035848656,-2.00810817,0,2,2,0,0.0,0.0
player_01118,player,occasional_player,0.0,True,1,27.08157655,-29.142694585,0,4,4,0,0.0,0.0
player_01119,player,occasional_player,0.0,True,1,22.679317809,-7.156558999,0,3,3,0,0.0,0.0
player_01120,player,player_whale,0.0,True,1,214.342887626,22.96891622,1,3,4,0,2.485617916,0.0
player_01121,player,occasional_player,0.0,True,1,104.553281825,44.072359876,2,3,5,0,3.686465903,0.0
player_01122,player,occasional_player,0.0,True,1,109.798044131,24.686963348,1,2,3,0,2.386442864,0.0
player_01123,player,occasional_player,0.0,True,1,43.963049961,-45.28763002,0,5,5,0,0.0,0.0
player_01124,player,occasional_player,0.0,True,1,13.584033963,-6.751805572,0,3,3,0,0.0,0.0
player_01125,player,player_whale,0.0,True,1,876.120448344,139.836587581,4,1,5,0,10.981243697,0.0
player_01126,player,occasional_player,0.0,True,1,16.822426692,-13.68569275,0,3,3,0,0.0,0.0
player_01127,player,player_whale,0.0,True,1,155.329142312,-19.670857688,0,3,3,2,0.0,0.0
player_01128,player,occasional_player,0.0,True,1,99.360157324,-75.639842676,1,4,5,0,2.150720473,0.0
player_01129,player,occasional_player,0.0,True,1,3.372941394,-4.85870297,0,6,6,0,0.0,0.0
player_01130,player,occasional_player,0.0,True,1,5.650192782,-9.275875523,0,5,5,0,0.0,0.0
player_01131,player,occasional_player,0.0,True,1,13.67573305,-5.032696151,0,2,2,0,0.0,0.0
player_01132,player,occasional_player,0.0,True,1,11.416776647,-2.348935729,0,2,2,0,0.0,0.0
player_01133,player,occasional_player,0.0,True,1,22.709249351,-2.255285124,0,1,1,1,0.0,0.0
player_01134,player,occasional_player,0.0,True,1,5.608052815,-3.71242321,0,3,3,0,0.0,0.0
player_01135,player,occasional_player,0.0,True,1,3.573292275,-6.047770876,0,6,6,0,0.0,0.0
player_01136,player,occasional_player,0.0,True,1,1.800665213,-4.07672722,0,6,6,0,0.0,0.0
player_01137,player,occasional_player,0.0,True,1,4.219352463,-2.528221446,0,3,3,0,0.0,0.0
player_01138,player,occasional_player,0.0,True,1,101.850108592,-19.193167865,0,1,1,0,0.0,0.0
player_01139,player,player_whale,0.0,True,1,433.735469349,136.495478904,3,2,5,0,8.455539836,0.0
player_01140,player,occasional_player,0.0,True,1,44.610563895,23.065189795,1,3,4,0,1.813665626,0.0
player_01141,player,occasional_player,0.0,True,1,6.209962516,-5.512612299,0,4,4,0,0.0,0.0
player_01142,player,occasional_player,0.0,True,1,7.971537701,-6.917039935,0,4,4,1,0.0,0.0
player_01143,player,opportunistic_player,0.0,True,1,84.622000191,31.080303637,1,4,5,0,2.583084745,0.0
player_01144,player,occasional_player,0.0,True,1,61.836519672,-50.613290134,0,5,5,0,0.0,0.0
player_01145,player,occasional_player,0.0,True,1,9.39118593,-2.414970365,0,1,1,0,0.0,0.0
player_01146,player,occasional_player,0.0,True,1,30.190809347,-16.250825384,0,4,4,0,0.0,0.0
player_01147,player,occasional_player,0.0,True,1,66.731443888,46.548422606,1,3,4,0,3.409250106,0.0
player_01148,player,occasional_player,0.0,True,1,216.881487231,56.585318329,1,1,2,0,4.124471264,0.0
player_01149,player,occasional_player,0.0,True,1,3.947484261,-1.225668259,0,2,2,0,0.0,0.0
player_01150,player,occasional_player,0.0,True,1,4.637460749,-2.127293227,0,2,2,0,0.0,0.0
player_01151,player,occasional_player,0.0,True,1,19.398802622,-13.412944745,0,3,3,0,0.0,0.0
player_01152,player,occasional_player,0.0,True,1,11.660603588,-5.18235369,0,3,3,0,0.0,0.0
player_01153,player,occasional_player,0.0,True,1,89.19182847,39.386735886,2,4,6,0,4.827985555,0.0
player_01154,player,occasional_player,0.0,True,1,9.394119621,-1.9130215,0,1,1,0,0.0,0.0
player_01155,player,occasional_player,0.0,True,1,4.547485056,-0.452514944,0,1,1,0,0.0,0.0
player_01156,player,occasional_player,0.0,True,1,157.897484341,8.597362898,1,2,3,0,2.87043906,0.0
player_01157,player,occasional_player,0.0,True,1,9.258957219,-3.723223563,0,3,3,0,0.0,0.0
player_01158,player,player_whale,0.0,True,1,602.572188572,21.022567096,2,2,4,0,5.605103708,0.0
player_01159,player,opportunistic_player,0.0,True,1,14.619149214,-8.862950298,0,4,4,0,0.0,0.0
player_01160,player,opportunistic_player,0.0,True,1,25.133497054,-61.212949167,0,8,8,0,0.0,0.0
player_01161,player,occasional_player,0.0,True,1,87.189594856,16.898373216,1,3,4,0,2.832588889,0.0
player_01162,player,occasional_player,0.0,True,1,3.738755256,-1.261244744,0,2,2,0,0.0,0.0
player_01163,player,occasional_player,0.0,True,1,12.500240603,-14.336033934,0,6,6,0,0.0,0.0
player_01164,player,occasional_player,0.0,True,1,31.079518823,-36.195895295,0,6,6,0,0.0,0.0
player_01165,player,occasional_player,0.0,True,1,6.873592603,-10.452097217,0,5,5,1,0.0,0.0
player_01166,player,occasional_player,0.0,True,1,2.130527421,-3.100928131,0,4,4,0,0.0,0.0
player_01167,player,occasional_player,0.0,True,1,15.775296677,-11.635972259,0,4,4,0,0.0,0.0
player_01168,player,occasional_player,0.0,True,1,79.360101247,49.982231474,1,4,5,0,3.477236177,0.0
player_01169,player,opportunistic_player,0.0,True,1,15.783387595,-0.836397541,0,1,1,0,0.0,0.0
player_01170,player,opportunistic_player,0.0,True,1,321.385377778,106.857352352,3,1,4,0,7.578045624,0.0
player_01171,player,occasional_player,0.0,True,1,24.74715847,-28.404312571,0,5,5,0,0.0,0.0
player_01172,player,occasional_player,0.0,True,1,3.642645624,-1.678534655,0,4,4,0,0.0,0.0
player_01173,player,occasional_player,0.0,True,1,4.348304592,-2.260536217,0,2,2,0,0.0,0.0
player_01174,player,occasional_player,0.0,True,1,21.894692316,-6.5682292,0,2,2,0,0.0,0.0
player_01175,player,occasional_player,0.0,True,1,4.618759536,-3.321255931,0,5,5,0,0.0,0.0
player_01176,player,occasional_player,0.0,True,1,1.893532815,-4.320572386,0,8,8,0,0.0,0.0
player_01177,player,occasional_player,0.0,True,1,2.170360267,-2.829639733,0,4,4,0,0.0,0.0
player_01178,player,occasional_player,0.0,True,1,20.849887916,-14.18354012,0,4,4,0,0.0,0.0
player_01179,player,occasional_player,0.0,True,1,20.588428143,-6.797149882,0,2,2,0,0.0,0.0
player_01180,player,opportunistic_player,0.0,True,1,35.331078343,-31.175474628,0,5,5,0,0.0,0.0
player_01181,player,opportunistic_player,0.0,True,1,15.668259621,-5.697338157,0,3,3,0,0.0,0.0
player_01182,player,occasional_player,0.0,True,1,18.177413979,-18.372930052,0,4,4,0,0.0,0.0
player_01183,player,occasional_player,0.0,True,1,14.539502247,-5.024773094,0,2,2,0,0.0,0.0
player_01184,player,player_whale,0.0,True,1,298.870395708,15.163463166,1,1,2,0,1.172750182,0.0
player_01185,player,occasional_player,0.0,True,1,6.397264582,-5.966904406,0,4,4,0,0.0,0.0
player_01186,player,occasional_player,0.0,True,1,2.784309351,-2.215690649,0,6,6,0,0.0,0.0
player_01187,player,occasional_player,0.0,True,1,10.177282178,-12.25387463,0,6,6,1,0.0,0.0
player_01188,player,opportunistic_player,0.0,True,1,25.128667037,-16.90635767,0,4,4,0,0.0,0.0
player_01189,player,opportunistic_player,0.0,True,1,260.543659704,122.979084821,3,2,5,0,8.127104613,0.0
player_01190,player,opportunistic_player,0.0,True,1,18.258424917,-3.34590418,0,2,2,0,0.0,0.0
player_01191,player,occasional_player,0.0,True,1,12.249168416,-10.333680613,0,4,4,0,0.0,0.0
player_01192,player,occasional_player,0.0,True,1,56.842879048,-33.204066844,0,3,3,0,0.0,0.0
player_01193,player,occasional_player,0.0,True,1,7.435227993,-6.171081379,0,4,4,0,0.0,0.0
player_01194,player,opportunistic_player,0.0,True,1,330.905966976,141.290874412,3,0,3,0,7.436361811,0.0
player_01195,player,occasional_player,0.0,True,1,4.170472171,-7.034426984,0,8,8,0,0.0,0.0
player_01196,player,opportunistic_player,0.0,True,1,12.44463126,-8.591523615,0,4,4,0,0.0,0.0
player_01197,player,occasional_player,0.0,True,1,21.566671456,-13.700499257,0,3,3,0,0.0,0.0
player_01198,player,occasional_player,0.0,True,1,17.518619851,-12.306839281,0,3,3,0,0.0,0.0
player_01199,player,occasional_player,0.0,True,1,5.651112277,-1.424646291,0,1,1,0,0.0,0.0
player_01200,player,occasional_player,0.0,True,1,4.846886759,-7.770018552,0,5,5,1,0.0,0.0
player_01201,player,occasional_player,0.0,True,1,11.016510963,-24.911708071,0,6,6,0,0.0,0.0
player_01202,player,occasional_player,0.0,True,1,19.180484002,-25.450587979,0,5,5,0,0.0,0.0
player_01203,player,opportunistic_player,0.0,True,1,33.332722403,-10.820134046,0,2,2,0,0.0,0.0
player_01204,player,opportunistic_player,0.0,True,1,71.369984835,-79.233312717,0,6,6,0,0.0,0.0
player_01205,player,occasional_player,0.0,True,1,5.112428817,-8.756791663,0,6,6,0,0.0,0.0
player_01206,player,occasional_player,0.0,True,1,2.509747316,-2.8498782,0,5,5,0,0.0,0.0
player_01207,player,occasional_player,0.0,True,1,6.615248811,-6.222952381,0,4,4,0,0.0,0.0
player_01208,player,occasional_player,0.0,True,1,127.316381497,-2.449966908,1,4,5,0,2.317823552,0.0
player_01209,player,occasional_player,0.0,True,1,4.856340088,-3.312929723,0,3,3,0,0.0,0.0
player_01210,player,occasional_player,0.0,True,1,82.264763407,34.385557486,1,2,3,0,2.182466361,0.0
player_01211,player,occasional_player,0.0,True,1,11.373528758,-22.20674346,0,7,7,0,0.0,0.0
player_01212,player,opportunistic_player,0.0,True,1,89.785872175,-40.062339178,1,5,6,0,2.071637105,0.0
player_01213,player,occasional_player,0.0,True,1,107.91248757,72.880461498,2,2,4,1,5.86973754,0.0
player_01214,player,occasional_player,0.0,True,1,56.547913002,10.592024871,1,6,7,0,2.72140652,0.0
player_01215,player,occasional_player,0.0,True,1,31.10203816,-68.468778293,0,6,6,0,0.0,0.0
player_01216,player,occasional_player,0.0,True,1,23.653562526,-1.707481852,0,1,1,0,0.0,0.0
player_01217,player,occasional_player,0.0,True,1,15.926466929,-6.445692017,0,3,3,0,0.0,0.0
player_01218,player,opportunistic_player,0.0,True,1,11.882476509,-3.117523491,0,2,2,0,0.0,0.0
player_01219,player,occasional_player,0.0,True,1,2.390770169,-2.609229831,0,5,5,0,0.0,0.0
player_01220,player,occasional_player,0.0,True,1,13.477308787,-2.657447392,0,1,1,0,0.0,0.0
player_01221,player,occasional_player,0.0,True,1,8.293161753,-10.018765719,0,6,6,0,0.0,0.0
player_01222,player,occasional_player,0.0,True,1,1.667895489,-3.332104511,0,8,8,1,0.0,0.0
player_01223,player,occasional_player,0.0,True,1,57.98800404,18.522953347,1,4,5,0,3.244176844,0.0
player_01224,player,occasional_player,0.0,True,1,10.747185047,-9.003748662,0,5,5,0,0.0,0.0
player_01225,player,occasional_player,0.0,True,1,6.98646831,-7.23915105,0,5,5,0,0.0,0.0
player_01226,player,occasional_player,0.0,True,1,5.897147241,-1.556910706,0,3,3,0,0.0,0.0
player_01227,player,occasional_player,0.0,True,1,5.515133638,-2.631161063,0,4,4,0,0.0,0.0
player_01228,player,occasional_player,0.0,True,1,6.668547947,-5.042872442,0,5,5,1,0.0,0.0
player_01229,player,occasional_player,0.0,True,1,50.014070015,4.235182414,1,4,5,0,1.854929624,0.0
player_01230,player,occasional_player,0.0,True,1,11.15598778,-5.035265108,0,3,3,0,0.0,0.0
player_01231,player,occasional_player,0.0,True,1,5.775667716,-11.704506552,0,6,6,0,0.0,0.0
player_01232,player,occasional_player,0.0,True,1,13.760765009,-18.672479624,0,5,5,1,0.0,0.0
player_01233,player,occasional_player,0.0,True,1,10.743877278,-2.392151017,0,2,2,0,0.0,0.0
player_01234,player,occasional_player,0.0,True,1,11.866819828,-3.978524535,0,3,3,0,0.0,0.0
player_01235,player,occasional_player,0.0,True,1,95.578340489,49.487307488,1,1,2,1,2.866590425,0.0
player_01236,player,opportunistic_player,0.0,True,1,31.612321923,-6.4521076,0,1,1,0,0.0,0.0
player_01237,player,occasional_player,0.0,True,1,4.459297823,-3.689702096,0,4,4,0,0.0,0.0
player_01238,player,opportunistic_player,0.0,True,1,29.883890293,-8.093306387,0,2,2,0,0.0,0.0
player_01239,player,occasional_player,0.0,True,1,13.424379147,-6.805756965,0,2,2,0,0.0,0.0
player_01240,player,occasional_player,0.0,True,1,93.761004723,87.664578414,2,0,2,0,4.61392518,0.0
player_01241,player,occasional_player,0.0,True,1,5.967478125,-6.572692386,0,5,5,1,0.0,0.0
player_01242,player,occasional_player,0.0,True,1,5.862914005,-8.844466439,0,5,5,0,0.0,0.0
player_01243,player,occasional_player,0.0,True,1,5.563392446,-4.721215656,0,4,4,0,0.0,0.0
player_01244,player,opportunistic_player,0.0,True,1,109.846580101,14.174440766,1,2,3,0,2.024193275,0.0
player_01245,player,occasional_player,0.0,True,1,16.825035877,-10.37341445,0,3,3,0,0.0,0.0
player_01246,player,occasional_player,0.0,True,1,60.427448056,44.122681803,1,2,3,0,2.673439732,0.0
player_01247,player,occasional_player,0.0,True,1,7.666069959,-8.877882925,0,5,5,0,0.0,0.0
player_01248,player,occasional_player,0.0,True,1,1.363489305,-4.66678375,0,10,10,0,0.0,0.0
player_01249,player,occasional_player,0.0,True,1,108.173304066,6.627555055,1,5,6,0,3.153600316,0.0
player_01250,player,opportunistic_player,0.0,True,1,52.51200919,-61.125164235,0,6,6,0,0.0,0.0
player_01251,player,opportunistic_player,0.0,True,1,28.155020354,-9.422921512,0,2,2,0,0.0,0.0
player_01252,player,player_whale,0.0,True,1,170.957095959,-4.042904041,0,1,1,0,0.0,0.0
player_01253,player,occasional_player,0.0,True,1,12.087555742,-5.427187081,0,4,4,0,0.0,0.0
player_01254,player,occasional_player,0.0,True,1,8.74590593,-3.711754059,0,2,2,0,0.0,0.0
player_01255,player,opportunistic_player,0.0,True,1,13.845621645,-2.509874784,0,3,3,0,0.0,0.0
player_01256,player,occasional_player,0.0,True,1,5.850418127,-8.826737253,0,6,6,0,0.0,0.0
player_01257,player,occasional_player,0.0,True,1,2.394849571,-2.605150429,0,6,6,0,0.0,0.0
player_01258,player,opportunistic_player,0.0,True,1,159.885378127,-21.620003001,0,1,1,0,0.0,0.0
player_01259,player,occasional_player,0.0,True,1,33.70311257,-17.210251344,0,3,3,1,0.0,0.0
player_01260,player,occasional_player,0.0,True,1,5.121224974,-3.080084138,0,4,4,0,0.0,0.0
player_01261,player,occasional_player,0.0,True,1,4.120448071,-6.331905197,0,5,5,0,0.0,0.0
player_01262,player,occasional_player,0.0,True,1,12.551292417,-6.98245384,0,2,2,0,0.0,0.0
player_01263,player,occasional_player,0.0,True,1,3.958623644,-3.965034734,0,4,4,0,0.0,0.0
player_01264,player,occasional_player,0.0,True,1,16.566332663,-11.02214406,0,3,3,0,0.0,0.0
player_01265,player,occasional_player,0.0,True,1,3.971286255,-1.028713745,0,2,2,0,0.0,0.0
player_01266,player,occasional_player,0.0,True,1,9.599124548,-13.558224241,0,5,5,0,0.0,0.0
player_01267,player,player_whale,0.0,True,1,219.987124341,-57.988799337,1,6,7,0,1.814927674,0.0
player_01268,player,occasional_player,0.0,True,1,12.001795264,-10.387265367,0,5,5,0,0.0,0.0
player_01269,player,occasional_player,0.0,True,1,12.885257166,-5.263045217,0,3,3,0,0.0,0.0
player_01270,player,opportunistic_player,0.0,True,1,165.535241961,128.249833273,2,2,4,0,7.250214442,0.0
player_01271,player,occasional_player,0.0,True,1,33.55978732,-6.381767678,0,1,1,0,0.0,0.0
player_01272,player,occasional_player,0.0,True,1,16.871211871,-17.99914148,0,4,4,0,0.0,0.0
player_01273,player,occasional_player,0.0,True,1,33.654033991,-4.646249069,0,1,1,0,0.0,0.0
player_01274,player,occasional_player,0.0,True,1,9.738803577,-4.495917245,0,3,3,0,0.0,0.0
player_01275,player,occasional_player,0.0,True,1,35.272691748,-3.327974949,0,1,1,0,0.0,0.0
player_01276,player,occasional_player,0.0,True,1,19.967410316,-6.597510997,0,2,2,0,0.0,0.0
player_01277,player,opportunistic_player,0.0,True,1,13.858843953,-34.332817289,0,9,9,0,0.0,0.0
player_01278,player,occasional_player,0.0,True,1,5.958046298,-5.95207233,0,5,5,0,0.0,0.0
player_01279,player,opportunistic_player,0.0,True,1,270.772947569,139.794578333,3,3,6,0,9.662641781,0.0
player_01280,player,occasional_player,0.0,True,1,4.032044358,-0.967955642,0,2,2,0,0.0,0.0
player_01281,player,opportunistic_player,0.0,True,1,30.845535618,-45.892001992,0,6,6,0,0.0,0.0
player_01282,player,occasional_player,0.0,True,1,14.754176287,-9.67304917,0,3,3,0,0.0,0.0
player_01283,player,occasional_player,0.0,True,1,68.403416802,25.772726032,1,3,4,0,2.282226989,0.0
player_01284,player,occasional_player,0.0,True,1,43.844298995,-8.600606626,0,1,1,1,0.0,0.0
player_01285,player,occasional_player,0.0,True,1,5.767071945,-4.361053862,0,3,3,0,0.0,0.0
player_01286,player,occasional_player,0.0,True,1,10.697809449,-21.088398174,0,7,7,0,0.0,0.0
player_01287,player,occasional_player,0.0,True,1,10.988837705,-10.004212616,0,4,4,0,0.0,0.0
player_01288,player,occasional_player,0.0,True,1,5.602116076,-2.802024654,0,3,3,0,0.0,0.0
player_01289,player,occasional_player,0.0,True,1,20.270858251,-25.742350776,0,4,4,0,0.0,0.0
player_01290,player,occasional_player,0.0,True,1,5.601442413,-2.144390923,0,3,3,0,0.0,0.0
player_01291,player,opportunistic_player,0.0,True,1,41.496680855,-35.188818767,0,5,5,0,0.0,0.0
player_01292,player,occasional_player,0.0,True,1,8.293582532,-6.411292102,0,4,4,0,0.0,0.0
player_01293,player,occasional_player,0.0,True,1,13.998758424,-23.403995242,0,5,5,0,0.0,0.0
player_01294,player,occasional_player,0.0,True,1,16.923013994,-4.187682407,0,2,2,0,0.0,0.0
player_01295,player,occasional_player,0.0,True,1,5.841507781,-10.504705367,0,6,6,0,0.0,0.0
player_01296,player,occasional_player,0.0,True,1,13.526510356,-2.966111023,0,1,1,0,0.0,0.0
player_01297,player,occasional_player,0.0,True,1,45.072135059,-26.353351527,0,3,3,1,0.0,0.0
player_01298,player,occasional_player,0.0,True,1,19.625095237,-10.849244498,0,3,3,0,0.0,0.0
player_01299,player,occasional_player,0.0,True,1,21.130771937,-20.413614754,0,5,5,0,0.0,0.0
player_01300,player,occasional_player,0.0,True,1,4.009883041,-4.496974134,0,6,6,0,0.0,0.0
player_01301,player,occasional_player,0.0,True,1,9.400020392,-10.075561598,0,5,5,0,0.0,0.0
player_01302,player,occasional_player,0.0,True,1,10.041753873,-8.980178985,0,6,6,0,0.0,0.0
player_01303,player,occasional_player,0.0,True,1,7.367048535,-5.339957531,0,4,4,0,0.0,0.0
player_01304,player,opportunistic_player,0.0,True,1,83.817966964,35.790222595,1,5,6,0,3.381957102,0.0
player_01305,player,occasional_player,0.0,True,1,76.893549295,-18.048138974,0,1,1,0,0.0,0.0
player_01306,player,occasional_player,0.0,True,1,96.433091635,65.641976275,1,1,2,0,3.924338385,0.0
player_01307,player,occasional_player,0.0,True,1,6.22190095,-2.404422901,0,2,2,1,0.0,0.0
player_01308,player,occasional_player,0.0,True,1,14.928813044,-13.130937187,0,5,5,0,0.0,0.0
player_01309,player,occasional_player,0.0,True,1,14.562713184,-10.325196773,0,4,4,0,0.0,0.0
player_01310,player,occasional_player,0.0,True,1,14.01592189,-13.053220167,0,4,4,1,0.0,0.0
player_01311,player,occasional_player,0.0,True,1,26.321825937,-5.041459672,0,1,1,0,0.0,0.0
player_01312,player,occasional_player,0.0,True,1,13.676750513,-4.743622884,0,2,2,0,0.0,0.0
player_01313,player,occasional_player,0.0,True,1,41.082127095,-55.866607527,0,6,6,1,0.0,0.0
player_01314,player,occasional_player,0.0,True,1,17.412998448,-29.067720645,0,6,6,0,0.0,0.0
player_01315,player,occasional_player,0.0,True,1,9.166556372,0.0,0,0,0,1,0.0,0.0
player_01316,player,occasional_player,0.0,True,1,2.54419769,-4.634423963,0,6,6,0,0.0,0.0
player_01317,player,occasional_player,0.0,True,1,20.962178843,-3.949238071,0,1,1,0,0.0,0.0
player_01318,player,occasional_player,0.0,True,1,11.708228585,-10.034825398,0,3,3,0,0.0,0.0
player_01319,player,occasional_player,0.0,True,1,65.7293444,-22.356676832,0,2,2,0,0.0,0.0
player_01320,player,occasional_player,0.0,True,1,14.455610894,-10.044746391,0,3,3,0,0.0,0.0
player_01321,player,occasional_player,0.0,True,1,21.29896752,-8.338525926,0,2,2,0,0.0,0.0
player_01322,player,occasional_player,0.0,True,1,4.741281385,-9.90571139,0,7,7,0,0.0,0.0
player_01323,player,opportunistic_player,0.0,True,1,28.624552143,-11.949367015,0,3,3,0,0.0,0.0
player_01324,player,occasional_player,0.0,True,1,35.513449228,21.949063549,1,3,4,0,2.611745682,0.0
player_01325,player,occasional_player,0.0,True,1,10.453038372,-7.710510277,0,4,4,0,0.0,0.0
player_01326,player,occasional_player,0.0,True,1,9.853818416,-5.60706398,0,3,3,0,0.0,0.0
player_01327,player,occasional_player,0.0,True,1,28.4917225,-2.155464776,0,1,1,0,0.0,0.0
player_01328,player,occasional_player,0.0,True,1,10.553332328,-13.836584485,0,5,5,0,0.0,0.0
player_01329,player,occasional_player,0.0,True,1,19.50573195,-1.396204489,0,1,1,0,0.0,0.0
player_01330,player,opportunistic_player,0.0,True,1,30.29409181,-9.183797692,0,3,3,0,0.0,0.0
player_01331,player,occasional_player,0.0,True,1,31.179468144,21.522165641,1,4,5,0,2.749701254,0.0
player_01332,player,occasional_player,0.0,True,1,61.052420099,13.855448433,1,4,5,0,2.884710893,0.0
player_01333,player,occasional_player,0.0,True,1,17.573212867,-9.963292704,0,3,3,0,0.0,0.0
player_01334,player,occasional_player,0.0,True,1,14.128184816,-5.035152622,0,2,2,0,0.0,0.0
player_01335,player,occasional_player,0.0,True,1,5.621138998,-7.405493424,0,6,6,0,0.0,0.0
player_01336,player,occasional_player,0.0,True,1,27.315525124,-15.212973579,0,3,3,0,0.0,0.0
player_01337,player,opportunistic_player,0.0,True,1,149.726010333,100.019000386,2,2,4,0,6.108041815,0.0
player_01338,player,occasional_player,0.0,True,1,6.460598605,-9.267539659,0,6,6,0,0.0,0.0
player_01339,player,opportunistic_player,0.0,True,1,29.02015358,-9.848592531,0,3,3,0,0.0,0.0
player_01340,player,occasional_player,0.0,True,1,4.535982537,-15.92313533,0,10,10,0,0.0,0.0
player_01341,player,occasional_player,0.0,True,1,23.166281778,-6.275174171,0,2,2,0,0.0,0.0
player_01342,player,opportunistic_player,0.0,True,1,81.431647272,20.510912044,1,2,3,0,1.927617209,0.0
player_01343,player,occasional_player,0.0,True,1,32.920232085,-23.857718177,0,3,3,0,0.0,0.0
player_01344,player,occasional_player,0.0,True,1,21.335642659,-15.832520658,0,5,5,0,0.0,0.0
player_01345,player,occasional_player,0.0,True,1,17.902510195,-17.132825829,0,4,4,0,0.0,0.0
player_01346,player,occasional_player,0.0,True,1,8.173046599,-5.122595427,0,3,3,0,0.0,0.0
player_01347,player,occasional_player,0.0,True,1,6.387034793,-3.556313653,0,3,3,0,0.0,0.0
player_01348,player,occasional_player,0.0,True,1,6.497794916,-3.392157358,0,3,3,0,0.0,0.0
player_01349,player,occasional_player,0.0,True,1,3.943557082,-3.068816582,0,3,3,0,0.0,0.0
player_01350,player,occasional_player,0.0,True,1,10.783587041,-26.356766314,0,8,8,0,0.0,0.0
player_01351,player,occasional_player,0.0,True,1,10.263478566,-14.584025275,0,5,5,0,0.0,0.0
player_01352,player,opportunistic_player,0.0,True,1,92.507622097,8.565370618,1,3,4,0,2.447531874,0.0
player_01353,player,occasional_player,0.0,True,1,22.937827374,-15.270887251,0,4,4,0,0.0,0.0
player_01354,player,occasional_player,0.0,True,1,6.109017287,-5.415556346,0,4,4,0,0.0,0.0
player_01355,player,occasional_player,0.0,True,1,266.43868,236.085717501,3,2,5,0,12.804406301,0.0
player_01356,player,occasional_player,0.0,True,1,14.04684952,-7.091864688,0,3,3,0,0.0,0.0
player_01357,player,occasional_player,0.0,True,1,81.93430753,-7.874982704,0,1,1,0,0.0,0.0
player_01358,player,opportunistic_player,0.0,True,1,14.849073628,-8.568449961,0,4,4,0,0.0,0.0
player_01359,player,occasional_player,0.0,True,1,72.296391185,50.527273284,1,1,2,0,2.915853353,0.0
player_01360,player,occasional_player,0.0,True,1,3.238259935,-2.211345191,0,4,4,0,0.0,0.0
player_01361,player,occasional_player,0.0,True,1,17.054679322,-13.043538048,0,4,4,0,0.0,0.0
player_01362,player,occasional_player,0.0,True,1,7.310103787,-4.283689223,0,3,3,0,0.0,0.0
player_01363,player,occasional_player,0.0,True,1,20.650043456,-15.244806733,0,5,5,0,0.0,0.0
player_01364,player,occasional_player,0.0,True,1,16.954914142,-6.274893554,0,2,2,0,0.0,0.0
player_01365,player,opportunistic_player,0.0,True,1,66.089197657,-10.785235143,1,4,5,0,1.377806155,0.0
player_01366,player,occasional_player,0.0,True,1,122.877380524,48.121311602,2,4,6,0,4.855865187,0.0
player_01367,player,occasional_player,0.0,True,1,48.987317256,14.103283937,1,3,4,0,1.958035384,0.0
player_01368,player,player_whale,0.0,True,1,718.468440349,-37.880340426,1,2,3,0,2.448523556,0.0
player_01369,player,occasional_player,0.0,True,1,14.73484423,-6.640655506,0,2,2,0,0.0,0.0
player_01370,player,occasional_player,0.0,True,1,22.125249257,-22.991529655,0,4,4,0,0.0,0.0
player_01371,player,occasional_player,0.0,True,1,109.079665121,-65.920334879,0,3,3,0,0.0,0.0
player_01372,player,occasional_player,0.0,True,1,5.470806235,-6.617447534,0,5,5,0,0.0,0.0
player_01373,player,opportunistic_player,0.0,True,1,9.675563904,-13.661002939,0,7,7,0,0.0,0.0
player_01374,player,opportunistic_player,0.0,True,1,28.019689586,0.0,0,0,0,1,0.0,0.0
player_01375,player,occasional_player,0.0,True,1,11.322635999,-8.926607391,0,4,4,1,0.0,0.0
player_01376,player,occasional_player,0.0,True,1,14.639476998,-6.517706842,0,3,3,0,0.0,0.0
player_01377,player,occasional_player,0.0,True,1,118.177320526,-48.381441179,0,2,2,0,0.0,0.0
player_01378,player,occasional_player,0.0,True,1,9.04510076,-5.906580731,0,4,4,0,0.0,0.0
player_01379,player,occasional_player,0.0,True,1,2.344265164,-2.655734836,0,5,5,0,0.0,0.0
player_01380,player,player_whale,0.0,True,1,207.372160028,32.372160028,1,0,1,0,1.703797896,0.0
player_01381,player,player_whale,0.0,True,1,143.808601596,-31.191398404,0,4,4,0,0.0,0.0
player_01382,player,occasional_player,0.0,True,1,15.194445208,-6.455642193,0,2,2,1,0.0,0.0
player_01383,player,occasional_player,0.0,True,1,6.577107933,-9.038202831,0,5,5,0,0.0,0.0
player_01384,player,occasional_player,0.0,True,1,85.448789502,-4.847758158,1,2,3,0,2.087001869,0.0
player_01385,player,occasional_player,0.0,True,1,3.91793247,-1.561904095,0,3,3,0,0.0,0.0
player_01386,player,occasional_player,0.0,True,1,14.527256303,-5.221838901,0,2,2,0,0.0,0.0
player_01387,player,occasional_player,0.0,True,1,39.35487165,21.86208751,1,4,5,0,1.912542395,0.0
player_01388,player,occasional_player,0.0,True,1,4.007270652,-11.265364646,0,8,8,0,0.0,0.0
player_01389,player,occasional_player,0.0,True,1,16.917563753,-27.608221427,0,6,6,0,0.0,0.0
player_01390,player,opportunistic_player,0.0,True,1,24.316467906,-4.931947213,0,2,2,0,0.0,0.0
player_01391,player,occasional_player,0.0,True,1,7.168121063,-7.132634066,0,4,4,0,0.0,0.0
player_01392,player,opportunistic_player,0.0,True,1,45.315932856,-8.787426305,0,2,2,0,0.0,0.0
player_01393,player,occasional_player,0.0,True,1,2.745431832,-2.282742832,0,3,3,0,0.0,0.0
player_01394,player,opportunistic_player,0.0,True,1,164.230865632,7.355160398,2,2,4,0,3.290076072,0.0
player_01395,player,occasional_player,0.0,True,1,19.624672032,-12.038209733,0,3,3,0,0.0,0.0
player_01396,player,opportunistic_player,0.0,True,1,40.675401407,-12.547884923,0,3,3,1,0.0,0.0
player_01397,player,occasional_player,0.0,True,1,24.57113006,-18.488720469,0,3,3,0,0.0,0.0
player_01398,player,occasional_player,0.0,True,1,14.873805625,-2.671134927,0,1,1,0,0.0,0.0
player_01399,player,occasional_player,0.0,True,1,24.583059904,-13.065377751,0,3,3,0,0.0,0.0
player_01400,player,opportunistic_player,0.0,True,1,81.828128639,25.548833726,1,2,3,0,2.092326473,0.0
player_01401,player,occasional_player,0.0,True,1,33.821580914,-24.228177895,0,4,4,0,0.0,0.0
player_01402,player,occasional_player,0.0,True,1,33.355020794,-17.684705154,0,3,3,0,0.0,0.0
player_01403,player,opportunistic_player,0.0,True,1,71.788640165,38.959299308,1,1,2,0,2.214703849,0.0
player_01404,player,occasional_player,0.0,True,1,6.543539621,-2.302993588,0,2,2,0,0.0,0.0
player_01405,player,occasional_player,0.0,True,1,14.455037271,-21.577621985,0,6,6,0,0.0,0.0
player_01406,player,opportunistic_player,0.0,True,1,12.997740013,-14.592123254,0,7,7,0,0.0,0.0
player_01407,player,opportunistic_player,0.0,True,1,38.383322119,-20.103475227,0,3,3,0,0.0,0.0
player_01408,player,opportunistic_player,0.0,True,1,23.468718981,-20.203591509,0,5,5,0,0.0,0.0
player_01409,player,opportunistic_player,0.0,True,1,14.006740665,-9.492778009,0,4,4,1,0.0,0.0
player_01410,player,occasional_player,0.0,True,1,194.666868778,19.666868778,1,1,2,0,2.4295713,0.0
player_01411,player,occasional_player,0.0,True,1,5.163057598,-2.545358484,0,3,3,0,0.0,0.0
player_01412,player,occasional_player,0.0,True,1,9.770366803,-7.27550071,0,4,4,0,0.0,0.0
player_01413,player,occasional_player,0.0,True,1,2.415522406,-3.355059128,0,5,5,0,0.0,0.0
player_01414,player,player_whale,0.0,True,1,323.357166515,148.357166515,2,1,3,0,8.697436158,0.0
player_01415,player,occasional_player,0.0,True,1,53.279939045,-7.50319868,0,1,1,0,0.0,0.0
player_01416,player,occasional_player,0.0,True,1,18.830706966,-8.581571554,0,3,3,0,0.0,0.0
player_01417,player,occasional_player,0.0,True,1,17.254264738,-2.054577755,0,1,1,0,0.0,0.0
player_01418,player,occasional_player,0.0,True,1,24.987533603,-5.730102561,0,2,2,0,0.0,0.0
player_01419,player,occasional_player,0.0,True,1,3.130402101,-1.869597899,0,4,4,0,0.0,0.0
player_01420,player,occasional_player,0.0,True,1,72.986716004,-102.013283996,0,7,7,0,0.0,0.0
player_01421,player,occasional_player,0.0,True,1,16.478731491,-8.180197382,0,2,2,0,0.0,0.0
player_01422,player,occasional_player,0.0,True,1,7.106127223,-3.914244432,0,3,3,0,0.0,0.0
player_01423,player,occasional_player,0.0,True,1,10.200489215,-21.627612822,0,7,7,0,0.0,0.0
player_01424,player,opportunistic_player,0.0,True,1,32.902937985,-22.823058451,0,3,3,0,0.0,0.0
player_01425,player,occasional_player,0.0,True,1,17.600090381,-6.307440435,0,2,2,0,0.0,0.0
player_01426,player,occasional_player,0.0,True,1,14.847673744,-2.038799257,0,1,1,0,0.0,0.0
player_01427,player,occasional_player,0.0,True,1,2.285011137,-5.564026186,0,8,8,0,0.0,0.0
player_01428,player,occasional_player,0.0,True,1,5.541564226,-8.505276159,0,5,5,1,0.0,0.0
player_01429,player,occasional_player,0.0,True,1,3.261930772,-2.941010907,0,4,4,0,0.0,0.0
player_01430,player,occasional_player,0.0,True,1,3.448278538,-7.510813262,0,6,6,0,0.0,0.0
player_01431,player,occasional_player,0.0,True,1,20.565276539,-14.224013538,0,4,4,1,0.0,0.0
player_01432,player,occasional_player,0.0,True,1,60.756236867,10.495811897,2,5,7,0,4.448497845,0.0
player_01433,player,occasional_player,0.0,True,1,32.251051889,-29.465983924,0,5,5,0,0.0,0.0
player_01434,player,occasional_player,0.0,True,1,16.359201721,-1.388777422,0,1,1,0,0.0,0.0
player_01435,player,occasional_player,0.0,True,1,59.84543847,-6.705458736,0,1,1,0,0.0,0.0
player_01436,player,opportunistic_player,0.0,True,1,40.681507799,-11.73457153,0,2,2,0,0.0,0.0
player_01437,player,occasional_player,0.0,True,1,3.772759186,-3.032330037,0,4,4,0,0.0,0.0
player_01438,player,occasional_player,0.0,True,1,3.928138647,-2.849785144,0,4,4,0,0.0,0.0
player_01439,player,occasional_player,0.0,True,1,21.091158301,-15.084557245,0,3,3,0,0.0,0.0
player_01440,player,occasional_player,0.0,True,1,3.637054579,-4.708909957,0,5,5,0,0.0,0.0
player_01441,player,occasional_player,0.0,True,1,3.038503446,-2.397363199,0,3,3,1,0.0,0.0
player_01442,player,occasional_player,0.0,True,1,41.600710694,-4.989167851,0,1,1,0,0.0,0.0
player_01443,player,opportunistic_player,0.0,True,1,16.888510026,-11.852966306,0,4,4,0,0.0,0.0
player_01444,player,occasional_player,0.0,True,1,88.112863305,74.621620137,1,1,2,0,4.429276182,0.0
player_01445,player,occasional_player,0.0,True,1,11.192127805,-10.652565646,0,4,4,1,0.0,0.0
player_01446,player,occasional_player,0.0,True,1,22.364896785,-4.235861567,0,2,2,0,0.0,0.0
player_01447,player,opportunistic_player,0.0,True,1,219.400941971,82.576824766,3,4,7,0,8.107327558,0.0
player_01448,player,occasional_player,0.0,True,1,17.703090023,-8.272511975,0,2,2,0,0.0,0.0
player_01449,player,occasional_player,0.0,True,1,17.109928777,-2.201149145,0,1,1,0,0.0,0.0
player_01450,player,occasional_player,0.0,True,1,15.767113153,-2.574652438,0,2,2,0,0.0,0.0
player_01451,player,occasional_player,0.0,True,1,4.353228187,-3.526328052,0,5,5,0,0.0,0.0
player_01452,player,occasional_player,0.0,True,1,18.345558968,-17.113986106,0,5,5,0,0.0,0.0
player_01453,player,occasional_player,0.0,True,1,12.386964346,-3.292494368,0,2,2,0,0.0,0.0
player_01454,player,occasional_player,0.0,True,1,13.761150419,-6.04507045,0,2,2,0,0.0,0.0
player_01455,player,occasional_player,0.0,True,1,5.528492511,-2.113445421,0,2,2,0,0.0,0.0
player_01456,player,occasional_player,0.0,True,1,2.475534926,-2.524465074,0,6,6,0,0.0,0.0
player_01457,player,occasional_player,0.0,True,1,16.630606537,-5.318500337,0,2,2,0,0.0,0.0
player_01458,player,opportunistic_player,0.0,True,1,30.051453404,-13.16750383,0,3,3,0,0.0,0.0
player_01459,player,occasional_player,0.0,True,1,6.733653438,-5.911699723,0,4,4,0,0.0,0.0
player_01460,player,occasional_player,0.0,True,1,94.448788012,62.464455451,2,6,8,0,6.090041491,0.0
player_01461,player,occasional_player,0.0,True,1,4.652048898,-6.030001108,0,5,5,0,0.0,0.0
player_01462,player,occasional_player,0.0,True,1,33.606213267,-10.741291622,0,2,2,0,0.0,0.0
player_01463,player,occasional_player,0.0,True,1,7.901071769,-10.53020593,0,5,5,0,0.0,0.0
player_01464,player,occasional_player,0.0,True,1,22.651385624,-13.0618188,0,4,4,0,0.0,0.0
player_01465,player,occasional_player,0.0,True,1,66.824500563,33.82573755,1,1,2,0,1.963203055,0.0
player_01466,player,occasional_player,0.0,True,1,37.120662618,26.393419796,1,1,2,0,1.791276968,0.0
player_01467,player,occasional_player,0.0,True,1,5.077046849,-2.606514023,0,4,4,0,0.0,0.0
player_01468,player,opportunistic_player,0.0,True,1,78.181679373,-24.370320605,0,2,2,0,0.0,0.0
player_01469,player,occasional_player,0.0,True,1,15.625930532,-8.825845516,0,4,4,1,0.0,0.0
player_01470,player,occasional_player,0.0,True,1,20.259417169,-41.372336827,0,7,7,0,0.0,0.0
player_01471,player,occasional_player,0.0,True,1,23.374176723,-11.024554198,0,2,2,0,0.0,0.0
player_01472,player,occasional_player,0.0,True,1,29.405457689,-2.967642474,0,1,1,0,0.0,0.0
player_01473,player,occasional_player,0.0,True,1,6.368920502,-6.427092706,0,5,5,0,0.0,0.0
player_01474,player,occasional_player,0.0,True,1,2.985546073,-2.014453927,0,3,3,1,0.0,0.0
player_01475,player,occasional_player,0.0,True,1,4.955158278,-5.652113639,0,5,5,0,0.0,0.0
player_01476,player,occasional_player,0.0,True,1,25.389471871,-7.015886524,0,2,2,0,0.0,0.0
player_01477,player,occasional_player,0.0,True,1,7.871387144,-6.973926737,0,4,4,0,0.0,0.0
player_01478,player,occasional_player,0.0,True,1,6.78174823,-2.951005867,0,2,2,0,0.0,0.0
player_01479,player,occasional_player,0.0,True,1,51.706331734,-29.673652099,0,3,3,0,0.0,0.0
player_01480,player,occasional_player,0.0,True,1,46.624617228,-25.746284372,0,4,4,0,0.0,0.0
player_01481,player,occasional_player,0.0,True,1,63.341112111,-21.574913278,0,3,3,0,0.0,0.0
player_01482,player,occasional_player,0.0,True,1,80.631515312,57.591929771,2,4,6,0,6.262474462,0.0
player_01483,player,opportunistic_player,0.0,True,1,24.323143921,-12.323083691,0,3,3,0,0.0,0.0
player_01484,player,opportunistic_player,0.0,True,1,26.895611014,-35.952374918,0,5,5,0,0.0,0.0
player_01485,player,opportunistic_player,0.0,True,1,33.827814801,-14.623039618,0,2,2,0,0.0,0.0
player_01486,player,occasional_player,0.0,True,1,52.339578584,-25.073503956,0,2,2,0,0.0,0.0
player_01487,player,occasional_player,0.0,True,1,3.79221717,-1.20778283,0,3,3,0,0.0,0.0
player_01488,player,occasional_player,0.0,True,1,2.666368193,-3.060046081,0,6,6,0,0.0,0.0
player_01489,player,opportunistic_player,0.0,True,1,21.655984839,-11.869867922,0,3,3,0,0.0,0.0
player_01490,player,occasional_player,0.0,True,1,9.914942029,-4.461930331,0,2,2,0,0.0,0.0
player_01491,player,occasional_player,0.0,True,1,7.762544992,-8.357476272,0,4,4,0,0.0,0.0
player_01492,player,occasional_player,0.0,True,1,5.668395418,-3.049697935,0,3,3,0,0.0,0.0
player_01493,player,opportunistic_player,0.0,True,1,11.195304156,-7.026649269,0,4,4,0,0.0,0.0
player_01494,player,occasional_player,0.0,True,1,10.828146208,-10.941042244,0,5,5,0,0.0,0.0
player_01495,player,occasional_player,0.0,True,1,10.54361345,-4.036954284,0,2,2,0,0.0,0.0
player_01496,player,occasional_player,0.0,True,1,3.50933821,-2.225225683,0,3,3,0,0.0,0.0
player_01497,player,opportunistic_player,0.0,True,1,28.181120467,-2.315111779,0,1,1,1,0.0,0.0
player_01498,player,opportunistic_player,0.0,True,1,64.631576652,-25.044197467,0,2,2,0,0.0,0.0
player_01499,player,occasional_player,0.0,True,1,35.391275296,-9.281291083,0,2,2,0,0.0,0.0
player_01500,player,occasional_player,0.0,True,1,169.443560298,95.96465163,2,0,2,0,5.050771138,0.0
player_01501,player,opportunistic_player,0.0,True,1,282.658605951,74.274328986,2,1,3,0,5.116819537,0.0
player_01502,player,player_whale,0.0,True,1,222.917027771,4.10376524,1,1,2,0,1.040908489,0.0
player_01503,player,opportunistic_player,0.0,True,1,18.965221852,-5.069643071,0,3,3,0,0.0,0.0
player_01504,player,player_whale,0.0,True,1,244.604246117,-27.110007738,0,2,2,1,0.0,0.0
player_01505,player,opportunistic_player,0.0,True,1,17.85883104,-9.0928798,0,4,4,0,0.0,0.0
player_01506,player,occasional_player,0.0,True,1,36.235066876,-26.89274818,0,4,4,0,0.0,0.0
player_01507,player,occasional_player,0.0,True,1,12.350091811,-14.232281687,0,4,4,0,0.0,0.0
player_01508,player,occasional_player,0.0,True,1,72.241374787,-69.601086657,0,4,4,0,0.0,0.0
player_01509,player,occasional_player,0.0,True,1,30.97337783,-12.661063798,0,2,2,1,0.0,0.0
player_01510,player,occasional_player,0.0,True,1,12.818103937,-12.913752809,0,4,4,0,0.0,0.0
player_01511,player,occasional_player,0.0,True,1,4.126575149,-0.873424851,0,2,2,0,0.0,0.0
player_01512,player,occasional_player,0.0,True,1,18.814320263,-6.620009654,0,3,3,0,0.0,0.0
player_01513,player,opportunistic_player,0.0,True,1,16.411638163,-4.328784754,0,2,2,0,0.0,0.0
player_01514,player,occasional_player,0.0,True,1,19.955616706,-8.433572073,0,2,2,0,0.0,0.0
player_01515,player,occasional_player,0.0,True,1,29.811893936,-40.96688559,0,5,5,0,0.0,0.0
player_01516,player,opportunistic_player,0.0,True,1,149.820134979,63.782976104,2,1,3,0,3.911093931,0.0
player_01517,player,occasional_player,0.0,True,1,40.176500172,-12.281566967,0,2,2,0,0.0,0.0
player_01518,player,occasional_player,0.0,True,1,35.09445696,-9.116785317,0,1,1,0,0.0,0.0
player_01519,player,occasional_player,0.0,True,1,2.696375306,-2.303624694,0,4,4,0,0.0,0.0
player_01520,player,occasional_player,0.0,True,1,51.162369571,36.716881807,2,6,8,0,5.12282799,0.0
player_01521,player,occasional_player,0.0,True,1,98.603419243,25.798745099,1,1,2,0,2.228781942,0.0
player_01522,player,occasional_player,0.0,True,1,22.597043658,-10.098776873,0,3,3,0,0.0,0.0
player_01523,player,occasional_player,0.0,True,1,2.528151259,-2.471848741,0,4,4,0,0.0,0.0
player_01524,player,occasional_player,0.0,True,1,24.243350021,-1.72987665,0,1,1,1,0.0,0.0
player_01525,player,occasional_player,0.0,True,1,26.745361513,-5.544548613,0,1,1,0,0.0,0.0
player_01526,player,occasional_player,0.0,True,1,39.509577862,-39.476531928,0,5,5,0,0.0,0.0
player_01527,player,occasional_player,0.0,True,1,8.759013809,-5.220945547,0,3,3,0,0.0,0.0
player_01528,player,occasional_player,0.0,True,1,7.524409667,-2.704940107,0,3,3,0,0.0,0.0
player_01529,player,occasional_player,0.0,True,1,24.097091321,-27.722492749,0,5,5,0,0.0,0.0
player_01530,player,opportunistic_player,0.0,True,1,24.506523309,-10.917242882,0,3,3,0,0.0,0.0
player_01531,player,occasional_player,0.0,True,1,3.139899058,-4.132530858,0,5,5,0,0.0,0.0
player_01532,player,occasional_player,0.0,True,1,12.110091804,-2.23907471,0,1,1,1,0.0,0.0
player_01533,player,occasional_player,0.0,True,1,7.835023278,-2.179080539,0,2,2,0,0.0,0.0
player_01534,player,opportunistic_player,0.0,True,1,240.568452437,125.326037407,3,0,3,0,6.596107232,0.0
player_01535,player,occasional_player,0.0,True,1,4.724863237,-4.993374812,0,5,5,0,0.0,0.0
player_01536,player,occasional_player,0.0,True,1,6.700050765,-3.546883484,0,3,3,0,0.0,0.0
player_01537,player,occasional_player,0.0,True,1,11.2854845,-8.147235921,0,3,3,0,0.0,0.0
player_01538,player,occasional_player,0.0,True,1,3.417051259,-2.551653131,0,4,4,0,0.0,0.0
player_01539,player,occasional_player,0.0,True,1,10.987844698,-4.448282746,0,2,2,0,0.0,0.0
player_01540,player,opportunistic_player,0.0,True,1,15.158918422,-4.295987294,0,4,4,0,0.0,0.0
player_01541,player,occasional_player,0.0,True,1,4.040770579,-0.959229421,0,1,1,0,0.0,0.0
player_01542,player,occasional_player,0.0,True,1,8.870366559,-4.16497271,0,3,3,0,0.0,0.0
player_01543,player,opportunistic_player,0.0,True,1,20.344286532,-9.379397916,0,3,3,1,0.0,0.0
player_01544,player,opportunistic_player,0.0,True,1,59.354160164,-44.203079056,0,4,4,0,0.0,0.0
player_01545,player,opportunistic_player,0.0,True,1,92.283104084,-26.158962967,0,2,2,1,0.0,0.0
player_01546,player,occasional_player,0.0,True,1,8.608582359,-3.208201343,0,3,3,0,0.0,0.0
player_01547,player,occasional_player,0.0,True,1,4.896257751,-4.469269994,0,4,4,0,0.0,0.0
player_01548,player,occasional_player,0.0,True,1,29.922671962,-8.446338305,0,2,2,0,0.0,0.0
player_01549,player,opportunistic_player,0.0,True,1,16.154257333,-4.753837312,0,3,3,0,0.0,0.0
player_01550,player,occasional_player,0.0,True,1,12.234771011,-14.491768572,0,5,5,0,0.0,0.0
player_01551,player,occasional_player,0.0,True,1,2.921481175,-3.429596819,0,5,5,0,0.0,0.0
player_01552,player,opportunistic_player,0.0,True,1,39.72253313,-24.079370263,0,4,4,0,0.0,0.0
player_01553,player,occasional_player,0.0,True,1,60.194151369,31.3572419,1,3,4,1,2.395916762,0.0
player_01554,player,occasional_player,0.0,True,1,23.673411176,-8.883473605,0,2,2,0,0.0,0.0
player_01555,player,opportunistic_player,0.0,True,1,90.467735823,-17.843635912,0,2,2,0,0.0,0.0
player_01556,player,occasional_player,0.0,True,1,11.310036417,-4.076806678,0,2,2,0,0.0,0.0
player_01557,player,occasional_player,0.0,True,1,6.820602055,-8.632486383,0,5,5,0,0.0,0.0
player_01558,player,occasional_player,0.0,True,1,5.391750453,-1.219038016,0,2,2,0,0.0,0.0
player_01559,player,opportunistic_player,0.0,True,1,31.370340336,-12.060372546,0,2,2,0,0.0,0.0
player_01560,player,opportunistic_player,0.0,True,1,180.105221697,114.27409145,2,1,3,0,6.502253314,0.0
player_01561,player,player_whale,0.0,True,1,243.461273623,35.039899933,1,1,2,0,2.809011713,0.0
player_01562,player,occasional_player,0.0,True,1,14.632700267,-5.30372587,0,2,2,0,0.0,0.0
player_01563,player,opportunistic_player,0.0,True,1,36.01610757,-27.123323836,0,4,4,0,0.0,0.0
player_01564,player,player_whale,0.0,True,1,408.590958737,164.405787595,2,0,2,0,8.652936189,0.0
player_01565,player,occasional_player,0.0,True,1,24.654204924,-5.348268368,0,1,1,0,0.0,0.0
player_01566,player,opportunistic_player,0.0,True,1,8.987347772,-6.012652228,0,6,6,0,0.0,0.0
player_01567,player,occasional_player,0.0,True,1,7.336223843,-2.724354365,0,2,2,0,0.0,0.0
player_01568,player,player_whale,0.0,True,1,488.824955965,9.954013203,1,2,3,0,3.196074316,0.0
player_01569,player,occasional_player,0.0,True,1,2.006208536,-2.993791464,0,6,6,0,0.0,0.0
player_01570,player,occasional_player,0.0,True,1,6.841329362,-8.391125178,0,5,5,0,0.0,0.0
player_01571,player,occasional_player,0.0,True,1,5.184967355,-1.219555184,0,2,2,0,0.0,0.0
player_01572,player,occasional_player,0.0,True,1,5.851316509,-6.171535586,0,4,4,0,0.0,0.0
player_01573,player,occasional_player,0.0,True,1,6.740320359,-1.885294074,0,1,1,1,0.0,0.0
player_01574,player,occasional_player,0.0,True,1,31.630718154,-10.289376073,0,2,2,0,0.0,0.0
player_01575,player,player_whale,0.0,True,1,471.254454228,-93.63997663,0,4,4,1,0.0,0.0
player_01576,player,occasional_player,0.0,True,1,28.557669584,-10.330046598,0,2,2,0,0.0,0.0
player_01577,player,occasional_player,0.0,True,1,19.902710043,-13.299348122,0,4,4,0,0.0,0.0
player_01578,player,opportunistic_player,0.0,True,1,96.414902046,46.485507874,1,1,2,0,2.583698373,0.0
player_01579,player,occasional_player,0.0,True,1,30.481785346,-4.932565913,0,1,1,0,0.0,0.0
player_01580,player,occasional_player,0.0,True,1,18.035838202,-5.273383427,0,2,2,0,0.0,0.0
player_01581,player,occasional_player,0.0,True,1,2.118434838,-4.259992082,0,6,6,0,0.0,0.0
player_01582,player,occasional_player,0.0,True,1,26.468580265,-14.118561264,0,2,2,0,0.0,0.0
player_01583,player,opportunistic_player,0.0,True,1,47.327905439,-31.45241637,0,4,4,0,0.0,0.0
player_01584,player,occasional_player,0.0,True,1,46.424992689,-28.360079012,0,4,4,0,0.0,0.0
player_01585,player,occasional_player,0.0,True,1,31.445708947,-4.080030582,0,1,1,0,0.0,0.0
player_01586,player,occasional_player,0.0,True,1,20.463483614,-39.739832514,0,7,7,0,0.0,0.0
player_01587,player,opportunistic_player,0.0,True,1,116.713206699,27.201294102,1,2,3,0,3.176378969,0.0
player_01588,player,occasional_player,0.0,True,1,7.540569893,-1.158887494,0,1,1,0,0.0,0.0
player_01589,player,occasional_player,0.0,True,1,4.592055809,-3.244605858,0,3,3,0,0.0,0.0
player_01590,player,occasional_player,0.0,True,1,97.328556839,-27.260832821,0,2,2,0,0.0,0.0
player_01591,player,occasional_player,0.0,True,1,51.725521206,0.755959688,1,3,4,0,2.093776662,0.0
player_01592,player,occasional_player,0.0,True,1,16.177038316,-14.347876389,0,4,4,0,0.0,0.0
player_01593,player,occasional_player,0.0,True,1,9.740661533,-2.11611814,0,1,1,0,0.0,0.0
player_01594,player,occasional_player,0.0,True,1,5.348331628,-1.719897077,0,2,2,0,0.0,0.0
player_01595,player,occasional_player,0.0,True,1,4.084389124,-2.83809265,0,3,3,0,0.0,0.0
player_01596,player,occasional_player,0.0,True,1,10.100212919,-4.505268158,0,3,3,0,0.0,0.0
player_01597,player,occasional_player,0.0,True,1,24.777356506,-11.197619115,0,3,3,0,0.0,0.0
player_01598,player,occasional_player,0.0,True,1,38.377091049,-14.59045273,0,2,2,0,0.0,0.0
player_01599,player,occasional_player,0.0,True,1,44.412197703,-10.444751595,0,2,2,0,0.0,0.0
player_01600,player,occasional_player,0.0,True,1,12.002388842,-6.584255562,0,3,3,0,0.0,0.0
player_01601,player,occasional_player,0.0,True,1,7.409760164,-1.071052115,0,1,1,0,0.0,0.0
player_01602,player,occasional_player,0.0,True,1,9.561677631,-3.319987382,0,2,2,0,0.0,0.0
player_01603,player,occasional_player,0.0,True,1,117.435286979,39.420902082,2,3,5,0,5.067870611,0.0
player_01604,player,occasional_player,0.0,True,1,56.347221254,-8.701148523,0,2,2,0,0.0,0.0
player_01605,player,occasional_player,0.0,True,1,60.212672498,44.316277528,1,4,5,0,2.915226499,0.0
player_01606,player,occasional_player,0.0,True,1,8.261033569,-9.120700216,0,4,4,0,0.0,0.0
player_01607,player,occasional_player,0.0,True,1,118.278316494,26.06454404,1,2,3,0,2.714735108,0.0
player_01608,player,occasional_player,0.0,True,1,77.197317667,-23.66031119,0,2,2,0,0.0,0.0
player_01609,player,occasional_player,0.0,True,1,5.577022265,-0.500030338,0,1,1,0,0.0,0.0
player_01610,player,occasional_player,0.0,True,1,104.627685058,57.664440747,2,3,5,0,6.396418451,0.0
player_01611,player,occasional_player,0.0,True,1,15.851758699,-14.746624921,0,4,4,0,0.0,0.0
player_01612,player,occasional_player,0.0,True,1,11.583745817,-8.500400136,0,3,3,0,0.0,0.0
player_01613,player,occasional_player,0.0,True,1,48.56130092,-35.01693813,0,3,3,0,0.0,0.0
player_01614,player,occasional_player,0.0,True,1,3.146521628,-1.853478372,0,3,3,0,0.0,0.0
player_01615,player,occasional_player,0.0,True,1,12.397523974,-2.370717402,0,2,2,0,0.0,0.0
player_01616,player,occasional_player,0.0,True,1,5.85063314,-3.636673359,0,3,3,0,0.0,0.0
player_01617,player,occasional_player,0.0,True,1,20.462336663,-11.955400513,0,4,4,0,0.0,0.0
player_01618,player,occasional_player,0.0,True,1,30.229100522,-7.811818347,0,1,1,0,0.0,0.0
player_01619,player,opportunistic_player,0.0,True,1,9.942178116,-5.057821884,0,4,4,0,0.0,0.0
player_01620,player,occasional_player,0.0,True,1,3.328995561,-5.996002575,0,6,6,0,0.0,0.0
player_01621,player,occasional_player,0.0,True,1,21.422614421,-8.396638275,0,2,2,0,0.0,0.0
player_01622,player,occasional_player,0.0,True,1,130.452546576,40.029857959,1,1,2,0,3.425056394,0.0
player_01623,player,occasional_player,0.0,True,1,113.533950426,49.730941139,1,0,1,1,2.617417955,0.0
player_01624,player,occasional_player,0.0,True,1,92.674748439,7.755397552,1,3,4,0,2.901326731,0.0
player_01625,player,occasional_player,0.0,True,1,99.513881015,-40.626273712,0,3,3,0,0.0,0.0
player_01626,player,occasional_player,0.0,True,1,14.598561308,-5.490683397,0,2,2,0,0.0,0.0
player_01627,player,occasional_player,0.0,True,1,12.924804506,-9.34998581,0,4,4,0,0.0,0.0
player_01628,player,occasional_player,0.0,True,1,21.114310599,-11.372637316,0,2,2,0,0.0,0.0
player_01629,player,opportunistic_player,0.0,True,1,87.285935375,53.65883133,1,5,6,0,5.173727019,0.0
player_01630,player,occasional_player,0.0,True,1,13.298299113,-5.088710562,0,2,2,0,0.0,0.0
player_01631,player,occasional_player,0.0,True,1,6.513504292,-3.308552989,0,2,2,0,0.0,0.0
player_01632,player,occasional_player,0.0,True,1,15.816923639,-28.93683745,0,8,8,0,0.0,0.0
player_01633,player,occasional_player,0.0,True,1,15.788774003,-5.789199299,0,2,2,0,0.0,0.0
player_01634,player,occasional_player,0.0,True,1,4.348848198,-3.199237323,0,3,3,0,0.0,0.0
player_01635,player,occasional_player,0.0,True,1,10.349598886,-7.471160669,0,3,3,0,0.0,0.0
player_01636,player,occasional_player,0.0,True,1,87.555643179,14.738190551,1,2,3,0,3.109499218,0.0
player_01637,player,occasional_player,0.0,True,1,151.063588766,132.677155261,2,2,4,0,7.244992726,0.0
player_01638,player,occasional_player,0.0,True,1,2.064506317,-2.935493683,0,5,5,0,0.0,0.0
player_01639,player,occasional_player,0.0,True,1,3.875139824,-5.435735492,0,6,6,0,0.0,0.0
player_01640,player,occasional_player,0.0,True,1,14.651224758,-3.403415924,0,2,2,1,0.0,0.0
player_01641,player,occasional_player,0.0,True,1,12.482582611,-16.36655958,0,5,5,0,0.0,0.0
player_01642,player,occasional_player,0.0,True,1,7.960717055,-7.184840777,0,5,5,0,0.0,0.0
player_01643,player,occasional_player,0.0,True,1,47.632771056,29.310876329,1,4,5,0,3.444759927,0.0
player_01644,player,occasional_player,0.0,True,1,10.463306738,-19.151826577,0,7,7,0,0.0,0.0
player_01645,player,opportunistic_player,0.0,True,1,61.326566369,-10.632433133,0,2,2,0,0.0,0.0
player_01646,player,opportunistic_player,0.0,True,1,40.872775532,-13.246541984,0,3,3,0,0.0,0.0
player_01647,player,occasional_player,0.0,True,1,126.57895861,42.00017393,1,2,3,0,3.697395944,0.0
player_01648,player,occasional_player,0.0,True,1,70.964245679,-19.662235735,0,2,2,0,0.0,0.0
player_01649,player,occasional_player,0.0,True,1,59.746363028,52.457963654,1,0,1,0,2.760945455,0.0
player_01650,player,occasional_player,0.0,True,1,12.094931264,-2.672143098,0,2,2,0,0.0,0.0
player_01651,player,occasional_player,0.0,True,1,57.624280817,-12.726807752,0,2,2,0,0.0,0.0
player_01652,player,opportunistic_player,0.0,True,1,33.181748331,-17.32891222,0,3,3,0,0.0,0.0
player_01653,player,occasional_player,0.0,True,1,3.025299326,-1.974700674,0,4,4,0,0.0,0.0
player_01654,player,occasional_player,0.0,True,1,22.92110537,-6.409080462,0,2,2,0,0.0,0.0
player_01655,player,occasional_player,0.0,True,1,4.290064478,-2.889853409,0,3,3,0,0.0,0.0
player_01656,player,occasional_player,0.0,True,1,6.326819045,-4.635558749,0,3,3,0,0.0,0.0
player_01657,player,opportunistic_player,0.0,True,1,12.005485307,-2.994514693,0,2,2,0,0.0,0.0
player_01658,player,occasional_player,0.0,True,1,3.417311712,-2.130631426,0,4,4,0,0.0,0.0
player_01659,player,occasional_player,0.0,True,1,9.861708296,-1.885765247,0,1,1,1,0.0,0.0
player_01660,player,occasional_player,0.0,True,1,9.714886871,-1.137696565,0,1,1,0,0.0,0.0
player_01661,player,occasional_player,0.0,True,1,34.797283894,-3.968568484,0,1,1,0,0.0,0.0
player_01662,player,opportunistic_player,0.0,True,1,43.930090247,-8.828635601,0,1,1,0,0.0,0.0
player_01663,player,occasional_player,0.0,True,1,33.060710738,-11.034712724,0,2,2,0,0.0,0.0
player_01664,player,occasional_player,0.0,True,1,217.425480816,42.425480816,1,0,1,0,2.232920043,0.0
player_01665,player,occasional_player,0.0,True,1,36.91181708,-7.881234499,0,1,1,0,0.0,0.0
player_01666,player,occasional_player,0.0,True,1,8.667741357,-8.223485725,0,5,5,0,0.0,0.0
player_01667,player,occasional_player,0.0,True,1,16.293644624,-1.952427182,0,1,1,0,0.0,0.0
player_01668,player,opportunistic_player,0.0,True,1,8.196534102,-6.803465898,0,5,5,0,0.0,0.0
player_01669,player,occasional_player,0.0,True,1,12.952818254,-8.496512401,0,3,3,0,0.0,0.0
player_01670,player,occasional_player,0.0,True,1,31.021800165,-12.80287727,0,2,2,1,0.0,0.0
player_01671,player,occasional_player,0.0,True,1,8.171773398,-4.097495246,0,3,3,0,0.0,0.0
player_01672,player,occasional_player,0.0,True,1,85.458223288,25.042976207,1,2,3,0,2.114791689,0.0
player_01673,player,occasional_player,0.0,True,1,31.951659706,-3.967080382,0,1,1,0,0.0,0.0
player_01674,player,opportunistic_player,0.0,True,1,201.462337137,63.886783372,1,1,2,0,4.169845427,0.0
player_01675,player,occasional_player,0.0,True,1,5.862913016,-4.288530497,0,3,3,0,0.0,0.0
player_01676,player,player_whale,0.0,True,1,619.986000694,-186.710090673,0,4,4,0,0.0,0.0
player_01677,player,opportunistic_player,0.0,True,1,85.275251792,18.934192984,1,3,4,0,2.568676739,0.0
player_01678,player,occasional_player,0.0,True,1,53.809369345,-9.34026028,0,1,1,0,0.0,0.0
player_01679,player,occasional_player,0.0,True,1,7.078874166,-6.335555959,0,4,4,0,0.0,0.0
player_01680,player,occasional_player,0.0,True,1,25.477974141,-15.400029935,0,3,3,0,0.0,0.0
player_01681,player,opportunistic_player,0.0,True,1,29.814683207,-7.796586634,0,2,2,0,0.0,0.0
player_01682,player,occasional_player,0.0,True,1,26.78429588,-23.656775507,0,4,4,0,0.0,0.0
player_01683,player,occasional_player,0.0,True,1,25.893790446,-13.185596756,0,2,2,0,0.0,0.0
player_01684,player,opportunistic_player,0.0,True,1,7.602738366,-7.397261634,0,5,5,0,0.0,0.0
player_01685,player,occasional_player,0.0,True,1,20.479965541,-4.528191684,0,2,2,0,0.0,0.0
player_01686,player,occasional_player,0.0,True,1,7.185664233,-1.015494635,0,1,1,0,0.0,0.0
player_01687,player,occasional_player,0.0,True,1,32.998721041,-10.267993242,0,3,3,0,0.0,0.0
player_01688,player,occasional_player,0.0,True,1,27.128632036,-8.705431328,0,2,2,0,0.0,0.0
player_01689,player,occasional_player,0.0,True,1,41.238507053,-8.496830841,0,1,1,0,0.0,0.0
player_01690,player,opportunistic_player,0.0,True,1,9.987512841,-7.919655001,0,4,4,0,0.0,0.0
player_01691,player,occasional_player,0.0,True,1,23.366396693,-14.821559044,0,4,4,0,0.0,0.0
player_01692,player,occasional_player,0.0,True,1,176.165646383,119.178881969,3,2,5,0,7.173007476,0.0
player_01693,player,occasional_player,0.0,True,1,54.843593272,28.891615208,1,2,3,0,2.196801419,0.0
player_01694,player,occasional_player,0.0,True,1,4.276045773,-3.345702524,0,4,4,0,0.0,0.0
player_01695,player,occasional_player,0.0,True,1,11.699282618,-1.872964192,0,1,1,0,0.0,0.0
player_01696,player,occasional_player,0.0,True,1,12.538080274,-10.006919695,0,3,3,0,0.0,0.0
player_01697,player,player_whale,0.0,True,1,478.765401685,53.486576568,1,0,1,0,2.815082977,0.0
player_01698,player,occasional_player,0.0,True,1,30.0380337,-2.201545949,0,1,1,0,0.0,0.0
player_01699,player,opportunistic_player,0.0,True,1,132.044884083,3.022304389,1,2,3,1,1.975966721,0.0
player_01700,player,occasional_player,0.0,True,1,7.291547987,-5.148491249,0,3,3,0,0.0,0.0
player_01701,player,occasional_player,0.0,True,1,12.801605049,-16.133923068,0,5,5,0,0.0,0.0
player_01702,player,occasional_player,0.0,True,1,9.620758228,-5.837493145,0,3,3,0,0.0,0.0
player_01703,player,occasional_player,0.0,True,1,18.207867908,-14.125153165,0,3,3,0,0.0,0.0
player_01704,player,occasional_player,0.0,True,1,25.938576282,-11.847027164,0,3,3,0,0.0,0.0
player_01705,player,opportunistic_player,0.0,True,1,55.849497911,-8.90388783,0,1,1,0,0.0,0.0
player_01706,player,occasional_player,0.0,True,1,9.693319652,-5.862665872,0,3,3,0,0.0,0.0
player_01707,player,occasional_player,0.0,True,1,26.874815331,-5.8352614,0,2,2,0,0.0,0.0
player_01708,player,occasional_player,0.0,True,1,12.366595448,-8.194140942,0,3,3,0,0.0,0.0
player_01709,player,occasional_player,0.0,True,1,5.953417174,-3.596468667,0,4,4,0,0.0,0.0
player_01710,player,occasional_player,0.0,True,1,18.421879177,-8.919703092,0,3,3,0,0.0,0.0
player_01711,player,occasional_player,0.0,True,1,37.981815509,-25.912517876,0,4,4,0,0.0,0.0
player_01712,player,occasional_player,0.0,True,1,13.845156025,-10.084978041,0,3,3,0,0.0,0.0
player_01713,player,occasional_player,0.0,True,1,3.454681549,-3.089812154,0,3,3,0,0.0,0.0
player_01714,player,occasional_player,0.0,True,1,7.829485947,-9.019109084,0,4,4,0,0.0,0.0
player_01715,player,occasional_player,0.0,True,1,8.340724947,-4.400915808,0,3,3,0,0.0,0.0
player_01716,player,occasional_player,0.0,True,1,3.900958803,-1.099041197,0,2,2,0,0.0,0.0
player_01717,player,occasional_player,0.0,True,1,9.321653753,-7.302087394,0,4,4,0,0.0,0.0
player_01718,player,occasional_player,0.0,True,1,17.988945146,-7.99915758,0,3,3,0,0.0,0.0
player_01719,player,occasional_player,0.0,True,1,6.517576307,-7.691745343,0,5,5,0,0.0,0.0
player_01720,player,opportunistic_player,0.0,True,1,57.172274161,-4.635203906,0,1,1,0,0.0,0.0
player_01721,player,occasional_player,0.0,True,1,3.578196075,-1.421803925,0,3,3,0,0.0,0.0
player_01722,player,occasional_player,0.0,True,1,76.465105162,37.981437888,1,1,2,0,2.918154215,0.0
player_01723,player,occasional_player,0.0,True,1,2.874335537,-3.129522272,0,5,5,0,0.0,0.0
player_01724,player,occasional_player,0.0,True,1,4.91880025,-4.708493993,0,5,5,0,0.0,0.0
player_01725,player,occasional_player,0.0,True,1,59.588820108,32.075354315,1,5,6,0,2.634090305,0.0
player_01726,player,occasional_player,0.0,True,1,78.373273002,60.201795267,1,2,3,0,3.505352882,0.0
player_01727,player,occasional_player,0.0,True,1,8.906869391,-5.414330289,0,3,3,0,0.0,0.0
player_01728,player,occasional_player,0.0,True,1,12.608624003,-1.048213954,0,1,1,0,0.0,0.0
player_01729,player,occasional_player,0.0,True,1,16.239187029,-7.879735281,0,2,2,0,0.0,0.0
player_01730,player,occasional_player,0.0,True,1,13.285789083,-15.337688866,0,4,4,0,0.0,0.0
player_01731,player,occasional_player,0.0,True,1,3.622445646,-3.413527744,0,4,4,0,0.0,0.0
player_01732,player,occasional_player,0.0,True,1,32.878908806,-7.431150235,0,2,2,0,0.0,0.0
player_01733,player,occasional_player,0.0,True,1,30.182015556,4.745400103,1,4,5,0,1.892381374,0.0
player_01734,player,occasional_player,0.0,True,1,4.479146839,-4.85817079,0,6,6,0,0.0,0.0
player_01735,player,occasional_player,0.0,True,1,22.75281129,-13.747381606,0,2,2,0,0.0,0.0
player_01736,player,occasional_player,0.0,True,1,92.968956005,46.846974978,1,1,2,0,3.148062773,0.0
player_01737,player,occasional_player,0.0,True,1,7.807007019,-0.634903357,0,1,1,0,0.0,0.0
player_01738,player,occasional_player,0.0,True,1,16.617073403,-12.024709926,0,3,3,0,0.0,0.0
player_01739,player,occasional_player,0.0,True,1,4.15571669,-1.910511658,0,3,3,0,0.0,0.0
player_01740,player,occasional_player,0.0,True,1,23.717050325,-1.77302053,0,1,1,0,0.0,0.0
player_01741,player,opportunistic_player,0.0,True,1,84.098560556,-62.445025743,0,5,5,0,0.0,0.0
player_01742,player,occasional_player,0.0,True,1,39.345888623,-14.013848733,0,2,2,0,0.0,0.0
player_01743,player,occasional_player,0.0,True,1,3.188905678,-1.811094322,0,3,3,0,0.0,0.0
player_01744,player,player_whale,0.0,True,1,275.071355811,-116.439268123,0,5,5,0,0.0,0.0
player_01745,player,occasional_player,0.0,True,1,25.605672335,-10.295482314,0,2,2,0,0.0,0.0
player_01746,player,occasional_player,0.0,True,1,19.727663244,-12.535123608,0,3,3,0,0.0,0.0
player_01747,player,occasional_player,0.0,True,1,9.775308485,-3.893042596,0,2,2,0,0.0,0.0
player_01748,player,occasional_player,0.0,True,1,16.517951815,-2.255632842,0,2,2,0,0.0,0.0
player_01749,player,occasional_player,0.0,True,1,10.784332927,-14.49200169,0,4,4,0,0.0,0.0
player_01750,player,opportunistic_player,0.0,True,1,14.766514047,-2.514345758,0,1,1,0,0.0,0.0
player_01751,player,player_whale,0.0,True,1,139.923998583,-35.076001417,0,3,3,0,0.0,0.0
player_01752,player,occasional_player,0.0,True,1,23.121182373,-8.249468155,0,2,2,0,0.0,0.0
player_01753,player,occasional_player,0.0,True,1,12.455970527,-6.462954402,0,4,4,0,0.0,0.0
player_01754,player,occasional_player,0.0,True,1,27.340063873,-4.699149806,0,1,1,0,0.0,0.0
player_01755,player,occasional_player,0.0,True,1,12.030492382,-1.736645288,0,1,1,0,0.0,0.0
player_01756,player,occasional_player,0.0,True,1,10.459340688,-15.118436231,0,5,5,0,0.0,0.0
player_01757,player,occasional_player,0.0,True,1,3.86796898,-9.130386018,0,7,7,0,0.0,0.0
player_01758,player,occasional_player,0.0,True,1,9.742118305,-11.839246817,0,5,5,0,0.0,0.0
player_01759,player,player_whale,0.0,True,1,360.177990268,120.853751813,1,0,1,0,6.36072378,0.0
player_01760,player,player_whale,0.0,True,1,183.560700835,-35.262378086,0,3,3,0,0.0,0.0
player_01761,player,occasional_player,0.0,True,1,21.722424052,0.0,0,0,0,1,0.0,0.0
player_01762,player,occasional_player,0.0,True,1,10.509932668,-4.873180083,0,3,3,0,0.0,0.0
player_01763,player,opportunistic_player,0.0,True,1,290.005687346,87.181636134,3,1,4,0,6.143536453,0.0
player_01764,player,occasional_player,0.0,True,1,26.609729766,-3.953309649,0,1,1,0,0.0,0.0
player_01765,player,occasional_player,0.0,True,1,16.814875497,-11.76687064,0,3,3,0,0.0,0.0
player_01766,player,occasional_player,0.0,True,1,6.118323593,-2.509435151,0,3,3,0,0.0,0.0
player_01767,player,occasional_player,0.0,True,1,60.669166649,27.341917255,1,4,5,0,2.369117407,0.0
player_01768,player,occasional_player,0.0,True,1,2.342723075,-2.657276925,0,6,6,0,0.0,0.0
player_01769,player,occasional_player,0.0,True,1,4.903939235,-8.357327494,0,6,6,0,0.0,0.0
player_01770,player,occasional_player,0.0,True,1,17.353264622,-10.170492544,0,4,4,0,0.0,0.0
player_01771,player,occasional_player,0.0,True,1,29.676985077,-3.397825475,0,1,1,0,0.0,0.0
player_01772,player,occasional_player,0.0,True,1,5.370345868,-1.435219918,0,1,1,0,0.0,0.0
player_01773,player,opportunistic_player,0.0,True,1,28.986992137,-7.489640001,0,2,2,0,0.0,0.0
player_01774,player,opportunistic_player,0.0,True,1,135.663895172,106.927329058,2,0,2,0,5.627754161,0.0
player_01775,player,player_whale,0.0,True,1,187.876307652,-82.446043062,0,5,5,0,0.0,0.0
player_01776,player,opportunistic_player,0.0,True,1,39.08097876,-16.508445836,0,3,3,0,0.0,0.0
player_01777,player,occasional_player,0.0,True,1,2.538060765,-2.461939235,0,3,3,0,0.0,0.0
player_01778,player,opportunistic_player,0.0,True,1,12.908162384,-10.242251608,0,5,5,0,0.0,0.0
player_01779,player,occasional_player,0.0,True,1,9.182465218,-7.715422583,0,4,4,0,0.0,0.0
player_01780,player,occasional_player,0.0,True,1,26.987419799,-9.19179814,0,2,2,0,0.0,0.0
player_01781,player,occasional_player,0.0,True,1,3.600246919,-2.046647078,0,3,3,0,0.0,0.0
player_01782,player,occasional_player,0.0,True,1,4.475941165,-0.524058835,0,1,1,0,0.0,0.0
player_01783,player,occasional_player,0.0,True,1,2.458249106,-2.541750894,0,4,4,0,0.0,0.0
player_01784,player,occasional_player,0.0,True,1,4.224926684,-0.775073316,0,2,2,0,0.0,0.0
player_01785,player,occasional_player,0.0,True,1,4.121039008,-0.878960992,0,1,1,1,0.0,0.0
player_01786,player,occasional_player,0.0,True,1,5.052730433,-1.327502056,0,1,1,0,0.0,0.0
player_01787,player,player_whale,0.0,True,1,333.074320274,-22.118842339,1,3,4,0,2.402550025,0.0
player_01788,player,occasional_player,0.0,True,1,14.650407625,-3.739315201,0,1,1,0,0.0,0.0
player_01789,player,opportunistic_player,0.0,True,1,20.063198362,-14.024899665,0,4,4,0,0.0,0.0
player_01790,player,occasional_player,0.0,True,1,47.807256155,38.378313128,1,1,2,0,2.22284008,0.0
player_01791,player,occasional_player,0.0,True,1,12.486468402,-1.829904016,0,1,1,0,0.0,0.0
player_01792,player,occasional_player,0.0,True,1,7.963814813,-4.069242027,0,3,3,1,0.0,0.0
player_01793,player,occasional_player,0.0,True,1,15.906297827,-7.142245419,0,3,3,0,0.0,0.0
player_01794,player,occasional_player,0.0,True,1,4.636664312,-4.824081466,0,6,6,0,0.0,0.0
player_01795,player,occasional_player,0.0,True,1,10.929527499,-5.693608163,0,2,2,0,0.0,0.0
player_01796,player,opportunistic_player,0.0,True,1,101.41455314,-10.370013872,0,1,1,0,0.0,0.0
player_01797,player,occasional_player,0.0,True,1,14.87872343,-6.155123812,0,3,3,0,0.0,0.0
player_01798,player,occasional_player,0.0,True,1,8.679217797,-4.35989811,0,3,3,0,0.0,0.0
player_01799,player,occasional_player,0.0,True,1,2.88018386,-2.11981614,0,3,3,0,0.0,0.0
player_01800,player,occasional_player,0.0,True,1,18.907804532,-16.068149645,0,3,3,0,0.0,0.0
player_01801,player,player_whale,0.0,True,1,761.05497355,110.185094694,2,0,2,0,5.79921551,0.0
player_01802,player,opportunistic_player,0.0,True,1,49.398639026,-11.496841398,0,2,2,0,0.0,0.0
player_01803,player,occasional_player,0.0,True,1,12.940286396,-3.224085242,0,1,1,1,0.0,0.0
player_01804,player,occasional_player,0.0,True,1,7.858283339,-1.186858994,0,1,1,0,0.0,0.0
player_01805,player,occasional_player,0.0,True,1,60.778199723,42.827409872,1,1,2,0,2.836501298,0.0
player_01806,player,occasional_player,0.0,True,1,9.024279547,-4.010362571,0,3,3,0,0.0,0.0
player_01807,player,occasional_player,0.0,True,1,14.906342414,-19.574578269,0,5,5,0,0.0,0.0
player_01808,player,occasional_player,0.0,True,1,5.626152347,-2.783332529,0,3,3,0,0.0,0.0
player_01809,player,occasional_player,0.0,True,1,7.653965467,-5.489152285,0,4,4,0,0.0,0.0
player_01810,player,occasional_player,0.0,True,1,22.638018285,-21.035482694,0,6,6,0,0.0,0.0
player_01811,player,occasional_player,0.0,True,1,52.955360691,12.104631004,1,4,5,0,2.018147092,0.0
player_01812,player,occasional_player,0.0,True,1,47.247550704,-11.137155369,0,1,1,0,0.0,0.0
player_01813,player,opportunistic_player,0.0,True,1,154.024310364,61.372142937,2,2,4,0,4.66671267,0.0
player_01814,player,occasional_player,0.0,True,1,41.494825239,34.890300461,1,2,3,0,2.75561654,0.0
player_01815,player,occasional_player,0.0,True,1,37.588439292,-22.573285762,0,3,3,0,0.0,0.0
player_01816,player,occasional_player,0.0,True,1,3.687563908,-1.312436092,0,2,2,0,0.0,0.0
player_01817,player,opportunistic_player,0.0,True,1,39.259377423,-14.023192102,0,2,2,0,0.0,0.0
player_01818,player,occasional_player,0.0,True,1,4.121382743,-0.878617257,0,1,1,0,0.0,0.0
player_01819,player,occasional_player,0.0,True,1,77.64802317,60.637141275,1,0,1,1,3.191428488,0.0
player_01820,player,occasional_player,0.0,True,1,39.110928174,-4.215555154,0,1,1,0,0.0,0.0
player_01821,player,occasional_player,0.0,True,1,9.834592486,-1.353201013,0,1,1,0,0.0,0.0
player_01822,player,opportunistic_player,0.0,True,1,20.363566804,-5.924606052,0,2,2,0,0.0,0.0
player_01823,player,occasional_player,0.0,True,1,38.19804194,-14.729379056,0,2,2,0,0.0,0.0
player_01824,player,occasional_player,0.0,True,1,12.143478697,-2.162254892,0,1,1,1,0.0,0.0
player_01825,player,occasional_player,0.0,True,1,3.871872356,-3.131757742,0,4,4,0,0.0,0.0
player_01826,player,occasional_player,0.0,True,1,12.445309834,-2.526619256,0,1,1,0,0.0,0.0
player_01827,player,occasional_player,0.0,True,1,9.604552995,-10.899391159,0,5,5,0,0.0,0.0
player_01828,player,occasional_player,0.0,True,1,18.341241496,-5.119250178,0,2,2,0,0.0,0.0
player_01829,player,occasional_player,0.0,True,1,6.698058788,-0.840420833,0,1,1,0,0.0,0.0
player_01830,player,occasional_player,0.0,True,1,37.697543428,-19.033979159,0,3,3,0,0.0,0.0
player_01831,player,occasional_player,0.0,True,1,4.799071606,-1.800485552,0,2,2,0,0.0,0.0
player_01832,player,occasional_player,0.0,True,1,7.60759349,-3.728968451,0,3,3,0,0.0,0.0
player_01833,player,occasional_player,0.0,True,1,45.650770643,10.079137242,1,5,6,0,2.210784556,0.0
player_01834,player,occasional_player,0.0,True,1,18.850241254,-9.062391356,0,3,3,0,0.0,0.0
player_01835,player,occasional_player,0.0,True,1,2.606291649,-3.376753137,0,5,5,0,0.0,0.0
player_01836,player,occasional_player,0.0,True,1,15.482880846,-6.033028291,0,2,2,1,0.0,0.0
player_01837,player,occasional_player,0.0,True,1,19.245034178,-6.75037942,0,2,2,0,0.0,0.0
player_01838,player,occasional_player,0.0,True,1,45.952979021,26.922488048,1,3,4,0,3.006028535,0.0
player_01839,player,opportunistic_player,0.0,True,1,99.031892996,61.506904089,1,3,4,0,3.808530831,0.0
player_01840,player,occasional_player,0.0,True,1,4.11368835,-0.88631165,0,2,2,0,0.0,0.0
player_01841,player,occasional_player,0.0,True,1,14.045504387,-2.577481625,0,2,2,0,0.0,0.0
player_01842,player,opportunistic_player,0.0,True,1,89.607961228,38.35921245,1,1,2,0,2.348784517,0.0
player_01843,player,occasional_player,0.0,True,1,19.641858705,-1.825282884,0,1,1,0,0.0,0.0
player_01844,player,occasional_player,0.0,True,1,11.670407874,-5.320111645,0,3,3,0,0.0,0.0
player_01845,player,opportunistic_player,0.0,True,1,30.27670904,-8.55500126,0,3,3,0,0.0,0.0
player_01846,player,occasional_player,0.0,True,1,42.421748303,-11.072407045,0,2,2,0,0.0,0.0
player_01847,player,occasional_player,0.0,True,1,36.176240151,-2.504790653,0,1,1,1,0.0,0.0
player_01848,player,opportunistic_player,0.0,True,1,21.702075545,-7.547372314,0,2,2,0,0.0,0.0
player_01849,player,occasional_player,0.0,True,1,23.114482586,-8.57332004,0,2,2,0,0.0,0.0
player_01850,player,occasional_player,0.0,True,1,6.27294551,-0.934901597,0,1,1,0,0.0,0.0
player_01851,player,occasional_player,0.0,True,1,11.44190759,-5.988468706,0,2,2,0,0.0,0.0
player_01852,player,occasional_player,0.0,True,1,19.845453251,-10.40721669,0,3,3,0,0.0,0.0
player_01853,player,opportunistic_player,0.0,True,1,34.171479074,-9.825033698,0,3,3,0,0.0,0.0
player_01854,player,player_whale,0.0,True,1,351.031815666,77.697934461,2,1,3,0,5.924736346,0.0
player_01855,player,occasional_player,0.0,True,1,53.288392409,-20.089686302,0,2,2,0,0.0,0.0
player_01856,player,occasional_player,0.0,True,1,5.948081475,-4.663955362,0,4,4,0,0.0,0.0
player_01857,player,occasional_player,0.0,True,1,12.365216533,-3.533764491,0,2,2,0,0.0,0.0
player_01858,player,occasional_player,0.0,True,1,7.304036837,-3.674518843,0,3,3,0,0.0,0.0
player_01859,player,occasional_player,0.0,True,1,125.037065859,26.695019556,1,1,2,0,2.673635574,0.0
player_01860,player,occasional_player,0.0,True,1,3.507411277,-2.445991831,0,3,3,0,0.0,0.0
player_01861,player,opportunistic_player,0.0,True,1,26.871735643,-15.790003037,0,4,4,0,0.0,0.0
player_01862,player,occasional_player,0.0,True,1,69.758797196,40.565926389,1,3,4,0,4.021797873,0.0
player_01863,player,occasional_player,0.0,True,1,18.361241287,-5.850897368,0,2,2,0,0.0,0.0
player_01864,player,occasional_player,0.0,True,1,12.616107466,-4.041636624,0,3,3,0,0.0,0.0
player_01865,player,occasional_player,0.0,True,1,137.28693873,57.460454165,1,1,2,0,3.363017531,0.0
player_01866,player,occasional_player,0.0,True,1,3.641921344,-1.358078656,0,3,3,0,0.0,0.0
player_01867,player,player_whale,0.0,True,1,532.900014227,59.57402029,1,1,2,0,4.298969611,0.0
player_01868,player,player_whale,0.0,True,1,475.621383209,25.995518722,1,1,2,0,2.242502108,0.0
player_01869,player,occasional_player,0.0,True,1,114.721806071,67.558504297,2,4,6,1,5.097600279,0.0
player_01870,player,occasional_player,0.0,True,1,38.699425521,-31.349278321,0,4,4,0,0.0,0.0
player_01871,player,occasional_player,0.0,True,1,4.16515169,-0.83484831,0,1,1,0,0.0,0.0
player_01872,player,occasional_player,0.0,True,1,15.364191031,-12.524172681,0,4,4,0,0.0,0.0
player_01873,player,opportunistic_player,0.0,True,1,41.891403972,-23.045832055,0,4,4,0,0.0,0.0
player_01874,player,opportunistic_player,0.0,True,1,17.763840577,-23.079112809,0,6,6,0,0.0,0.0
player_01875,player,occasional_player,0.0,True,1,20.183924108,-13.750904666,0,4,4,0,0.0,0.0
player_01876,player,occasional_player,0.0,True,1,37.762722905,13.967381647,1,5,6,0,3.03453752,0.0
player_01877,player,occasional_player,0.0,True,1,9.346120198,-3.012801676,0,2,2,0,0.0,0.0
player_01878,player,occasional_player,0.0,True,1,24.545550294,-6.75149636,0,2,2,0,0.0,0.0
player_01879,player,occasional_player,0.0,True,1,22.7450128,-5.835671398,0,2,2,0,0.0,0.0
player_01880,player,occasional_player,0.0,True,1,29.946877631,-4.968327727,0,1,1,0,0.0,0.0
player_01881,player,occasional_player,0.0,True,1,5.059055873,-1.215152922,0,2,2,0,0.0,0.0
player_01882,player,occasional_player,0.0,True,1,25.173337498,-12.784074178,0,4,4,0,0.0,0.0
player_01883,player,occasional_player,0.0,True,1,18.203567536,-5.293253603,0,2,2,0,0.0,0.0
player_01884,player,player_whale,0.0,True,1,161.481192231,-38.543782985,0,3,3,0,0.0,0.0
player_01885,player,player_whale,0.0,True,1,269.461441238,39.588315681,2,2,4,0,4.192754598,0.0
player_01886,player,opportunistic_player,0.0,True,1,157.579274534,29.054491948,1,3,4,0,4.072428402,0.0
player_01887,player,player_whale,0.0,True,1,335.666393947,-61.830548209,0,3,3,0,0.0,0.0
player_01888,player,occasional_player,0.0,True,1,3.988043337,-1.699251148,0,3,3,0,0.0,0.0
player_01889,player,occasional_player,0.0,True,1,133.243668503,76.105216741,1,2,3,0,4.916945762,0.0
player_01890,player,opportunistic_player,0.0,True,1,34.86216373,-4.983204895,0,1,1,0,0.0,0.0
player_01891,player,occasional_player,0.0,True,1,30.958497119,-20.451913081,0,4,4,0,0.0,0.0
player_01892,player,occasional_player,0.0,True,1,3.365638384,-1.634361616,0,2,2,0,0.0,0.0
player_01893,player,occasional_player,0.0,True,1,27.132308508,-14.025008806,0,2,2,0,0.0,0.0
player_01894,player,occasional_player,0.0,True,1,6.869574182,-1.298427596,0,1,1,0,0.0,0.0
player_01895,player,occasional_player,0.0,True,1,7.306461353,-5.727046755,0,4,4,0,0.0,0.0
player_01896,player,opportunistic_player,0.0,True,1,108.074445225,28.038885944,1,2,3,1,2.704492971,0.0
player_01897,player,occasional_player,0.0,True,1,11.760570934,-14.598657499,0,4,4,0,0.0,0.0
player_01898,player,occasional_player,0.0,True,1,14.380640872,-4.634919241,0,2,2,0,0.0,0.0
player_01899,player,occasional_player,0.0,True,1,42.952725539,31.977212872,1,2,3,0,2.218232438,0.0
player_01900,player,occasional_player,0.0,True,1,3.565821136,-1.434178864,0,2,2,0,0.0,0.0
player_01901,player,occasional_player,0.0,True,1,5.19796753,-5.443404683,0,5,5,0,0.0,0.0
player_01902,player,occasional_player,0.0,True,1,55.191039202,-4.143271807,0,1,1,0,0.0,0.0
player_01903,player,occasional_player,0.0,True,1,66.9642579,-21.600627547,0,2,2,0,0.0,0.0
player_01904,player,opportunistic_player,0.0,True,1,35.160957149,-18.57381554,0,3,3,0,0.0,0.0
player_01905,player,opportunistic_player,0.0,True,1,61.62483104,-17.433981378,0,2,2,0,0.0,0.0
player_01906,player,occasional_player,0.0,True,1,67.167483904,39.432229863,1,0,1,0,2.075380519,0.0
player_01907,player,occasional_player,0.0,True,1,8.762846941,-1.943755448,0,1,1,0,0.0,0.0
player_01908,player,occasional_player,0.0,True,1,6.65543074,-3.50624752,0,2,2,0,0.0,0.0
player_01909,player,occasional_player,0.0,True,1,4.934993693,-2.708935987,0,2,2,0,0.0,0.0
player_01910,player,occasional_player,0.0,True,1,126.233296794,0.0,0,0,0,1,0.0,0.0
player_01911,player,occasional_player,0.0,True,1,7.541652485,-2.302177262,0,2,2,0,0.0,0.0
player_01912,player,player_whale,0.0,True,1,389.988926966,-17.960386637,0,1,1,0,0.0,0.0
player_01913,player,occasional_player,0.0,True,1,4.459376514,-3.051204477,0,5,5,0,0.0,0.0
player_01914,player,occasional_player,0.0,True,1,155.903665312,102.943776723,1,1,2,0,5.772311158,0.0
player_01915,player,occasional_player,0.0,True,1,43.136634671,37.240417592,1,2,3,0,2.47318471,0.0
player_01916,player,occasional_player,0.0,True,1,15.439830217,-1.154787426,0,1,1,0,0.0,0.0
player_01917,player,occasional_player,0.0,True,1,123.741154877,-51.258845123,0,4,4,0,0.0,0.0
player_01918,player,occasional_player,0.0,True,1,19.621140989,-4.57386344,0,2,2,0,0.0,0.0
player_01919,player,occasional_player,0.0,True,1,14.284179495,-5.968425114,0,3,3,0,0.0,0.0
player_01920,player,opportunistic_player,0.0,True,1,60.949616491,-8.924967436,0,2,2,0,0.0,0.0
player_01921,player,occasional_player,0.0,True,1,10.775060102,-8.338071052,0,4,4,0,0.0,0.0
player_01922,player,opportunistic_player,0.0,True,1,10.438738447,-4.561261553,0,3,3,0,0.0,0.0
player_01923,player,occasional_player,0.0,True,1,5.362226503,-0.612397475,0,1,1,0,0.0,0.0
player_01924,player,opportunistic_player,0.0,True,1,74.10520401,-26.370328431,0,3,3,0,0.0,0.0
player_01925,player,occasional_player,0.0,True,1,5.487594794,-3.889607489,0,3,3,0,0.0,0.0
player_01926,player,occasional_player,0.0,True,1,33.698517939,-25.499440845,0,4,4,0,0.0,0.0
player_01927,player,occasional_player,0.0,True,1,22.082101628,-9.126471324,0,3,3,0,0.0,0.0
player_01928,player,occasional_player,0.0,True,1,26.651733049,-1.902683224,0,1,1,0,0.0,0.0
player_01929,player,occasional_player,0.0,True,1,8.75235435,-1.768221034,0,2,2,0,0.0,0.0
player_01930,player,occasional_player,0.0,True,1,52.784347806,-16.082350994,0,2,2,0,0.0,0.0
player_01931,player,occasional_player,0.0,True,1,12.381308219,-2.487463273,0,1,1,0,0.0,0.0
player_01932,player,occasional_player,0.0,True,1,3.460042405,-3.552756475,0,4,4,0,0.0,0.0
player_01933,player,opportunistic_player,0.0,True,1,10.92108488,-4.07891512,0,2,2,0,0.0,0.0
player_01934,player,occasional_player,0.0,True,1,4.205046406,-2.488994804,0,3,3,0,0.0,0.0
player_01935,player,occasional_player,0.0,True,1,22.201861262,-4.491613809,0,1,1,0,0.0,0.0
player_01936,player,opportunistic_player,0.0,True,1,20.470149806,-6.834449799,0,2,2,0,0.0,0.0
player_01937,player,occasional_player,0.0,True,1,23.957550972,-1.606105739,0,1,1,0,0.0,0.0
player_01938,player,opportunistic_player,0.0,True,1,27.653375724,-10.839454921,0,3,3,0,0.0,0.0
player_01939,player,occasional_player,0.0,True,1,16.183832537,-1.511598015,0,1,1,1,0.0,0.0
player_01940,player,occasional_player,0.0,True,1,69.298532943,53.367604325,1,1,2,0,2.937438288,0.0
player_01941,player,occasional_player,0.0,True,1,10.998784566,-10.475613649,0,4,4,0,0.0,0.0
player_01942,player,occasional_player,0.0,True,1,92.43118049,79.556855831,2,1,3,0,4.556087736,0.0
player_01943,player,occasional_player,0.0,True,1,105.292660291,77.89751308,2,0,2,0,4.099869109,0.0
player_01944,player,occasional_player,0.0,True,1,4.235723792,-0.764276208,0,1,1,0,0.0,0.0
player_01945,player,occasional_player,0.0,True,1,118.670756462,48.540409533,1,1,2,0,3.337286125,0.0
player_01946,player,occasional_player,0.0,True,1,6.390846157,-4.831476706,0,3,3,0,0.0,0.0
player_01947,player,occasional_player,0.0,True,1,14.085374722,-4.371515927,0,2,2,0,0.0,0.0
player_01948,player,occasional_player,0.0,True,1,10.279056649,-13.131550957,0,5,5,1,0.0,0.0
player_01949,player,occasional_player,0.0,True,1,10.679598532,-7.091723039,0,3,3,0,0.0,0.0
player_01950,player,occasional_player,0.0,True,1,3.253192039,-1.887605197,0,2,2,0,0.0,0.0
player_01951,player,occasional_player,0.0,True,1,56.014770234,-20.014514757,0,3,3,0,0.0,0.0
player_01952,player,occasional_player,0.0,True,1,6.213608008,-5.542122823,0,3,3,1,0.0,0.0
player_01953,player,occasional_player,0.0,True,1,11.534760875,-4.171907048,0,3,3,0,0.0,0.0
player_01954,player,occasional_player,0.0,True,1,12.533326557,-14.174848838,0,4,4,0,0.0,0.0
player_01955,player,opportunistic_player,0.0,True,1,34.275565566,-12.150502227,0,3,3,0,0.0,0.0
player_01956,player,occasional_player,0.0,True,1,30.961672397,-22.141016812,0,3,3,0,0.0,0.0
player_01957,player,occasional_player,0.0,True,1,4.558285148,-3.925556387,0,4,4,0,0.0,0.0
player_01958,player,occasional_player,0.0,True,1,71.754579383,-26.03485113,0,2,2,0,0.0,0.0
player_01959,player,occasional_player,0.0,True,1,2.742795979,-2.643406194,0,5,5,0,0.0,0.0
player_01960,player,occasional_player,0.0,True,1,25.496779295,-14.755781812,0,3,3,0,0.0,0.0
player_01961,player,occasional_player,0.0,True,1,74.410355515,62.72041133,1,2,3,0,3.483272643,0.0
player_01962,player,occasional_player,0.0,True,1,32.461785163,-8.687533336,0,2,2,0,0.0,0.0
player_01963,player,occasional_player,0.0,True,1,13.93218071,-14.625800979,0,4,4,0,0.0,0.0
player_01964,player,occasional_player,0.0,True,1,15.925316236,-6.83449428,0,3,3,0,0.0,0.0
player_01965,player,opportunistic_player,0.0,True,1,127.994663705,-22.554416456,0,1,1,0,0.0,0.0
player_01966,player,opportunistic_player,0.0,True,1,43.825296877,-5.995066719,0,2,2,0,0.0,0.0
player_01967,player,occasional_player,0.0,True,1,22.406192479,-5.298210275,0,2,2,0,0.0,0.0
player_01968,player,occasional_player,0.0,True,1,13.273607393,-2.724104832,0,1,1,0,0.0,0.0
player_01969,player,occasional_player,0.0,True,1,25.075582655,-3.560102135,0,1,1,0,0.0,0.0
player_01970,player,occasional_player,0.0,True,1,40.063642245,18.076990014,1,3,4,0,2.324015354,0.0
player_01971,player,opportunistic_player,0.0,True,1,41.362025802,-13.183641977,0,2,2,0,0.0,0.0
player_01972,player,opportunistic_player,0.0,True,1,10.448518733,-4.563556929,0,3,3,0,0.0,0.0
player_01973,player,occasional_player,0.0,True,1,31.009840184,-12.217681323,0,2,2,0,0.0,0.0
player_01974,player,occasional_player,0.0,True,1,26.965429259,-7.46064893,0,2,2,0,0.0,0.0
player_01975,player,occasional_player,0.0,True,1,10.107806448,-3.754401156,0,2,2,0,0.0,0.0
player_01976,player,opportunistic_player,0.0,True,1,54.205241355,-6.799216029,0,1,1,0,0.0,0.0
player_01977,player,occasional_player,0.0,True,1,18.050957894,-1.90766565,0,1,1,0,0.0,0.0
player_01978,player,opportunistic_player,0.0,True,1,18.400980297,-3.678756581,0,1,1,0,0.0,0.0
player_01979,player,occasional_player,0.0,True,1,51.27390235,-32.330743253,0,3,3,0,0.0,0.0
player_01980,player,occasional_player,0.0,True,1,7.555598559,-2.443095787,0,2,2,0,0.0,0.0
player_01981,player,occasional_player,0.0,True,1,15.058123841,-3.76147255,0,2,2,0,0.0,0.0
player_01982,player,occasional_player,0.0,True,1,33.989465589,-8.688659971,0,1,1,0,0.0,0.0
player_01983,player,occasional_player,0.0,True,1,41.510354416,-14.037488822,0,2,2,0,0.0,0.0
player_01984,player,opportunistic_player,0.0,True,1,20.424525037,-9.58736782,0,2,2,0,0.0,0.0
player_01985,player,opportunistic_player,0.0,True,1,16.026336899,-8.968820448,0,3,3,0,0.0,0.0
player_01986,player,occasional_player,0.0,True,1,29.652677043,-12.176946338,0,3,3,0,0.0,0.0
player_01987,player,occasional_player,0.0,True,1,3.244830922,-1.755169078,0,3,3,0,0.0,0.0
player_01988,player,opportunistic_player,0.0,True,1,172.168781894,65.26848987,1,0,1,0,3.435183677,0.0
player_01989,player,occasional_player,0.0,True,1,24.966962929,-5.303615943,0,1,1,1,0.0,0.0
player_01990,player,opportunistic_player,0.0,True,1,38.315998858,-7.174532467,0,1,1,0,0.0,0.0
player_01991,player,occasional_player,0.0,True,1,98.372795579,28.006244595,1,2,3,0,2.767669201,0.0
player_01992,player,occasional_player,0.0,True,1,17.351950607,-9.318233192,0,3,3,0,0.0,0.0
player_01993,player,occasional_player,0.0,True,1,163.842590395,148.444147109,2,2,4,0,8.038136993,0.0
player_01994,player,occasional_player,0.0,True,1,8.143796651,-2.061681758,0,2,2,0,0.0,0.0
player_01995,player,occasional_player,0.0,True,1,192.532021053,101.410591443,2,1,3,0,5.969424298,0.0
player_01996,player,occasional_player,0.0,True,1,12.196033559,-7.611864691,0,3,3,0,0.0,0.0
player_01997,player,player_whale,0.0,True,1,211.00067061,-32.135804195,0,3,3,0,0.0,0.0
player_01998,player,occasional_player,0.0,True,1,8.499359211,-4.208524451,0,4,4,0,0.0,0.0
player_01999,player,opportunistic_player,0.0,True,1,185.771824196,16.403327562,1,1,2,0,2.170076307,0.0
player_02000,player,occasional_player,0.0,True,1,4.668693957,-0.331306043,0,1,1,0,0.0,0.0
player_02001,player,occasional_player,0.0,True,1,7.600090152,-4.937219625,0,3,3,0,0.0,0.0
player_02002,player,occasional_player,0.0,True,1,22.878702807,-2.163161447,0,1,1,0,0.0,0.0
player_02003,player,opportunistic_player,0.0,True,1,31.114575052,-2.195758178,0,1,1,0,0.0,0.0
player_02004,player,occasional_player,0.0,True,1,23.419858513,-9.981430341,0,2,2,0,0.0,0.0
player_02005,player,occasional_player,0.0,True,1,61.304809039,36.591212093,1,2,3,0,2.105032601,0.0
player_02006,player,occasional_player,0.0,True,1,44.483040534,-16.374870289,0,2,2,0,0.0,0.0
player_02007,player,opportunistic_player,0.0,True,1,13.869318157,-1.130681843,0,1,1,0,0.0,0.0
player_02008,player,occasional_player,0.0,True,1,4.378108961,-0.70390627,0,1,1,0,0.0,0.0
player_02009,player,occasional_player,0.0,True,1,6.212702722,-6.133735778,0,4,4,0,0.0,0.0
player_02010,player,occasional_player,0.0,True,1,2.92531816,-2.07468184,0,3,3,0,0.0,0.0
player_02011,player,occasional_player,0.0,True,1,21.006127197,-4.365586056,0,2,2,0,0.0,0.0
player_02012,player,occasional_player,0.0,True,1,12.504534423,-2.461950988,0,1,1,1,0.0,0.0
player_02013,player,occasional_player,0.0,True,1,50.102803035,34.86969766,1,2,3,0,2.022929615,0.0
player_02014,player,opportunistic_player,0.0,True,1,30.74865881,-8.127389132,0,2,2,0,0.0,0.0
player_02015,player,player_whale,0.0,True,1,243.692044817,-32.031054196,0,2,2,0,0.0,0.0
player_02016,player,opportunistic_player,0.0,True,1,9.029493481,-8.12980762,0,5,5,0,0.0,0.0
player_02017,player,opportunistic_player,0.0,True,1,15.053041212,-10.998287209,0,5,5,0,0.0,0.0
player_02018,player,occasional_player,0.0,True,1,10.669274739,-5.485813622,0,3,3,0,0.0,0.0
player_02019,player,opportunistic_player,0.0,True,1,106.85815995,65.719684644,1,2,3,0,3.998991863,0.0
player_02020,player,opportunistic_player,0.0,True,1,59.525837491,-15.390735568,0,2,2,0,0.0,0.0
player_02021,player,occasional_player,0.0,True,1,73.436004985,19.328633961,1,2,3,0,1.824719544,0.0
player_02022,player,occasional_player,0.0,True,1,67.759306527,-21.311884103,0,2,2,0,0.0,0.0
player_02023,player,occasional_player,0.0,True,1,10.78841287,-22.171355531,0,6,6,0,0.0,0.0
player_02024,player,occasional_player,0.0,True,1,4.574945192,-1.972119487,0,4,4,0,0.0,0.0
player_02025,player,occasional_player,0.0,True,1,6.175999972,-3.6797138,0,3,3,0,0.0,0.0
player_02026,player,occasional_player,0.0,True,1,6.780805835,-3.894341033,0,3,3,0,0.0,0.0
player_02027,player,occasional_player,0.0,True,1,6.853662865,-0.880988428,0,1,1,0,0.0,0.0
player_02028,player,occasional_player,0.0,True,1,35.90105368,-2.798924209,0,1,1,0,0.0,0.0
player_02029,player,occasional_player,0.0,True,1,3.360203757,-1.639796243,0,2,2,0,0.0,0.0
player_02030,player,opportunistic_player,0.0,True,1,158.360185006,-18.609320477,0,1,1,0,0.0,0.0
player_02031,player,occasional_player,0.0,True,1,4.497584356,-6.931111252,0,7,7,0,0.0,0.0
player_02032,player,opportunistic_player,0.0,True,1,10.115423782,-4.884576218,0,3,3,0,0.0,0.0
player_02033,player,occasional_player,0.0,True,1,11.412381841,-2.582587745,0,2,2,0,0.0,0.0
player_02034,player,occasional_player,0.0,True,1,8.373734211,-4.933574067,0,3,3,0,0.0,0.0
player_02035,player,opportunistic_player,0.0,True,1,41.765898933,-17.895227181,0,3,3,0,0.0,0.0
player_02036,player,occasional_player,0.0,True,1,75.613591152,22.820256495,1,2,3,0,2.00051055,0.0
player_02037,player,occasional_player,0.0,True,1,3.691443645,-5.032243405,0,6,6,0,0.0,0.0
player_02038,player,occasional_player,0.0,True,1,6.854568684,-3.319114261,0,3,3,0,0.0,0.0
player_02039,player,occasional_player,0.0,True,1,5.120089801,-0.880479603,0,1,1,0,0.0,0.0
player_02040,player,occasional_player,0.0,True,1,14.303689572,-5.262006472,0,3,3,0,0.0,0.0
player_02041,player,occasional_player,0.0,True,1,15.788637578,-6.339212777,0,3,3,0,0.0,0.0
player_02042,player,occasional_player,0.0,True,1,86.183533631,63.923355889,1,1,2,0,3.797623526,0.0
player_02043,player,occasional_player,0.0,True,1,5.764394874,-6.980940125,0,5,5,0,0.0,0.0
player_02044,player,player_whale,0.0,True,1,300.143203047,-29.047652976,0,1,1,0,0.0,0.0
player_02045,player,opportunistic_player,0.0,True,1,72.115837346,-14.192025116,0,1,1,0,0.0,0.0
player_02046,player,opportunistic_player,0.0,True,1,65.812253233,-26.245069255,0,3,3,0,0.0,0.0
player_02047,player,opportunistic_player,0.0,True,1,128.473544501,35.857680485,1,3,4,0,3.464345215,0.0
player_02048,player,occasional_player,0.0,True,1,21.450336986,-7.938876561,0,2,2,0,0.0,0.0
player_02049,player,occasional_player,0.0,True,1,7.932669205,-2.58744902,0,2,2,0,0.0,0.0
player_02050,player,occasional_player,0.0,True,1,20.758599782,-4.511440847,0,1,1,0,0.0,0.0
player_02051,player,opportunistic_player,0.0,True,1,104.209669319,-18.370525503,0,2,2,0,0.0,0.0
player_02052,player,occasional_player,0.0,True,1,109.087420556,29.964126702,1,1,2,0,3.174389427,0.0
player_02053,player,occasional_player,0.0,True,1,11.391372671,-6.014558611,0,3,3,0,0.0,0.0
player_02054,player,occasional_player,0.0,True,1,73.315035215,29.661767976,1,1,2,0,1.949120213,0.0
player_02055,player,occasional_player,0.0,True,1,9.28274733,-0.766403456,0,1,1,0,0.0,0.0
player_02056,player,occasional_player,0.0,True,1,3.637233694,-3.544626083,0,4,4,1,0.0,0.0
player_02057,player,occasional_player,0.0,True,1,85.44942116,35.576813274,1,1,2,0,2.292291406,0.0
player_02058,player,occasional_player,0.0,True,1,5.523840315,-2.405348921,0,2,2,0,0.0,0.0
player_02059,player,occasional_player,0.0,True,1,22.666623331,-15.86113507,0,3,3,0,0.0,0.0
player_02060,player,occasional_player,0.0,True,1,15.163961305,-4.08508622,0,2,2,1,0.0,0.0
player_02061,player,occasional_player,0.0,True,1,24.889011208,-22.4670901,0,5,5,0,0.0,0.0
player_02062,player,occasional_player,0.0,True,1,14.10716002,-6.988484649,0,3,3,0,0.0,0.0
player_02063,player,occasional_player,0.0,True,1,60.00824137,49.267909484,1,2,3,0,2.962686121,0.0
player_02064,player,opportunistic_player,0.0,True,1,25.574891133,-6.237156672,0,2,2,0,0.0,0.0
player_02065,player,occasional_player,0.0,True,1,5.256861159,-3.532830752,0,4,4,0,0.0,0.0
player_02066,player,occasional_player,0.0,True,1,41.769032055,-12.811504144,0,2,2,0,0.0,0.0
player_02067,player,occasional_player,0.0,True,1,43.182436654,-4.013948303,0,1,1,0,0.0,0.0
player_02068,player,occasional_player,0.0,True,1,11.170935206,-7.407444016,0,4,4,0,0.0,0.0
player_02069,player,occasional_player,0.0,True,1,128.836982569,-46.163017431,0,2,2,0,0.0,0.0
player_02070,player,occasional_player,0.0,True,1,9.01565987,-2.918505082,0,2,2,0,0.0,0.0
player_02071,player,occasional_player,0.0,True,1,12.980836301,-5.167643844,0,2,2,0,0.0,0.0
player_02072,player,occasional_player,0.0,True,1,11.86381056,-7.0159975,0,3,3,0,0.0,0.0
player_02073,player,opportunistic_player,0.0,True,1,106.132574953,-16.231798863,0,1,1,0,0.0,0.0
player_02074,player,occasional_player,0.0,True,1,16.090981428,-9.899793182,0,3,3,1,0.0,0.0
player_02075,player,occasional_player,0.0,True,1,103.108773394,-57.783915201,0,3,3,0,0.0,0.0
player_02076,player,occasional_player,0.0,True,1,15.523038865,-5.108549711,0,2,2,0,0.0,0.0
player_02077,player,occasional_player,0.0,True,1,10.07855932,-5.208117805,0,2,2,0,0.0,0.0
player_02078,player,occasional_player,0.0,True,1,3.473265297,-1.723389043,0,2,2,0,0.0,0.0
player_02079,player,occasional_player,0.0,True,1,14.409263785,-6.928850401,0,3,3,0,0.0,0.0
player_02080,player,occasional_player,0.0,True,1,10.746462754,-5.864028461,0,2,2,0,0.0,0.0
player_02081,player,occasional_player,0.0,True,1,31.812375664,-12.906581218,0,2,2,0,0.0,0.0
player_02082,player,occasional_player,0.0,True,1,81.230924524,28.026187894,1,2,3,0,2.309765799,0.0
player_02083,player,occasional_player,0.0,True,1,9.172673565,-5.530527422,0,3,3,0,0.0,0.0
player_02084,player,occasional_player,0.0,True,1,46.701880836,36.30535341,1,4,5,0,2.925538797,0.0
player_02085,player,player_whale,0.0,True,1,234.21754279,39.860208827,1,2,3,0,2.591580652,0.0
player_02086,player,occasional_player,0.0,True,1,8.808099749,-1.604335556,0,1,1,0,0.0,0.0
player_02087,player,player_whale,0.0,True,1,407.58656327,74.673994599,1,1,2,0,5.268230846,0.0
player_02088,player,occasional_player,0.0,True,1,31.076325409,-23.0716709,0,4,4,0,0.0,0.0
player_02089,player,occasional_player,0.0,True,1,57.838621995,-7.976814772,0,1,1,0,0.0,0.0
player_02090,player,occasional_player,0.0,True,1,12.463532338,-7.403012942,0,3,3,0,0.0,0.0
player_02091,player,occasional_player,0.0,True,1,22.161467587,-13.034488387,0,3,3,0,0.0,0.0
player_02092,player,opportunistic_player,0.0,True,1,13.213982686,-2.536269186,0,2,2,0,0.0,0.0
player_02093,player,occasional_player,0.0,True,1,7.056011747,-2.818324036,0,2,2,0,0.0,0.0
player_02094,player,occasional_player,0.0,True,1,18.511491517,-8.128908244,0,3,3,0,0.0,0.0
player_02095,player,opportunistic_player,0.0,True,1,12.2648756,-2.7351244,0,2,2,0,0.0,0.0
player_02096,player,occasional_player,0.0,True,1,27.622907646,-18.357853601,0,3,3,0,0.0,0.0
player_02097,player,opportunistic_player,0.0,True,1,44.462569332,-18.927342647,0,3,3,0,0.0,0.0
player_02098,player,occasional_player,0.0,True,1,29.918302365,-6.545701088,0,1,1,1,0.0,0.0
player_02099,player,occasional_player,0.0,True,1,105.783727401,90.975210912,1,2,3,0,4.928723643,0.0
player_02100,player,opportunistic_player,0.0,True,1,488.52170568,38.52170568,1,0,1,0,2.027458194,0.0
player_02101,player,occasional_player,0.0,True,1,4.19777426,-1.944905087,0,4,4,0,0.0,0.0
player_02102,player,occasional_player,0.0,True,1,39.014701379,-11.102645901,0,2,2,0,0.0,0.0
player_02103,player,opportunistic_player,0.0,True,1,143.573436955,67.764953339,2,2,4,1,5.036593185,0.0
player_02104,player,opportunistic_player,0.0,True,1,19.075135828,-8.519125291,0,3,3,0,0.0,0.0
player_02105,player,occasional_player,0.0,True,1,17.446493006,-2.330646606,0,1,1,0,0.0,0.0
player_02106,player,occasional_player,0.0,True,1,8.985877798,-2.783330235,0,2,2,0,0.0,0.0
player_02107,player,occasional_player,0.0,True,1,35.749620848,-16.701159198,0,2,2,0,0.0,0.0
player_02108,player,occasional_player,0.0,True,1,4.291902626,-0.708097374,0,1,1,0,0.0,0.0
player_02109,player,occasional_player,0.0,True,1,5.074126429,-4.993103428,0,6,6,0,0.0,0.0
player_02110,player,opportunistic_player,0.0,True,1,11.520529532,-3.479470468,0,2,2,0,0.0,0.0
player_02111,player,opportunistic_player,0.0,True,1,29.473946806,-3.336466068,0,1,1,0,0.0,0.0
player_02112,player,opportunistic_player,0.0,True,1,30.797569589,-13.376150591,0,3,3,0,0.0,0.0
player_02113,player,occasional_player,0.0,True,1,36.194601725,-14.823767776,0,3,3,0,0.0,0.0
player_02114,player,occasional_player,0.0,True,1,5.266676187,-3.011633176,0,3,3,0,0.0,0.0
player_02115,player,occasional_player,0.0,True,1,17.413635624,-7.084624757,0,3,3,0,0.0,0.0
player_02116,player,occasional_player,0.0,True,1,27.237296099,-1.882025219,0,1,1,0,0.0,0.0
player_02117,player,occasional_player,0.0,True,1,2.666051653,-2.333948347,0,4,4,0,0.0,0.0
player_02118,player,occasional_player,0.0,True,1,10.08968384,-7.205299741,0,5,5,0,0.0,0.0
player_02119,player,occasional_player,0.0,True,1,62.144349211,-27.830250624,0,2,2,0,0.0,0.0
player_02120,player,opportunistic_player,0.0,True,1,56.392117442,-17.000005094,0,2,2,0,0.0,0.0
player_02121,player,opportunistic_player,0.0,True,1,70.42546221,-37.763253716,0,3,3,0,0.0,0.0
player_02122,player,occasional_player,0.0,True,1,8.488482054,-1.566663086,0,1,1,0,0.0,0.0
player_02123,player,occasional_player,0.0,True,1,19.820712749,-8.138453349,0,3,3,0,0.0,0.0
player_02124,player,player_whale,0.0,True,1,645.654855384,54.546515178,1,1,2,0,4.620525528,0.0
player_02125,player,occasional_player,0.0,True,1,14.261822744,-5.041084641,0,2,2,0,0.0,0.0
player_02126,player,occasional_player,0.0,True,1,11.009193946,-3.820646996,0,2,2,0,0.0,0.0
player_02127,player,occasional_player,0.0,True,1,6.179985709,-4.95388281,0,4,4,0,0.0,0.0
player_02128,player,occasional_player,0.0,True,1,31.725392204,-14.823409386,0,2,2,0,0.0,0.0
player_02129,player,occasional_player,0.0,True,1,52.473864663,29.204520431,1,3,4,0,2.705222233,0.0
player_02130,player,occasional_player,0.0,True,1,10.098221311,-3.94627627,0,2,2,0,0.0,0.0
player_02131,player,occasional_player,0.0,True,1,4.843538487,-1.831807965,0,3,3,0,0.0,0.0
player_02132,player,opportunistic_player,0.0,True,1,26.10918165,-13.178169325,0,4,4,0,0.0,0.0
player_02133,player,occasional_player,0.0,True,1,22.171106845,-17.811972246,0,5,5,0,0.0,0.0
player_02134,player,opportunistic_player,0.0,True,1,24.608334865,-7.4829746,0,3,3,0,0.0,0.0
player_02135,player,occasional_player,0.0,True,1,19.112323844,-5.539141569,0,2,2,0,0.0,0.0
player_02136,player,occasional_player,0.0,True,1,16.057240804,-7.273429308,0,2,2,0,0.0,0.0
player_02137,player,occasional_player,0.0,True,1,34.755243627,-3.376597638,0,1,1,0,0.0,0.0
player_02138,player,occasional_player,0.0,True,1,11.808245894,-8.718083893,0,3,3,0,0.0,0.0
player_02139,player,occasional_player,0.0,True,1,9.246359697,-1.429006848,0,1,1,0,0.0,0.0
player_02140,player,occasional_player,0.0,True,1,52.114474861,-3.738322437,0,1,1,0,0.0,0.0
player_02141,player,occasional_player,0.0,True,1,164.107878802,53.448632928,1,0,1,0,2.813085944,0.0
player_02142,player,occasional_player,0.0,True,1,15.110996082,-13.620453059,0,4,4,0,0.0,0.0
player_02143,player,occasional_player,0.0,True,1,32.322765559,-13.369831062,0,2,2,0,0.0,0.0
player_02144,player,occasional_player,0.0,True,1,6.932993284,-2.708008324,0,2,2,0,0.0,0.0
player_02145,player,occasional_player,0.0,True,1,6.984155738,-1.655054638,0,2,2,0,0.0,0.0
player_02146,player,occasional_player,0.0,True,1,15.699366533,-7.23143842,0,2,2,0,0.0,0.0
player_02147,player,occasional_player,0.0,True,1,48.657835933,41.947589705,1,3,4,0,3.151335838,0.0
player_02148,player,opportunistic_player,0.0,True,1,47.72053046,-19.861590292,0,2,2,0,0.0,0.0
player_02149,player,occasional_player,0.0,True,1,17.155467588,-2.767085578,0,1,1,0,0.0,0.0
player_02150,player,occasional_player,0.0,True,1,13.11496647,-10.824132267,0,5,5,0,0.0,0.0
player_02151,player,occasional_player,0.0,True,1,14.562775006,-5.640447399,0,2,2,0,0.0,0.0
player_02152,player,occasional_player,0.0,True,1,100.833921261,38.6428596,1,1,2,1,2.421935781,0.0
player_02153,player,occasional_player,0.0,True,1,13.259395249,-5.710680152,0,3,3,0,0.0,0.0
player_02154,player,opportunistic_player,0.0,True,1,196.243961826,38.290188193,1,2,3,0,4.205263028,0.0
player_02155,player,opportunistic_player,0.0,True,1,18.067852621,-11.075568238,0,3,3,0,0.0,0.0
player_02156,player,occasional_player,0.0,True,1,226.26688763,51.26688763,2,1,3,0,4.899777777,0.0
player_02157,player,occasional_player,0.0,True,1,4.793601121,-5.278736241,0,4,4,0,0.0,0.0
player_02158,player,occasional_player,0.0,True,1,39.759909155,-19.454163061,0,3,3,0,0.0,0.0
player_02159,player,occasional_player,0.0,True,1,12.398920793,-11.819586984,0,4,4,0,0.0,0.0
player_02160,player,occasional_player,0.0,True,1,4.685816739,-1.989810766,0,2,2,0,0.0,0.0
player_02161,player,occasional_player,0.0,True,1,10.282684278,-3.751189301,0,2,2,0,0.0,0.0
player_02162,player,player_whale,0.0,True,1,241.573635679,-37.333364055,1,4,5,0,1.437607872,0.0
player_02163,player,occasional_player,0.0,True,1,9.823281329,-2.29432812,0,1,1,0,0.0,0.0
player_02164,player,opportunistic_player,0.0,True,1,122.430447103,-37.03974135,0,2,2,0,0.0,0.0
player_02165,player,occasional_player,0.0,True,1,10.494677556,-8.227196707,0,3,3,0,0.0,0.0
player_02166,player,occasional_player,0.0,True,1,25.577631646,-15.079413598,0,3,3,0,0.0,0.0
player_02167,player,occasional_player,0.0,True,1,15.605976109,-11.47011114,0,3,3,0,0.0,0.0
player_02168,player,occasional_player,0.0,True,1,53.847192205,-11.590992378,0,1,1,0,0.0,0.0
player_02169,player,occasional_player,0.0,True,1,28.297890047,-29.270933547,0,4,4,0,0.0,0.0
player_02170,player,occasional_player,0.0,True,1,5.932898419,-2.545581919,0,2,2,0,0.0,0.0
player_02171,player,occasional_player,0.0,True,1,144.436158496,37.625484168,1,0,1,0,1.98028864,0.0
player_02172,player,opportunistic_player,0.0,True,1,77.49843671,-12.70512515,0,1,1,0,0.0,0.0
player_02173,player,occasional_player,0.0,True,1,35.359650598,-14.369726124,0,2,2,0,0.0,0.0
player_02174,player,occasional_player,0.0,True,1,7.470662598,-0.980990313,0,1,1,0,0.0,0.0
player_02175,player,occasional_player,0.0,True,1,25.618083852,-11.495639256,0,2,2,0,0.0,0.0
player_02176,player,occasional_player,0.0,True,1,34.015174652,-17.623478091,0,2,2,0,0.0,0.0
player_02177,player,player_whale,0.0,True,1,251.113497262,76.113497262,2,3,5,0,5.173881506,0.0
player_02178,player,occasional_player,0.0,True,1,2.962136005,-6.550100503,0,6,6,0,0.0,0.0
player_02179,player,occasional_player,0.0,True,1,9.031354896,-6.400125481,0,4,4,0,0.0,0.0
player_02180,player,occasional_player,0.0,True,1,65.994897157,52.930796473,1,0,1,0,2.785831393,0.0
player_02181,player,occasional_player,0.0,True,1,6.862503162,-0.853837579,0,1,1,0,0.0,0.0
player_02182,player,occasional_player,0.0,True,1,15.025951886,-8.91434686,0,3,3,0,0.0,0.0
player_02183,player,occasional_player,0.0,True,1,27.602996668,-7.545084168,0,2,2,1,0.0,0.0
player_02184,player,occasional_player,0.0,True,1,7.266960159,-2.741912709,0,2,2,0,0.0,0.0
player_02185,player,occasional_player,0.0,True,1,19.215870672,-13.399414785,0,3,3,0,0.0,0.0
player_02186,player,occasional_player,0.0,True,1,11.276615953,-3.424790991,0,2,2,0,0.0,0.0
player_02187,player,occasional_player,0.0,True,1,4.070677957,-2.745793408,0,4,4,0,0.0,0.0
player_02188,player,occasional_player,0.0,True,1,26.74826139,-15.359725343,0,2,2,0,0.0,0.0
player_02189,player,occasional_player,0.0,True,1,23.908634556,-5.788741372,0,1,1,0,0.0,0.0
player_02190,player,occasional_player,0.0,True,1,14.208033346,-5.213213312,0,2,2,0,0.0,0.0
player_02191,player,occasional_player,0.0,True,1,38.66607978,-14.023494299,0,2,2,0,0.0,0.0
player_02192,player,occasional_player,0.0,True,1,8.114154453,-4.628837842,0,4,4,0,0.0,0.0
player_02193,player,opportunistic_player,0.0,True,1,228.075519136,-9.013386299,1,2,3,0,3.259838277,0.0
player_02194,player,occasional_player,0.0,True,1,28.945479272,-5.835508387,0,2,2,0,0.0,0.0
player_02195,player,opportunistic_player,0.0,True,1,23.54154848,-4.708462841,0,1,1,0,0.0,0.0
player_02196,player,occasional_player,0.0,True,1,6.363316461,-4.264132287,0,3,3,0,0.0,0.0
player_02197,player,occasional_player,0.0,True,1,8.25198611,-2.496400276,0,2,2,0,0.0,0.0
player_02198,player,occasional_player,0.0,True,1,8.14526675,-0.846442397,0,1,1,0,0.0,0.0
player_02199,player,occasional_player,0.0,True,1,11.039030822,-2.586676757,0,2,2,0,0.0,0.0
player_02200,player,occasional_player,0.0,True,1,11.474449488,-2.987820592,0,3,3,0,0.0,0.0
player_02201,player,occasional_player,0.0,True,1,13.812630873,-5.471036956,0,2,2,0,0.0,0.0
player_02202,player,occasional_player,0.0,True,1,32.222443801,-13.283861016,0,3,3,0,0.0,0.0
player_02203,player,occasional_player,0.0,True,1,7.140441921,-2.264722758,0,2,2,0,0.0,0.0
player_02204,player,occasional_player,0.0,True,1,15.026021207,-10.767927192,0,3,3,0,0.0,0.0
player_02205,player,player_whale,0.0,True,1,301.492775204,-42.667323098,0,2,2,0,0.0,0.0
player_02206,player,player_whale,0.0,True,1,453.664231975,-17.96081989,0,1,1,0,0.0,0.0
player_02207,player,occasional_player,0.0,True,1,16.917207883,-3.329447693,0,2,2,0,0.0,0.0
player_02208,player,occasional_player,0.0,True,1,11.209446592,-3.977973144,0,2,2,0,0.0,0.0
player_02209,player,opportunistic_player,0.0,True,1,38.934697322,-10.806258847,0,2,2,0,0.0,0.0
player_02210,player,player_whale,0.0,True,1,617.46281911,23.999781904,1,1,2,0,1.979523845,0.0
player_02211,player,occasional_player,0.0,True,1,115.315207773,66.727825566,1,1,2,0,4.053915983,0.0
player_02212,player,occasional_player,0.0,True,1,25.340503697,-8.830324823,0,3,3,0,0.0,0.0
player_02213,player,opportunistic_player,0.0,True,1,20.431352739,-6.250315027,0,2,2,0,0.0,0.0
player_02214,player,occasional_player,0.0,True,1,12.131222181,-14.668371355,0,4,4,0,0.0,0.0
player_02215,player,occasional_player,0.0,True,1,65.140012944,-32.0107509,0,2,2,0,0.0,0.0
player_02216,player,occasional_player,0.0,True,1,4.672351013,-0.327648987,0,1,1,0,0.0,0.0
player_02217,player,occasional_player,0.0,True,1,11.083647688,-7.966478988,0,3,3,0,0.0,0.0
player_02218,player,occasional_player,0.0,True,1,4.446525173,-1.430468216,0,2,2,0,0.0,0.0
player_02219,player,occasional_player,0.0,True,1,117.74541893,80.651697985,1,1,2,0,4.51089558,0.0
player_02220,player,occasional_player,0.0,True,1,10.967282099,-2.544964571,0,2,2,0,0.0,0.0
player_02221,player,occasional_player,0.0,True,1,3.935287686,-1.064712314,0,1,1,0,0.0,0.0
player_02222,player,occasional_player,0.0,True,1,18.503577591,-3.51764296,0,1,1,0,0.0,0.0
player_02223,player,opportunistic_player,0.0,True,1,34.094434304,-21.263231823,0,4,4,0,0.0,0.0
player_02224,player,occasional_player,0.0,True,1,3.285042644,-1.714957356,0,3,3,0,0.0,0.0
player_02225,player,occasional_player,0.0,True,1,9.628072418,-3.513885415,0,2,2,0,0.0,0.0
player_02226,player,occasional_player,0.0,True,1,11.256109564,-3.150062772,0,1,1,0,0.0,0.0
player_02227,player,occasional_player,0.0,True,1,4.731053869,-1.363560203,0,2,2,0,0.0,0.0
player_02228,player,occasional_player,0.0,True,1,12.274314682,-2.164023938,0,1,1,0,0.0,0.0
player_02229,player,opportunistic_player,0.0,True,1,237.787028359,43.644997082,1,1,2,0,2.979068679,0.0
player_02230,player,occasional_player,0.0,True,1,6.176251129,-4.279010278,0,3,3,0,0.0,0.0
player_02231,player,occasional_player,0.0,True,1,12.097793218,-2.529501916,0,1,1,0,0.0,0.0
player_02232,player,opportunistic_player,0.0,True,1,182.391118428,-53.238214687,0,2,2,0,0.0,0.0
player_02233,player,occasional_player,0.0,True,1,41.577703993,-4.394476173,0,1,1,0,0.0,0.0
player_02234,player,opportunistic_player,0.0,True,1,53.334086076,-14.072088682,0,2,2,0,0.0,0.0
player_02235,player,occasional_player,0.0,True,1,9.878270138,-3.320907813,0,2,2,0,0.0,0.0
player_02236,player,occasional_player,0.0,True,1,3.901064259,-1.098935741,0,1,1,0,0.0,0.0
player_02237,player,occasional_player,0.0,True,1,8.422174144,-1.935545467,0,1,1,0,0.0,0.0
player_02238,player,occasional_player,0.0,True,1,8.726263599,-2.374012183,0,2,2,0,0.0,0.0
player_02239,player,occasional_player,0.0,True,1,275.163760092,201.382257437,3,1,4,0,11.106506308,0.0
player_02240,player,occasional_player,0.0,True,1,5.846625161,-1.122104278,0,1,1,0,0.0,0.0
player_02241,player,opportunistic_player,0.0,True,1,39.678723589,-10.244636621,0,2,2,0,0.0,0.0
player_02242,player,occasional_player,0.0,True,1,6.798791295,-3.849852093,0,3,3,0,0.0,0.0
player_02243,player,occasional_player,0.0,True,1,80.545446336,50.685825299,1,0,1,0,2.667675016,0.0
player_02244,player,opportunistic_player,0.0,True,1,78.096966422,-6.559259015,0,1,1,0,0.0,0.0
player_02245,player,player_whale,0.0,True,1,255.528972688,0.0,0,0,0,1,0.0,0.0
player_02246,player,occasional_player,0.0,True,1,13.323210903,-1.566236521,0,1,1,0,0.0,0.0
player_02247,player,occasional_player,0.0,True,1,46.512711631,-5.67674227,0,1,1,0,0.0,0.0
player_02248,player,occasional_player,0.0,True,1,21.374551191,-10.58476173,0,3,3,0,0.0,0.0
player_02249,player,occasional_player,0.0,True,1,13.941242818,-1.686742817,0,1,1,0,0.0,0.0
player_02250,player,occasional_player,0.0,True,1,19.97700867,-1.376739483,0,1,1,0,0.0,0.0
player_02251,player,occasional_player,0.0,True,1,89.748995437,67.64757736,1,0,1,0,3.560398808,0.0
player_02252,player,occasional_player,0.0,True,1,5.756501904,-0.417021829,0,1,1,0,0.0,0.0
player_02253,player,opportunistic_player,0.0,True,1,19.95601099,-8.104711524,0,3,3,0,0.0,0.0
player_02254,player,occasional_player,0.0,True,1,96.498138455,55.2836007,1,2,3,0,3.292977962,0.0
player_02255,player,occasional_player,0.0,True,1,8.538975347,-0.660994195,0,1,1,0,0.0,0.0
player_02256,player,opportunistic_player,0.0,True,1,34.652103457,-11.787485174,0,3,3,0,0.0,0.0
player_02257,player,occasional_player,0.0,True,1,17.525605252,-1.812532639,0,1,1,0,0.0,0.0
player_02258,player,occasional_player,0.0,True,1,3.516771061,-2.050565953,0,4,4,0,0.0,0.0
player_02259,player,occasional_player,0.0,True,1,13.809087046,-4.255810457,0,3,3,0,0.0,0.0
player_02260,player,opportunistic_player,0.0,True,1,37.250206676,-5.14327701,0,1,1,0,0.0,0.0
player_02261,player,occasional_player,0.0,True,1,18.343447797,-5.450590064,0,2,2,0,0.0,0.0
player_02262,player,occasional_player,0.0,True,1,6.155076036,-6.196812482,0,5,5,0,0.0,0.0
player_02263,player,occasional_player,0.0,True,1,18.905659028,-7.055315831,0,3,3,0,0.0,0.0
player_02264,player,opportunistic_player,0.0,True,1,23.368272196,-7.18987414,0,2,2,0,0.0,0.0
player_02265,player,occasional_player,0.0,True,1,11.908278254,-10.841209063,0,4,4,0,0.0,0.0
player_02266,player,occasional_player,0.0,True,1,19.856149515,-6.847153073,0,2,2,0,0.0,0.0
player_02267,player,occasional_player,0.0,True,1,23.450515754,-23.003009584,0,3,3,0,0.0,0.0
player_02268,player,occasional_player,0.0,True,1,17.040834485,-4.881333911,0,2,2,0,0.0,0.0
player_02269,player,occasional_player,0.0,True,1,50.059500059,25.769968356,1,1,2,0,1.586395649,0.0
player_02270,player,occasional_player,0.0,True,1,12.89275925,-3.511353299,0,1,1,0,0.0,0.0
player_02271,player,occasional_player,0.0,True,1,9.180030293,-13.993494171,0,6,6,0,0.0,0.0
player_02272,player,occasional_player,0.0,True,1,63.79944215,25.01250808,1,1,2,0,1.484531244,0.0
player_02273,player,player_whale,0.0,True,1,227.376497297,-5.205254762,0,1,1,0,0.0,0.0
player_02274,player,opportunistic_player,0.0,True,1,316.058630505,40.670892468,1,0,1,0,2.140573288,0.0
player_02275,player,occasional_player,0.0,True,1,7.816122857,-1.690595187,0,2,2,0,0.0,0.0
player_02276,player,opportunistic_player,0.0,True,1,31.030973787,-13.744793792,0,3,3,0,0.0,0.0
player_02277,player,occasional_player,0.0,True,1,41.58042421,-25.487099352,0,3,3,0,0.0,0.0
player_02278,player,player_whale,0.0,True,1,541.914534046,38.0606667,1,0,1,0,2.003192984,0.0
player_02279,player,occasional_player,0.0,True,1,39.412439282,-5.637643834,0,2,2,0,0.0,0.0
player_02280,player,occasional_player,0.0,True,1,13.05544164,-2.372097277,0,1,1,0,0.0,0.0
player_02281,player,occasional_player,0.0,True,1,19.803478616,-7.730614714,0,2,2,0,0.0,0.0
player_02282,player,occasional_player,0.0,True,1,13.302680536,-2.856596879,0,1,1,0,0.0,0.0
player_02283,player,occasional_player,0.0,True,1,6.099316398,-2.373531801,0,2,2,0,0.0,0.0
player_02284,player,occasional_player,0.0,True,1,5.424542016,-4.878999868,0,3,3,0,0.0,0.0
player_02285,player,occasional_player,0.0,True,1,17.294781128,-3.298357102,0,1,1,0,0.0,0.0
player_02286,player,opportunistic_player,0.0,True,1,21.156976664,-4.469533771,0,2,2,0,0.0,0.0
player_02287,player,occasional_player,0.0,True,1,8.390622642,-1.549953342,0,1,1,0,0.0,0.0
player_02288,player,occasional_player,0.0,True,1,9.569713815,-3.759788048,0,3,3,0,0.0,0.0
player_02289,player,opportunistic_player,0.0,True,1,13.602552185,-1.397447815,0,1,1,0,0.0,0.0
player_02290,player,occasional_player,0.0,True,1,119.460782075,27.979062993,1,0,1,0,1.472582263,0.0
player_02291,player,opportunistic_player,0.0,True,1,53.84003239,-28.903359243,0,3,3,0,0.0,0.0
player_02292,player,occasional_player,0.0,True,1,14.15531621,-6.613792102,0,3,3,0,0.0,0.0
player_02293,player,occasional_player,0.0,True,1,29.819105508,-2.567005293,0,1,1,0,0.0,0.0
player_02294,player,occasional_player,0.0,True,1,27.103064869,-4.406074709,0,1,1,0,0.0,0.0
player_02295,player,occasional_player,0.0,True,1,99.794102007,79.774045498,1,3,4,0,4.511096242,0.0
player_02296,player,occasional_player,0.0,True,1,8.987613913,-0.677004694,0,1,1,0,0.0,0.0
player_02297,player,occasional_player,0.0,True,1,22.899137333,-10.381951807,0,2,2,0,0.0,0.0
player_02298,player,occasional_player,0.0,True,1,16.337269686,-6.390235863,0,2,2,0,0.0,0.0
player_02299,player,occasional_player,0.0,True,1,141.373043332,84.685007136,2,3,5,0,5.896953502,0.0
player_02300,player,occasional_player,0.0,True,1,13.190498286,-10.185063341,0,3,3,0,0.0,0.0
player_02301,player,occasional_player,0.0,True,1,63.663352795,-4.887610411,0,1,1,0,0.0,0.0
player_02302,player,occasional_player,0.0,True,1,22.209637254,-12.498407853,0,4,4,0,0.0,0.0
player_02303,player,opportunistic_player,0.0,True,1,20.548524194,-2.109028132,0,1,1,0,0.0,0.0
player_02304,player,occasional_player,0.0,True,1,13.268834629,-0.896242618,0,1,1,0,0.0,0.0
player_02305,player,opportunistic_player,0.0,True,1,95.796371785,-15.636416641,0,2,2,0,0.0,0.0
player_02306,player,occasional_player,0.0,True,1,69.118228781,18.641138049,1,2,3,0,1.877221285,0.0
player_02307,player,occasional_player,0.0,True,1,23.614872374,-2.113029855,0,1,1,0,0.0,0.0
player_02308,player,opportunistic_player,0.0,True,1,92.807182824,23.632831659,1,3,4,0,2.656199471,0.0
player_02309,player,occasional_player,0.0,True,1,7.329182875,-5.49353093,0,3,3,0,0.0,0.0
player_02310,player,occasional_player,0.0,True,1,9.97575547,-1.063502873,0,1,1,0,0.0,0.0
player_02311,player,occasional_player,0.0,True,1,148.617422142,45.972770853,1,1,2,0,2.972894652,0.0
player_02312,player,occasional_player,0.0,True,1,67.363985917,-5.411293211,0,1,1,0,0.0,0.0
player_02313,player,occasional_player,0.0,True,1,44.53380984,-3.784703011,0,1,1,0,0.0,0.0
player_02314,player,occasional_player,0.0,True,1,7.688117007,-1.790288858,0,1,1,0,0.0,0.0
player_02315,player,occasional_player,0.0,True,1,11.119330961,-2.664566841,0,1,1,0,0.0,0.0
player_02316,player,occasional_player,0.0,True,1,3.283597612,-1.800334233,0,3,3,1,0.0,0.0
player_02317,player,occasional_player,0.0,True,1,3.780155798,-1.219844202,0,2,2,0,0.0,0.0
player_02318,player,occasional_player,0.0,True,1,9.773011364,-8.167487664,0,3,3,0,0.0,0.0
player_02319,player,occasional_player,0.0,True,1,126.837983546,22.651279136,1,3,4,0,3.947741576,0.0
player_02320,player,occasional_player,0.0,True,1,23.747230554,-7.360867771,0,2,2,0,0.0,0.0
player_02321,player,occasional_player,0.0,True,1,14.579261416,-10.312271613,0,4,4,0,0.0,0.0
player_02322,player,occasional_player,0.0,True,1,22.877849463,-8.65493472,0,2,2,0,0.0,0.0
player_02323,player,occasional_player,0.0,True,1,7.392574283,-1.787012725,0,1,1,0,0.0,0.0
player_02324,player,occasional_player,0.0,True,1,15.081188947,-2.016956949,0,1,1,0,0.0,0.0
player_02325,player,opportunistic_player,0.0,True,1,29.036575267,-9.756312752,0,2,2,0,0.0,0.0
player_02326,player,occasional_player,0.0,True,1,19.510271395,-1.319691095,0,1,1,0,0.0,0.0
player_02327,player,occasional_player,0.0,True,1,65.156961609,46.954884432,1,2,3,0,2.772723561,0.0
player_02328,player,occasional_player,0.0,True,1,7.398145664,-1.820389514,0,1,1,0,0.0,0.0
player_02329,player,occasional_player,0.0,True,1,129.26117482,102.991943272,2,0,2,0,5.420628593,0.0
player_02330,player,opportunistic_player,0.0,True,1,11.565741472,-3.434258528,0,3,3,0,0.0,0.0
player_02331,player,occasional_player,0.0,True,1,28.322684925,-7.857251161,0,2,2,0,0.0,0.0
player_02332,player,occasional_player,0.0,True,1,34.989002797,-7.62749457,0,2,2,0,0.0,0.0
player_02333,player,occasional_player,0.0,True,1,43.302346477,-9.995697132,0,2,2,0,0.0,0.0
player_02334,player,occasional_player,0.0,True,1,4.097864744,-0.902135256,0,2,2,0,0.0,0.0
player_02335,player,occasional_player,0.0,True,1,4.825360667,-1.813543736,0,2,2,0,0.0,0.0
player_02336,player,opportunistic_player,0.0,True,1,37.942356384,-5.702601604,0,1,1,0,0.0,0.0
player_02337,player,occasional_player,0.0,True,1,20.136130814,-11.230455534,0,3,3,0,0.0,0.0
player_02338,player,opportunistic_player,0.0,True,1,24.489792977,-12.5463208,0,3,3,0,0.0,0.0
player_02339,player,opportunistic_player,0.0,True,1,32.694179664,-14.500840408,0,3,3,0,0.0,0.0
player_02340,player,occasional_player,0.0,True,1,31.150280605,-4.871159988,0,1,1,0,0.0,0.0
player_02341,player,occasional_player,0.0,True,1,4.645815119,-0.354184881,0,1,1,0,0.0,0.0
player_02342,player,occasional_player,0.0,True,1,21.215652101,-2.075852261,0,1,1,0,0.0,0.0
player_02343,player,occasional_player,0.0,True,1,56.325965752,37.511615724,1,1,2,0,2.124998624,0.0
player_02344,player,opportunistic_player,0.0,True,1,60.615470337,-11.193109792,0,1,1,0,0.0,0.0
player_02345,player,occasional_player,0.0,True,1,47.909231714,-13.943298697,0,2,2,0,0.0,0.0
player_02346,player,occasional_player,0.0,True,1,8.855047084,-2.451045162,0,1,1,0,0.0,0.0
player_02347,player,opportunistic_player,0.0,True,1,11.679540521,-3.320459479,0,2,2,0,0.0,0.0
player_02348,player,opportunistic_player,0.0,True,1,56.273338299,-18.664849466,0,2,2,0,0.0,0.0
player_02349,player,occasional_player,0.0,True,1,26.277867216,-4.887051928,0,1,1,0,0.0,0.0
player_02350,player,opportunistic_player,0.0,True,1,59.20679085,-12.349285123,0,2,2,0,0.0,0.0
player_02351,player,occasional_player,0.0,True,1,7.533817512,-4.693636058,0,4,4,0,0.0,0.0
player_02352,player,occasional_player,0.0,True,1,22.277437269,-9.012255192,0,2,2,0,0.0,0.0
player_02353,player,occasional_player,0.0,True,1,18.155314947,-7.089297016,0,2,2,0,0.0,0.0
player_02354,player,occasional_player,0.0,True,1,47.134474169,-6.414957916,0,1,1,0,0.0,0.0
player_02355,player,occasional_player,0.0,True,1,28.345458145,-4.119278124,0,1,1,0,0.0,0.0
player_02356,player,player_whale,0.0,True,1,379.514821412,-49.21330611,0,2,2,0,0.0,0.0
player_02357,player,occasional_player,0.0,True,1,74.661139743,-43.472709149,0,3,3,0,0.0,0.0
player_02358,player,occasional_player,0.0,True,1,10.855127848,-4.073271175,0,2,2,0,0.0,0.0
player_02359,player,player_whale,0.0,True,1,168.178436054,-6.821563946,0,1,1,0,0.0,0.0
player_02360,player,occasional_player,0.0,True,1,6.975171399,-1.768068856,0,1,1,0,0.0,0.0
player_02361,player,opportunistic_player,0.0,True,1,121.163593666,88.963230785,1,1,2,0,4.842887915,0.0
player_02362,player,player_whale,0.0,True,1,385.49529116,-88.721657171,0,3,3,0,0.0,0.0
player_02363,player,occasional_player,0.0,True,1,13.637343004,-5.490159299,0,2,2,1,0.0,0.0
player_02364,player,occasional_player,0.0,True,1,20.032377803,-6.140853625,0,2,2,0,0.0,0.0
player_02365,player,occasional_player,0.0,True,1,6.393342335,-4.754615732,0,3,3,0,0.0,0.0
player_02366,player,opportunistic_player,0.0,True,1,59.998362877,-9.895114474,0,1,1,0,0.0,0.0
player_02367,player,occasional_player,0.0,True,1,96.057181341,38.646136437,1,0,1,0,2.034007181,0.0
player_02368,player,occasional_player,0.0,True,1,117.158719481,71.347858455,1,1,2,0,4.078999396,0.0
player_02369,player,occasional_player,0.0,True,1,150.920943119,53.607185939,1,0,1,0,2.821430839,0.0
player_02370,player,occasional_player,0.0,True,1,4.625746217,-1.979378074,0,3,3,0,0.0,0.0
player_02371,player,occasional_player,0.0,True,1,5.977988679,-3.895775539,0,3,3,0,0.0,0.0
player_02372,player,opportunistic_player,0.0,True,1,35.957364828,-2.831064383,0,1,1,0,0.0,0.0
player_02373,player,occasional_player,0.0,True,1,4.63429526,-0.36570474,0,1,1,0,0.0,0.0
player_02374,player,occasional_player,0.0,True,1,27.374499786,-5.91177974,0,1,1,0,0.0,0.0
player_02375,player,occasional_player,0.0,True,1,7.179738709,-1.301736223,0,1,1,0,0.0,0.0
player_02376,player,occasional_player,0.0,True,1,9.473332123,-3.633657937,0,2,2,0,0.0,0.0
player_02377,player,occasional_player,0.0,True,1,52.677624745,-4.864285798,0,1,1,0,0.0,0.0
player_02378,player,opportunistic_player,0.0,True,1,21.930327533,-7.076217483,0,2,2,0,0.0,0.0
player_02379,player,occasional_player,0.0,True,1,14.275033508,-3.305375253,0,1,1,0,0.0,0.0
player_02380,player,occasional_player,0.0,True,1,75.144834754,46.367440675,1,1,2,0,3.147288097,0.0
player_02381,player,occasional_player,0.0,True,1,7.610617662,-1.253209059,0,1,1,0,0.0,0.0
player_02382,player,occasional_player,0.0,True,1,12.023590463,-2.409426589,0,1,1,0,0.0,0.0
player_02383,player,occasional_player,0.0,True,1,25.208403737,-16.762343323,0,3,3,0,0.0,0.0
player_02384,player,occasional_player,0.0,True,1,10.918713043,-3.626141556,0,2,2,0,0.0,0.0
player_02385,player,occasional_player,0.0,True,1,9.295813751,-2.6159087,0,1,1,0,0.0,0.0
player_02386,player,player_whale,0.0,True,1,229.718094565,33.101480255,1,1,2,1,2.387705194,0.0
player_02387,player,opportunistic_player,0.0,True,1,32.888558108,-12.542904531,0,2,2,0,0.0,0.0
player_02388,player,occasional_player,0.0,True,1,6.532400416,-1.505021121,0,1,1,1,0.0,0.0
player_02389,player,occasional_player,0.0,True,1,10.26088777,-1.126848207,0,1,1,0,0.0,0.0
player_02390,player,occasional_player,0.0,True,1,9.582362899,-4.505650209,0,2,2,0,0.0,0.0
player_02391,player,occasional_player,0.0,True,1,63.198796135,41.428401216,1,1,2,0,2.419800307,0.0
player_02392,player,opportunistic_player,0.0,True,1,82.622961755,24.457971473,1,2,3,0,1.914088656,0.0
player_02393,player,occasional_player,0.0,True,1,4.10105913,-0.89894087,0,1,1,0,0.0,0.0
player_02394,player,occasional_player,0.0,True,1,5.151933279,-0.334129848,0,1,1,0,0.0,0.0
player_02395,player,occasional_player,0.0,True,1,8.607211227,-5.872771173,0,3,3,0,0.0,0.0
player_02396,player,occasional_player,0.0,True,1,42.529595166,28.497682498,1,2,3,0,2.354506213,0.0
player_02397,player,occasional_player,0.0,True,1,10.277076597,-6.081570489,0,2,2,0,0.0,0.0
player_02398,player,occasional_player,0.0,True,1,26.769816133,-6.255304134,0,1,1,0,0.0,0.0
player_02399,player,opportunistic_player,0.0,True,1,72.649247542,-27.519152206,0,3,3,0,0.0,0.0
player_02400,player,occasional_player,0.0,True,1,5.466062176,-3.380099292,0,3,3,0,0.0,0.0
player_02401,player,player_whale,0.0,True,1,541.05943356,-42.222624789,0,1,1,0,0.0,0.0
player_02402,player,occasional_player,0.0,True,1,4.733063236,-1.027831993,0,2,2,0,0.0,0.0
player_02403,player,occasional_player,0.0,True,1,38.157181285,-6.409003075,0,1,1,0,0.0,0.0
player_02404,player,occasional_player,0.0,True,1,66.874085347,53.11280924,1,2,3,0,4.102974817,0.0
player_02405,player,occasional_player,0.0,True,1,6.616591353,-2.358926142,0,2,2,0,0.0,0.0
player_02406,player,opportunistic_player,0.0,True,1,40.288289849,-7.231716583,0,2,2,0,0.0,0.0
player_02407,player,occasional_player,0.0,True,1,30.806221634,-6.970102161,0,1,1,0,0.0,0.0
player_02408,player,occasional_player,0.0,True,1,58.331320654,48.210183486,1,0,1,0,2.537378078,0.0
player_02409,player,occasional_player,0.0,True,1,7.972667193,-5.002376413,0,3,3,0,0.0,0.0
player_02410,player,occasional_player,0.0,True,1,10.429002936,-4.447163703,0,3,3,0,0.0,0.0
player_02411,player,occasional_player,0.0,True,1,31.620273345,-18.291399293,0,2,2,0,0.0,0.0
player_02412,player,occasional_player,0.0,True,1,6.847844869,-3.833236665,0,3,3,0,0.0,0.0
player_02413,player,occasional_player,0.0,True,1,5.876210973,-0.890899141,0,1,1,0,0.0,0.0
player_02414,player,occasional_player,0.0,True,1,6.144449932,-1.363990909,0,1,1,0,0.0,0.0
player_02415,player,opportunistic_player,0.0,True,1,55.697697232,-9.667383946,0,1,1,0,0.0,0.0
player_02416,player,occasional_player,0.0,True,1,4.595077809,-1.500426714,0,2,2,0,0.0,0.0
player_02417,player,occasional_player,0.0,True,1,188.113973571,94.71385382,3,2,5,0,7.234823274,0.0
player_02418,player,occasional_player,0.0,True,1,9.597561217,-1.422616696,0,1,1,0,0.0,0.0
player_02419,player,occasional_player,0.0,True,1,5.780661793,-2.665745835,0,2,2,0,0.0,0.0
player_02420,player,occasional_player,0.0,True,1,45.941020903,-4.270575918,0,1,1,0,0.0,0.0
player_02421,player,occasional_player,0.0,True,1,17.977796792,-1.428777156,0,1,1,0,0.0,0.0
player_02422,player,occasional_player,0.0,True,1,31.820478512,26.820478512,1,0,1,0,1.411604132,0.0
player_02423,player,occasional_player,0.0,True,1,11.839434657,-3.188496213,0,2,2,0,0.0,0.0
player_02424,player,opportunistic_player,0.0,True,1,20.986914474,0.0,0,0,0,1,0.0,0.0
player_02425,player,occasional_player,0.0,True,1,10.52357266,-0.804875727,0,1,1,0,0.0,0.0
player_02426,player,occasional_player,0.0,True,1,8.137620681,-3.427260523,0,3,3,0,0.0,0.0
player_02427,player,occasional_player,0.0,True,1,9.388394605,-9.401348437,0,4,4,0,0.0,0.0
player_02428,player,occasional_player,0.0,True,1,21.561746272,-8.297646696,0,3,3,0,0.0,0.0
player_02429,player,occasional_player,0.0,True,1,13.479620014,-2.825758272,0,1,1,0,0.0,0.0
player_02430,player,opportunistic_player,0.0,True,1,40.978200727,-12.496121255,0,2,2,0,0.0,0.0
player_02431,player,occasional_player,0.0,True,1,58.658751037,-20.789334602,0,2,2,0,0.0,0.0
player_02432,player,occasional_player,0.0,True,1,25.422409779,-4.837635016,0,1,1,0,0.0,0.0
player_02433,player,occasional_player,0.0,True,1,46.733769921,24.209377626,1,2,3,0,2.438567613,0.0
player_02434,player,opportunistic_player,0.0,True,1,14.701225551,-10.107473973,0,3,3,0,0.0,0.0
player_02435,player,occasional_player,0.0,True,1,12.5133349,-2.52772799,0,2,2,0,0.0,0.0
player_02436,player,occasional_player,0.0,True,1,41.227836936,-5.860904702,0,1,1,0,0.0,0.0
player_02437,player,occasional_player,0.0,True,1,12.886350164,-2.219589019,0,2,2,0,0.0,0.0
player_02438,player,occasional_player,0.0,True,1,37.826656169,-3.138244136,0,1,1,0,0.0,0.0
player_02439,player,occasional_player,0.0,True,1,17.988407095,-4.621513003,0,1,1,0,0.0,0.0
player_02440,player,opportunistic_player,0.0,True,1,12.323742712,-8.470625357,0,3,3,0,0.0,0.0
player_02441,player,opportunistic_player,0.0,True,1,18.315857831,-2.653104117,0,1,1,0,0.0,0.0
player_02442,player,occasional_player,0.0,True,1,13.852880717,-2.635174878,0,1,1,1,0.0,0.0
player_02443,player,occasional_player,0.0,True,1,16.252504658,-3.657323878,0,1,1,1,0.0,0.0
player_02444,player,occasional_player,0.0,True,1,43.439582953,-4.619922979,0,1,1,0,0.0,0.0
player_02445,player,opportunistic_player,0.0,True,1,42.60282511,-28.399586721,0,3,3,0,0.0,0.0
player_02446,player,occasional_player,0.0,True,1,17.633424411,-2.742688303,0,1,1,0,0.0,0.0
player_02447,player,occasional_player,0.0,True,1,19.381003526,-4.758894654,0,2,2,0,0.0,0.0
player_02448,player,occasional_player,0.0,True,1,15.033342996,-4.535415297,0,2,2,0,0.0,0.0
player_02449,player,opportunistic_player,0.0,True,1,47.984520807,-4.174669241,0,1,1,0,0.0,0.0
player_02450,player,opportunistic_player,0.0,True,1,22.998953251,-5.372207849,0,2,2,0,0.0,0.0
player_02451,player,opportunistic_player,0.0,True,1,29.3308704,-11.751654701,0,2,2,1,0.0,0.0
player_02452,player,occasional_player,0.0,True,1,33.163805393,-5.568003534,0,2,2,0,0.0,0.0
player_02453,player,occasional_player,0.0,True,1,12.519604951,-6.408734196,0,2,2,0,0.0,0.0
player_02454,player,occasional_player,0.0,True,1,25.961812231,-2.418687312,0,1,1,0,0.0,0.0
player_02455,player,occasional_player,0.0,True,1,7.067498271,-3.912858095,0,3,3,0,0.0,0.0
player_02456,player,occasional_player,0.0,True,1,11.926109575,-6.142369963,0,3,3,0,0.0,0.0
player_02457,player,occasional_player,0.0,True,1,84.835758158,37.19373301,1,1,2,0,3.03075235,0.0
player_02458,player,occasional_player,0.0,True,1,21.256455049,-2.93056941,0,1,1,0,0.0,0.0
player_02459,player,occasional_player,0.0,True,1,51.140076461,-7.29294943,0,1,1,0,0.0,0.0
player_02460,player,occasional_player,0.0,True,1,9.067523043,-4.417644633,0,2,2,0,0.0,0.0
player_02461,player,player_whale,0.0,True,1,148.238332957,-26.761667043,0,2,2,0,0.0,0.0
player_02462,player,player_whale,0.0,True,1,428.745693744,101.000157429,1,0,1,0,5.315797759,0.0
player_02463,player,occasional_player,0.0,True,1,3.914793868,-2.117143612,0,3,3,0,0.0,0.0
player_02464,player,occasional_player,0.0,True,1,59.943401146,-24.915763495,0,2,2,0,0.0,0.0
player_02465,player,occasional_player,0.0,True,1,4.148068546,-2.704583441,0,3,3,0,0.0,0.0
player_02466,player,occasional_player,0.0,True,1,3.741914459,-1.258085541,0,2,2,0,0.0,0.0
player_02467,player,occasional_player,0.0,True,1,15.102940245,-4.984610903,0,2,2,0,0.0,0.0
player_02468,player,occasional_player,0.0,True,1,11.634994937,-4.58925104,0,2,2,0,0.0,0.0
player_02469,player,occasional_player,0.0,True,1,6.109183065,-8.228059793,0,5,5,0,0.0,0.0
player_02470,player,occasional_player,0.0,True,1,14.326762875,-6.198587697,0,2,2,0,0.0,0.0
player_02471,player,occasional_player,0.0,True,1,4.065394357,-0.934605643,0,1,1,0,0.0,0.0
player_02472,player,occasional_player,0.0,True,1,13.038150645,-4.274313158,0,2,2,0,0.0,0.0
player_02473,player,opportunistic_player,0.0,True,1,13.124912497,-5.554687096,0,2,2,0,0.0,0.0
player_02474,player,occasional_player,0.0,True,1,13.005760437,-3.139096274,0,1,1,0,0.0,0.0
player_02475,player,occasional_player,0.0,True,1,33.953701019,-20.606443058,0,3,3,0,0.0,0.0
player_02476,player,occasional_player,0.0,True,1,57.831824235,-27.301246212,0,4,4,0,0.0,0.0
player_02477,player,occasional_player,0.0,True,1,60.25791268,-8.096370118,0,1,1,0,0.0,0.0
player_02478,player,occasional_player,0.0,True,1,7.706081255,-4.125990103,0,3,3,0,0.0,0.0
player_02479,player,occasional_player,0.0,True,1,12.061455363,-5.669756613,0,2,2,0,0.0,0.0
player_02480,player,occasional_player,0.0,True,1,10.925077622,-3.919000686,0,2,2,0,0.0,0.0
player_02481,player,occasional_player,0.0,True,1,17.370555424,-1.920402902,0,1,1,0,0.0,0.0
player_02482,player,opportunistic_player,0.0,True,1,69.785570405,-12.530012363,0,1,1,0,0.0,0.0
player_02483,player,opportunistic_player,0.0,True,1,15.702669285,-3.177157144,0,1,1,0,0.0,0.0
player_02484,player,occasional_player,0.0,True,1,10.788910014,-5.417672519,0,2,2,0,0.0,0.0
player_02485,player,occasional_player,0.0,True,1,25.655296861,-9.478857165,0,2,2,0,0.0,0.0
player_02486,player,occasional_player,0.0,True,1,9.014152076,-1.136564819,0,1,1,0,0.0,0.0
player_02487,player,occasional_player,0.0,True,1,139.208771841,78.265462574,2,1,3,0,5.139521203,0.0
player_02488,player,occasional_player,0.0,True,1,6.838700829,-0.796203907,0,1,1,0,0.0,0.0
player_02489,player,occasional_player,0.0,True,1,15.898219973,-5.517972392,0,2,2,0,0.0,0.0
player_02490,player,occasional_player,0.0,True,1,10.907439759,-8.926708235,0,4,4,0,0.0,0.0
player_02491,player,player_whale,0.0,True,1,167.198149223,-24.7189061,0,2,2,0,0.0,0.0
player_02492,player,occasional_player,0.0,True,1,13.806167085,-1.942567824,0,1,1,0,0.0,0.0
player_02493,player,occasional_player,0.0,True,1,76.820513642,52.178426523,1,0,1,0,2.746232975,0.0
player_02494,player,occasional_player,0.0,True,1,3.721519119,-1.581324275,0,2,2,0,0.0,0.0
player_02495,player,occasional_player,0.0,True,1,74.016969647,61.14296634,1,0,1,0,3.21805086,0.0
player_02496,player,occasional_player,0.0,True,1,5.376951244,-1.266935952,0,2,2,0,0.0,0.0
player_02497,player,occasional_player,0.0,True,1,21.616299226,-5.791777015,0,2,2,0,0.0,0.0
player_02498,player,occasional_player,0.0,True,1,9.437672819,-4.828359149,0,3,3,0,0.0,0.0
player_02499,player,opportunistic_player,0.0,True,1,33.858101074,-8.049043679,0,2,2,0,0.0,0.0
player_02500,player,occasional_player,0.0,True,1,10.262209111,-0.807001499,0,1,1,0,0.0,0.0
player_02501,player,occasional_player,0.0,True,1,93.653353384,67.994887337,1,1,2,0,4.690979877,0.0
player_02502,player,occasional_player,0.0,True,1,26.106806155,-7.660509452,0,2,2,0,0.0,0.0
player_02503,player,occasional_player,0.0,True,1,100.583567568,-19.563072585,0,1,1,0,0.0,0.0
player_02504,player,opportunistic_player,0.0,True,1,51.472398315,-11.080205018,0,1,1,0,0.0,0.0
player_02505,player,occasional_player,0.0,True,1,3.820112605,-3.216154881,0,4,4,0,0.0,0.0
player_02506,player,occasional_player,0.0,True,1,26.334076204,-4.533003738,0,1,1,1,0.0,0.0
player_02507,player,occasional_player,0.0,True,1,5.64955091,-1.386868503,0,2,2,0,0.0,0.0
player_02508,player,occasional_player,0.0,True,1,20.133248204,-9.475834903,0,2,2,1,0.0,0.0
player_02509,player,occasional_player,0.0,True,1,17.83759895,-9.060343027,0,3,3,0,0.0,0.0
player_02510,player,occasional_player,0.0,True,1,27.45970587,-4.985096922,0,1,1,0,0.0,0.0
player_02511,player,player_whale,0.0,True,1,502.45814926,-100.322805939,0,4,4,0,0.0,0.0
player_02512,player,occasional_player,0.0,True,1,24.012949058,-2.683680907,0,1,1,1,0.0,0.0
player_02513,player,occasional_player,0.0,True,1,9.93857607,-1.677003386,0,1,1,0,0.0,0.0
player_02514,player,occasional_player,0.0,True,1,20.554724906,-1.948783366,0,1,1,0,0.0,0.0
player_02515,player,opportunistic_player,0.0,True,1,78.837588041,-16.548287195,0,2,2,0,0.0,0.0
player_02516,player,opportunistic_player,0.0,True,1,36.505947847,-18.269591796,0,3,3,0,0.0,0.0
player_02517,player,opportunistic_player,0.0,True,1,242.748209561,-35.46724706,0,2,2,0,0.0,0.0
player_02518,player,player_whale,0.0,True,1,516.047597242,-35.096955397,1,2,3,0,2.707104511,0.0
player_02519,player,opportunistic_player,0.0,True,1,78.564783644,-30.630147751,0,2,2,0,0.0,0.0
player_02520,player,occasional_player,0.0,True,1,23.949096362,-6.918162101,0,2,2,0,0.0,0.0
player_02521,player,occasional_player,0.0,True,1,7.046783076,-1.257997357,0,1,1,0,0.0,0.0
player_02522,player,opportunistic_player,0.0,True,1,63.477143975,-5.804412629,0,2,2,0,0.0,0.0
player_02523,player,occasional_player,0.0,True,1,14.044436363,-9.299175698,0,3,3,0,0.0,0.0
player_02524,player,occasional_player,0.0,True,1,7.042566209,-3.272307935,0,3,3,0,0.0,0.0
player_02525,player,occasional_player,0.0,True,1,72.768245278,-25.519810635,0,2,2,0,0.0,0.0
player_02526,player,occasional_player,0.0,True,1,17.510660711,-6.206427729,0,2,2,0,0.0,0.0
player_02527,player,occasional_player,0.0,True,1,5.36835816,-1.915495148,0,2,2,0,0.0,0.0
player_02528,player,occasional_player,0.0,True,1,8.336380082,-4.648120388,0,3,3,0,0.0,0.0
player_02529,player,occasional_player,0.0,True,1,16.120347935,-1.325731764,0,1,1,0,0.0,0.0
player_02530,player,occasional_player,0.0,True,1,24.335084589,-5.853149935,0,2,2,0,0.0,0.0
player_02531,player,occasional_player,0.0,True,1,13.027462279,-11.515597068,0,3,3,0,0.0,0.0
player_02532,player,occasional_player,0.0,True,1,10.846430485,-6.022494067,0,3,3,0,0.0,0.0
player_02533,player,occasional_player,0.0,True,1,6.528309659,-1.271850979,0,1,1,0,0.0,0.0
player_02534,player,opportunistic_player,0.0,True,1,44.140114907,25.098487218,1,2,3,0,2.0904267,0.0
player_02535,player,occasional_player,0.0,True,1,37.881628775,-12.932648449,0,2,2,0,0.0,0.0
player_02536,player,occasional_player,0.0,True,1,19.760080029,-8.411322229,0,2,2,0,0.0,0.0
player_02537,player,occasional_player,0.0,True,1,4.321460518,-0.678539482,0,1,1,0,0.0,0.0
player_02538,player,opportunistic_player,0.0,True,1,16.938155714,-2.454971177,0,1,1,0,0.0,0.0
player_02539,player,occasional_player,0.0,True,1,13.820859371,-4.508088141,0,2,2,1,0.0,0.0
player_02540,player,occasional_player,0.0,True,1,8.947416101,-3.473453521,0,2,2,0,0.0,0.0
player_02541,player,occasional_player,0.0,True,1,31.527215423,-7.917004652,0,1,1,0,0.0,0.0
player_02542,player,occasional_player,0.0,True,1,33.995739426,-7.075757189,0,2,2,0,0.0,0.0
player_02543,player,opportunistic_player,0.0,True,1,74.050035834,-7.025056623,0,1,1,0,0.0,0.0
player_02544,player,occasional_player,0.0,True,1,5.965628364,-0.659662086,0,1,1,0,0.0,0.0
player_02545,player,occasional_player,0.0,True,1,12.696916888,-1.468822,0,1,1,0,0.0,0.0
player_02546,player,occasional_player,0.0,True,1,5.749279357,-1.106313017,0,1,1,1,0.0,0.0
player_02547,player,opportunistic_player,0.0,True,1,18.157027774,-8.59165465,0,3,3,0,0.0,0.0
player_02548,player,occasional_player,0.0,True,1,7.389627726,-1.961402212,0,1,1,0,0.0,0.0
player_02549,player,occasional_player,0.0,True,1,12.908146293,-6.324460381,0,3,3,0,0.0,0.0
player_02550,player,occasional_player,0.0,True,1,20.443661168,-12.219851024,0,3,3,0,0.0,0.0
player_02551,player,occasional_player,0.0,True,1,7.68457742,-5.697409713,0,3,3,0,0.0,0.0
player_02552,player,occasional_player,0.0,True,1,7.95485778,-2.266365044,0,2,2,0,0.0,0.0
player_02553,player,occasional_player,0.0,True,1,33.84304179,-4.278141977,0,1,1,0,0.0,0.0
player_02554,player,occasional_player,0.0,True,1,13.465946823,-1.069398125,0,1,1,0,0.0,0.0
player_02555,player,occasional_player,0.0,True,1,39.719687145,-15.415331304,0,2,2,0,0.0,0.0
player_02556,player,occasional_player,0.0,True,1,8.97002243,-4.196024072,0,2,2,0,0.0,0.0
player_02557,player,opportunistic_player,0.0,True,1,12.727330051,-2.272669949,0,1,1,0,0.0,0.0
player_02558,player,opportunistic_player,0.0,True,1,11.12086102,-3.87913898,0,2,2,0,0.0,0.0
player_02559,player,player_whale,0.0,True,1,263.394130144,67.201120791,1,0,1,0,3.536901094,0.0
player_02560,player,player_whale,0.0,True,1,219.181337107,-30.652505155,0,2,2,0,0.0,0.0
player_02561,player,opportunistic_player,0.0,True,1,24.847325402,-18.633676836,0,5,5,0,0.0,0.0
player_02562,player,player_whale,0.0,True,1,251.119975994,-35.979094952,0,2,2,0,0.0,0.0
player_02563,player,occasional_player,0.0,True,1,20.88406062,-4.972499291,0,1,1,0,0.0,0.0
player_02564,player,occasional_player,0.0,True,1,18.478594825,-2.331189819,0,1,1,0,0.0,0.0
player_02565,player,occasional_player,0.0,True,1,131.673526101,77.231367314,2,1,3,0,4.565219871,0.0
player_02566,player,occasional_player,0.0,True,1,20.32747495,-4.115158497,0,1,1,0,0.0,0.0
player_02567,player,occasional_player,0.0,True,1,67.729907637,-22.150199835,0,2,2,1,0.0,0.0
player_02568,player,occasional_player,0.0,True,1,25.403469351,-3.828870378,0,1,1,0,0.0,0.0
player_02569,player,occasional_player,0.0,True,1,10.224716041,-7.638303287,0,3,3,0,0.0,0.0
player_02570,player,occasional_player,0.0,True,1,41.802411942,-23.450759422,0,3,3,0,0.0,0.0
player_02571,player,occasional_player,0.0,True,1,17.232601114,-3.435415087,0,1,1,0,0.0,0.0
player_02572,player,occasional_player,0.0,True,1,20.01547616,-6.571055291,0,2,2,0,0.0,0.0
player_02573,player,occasional_player,0.0,True,1,9.263610506,-2.392652216,0,2,2,0,0.0,0.0
player_02574,player,occasional_player,0.0,True,1,17.393820724,-15.563802817,0,4,4,0,0.0,0.0
player_02575,player,occasional_player,0.0,True,1,32.121589275,-7.521518126,0,1,1,0,0.0,0.0
player_02576,player,opportunistic_player,0.0,True,1,23.78988719,-1.258221533,0,1,1,0,0.0,0.0
player_02577,player,occasional_player,0.0,True,1,127.91736982,-47.08263018,0,2,2,0,0.0,0.0
player_02578,player,occasional_player,0.0,True,1,12.701672825,-2.367104059,0,1,1,0,0.0,0.0
player_02579,player,occasional_player,0.0,True,1,131.783068741,-31.375506494,0,2,2,0,0.0,0.0
player_02580,player,occasional_player,0.0,True,1,75.274703622,62.416741705,1,1,2,0,3.424410918,0.0
player_02581,player,occasional_player,0.0,True,1,12.559390671,-2.537800844,0,1,1,0,0.0,0.0
player_02582,player,occasional_player,0.0,True,1,12.755158372,-3.149694815,0,1,1,1,0.0,0.0
player_02583,player,occasional_player,0.0,True,1,25.406536704,-24.074487106,0,4,4,0,0.0,0.0
player_02584,player,occasional_player,0.0,True,1,38.324397202,-16.533282332,0,2,2,0,0.0,0.0
player_02585,player,occasional_player,0.0,True,1,19.957962003,-8.588443589,0,3,3,0,0.0,0.0
player_02586,player,occasional_player,0.0,True,1,23.371405733,-4.24774492,0,1,1,0,0.0,0.0
player_02587,player,occasional_player,0.0,True,1,65.593370593,53.942177097,1,0,1,0,2.839061952,0.0
player_02588,player,occasional_player,0.0,True,1,23.305465226,-11.58701726,0,2,2,0,0.0,0.0
player_02589,player,occasional_player,0.0,True,1,24.32738838,-2.356939006,0,1,1,0,0.0,0.0
player_02590,player,occasional_player,0.0,True,1,19.852513646,-13.631649801,0,3,3,0,0.0,0.0
player_02591,player,occasional_player,0.0,True,1,20.154354597,-5.240620272,0,1,1,0,0.0,0.0
player_02592,player,occasional_player,0.0,True,1,35.212295181,-11.095202041,0,2,2,0,0.0,0.0
player_02593,player,occasional_player,0.0,True,1,86.812348865,65.225393526,1,3,4,0,3.81106826,0.0
player_02594,player,occasional_player,0.0,True,1,64.688393624,-4.714855985,0,1,1,0,0.0,0.0
player_02595,player,occasional_player,0.0,True,1,15.674544601,-7.442113022,0,2,2,0,0.0,0.0
player_02596,player,occasional_player,0.0,True,1,22.185422482,-5.159518725,0,2,2,0,0.0,0.0
player_02597,player,occasional_player,0.0,True,1,7.00669522,-1.375170415,0,1,1,0,0.0,0.0
player_02598,player,occasional_player,0.0,True,1,25.646082469,-8.587083775,0,2,2,0,0.0,0.0
player_02599,player,occasional_player,0.0,True,1,9.449004305,-1.089943826,0,1,1,0,0.0,0.0
player_02600,player,occasional_player,0.0,True,1,11.048319116,-1.77625689,0,1,1,0,0.0,0.0
player_02601,player,occasional_player,0.0,True,1,152.453573446,20.762875027,1,2,3,0,2.719683497,0.0
player_02602,player,occasional_player,0.0,True,1,10.861344934,-7.034302562,0,3,3,0,0.0,0.0
player_02603,player,opportunistic_player,0.0,True,1,19.783599317,-7.517063222,0,2,2,0,0.0,0.0
player_02604,player,occasional_player,0.0,True,1,22.676752468,-17.025239978,0,3,3,0,0.0,0.0
player_02605,player,occasional_player,0.0,True,1,62.743133548,-7.084553132,0,1,1,0,0.0,0.0
player_02606,player,occasional_player,0.0,True,1,12.380248505,-4.525812598,0,2,2,0,0.0,0.0
player_02607,player,occasional_player,0.0,True,1,18.247939667,-11.200284678,0,3,3,0,0.0,0.0
player_02608,player,occasional_player,0.0,True,1,74.391035102,33.965795856,1,1,2,0,2.113877892,0.0
player_02609,player,opportunistic_player,0.0,True,1,29.612619192,-24.991240693,0,4,4,0,0.0,0.0
player_02610,player,occasional_player,0.0,True,1,13.315040175,-1.920182555,0,1,1,0,0.0,0.0
player_02611,player,occasional_player,0.0,True,1,6.319049863,-4.655949139,0,3,3,0,0.0,0.0
player_02612,player,opportunistic_player,0.0,True,1,160.252495905,-1.733607761,1,2,3,0,2.645328734,0.0
player_02613,player,occasional_player,0.0,True,1,6.890026331,-6.502668153,0,3,3,0,0.0,0.0
player_02614,player,occasional_player,0.0,True,1,6.272344295,-0.71157418,0,1,1,0,0.0,0.0
player_02615,player,opportunistic_player,0.0,True,1,21.637088425,-6.717477852,0,3,3,0,0.0,0.0
player_02616,player,occasional_player,0.0,True,1,55.122641449,-14.971550158,0,1,1,0,0.0,0.0
player_02617,player,occasional_player,0.0,True,1,37.656639322,0.0,0,0,0,1,0.0,0.0
player_02618,player,occasional_player,0.0,True,1,47.347643992,22.908734293,1,1,2,0,1.631712298,0.0
player_02619,player,occasional_player,0.0,True,1,4.125822666,-0.874177334,0,1,1,0,0.0,0.0
player_02620,player,occasional_player,0.0,True,1,23.968239425,-10.066939745,0,2,2,0,0.0,0.0
player_02621,player,occasional_player,0.0,True,1,28.303866237,-12.878362328,0,3,3,0,0.0,0.0
player_02622,player,occasional_player,0.0,True,1,3.935189467,-1.064810533,0,2,2,1,0.0,0.0
player_02623,player,occasional_player,0.0,True,1,7.187746061,-5.707297679,0,5,5,0,0.0,0.0
player_02624,player,occasional_player,0.0,True,1,68.588369085,48.07123908,1,0,1,0,2.530065215,0.0
player_02625,player,opportunistic_player,0.0,True,1,60.302228623,-12.234863901,0,2,2,0,0.0,0.0
player_02626,player,occasional_player,0.0,True,1,10.883622188,-6.35806338,0,2,2,0,0.0,0.0
player_02627,player,occasional_player,0.0,True,1,99.06720376,-6.4206179,0,1,1,0,0.0,0.0
player_02628,player,occasional_player,0.0,True,1,15.968650117,-6.232686721,0,2,2,0,0.0,0.0
player_02629,player,occasional_player,0.0,True,1,40.528402214,-6.102616641,0,1,1,0,0.0,0.0
player_02630,player,opportunistic_player,0.0,True,1,13.211554719,-1.788445281,0,2,2,0,0.0,0.0
player_02631,player,occasional_player,0.0,True,1,8.437658056,-2.730701341,0,2,2,0,0.0,0.0
player_02632,player,occasional_player,0.0,True,1,7.626642244,-0.943251169,0,1,1,0,0.0,0.0
player_02633,player,occasional_player,0.0,True,1,23.838290218,-8.872391102,0,2,2,0,0.0,0.0
player_02634,player,occasional_player,0.0,True,1,9.756441392,-2.032159776,0,1,1,0,0.0,0.0
player_02635,player,occasional_player,0.0,True,1,12.265732024,-3.310523056,0,1,1,0,0.0,0.0
player_02636,player,player_whale,0.0,True,1,484.155669048,-14.187328467,0,1,1,0,0.0,0.0
player_02637,player,occasional_player,0.0,True,1,11.605366639,-1.162933027,0,1,1,0,0.0,0.0
player_02638,player,occasional_player,0.0,True,1,8.477528447,-1.174022995,0,1,1,0,0.0,0.0
player_02639,player,occasional_player,0.0,True,1,3.47030993,-1.52969007,0,2,2,0,0.0,0.0
player_02640,player,occasional_player,0.0,True,1,36.307115388,-3.198570725,0,1,1,0,0.0,0.0
player_02641,player,occasional_player,0.0,True,1,2.877664919,-2.122335081,0,3,3,0,0.0,0.0
player_02642,player,opportunistic_player,0.0,True,1,30.01429873,-4.934374287,0,1,1,0,0.0,0.0
player_02643,player,opportunistic_player,0.0,True,1,213.575017491,-29.893087507,0,1,1,0,0.0,0.0
player_02644,player,opportunistic_player,0.0,True,1,22.3745428,-15.455002507,0,3,3,0,0.0,0.0
player_02645,player,occasional_player,0.0,True,1,7.272717576,-8.922210287,0,5,5,0,0.0,0.0
player_02646,player,occasional_player,0.0,True,1,37.893750169,-2.984968787,0,1,1,0,0.0,0.0
player_02647,player,opportunistic_player,0.0,True,1,42.239929997,-7.732817695,0,1,1,1,0.0,0.0
player_02648,player,occasional_player,0.0,True,1,9.513790297,-5.9303254,0,3,3,0,0.0,0.0
player_02649,player,player_whale,0.0,True,1,301.891754071,-23.159555833,0,1,1,0,0.0,0.0
player_02650,player,occasional_player,0.0,True,1,16.286216067,-9.572701483,0,2,2,0,0.0,0.0
player_02651,player,occasional_player,0.0,True,1,20.760086247,-6.478223609,0,2,2,0,0.0,0.0
player_02652,player,occasional_player,0.0,True,1,6.230580045,-1.034450936,0,1,1,0,0.0,0.0
player_02653,player,occasional_player,0.0,True,1,10.692273626,-0.929469391,0,1,1,0,0.0,0.0
player_02654,player,player_whale,0.0,True,1,368.277942831,12.071453948,1,1,2,0,1.290683988,0.0
player_02655,player,occasional_player,0.0,True,1,24.296759277,-3.868450098,0,1,1,0,0.0,0.0
player_02656,player,occasional_player,0.0,True,1,116.237751764,-8.53053499,0,1,1,0,0.0,0.0
player_02657,player,occasional_player,0.0,True,1,3.96177333,-1.03822667,0,1,1,0,0.0,0.0
player_02658,player,player_whale,0.0,True,1,188.216401765,-18.004909217,0,1,1,0,0.0,0.0
player_02659,player,occasional_player,0.0,True,1,18.839547337,-5.67239263,0,2,2,0,0.0,0.0
player_02660,player,occasional_player,0.0,True,1,10.897735015,-1.052814463,0,1,1,0,0.0,0.0
player_02661,player,occasional_player,0.0,True,1,26.679239901,-1.912552836,0,1,1,0,0.0,0.0
player_02662,player,occasional_player,0.0,True,1,5.377966024,-2.162541247,0,2,2,0,0.0,0.0
player_02663,player,occasional_player,0.0,True,1,24.17603846,-2.094215061,0,1,1,0,0.0,0.0
player_02664,player,occasional_player,0.0,True,1,96.497223359,-43.72121274,0,2,2,0,0.0,0.0
player_02665,player,occasional_player,0.0,True,1,35.041518694,-7.080074914,0,1,1,0,0.0,0.0
player_02666,player,occasional_player,0.0,True,1,129.212830516,80.380090341,1,0,1,0,4.230531071,0.0
player_02667,player,occasional_player,0.0,True,1,46.83411032,-17.328977375,0,3,3,0,0.0,0.0
player_02668,player,occasional_player,0.0,True,1,24.786808479,-4.428953004,0,1,1,0,0.0,0.0
player_02669,player,opportunistic_player,0.0,True,1,14.153128673,-9.370520023,0,4,4,0,0.0,0.0
player_02670,player,player_whale,0.0,True,1,756.240801741,-1.564799273,1,2,3,0,3.820418506,0.0
player_02671,player,opportunistic_player,0.0,True,1,70.167123921,-8.708217468,0,1,1,0,0.0,0.0
player_02672,player,occasional_player,0.0,True,1,43.809800998,-3.75108945,0,1,1,0,0.0,0.0
player_02673,player,occasional_player,0.0,True,1,10.381792191,-0.873690811,0,1,1,1,0.0,0.0
player_02674,player,opportunistic_player,0.0,True,1,28.718756293,-2.092203934,0,1,1,0,0.0,0.0
player_02675,player,opportunistic_player,0.0,True,1,19.16761135,-1.481730312,0,1,1,0,0.0,0.0
player_02676,player,occasional_player,0.0,True,1,163.834295728,47.786511333,1,1,2,0,3.733817226,0.0
player_02677,player,occasional_player,0.0,True,1,9.338489524,-3.277355159,0,2,2,0,0.0,0.0
player_02678,player,opportunistic_player,0.0,True,1,47.857459811,31.090938821,1,2,3,0,2.290269382,0.0
player_02679,player,occasional_player,0.0,True,1,4.326870717,-1.326265035,0,2,2,0,0.0,0.0
player_02680,player,opportunistic_player,0.0,True,1,28.941232265,-2.072046587,0,1,1,1,0.0,0.0
player_02681,player,opportunistic_player,0.0,True,1,32.920384018,-3.111185507,0,1,1,0,0.0,0.0
player_02682,player,occasional_player,0.0,True,1,7.53136501,-7.800630731,0,4,4,0,0.0,0.0
player_02683,player,occasional_player,0.0,True,1,13.138462102,-3.28244181,0,1,1,0,0.0,0.0
player_02684,player,occasional_player,0.0,True,1,28.674911229,-9.782084705,0,2,2,0,0.0,0.0
player_02685,player,occasional_player,0.0,True,1,8.003912639,-0.834513478,0,1,1,0,0.0,0.0
player_02686,player,occasional_player,0.0,True,1,35.249385811,-6.956755857,0,1,1,0,0.0,0.0
player_02687,player,occasional_player,0.0,True,1,4.413631817,-0.586368183,0,1,1,0,0.0,0.0
player_02688,player,occasional_player,0.0,True,1,7.291545181,-1.613559063,0,1,1,0,0.0,0.0
player_02689,player,player_whale,0.0,True,1,715.369556409,-170.486704838,0,4,4,0,0.0,0.0
player_02690,player,opportunistic_player,0.0,True,1,76.02499633,-5.987983134,0,1,1,0,0.0,0.0
player_02691,player,opportunistic_player,0.0,True,1,18.210194,-6.777357017,0,2,2,0,0.0,0.0
player_02692,player,occasional_player,0.0,True,1,290.921341683,115.921341683,2,0,2,0,6.101123246,0.0
player_02693,player,occasional_player,0.0,True,1,16.034952869,-10.173434329,0,3,3,0,0.0,0.0
player_02694,player,player_whale,0.0,True,1,534.835046902,-17.012978539,0,1,1,0,0.0,0.0
player_02695,player,opportunistic_player,0.0,True,1,31.592568692,-5.058804528,0,1,1,0,0.0,0.0
player_02696,player,occasional_player,0.0,True,1,17.827455886,-4.237534647,0,1,1,0,0.0,0.0
player_02697,player,occasional_player,0.0,True,1,12.042298418,-3.97047777,0,2,2,0,0.0,0.0
player_02698,player,occasional_player,0.0,True,1,11.85615901,-1.900776953,0,2,2,0,0.0,0.0
player_02699,player,occasional_player,0.0,True,1,20.067251015,-9.628018882,0,2,2,0,0.0,0.0
player_02700,player,occasional_player,0.0,True,1,15.471831412,-8.587280535,0,3,3,0,0.0,0.0
player_02701,player,occasional_player,0.0,True,1,33.821545434,-2.856937622,0,1,1,0,0.0,0.0
player_02702,player,occasional_player,0.0,True,1,198.812660388,122.869826038,2,0,2,0,6.466832949,0.0
player_02703,player,occasional_player,0.0,True,1,124.746158695,110.01492643,2,2,4,0,6.759490289,0.0
player_02704,player,occasional_player,0.0,True,1,19.370402759,-6.449527742,0,2,2,0,0.0,0.0
player_02705,player,occasional_player,0.0,True,1,24.393473212,-4.521530184,0,2,2,0,0.0,0.0
player_02706,player,player_whale,0.0,True,1,438.465153181,-45.029100625,0,2,2,0,0.0,0.0
player_02707,player,occasional_player,0.0,True,1,23.686493007,-2.636248901,0,1,1,1,0.0,0.0
player_02708,player,occasional_player,0.0,True,1,32.748679054,-16.481035449,0,3,3,0,0.0,0.0
player_02709,player,occasional_player,0.0,True,1,3.543061505,-1.456938495,0,2,2,0,0.0,0.0
player_02710,player,occasional_player,0.0,True,1,28.196213128,-7.636530006,0,1,1,0,0.0,0.0
player_02711,player,occasional_player,0.0,True,1,80.92816913,61.611046068,1,1,2,0,3.34386049,0.0
player_02712,player,occasional_player,0.0,True,1,10.087594112,-5.952410106,0,2,2,0,0.0,0.0
player_02713,player,occasional_player,0.0,True,1,6.06097867,-4.381093575,0,3,3,0,0.0,0.0
player_02714,player,opportunistic_player,0.0,True,1,29.011079401,-3.671870246,0,2,2,0,0.0,0.0
player_02715,player,opportunistic_player,0.0,True,1,102.73076178,-21.726922143,0,2,2,0,0.0,0.0
player_02716,player,occasional_player,0.0,True,1,15.049554024,-2.248066095,0,1,1,0,0.0,0.0
player_02717,player,occasional_player,0.0,True,1,12.09418119,-1.943075277,0,1,1,0,0.0,0.0
player_02718,player,opportunistic_player,0.0,True,1,43.581153213,-4.005731206,0,1,1,0,0.0,0.0
player_02719,player,opportunistic_player,0.0,True,1,32.366849863,-5.580970814,0,1,1,0,0.0,0.0
player_02720,player,occasional_player,0.0,True,1,44.498219014,-12.482203749,0,2,2,0,0.0,0.0
player_02721,player,occasional_player,0.0,True,1,24.508655373,-4.545617622,0,1,1,0,0.0,0.0
player_02722,player,opportunistic_player,0.0,True,1,19.975495838,-2.268844285,0,1,1,0,0.0,0.0
player_02723,player,occasional_player,0.0,True,1,30.854807973,-5.322818436,0,2,2,0,0.0,0.0
player_02724,player,occasional_player,0.0,True,1,15.628073282,-1.820661493,0,1,1,0,0.0,0.0
player_02725,player,occasional_player,0.0,True,1,55.609724294,-11.345342791,0,2,2,0,0.0,0.0
player_02726,player,occasional_player,0.0,True,1,28.447701523,-18.764971473,0,3,3,0,0.0,0.0
player_02727,player,occasional_player,0.0,True,1,14.012633723,-1.170647931,0,1,1,0,0.0,0.0
player_02728,player,occasional_player,0.0,True,1,18.248042661,-10.266783764,0,3,3,0,0.0,0.0
player_02729,player,occasional_player,0.0,True,1,9.170113689,-2.246433365,0,1,1,0,0.0,0.0
player_02730,player,occasional_player,0.0,True,1,101.158902454,-32.15916638,0,2,2,0,0.0,0.0
player_02731,player,occasional_player,0.0,True,1,47.276759799,-16.424330202,0,2,2,1,0.0,0.0
player_02732,player,opportunistic_player,0.0,True,1,104.384146943,-12.318057806,0,1,1,0,0.0,0.0
player_02733,player,occasional_player,0.0,True,1,9.271452924,-2.073228189,0,2,2,1,0.0,0.0
player_02734,player,occasional_player,0.0,True,1,6.783349476,-3.584923778,0,2,2,0,0.0,0.0
player_02735,player,occasional_player,0.0,True,1,38.263928815,-8.960921597,0,1,1,0,0.0,0.0
player_02736,player,occasional_player,0.0,True,1,11.516736263,-1.2797141,0,1,1,0,0.0,0.0
player_02737,player,occasional_player,0.0,True,1,45.733233205,-7.542919682,0,1,1,0,0.0,0.0
player_02738,player,occasional_player,0.0,True,1,11.414115025,-6.525711124,0,3,3,0,0.0,0.0
player_02739,player,occasional_player,0.0,True,1,3.812452771,-1.187547229,0,2,2,0,0.0,0.0
player_02740,player,occasional_player,0.0,True,1,31.005521836,-2.758114104,0,1,1,0,0.0,0.0
player_02741,player,occasional_player,0.0,True,1,9.370346037,-4.808622035,0,3,3,0,0.0,0.0
player_02742,player,occasional_player,0.0,True,1,5.513395097,-2.345421128,0,2,2,0,0.0,0.0
player_02743,player,occasional_player,0.0,True,1,4.296297105,-2.054802819,0,2,2,0,0.0,0.0
player_02744,player,occasional_player,0.0,True,1,43.500167124,-5.135686865,0,1,1,0,0.0,0.0
player_02745,player,occasional_player,0.0,True,1,55.918350018,-21.016887579,0,2,2,0,0.0,0.0
player_02746,player,occasional_player,0.0,True,1,34.477552852,0.0,0,0,0,1,0.0,0.0
player_02747,player,occasional_player,0.0,True,1,25.917519365,-5.064658398,0,1,1,0,0.0,0.0
player_02748,player,occasional_player,0.0,True,1,20.133581619,-3.229530575,0,1,1,0,0.0,0.0
player_02749,player,occasional_player,0.0,True,1,19.126407543,-6.666749554,0,2,2,0,0.0,0.0
player_02750,player,opportunistic_player,0.0,True,1,41.421371733,-6.471553721,0,1,1,0,0.0,0.0
player_02751,player,occasional_player,0.0,True,1,56.64671599,-17.707681881,0,2,2,0,0.0,0.0
player_02752,player,occasional_player,0.0,True,1,20.015827898,-6.178812684,0,2,2,0,0.0,0.0
player_02753,player,opportunistic_player,0.0,True,1,170.361926308,9.698023105,1,1,2,0,2.180573007,0.0
player_02754,player,occasional_player,0.0,True,1,14.576792517,-6.891615177,0,2,2,0,0.0,0.0
player_02755,player,occasional_player,0.0,True,1,25.759332207,-2.474083882,0,1,1,0,0.0,0.0
player_02756,player,occasional_player,0.0,True,1,8.882333321,-0.909516646,0,1,1,0,0.0,0.0
player_02757,player,occasional_player,0.0,True,1,22.014704726,0.0,0,0,0,1,0.0,0.0
player_02758,player,occasional_player,0.0,True,1,7.543104255,-1.431766294,0,2,2,0,0.0,0.0
player_02759,player,occasional_player,0.0,True,1,49.197787024,-7.888198553,0,1,1,0,0.0,0.0
player_02760,player,occasional_player,0.0,True,1,84.560971728,-20.313966863,0,1,1,0,0.0,0.0
player_02761,player,occasional_player,0.0,True,1,27.844694195,-2.130111205,0,1,1,0,0.0,0.0
player_02762,player,occasional_player,0.0,True,1,3.505632776,-1.494367224,0,2,2,0,0.0,0.0
player_02763,player,occasional_player,0.0,True,1,109.922209216,17.544852246,1,2,3,0,2.419326449,0.0
player_02764,player,occasional_player,0.0,True,1,10.60346566,-4.791887858,0,2,2,0,0.0,0.0
player_02765,player,player_whale,0.0,True,1,391.616877377,-18.62244184,0,1,1,0,0.0,0.0
player_02766,player,occasional_player,0.0,True,1,13.7409068,-1.738088718,0,1,1,0,0.0,0.0
player_02767,player,occasional_player,0.0,True,1,94.066291034,71.153755393,1,0,1,0,3.744934494,0.0
player_02768,player,occasional_player,0.0,True,1,6.332857718,-1.724560917,0,1,1,0,0.0,0.0
player_02769,player,occasional_player,0.0,True,1,3.31840684,-1.68159316,0,2,2,0,0.0,0.0
player_02770,player,player_whale,0.0,True,1,1098.732470958,169.327904052,2,0,2,0,8.91199495,0.0
player_02771,player,opportunistic_player,0.0,True,1,65.5980418,-43.705516439,0,4,4,0,0.0,0.0
player_02772,player,occasional_player,0.0,True,1,13.979654147,-6.549570073,0,2,2,0,0.0,0.0
player_02773,player,occasional_player,0.0,True,1,37.806521621,0.0,0,0,0,1,0.0,0.0
player_02774,player,opportunistic_player,0.0,True,1,27.527975056,-2.356934341,0,1,1,0,0.0,0.0
player_02775,player,occasional_player,0.0,True,1,40.355703919,-10.567258394,0,1,1,0,0.0,0.0
player_02776,player,occasional_player,0.0,True,1,22.377646442,-4.679961825,0,2,2,0,0.0,0.0
player_02777,player,occasional_player,0.0,True,1,28.412930309,-9.839908905,0,2,2,0,0.0,0.0
player_02778,player,occasional_player,0.0,True,1,12.737492084,-1.72390687,0,1,1,0,0.0,0.0
player_02779,player,opportunistic_player,0.0,True,1,53.243231106,-20.296627463,0,2,2,0,0.0,0.0
player_02780,player,occasional_player,0.0,True,1,27.3031186,-10.102728402,0,2,2,1,0.0,0.0
player_02781,player,occasional_player,0.0,True,1,13.924102585,-2.058312538,0,1,1,0,0.0,0.0
player_02782,player,occasional_player,0.0,True,1,9.886866804,-4.042361469,0,2,2,0,0.0,0.0
player_02783,player,occasional_player,0.0,True,1,9.093423009,-2.387213461,0,1,1,0,0.0,0.0
player_02784,player,occasional_player,0.0,True,1,7.23406111,-5.663036986,0,4,4,0,0.0,0.0
player_02785,player,opportunistic_player,0.0,True,1,18.578209459,-3.012664187,0,2,2,1,0.0,0.0
player_02786,player,occasional_player,0.0,True,1,42.507651464,-5.253317215,0,1,1,0,0.0,0.0
player_02787,player,occasional_player,0.0,True,1,26.750748856,-2.688013747,0,1,1,0,0.0,0.0
player_02788,player,occasional_player,0.0,True,1,8.165400865,-0.927330361,0,1,1,0,0.0,0.0
player_02789,player,occasional_player,0.0,True,1,5.322023302,-6.132181959,0,5,5,0,0.0,0.0
player_02790,player,occasional_player,0.0,True,1,8.884306955,-1.260226201,0,1,1,0,0.0,0.0
player_02791,player,occasional_player,0.0,True,1,90.851020753,48.560629233,1,1,2,0,2.935924049,0.0
player_02792,player,occasional_player,0.0,True,1,60.89000984,-6.967961367,0,1,1,1,0.0,0.0
player_02793,player,occasional_player,0.0,True,1,15.103987443,-6.536408594,0,3,3,0,0.0,0.0
player_02794,player,occasional_player,0.0,True,1,85.304495601,59.320984099,1,2,3,0,4.639210557,0.0
player_02795,player,occasional_player,0.0,True,1,21.511619671,-4.18147028,0,1,1,0,0.0,0.0
player_02796,player,occasional_player,0.0,True,1,39.52192379,-10.390179874,0,1,1,0,0.0,0.0
player_02797,player,occasional_player,0.0,True,1,69.150266058,-7.577857343,0,1,1,0,0.0,0.0
player_02798,player,opportunistic_player,0.0,True,1,277.670369251,-22.215191586,0,1,1,0,0.0,0.0
player_02799,player,occasional_player,0.0,True,1,10.396991581,-5.061413427,0,3,3,0,0.0,0.0
player_02800,player,occasional_player,0.0,True,1,21.503180641,-1.888272885,0,1,1,0,0.0,0.0
player_02801,player,occasional_player,0.0,True,1,12.012921144,-1.114519897,0,1,1,0,0.0,0.0
player_02802,player,opportunistic_player,0.0,True,1,28.356330342,-9.482836534,0,2,2,0,0.0,0.0
player_02803,player,occasional_player,0.0,True,1,19.851084418,-8.745393286,0,3,3,0,0.0,0.0
player_02804,player,opportunistic_player,0.0,True,1,28.663007207,-5.14407593,0,2,2,0,0.0,0.0
player_02805,player,occasional_player,0.0,True,1,18.597670615,-3.629262745,0,1,1,0,0.0,0.0
player_02806,player,opportunistic_player,0.0,True,1,134.376134167,118.577966806,2,1,3,0,7.487950373,0.0
player_02807,player,occasional_player,0.0,True,1,37.532953905,-9.376064594,0,2,2,0,0.0,0.0
player_02808,player,opportunistic_player,0.0,True,1,13.440142834,-1.559857166,0,1,1,0,0.0,0.0
player_02809,player,player_whale,0.0,True,1,576.317756743,8.961629364,1,2,3,0,2.29665089,0.0
player_02810,player,occasional_player,0.0,True,1,4.406119492,-0.593880508,0,1,1,0,0.0,0.0
player_02811,player,occasional_player,0.0,True,1,32.768688583,-7.375899745,0,1,1,0,0.0,0.0
player_02812,player,occasional_player,0.0,True,1,3.653975155,-1.346024845,0,2,2,0,0.0,0.0
player_02813,player,occasional_player,0.0,True,1,4.444118866,-1.189302733,0,1,1,0,0.0,0.0
player_02814,player,occasional_player,0.0,True,1,77.072471849,42.266184991,1,0,1,0,2.224536052,0.0
player_02815,player,occasional_player,0.0,True,1,4.931425613,-0.52242981,0,1,1,0,0.0,0.0
player_02816,player,occasional_player,0.0,True,1,12.604685415,-2.393094434,0,1,1,0,0.0,0.0
player_02817,player,opportunistic_player,0.0,True,1,55.913035352,-3.030285125,0,1,1,0,0.0,0.0
player_02818,player,occasional_player,0.0,True,1,5.190969914,-3.628815156,0,3,3,0,0.0,0.0
player_02819,player,player_whale,0.0,True,1,200.289556598,12.918842298,1,2,3,0,2.027647849,0.0
player_02820,player,occasional_player,0.0,True,1,6.243186931,-0.433662039,0,1,1,0,0.0,0.0
player_02821,player,opportunistic_player,0.0,True,1,54.282175923,-15.785568287,0,2,2,0,0.0,0.0
player_02822,player,occasional_player,0.0,True,1,51.187499311,-5.72199608,0,1,1,0,0.0,0.0
player_02823,player,occasional_player,0.0,True,1,8.244927945,-7.476678144,0,3,3,0,0.0,0.0
player_02824,player,occasional_player,0.0,True,1,5.118538042,-1.711278795,0,2,2,0,0.0,0.0
player_02825,player,occasional_player,0.0,True,1,66.170625561,54.584097542,1,1,2,0,2.944327678,0.0
player_02826,player,occasional_player,0.0,True,1,72.840690874,-9.556147273,0,1,1,0,0.0,0.0
player_02827,player,opportunistic_player,0.0,True,1,108.126031065,-13.732117914,0,1,1,0,0.0,0.0
player_02828,player,occasional_player,0.0,True,1,38.788248647,-14.496629263,0,2,2,0,0.0,0.0
player_02829,player,occasional_player,0.0,True,1,6.606154139,-1.41874085,0,1,1,1,0.0,0.0
player_02830,player,player_whale,0.0,True,1,226.754133792,-17.622584301,0,1,1,0,0.0,0.0
player_02831,player,opportunistic_player,0.0,True,1,72.310374387,-14.30230542,0,1,1,0,0.0,0.0
player_02832,player,occasional_player,0.0,True,1,6.815023733,-2.388333735,0,2,2,0,0.0,0.0
player_02833,player,occasional_player,0.0,True,1,4.771650049,-0.966063422,0,1,1,0,0.0,0.0
player_02834,player,opportunistic_player,0.0,True,1,29.899950512,-3.332797627,0,1,1,0,0.0,0.0
player_02835,player,opportunistic_player,0.0,True,1,22.19361587,-1.553038606,0,1,1,0,0.0,0.0
player_02836,player,occasional_player,0.0,True,1,26.357311784,-12.56378637,0,2,2,0,0.0,0.0
player_02837,player,occasional_player,0.0,True,1,24.939553611,-4.858568263,0,1,1,0,0.0,0.0
player_02838,player,occasional_player,0.0,True,1,10.055908827,-1.042506116,0,1,1,0,0.0,0.0
player_02839,player,occasional_player,0.0,True,1,11.646964996,-8.603016295,0,3,3,0,0.0,0.0
player_02840,player,opportunistic_player,0.0,True,1,17.489002695,-7.048347352,0,3,3,0,0.0,0.0
player_02841,player,player_whale,0.0,True,1,355.366630883,-15.56158545,0,1,1,0,0.0,0.0
player_02842,player,occasional_player,0.0,True,1,43.195708489,-10.235180485,0,1,1,0,0.0,0.0
player_02843,player,opportunistic_player,0.0,True,1,60.096851973,-16.171955237,0,2,2,0,0.0,0.0
player_02844,player,occasional_player,0.0,True,1,18.608631547,-13.861960437,0,3,3,0,0.0,0.0
player_02845,player,occasional_player,0.0,True,1,23.427013408,-5.177357646,0,1,1,0,0.0,0.0
player_02846,player,occasional_player,0.0,True,1,16.722588449,-4.63664536,0,2,2,0,0.0,0.0
player_02847,player,occasional_player,0.0,True,1,16.808303462,-5.735499858,0,2,2,0,0.0,0.0
player_02848,player,occasional_player,0.0,True,1,8.987721852,-1.534221845,0,1,1,0,0.0,0.0
player_02849,player,occasional_player,0.0,True,1,5.374444584,-4.599595697,0,4,4,0,0.0,0.0
player_02850,player,occasional_player,0.0,True,1,11.500363868,-2.611648484,0,1,1,0,0.0,0.0
player_02851,player,occasional_player,0.0,True,1,23.762407379,-1.850538992,0,1,1,0,0.0,0.0
player_02852,player,occasional_player,0.0,True,1,10.521072952,-0.937455603,0,1,1,0,0.0,0.0
player_02853,player,occasional_player,0.0,True,1,57.375583403,-18.181144218,0,2,2,0,0.0,0.0
player_02854,player,opportunistic_player,0.0,True,1,15.728098146,-1.113524702,0,1,1,0,0.0,0.0
player_02855,player,occasional_player,0.0,True,1,16.035588302,-4.361370038,0,1,1,0,0.0,0.0
player_02856,player,opportunistic_player,0.0,True,1,52.729201229,-11.466984777,0,1,1,0,0.0,0.0
player_02857,player,opportunistic_player,0.0,True,1,44.863607612,-4.454349795,0,1,1,0,0.0,0.0
player_02858,player,occasional_player,0.0,True,1,15.13956571,-4.221349398,0,2,2,0,0.0,0.0
player_02859,player,opportunistic_player,0.0,True,1,55.650042391,-16.676962043,0,2,2,0,0.0,0.0
player_02860,player,occasional_player,0.0,True,1,30.626756783,-6.867390313,0,1,1,0,0.0,0.0
player_02861,player,occasional_player,0.0,True,1,12.609651391,-3.2192023,0,1,1,0,0.0,0.0
player_02862,player,occasional_player,0.0,True,1,18.424891238,-2.543741559,0,1,1,0,0.0,0.0
player_02863,player,opportunistic_player,0.0,True,1,49.252801288,-2.815899699,0,1,1,0,0.0,0.0
player_02864,player,occasional_player,0.0,True,1,5.201762196,-1.360466368,0,1,1,0,0.0,0.0
player_02865,player,occasional_player,0.0,True,1,39.930444407,-4.815249474,0,1,1,0,0.0,0.0
player_02866,player,opportunistic_player,0.0,True,1,49.266060651,-12.274425118,0,2,2,0,0.0,0.0
player_02867,player,occasional_player,0.0,True,1,19.560233705,-9.634178029,0,2,2,0,0.0,0.0
player_02868,player,opportunistic_player,0.0,True,1,99.837691461,-15.531587207,0,1,1,0,0.0,0.0
player_02869,player,occasional_player,0.0,True,1,12.116523681,-1.775512652,0,1,1,0,0.0,0.0
player_02870,player,occasional_player,0.0,True,1,11.028088177,-2.742946796,0,1,1,0,0.0,0.0
player_02871,player,occasional_player,0.0,True,1,14.960977421,-2.879376647,0,1,1,0,0.0,0.0
player_02872,player,occasional_player,0.0,True,1,7.61155982,-2.438582339,0,2,2,0,0.0,0.0
player_02873,player,occasional_player,0.0,True,1,13.903009783,-1.708104374,0,1,1,0,0.0,0.0
player_02874,player,occasional_player,0.0,True,1,6.46373458,-3.358398826,0,3,3,0,0.0,0.0
player_02875,player,occasional_player,0.0,True,1,37.374772816,-6.273219626,0,1,1,0,0.0,0.0
player_02876,player,occasional_player,0.0,True,1,55.588228185,-9.301033184,0,1,1,0,0.0,0.0
player_02877,player,occasional_player,0.0,True,1,5.251576267,-1.956042206,0,2,2,0,0.0,0.0
player_02878,player,occasional_player,0.0,True,1,17.330222833,-3.849506161,0,1,1,0,0.0,0.0
player_02879,player,occasional_player,0.0,True,1,20.626129315,-4.480675817,0,1,1,0,0.0,0.0
player_02880,player,occasional_player,0.0,True,1,25.26103193,-6.054344956,0,2,2,0,0.0,0.0
player_02881,player,occasional_player,0.0,True,1,4.244844651,-0.755155349,0,1,1,0,0.0,0.0
player_02882,player,opportunistic_player,0.0,True,1,133.928769253,-8.359589898,0,1,1,0,0.0,0.0
player_02883,player,occasional_player,0.0,True,1,41.191444978,-3.014577846,0,1,1,0,0.0,0.0
player_02884,player,occasional_player,0.0,True,1,24.022949893,-5.68454281,0,2,2,0,0.0,0.0
player_02885,player,occasional_player,0.0,True,1,3.111069309,-2.277543598,0,3,3,0,0.0,0.0
player_02886,player,occasional_player,0.0,True,1,12.622531359,-4.472768089,0,2,2,0,0.0,0.0
player_02887,player,occasional_player,0.0,True,1,4.61639865,-2.361372456,0,2,2,0,0.0,0.0
player_02888,player,occasional_player,0.0,True,1,19.099359434,-1.507015162,0,1,1,0,0.0,0.0
player_02889,player,occasional_player,0.0,True,1,7.838688187,-1.389216479,0,1,1,0,0.0,0.0
player_02890,player,occasional_player,0.0,True,1,27.623364531,-5.285499705,0,1,1,0,0.0,0.0
player_02891,player,occasional_player,0.0,True,1,83.701859087,-42.910638845,0,3,3,0,0.0,0.0
player_02892,player,occasional_player,0.0,True,1,4.41424261,-3.065615818,0,3,3,0,0.0,0.0
player_02893,player,occasional_player,0.0,True,1,51.100263333,37.555422678,1,1,2,0,2.20204348,0.0
player_02894,player,occasional_player,0.0,True,1,11.843725674,-5.286279554,0,2,2,0,0.0,0.0
player_02895,player,occasional_player,0.0,True,1,4.171032483,-0.828967517,0,1,1,0,0.0,0.0
player_02896,player,opportunistic_player,0.0,True,1,51.379061778,-3.557992786,0,1,1,0,0.0,0.0
player_02897,player,opportunistic_player,0.0,True,1,32.15044343,-5.807472701,0,1,1,0,0.0,0.0
player_02898,player,opportunistic_player,0.0,True,1,53.209525773,-7.627011268,0,1,1,0,0.0,0.0
player_02899,player,occasional_player,0.0,True,1,31.670642025,-18.153115282,0,3,3,0,0.0,0.0
player_02900,player,player_whale,0.0,True,1,621.055205568,-25.599413026,0,1,1,0,0.0,0.0
player_02901,player,player_whale,0.0,True,1,283.988831431,-23.062391285,0,1,1,0,0.0,0.0
player_02902,player,occasional_player,0.0,True,1,14.847535871,-2.146475452,0,1,1,0,0.0,0.0
player_02903,player,occasional_player,0.0,True,1,17.804199777,-3.505132337,0,1,1,0,0.0,0.0
player_02904,player,occasional_player,0.0,True,1,15.636240547,-8.549139075,0,2,2,0,0.0,0.0
player_02905,player,opportunistic_player,0.0,True,1,37.886508756,-6.698240049,0,1,1,0,0.0,0.0
player_02906,player,occasional_player,0.0,True,1,15.091283427,-5.94653062,0,2,2,0,0.0,0.0
player_02907,player,occasional_player,0.0,True,1,6.923403349,-1.628575173,0,1,1,0,0.0,0.0
player_02908,player,occasional_player,0.0,True,1,15.073177861,-1.475617389,0,1,1,0,0.0,0.0
player_02909,player,occasional_player,0.0,True,1,35.650781829,-2.577694796,0,1,1,0,0.0,0.0
player_02910,player,occasional_player,0.0,True,1,10.615764436,-1.392371703,0,1,1,0,0.0,0.0
player_02911,player,occasional_player,0.0,True,1,21.011655008,-5.702526793,0,1,1,0,0.0,0.0
player_02912,player,occasional_player,0.0,True,1,6.83411438,-1.434486739,0,1,1,0,0.0,0.0
player_02913,player,occasional_player,0.0,True,1,24.844080047,-2.15801889,0,1,1,0,0.0,0.0
player_02914,player,occasional_player,0.0,True,1,12.043495036,-8.335818676,0,3,3,0,0.0,0.0
player_02915,player,occasional_player,0.0,True,1,16.969603376,-4.426455842,0,1,1,0,0.0,0.0
player_02916,player,occasional_player,0.0,True,1,10.373906202,-3.897561983,0,2,2,0,0.0,0.0
player_02917,player,occasional_player,0.0,True,1,10.792868183,-1.675888126,0,1,1,0,0.0,0.0
player_02918,player,occasional_player,0.0,True,1,49.690864701,-33.452742857,0,3,3,0,0.0,0.0
player_02919,player,occasional_player,0.0,True,1,5.730247414,-2.939694776,0,3,3,0,0.0,0.0
player_02920,player,occasional_player,0.0,True,1,3.750028159,-1.249971841,0,2,2,0,0.0,0.0
player_02921,player,occasional_player,0.0,True,1,57.46810342,-13.239165154,0,1,1,0,0.0,0.0
player_02922,player,occasional_player,0.0,True,1,19.388608193,-4.734734153,0,1,1,0,0.0,0.0
player_02923,player,occasional_player,0.0,True,1,17.873009838,-4.084889531,0,1,1,0,0.0,0.0
player_02924,player,occasional_player,0.0,True,1,17.390514056,-3.627048801,0,1,1,0,0.0,0.0
player_02925,player,opportunistic_player,0.0,True,1,54.953217191,-10.954134649,0,1,1,0,0.0,0.0
player_02926,player,player_whale,0.0,True,1,311.504641914,-25.996095475,0,1,1,0,0.0,0.0
player_02927,player,occasional_player,0.0,True,1,80.924163626,66.316191026,1,0,1,0,3.490325843,0.0
player_02928,player,player_whale,0.0,True,1,257.029796022,-19.928811621,0,1,1,0,0.0,0.0
player_02929,player,occasional_player,0.0,True,1,4.370019589,-2.633097927,0,3,3,0,0.0,0.0
player_02930,player,occasional_player,0.0,True,1,14.629403082,-3.032009346,0,1,1,0,0.0,0.0
player_02931,player,occasional_player,0.0,True,1,43.241666644,-14.002987639,0,2,2,0,0.0,0.0
player_02932,player,player_whale,0.0,True,1,205.550731801,-13.966720164,0,1,1,0,0.0,0.0
player_02933,player,occasional_player,0.0,True,1,11.274920549,-3.65249315,0,2,2,0,0.0,0.0
player_02934,player,occasional_player,0.0,True,1,16.318949561,-14.307825488,0,3,3,0,0.0,0.0
player_02935,player,occasional_player,0.0,True,1,18.284100463,-2.156688486,0,1,1,1,0.0,0.0
player_02936,player,opportunistic_player,0.0,True,1,39.93345955,-12.614620699,0,3,3,0,0.0,0.0
player_02937,player,occasional_player,0.0,True,1,7.897492076,-2.793377044,0,2,2,0,0.0,0.0
player_02938,player,occasional_player,0.0,True,1,8.061286252,-3.653405423,0,3,3,0,0.0,0.0
player_02939,player,occasional_player,0.0,True,1,8.965390282,-2.512360623,0,1,1,0,0.0,0.0
player_02940,player,occasional_player,0.0,True,1,3.936125714,-1.063874286,0,1,1,0,0.0,0.0
player_02941,player,occasional_player,0.0,True,1,25.585173258,-6.994205749,0,1,1,0,0.0,0.0
player_02942,player,occasional_player,0.0,True,1,10.013164034,-2.183967445,0,2,2,0,0.0,0.0
player_02943,player,occasional_player,0.0,True,1,12.685709999,-5.552893861,0,2,2,0,0.0,0.0
player_02944,player,occasional_player,0.0,True,1,7.73589815,-1.726911129,0,1,1,0,0.0,0.0
player_02945,player,opportunistic_player,0.0,True,1,44.282273478,-13.702965174,0,2,2,0,0.0,0.0
player_02946,player,occasional_player,0.0,True,1,14.131636301,-2.80379468,0,1,1,0,0.0,0.0
player_02947,player,occasional_player,0.0,True,1,66.849542837,-25.78698097,0,2,2,0,0.0,0.0
player_02948,player,occasional_player,0.0,True,1,16.65284874,-1.942524408,0,1,1,0,0.0,0.0
player_02949,player,occasional_player,0.0,True,1,22.344823399,-5.742835776,0,1,1,0,0.0,0.0
player_02950,player,opportunistic_player,0.0,True,1,46.408952394,-5.100839831,0,1,1,0,0.0,0.0
player_02951,player,opportunistic_player,0.0,True,1,72.599273026,-7.063200903,0,1,1,0,0.0,0.0
player_02952,player,opportunistic_player,0.0,True,1,134.761484329,-9.431100429,0,1,1,0,0.0,0.0
player_02953,player,occasional_player,0.0,True,1,7.017352377,-0.720141288,0,1,1,0,0.0,0.0
player_02954,player,opportunistic_player,0.0,True,1,114.252142396,-7.774246917,0,1,1,0,0.0,0.0
player_02955,player,occasional_player,0.0,True,1,19.482319699,-5.487911794,0,2,2,0,0.0,0.0
player_02956,player,occasional_player,0.0,True,1,16.835511134,-3.274856675,0,2,2,0,0.0,0.0
player_02957,player,occasional_player,0.0,True,1,9.119318913,-2.054701973,0,1,1,0,0.0,0.0
player_02958,player,occasional_player,0.0,True,1,108.010699923,75.53725632,1,1,2,0,4.168099464,0.0
player_02959,player,occasional_player,0.0,True,1,32.751574134,-12.930760943,0,2,2,0,0.0,0.0
player_02960,player,occasional_player,0.0,True,1,10.923464259,-1.087442968,0,1,1,1,0.0,0.0
player_02961,player,occasional_player,0.0,True,1,45.223643369,-12.100713979,0,2,2,0,0.0,0.0
player_02962,player,occasional_player,0.0,True,1,19.599112875,-2.741140224,0,1,1,0,0.0,0.0
player_02963,player,opportunistic_player,0.0,True,1,12.090406209,-2.909593791,0,2,2,0,0.0,0.0
player_02964,player,opportunistic_player,0.0,True,1,69.070500233,-11.680267251,0,1,1,0,0.0,0.0
player_02965,player,opportunistic_player,0.0,True,1,21.088648318,-5.779656487,0,2,2,0,0.0,0.0
player_02966,player,occasional_player,0.0,True,1,28.629609652,-2.468676974,0,1,1,0,0.0,0.0
player_02967,player,occasional_player,0.0,True,1,13.718767151,-3.028992415,0,1,1,0,0.0,0.0
player_02968,player,occasional_player,0.0,True,1,16.17496684,-1.614409087,0,1,1,0,0.0,0.0
player_02969,player,player_whale,0.0,True,1,169.117887901,-5.882112099,0,1,1,0,0.0,0.0
player_02970,player,occasional_player,0.0,True,1,4.441487829,-0.558512171,0,1,1,0,0.0,0.0
player_02971,player,occasional_player,0.0,True,1,24.9718496,-2.857581539,0,1,1,0,0.0,0.0
player_02972,player,occasional_player,0.0,True,1,7.724887197,-0.648497378,0,1,1,0,0.0,0.0
player_02973,player,occasional_player,0.0,True,1,13.479129089,-4.379707754,0,2,2,0,0.0,0.0
player_02974,player,occasional_player,0.0,True,1,11.401290169,-0.93025619,0,1,1,0,0.0,0.0
player_02975,player,occasional_player,0.0,True,1,4.546580739,-0.453419261,0,1,1,0,0.0,0.0
player_02976,player,occasional_player,0.0,True,1,47.815650518,-9.92230602,0,2,2,0,0.0,0.0
player_02977,player,occasional_player,0.0,True,1,98.72657039,-20.524298736,0,1,1,0,0.0,0.0
player_02978,player,occasional_player,0.0,True,1,16.27851685,-2.207100511,0,1,1,0,0.0,0.0
player_02979,player,opportunistic_player,0.0,True,1,73.375733526,-7.448252918,0,1,1,0,0.0,0.0
player_02980,player,player_whale,0.0,True,1,442.244169185,35.873183564,1,1,2,0,2.649399097,0.0
player_02981,player,occasional_player,0.0,True,1,12.054600359,-1.848924897,0,1,1,0,0.0,0.0
player_02982,player,occasional_player,0.0,True,1,6.774762245,-2.151457545,0,2,2,0,0.0,0.0
player_02983,player,occasional_player,0.0,True,1,11.070775353,-1.660081004,0,1,1,0,0.0,0.0
player_02984,player,player_whale,0.0,True,1,250.993186705,-22.095762966,0,1,1,0,0.0,0.0
player_02985,player,occasional_player,0.0,True,1,23.13691638,-4.052099294,0,1,1,0,0.0,0.0
player_02986,player,opportunistic_player,0.0,True,1,20.380116721,-1.125754307,0,1,1,0,0.0,0.0
player_02987,player,occasional_player,0.0,True,1,21.860051326,-12.408443576,0,2,2,0,0.0,0.0
player_02988,player,occasional_player,0.0,True,1,34.696348781,-7.596691903,0,2,2,0,0.0,0.0
player_02989,player,occasional_player,0.0,True,1,22.809923203,-5.3132413,0,1,1,0,0.0,0.0
player_02990,player,occasional_player,0.0,True,1,18.221355102,0.0,0,0,0,1,0.0,0.0
player_02991,player,occasional_player,0.0,True,1,13.640083802,-1.225323236,0,1,1,0,0.0,0.0
player_02992,player,occasional_player,0.0,True,1,18.594136124,-7.002149715,0,2,2,0,0.0,0.0
player_02993,player,occasional_player,0.0,True,1,20.483899338,-2.37596981,0,1,1,0,0.0,0.0
player_02994,player,occasional_player,0.0,True,1,17.330319635,-7.444005783,0,2,2,1,0.0,0.0
player_02995,player,occasional_player,0.0,True,1,13.160947345,-1.433544055,0,1,1,0,0.0,0.0
player_02996,player,occasional_player,0.0,True,1,14.251108168,-1.256808436,0,1,1,0,0.0,0.0
player_02997,player,occasional_player,0.0,True,1,109.821165013,50.786969742,1,1,2,0,2.998147397,0.0
player_02998,player,occasional_player,0.0,True,1,25.837320527,-4.653474494,0,1,1,0,0.0,0.0
player_02999,player,occasional_player,0.0,True,1,65.660885237,-18.06098296,0,1,1,0,0.0,0.0
player_03000,player,occasional_player,0.0,True,1,46.909339601,-7.254235203,0,1,1,0,0.0,0.0
player_03001,player,opportunistic_player,0.0,True,1,232.358065659,37.749720488,1,1,2,0,2.879342232,0.0
player_03002,player,player_whale,0.0,True,1,217.957620666,-10.173420813,0,1,1,0,0.0,0.0
player_03003,player,occasional_player,0.0,True,1,70.381300274,57.74119309,1,0,1,0,3.039010163,0.0
player_03004,player,occasional_player,0.0,True,1,12.91084259,-3.150186793,0,1,1,0,0.0,0.0
player_03005,player,occasional_player,0.0,True,1,5.457182039,-2.026088057,0,2,2,0,0.0,0.0
player_03006,player,occasional_player,0.0,True,1,10.098958578,-1.866105454,0,1,1,0,0.0,0.0
player_03007,player,occasional_player,0.0,True,1,16.115123221,-4.356211386,0,2,2,0,0.0,0.0
player_03008,player,occasional_player,0.0,True,1,10.64692288,-2.527967068,0,2,2,0,0.0,0.0
player_03009,player,occasional_player,0.0,True,1,4.120998691,-0.879001309,0,1,1,0,0.0,0.0
player_03010,player,occasional_player,0.0,True,1,13.91012355,-0.947715329,0,1,1,0,0.0,0.0
player_03011,player,occasional_player,0.0,True,1,11.242240768,-0.879743179,0,1,1,0,0.0,0.0
player_03012,player,occasional_player,0.0,True,1,45.683184327,-4.610083651,0,1,1,0,0.0,0.0
player_03013,player,occasional_player,0.0,True,1,22.196590618,-5.978117409,0,1,1,0,0.0,0.0
player_03014,player,occasional_player,0.0,True,1,61.218182009,-17.174131953,0,1,1,0,0.0,0.0
player_03015,player,occasional_player,0.0,True,1,34.71269511,-5.517374667,0,1,1,0,0.0,0.0
player_03016,player,occasional_player,0.0,True,1,49.236240983,-8.263938865,0,1,1,0,0.0,0.0
player_03017,player,occasional_player,0.0,True,1,38.204461687,-10.326572827,0,1,1,0,0.0,0.0
player_03018,player,occasional_player,0.0,True,1,19.178772844,-1.752965397,0,1,1,0,0.0,0.0
player_03019,player,occasional_player,0.0,True,1,19.560303183,-4.17626094,0,1,1,0,0.0,0.0
player_03020,player,occasional_player,0.0,True,1,5.991632582,-2.438493691,0,2,2,0,0.0,0.0
player_03021,player,occasional_player,0.0,True,1,6.27949544,-4.066989062,0,3,3,0,0.0,0.0
player_03022,player,occasional_player,0.0,True,1,33.058997063,-5.656529145,0,1,1,0,0.0,0.0
player_03023,player,opportunistic_player,0.0,True,1,23.646728667,-3.030600445,0,1,1,1,0.0,0.0
player_03024,player,opportunistic_player,0.0,True,1,28.610642447,-2.877642034,0,1,1,0,0.0,0.0
player_03025,player,occasional_player,0.0,True,1,7.523760292,-0.941189647,0,1,1,0,0.0,0.0
player_03026,player,occasional_player,0.0,True,1,20.713286469,-5.631644543,0,1,1,0,0.0,0.0
player_03027,player,occasional_player,0.0,True,1,19.151067341,-1.435425603,0,1,1,0,0.0,0.0
player_03028,player,occasional_player,0.0,True,1,6.789071536,-1.826284958,0,1,1,0,0.0,0.0
player_03029,player,occasional_player,0.0,True,1,5.260886212,-1.896607132,0,2,2,0,0.0,0.0
player_03030,player,occasional_player,0.0,True,1,16.76519198,-2.232371222,0,1,1,0,0.0,0.0
player_03031,player,occasional_player,0.0,True,1,110.6623261,48.422074143,1,0,1,0,2.548530218,0.0
player_03032,player,occasional_player,0.0,True,1,11.505202191,-1.249116187,0,1,1,0,0.0,0.0
player_03033,player,occasional_player,0.0,True,1,6.984257419,-1.54495241,0,1,1,0,0.0,0.0
player_03034,player,player_whale,0.0,True,1,239.96399463,-7.331431801,0,1,1,0,0.0,0.0
player_03035,player,occasional_player,0.0,True,1,20.55126074,-5.17602089,0,1,1,0,0.0,0.0
player_03036,player,occasional_player,0.0,True,1,28.899223279,-6.815662548,0,2,2,0,0.0,0.0
player_03037,player,player_whale,0.0,True,1,236.072654101,31.400425807,1,1,2,0,2.155754296,0.0
player_03038,player,opportunistic_player,0.0,True,1,93.566476462,-19.993859419,0,1,1,0,0.0,0.0
player_03039,player,occasional_player,0.0,True,1,4.478490158,-0.521509842,0,1,1,0,0.0,0.0
player_03040,player,occasional_player,0.0,True,1,29.900893932,-5.34229848,0,1,1,0,0.0,0.0
player_03041,player,occasional_player,0.0,True,1,94.730702535,47.088445164,1,0,1,0,2.478339219,0.0
player_03042,player,occasional_player,0.0,True,1,41.428375589,-7.525500247,0,1,1,0,0.0,0.0
player_03043,player,occasional_player,0.0,True,1,8.713353307,-1.340824273,0,1,1,0,0.0,0.0
player_03044,player,occasional_player,0.0,True,1,16.769110741,-1.698264005,0,1,1,0,0.0,0.0
player_03045,player,occasional_player,0.0,True,1,10.449364443,-7.260199996,0,3,3,0,0.0,0.0
player_03046,player,occasional_player,0.0,True,1,25.537473413,-5.887129007,0,1,1,0,0.0,0.0
player_03047,player,occasional_player,0.0,True,1,5.465294228,-0.818533592,0,1,1,0,0.0,0.0
player_03048,player,opportunistic_player,0.0,True,1,79.16281812,-10.134051199,0,1,1,0,0.0,0.0
player_03049,player,opportunistic_player,0.0,True,1,17.908945307,-1.865436646,0,1,1,0,0.0,0.0
player_03050,player,occasional_player,0.0,True,1,22.624389541,-3.258920355,0,1,1,0,0.0,0.0
player_03051,player,occasional_player,0.0,True,1,23.770190987,-2.574705142,0,1,1,0,0.0,0.0
player_03052,player,opportunistic_player,0.0,True,1,80.246199696,-26.299515954,0,2,2,0,0.0,0.0
player_03053,player,occasional_player,0.0,True,1,138.919381989,-36.080618011,0,1,1,0,0.0,0.0
player_03054,player,occasional_player,0.0,True,1,30.745027711,-4.197485076,0,1,1,0,0.0,0.0
player_03055,player,occasional_player,0.0,True,1,13.288744647,-3.419686457,0,1,1,0,0.0,0.0
player_03056,player,occasional_player,0.0,True,1,10.799767078,-3.95281837,0,2,2,0,0.0,0.0
player_03057,player,opportunistic_player,0.0,True,1,75.512809817,-7.491202801,0,1,1,0,0.0,0.0
player_03058,player,occasional_player,0.0,True,1,15.224189081,-3.058103684,0,1,1,0,0.0,0.0
player_03059,player,occasional_player,0.0,True,1,54.459343374,38.669537978,1,1,2,0,2.828105165,0.0
player_03060,player,occasional_player,0.0,True,1,13.149331552,-3.646438298,0,1,1,0,0.0,0.0
player_03061,player,opportunistic_player,0.0,True,1,71.776673586,-5.13038984,0,1,1,0,0.0,0.0
player_03062,player,occasional_player,0.0,True,1,11.533938481,-2.302098157,0,1,1,0,0.0,0.0
player_03063,player,occasional_player,0.0,True,1,28.446200324,-6.260371929,0,1,1,0,0.0,0.0
player_03064,player,occasional_player,0.0,True,1,21.253772285,-4.110178774,0,1,1,0,0.0,0.0
player_03065,player,occasional_player,0.0,True,1,11.97615199,-1.336356863,0,1,1,0,0.0,0.0
player_03066,player,occasional_player,0.0,True,1,71.623420557,45.290724581,1,0,1,0,2.383722346,0.0
player_03067,player,occasional_player,0.0,True,1,8.739295851,-1.233004801,0,1,1,0,0.0,0.0
player_03068,player,occasional_player,0.0,True,1,9.525078099,-1.335656001,0,1,1,0,0.0,0.0
player_03069,player,occasional_player,0.0,True,1,46.809686459,-9.78847974,0,2,2,0,0.0,0.0
player_03070,player,opportunistic_player,0.0,True,1,104.81927105,-10.602393531,0,1,1,0,0.0,0.0
player_03071,player,occasional_player,0.0,True,1,7.093346017,-1.550853067,0,1,1,0,0.0,0.0
player_03072,player,occasional_player,0.0,True,1,38.041080981,-10.613831749,0,2,2,0,0.0,0.0
player_03073,player,occasional_player,0.0,True,1,54.05561538,39.637708488,1,0,1,0,2.086195184,0.0
player_03074,player,occasional_player,0.0,True,1,64.149987973,-16.392652909,0,1,1,0,0.0,0.0
player_03075,player,opportunistic_player,0.0,True,1,13.505212753,-2.547531459,0,1,1,0,0.0,0.0
player_03076,player,occasional_player,0.0,True,1,12.439469169,-0.840926015,0,1,1,0,0.0,0.0
player_03077,player,occasional_player,0.0,True,1,40.464430414,-10.787361267,0,1,1,0,0.0,0.0
player_03078,player,occasional_player,0.0,True,1,27.286068503,-4.136885274,0,1,1,0,0.0,0.0
player_03079,player,occasional_player,0.0,True,1,13.244083476,-2.358068192,0,1,1,0,0.0,0.0
player_03080,player,occasional_player,0.0,True,1,8.357116793,-3.363256994,0,2,2,0,0.0,0.0
player_03081,player,occasional_player,0.0,True,1,98.253835619,-12.951348847,0,1,1,0,0.0,0.0
player_03082,player,occasional_player,0.0,True,1,10.384585268,-0.848604443,0,1,1,0,0.0,0.0
player_03083,player,occasional_player,0.0,True,1,160.528599907,-14.471400093,0,1,1,0,0.0,0.0
player_03084,player,occasional_player,0.0,True,1,32.265506087,-3.065325945,0,1,1,0,0.0,0.0
player_03085,player,occasional_player,0.0,True,1,15.519597542,-5.613725191,0,2,2,0,0.0,0.0
player_03086,player,occasional_player,0.0,True,1,7.451004327,-1.764372841,0,2,2,0,0.0,0.0
player_03087,player,occasional_player,0.0,True,1,3.633059141,-1.366940859,0,2,2,0,0.0,0.0
player_03088,player,occasional_player,0.0,True,1,10.313310829,-0.958299327,0,1,1,0,0.0,0.0
player_03089,player,occasional_player,0.0,True,1,103.12416415,52.030530349,1,1,2,0,3.22332984,0.0
player_03090,player,occasional_player,0.0,True,1,6.30434996,-0.968755289,0,1,1,0,0.0,0.0
player_03091,player,occasional_player,0.0,True,1,35.357155986,-2.589471829,0,1,1,0,0.0,0.0
player_03092,player,occasional_player,0.0,True,1,26.163493177,-4.7858258,0,1,1,0,0.0,0.0
player_03093,player,occasional_player,0.0,True,1,23.053084893,-4.31393866,0,1,1,0,0.0,0.0
player_03094,player,occasional_player,0.0,True,1,14.681459703,-1.101434275,0,1,1,0,0.0,0.0
player_03095,player,occasional_player,0.0,True,1,10.098167762,-2.421642155,0,1,1,0,0.0,0.0
player_03096,player,opportunistic_player,0.0,True,1,45.272572029,-9.747536955,0,1,1,0,0.0,0.0
player_03097,player,occasional_player,0.0,True,1,44.80235284,-5.177578274,0,1,1,0,0.0,0.0
player_03098,player,occasional_player,0.0,True,1,32.206884777,-4.542086747,0,1,1,0,0.0,0.0
player_03099,player,occasional_player,0.0,True,1,11.330458544,-1.619295191,0,1,1,0,0.0,0.0
player_03100,player,occasional_player,0.0,True,1,12.014555245,-2.730518738,0,1,1,0,0.0,0.0
player_03101,player,opportunistic_player,0.0,True,1,25.526775497,-5.860924588,0,2,2,0,0.0,0.0
player_03102,player,occasional_player,0.0,True,1,42.588785172,-5.984509891,0,1,1,0,0.0,0.0
player_03103,player,occasional_player,0.0,True,1,14.937538378,-3.700809165,0,1,1,0,0.0,0.0
player_03104,player,opportunistic_player,0.0,True,1,67.281395947,-10.075228796,0,1,1,0,0.0,0.0
player_03105,player,occasional_player,0.0,True,1,7.978334239,-2.247135246,0,1,1,0,0.0,0.0
player_03106,player,occasional_player,0.0,True,1,5.891036198,-2.154215653,0,3,3,0,0.0,0.0
player_03107,player,occasional_player,0.0,True,1,25.171132629,-14.584204421,0,2,2,0,0.0,0.0
player_03108,player,occasional_player,0.0,True,1,27.199797415,-2.427641358,0,1,1,0,0.0,0.0
player_03109,player,occasional_player,0.0,True,1,111.032705135,60.191856235,1,0,1,0,3.167992433,0.0
player_03110,player,opportunistic_player,0.0,True,1,85.650360811,-7.176905016,0,1,1,0,0.0,0.0
player_03111,player,occasional_player,0.0,True,1,28.289209095,-4.771282798,0,1,1,0,0.0,0.0
player_03112,player,occasional_player,0.0,True,1,31.881803333,-2.415807387,0,1,1,0,0.0,0.0
player_03113,player,occasional_player,0.0,True,1,20.328312673,-1.608786451,0,1,1,0,0.0,0.0
player_03114,player,occasional_player,0.0,True,1,30.938884327,-7.884076312,0,1,1,0,0.0,0.0
player_03115,player,occasional_player,0.0,True,1,17.696039414,-1.442542082,0,1,1,0,0.0,0.0
player_03116,player,opportunistic_player,0.0,True,1,64.182696012,-8.816992388,0,1,1,0,0.0,0.0
player_03117,player,occasional_player,0.0,True,1,20.994121759,-3.222886697,0,1,1,0,0.0,0.0
player_03118,player,opportunistic_player,0.0,True,1,82.984594746,34.91289254,1,0,1,0,1.83752066,0.0
player_03119,player,opportunistic_player,0.0,True,1,52.820073465,-9.853929979,0,2,2,0,0.0,0.0
player_03120,player,occasional_player,0.0,True,1,20.102696556,-3.169975859,0,1,1,0,0.0,0.0
player_03121,player,occasional_player,0.0,True,1,14.922693217,-1.168864982,0,1,1,0,0.0,0.0
player_03122,player,occasional_player,0.0,True,1,13.108932805,-3.408145475,0,2,2,0,0.0,0.0
player_03123,player,occasional_player,0.0,True,1,23.079372741,-4.125864333,0,1,1,0,0.0,0.0
player_03124,player,occasional_player,0.0,True,1,31.694533586,-6.045862802,0,2,2,0,0.0,0.0
player_03125,player,opportunistic_player,0.0,True,1,18.987921842,-1.827826245,0,1,1,0,0.0,0.0
player_03126,player,occasional_player,0.0,True,1,10.21641405,-0.769750964,0,1,1,0,0.0,0.0
player_03127,player,opportunistic_player,0.0,True,1,312.456569603,-20.480206178,0,1,1,0,0.0,0.0
player_03128,player,opportunistic_player,0.0,True,1,14.091038308,-1.48219885,0,1,1,0,0.0,0.0
player_03129,player,occasional_player,0.0,True,1,9.787153856,-2.674386067,0,1,1,0,0.0,0.0
player_03130,player,occasional_player,0.0,True,1,6.925972,-1.363547285,0,1,1,0,0.0,0.0
player_03131,player,occasional_player,0.0,True,1,35.669484575,-4.979179678,0,1,1,0,0.0,0.0
player_03132,player,occasional_player,0.0,True,1,19.783626848,-3.396390067,0,1,1,0,0.0,0.0
player_03133,player,occasional_player,0.0,True,1,139.714481732,-35.285518268,0,2,2,0,0.0,0.0
player_03134,player,occasional_player,0.0,True,1,53.624540436,-27.698078572,0,2,2,0,0.0,0.0
player_03135,player,occasional_player,0.0,True,1,11.581274484,-2.008351145,0,1,1,0,0.0,0.0
player_03136,player,occasional_player,0.0,True,1,6.220417639,-1.385011605,0,1,1,0,0.0,0.0
player_03137,player,occasional_player,0.0,True,1,26.973191053,-4.248144386,0,1,1,0,0.0,0.0
player_03138,player,occasional_player,0.0,True,1,11.037715754,-2.592331998,0,2,2,0,0.0,0.0
player_03139,player,occasional_player,0.0,True,1,22.250662117,-2.636574321,0,1,1,0,0.0,0.0
player_03140,player,occasional_player,0.0,True,1,11.820001407,-6.389703567,0,3,3,0,0.0,0.0
player_03141,player,occasional_player,0.0,True,1,24.886951502,-4.368575345,0,1,1,0,0.0,0.0
player_03142,player,occasional_player,0.0,True,1,12.018343531,-1.035253913,0,1,1,0,0.0,0.0
player_03143,player,opportunistic_player,0.0,True,1,258.560851697,51.913014458,1,0,1,0,2.732263919,0.0
player_03144,player,occasional_player,0.0,True,1,10.04445859,-2.658671918,0,1,1,0,0.0,0.0
player_03145,player,occasional_player,0.0,True,1,6.176389343,-0.658021464,0,1,1,0,0.0,0.0
player_03146,player,occasional_player,0.0,True,1,30.075776082,-10.63495029,0,2,2,0,0.0,0.0
player_03147,player,occasional_player,0.0,True,1,5.663877575,-2.803000021,0,2,2,0,0.0,0.0
player_03148,player,occasional_player,0.0,True,1,20.245335696,-3.918044088,0,1,1,0,0.0,0.0
player_03149,player,occasional_player,0.0,True,1,15.304934878,-4.118076209,0,1,1,0,0.0,0.0
player_03150,player,opportunistic_player,0.0,True,1,64.785817467,-7.111447193,0,1,1,0,0.0,0.0
player_03151,player,opportunistic_player,0.0,True,1,28.373643262,-8.227826363,0,2,2,0,0.0,0.0
player_03152,player,occasional_player,0.0,True,1,19.790284049,-1.439444348,0,1,1,0,0.0,0.0
player_03153,player,opportunistic_player,0.0,True,1,92.271435039,52.439856834,1,0,1,0,2.759992465,0.0
player_03154,player,occasional_player,0.0,True,1,8.821439012,-0.693560833,0,1,1,0,0.0,0.0
player_03155,player,occasional_player,0.0,True,1,21.704298981,-1.438733307,0,1,1,0,0.0,0.0
player_03156,player,occasional_player,0.0,True,1,14.473959829,-2.23605002,0,1,1,0,0.0,0.0
player_03157,player,opportunistic_player,0.0,True,1,98.195634624,47.242325737,1,1,2,0,2.848059746,0.0
player_03158,player,occasional_player,0.0,True,1,17.322619281,-3.639027942,0,1,1,0,0.0,0.0
player_03159,player,occasional_player,0.0,True,1,24.458621282,-5.468077428,0,1,1,0,0.0,0.0
player_03160,player,occasional_player,0.0,True,1,24.584412874,-4.812143103,0,1,1,0,0.0,0.0
player_03161,player,occasional_player,0.0,True,1,8.442417616,-1.466623258,0,2,2,0,0.0,0.0
player_03162,player,opportunistic_player,0.0,True,1,116.582552737,54.232407069,1,0,1,0,2.854337214,0.0
player_03163,player,occasional_player,0.0,True,1,18.459566774,-4.947333587,0,1,1,0,0.0,0.0
player_03164,player,occasional_player,0.0,True,1,30.665326936,-2.775449651,0,1,1,0,0.0,0.0
player_03165,player,occasional_player,0.0,True,1,7.859886039,-0.841901541,0,1,1,0,0.0,0.0
player_03166,player,occasional_player,0.0,True,1,26.266334411,-2.937090601,0,1,1,0,0.0,0.0
player_03167,player,occasional_player,0.0,True,1,16.416558141,-3.2240445,0,1,1,0,0.0,0.0
player_03168,player,occasional_player,0.0,True,1,36.763880354,-10.099525572,0,1,1,0,0.0,0.0
player_03169,player,occasional_player,0.0,True,1,22.266287512,-3.801463566,0,1,1,0,0.0,0.0
player_03170,player,occasional_player,0.0,True,1,4.356594635,-1.083088545,0,1,1,0,0.0,0.0
player_03171,player,occasional_player,0.0,True,1,23.057267753,-1.997360156,0,1,1,0,0.0,0.0
player_03172,player,occasional_player,0.0,True,1,12.260607853,0.0,0,0,0,1,0.0,0.0
player_03173,player,occasional_player,0.0,True,1,27.83780971,-10.040897912,0,2,2,0,0.0,0.0
player_03174,player,occasional_player,0.0,True,1,12.092375333,-2.831913962,0,1,1,0,0.0,0.0
player_03175,player,opportunistic_player,0.0,True,1,82.284976827,-15.160022148,0,1,1,0,0.0,0.0
player_03176,player,occasional_player,0.0,True,1,39.252948009,-10.03983504,0,2,2,0,0.0,0.0
player_03177,player,occasional_player,0.0,True,1,31.383801199,-6.904271909,0,1,1,0,0.0,0.0
player_03178,player,occasional_player,0.0,True,1,28.679754074,-2.055152779,0,1,1,0,0.0,0.0
player_03179,player,occasional_player,0.0,True,1,139.552909119,44.813510148,1,0,1,0,2.358605797,0.0
player_03180,player,occasional_player,0.0,True,1,16.626755876,-1.296717021,0,1,1,0,0.0,0.0
player_03181,player,occasional_player,0.0,True,1,16.119377481,-3.169734336,0,1,1,0,0.0,0.0
player_03182,player,occasional_player,0.0,True,1,37.816703698,-9.125807619,0,1,1,0,0.0,0.0
player_03183,player,occasional_player,0.0,True,1,7.319702635,-1.298255027,0,1,1,0,0.0,0.0
player_03184,player,occasional_player,0.0,True,1,4.489023792,-0.510976208,0,1,1,0,0.0,0.0
player_03185,player,occasional_player,0.0,True,1,22.59642515,-6.693686521,0,2,2,0,0.0,0.0
player_03186,player,opportunistic_player,0.0,True,1,94.222038761,58.602793837,1,0,1,1,3.08435757,0.0
player_03187,player,occasional_player,0.0,True,1,34.293998483,-3.687069707,0,1,1,0,0.0,0.0
player_03188,player,opportunistic_player,0.0,True,1,41.666280853,-5.96587225,0,1,1,0,0.0,0.0
player_03189,player,occasional_player,0.0,True,1,14.935941154,-2.640254635,0,2,2,0,0.0,0.0
player_03190,player,opportunistic_player,0.0,True,1,107.48589325,-7.947455676,0,1,1,0,0.0,0.0
player_03191,player,opportunistic_player,0.0,True,1,25.053785223,-1.378644143,0,1,1,0,0.0,0.0
player_03192,player,player_whale,0.0,True,1,169.142088936,-5.857911064,0,1,1,0,0.0,0.0
player_03193,player,occasional_player,0.0,True,1,19.349271226,-1.939302834,0,1,1,0,0.0,0.0
player_03194,player,occasional_player,0.0,True,1,39.853872139,-4.793374573,0,1,1,0,0.0,0.0
player_03195,player,occasional_player,0.0,True,1,4.654917772,-0.345082228,0,1,1,0,0.0,0.0
player_03196,player,occasional_player,0.0,True,1,51.157991224,-10.392192169,0,1,1,0,0.0,0.0
player_03197,player,occasional_player,0.0,True,1,8.037938537,-0.546195536,0,1,1,0,0.0,0.0
player_03198,player,occasional_player,0.0,True,1,76.881734087,9.613623114,1,1,2,0,1.421303341,0.0
player_03199,player,opportunistic_player,0.0,True,1,16.482240349,-2.775020014,0,1,1,0,0.0,0.0
player_03200,player,player_whale,0.0,True,1,291.769594409,-11.183635428,0,1,1,0,0.0,0.0
player_03201,player,opportunistic_player,0.0,True,1,53.370264452,-5.081480645,0,1,1,0,0.0,0.0
player_03202,player,occasional_player,0.0,True,1,7.02333389,-0.837123055,0,1,1,0,0.0,0.0
player_03203,player,occasional_player,0.0,True,1,27.57676924,-5.300014485,0,1,1,0,0.0,0.0
player_03204,player,occasional_player,0.0,True,1,21.651021318,-5.099268939,0,1,1,0,0.0,0.0
player_03205,player,occasional_player,0.0,True,1,11.756053983,-4.396017292,0,2,2,0,0.0,0.0
player_03206,player,occasional_player,0.0,True,1,42.317791437,-8.131249904,0,1,1,0,0.0,0.0
player_03207,player,occasional_player,0.0,True,1,3.264426084,-1.735573916,0,2,2,0,0.0,0.0
player_03208,player,opportunistic_player,0.0,True,1,26.848965374,-3.952234014,0,1,1,0,0.0,0.0
player_03209,player,opportunistic_player,0.0,True,1,38.398208915,-17.58969709,0,2,2,0,0.0,0.0
player_03210,player,occasional_player,0.0,True,1,131.730526771,-18.594193485,0,1,1,0,0.0,0.0
player_03211,player,opportunistic_player,0.0,True,1,38.020005485,-5.580555054,0,1,1,0,0.0,0.0
player_03212,player,occasional_player,0.0,True,1,7.486480013,-0.599926523,0,1,1,0,0.0,0.0
player_03213,player,occasional_player,0.0,True,1,35.162626143,-8.707086152,0,1,1,0,0.0,0.0
player_03214,player,occasional_player,0.0,True,1,28.053094662,-7.034740584,0,1,1,0,0.0,0.0
player_03215,player,occasional_player,0.0,True,1,11.325814545,-2.450145072,0,1,1,0,0.0,0.0
player_03216,player,opportunistic_player,0.0,True,1,23.225406581,-3.689069845,0,1,1,0,0.0,0.0
player_03217,player,occasional_player,0.0,True,1,27.880967437,-1.989685271,0,1,1,0,0.0,0.0
player_03218,player,occasional_player,0.0,True,1,14.524741517,-3.632951404,0,2,2,0,0.0,0.0
player_03219,player,opportunistic_player,0.0,True,1,108.258121272,-12.996401595,0,1,1,0,0.0,0.0
player_03220,player,occasional_player,0.0,True,1,9.74266931,-0.814805948,0,1,1,0,0.0,0.0
player_03221,player,occasional_player,0.0,True,1,32.647106384,-6.162365631,0,1,1,0,0.0,0.0
player_03222,player,occasional_player,0.0,True,1,20.28739964,-1.311052596,0,1,1,0,0.0,0.0
player_03223,player,occasional_player,0.0,True,1,31.545859293,-5.499790707,0,1,1,0,0.0,0.0
player_03224,player,opportunistic_player,0.0,True,1,59.510431877,-14.848764691,0,2,2,0,0.0,0.0
player_03225,player,occasional_player,0.0,True,1,14.788369928,-3.581298548,0,1,1,0,0.0,0.0
player_03226,player,occasional_player,0.0,True,1,16.595561232,-3.215468347,0,1,1,0,0.0,0.0
player_03227,player,occasional_player,0.0,True,1,10.827229166,-1.959052044,0,1,1,1,0.0,0.0
player_03228,player,opportunistic_player,0.0,True,1,13.547399032,-2.410695846,0,1,1,0,0.0,0.0
player_03229,player,opportunistic_player,0.0,True,1,83.23890889,-16.153012862,0,1,1,0,0.0,0.0
player_03230,player,occasional_player,0.0,True,1,7.29117745,-0.77993209,0,1,1,0,0.0,0.0
player_03231,player,occasional_player,0.0,True,1,13.714595514,-3.106258396,0,1,1,0,0.0,0.0
player_03232,player,occasional_player,0.0,True,1,12.485482169,-3.229574706,0,1,1,0,0.0,0.0
player_03233,player,opportunistic_player,0.0,True,1,33.992020579,-3.001076102,0,1,1,0,0.0,0.0
player_03234,player,opportunistic_player,0.0,True,1,34.773420007,-6.191680533,0,1,1,0,0.0,0.0
player_03235,player,occasional_player,0.0,True,1,61.60378333,-13.564091585,0,1,1,0,0.0,0.0
player_03236,player,occasional_player,0.0,True,1,52.711615315,-5.258130051,0,1,1,0,0.0,0.0
player_03237,player,opportunistic_player,0.0,True,1,67.03554137,-9.755157917,0,1,1,0,0.0,0.0
player_03238,player,opportunistic_player,0.0,True,1,75.942885439,-14.850459389,0,1,1,0,0.0,0.0
player_03239,player,occasional_player,0.0,True,1,27.525273748,-2.712731812,0,1,1,0,0.0,0.0
player_03240,player,occasional_player,0.0,True,1,40.778707092,-7.211368876,0,1,1,0,0.0,0.0
player_03241,player,occasional_player,0.0,True,1,39.213737017,-8.064654466,0,1,1,0,0.0,0.0
player_03242,player,occasional_player,0.0,True,1,96.861748491,-6.212496031,0,1,1,0,0.0,0.0
player_03243,player,occasional_player,0.0,True,1,9.64350941,-2.307913912,0,1,1,0,0.0,0.0
player_03244,player,occasional_player,0.0,True,1,24.028689348,-4.358829407,0,1,1,0,0.0,0.0
player_03245,player,occasional_player,0.0,True,1,8.527478159,-1.877322337,0,2,2,0,0.0,0.0
player_03246,player,occasional_player,0.0,True,1,8.829292352,-2.262309614,0,1,1,0,0.0,0.0
player_03247,player,occasional_player,0.0,True,1,7.794196911,-3.397185436,0,2,2,0,0.0,0.0
player_03248,player,opportunistic_player,0.0,True,1,64.520418206,-11.066777684,0,1,1,0,0.0,0.0
player_03249,player,opportunistic_player,0.0,True,1,13.886723584,-1.113276416,0,1,1,0,0.0,0.0
player_03250,player,occasional_player,0.0,True,1,46.228845865,-3.344175056,0,1,1,0,0.0,0.0
player_03251,player,occasional_player,0.0,True,1,15.831511938,-3.818107088,0,2,2,0,0.0,0.0
player_03252,player,occasional_player,0.0,True,1,64.648077629,-5.370691044,0,1,1,0,0.0,0.0
player_03253,player,opportunistic_player,0.0,True,1,54.166635579,-16.387973993,0,2,2,0,0.0,0.0
player_03254,player,opportunistic_player,0.0,True,1,43.597241968,-9.872664095,0,2,2,0,0.0,0.0
player_03255,player,occasional_player,0.0,True,1,32.595019907,-8.971148553,0,1,1,0,0.0,0.0
player_03256,player,opportunistic_player,0.0,True,1,59.392899488,-7.947030392,0,1,1,0,0.0,0.0
player_03257,player,occasional_player,0.0,True,1,17.187816956,-1.103475412,0,1,1,0,0.0,0.0
player_03258,player,occasional_player,0.0,True,1,16.290418801,-7.315515084,0,2,2,0,0.0,0.0
player_03259,player,occasional_player,0.0,True,1,21.416636394,-3.202843966,0,1,1,0,0.0,0.0
player_03260,player,occasional_player,0.0,True,1,16.639428409,-1.414059978,0,1,1,0,0.0,0.0
player_03261,player,occasional_player,0.0,True,1,15.984663111,-3.246749754,0,2,2,0,0.0,0.0
player_03262,player,occasional_player,0.0,True,1,21.067926877,-2.218062416,0,1,1,0,0.0,0.0
player_03263,player,occasional_player,0.0,True,1,11.772290844,-1.814378893,0,1,1,0,0.0,0.0
player_03264,player,occasional_player,0.0,True,1,39.399852718,-4.749428334,0,1,1,0,0.0,0.0
player_03265,player,opportunistic_player,0.0,True,1,26.713841548,-5.598241567,0,2,2,0,0.0,0.0
player_03266,player,player_whale,0.0,True,1,283.030329814,-18.083614135,0,1,1,0,0.0,0.0
player_03267,player,occasional_player,0.0,True,1,10.764506021,-2.61601891,0,1,1,0,0.0,0.0
player_03268,player,player_whale,0.0,True,1,440.733858728,-32.325750776,0,1,1,0,0.0,0.0
player_03269,player,occasional_player,0.0,True,1,11.058811807,0.0,0,0,0,1,0.0,0.0
player_03270,player,opportunistic_player,0.0,True,1,78.350179502,-9.307609445,0,1,1,0,0.0,0.0
player_03271,player,occasional_player,0.0,True,1,20.569217913,-4.077957407,0,1,1,0,0.0,0.0
player_03272,player,occasional_player,0.0,True,1,13.698771677,-1.576503887,0,1,1,0,0.0,0.0
player_03273,player,opportunistic_player,0.0,True,1,98.601937848,-5.486205726,0,1,1,0,0.0,0.0
player_03274,player,occasional_player,0.0,True,1,11.115759353,-0.742334836,0,1,1,0,0.0,0.0
player_03275,player,occasional_player,0.0,True,1,5.860861794,-0.915116025,0,1,1,0,0.0,0.0
player_03276,player,occasional_player,0.0,True,1,27.400198576,-2.304472101,0,1,1,0,0.0,0.0
player_03277,player,occasional_player,0.0,True,1,27.588315428,-7.589370137,0,1,1,0,0.0,0.0
player_03278,player,player_whale,0.0,True,1,166.495365043,-21.758090862,0,2,2,0,0.0,0.0
player_03279,player,occasional_player,0.0,True,1,4.971507359,-1.089823015,0,1,1,0,0.0,0.0
player_03280,player,opportunistic_player,0.0,True,1,35.908614037,-3.977453799,0,1,1,0,0.0,0.0
player_03281,player,occasional_player,0.0,True,1,16.250827076,-3.082594336,0,1,1,0,0.0,0.0
player_03282,player,occasional_player,0.0,True,1,72.295156207,-17.583398787,0,1,1,0,0.0,0.0
player_03283,player,occasional_player,0.0,True,1,28.019138743,-2.039920917,0,1,1,0,0.0,0.0
player_03284,player,occasional_player,0.0,True,1,38.176968409,-14.00954036,0,2,2,0,0.0,0.0
player_03285,player,occasional_player,0.0,True,1,4.83232917,-1.251534681,0,1,1,0,0.0,0.0
player_03286,player,occasional_player,0.0,True,1,12.755260649,-2.502259158,0,1,1,0,0.0,0.0
player_03287,player,opportunistic_player,0.0,True,1,18.592899501,-6.360525153,0,2,2,0,0.0,0.0
player_03288,player,occasional_player,0.0,True,1,25.190715011,-2.438692096,0,1,1,0,0.0,0.0
player_03289,player,occasional_player,0.0,True,1,47.942505384,-4.597076336,0,1,1,0,0.0,0.0
player_03290,player,occasional_player,0.0,True,1,12.217127956,-2.185971664,0,1,1,0,0.0,0.0
player_03291,player,occasional_player,0.0,True,1,11.777872028,-0.756931392,0,1,1,0,0.0,0.0
player_03292,player,occasional_player,0.0,True,1,12.668380969,-4.48134779,0,2,2,0,0.0,0.0
player_03293,player,occasional_player,0.0,True,1,7.648154345,-0.750488193,0,1,1,0,0.0,0.0
player_03294,player,occasional_player,0.0,True,1,26.153039296,-7.176679244,0,1,1,0,0.0,0.0
player_03295,player,occasional_player,0.0,True,1,31.781700373,-3.47097679,0,1,1,0,0.0,0.0
player_03296,player,occasional_player,0.0,True,1,12.637028427,-1.716954569,0,1,1,0,0.0,0.0
player_03297,player,occasional_player,0.0,True,1,22.605336915,-3.188877648,0,1,1,0,0.0,0.0
player_03298,player,occasional_player,0.0,True,1,4.27380649,-0.72619351,0,1,1,0,0.0,0.0
player_03299,player,occasional_player,0.0,True,1,7.404545007,-6.350213103,0,3,3,0,0.0,0.0
player_03300,player,occasional_player,0.0,True,1,27.049298465,-5.185299311,0,1,1,0,0.0,0.0
player_03301,player,occasional_player,0.0,True,1,7.598993321,-1.159491133,0,1,1,0,0.0,0.0
player_03302,player,occasional_player,0.0,True,1,79.715975233,-5.969204074,0,1,1,0,0.0,0.0
player_03303,player,occasional_player,0.0,True,1,11.533851183,-1.217313122,0,1,1,0,0.0,0.0
player_03304,player,opportunistic_player,0.0,True,1,127.228506905,67.576939127,1,0,1,0,3.556681007,0.0
player_03305,player,occasional_player,0.0,True,1,31.795835283,-2.656115574,0,1,1,0,0.0,0.0
player_03306,player,occasional_player,0.0,True,1,15.721578894,-2.409639694,0,1,1,0,0.0,0.0
player_03307,player,occasional_player,0.0,True,1,34.861058363,-11.277994029,0,2,2,0,0.0,0.0
player_03308,player,occasional_player,0.0,True,1,13.226265215,-1.975876972,0,1,1,0,0.0,0.0
player_03309,player,occasional_player,0.0,True,1,13.640698837,-1.538799744,0,1,1,0,0.0,0.0
player_03310,player,occasional_player,0.0,True,1,5.135659833,-2.16275917,0,2,2,0,0.0,0.0
player_03311,player,opportunistic_player,0.0,True,1,37.963086548,-4.837458882,0,1,1,0,0.0,0.0
player_03312,player,occasional_player,0.0,True,1,35.904023343,-5.314224272,0,1,1,0,0.0,0.0
player_03313,player,occasional_player,0.0,True,1,59.195674834,-16.467060682,0,1,1,0,0.0,0.0
player_03314,player,occasional_player,0.0,True,1,32.994899292,-2.905002453,0,1,1,0,0.0,0.0
player_03315,player,occasional_player,0.0,True,1,127.276719305,46.187228904,1,0,1,0,2.430906784,0.0
player_03316,player,opportunistic_player,0.0,True,1,18.791137573,-1.832720706,0,1,1,0,0.0,0.0
player_03317,player,opportunistic_player,0.0,True,1,63.0070592,-4.405639913,0,1,1,0,0.0,0.0
player_03318,player,occasional_player,0.0,True,1,297.725062961,127.243884313,1,0,1,0,6.697046543,0.0
player_03319,player,occasional_player,0.0,True,1,27.675233461,-2.131734657,0,1,1,0,0.0,0.0
player_03320,player,opportunistic_player,0.0,True,1,33.228562024,-3.601009263,0,1,1,0,0.0,0.0
player_03321,player,occasional_player,0.0,True,1,20.981675251,-4.953472202,0,1,1,0,0.0,0.0
player_03322,player,occasional_player,0.0,True,1,28.568478328,-6.13189625,0,1,1,0,0.0,0.0
player_03323,player,player_whale,0.0,True,1,428.943504514,-16.550607905,0,1,1,0,0.0,0.0
player_03324,player,opportunistic_player,0.0,True,1,61.862967989,-3.392165214,0,1,1,0,0.0,0.0
player_03325,player,opportunistic_player,0.0,True,1,13.80669823,-3.005497828,0,1,1,0,0.0,0.0
player_03326,player,occasional_player,0.0,True,1,7.636370289,-1.900954703,0,1,1,0,0.0,0.0
player_03327,player,opportunistic_player,0.0,True,1,360.864334093,65.108680895,1,0,1,0,3.426772679,0.0
player_03328,player,opportunistic_player,0.0,True,1,69.478268325,-6.672055493,0,1,1,0,0.0,0.0
player_03329,player,opportunistic_player,0.0,True,1,56.135086628,-3.65206697,0,1,1,0,0.0,0.0
player_03330,player,opportunistic_player,0.0,True,1,46.57765135,-2.872980811,0,1,1,0,0.0,0.0
player_03331,player,opportunistic_player,0.0,True,1,15.908946782,-3.111321839,0,1,1,0,0.0,0.0
player_03332,player,occasional_player,0.0,True,1,31.560009719,-5.660619455,0,1,1,0,0.0,0.0
player_03333,player,occasional_player,0.0,True,1,62.834397641,0.0,0,0,0,1,0.0,0.0
player_03334,player,occasional_player,0.0,True,1,4.238342713,-1.096980945,0,1,1,0,0.0,0.0
player_03335,player,occasional_player,0.0,True,1,13.655355745,-2.699511642,0,1,1,0,0.0,0.0
player_03336,player,occasional_player,0.0,True,1,7.284711254,-1.21747699,0,1,1,0,0.0,0.0
player_03337,player,occasional_player,0.0,True,1,25.036327524,-1.833357983,0,1,1,0,0.0,0.0
player_03338,player,occasional_player,0.0,True,1,7.637496004,-1.053952575,0,1,1,0,0.0,0.0
player_03339,player,occasional_player,0.0,True,1,14.592225649,-1.746447925,0,1,1,0,0.0,0.0
player_03340,player,occasional_player,0.0,True,1,12.946848246,-1.145453751,0,1,1,0,0.0,0.0
player_03341,player,player_whale,0.0,True,1,159.00138253,-15.99861747,0,1,1,0,0.0,0.0
player_03342,player,occasional_player,0.0,True,1,42.664259382,-9.215980964,0,1,1,0,0.0,0.0
player_03343,player,occasional_player,0.0,True,1,44.414085977,-3.66241732,0,1,1,0,0.0,0.0
player_03344,player,player_whale,0.0,True,1,273.820932579,-27.133944446,0,1,1,0,0.0,0.0
player_03345,player,occasional_player,0.0,True,1,59.564571623,-5.471090775,0,1,1,0,0.0,0.0
player_03346,player,occasional_player,0.0,True,1,50.571858678,-8.415230541,0,1,1,0,0.0,0.0
player_03347,player,occasional_player,0.0,True,1,19.225177237,-4.438419177,0,1,1,0,0.0,0.0
player_03348,player,occasional_player,0.0,True,1,27.358134296,-7.376449862,0,1,1,0,0.0,0.0
player_03349,player,occasional_player,0.0,True,1,18.438225539,-2.449527968,0,1,1,0,0.0,0.0
player_03350,player,occasional_player,0.0,True,1,43.343963221,-3.255226467,0,1,1,0,0.0,0.0
player_03351,player,occasional_player,0.0,True,1,6.049424055,-2.206354247,0,2,2,0,0.0,0.0
player_03352,player,player_whale,0.0,True,1,400.311430826,-23.617642839,0,1,1,0,0.0,0.0
player_03353,player,occasional_player,0.0,True,1,17.893691281,-1.289480442,0,1,1,0,0.0,0.0
player_03354,player,occasional_player,0.0,True,1,11.771669787,-1.907968588,0,1,1,0,0.0,0.0
player_03355,player,occasional_player,0.0,True,1,6.982818621,-0.83696994,0,1,1,0,0.0,0.0
player_03356,player,occasional_player,0.0,True,1,9.718288314,-0.862804109,0,1,1,0,0.0,0.0
player_03357,player,occasional_player,0.0,True,1,11.19918675,-0.750505311,0,1,1,0,0.0,0.0
player_03358,player,occasional_player,0.0,True,1,125.383532123,14.3959798,1,1,2,0,1.711744721,0.0
player_03359,player,occasional_player,0.0,True,1,16.441190573,-3.022248988,0,1,1,0,0.0,0.0
player_03360,player,occasional_player,0.0,True,1,6.677595776,-1.815017221,0,1,1,0,0.0,0.0
player_03361,player,occasional_player,0.0,True,1,31.170747773,-2.73190608,0,1,1,0,0.0,0.0
player_03362,player,occasional_player,0.0,True,1,104.042971199,-21.888863541,0,1,1,0,0.0,0.0
player_03363,player,occasional_player,0.0,True,1,7.072335615,-1.635085856,0,1,1,0,0.0,0.0
player_03364,player,opportunistic_player,0.0,True,1,29.395001437,-2.33077,0,1,1,0,0.0,0.0
player_03365,player,occasional_player,0.0,True,1,130.444444559,-18.433886662,0,1,1,0,0.0,0.0
player_03366,player,opportunistic_player,0.0,True,1,41.255247126,-7.450573628,0,1,1,0,0.0,0.0
player_03367,player,occasional_player,0.0,True,1,4.802281035,-0.946089727,0,1,1,0,0.0,0.0
player_03368,player,occasional_player,0.0,True,1,23.106032077,-1.6943949,0,1,1,0,0.0,0.0
player_03369,player,occasional_player,0.0,True,1,15.723556758,-3.807372018,0,1,1,0,0.0,0.0
player_03370,player,occasional_player,0.0,True,1,4.576961662,-1.784158321,0,2,2,0,0.0,0.0
player_03371,player,occasional_player,0.0,True,1,136.392167361,60.570875954,1,0,1,0,3.18794084,0.0
player_03372,player,occasional_player,0.0,True,1,20.310333002,-5.174603305,0,1,1,0,0.0,0.0
player_03373,player,occasional_player,0.0,True,1,15.225506275,-3.037681613,0,1,1,0,0.0,0.0
player_03374,player,occasional_player,0.0,True,1,11.336066943,-3.09974858,0,1,1,0,0.0,0.0
player_03375,player,occasional_player,0.0,True,1,6.711055753,-0.724078719,0,1,1,0,0.0,0.0
player_03376,player,occasional_player,0.0,True,1,8.959852781,-0.841819491,0,1,1,0,0.0,0.0
player_03377,player,occasional_player,0.0,True,1,8.696265978,-0.802581287,0,1,1,0,0.0,0.0
player_03378,player,opportunistic_player,0.0,True,1,111.85336083,-17.389495231,0,1,1,0,0.0,0.0
player_03379,player,occasional_player,0.0,True,1,9.8134253,-1.734665554,0,1,1,0,0.0,0.0
player_03380,player,occasional_player,0.0,True,1,118.803053288,70.636669209,1,0,1,0,3.717719432,0.0
player_03381,player,occasional_player,0.0,True,1,21.413258712,-3.554034813,0,1,1,0,0.0,0.0
player_03382,player,occasional_player,0.0,True,1,32.453473586,-6.714676853,0,1,1,0,0.0,0.0
player_03383,player,opportunistic_player,0.0,True,1,21.266748969,-4.520573983,0,1,1,0,0.0,0.0
player_03384,player,occasional_player,0.0,True,1,15.649485841,-1.752581487,0,1,1,0,0.0,0.0
player_03385,player,occasional_player,0.0,True,1,146.507268929,-28.492731071,0,1,1,0,0.0,0.0
player_03386,player,occasional_player,0.0,True,1,66.954001648,-6.040540224,0,1,1,0,0.0,0.0
player_03387,player,occasional_player,0.0,True,1,91.928150298,72.691208891,1,0,1,0,3.8258531,0.0
player_03388,player,occasional_player,0.0,True,1,35.376313856,-9.632511026,0,2,2,0,0.0,0.0
player_03389,player,occasional_player,0.0,True,1,6.684385118,-0.585219047,0,1,1,0,0.0,0.0
player_03390,player,occasional_player,0.0,True,1,4.048062895,-1.656637257,0,2,2,0,0.0,0.0
player_03391,player,opportunistic_player,0.0,True,1,171.966560739,41.037013283,1,0,1,0,2.159842804,0.0
player_03392,player,occasional_player,0.0,True,1,11.582464166,-1.722662353,0,1,1,0,0.0,0.0
player_03393,player,occasional_player,0.0,True,1,48.988175459,-10.20085024,0,1,1,0,0.0,0.0
player_03394,player,occasional_player,0.0,True,1,4.802206315,-0.744764389,0,1,1,0,0.0,0.0
player_03395,player,occasional_player,0.0,True,1,88.486368591,62.039933081,1,0,1,0,3.265259636,0.0
player_03396,player,occasional_player,0.0,True,1,41.208668452,-8.317931309,0,1,1,0,0.0,0.0
player_03397,player,occasional_player,0.0,True,1,16.128076444,-1.032155571,0,1,1,0,0.0,0.0
player_03398,player,player_whale,0.0,True,1,220.553257539,-20.01304811,0,1,1,0,0.0,0.0
player_03399,player,occasional_player,0.0,True,1,12.504644522,-3.153466621,0,1,1,0,0.0,0.0
player_03400,player,occasional_player,0.0,True,1,34.227022648,-2.610753431,0,1,1,0,0.0,0.0
player_03401,player,occasional_player,0.0,True,1,22.89116291,-3.975536128,0,1,1,0,0.0,0.0
player_03402,player,occasional_player,0.0,True,1,32.006843402,-8.078198828,0,1,1,0,0.0,0.0
player_03403,player,occasional_player,0.0,True,1,4.751069739,-1.194116053,0,1,1,0,0.0,0.0
player_03404,player,opportunistic_player,0.0,True,1,128.885223193,-15.713662376,0,1,1,0,0.0,0.0
player_03405,player,occasional_player,0.0,True,1,7.978924974,-1.218056937,0,1,1,0,0.0,0.0
player_03406,player,occasional_player,0.0,True,1,14.629815176,-2.902927731,0,1,1,0,0.0,0.0
player_03407,player,occasional_player,0.0,True,1,7.359036159,-1.148076753,0,1,1,0,0.0,0.0
player_03408,player,opportunistic_player,0.0,True,1,43.763225929,-8.835782167,0,1,1,0,0.0,0.0
player_03409,player,occasional_player,0.0,True,1,19.235178326,-1.372462888,0,1,1,0,0.0,0.0
player_03410,player,opportunistic_player,0.0,True,1,108.614460927,-25.842128537,0,2,2,0,0.0,0.0
player_03411,player,occasional_player,0.0,True,1,10.841754836,-2.78174793,0,1,1,0,0.0,0.0
player_03412,player,occasional_player,0.0,True,1,18.239458228,-5.022732608,0,1,1,0,0.0,0.0
player_03413,player,occasional_player,0.0,True,1,36.662075235,-3.568645282,0,1,1,0,0.0,0.0
player_03414,player,opportunistic_player,0.0,True,1,44.425506891,-5.242002452,0,1,1,0,0.0,0.0
player_03415,player,occasional_player,0.0,True,1,9.352183057,-2.350101125,0,1,1,0,0.0,0.0
player_03416,player,occasional_player,0.0,True,1,9.907050698,-2.543717706,0,1,1,0,0.0,0.0
player_03417,player,occasional_player,0.0,True,1,8.426444283,-1.905773183,0,1,1,0,0.0,0.0
player_03418,player,opportunistic_player,0.0,True,1,46.906445076,-5.460545718,0,1,1,0,0.0,0.0
player_03419,player,opportunistic_player,0.0,True,1,12.80338845,-2.19661155,0,1,1,0,0.0,0.0
player_03420,player,occasional_player,0.0,True,1,93.213118835,79.156524392,1,0,1,0,4.166132863,0.0
player_03421,player,opportunistic_player,0.0,True,1,129.30161711,-14.77100544,0,1,1,0,0.0,0.0
player_03422,player,occasional_player,0.0,True,1,49.996286581,-7.108541988,0,1,1,0,0.0,0.0
player_03423,player,occasional_player,0.0,True,1,34.521390591,-9.649577443,0,1,1,0,0.0,0.0
player_03424,player,occasional_player,0.0,True,1,10.99432715,-2.423898577,0,1,1,0,0.0,0.0
player_03425,player,occasional_player,0.0,True,1,7.29694992,-0.95719849,0,1,1,0,0.0,0.0
player_03426,player,opportunistic_player,0.0,True,1,35.207357829,-4.181308196,0,1,1,0,0.0,0.0
player_03427,player,occasional_player,0.0,True,1,21.145046343,-2.215215506,0,1,1,0,0.0,0.0
player_03428,player,opportunistic_player,0.0,True,1,27.112750519,-5.845659485,0,1,1,0,0.0,0.0
player_03429,player,occasional_player,0.0,True,1,19.566962209,-4.336745445,0,1,1,0,0.0,0.0
player_03430,player,player_whale,0.0,True,1,315.318841116,65.009277158,1,0,1,0,3.421540903,0.0
player_03431,player,occasional_player,0.0,True,1,8.83333874,-1.456126925,0,1,1,0,0.0,0.0
player_03432,player,occasional_player,0.0,True,1,62.448715359,-9.484244618,0,1,1,0,0.0,0.0
player_03433,player,occasional_player,0.0,True,1,46.42129549,-5.33968296,0,1,1,0,0.0,0.0
player_03434,player,occasional_player,0.0,True,1,26.369147514,-3.002606171,0,1,1,0,0.0,0.0
player_03435,player,opportunistic_player,0.0,True,1,81.529676575,63.184429756,1,0,1,0,3.325496303,0.0
player_03436,player,opportunistic_player,0.0,True,1,32.058619849,-6.843763917,0,1,1,0,0.0,0.0
player_03437,player,occasional_player,0.0,True,1,27.02235703,-6.645066669,0,1,1,0,0.0,0.0
player_03438,player,occasional_player,0.0,True,1,12.378920914,-1.043522321,0,1,1,0,0.0,0.0
player_03439,player,player_whale,0.0,True,1,256.378822153,-15.291837978,0,1,1,0,0.0,0.0
player_03440,player,occasional_player,0.0,True,1,71.214135208,-8.507584758,0,1,1,0,0.0,0.0
staker_00001,staker,staker_whale,157.145581772,False,1,0.0,-0.008396362,0,0,0,1,0.0,0.505127096
staker_00002,staker,staker_whale,152.316840756,False,1,0.0,1.01457952,0,0,0,1,0.0,5.221180965
staker_00003,staker,staker_whale,120.154786213,False,1,0.0,1.019029785,0,0,0,1,0.0,5.032655076
staker_00004,staker,staker_whale,223.40675536,False,1,0.0,-1.574472351,0,0,0,1,0.0,2.909005993
staker_00005,staker,staker_whale,187.541403617,False,1,0.0,0.659499666,0,0,0,1,0.0,1.521018597
staker_00006,staker,staker_whale,102.511902749,False,1,0.0,1.330156007,0,0,0,1,0.0,4.274223345
staker_00007,staker,staker_whale,302.762384787,False,1,0.0,17.993940669,1,0,0,1,0.0,2.317710224
staker_00008,staker,staker_whale,232.210793663,False,1,0.0,-0.993044982,0,0,0,1,0.0,16.199311194
staker_00009,staker,staker_whale,166.58958314,False,1,0.0,0.807571257,0,0,0,1,0.0,1.349288068
staker_00010,staker,staker_whale,116.545072544,False,1,0.0,16.545072544,1,0,0,1,0.0,9.350169324
staker_00011,staker,staker_whale,477.544961894,False,1,0.0,3.560652296,0,0,0,1,0.0,38.914493783
staker_00012,staker,staker_whale,121.561702248,False,1,0.0,0.637955672,0,0,0,1,0.0,12.959425388
staker_00013,staker,staker_whale,133.980960814,False,1,0.0,0.832143433,0,0,0,1,0.0,4.111934118
staker_00014,staker,staker_whale,166.839097151,False,1,0.0,17.642686584,1,0,0,1,0.0,10.540910673
staker_00015,staker,staker_whale,160.053817409,False,1,0.0,-0.247778437,0,0,0,1,0.0,0.0
staker_00016,staker,staker_whale,134.558697404,False,1,0.0,-0.15938683,0,0,0,1,0.0,0.0
staker_00017,staker,staker_whale,337.321989132,False,1,0.0,5.353372826,0,0,0,1,0.0,18.140328077
staker_00018,staker,staker_whale,102.086284051,False,1,0.0,2.086284051,0,0,0,1,0.0,6.222391177
staker_00019,staker,staker_whale,101.823188076,False,1,0.0,1.823188076,0,0,0,1,0.0,6.693300439
staker_00020,staker,staker_whale,141.305599063,False,1,0.0,0.653719077,0,0,0,1,0.0,4.34364552
staker_00021,staker,small_persistent_staker,27.738240981,False,1,0.0,-0.001482067,0,0,0,1,0.0,0.089161508
staker_00022,staker,small_persistent_staker,5.838410928,False,1,0.0,0.022507776,0,0,0,1,0.0,0.047335224
staker_00023,staker,small_persistent_staker,4.341698235,False,1,0.0,-0.01423364,0,0,0,1,0.0,0.0
staker_00024,staker,small_persistent_staker,4.597467425,False,1,0.0,-0.001832867,0,0,0,1,0.0,0.0
staker_00025,staker,small_persistent_staker,6.815482721,False,1,0.0,-0.005586665,0,0,0,1,0.0,0.0
staker_00026,staker,small_persistent_staker,25.838188193,False,1,0.0,0.43855227,0,0,0,1,0.0,1.700073943
staker_00027,staker,small_persistent_staker,22.330144073,False,1,0.0,0.259273614,0,0,0,1,0.0,0.932340395
staker_00028,staker,small_persistent_staker,30.793790914,False,1,0.0,-0.025241734,0,0,0,1,0.0,0.0
staker_00029,staker,small_persistent_staker,5.876580372,False,1,0.0,0.084836398,0,0,0,1,0.0,0.387658825
staker_00030,staker,small_persistent_staker,8.56489742,False,1,0.0,0.034354182,0,0,0,1,0.0,0.263442308
staker_00031,staker,small_persistent_staker,6.088940937,False,1,0.0,0.002771968,0,0,0,1,0.0,0.577562946
staker_00032,staker,small_persistent_staker,16.860520303,False,1,0.0,-0.0386918,0,0,0,1,0.0,0.137541492
staker_00033,staker,small_persistent_staker,7.25373926,False,1,0.0,0.025508173,0,0,0,1,0.0,0.058830062
staker_00034,staker,small_persistent_staker,17.514084772,False,1,0.0,-0.000935786,0,0,0,1,0.0,0.056297089
staker_00035,staker,small_persistent_staker,4.281306874,False,1,0.0,-0.003303253,0,0,0,1,0.0,0.034872139
staker_00036,staker,small_persistent_staker,14.462896372,False,1,0.0,0.258964394,0,0,0,1,0.0,0.950711841
staker_00037,staker,small_persistent_staker,2.348439617,False,1,0.0,0.027267555,0,0,0,1,0.0,0.098053336
staker_00038,staker,small_persistent_staker,35.250082493,False,1,0.0,-0.001883428,0,0,0,1,0.0,0.113307492
staker_00039,staker,small_persistent_staker,5.062450462,False,1,0.0,0.019516355,0,0,0,1,0.0,0.041044084
staker_00040,staker,small_persistent_staker,16.196597752,False,1,0.0,0.131550403,0,0,0,1,0.0,0.678636242
staker_00041,staker,small_persistent_staker,16.399359616,False,1,0.0,-0.104015004,0,0,0,1,0.0,0.21338854
staker_00042,staker,small_persistent_staker,3.476280673,False,1,0.0,-0.024499294,0,0,0,1,0.0,0.045265065
staker_00043,staker,small_persistent_staker,6.684096552,False,1,0.0,-0.000357134,0,0,0,1,0.0,0.021485289
staker_00044,staker,small_persistent_staker,5.120620132,False,1,0.0,-0.038985041,0,0,0,1,0.0,0.066713666
staker_00045,staker,small_persistent_staker,11.80971598,False,1,0.0,-0.019606691,0,0,0,1,0.0,0.09627802
staker_00046,staker,small_persistent_staker,23.578116683,False,1,0.0,-0.190871259,0,0,0,1,0.0,0.193454112
staker_00047,staker,small_persistent_staker,21.719730623,False,1,0.0,0.06625778,0,0,0,1,0.0,0.176236084
staker_00048,staker,small_persistent_staker,12.001179775,False,1,0.0,-0.076118995,0,0,0,1,0.0,0.156159404
staker_00049,staker,small_persistent_staker,9.78767265,False,1,0.0,0.079496466,0,0,0,1,0.0,0.410102757
staker_00050,staker,small_persistent_staker,50.275854933,False,1,0.0,0.78020579,0,0,0,1,0.0,3.079812905
staker_00051,staker,small_persistent_staker,4.777398274,False,1,0.0,-0.024603718,0,0,0,1,0.0,0.039083155
staker_00052,staker,small_persistent_staker,4.600280255,False,1,0.0,0.014033524,0,0,0,1,0.0,0.037327138
staker_00053,staker,small_persistent_staker,40.922142593,False,1,0.0,-0.031573579,0,0,0,1,0.0,0.333319399
staker_00054,staker,small_persistent_staker,12.980470056,False,1,0.0,-0.168097868,0,0,0,1,0.0,1.466413205
staker_00055,staker,small_persistent_staker,2.665891457,False,1,0.0,-0.015573882,0,0,0,1,0.0,0.021824257
staker_00056,staker,small_persistent_staker,3.148688232,False,1,0.0,0.009605326,0,0,0,1,0.0,0.025548774
staker_00057,staker,small_persistent_staker,40.746689646,False,1,0.0,25.198328291,1,0,0,1,0.0,1.838343688
staker_00058,staker,small_persistent_staker,14.758164573,False,1,0.0,0.140445741,0,0,0,1,0.0,0.674272676
staker_00059,staker,small_persistent_staker,3.015735511,False,1,0.0,-0.0225251,0,0,0,1,0.0,0.024728188
staker_00060,staker,small_persistent_staker,25.007298213,False,1,0.0,-0.029960066,0,0,0,1,0.0,0.503241595
staker_00061,staker,small_persistent_staker,38.156762545,False,1,0.0,0.147098906,0,0,0,1,0.0,0.309357964
staker_00062,staker,small_persistent_staker,40.168734229,False,1,0.0,0.375458255,0,0,0,1,0.0,1.680988465
staker_00063,staker,small_persistent_staker,28.09306385,False,1,0.0,-0.023027942,0,0,0,1,0.0,0.0
staker_00064,staker,small_persistent_staker,28.877523594,False,1,0.0,-0.095898935,0,0,0,1,0.0,0.235812637
staker_00065,staker,small_persistent_staker,3.054775987,False,1,0.0,-0.021528715,0,0,0,1,0.0,0.039776602
staker_00066,staker,small_persistent_staker,22.966567868,False,1,0.0,0.115075439,0,0,0,1,0.0,0.705705339
staker_00067,staker,small_persistent_staker,4.361452154,False,1,0.0,-0.01604634,0,0,0,1,0.0,0.035628151
staker_00068,staker,small_persistent_staker,11.040404394,False,1,0.0,-0.021922399,0,0,0,1,0.0,0.0
staker_00069,staker,small_persistent_staker,17.899702365,False,1,0.0,-0.027710431,0,0,0,1,0.0,0.0
staker_00070,staker,small_persistent_staker,39.951725316,False,1,0.0,-0.130976051,0,0,0,1,0.0,0.0
staker_00071,staker,small_persistent_staker,99.539457164,False,1,0.0,-0.460542836,0,0,0,1,0.0,0.813892927
staker_00072,staker,small_persistent_staker,1.451520008,False,1,0.0,0.016114668,0,0,0,1,0.0,0.096075992
staker_00073,staker,small_persistent_staker,32.952526127,False,1,0.0,0.427579621,0,0,0,1,0.0,1.373952221
staker_00074,staker,small_persistent_staker,9.29872465,False,1,0.0,-0.021504347,0,0,0,1,0.0,0.0
staker_00075,staker,small_persistent_staker,2.852763966,False,1,0.0,-0.004736207,0,0,0,1,0.0,0.023256992
staker_00076,staker,small_persistent_staker,4.973227818,False,1,0.0,-0.053513779,0,0,0,1,0.0,0.538717039
staker_00077,staker,small_persistent_staker,3.190393586,False,1,0.0,0.019815241,0,0,0,1,0.0,0.097914571
staker_00078,staker,small_persistent_staker,16.564996066,False,1,0.0,0.076634288,0,0,0,1,0.0,0.509197593
staker_00079,staker,small_persistent_staker,20.083687993,False,1,0.0,-0.16258291,0,0,0,1,0.0,0.164782967
staker_00080,staker,small_persistent_staker,6.718684423,False,1,0.0,-0.027156331,0,0,0,1,0.0,0.054903921
staker_00081,staker,small_persistent_staker,4.124880724,False,1,0.0,-0.015175963,0,0,0,1,0.0,0.033695629
staker_00082,staker,small_persistent_staker,14.192810351,False,1,0.0,-0.000758329,0,0,0,1,0.0,0.045621219
staker_00083,staker,small_persistent_staker,26.646215456,False,1,0.0,0.04853961,0,0,0,1,0.0,0.216476602
staker_00084,staker,small_persistent_staker,20.578737011,False,1,0.0,0.375449197,0,0,0,1,0.0,1.257127598
staker_00085,staker,small_persistent_staker,11.231254999,False,1,0.0,0.14130058,0,0,0,1,0.0,0.742283968
staker_00086,staker,small_persistent_staker,9.118042708,False,1,0.0,0.036572872,0,0,0,1,0.0,0.280456157
staker_00087,staker,small_persistent_staker,19.502119786,False,1,0.0,0.103087327,0,0,0,1,0.0,1.347537697
staker_00088,staker,small_persistent_staker,3.375956537,False,1,0.0,0.034833472,0,0,0,1,0.0,0.154116249
staker_00089,staker,small_persistent_staker,3.097818118,False,1,0.0,0.028812751,0,0,0,1,0.0,0.20541775
staker_00090,staker,small_persistent_staker,16.921581335,False,1,0.0,-0.038831924,0,0,0,1,0.0,0.138039604
staker_00091,staker,small_persistent_staker,17.022742963,False,1,0.0,0.06562472,0,0,0,1,0.0,0.138012786
staker_00092,staker,small_persistent_staker,1.701862574,False,1,0.0,-0.012711534,0,0,0,1,0.0,0.013954797
staker_00093,staker,small_persistent_staker,17.044392836,False,1,0.0,-0.00091069,0,0,0,1,0.0,0.054787316
staker_00094,staker,small_persistent_staker,14.702530203,False,1,0.0,-0.111935417,0,0,0,1,0.0,0.191550956
staker_00095,staker,small_persistent_staker,17.210988783,False,1,0.0,0.166605562,0,0,0,1,0.0,1.472755966
staker_00096,staker,small_persistent_staker,2.143655616,False,1,0.0,0.032166079,0,0,0,1,0.0,0.115381729
staker_00097,staker,small_persistent_staker,18.583112743,False,1,0.0,-0.042644834,0,0,0,1,0.0,0.151593723
staker_00098,staker,small_persistent_staker,39.972172307,False,1,0.0,-0.079370818,0,0,0,1,0.0,0.0
staker_00099,staker,small_persistent_staker,27.722942805,False,1,0.0,0.29676637,0,0,0,1,0.0,1.265089415
staker_00100,staker,small_persistent_staker,16.621049776,False,1,0.0,0.058448836,0,0,0,1,0.0,0.134801838
staker_00101,staker,small_persistent_staker,4.161738607,False,1,0.0,-0.024486945,0,0,0,1,0.0,0.054127873
staker_00102,staker,small_persistent_staker,10.450924398,False,1,0.0,0.088634033,0,0,0,1,0.0,0.43773452
staker_00103,staker,small_persistent_staker,2.617808068,False,1,0.0,0.007866618,0,0,0,1,0.0,0.181297418
staker_00104,staker,small_persistent_staker,59.835119163,False,1,0.0,0.290060888,0,0,0,1,0.0,0.484633017
staker_00105,staker,small_persistent_staker,3.589115262,False,1,0.0,-0.01532951,0,0,0,1,0.0,0.04660545
staker_00106,staker,small_persistent_staker,4.18878556,False,1,0.0,-0.011850959,0,0,0,1,0.0,0.0
staker_00107,staker,small_persistent_staker,3.966681434,False,1,0.0,-0.007876448,0,0,0,1,0.0,0.0
staker_00108,staker,small_persistent_staker,5.352669891,False,1,0.0,0.015715594,0,0,0,1,0.0,0.49059825
staker_00109,staker,small_persistent_staker,32.980801921,False,1,0.0,0.204840729,0,0,0,1,0.0,1.012195194
staker_00110,staker,small_persistent_staker,12.753935983,False,1,0.0,0.061826868,0,0,0,1,0.0,0.103300178
staker_00111,staker,small_persistent_staker,9.290389196,False,1,0.0,-0.03045722,0,0,0,1,0.0,0.0
staker_00112,staker,small_persistent_staker,24.27198918,False,1,0.0,0.374123484,0,0,0,1,0.0,1.305891891
staker_00113,staker,small_persistent_staker,4.918128315,False,1,0.0,0.052294093,0,0,0,1,0.0,0.205547571
staker_00114,staker,small_persistent_staker,19.311236179,False,1,0.0,0.374327809,0,0,0,1,0.0,1.178328516
staker_00115,staker,small_persistent_staker,5.025256937,False,1,0.0,0.065073162,0,0,0,1,0.0,0.253831444
staker_00116,staker,small_persistent_staker,54.107782044,False,1,0.0,0.236599208,0,0,0,1,0.0,5.112247003
staker_00117,staker,small_persistent_staker,17.385517317,False,1,0.0,-0.028863731,0,0,0,1,0.0,0.141734416
staker_00118,staker,small_persistent_staker,6.31872396,False,1,0.0,-0.004875227,0,0,0,1,0.0,0.051467326
staker_00119,staker,small_persistent_staker,6.099146473,False,1,0.0,-0.055664176,0,0,0,1,0.0,0.050093569
staker_00120,staker,small_persistent_staker,22.038268527,False,1,0.0,0.084960174,0,0,0,1,0.0,0.178676424
staker_00121,staker,small_persistent_staker,18.748709793,False,1,0.0,0.363423832,0,0,0,1,0.0,1.144004412
staker_00122,staker,small_persistent_staker,30.576463542,False,1,0.0,-0.197056279,0,0,0,1,0.0,0.250463501
staker_00123,staker,small_persistent_staker,11.049755633,False,1,0.0,0.053565564,0,0,0,1,0.0,0.089497213
staker_00124,staker,small_persistent_staker,25.059350258,False,1,0.0,-0.161500113,0,0,0,1,0.0,0.205270717
staker_00125,staker,small_persistent_staker,1.272090618,False,1,0.0,-0.008198248,0,0,0,1,0.0,0.010420181
staker_00126,staker,small_persistent_staker,3.239366414,False,1,0.0,0.045147274,0,0,0,1,0.0,0.163460326
staker_00127,staker,small_persistent_staker,32.325101566,False,1,0.0,-0.105973249,0,0,0,1,0.0,0.0
staker_00128,staker,small_persistent_staker,3.601994193,False,1,0.0,-0.008330017,0,0,0,1,0.0,0.0
staker_00129,staker,small_persistent_staker,24.160472686,False,1,0.0,-0.028096023,0,0,0,1,0.0,0.19686905
staker_00130,staker,small_persistent_staker,19.424630821,False,1,0.0,-0.123203168,0,0,0,1,0.0,0.252753382
staker_00131,staker,small_persistent_staker,13.236664144,False,1,0.0,0.003708936,0,0,0,1,0.0,0.107702086
staker_00132,staker,small_persistent_staker,19.851002703,False,1,0.0,-0.073034376,0,0,0,1,0.0,0.162160328
staker_00133,staker,small_persistent_staker,8.051332969,False,1,0.0,0.034905867,0,0,0,1,0.0,0.214173643
staker_00134,staker,small_persistent_staker,2.987851776,False,1,0.0,-0.000212174,0,0,0,1,0.0,0.024319641
staker_00135,staker,small_persistent_staker,2.385370748,False,1,0.0,-0.018235598,0,0,0,1,0.0,0.257595038
staker_00136,staker,small_persistent_staker,10.006555897,False,1,0.0,0.075915482,0,0,0,1,0.0,0.41950032
staker_00137,staker,small_persistent_staker,6.645728489,False,1,0.0,0.081637617,0,0,0,1,0.0,0.277287073
staker_00138,staker,small_persistent_staker,8.839241212,False,1,0.0,-0.006819938,0,0,0,1,0.0,0.071997466
staker_00139,staker,small_persistent_staker,17.588400581,False,1,0.0,0.005334109,0,0,0,1,0.0,1.309679877
staker_00140,staker,small_persistent_staker,16.559195843,False,1,0.0,-0.075854054,0,0,0,1,0.0,0.2150911
staker_00141,staker,small_persistent_staker,1.787644281,False,1,0.0,0.001435179,0,0,0,1,0.0,0.01453783
staker_00142,staker,small_persistent_staker,2.573452376,False,1,0.0,0.014948455,0,0,0,1,0.0,0.171248354
staker_00143,staker,small_persistent_staker,8.888496971,False,1,0.0,0.11933832,0,0,0,1,0.0,0.448751156
staker_00144,staker,small_persistent_staker,23.039460791,False,1,0.0,-0.0765114,0,0,0,1,0.0,0.188139263
staker_00145,staker,small_persistent_staker,20.629170182,False,1,0.0,-0.001464926,0,0,0,1,0.0,0.16791128
staker_00146,staker,small_persistent_staker,13.381166504,False,1,0.0,0.047055608,0,0,0,1,0.0,0.108525385
staker_00147,staker,small_persistent_staker,1.919566366,False,1,0.0,0.029788788,0,0,0,1,0.0,0.117589353
staker_00148,staker,small_persistent_staker,14.377298557,False,1,0.0,-0.005731782,0,0,0,1,0.0,0.0
staker_00149,staker,small_persistent_staker,4.983649716,False,1,0.0,-0.005903209,0,0,0,1,0.0,0.0
staker_00150,staker,small_persistent_staker,7.155507638,False,1,0.0,-0.062755629,0,0,0,1,0.0,0.058748934
staker_00151,staker,small_persistent_staker,1.278311521,False,1,0.0,0.008828736,0,0,0,1,0.0,0.039204476
staker_00152,staker,small_persistent_staker,2.498246241,False,1,0.0,0.018953131,0,0,0,1,0.0,0.104732848
staker_00153,staker,small_persistent_staker,7.792471912,False,1,0.0,-0.03569561,0,0,0,1,0.0,0.101218161
staker_00154,staker,small_persistent_staker,5.788673014,False,1,0.0,-0.034059544,0,0,0,1,0.0,0.075287899
staker_00155,staker,small_persistent_staker,8.499255539,False,1,0.0,-0.054775192,0,0,0,1,0.0,0.069620651
staker_00156,staker,small_persistent_staker,24.157513397,False,1,0.0,0.116249723,0,0,0,1,0.0,0.642306724
staker_00157,staker,small_persistent_staker,18.16720454,False,1,0.0,-0.059558597,0,0,0,1,0.0,0.0
staker_00158,staker,small_persistent_staker,1.505463698,False,1,0.0,-0.00268709,0,0,0,1,0.0,0.030313391
staker_00159,staker,small_persistent_staker,21.316327435,False,1,0.0,-0.049296405,0,0,0,1,0.0,0.0
staker_00160,staker,small_persistent_staker,8.342511172,False,1,0.0,0.002337586,0,0,0,1,0.0,0.067880083
staker_00161,staker,small_persistent_staker,5.104561974,False,1,0.0,-0.014888777,0,0,0,1,0.0,0.041666848
staker_00162,staker,small_persistent_staker,28.069767578,False,1,0.0,-0.246179028,0,0,0,1,0.0,0.230461487
staker_00163,staker,small_persistent_staker,4.344137723,False,1,0.0,-0.006725136,0,0,0,1,0.0,0.0
staker_00164,staker,small_persistent_staker,14.652465831,False,1,0.0,-0.120766228,0,0,0,1,0.0,1.583250636
staker_00165,staker,small_persistent_staker,2.256544954,False,1,0.0,-0.010440439,0,0,0,1,0.0,0.018450834
staker_00166,staker,small_persistent_staker,8.299417797,False,1,0.0,0.099377402,0,0,0,1,0.0,0.54885334
staker_00167,staker,small_persistent_staker,8.321418414,False,1,0.0,-0.019096128,0,0,0,1,0.0,0.067882858
staker_00168,staker,small_persistent_staker,27.603889821,False,1,0.0,0.382301744,0,0,0,1,0.0,1.149922303
staker_00169,staker,small_persistent_staker,12.033294396,False,1,0.0,0.114514575,0,0,0,1,0.0,0.549778502
staker_00170,staker,small_persistent_staker,7.402363464,False,1,0.0,0.125546722,0,0,0,1,0.0,0.452792003
staker_00171,staker,small_persistent_staker,22.883242182,False,1,0.0,-0.183993395,0,0,0,1,0.0,0.298259225
staker_00172,staker,small_persistent_staker,4.050556188,False,1,0.0,0.012791634,0,0,0,1,0.0,0.270259713
staker_00173,staker,small_persistent_staker,25.817309187,False,1,0.0,-0.119449886,0,0,0,1,0.0,0.211097447
staker_00174,staker,small_persistent_staker,20.104311631,False,1,0.0,-0.141686328,0,0,0,1,0.0,0.261780638
staker_00175,staker,small_persistent_staker,8.696469534,False,1,0.0,-0.006709782,0,0,0,1,0.0,0.070834561
staker_00176,staker,small_persistent_staker,6.762784045,False,1,0.0,0.030163823,0,0,0,1,0.0,0.05479632
staker_00177,staker,small_persistent_staker,9.623823306,False,1,0.0,0.089511008,0,0,0,1,0.0,0.638160167
staker_00178,staker,small_persistent_staker,40.571213506,False,1,0.0,-0.118336451,0,0,0,1,0.0,0.331169369
staker_00179,staker,small_persistent_staker,6.015377243,False,1,0.0,0.0,0,0,0,1,0.0,0.0
staker_00180,staker,small_persistent_staker,12.749710027,False,1,0.0,0.119171888,0,0,0,1,0.0,0.533552174
staker_00181,staker,small_persistent_staker,15.043193937,False,1,0.0,0.02740317,0,0,0,1,0.0,0.122212459
staker_00182,staker,small_persistent_staker,7.840100584,False,1,0.0,-0.059689381,0,0,0,1,0.0,0.102144239
staker_00183,staker,small_persistent_staker,26.365182029,False,1,0.0,0.012002651,0,0,0,1,0.0,2.500853985
staker_00184,staker,small_persistent_staker,24.141740832,False,1,0.0,-0.19543395,0,0,0,1,0.0,0.198078544
staker_00185,staker,small_persistent_staker,1.85492926,False,1,0.0,0.015614854,0,0,0,1,0.0,0.123110839
staker_00186,staker,small_persistent_staker,12.016142239,False,1,0.0,-0.077440489,0,0,0,1,0.0,0.098428814
staker_00187,staker,small_persistent_staker,2.445389563,False,1,0.0,0.031730458,0,0,0,1,0.0,0.101960269
staker_00188,staker,small_persistent_staker,25.937827654,False,1,0.0,13.21322216,1,0,0,1,0.0,2.417885316
staker_00189,staker,small_persistent_staker,6.566111687,False,1,0.0,0.043736743,0,0,0,1,0.0,0.225075948
staker_00190,staker,small_persistent_staker,16.07451654,False,1,0.0,-0.024884871,0,0,0,1,0.0,0.0
staker_00191,staker,small_persistent_staker,35.289985707,False,1,0.0,0.169820917,0,0,0,1,0.0,0.938300012
staker_00192,staker,small_persistent_staker,56.536785389,False,1,0.0,-0.15995451,0,0,0,1,0.0,0.0
staker_00193,staker,small_persistent_staker,18.957342012,False,1,0.0,-0.022455261,0,0,0,1,0.0,0.0
staker_00194,staker,small_persistent_staker,1.456767162,False,1,0.0,-0.00241855,0,0,0,1,0.0,0.011876209
staker_00195,staker,small_persistent_staker,3.688731503,False,1,0.0,0.036866921,0,0,0,1,0.0,0.244430268
staker_00196,staker,small_persistent_staker,15.310008774,False,1,0.0,0.101979671,0,0,0,1,0.0,0.524802944
staker_00197,staker,small_persistent_staker,24.066182977,False,1,0.0,0.084630057,0,0,0,1,0.0,0.195184163
staker_00198,staker,small_persistent_staker,19.942213127,False,1,0.0,-0.016346673,0,0,0,1,0.0,0.0
staker_00199,staker,small_persistent_staker,4.562191673,False,1,0.0,-0.000323972,0,0,0,1,0.0,0.037133992
staker_00200,staker,small_persistent_staker,27.278211995,False,1,0.0,0.132235759,0,0,0,1,0.0,0.22093918
staker_00201,staker,small_persistent_staker,15.972076614,False,1,0.0,-0.119298468,0,0,0,1,0.0,0.130966564
staker_00202,staker,small_persistent_staker,10.104451163,False,1,0.0,0.139942208,0,0,0,1,0.0,0.420931029
staker_00203,staker,small_persistent_staker,4.960423613,False,1,0.0,-0.016262043,0,0,0,1,0.0,0.0
staker_00204,staker,small_persistent_staker,5.517517046,False,1,0.0,0.0254462,0,0,0,1,0.0,0.381502145
staker_00205,staker,small_persistent_staker,10.210741374,False,1,0.0,0.011460721,0,0,0,1,0.0,0.083011224
staker_00206,staker,small_persistent_staker,48.802891674,False,1,0.0,-0.05780777,0,0,0,1,0.0,0.0
staker_00207,staker,small_persistent_staker,0.981700482,False,1,0.0,0.0,0,0,0,1,0.0,0.0
staker_00208,staker,small_persistent_staker,4.031655238,False,1,0.0,-0.010420357,0,0,0,1,0.0,0.43319016
staker_00209,staker,small_persistent_staker,4.129032155,False,1,0.0,0.039293842,0,0,0,1,0.0,0.188647683
staker_00210,staker,small_persistent_staker,10.412050845,False,1,0.0,0.071911459,0,0,0,1,0.0,0.319326696
staker_00211,staker,small_persistent_staker,10.491339483,False,1,0.0,0.059059936,0,0,0,1,0.0,0.322172191
staker_00212,staker,small_persistent_staker,17.8050507,False,1,0.0,-0.031780095,0,0,0,1,0.0,0.358515101
staker_00213,staker,small_persistent_staker,40.059811359,False,1,0.0,0.276675509,0,0,0,1,0.0,1.228592464
staker_00214,staker,small_persistent_staker,1.460739083,False,1,0.0,-0.007522842,0,0,0,1,0.0,0.01195008
staker_00215,staker,small_persistent_staker,5.069165477,False,1,0.0,0.047381628,0,0,0,1,0.0,0.212135355
staker_00216,staker,small_persistent_staker,8.902639887,False,1,0.0,0.007147329,0,0,0,1,0.0,0.072399785
staker_00217,staker,small_persistent_staker,12.314562807,False,1,0.0,-0.004909433,0,0,0,1,0.0,0.0
staker_00218,staker,small_persistent_staker,26.564910564,False,1,0.0,0.029816937,0,0,0,1,0.0,0.21596725
staker_00219,staker,small_persistent_staker,15.156360884,False,1,0.0,0.121624522,0,0,0,1,0.0,0.46430638
staker_00220,staker,small_persistent_staker,5.617104288,False,1,0.0,0.070197392,0,0,0,1,0.0,0.283856294
staker_00221,staker,small_persistent_staker,28.791083284,False,1,0.0,0.162076496,0,0,0,1,0.0,0.884127941
staker_00222,staker,small_persistent_staker,5.444685815,False,1,0.0,0.043691709,0,0,0,1,0.0,0.166794812
staker_00223,staker,small_persistent_staker,21.956861886,False,1,0.0,-0.025533461,0,0,0,1,0.0,0.178913161
staker_00224,staker,small_persistent_staker,8.509566615,False,1,0.0,-0.04971207,0,0,0,1,0.0,0.069663364
staker_00225,staker,small_persistent_staker,1.82708324,False,1,0.0,0.004983489,0,0,0,1,0.0,0.180842022
staker_00226,staker,small_persistent_staker,24.761924882,False,1,0.0,0.282217298,0,0,0,1,0.0,1.129177413
staker_00227,staker,small_persistent_staker,14.307527144,False,1,0.0,0.108667222,0,0,0,1,0.0,0.48997825
staker_00228,staker,small_persistent_staker,16.068088782,False,1,0.0,0.223942064,0,0,0,1,0.0,0.810805168
staker_00229,staker,small_persistent_staker,8.168678123,False,1,0.0,0.077737041,0,0,0,1,0.0,0.373211481
staker_00230,staker,small_persistent_staker,4.78319683,False,1,0.0,0.033530936,0,0,0,1,0.0,0.410404923
staker_00231,staker,small_persistent_staker,11.123767375,False,1,0.0,-0.025724964,0,0,0,1,0.0,0.0
staker_00232,staker,small_persistent_staker,27.662901494,False,1,0.0,-0.207798263,0,0,0,1,0.0,6.139660526
staker_00233,staker,small_persistent_staker,16.648957071,False,1,0.0,-0.019946331,0,0,0,1,0.0,0.3350401
staker_00234,staker,small_persistent_staker,13.989284202,False,1,0.0,0.11776224,0,0,0,1,0.0,0.92846264
staker_00235,staker,small_persistent_staker,13.00995399,False,1,0.0,-0.052585089,0,0,0,1,0.0,0.106315082
staker_00236,staker,small_persistent_staker,3.298958476,False,1,0.0,0.026794474,0,0,0,1,0.0,0.138226115
staker_00237,staker,small_persistent_staker,18.58712908,False,1,0.0,0.228328456,0,0,0,1,0.0,0.775531326
staker_00238,staker,small_persistent_staker,6.006447897,False,1,0.0,-0.027514224,0,0,0,1,0.0,0.078019096
staker_00239,staker,small_persistent_staker,28.185536421,False,1,0.0,-0.226626651,0,0,0,1,0.0,0.367369107
staker_00240,staker,small_persistent_staker,7.952530647,False,1,0.0,0.030657962,0,0,0,1,0.0,0.064475561
staker_00241,staker,small_persistent_staker,48.464590566,False,1,0.0,0.08828467,0,0,0,1,0.0,0.393731332
staker_00242,staker,small_persistent_staker,13.113118677,False,1,0.0,-0.067532881,0,0,0,1,0.0,0.107276391
staker_00243,staker,small_persistent_staker,2.528357266,False,1,0.0,0.008891107,0,0,0,1,0.0,0.020505757
staker_00244,staker,small_persistent_staker,5.098906108,False,1,0.0,0.110741608,0,0,0,1,0.0,0.310383108
staker_00245,staker,small_persistent_staker,2.260368408,False,1,0.0,0.00411756,0,0,0,1,0.0,0.018363466
staker_00246,staker,small_persistent_staker,30.024002757,False,1,0.0,14.20555329,1,0,0,1,0.0,1.088360075
staker_00247,staker,small_persistent_staker,7.587325196,False,1,0.0,-0.006219346,0,0,0,1,0.0,0.0
staker_00248,staker,small_persistent_staker,2.919912404,False,1,0.0,0.018135308,0,0,0,1,0.0,0.089613385
staker_00249,staker,small_persistent_staker,4.935910445,False,1,0.0,0.008991415,0,0,0,1,0.0,0.040099845
staker_00250,staker,small_persistent_staker,8.623059436,False,1,0.0,0.026305334,0,0,0,1,0.0,0.069968374
staker_00251,staker,small_persistent_staker,8.001896727,False,1,0.0,0.079661309,0,0,0,1,0.0,0.334659211
staker_00252,staker,small_persistent_staker,2.898191004,False,1,0.0,-0.001155419,0,0,0,1,0.0,0.0
staker_00253,staker,small_persistent_staker,14.613912146,False,1,0.0,0.107706443,0,0,0,1,0.0,0.447984168
staker_00254,staker,small_persistent_staker,4.762795837,False,1,0.0,-0.011014501,0,0,0,1,0.0,0.0
staker_00255,staker,small_persistent_staker,44.55827449,False,1,0.0,-0.079531714,0,0,0,1,0.0,0.897206896
staker_00256,staker,small_persistent_staker,19.110350975,False,1,0.0,-0.145493671,0,0,0,1,0.0,0.248977962
staker_00257,staker,small_persistent_staker,12.703871564,False,1,0.0,0.048974952,0,0,0,1,0.0,0.102997308
staker_00258,staker,small_persistent_staker,30.636300366,False,1,0.0,-0.01221374,0,0,0,1,0.0,0.0
staker_00259,staker,small_persistent_staker,23.116620153,False,1,0.0,0.392066115,0,0,0,1,0.0,1.414010645
staker_00260,staker,small_persistent_staker,16.256802591,False,1,0.0,-0.11457078,0,0,0,1,0.0,0.211681764
staker_00261,staker,small_persistent_staker,3.492651128,False,1,0.0,-0.02827396,0,0,0,1,0.0,0.02865656
staker_00262,staker,small_persistent_staker,15.583433537,False,1,0.0,0.063417164,0,0,0,1,0.0,1.078085063
staker_00263,staker,small_persistent_staker,16.563299536,False,1,0.0,0.321061975,0,0,0,1,0.0,1.010655557
staker_00264,staker,small_persistent_staker,9.824850495,False,1,0.0,0.042594801,0,0,0,1,0.0,0.261351013
staker_00265,staker,small_persistent_staker,0.762949564,False,1,0.0,0.012949564,0,0,0,1,0.0,0.050199753
staker_00266,staker,small_persistent_staker,9.303835587,False,1,0.0,-0.018474178,0,0,0,1,0.0,0.0
staker_00267,staker,small_persistent_staker,3.77928693,False,1,0.0,0.00888974,0,0,0,1,0.0,0.030686996
staker_00268,staker,small_persistent_staker,9.117233721,False,1,0.0,0.103911189,0,0,0,1,0.0,0.415758243
staker_00269,staker,small_persistent_staker,6.870818556,False,1,0.0,0.005516116,0,0,0,1,0.0,0.055876211
staker_00270,staker,small_persistent_staker,5.574322368,False,1,0.0,0.045275209,0,0,0,1,0.0,0.233563693
staker_00271,staker,small_persistent_staker,5.977126521,False,1,0.0,0.018233704,0,0,0,1,0.0,0.048499007
staker_00272,staker,small_persistent_staker,19.879287415,False,1,0.0,0.321439751,0,0,0,1,0.0,1.216965787
staker_00273,staker,small_persistent_staker,19.549643551,False,1,0.0,0.310257066,0,0,0,1,0.0,1.051330655
staker_00274,staker,small_persistent_staker,85.041411991,False,1,0.0,18.353074333,1,0,0,1,0.0,5.399781458
staker_00275,staker,small_persistent_staker,6.809144447,False,1,0.0,-0.055121874,0,0,0,1,0.0,0.055867778
staker_00276,staker,small_persistent_staker,8.464172195,False,1,0.0,0.093968615,0,0,0,1,0.0,0.560242873
staker_00277,staker,small_persistent_staker,11.753700802,False,1,0.0,0.013192567,0,0,0,1,0.0,0.095555166
staker_00278,staker,small_persistent_staker,42.449249102,False,1,0.0,0.785583435,0,0,0,1,0.0,2.788674317
staker_00279,staker,small_persistent_staker,24.507714316,False,1,0.0,0.152215161,0,0,0,1,0.0,0.75215244
staker_00280,staker,small_persistent_staker,6.339193071,False,1,0.0,0.132207865,0,0,0,1,0.0,0.3862229
staker_00281,staker,small_persistent_staker,19.295301706,False,1,0.0,0.146385245,0,0,0,1,0.0,0.808908211
staker_00282,staker,small_persistent_staker,14.164022957,False,1,0.0,0.164457399,0,0,0,1,0.0,0.591384038
staker_00283,staker,small_persistent_staker,2.041931094,False,1,0.0,-0.012951205,0,0,0,1,0.0,0.026569616
staker_00284,staker,small_persistent_staker,26.098935314,False,1,0.0,0.348342086,0,0,0,1,0.0,1.087783027
staker_00285,staker,small_persistent_staker,3.926304994,False,1,0.0,-0.000209784,0,0,0,1,0.0,0.012620673
staker_00286,staker,small_persistent_staker,5.642255132,False,1,0.0,-0.011203554,0,0,0,1,0.0,0.0
staker_00287,staker,small_persistent_staker,5.338492181,False,1,0.0,0.023811101,0,0,0,1,0.0,0.043255813
staker_00288,staker,small_persistent_staker,10.021009277,False,1,0.0,0.106552647,0,0,0,1,0.0,0.418816667
staker_00289,staker,small_persistent_staker,6.710666802,False,1,0.0,0.076482998,0,0,0,1,0.0,0.306015522
staker_00290,staker,small_persistent_staker,3.698565307,False,1,0.0,0.036473034,0,0,0,1,0.0,0.168921621
staker_00291,staker,small_persistent_staker,4.823091922,False,1,0.0,0.05354561,0,0,0,1,0.0,0.319240064
staker_00292,staker,small_persistent_staker,21.658594989,False,1,0.0,0.336108878,0,0,0,1,0.0,1.326768495
staker_00293,staker,small_persistent_staker,21.127807311,False,1,0.0,-0.185296264,0,0,0,1,0.0,0.173465842
staker_00294,staker,small_persistent_staker,24.489336411,False,1,0.0,-0.080284807,0,0,0,1,0.0,0.0
staker_00295,staker,small_persistent_staker,4.609506642,False,1,0.0,0.052535597,0,0,0,1,0.0,0.210199765
staker_00296,staker,small_persistent_staker,14.398818269,False,1,0.0,0.026229354,0,0,0,1,0.0,0.116977485
staker_00297,staker,small_persistent_staker,6.999824722,False,1,0.0,0.033932837,0,0,0,1,0.0,0.056694901
staker_00298,staker,small_persistent_staker,1.992964813,False,1,0.0,0.007683119,0,0,0,1,0.0,0.016158067
staker_00299,staker,small_persistent_staker,16.023938858,False,1,0.0,0.159523172,0,0,0,1,0.0,0.670160954
staker_00300,staker,small_persistent_staker,6.349418645,False,1,0.0,0.082220024,0,0,0,1,0.0,0.320716358
staker_00301,staker,small_persistent_staker,8.238751221,False,1,0.0,-0.088652024,0,0,0,1,0.0,0.892449697
staker_00302,staker,small_persistent_staker,71.747229884,False,1,0.0,-0.028603388,0,0,0,1,0.0,0.0
staker_00303,staker,small_persistent_staker,14.30086602,False,1,0.0,-0.00570131,0,0,0,1,0.0,0.0
staker_00304,staker,small_persistent_staker,7.936186944,False,1,0.0,0.07676382,0,0,0,1,0.0,0.33200583
staker_00305,staker,small_persistent_staker,8.87772293,False,1,0.0,-0.052234975,0,0,0,1,0.0,0.115464305
staker_00306,staker,small_persistent_staker,1.728325878,False,1,0.0,0.022380473,0,0,0,1,0.0,0.087299706
staker_00307,staker,small_persistent_staker,18.611027621,False,1,0.0,-0.014359384,0,0,0,1,0.0,0.151590707
staker_00308,staker,small_persistent_staker,2.679828986,False,1,0.0,0.016644172,0,0,0,1,0.0,0.08224512
staker_00309,staker,small_persistent_staker,9.53582138,False,1,0.0,0.119169906,0,0,0,1,0.0,0.481885823
staker_00310,staker,small_persistent_staker,9.774316726,False,1,0.0,-0.039506928,0,0,0,1,0.0,0.079874017
staker_00311,staker,small_persistent_staker,6.950289193,False,1,0.0,0.032690972,0,0,0,1,0.0,0.656463603
staker_00312,staker,small_persistent_staker,9.83781513,False,1,0.0,-0.057883991,0,0,0,1,0.0,0.127951333
staker_00313,staker,small_persistent_staker,5.469078823,False,1,0.0,-0.02012144,0,0,0,1,0.0,0.044676213
staker_00314,staker,small_persistent_staker,12.610310128,False,1,0.0,0.195693081,0,0,0,1,0.0,0.772486036
staker_00315,staker,small_persistent_staker,12.849090792,False,1,0.0,0.0,0,0,0,1,0.0,0.0
staker_00316,staker,small_persistent_staker,2.171168652,False,1,0.0,0.020661878,0,0,0,1,0.0,0.099196596
staker_00317,staker,small_persistent_staker,31.890926677,False,1,0.0,-0.20227222,0,0,0,1,0.0,0.414964879
staker_00318,staker,small_persistent_staker,13.047580625,False,1,0.0,-0.084087804,0,0,0,1,0.0,0.10687772
staker_00319,staker,small_persistent_staker,10.373789653,False,1,0.0,0.002906754,0,0,0,1,0.0,0.084407882
staker_00320,staker,small_persistent_staker,35.31484494,False,1,0.0,-0.285883263,0,0,0,1,0.0,0.289751809
staker_00321,staker,small_persistent_staker,6.247896169,False,1,0.0,0.105966545,0,0,0,1,0.0,0.382174887
staker_00322,staker,small_persistent_staker,7.94000458,False,1,0.0,-0.003165433,0,0,0,1,0.0,0.0
staker_00323,staker,small_persistent_staker,7.789868488,False,1,0.0,-0.009227218,0,0,0,1,0.0,0.0
staker_00324,staker,small_persistent_staker,31.639303349,False,1,0.0,0.096518232,0,0,0,1,0.0,0.256724497
staker_00325,staker,small_persistent_staker,26.091621277,False,1,0.0,0.091752622,0,0,0,1,0.0,0.211611092
staker_00326,staker,small_persistent_staker,10.74799096,False,1,0.0,0.071592159,0,0,0,1,0.0,0.368424171
staker_00327,staker,small_persistent_staker,8.647020105,False,1,0.0,-0.00667163,0,0,0,1,0.0,0.070431785
staker_00328,staker,small_persistent_staker,10.451315748,False,1,0.0,-0.000742173,0,0,0,1,0.0,0.08506856
staker_00329,staker,small_persistent_staker,34.320914608,False,1,0.0,0.153080445,0,0,0,1,0.0,0.278089585
staker_00330,staker,small_persistent_staker,35.697912609,False,1,0.0,-0.104122207,0,0,0,1,0.0,0.291390229
staker_00331,staker,small_persistent_staker,32.157659361,False,1,0.0,-0.002283591,0,0,0,1,0.0,0.261747501
staker_00332,staker,small_persistent_staker,9.757991891,False,1,0.0,0.154132177,0,0,0,1,0.0,0.642815184
staker_00333,staker,small_persistent_staker,14.683827351,False,1,0.0,-0.067263402,0,0,0,1,0.0,0.190731519
staker_00334,staker,small_persistent_staker,3.336189876,False,1,0.0,0.035712982,0,0,0,1,0.0,0.152241359
staker_00335,staker,small_persistent_staker,49.672319904,False,1,0.0,-0.144882185,0,0,0,1,0.0,0.405458684
staker_00336,staker,small_persistent_staker,8.299612239,False,1,0.0,-0.024207968,0,0,0,1,0.0,0.067746984
staker_00337,staker,small_persistent_staker,40.93317739,False,1,0.0,-0.081279039,0,0,0,1,0.0,0.0
staker_00338,staker,small_persistent_staker,16.37605553,False,1,0.0,0.204652848,0,0,0,1,0.0,0.827552099
staker_00339,staker,small_persistent_staker,13.119312848,False,1,0.0,-0.023416558,0,0,0,1,0.0,0.264165031
staker_00340,staker,small_persistent_staker,22.833006294,False,1,0.0,0.25349035,0,0,0,1,0.0,1.51131484
staker_00341,staker,small_persistent_staker,6.831684396,False,1,0.0,0.061993159,0,0,0,1,0.0,0.725509348
staker_00342,staker,small_persistent_staker,26.026067858,False,1,0.0,-0.181453994,0,0,0,1,0.0,0.213301167
staker_00343,staker,small_persistent_staker,7.71824743,False,1,0.0,-0.022512267,0,0,0,1,0.0,0.063001496
staker_00344,staker,small_persistent_staker,15.741864337,False,1,0.0,-0.126572932,0,0,0,1,0.0,0.205178804
staker_00345,staker,small_persistent_staker,10.438742927,False,1,0.0,-0.029533409,0,0,0,1,0.0,0.0
staker_00346,staker,small_persistent_staker,7.81551882,False,1,0.0,0.123449881,0,0,0,1,0.0,0.514853284
staker_00347,staker,small_persistent_staker,9.147317163,False,1,0.0,0.133152564,0,0,0,1,0.0,0.560896583
staker_00348,staker,small_persistent_staker,10.311536821,False,1,0.0,0.024255073,0,0,0,1,0.0,0.083727458
staker_00349,staker,small_persistent_staker,9.507219436,False,1,0.0,0.095019632,0,0,0,1,0.0,0.629986811
staker_00350,staker,small_persistent_staker,24.407228551,False,1,0.0,0.074456208,0,0,0,1,0.0,0.198042713
staker_00351,staker,small_persistent_staker,99.709172377,False,1,0.0,-0.290827623,0,0,0,1,0.0,0.813892927
staker_00352,staker,small_persistent_staker,13.88952856,False,1,0.0,0.06959436,0,0,0,1,0.0,0.426790565
staker_00353,staker,small_persistent_staker,5.956673085,False,1,0.0,0.05761671,0,0,0,1,0.0,0.249194003
staker_00354,staker,small_persistent_staker,25.496525472,False,1,0.0,0.028617762,0,0,0,1,0.0,0.207281499
staker_00355,staker,small_persistent_staker,5.476992512,False,1,0.0,0.044484686,0,0,0,1,0.0,0.229485579
staker_00356,staker,small_persistent_staker,11.063245185,False,1,0.0,0.026023261,0,0,0,1,0.0,0.089831169
staker_00357,staker,small_persistent_staker,12.289601281,False,1,0.0,-0.103686378,0,0,0,1,0.0,0.160245139
staker_00358,staker,small_persistent_staker,16.665968099,False,1,0.0,0.083505886,0,0,0,1,0.0,0.512103626
staker_00359,staker,small_persistent_staker,25.097129604,False,1,0.0,-0.073202278,0,0,0,1,0.0,0.204859551
staker_00360,staker,small_persistent_staker,3.889732791,False,1,0.0,-0.004607448,0,0,0,1,0.0,0.0
staker_00361,staker,small_persistent_staker,8.272415979,False,1,0.0,0.00928511,0,0,0,1,0.0,0.067253038
staker_00362,staker,small_persistent_staker,19.080193948,False,1,0.0,0.136082345,0,0,0,1,0.0,0.653728729
staker_00363,staker,small_persistent_staker,10.655733235,False,1,0.0,0.0,0,0,0,1,0.0,0.0
staker_00364,staker,small_persistent_staker,9.430751454,False,1,0.0,0.002642513,0,0,0,1,0.0,0.076734712
staker_00365,staker,small_persistent_staker,8.214064638,False,1,0.0,-0.012716148,0,0,0,1,0.0,0.0
staker_00366,staker,small_persistent_staker,10.432547538,False,1,0.0,0.050573543,0,0,0,1,0.0,0.084498152
staker_00367,staker,small_persistent_staker,4.187498776,False,1,0.0,-0.00022374,0,0,0,1,0.0,0.013460252
staker_00368,staker,small_persistent_staker,3.571841275,False,1,0.0,0.004009099,0,0,0,1,0.0,0.029038334
staker_00369,staker,small_persistent_staker,2.888951977,False,1,0.0,0.009147806,0,0,0,1,0.0,0.285818385
staker_00370,staker,small_persistent_staker,23.751580948,False,1,0.0,0.055869104,0,0,0,1,0.0,0.192857723
staker_00371,staker,small_persistent_staker,7.319461726,False,1,0.0,0.028748985,0,0,0,1,0.0,0.569588111
staker_00372,staker,small_persistent_staker,53.546784867,False,1,0.0,-0.177822715,0,0,0,1,0.0,0.437260781
staker_00373,staker,small_persistent_staker,3.625416215,False,1,0.0,0.0,0,0,0,1,0.0,0.0
staker_00374,staker,small_persistent_staker,40.515782777,False,1,0.0,-0.002877121,0,0,0,1,0.0,0.329778507
staker_00375,staker,small_persistent_staker,5.563671742,False,1,0.0,0.010134965,0,0,0,1,0.0,0.045199843
staker_00376,staker,small_persistent_staker,5.372375205,False,1,0.0,0.06599546,0,0,0,1,0.0,0.224157547
staker_00377,staker,small_persistent_staker,8.778870938,False,1,0.0,0.086817863,0,0,0,1,0.0,0.931529302
staker_00378,staker,small_persistent_staker,99.769272333,False,1,0.0,-0.230727667,0,0,0,1,0.0,0.0
staker_00379,staker,small_persistent_staker,12.878361066,False,1,0.0,-0.042219876,0,0,0,1,0.0,0.0
staker_00380,staker,small_persistent_staker,11.458960838,False,1,0.0,0.140764441,0,0,0,1,0.0,0.478114886
staker_00381,staker,small_persistent_staker,7.65905982,False,1,0.0,-0.003349793,0,0,0,1,0.0,0.532262927
staker_00382,staker,small_persistent_staker,2.653633754,False,1,0.0,0.045006574,0,0,0,1,0.0,0.162318987
staker_00383,staker,small_persistent_staker,7.034949614,False,1,0.0,-0.041392418,0,0,0,1,0.0,0.091497062
staker_00384,staker,small_persistent_staker,51.095649522,False,1,0.0,0.227900243,0,0,0,1,0.0,0.414009013
staker_00385,staker,small_persistent_staker,8.831485327,False,1,0.0,-0.037720254,0,0,0,1,0.0,0.114678778
staker_00386,staker,small_persistent_staker,4.964687746,False,1,0.0,0.001089344,0,0,0,1,0.0,0.344792245
staker_00387,staker,small_persistent_staker,8.334887357,False,1,0.0,0.05417124,0,0,0,1,0.0,0.858908115
staker_00388,staker,small_persistent_staker,2.176121044,False,1,0.0,0.009706081,0,0,0,1,0.0,0.017632298
staker_00389,staker,small_persistent_staker,1.566133698,False,1,0.0,-0.003109796,0,0,0,1,0.0,0.0
staker_00390,staker,small_persistent_staker,9.805913465,False,1,0.0,-0.016279944,0,0,0,1,0.0,0.079942137
staker_00391,staker,small_persistent_staker,8.061037011,False,1,0.0,-0.013383071,0,0,0,1,0.0,0.065717134
staker_00392,staker,small_persistent_staker,4.555467342,False,1,0.0,-0.039952612,0,0,0,1,0.0,0.037401798
staker_00393,staker,small_persistent_staker,27.8323743,False,1,0.0,0.590033479,0,0,0,1,0.0,1.695125012
staker_00394,staker,small_persistent_staker,6.488622493,False,1,0.0,-0.018357684,0,0,0,1,0.0,0.0
staker_00395,staker,small_persistent_staker,9.774754098,False,1,0.0,0.072041215,0,0,0,1,0.0,0.299641536
staker_00396,staker,small_persistent_staker,11.490297014,False,1,0.0,0.057572859,0,0,0,1,0.0,0.353068164
staker_00397,staker,small_persistent_staker,4.533579792,False,1,0.0,-0.031950672,0,0,0,1,0.0,0.059032283
staker_00398,staker,small_persistent_staker,14.194659316,False,1,0.0,0.225272309,0,0,0,1,0.0,0.763353073
staker_00399,staker,small_persistent_staker,19.949747806,False,1,0.0,0.357208834,0,0,0,1,0.0,1.311387497
staker_00400,staker,small_persistent_staker,34.506100802,False,1,0.0,0.121342602,0,0,0,1,0.0,0.279855115
staker_00401,staker,small_persistent_staker,12.787463874,False,2,0.0,0.182126111,0,0,0,1,0.0,0.53269992
staker_00402,staker,small_persistent_staker,31.860519777,False,2,0.0,0.476288324,0,0,0,1,0.0,1.953628189
staker_00403,staker,small_persistent_staker,6.810136564,False,2,0.0,-0.002538376,0,0,0,1,0.0,0.055469985
staker_00404,staker,small_persistent_staker,24.80489351,False,3,0.0,0.341256936,0,0,0,1,0.0,1.252923386
staker_00405,staker,small_persistent_staker,46.641302843,False,3,0.0,-0.093649363,0,0,0,1,0.0,0.0
staker_00406,staker,small_persistent_staker,22.034136492,False,3,0.0,0.335878715,0,0,0,1,0.0,1.453520061
staker_00407,staker,staker_whale,118.328295101,False,3,0.0,10.649309762,1,0,0,1,0.0,10.48683888
staker_00408,staker,small_persistent_staker,4.853675456,False,3,0.0,0.093725874,0,0,0,1,0.0,0.318858881
staker_00409,staker,small_persistent_staker,16.281187013,False,3,0.0,0.112001587,0,0,0,1,0.0,1.328591311
staker_00410,staker,small_persistent_staker,3.940565734,False,3,0.0,0.012488957,0,0,0,1,0.0,0.031996545
staker_00411,staker,small_persistent_staker,5.746798023,False,4,0.0,0.048149958,0,0,0,1,0.0,0.381879443
staker_00412,staker,small_persistent_staker,10.942287147,False,4,0.0,0.06984005,0,0,0,1,0.0,0.728587551
staker_00413,staker,small_persistent_staker,24.107544985,False,4,0.0,0.30295608,0,0,0,1,0.0,1.0993368
staker_00414,staker,small_persistent_staker,14.537842155,False,4,0.0,0.133723024,0,0,0,1,0.0,0.445358415
staker_00415,staker,small_persistent_staker,7.223276953,False,4,0.0,0.102161603,0,0,0,1,0.0,0.301173797
staker_00416,staker,small_persistent_staker,18.465544932,False,4,0.0,-0.073138653,0,0,0,1,0.0,0.15106376
staker_00417,staker,small_persistent_staker,4.472939966,False,4,0.0,0.00887877,0,0,0,1,0.0,0.036375715
staker_00418,staker,small_persistent_staker,5.489106831,False,5,0.0,0.008095329,0,0,0,1,0.0,0.044678625
staker_00419,staker,small_persistent_staker,6.327504703,False,5,0.0,0.037959172,0,0,0,1,0.0,0.051269413
staker_00420,staker,small_persistent_staker,17.950056582,False,5,0.0,0.047861759,0,0,0,1,0.0,0.145930262
staker_00421,staker,small_persistent_staker,13.733424731,False,5,0.0,0.137520582,0,0,0,1,0.0,0.575221278
staker_00422,staker,small_persistent_staker,6.43227327,False,5,0.0,0.025049154,0,0,0,1,0.0,0.052228674
staker_00423,staker,small_persistent_staker,33.979869212,False,5,0.0,-0.145677558,0,0,0,1,0.0,0.278175387
staker_00424,staker,small_persistent_staker,34.863936605,False,6,0.0,-0.236069234,0,0,0,1,0.0,0.286243719
staker_00425,staker,small_persistent_staker,17.825808429,False,6,0.0,0.406357431,0,0,0,1,0.0,1.086058643
staker_00426,staker,small_persistent_staker,10.180231488,False,6,0.0,0.135970822,0,0,0,1,0.0,0.464232385
staker_00427,staker,small_persistent_staker,15.285710743,False,7,0.0,-0.043271786,0,0,0,1,0.0,0.12505003
staker_00428,staker,small_persistent_staker,9.269010311,False,7,0.0,-0.018111458,0,0,0,1,0.0,0.120360136
staker_00429,staker,small_persistent_staker,7.123745966,False,7,0.0,0.047118393,0,0,0,1,0.0,0.612885062
staker_00430,staker,small_persistent_staker,6.60297718,False,7,0.0,0.071105375,0,0,0,1,0.0,0.276564153
staker_00431,staker,small_persistent_staker,8.68378213,False,7,0.0,0.019420655,0,0,0,1,0.0,0.070681707
staker_00432,staker,small_persistent_staker,5.169338037,False,8,0.0,-0.002534457,0,0,0,1,0.0,0.042212596
staker_00433,staker,small_persistent_staker,19.133544425,False,8,0.0,0.443899206,0,0,0,1,0.0,1.166233046
staker_00434,staker,small_persistent_staker,17.910617355,False,8,0.0,0.341371236,0,0,0,1,0.0,1.179289474
staker_00435,staker,small_persistent_staker,11.934693875,False,8,0.0,-0.010114877,0,0,0,1,0.0,0.097493004
staker_00436,staker,small_persistent_staker,11.633213633,False,8,0.0,0.193480319,0,0,0,1,0.0,0.484616186
staker_00437,staker,small_persistent_staker,8.027442525,False,8,0.0,0.130120863,0,0,0,1,0.0,0.405279332
staker_00438,staker,small_persistent_staker,13.442015463,False,9,0.0,0.255553044,0,0,0,1,0.0,0.885503057
staker_00439,staker,small_persistent_staker,24.894897111,False,9,0.0,-0.03345806,0,0,0,1,0.0,0.203555266
staker_00440,staker,small_persistent_staker,0.756739597,False,9,0.0,0.000272742,0,0,0,1,0.0,0.006177015
staker_00441,staker,small_persistent_staker,7.250589673,False,9,0.0,0.007107952,0,0,0,1,0.0,0.059147458
staker_00442,staker,small_persistent_staker,11.250623981,False,9,0.0,0.049349689,0,0,0,1,0.0,0.091465255
staker_00443,staker,staker_whale,175.725906492,False,9,0.0,-1.370062502,0,0,0,1,0.0,26.827453739
staker_00444,staker,small_persistent_staker,48.734755857,False,9,0.0,0.369842864,0,0,0,1,0.0,1.296394057
staker_00445,staker,small_persistent_staker,19.175213204,False,9,0.0,-0.014593472,0,0,0,1,0.0,0.156696508
staker_00446,staker,small_persistent_staker,9.770856415,False,9,0.0,0.16268404,0,0,0,1,0.0,0.4932986
staker_00447,staker,small_persistent_staker,0.756407536,False,10,0.0,0.006407536,0,0,0,1,0.0,0.047791643
staker_00448,staker,small_persistent_staker,6.559470693,False,10,0.0,-0.045875332,0,0,0,1,0.0,0.064179495
staker_00449,staker,small_persistent_staker,3.761606523,False,10,0.0,-0.008430762,0,0,0,1,0.0,0.018567338
staker_00450,staker,small_persistent_staker,5.492100161,False,10,0.0,0.082699339,0,0,0,1,0.0,0.278223001
staker_00451,staker,small_persistent_staker,6.383116699,False,11,0.0,-0.005366291,0,0,0,1,0.0,0.144590929
staker_00452,staker,small_persistent_staker,6.752375956,False,11,0.0,-0.038127931,0,0,0,1,0.0,0.0
staker_00453,staker,small_persistent_staker,2.052399636,False,11,0.0,0.021791552,0,0,0,1,0.0,0.09397722
staker_00454,staker,small_persistent_staker,8.816725639,False,11,0.0,-0.099142375,0,0,0,1,0.0,0.042509428
staker_00455,staker,small_persistent_staker,12.661422598,False,12,0.0,0.208518668,0,0,0,1,0.0,0.670511034
staker_00456,staker,small_persistent_staker,12.779021101,False,12,0.0,0.0,0,0,0,1,0.0,0.0
staker_00457,staker,small_persistent_staker,3.297099732,False,12,0.0,-0.024431763,0,0,0,1,0.0,0.0
staker_00458,staker,small_persistent_staker,7.849587694,False,12,0.0,0.053415079,0,0,0,1,0.0,0.264695537
staker_00459,staker,small_persistent_staker,19.980548793,False,12,0.0,-0.251990499,0,0,0,1,0.0,0.0
staker_00460,staker,small_persistent_staker,10.067508204,False,12,0.0,-0.042271384,0,0,0,1,0.0,0.0
staker_00461,staker,small_persistent_staker,13.880487857,False,13,0.0,0.052113768,0,0,0,1,0.0,0.363239511
staker_00462,staker,small_persistent_staker,21.983494134,False,13,0.0,-0.278623998,0,0,0,1,0.0,0.0
staker_00463,staker,small_persistent_staker,2.317946333,False,13,0.0,-0.001872098,0,0,0,1,0.0,0.0
staker_00464,staker,small_persistent_staker,13.154196432,False,13,0.0,0.079313556,0,0,0,1,0.0,0.49477581
staker_00465,staker,small_persistent_staker,6.652366251,False,13,0.0,0.01446395,0,0,0,1,0.0,0.517533688
staker_00466,staker,small_persistent_staker,5.818745031,False,13,0.0,-0.04400953,0,0,0,1,0.0,0.0
staker_00467,staker,small_persistent_staker,8.047367148,False,13,0.0,0.07346679,0,0,0,1,0.0,0.341832851
staker_00468,staker,small_persistent_staker,1.880115247,False,13,0.0,0.007587981,0,0,0,1,0.0,0.184723917
staker_00469,staker,small_persistent_staker,30.388050112,False,14,0.0,0.409972599,0,0,0,1,0.0,1.615662183
staker_00470,staker,small_persistent_staker,35.93094479,False,14,0.0,-0.116695598,0,0,0,1,0.0,0.0
staker_00471,staker,small_persistent_staker,6.898755884,False,15,0.0,-0.019170646,0,0,0,1,0.0,0.0
staker_00472,staker,small_persistent_staker,3.214991955,False,15,0.0,-0.012240244,0,0,0,1,0.0,0.19730705
staker_00473,staker,small_persistent_staker,8.943012499,False,15,0.0,-0.042257628,0,0,0,1,0.0,0.0
staker_00474,staker,small_persistent_staker,12.057473048,False,15,0.0,0.021305146,0,0,0,1,0.0,0.222924787
staker_00475,staker,small_persistent_staker,5.409628522,False,15,0.0,-0.010462557,0,0,0,1,0.0,0.0
staker_00476,staker,small_persistent_staker,3.081133477,False,16,0.0,-0.023538241,0,0,0,1,0.0,0.014839695
staker_00477,staker,small_persistent_staker,3.269163332,False,16,0.0,0.034811509,0,0,0,1,0.0,0.110045192
staker_00478,staker,small_persistent_staker,22.017037974,False,16,0.0,-0.077574979,0,0,0,1,0.0,0.0
staker_00479,staker,small_persistent_staker,5.924140884,False,17,0.0,-0.058531462,0,0,0,1,0.0,0.028611158
staker_00480,staker,small_persistent_staker,7.844281872,False,17,0.0,-0.083237381,0,0,0,1,0.0,0.0
staker_00481,staker,small_persistent_staker,21.704487798,False,17,0.0,0.047606783,0,0,0,1,0.0,0.491651993
staker_00482,staker,small_persistent_staker,7.174535543,False,17,0.0,-0.06415674,0,0,0,1,0.0,0.715551242
staker_00483,staker,small_persistent_staker,2.61065269,False,17,0.0,-0.024676397,0,0,0,1,0.0,0.012603033
staker_00484,staker,small_persistent_staker,1.499101748,False,17,0.0,-0.002314978,0,0,0,1,0.0,0.0
staker_00485,staker,small_persistent_staker,7.116837914,False,17,0.0,-0.058209741,0,0,0,1,0.0,0.034313499
staker_00486,staker,small_persistent_staker,1.023524439,False,18,0.0,-0.006549408,0,0,0,1,0.0,0.004929611
staker_00487,staker,small_persistent_staker,23.248652015,False,18,0.0,0.252568625,0,0,0,1,0.0,1.350515908
staker_00488,staker,small_persistent_staker,1.396263945,False,18,0.0,0.02489447,0,0,0,1,0.0,0.074087244
staker_00489,staker,small_persistent_staker,64.420263216,False,18,0.0,-0.122147183,0,0,0,1,0.0,0.0
staker_00490,staker,staker_whale,100.794786592,False,18,0.0,0.794786592,0,0,0,1,0.0,3.406581952
staker_00491,staker,small_persistent_staker,5.899943999,False,19,0.0,0.077553523,0,0,0,1,0.0,0.250364649
staker_00492,staker,small_persistent_staker,15.6720066,False,19,0.0,-0.038631943,0,0,0,1,0.0,0.0
staker_00493,staker,small_persistent_staker,3.623999719,False,19,0.0,0.054648067,0,0,0,1,0.0,0.165862211
staker_00494,staker,small_persistent_staker,17.44095275,False,19,0.0,0.220339632,0,0,0,1,0.0,0.740491861
staker_00495,staker,small_persistent_staker,27.478625086,False,19,0.0,0.375113474,0,0,0,1,0.0,1.165459651
staker_00496,staker,small_persistent_staker,6.743588461,False,19,0.0,0.021652243,0,0,0,1,0.0,0.152756367
staker_00497,staker,small_persistent_staker,9.558278818,False,20,0.0,0.0,0,0,0,1,0.0,0.0
staker_00498,staker,small_persistent_staker,10.715785747,False,20,0.0,0.19255575,0,0,0,1,0.0,0.568989234
staker_00499,staker,small_persistent_staker,26.618157163,False,20,0.0,0.570813238,0,0,0,1,0.0,1.408375401
staker_00500,staker,small_persistent_staker,2.772940558,False,20,0.0,-0.020115587,0,0,0,1,0.0,0.0
staker_00501,staker,small_persistent_staker,4.828489238,False,20,0.0,0.04379134,0,0,0,1,0.0,0.163132086
staker_00502,staker,small_persistent_staker,8.10774256,False,20,0.0,-0.067925215,0,0,0,1,0.0,0.0
staker_00503,staker,small_persistent_staker,13.730291542,False,21,0.0,-0.079230397,0,0,0,1,0.0,0.0
staker_00504,staker,small_persistent_staker,11.005204852,False,21,0.0,-0.06396666,0,0,0,1,0.0,0.053036887
staker_00505,staker,small_persistent_staker,5.13761288,False,21,0.0,0.049253314,0,0,0,1,0.0,0.193311093
staker_00506,staker,small_persistent_staker,14.618243477,False,21,0.0,-0.052740565,0,0,0,1,0.0,0.0
staker_00507,staker,small_persistent_staker,1.866907259,False,21,0.0,0.02895095,0,0,0,1,0.0,0.108068615
staker_00508,staker,small_persistent_staker,9.192706074,False,21,0.0,-0.041876459,0,0,0,1,0.0,0.0
staker_00509,staker,small_persistent_staker,4.315908982,False,21,0.0,-0.032549704,0,0,0,1,0.0,0.020835228
staker_00510,staker,small_persistent_staker,7.57920536,False,21,0.0,0.064812669,0,0,0,1,0.0,0.256289788
staker_00511,staker,small_persistent_staker,2.767555815,False,21,0.0,-0.000356814,0,0,0,1,0.0,0.382623026
staker_00512,staker,small_persistent_staker,10.995893468,False,22,0.0,-0.041853582,0,0,0,1,0.0,0.052923366
staker_00513,staker,small_persistent_staker,7.238585441,False,22,0.0,0.058888833,0,0,0,1,0.0,0.163416078
staker_00514,staker,small_persistent_staker,8.43508068,False,22,0.0,-0.032493718,0,0,0,1,0.0,0.0
staker_00515,staker,small_persistent_staker,34.786591676,False,22,0.0,0.372863069,0,0,0,1,0.0,1.174554725
staker_00516,staker,small_persistent_staker,12.604342022,False,22,0.0,0.004208985,0,0,0,1,0.0,0.773302381
staker_00517,staker,staker_whale,101.011508068,False,22,0.0,1.011508068,0,0,0,1,0.0,7.832857285
staker_00518,staker,small_persistent_staker,11.824142941,False,22,0.0,0.126738091,0,0,0,1,0.0,0.399237243
staker_00519,staker,small_persistent_staker,14.74205596,False,23,0.0,0.044749236,0,0,0,1,0.0,0.902364013
staker_00520,staker,small_persistent_staker,6.945441602,False,23,0.0,0.093287676,0,0,0,1,0.0,0.233958285
staker_00521,staker,small_persistent_staker,4.884956843,False,23,0.0,0.067060406,0,0,0,1,0.0,0.28359317
staker_00522,staker,small_persistent_staker,2.857260033,False,23,0.0,0.005588306,0,0,0,1,0.0,0.175082822
staker_00523,staker,small_persistent_staker,10.631434911,False,23,0.0,0.102055894,0,0,0,1,0.0,0.23975145
staker_00524,staker,small_persistent_staker,23.753578542,False,24,0.0,0.188053123,0,0,0,1,0.0,0.622439303
staker_00525,staker,small_persistent_staker,25.581272848,False,24,0.0,0.361561362,0,0,0,1,0.0,1.087128858
staker_00526,staker,small_persistent_staker,5.734854743,False,24,0.0,0.068580076,0,0,0,1,0.0,0.215608656
staker_00527,staker,small_persistent_staker,3.575570449,False,24,0.0,-0.019230894,0,0,0,1,0.0,0.017251521
staker_00528,staker,small_persistent_staker,7.800677836,False,24,0.0,0.160365058,0,0,0,1,0.0,0.413912228
staker_00529,staker,small_persistent_staker,10.398765865,False,24,0.0,-0.100460872,0,0,0,1,0.0,1.087291251
staker_00530,staker,staker_whale,361.392629868,False,24,0.0,2.314363748,0,0,0,1,0.0,21.146724515
staker_00531,staker,small_persistent_staker,35.512716804,False,24,0.0,0.314269987,0,0,0,1,0.0,2.072895879
staker_00532,staker,small_persistent_staker,8.084897263,False,25,0.0,0.070937038,0,0,0,1,0.0,0.767771962
staker_00533,staker,small_persistent_staker,6.87329737,False,25,0.0,0.044745254,0,0,0,1,0.0,0.402399725
staker_00534,staker,small_persistent_staker,3.846600245,False,26,0.0,-0.00154999,0,0,0,1,0.0,0.0
staker_00535,staker,small_persistent_staker,3.593262634,False,26,0.0,-0.022248523,0,0,0,1,0.0,0.0
staker_00536,staker,small_persistent_staker,12.485742611,False,26,0.0,0.202474347,0,0,0,1,0.0,0.420131651
staker_00537,staker,small_persistent_staker,8.314557523,False,26,0.0,-0.009327942,0,0,0,1,0.0,0.0
staker_00538,staker,small_persistent_staker,72.23613305,False,26,0.0,0.757128301,0,0,0,1,0.0,1.890352694
staker_00539,staker,small_persistent_staker,15.752526707,False,27,0.0,-0.085557226,0,0,0,1,0.0,0.0
staker_00540,staker,small_persistent_staker,11.43478916,False,27,0.0,0.140406305,0,0,0,1,0.0,0.386463901
staker_00541,staker,small_persistent_staker,9.915811532,False,27,0.0,0.09865069,0,0,0,1,0.0,0.259731853
staker_00542,staker,small_persistent_staker,8.36908966,False,27,0.0,0.172507539,0,0,0,1,0.0,0.483510834
staker_00543,staker,small_persistent_staker,52.733955053,False,27,0.0,0.765035174,0,0,0,1,0.0,1.778238948
staker_00544,staker,small_persistent_staker,21.694037953,False,27,0.0,0.407349544,0,0,0,1,0.0,1.155113472
staker_00545,staker,small_persistent_staker,10.502753385,False,27,0.0,0.17059171,0,0,0,1,0.0,0.353539237
staker_00546,staker,small_persistent_staker,1.944831199,False,28,0.0,0.004807584,0,0,0,1,0.0,0.023289565
staker_00547,staker,small_persistent_staker,20.881421234,False,28,0.0,0.234559106,0,0,0,1,0.0,0.546447453
staker_00548,staker,small_persistent_staker,25.5891375,False,28,0.0,0.063255841,0,0,0,1,0.0,0.306432709
staker_00549,staker,small_persistent_staker,2.429948216,False,28,0.0,0.006006784,0,0,0,1,0.0,0.029098895
staker_00550,staker,staker_whale,174.128504709,False,28,0.0,1.116735446,0,0,0,1,0.0,17.19661669
staker_00551,staker,small_persistent_staker,20.956005881,False,28,0.0,0.221020582,0,0,0,1,0.0,0.473317285
staker_00552,staker,small_persistent_staker,12.510557454,False,29,0.0,0.222931227,0,0,0,1,0.0,0.420752213
staker_00553,staker,small_persistent_staker,6.073343251,False,29,0.0,0.136392446,0,0,0,1,0.0,0.350468391
staker_00554,staker,small_persistent_staker,2.937722077,False,29,0.0,0.032694071,0,0,0,1,0.0,0.076913331
staker_00555,staker,small_persistent_staker,12.936310712,False,29,0.0,0.0,0,0,0,1,0.0,0.0
staker_00556,staker,small_persistent_staker,5.927501328,False,30,0.0,0.095805489,0,0,0,1,0.0,0.199804917
staker_00557,staker,small_persistent_staker,9.907598778,False,30,0.0,0.12053147,0,0,0,1,0.0,0.259272683
staker_00558,staker,small_persistent_staker,14.691219763,False,30,0.0,0.138030214,0,0,0,1,0.0,0.271618856
staker_00559,staker,small_persistent_staker,11.472776009,False,30,0.0,0.117124441,0,0,0,1,0.0,0.25946007
staker_00560,staker,small_persistent_staker,3.148716,False,30,0.0,0.061530849,0,0,0,1,0.0,0.144236219
staker_00561,staker,small_persistent_staker,10.6583515,False,31,0.0,0.120468396,0,0,0,1,0.0,0.240900668
staker_00562,staker,small_persistent_staker,16.031418963,False,31,0.0,0.408086278,0,0,0,1,0.0,0.849339382
staker_00563,staker,small_persistent_staker,5.565377555,False,31,0.0,-0.007168467,0,0,0,1,0.0,0.0
staker_00564,staker,small_persistent_staker,12.995902444,False,31,0.0,0.266182969,0,0,0,1,0.0,0.752286527
staker_00565,staker,small_persistent_staker,4.587030571,False,31,0.0,-0.018611208,0,0,0,1,0.0,0.478618187
staker_00566,staker,staker_whale,110.641554944,False,31,0.0,1.118423298,0,0,0,1,0.0,2.503747224
staker_00567,staker,small_persistent_staker,10.213261236,False,32,0.0,0.247231443,0,0,0,1,0.0,0.58936653
staker_00568,staker,small_persistent_staker,6.350176002,False,32,0.0,0.12220296,0,0,0,1,0.0,0.368307033
staker_00569,staker,small_persistent_staker,17.639662077,False,32,0.0,-0.010571446,0,0,0,1,0.0,0.0
staker_00570,staker,small_persistent_staker,9.262943563,False,32,0.0,0.042765895,0,0,0,1,0.0,0.110924758
staker_00571,staker,small_persistent_staker,11.192192814,False,32,0.0,0.154295787,0,0,0,1,0.0,0.252504896
staker_00572,staker,small_persistent_staker,7.683397157,False,33,0.0,0.154930419,0,0,0,1,0.0,0.25840626
staker_00573,staker,small_persistent_staker,4.853419256,False,33,0.0,0.025301143,0,0,0,1,0.0,0.058120224
staker_00574,staker,small_persistent_staker,25.161956707,False,33,0.0,0.371580805,0,0,0,1,0.0,1.466920556
staker_00575,staker,small_persistent_staker,8.985655081,False,33,0.0,0.132961277,0,0,0,1,0.0,0.202637166
staker_00576,staker,small_persistent_staker,6.078800759,False,33,0.0,0.101245282,0,0,0,1,0.0,0.228539714
staker_00577,staker,small_persistent_staker,14.773298605,False,33,0.0,0.077014021,0,0,0,1,0.0,0.17691186
staker_00578,staker,small_persistent_staker,7.38750915,False,33,0.0,0.000749279,0,0,0,1,0.0,0.035618528
staker_00579,staker,small_persistent_staker,12.085086379,False,34,0.0,0.032414598,0,0,0,1,0.0,0.058147734
staker_00580,staker,small_persistent_staker,11.844582441,False,34,0.0,0.131766057,0,0,0,1,0.0,0.69344544
staker_00581,staker,small_persistent_staker,36.962481005,False,35,0.0,26.758760289,1,0,0,1,0.0,1.256110525
staker_00582,staker,small_persistent_staker,17.015926761,False,35,0.0,0.007121241,0,0,0,1,0.0,0.08209896
staker_00583,staker,small_persistent_staker,8.836781146,False,35,0.0,0.100696195,0,0,0,1,0.0,0.200171555
staker_00584,staker,small_persistent_staker,2.577127964,False,35,0.0,0.053248223,0,0,0,1,0.0,0.086717551
staker_00585,staker,small_persistent_staker,6.731900064,False,35,0.0,0.191564181,0,0,0,1,0.0,0.356376058
staker_00586,staker,small_persistent_staker,13.183365663,False,35,0.0,0.351390004,0,0,0,1,0.0,0.699200925
staker_00587,staker,small_persistent_staker,5.787031656,False,35,0.0,0.018370172,0,0,0,1,0.0,0.027844466
staker_00588,staker,small_persistent_staker,18.781865061,False,35,0.0,0.25503286,0,0,0,1,0.0,0.424508784
staker_00589,staker,small_persistent_staker,12.948001031,False,36,0.0,0.246569292,0,0,0,1,0.0,0.752814229
staker_00590,staker,small_persistent_staker,9.980771379,False,36,0.0,0.034795645,0,0,0,1,0.0,0.048037571
staker_00591,staker,small_persistent_staker,11.916358959,False,36,0.0,0.081529729,0,0,0,1,0.0,0.142699697
staker_00592,staker,small_persistent_staker,7.19782769,False,36,0.0,0.192973669,0,0,0,1,0.0,0.381924361
staker_00593,staker,small_persistent_staker,3.927150557,False,36,0.0,0.054986852,0,0,0,1,0.0,0.327058827
staker_00594,staker,small_persistent_staker,6.276700637,False,36,0.0,0.089440955,0,0,0,1,0.0,0.164474804
staker_00595,staker,small_persistent_staker,28.976722898,False,37,0.0,0.179855481,0,0,0,1,0.0,5.418671793
staker_00596,staker,small_persistent_staker,4.341040481,False,37,0.0,0.090603729,0,0,0,1,0.0,0.146228627
staker_00597,staker,small_persistent_staker,1.835372691,False,37,0.0,0.004416868,0,0,0,1,0.0,0.008849163
staker_00598,staker,small_persistent_staker,10.580183302,False,37,0.0,0.157125425,0,0,0,1,0.0,0.239133906
staker_00599,staker,small_persistent_staker,7.066543425,False,37,0.0,0.152147251,0,0,0,1,0.0,0.300169812
staker_00600,staker,small_persistent_staker,6.194569369,False,37,0.0,0.105934869,0,0,0,1,0.0,0.209468512
staker_00601,staker,small_persistent_staker,5.095882587,False,37,0.0,0.127594527,0,0,0,1,0.0,0.271066426
staker_00602,staker,small_persistent_staker,10.534655186,False,37,0.0,0.043750957,0,0,0,1,0.0,0.05070342
staker_00603,staker,small_persistent_staker,6.514531482,False,38,0.0,0.0,0,0,0,1,0.0,0.0
staker_00604,staker,small_persistent_staker,4.427919222,False,38,0.0,0.029717988,0,0,0,1,0.0,0.272182372
staker_00605,staker,small_persistent_staker,17.52755422,False,38,0.0,0.535752239,0,0,0,1,0.0,0.927388626
staker_00606,staker,small_persistent_staker,27.330485768,False,38,0.0,0.382879847,0,0,0,1,0.0,0.618471314
staker_00607,staker,small_persistent_staker,11.097843933,False,38,0.0,0.242777755,0,0,0,1,0.0,0.471409786
staker_00608,staker,small_persistent_staker,5.922965013,False,39,0.0,-0.016374867,0,0,0,1,0.0,0.0
staker_00609,staker,small_persistent_staker,1.943850743,False,39,0.0,0.022951542,0,0,0,1,0.0,0.056547878
staker_00610,staker,small_persistent_staker,12.849896549,False,39,0.0,0.227571856,0,0,0,1,0.0,0.684554903
staker_00611,staker,small_persistent_staker,1.402273454,False,39,0.0,0.01471832,0,0,0,1,0.0,0.030068944
staker_00612,staker,small_persistent_staker,2.206494461,False,39,0.0,0.023030153,0,0,0,1,0.0,0.039365513
staker_00613,staker,small_persistent_staker,93.10365953,False,39,0.0,2.111651954,0,0,0,1,0.0,4.934829869
staker_00614,staker,small_persistent_staker,19.345064627,False,40,0.0,0.169670532,0,0,0,1,0.0,1.040272533
staker_00615,staker,small_persistent_staker,6.348809984,False,40,0.0,0.082338292,0,0,0,1,0.0,0.113012583
staker_00616,staker,small_persistent_staker,25.77332856,False,40,0.0,0.119202862,0,0,0,1,0.0,2.428725509
staker_00617,staker,small_persistent_staker,25.861830711,False,40,0.0,0.263161912,0,0,0,1,0.0,2.423475297
staker_00618,staker,small_persistent_staker,11.711645001,False,40,0.0,0.234322253,0,0,0,1,0.0,0.568353833
staker_00619,staker,small_persistent_staker,11.717231656,False,41,0.0,0.149845426,0,0,0,1,0.0,0.340861862
staker_00620,staker,small_persistent_staker,25.683974305,False,41,0.0,0.32292865,0,0,0,1,0.0,0.457686834
staker_00621,staker,small_persistent_staker,5.047535992,False,42,0.0,0.135904615,0,0,0,1,0.0,0.243538106
staker_00622,staker,small_persistent_staker,3.613778349,False,42,0.0,0.06102369,0,0,0,1,0.0,0.192988313
staker_00623,staker,small_persistent_staker,10.295165295,False,42,0.0,0.084582612,0,0,0,1,0.0,0.967909387
staker_00624,staker,small_persistent_staker,4.790512339,False,43,0.0,0.061514258,0,0,0,1,0.0,0.448488547
staker_00625,staker,small_persistent_staker,10.07128378,False,43,0.0,0.044820601,0,0,0,1,0.0,0.570433076
staker_00626,staker,small_persistent_staker,10.536225734,False,43,0.0,-0.017776749,0,0,0,1,0.0,0.0
staker_00627,staker,small_persistent_staker,22.734025291,False,43,0.0,0.604959783,0,0,0,1,0.0,1.097747045
staker_00628,staker,small_persistent_staker,6.284151195,False,44,0.0,0.10230506,0,0,0,1,0.0,0.182485742
staker_00629,staker,small_persistent_staker,9.03110722,False,44,0.0,0.257973084,0,0,0,1,0.0,0.435509953
staker_00630,staker,small_persistent_staker,23.904082915,False,44,0.0,0.217519519,0,0,0,1,0.0,1.752686173
staker_00631,staker,small_persistent_staker,4.101008694,False,44,0.0,0.0607712,0,0,0,1,0.0,0.383436301
staker_00632,staker,small_persistent_staker,29.748505694,False,44,0.0,0.590711253,0,0,0,1,0.0,1.122963743
staker_00633,staker,small_persistent_staker,21.871329846,False,44,0.0,0.521410371,0,0,0,1,0.0,1.059838169
staker_00634,staker,small_persistent_staker,12.457948361,False,44,0.0,0.229455606,0,0,0,1,0.0,0.665029452
staker_00635,staker,small_persistent_staker,63.351511699,False,44,0.0,1.257960694,0,0,0,1,0.0,2.391429386
staker_00636,staker,small_persistent_staker,14.9016899,False,44,0.0,0.261625284,0,0,0,1,0.0,0.432169128
staker_00637,staker,small_persistent_staker,16.86789782,False,45,0.0,0.289501409,0,0,0,1,0.0,1.227406883
staker_00638,staker,small_persistent_staker,6.005030153,False,45,0.0,0.07405172,0,0,0,1,0.0,0.082392056
staker_00639,staker,small_persistent_staker,9.692546362,False,45,0.0,0.103612855,0,0,0,1,0.0,0.5217737
staker_00640,staker,small_persistent_staker,10.094375074,False,45,0.0,0.250185833,0,0,0,1,0.0,0.535663225
staker_00641,staker,small_persistent_staker,3.297760558,False,45,0.0,0.040666713,0,0,0,1,0.0,0.045246945
staker_00642,staker,small_persistent_staker,11.420583142,False,45,0.0,0.182040751,0,0,0,1,0.0,0.203293153
staker_00643,staker,small_persistent_staker,25.759835742,False,45,0.0,0.468304975,0,0,0,1,0.0,0.845997298
staker_00644,staker,small_persistent_staker,1.934610293,False,46,0.0,0.043149869,0,0,0,1,0.0,0.072918267
staker_00645,staker,small_persistent_staker,3.9398035,False,46,0.0,0.03645999,0,0,0,1,0.0,0.322520347
staker_00646,staker,small_persistent_staker,2.930633336,False,46,0.0,0.046988929,0,0,0,1,0.0,0.085208018
staker_00647,staker,small_persistent_staker,15.438414408,False,46,0.0,0.237336036,0,0,0,1,0.0,1.059925311
staker_00648,staker,staker_whale,101.55250826,False,46,0.0,1.55250826,0,0,0,1,0.0,1.809659417
staker_00649,staker,small_persistent_staker,22.509211617,False,46,0.0,0.168989498,0,0,0,1,0.0,1.845898567
staker_00650,staker,small_persistent_staker,69.312407933,False,46,0.0,27.613943498,1,0,0,1,0.0,11.856706178
staker_00651,staker,small_persistent_staker,4.579433035,False,47,0.0,0.064691143,0,0,0,1,0.0,0.245866654
staker_00652,staker,small_persistent_staker,31.301592348,False,47,0.0,0.524094299,0,0,0,1,0.0,0.557186907
staker_00653,staker,small_persistent_staker,5.816915486,False,47,0.0,0.12662152,0,0,0,1,0.0,0.309885609
staker_00654,staker,small_persistent_staker,8.231815756,False,47,0.0,0.14782729,0,0,0,1,0.0,0.23896549
staker_00655,staker,small_persistent_staker,13.53259432,False,48,0.0,0.15991225,0,0,0,1,0.0,0.296470331
staker_00656,staker,small_persistent_staker,3.923761905,False,48,0.0,0.019438512,0,0,0,1,0.0,0.259195713
staker_00657,staker,small_persistent_staker,7.880186089,False,48,0.0,0.045841895,0,0,0,1,0.0,0.08457529
staker_00658,staker,staker_whale,287.934318257,False,48,0.0,19.62375648,1,0,0,1,0.0,37.151349466
staker_00659,staker,small_persistent_staker,9.768179546,False,48,0.0,0.085707136,0,0,0,1,0.0,0.214658943
staker_00660,staker,small_persistent_staker,11.032580134,False,48,0.0,0.106290398,0,0,0,1,0.0,0.11795424
staker_00661,staker,small_persistent_staker,4.811611602,False,48,0.0,0.035889218,0,0,0,1,0.0,0.068893782
staker_00662,staker,small_persistent_staker,3.511524329,False,49,0.0,0.043779439,0,0,0,1,0.0,0.09041738
staker_00663,staker,small_persistent_staker,6.558543873,False,49,0.0,0.073988467,0,0,0,1,0.0,0.169077174
staker_00664,staker,small_persistent_staker,11.474341102,False,50,0.0,0.016274262,0,0,0,1,0.0,0.458581999
staker_00665,staker,small_persistent_staker,9.271602109,False,50,0.0,-0.007463505,0,0,0,1,0.0,0.038465002
staker_00666,staker,small_persistent_staker,4.316045611,False,50,0.0,0.006321506,0,0,0,1,0.0,0.033417351
staker_00667,staker,small_persistent_staker,10.776187611,False,51,0.0,0.020935634,0,0,0,1,0.0,0.083435552
staker_00668,staker,small_persistent_staker,1.91097948,False,51,0.0,0.01729591,0,0,0,1,0.0,0.029274208
staker_00669,staker,small_persistent_staker,9.299752028,False,51,0.0,-0.08043722,0,0,0,1,0.0,0.399239593
staker_00670,staker,small_persistent_staker,39.778980529,False,51,0.0,13.480497762,1,0,0,1,0.0,0.2040146
staker_00671,staker,small_persistent_staker,9.695362301,False,51,0.0,0.084134729,0,0,0,1,0.0,0.148578718
staker_00672,staker,small_persistent_staker,1.936743609,False,51,0.0,-0.000204786,0,0,0,1,0.0,0.077558911
staker_00673,staker,small_persistent_staker,10.3324452,False,51,0.0,0.00700631,0,0,0,1,0.0,0.042823093
staker_00674,staker,small_persistent_staker,30.99634566,False,51,0.0,0.117884518,0,0,0,1,0.0,0.477346118
staker_00675,staker,small_persistent_staker,14.044436243,False,51,0.0,-0.032607544,0,0,0,1,0.0,1.127635723
staker_00676,staker,small_persistent_staker,2.749250972,False,52,0.0,-0.001389055,0,0,0,1,0.0,0.098324969
staker_00677,staker,small_persistent_staker,43.28031484,False,52,0.0,0.457618027,0,0,0,1,0.0,1.330796808
staker_00678,staker,small_persistent_staker,15.722152783,False,53,0.0,0.001544501,0,0,0,1,0.0,0.17716526
staker_00679,staker,small_persistent_staker,29.058672178,False,53,0.0,0.105055344,0,0,0,1,0.0,0.326296219
staker_00680,staker,small_persistent_staker,16.970841936,False,53,0.0,0.03923668,0,0,0,1,0.0,0.256048233
staker_00681,staker,small_persistent_staker,8.932005487,False,54,0.0,0.075739877,0,0,0,1,0.0,0.275524416
staker_00682,staker,small_persistent_staker,89.824226911,False,54,0.0,-0.855411553,0,0,0,1,0.0,6.866781987
staker_00683,staker,small_persistent_staker,4.128420104,False,54,0.0,0.045227383,0,0,0,1,0.0,0.127030889
staker_00684,staker,small_persistent_staker,6.017715854,False,54,0.0,0.001363905,0,0,0,1,0.0,0.021654739
staker_00685,staker,small_persistent_staker,24.138536582,False,55,0.0,-0.005969165,0,0,0,1,0.0,0.086944239
staker_00686,staker,small_persistent_staker,23.937200109,False,55,0.0,-0.005408915,0,0,0,1,0.0,1.32022863
staker_00687,staker,small_persistent_staker,11.137307519,False,55,0.0,0.002820599,0,0,0,1,0.0,0.805452807
staker_00688,staker,small_persistent_staker,14.342389042,False,55,0.0,0.158847169,0,0,0,1,0.0,0.507795971
staker_00689,staker,small_persistent_staker,7.861311528,False,55,0.0,0.016561842,0,0,0,1,0.0,0.088506984
staker_00690,staker,small_persistent_staker,17.342262227,False,55,0.0,-0.058918888,0,0,0,1,0.0,0.622993167
staker_00691,staker,small_persistent_staker,18.790559234,False,55,0.0,0.132164754,0,0,0,1,0.0,0.668003636
staker_00692,staker,small_persistent_staker,18.753062865,False,55,0.0,-0.063711966,0,0,0,1,0.0,0.673673934
staker_00693,staker,small_persistent_staker,22.835208485,False,55,0.0,0.22031787,0,0,0,1,0.0,0.703893124
staker_00694,staker,small_persistent_staker,15.793114733,False,56,0.0,0.084063708,0,0,0,1,0.0,0.56280587
staker_00695,staker,staker_whale,267.488840984,False,56,0.0,2.207129913,0,0,0,1,0.0,6.264595389
staker_00696,staker,small_persistent_staker,3.674553795,False,56,0.0,0.028244061,0,0,0,1,0.0,0.041167654
staker_00697,staker,small_persistent_staker,25.093502593,False,56,0.0,0.184419246,0,0,0,1,0.0,0.892414081
staker_00698,staker,small_persistent_staker,13.860102309,False,56,0.0,0.073774655,0,0,0,1,0.0,0.493920742
staker_00699,staker,small_persistent_staker,3.60708328,False,56,0.0,-0.014846892,0,0,0,1,0.0,0.219718559
staker_00700,staker,small_persistent_staker,8.588844098,False,56,0.0,0.122944797,0,0,0,1,0.0,0.263687439
staker_00701,staker,small_persistent_staker,26.917705308,False,56,0.0,0.278367074,0,0,0,1,0.0,0.829735699
staker_00702,staker,small_persistent_staker,6.308591676,False,57,0.0,0.062739477,0,0,0,1,0.0,0.194653446
staker_00703,staker,small_persistent_staker,6.550237214,False,57,0.0,0.039402221,0,0,0,1,0.0,0.0735518
staker_00704,staker,small_persistent_staker,8.601336662,False,57,0.0,0.092166317,0,0,0,1,0.0,0.305035185
staker_00705,staker,small_persistent_staker,18.822303969,False,58,0.0,0.085238783,0,0,0,1,0.0,0.284212259
staker_00706,staker,small_persistent_staker,19.510152123,False,58,0.0,0.073330606,0,0,0,1,0.0,1.073819477
staker_00707,staker,small_persistent_staker,17.633775756,False,58,0.0,0.100915146,0,0,0,1,0.0,0.26594634
staker_00708,staker,small_persistent_staker,12.099959177,False,58,0.0,0.196872377,0,0,0,1,0.0,0.371193351
staker_00709,staker,small_persistent_staker,7.306546006,False,58,0.0,-0.151963187,0,0,0,1,0.0,0.598471836
staker_00710,staker,small_persistent_staker,29.408610302,False,58,0.0,-0.029542487,0,0,0,1,0.0,0.0
staker_00711,staker,small_persistent_staker,6.876550724,False,58,0.0,-0.037651599,0,0,0,1,0.0,0.265426619
staker_00712,staker,small_persistent_staker,22.620205592,False,58,0.0,0.181078642,0,0,0,1,0.0,0.253648773
staker_00713,staker,small_persistent_staker,8.606231578,False,59,0.0,0.043631944,0,0,0,1,0.0,0.096827819
staker_00714,staker,small_persistent_staker,4.912196635,False,59,0.0,0.020501287,0,0,0,1,0.0,0.371451154
staker_00715,staker,small_persistent_staker,7.575211856,False,59,0.0,0.082097533,0,0,0,1,0.0,0.177231136
staker_00716,staker,small_persistent_staker,6.392334897,False,59,0.0,-0.053271649,0,0,0,1,0.0,0.247533444
staker_00717,staker,small_persistent_staker,6.621427196,False,59,0.0,-0.004092664,0,0,0,1,0.0,0.0
staker_00718,staker,small_persistent_staker,3.146216086,False,59,0.0,0.043045071,0,0,0,1,0.0,0.096808613
staker_00719,staker,small_persistent_staker,7.504996661,False,59,0.0,-0.072861626,0,0,0,1,0.0,0.575425084
staker_00720,staker,small_persistent_staker,18.5902022,False,60,0.0,0.10275929,0,0,0,1,0.0,0.280707578
staker_00721,staker,small_persistent_staker,2.271555815,False,60,0.0,0.021674671,0,0,0,1,0.0,0.080784593
staker_00722,staker,staker_whale,100.908243099,False,60,0.0,0.908243099,0,0,0,1,0.0,1.131521635
staker_00723,staker,small_persistent_staker,3.482892047,False,60,0.0,0.045326996,0,0,0,1,0.0,0.123429762
staker_00724,staker,small_persistent_staker,14.8098134,False,60,0.0,0.107412449,0,0,0,1,0.0,0.166360848
staker_00725,staker,small_persistent_staker,7.570913087,False,60,0.0,0.075451712,0,0,0,1,0.0,0.151484512
staker_00726,staker,small_persistent_staker,34.349281323,False,61,0.0,0.060637699,0,0,0,1,0.0,0.263199645
staker_00727,staker,small_persistent_staker,5.373719449,False,61,0.0,0.059083044,0,0,0,1,0.0,0.171016783
staker_00728,staker,small_persistent_staker,21.160879321,False,61,0.0,-0.009872101,0,0,0,1,0.0,0.0
staker_00729,staker,small_persistent_staker,10.002894809,False,61,0.0,0.0,0,0,0,1,0.0,0.0
staker_00730,staker,small_persistent_staker,17.368510953,False,62,0.0,-0.011069554,0,0,0,1,0.0,1.194358796
staker_00731,staker,small_persistent_staker,100.951281253,False,62,0.0,0.951281253,0,0,0,1,0.0,2.751795928
staker_00732,staker,small_persistent_staker,3.175380544,False,62,0.0,0.037737444,0,0,0,1,0.0,0.086341535
staker_00733,staker,small_persistent_staker,4.016961368,False,62,0.0,0.010278424,0,0,0,1,0.0,0.030769648
staker_00734,staker,small_persistent_staker,4.835595693,False,63,0.0,-0.025792276,0,0,0,1,0.0,0.168802212
staker_00735,staker,small_persistent_staker,18.716122213,False,63,0.0,0.164917269,0,0,0,1,0.0,0.371066738
staker_00736,staker,small_persistent_staker,5.670022249,False,63,0.0,0.082986717,0,0,0,1,0.0,0.153816772
staker_00737,staker,small_persistent_staker,11.665068058,False,63,0.0,-0.047967295,0,0,0,1,0.0,0.406712298
staker_00738,staker,small_persistent_staker,16.450206224,False,63,0.0,0.120692404,0,0,0,1,0.0,0.449568129
staker_00739,staker,small_persistent_staker,17.153279131,False,63,0.0,0.194172578,0,0,0,1,0.0,0.546231501
staker_00740,staker,small_persistent_staker,25.017825993,False,64,0.0,0.055668831,0,0,0,1,0.0,0.191865423
staker_00741,staker,small_persistent_staker,5.967636811,False,64,0.0,0.013278986,0,0,0,1,0.0,0.045766693
staker_00742,staker,small_persistent_staker,2.576124662,False,64,0.0,0.015591765,0,0,0,1,0.0,0.0196809
staker_00743,staker,small_persistent_staker,7.369799714,False,64,0.0,0.1050646,0,0,0,1,0.0,0.20008432
staker_00744,staker,small_persistent_staker,5.226700548,False,65,0.0,-0.033194481,0,0,0,1,0.0,0.0
staker_00745,staker,small_persistent_staker,7.099235645,False,65,0.0,-0.003618013,0,0,0,1,0.0,0.0
staker_00746,staker,small_persistent_staker,3.570302641,False,65,0.0,0.026610184,0,0,0,1,0.0,0.069825474
staker_00747,staker,small_persistent_staker,4.790316077,False,65,0.0,0.035703189,0,0,0,1,0.0,0.093685641
staker_00748,staker,small_persistent_staker,6.697409146,False,65,0.0,-0.036460574,0,0,0,1,0.0,0.0
staker_00749,staker,small_persistent_staker,26.903521249,False,65,0.0,-0.11395226,0,0,0,1,0.0,0.0
staker_00750,staker,small_persistent_staker,5.038234656,False,66,0.0,-0.031368571,0,0,0,1,0.0,0.123497764
staker_00751,staker,small_persistent_staker,36.899645881,False,66,0.0,-0.125379994,0,0,0,1,0.0,0.901945914
staker_00752,staker,small_persistent_staker,6.716927153,False,66,0.0,-0.039215665,0,0,0,1,0.0,0.0
staker_00753,staker,staker_whale,144.676171927,False,66,0.0,-0.674024369,0,0,0,1,0.0,6.333580862
staker_00754,staker,small_persistent_staker,4.110646043,False,66,0.0,-0.14284889,0,0,0,1,0.0,0.290763406
staker_00755,staker,small_persistent_staker,4.623955031,False,66,0.0,-0.06931153,0,0,0,1,0.0,0.300653552
staker_00756,staker,small_persistent_staker,14.303858157,False,66,0.0,-0.139813179,0,0,0,1,0.0,0.38792556
staker_00757,staker,small_persistent_staker,10.072924686,False,66,0.0,-0.026975361,0,0,0,1,0.0,0.038704949
staker_00758,staker,staker_whale,270.222531018,False,66,0.0,-1.503678405,0,0,0,1,0.0,10.685849716
staker_00759,staker,small_persistent_staker,10.17987492,False,66,0.0,-0.021793241,0,0,0,1,0.0,0.0
staker_00760,staker,small_persistent_staker,4.049575411,False,67,0.0,-0.002836688,0,0,0,1,0.0,0.0
staker_00761,staker,small_persistent_staker,16.734123724,False,67,0.0,0.024877594,0,0,0,1,0.0,0.147290135
staker_00762,staker,staker_whale,101.922109828,False,67,0.0,-3.691687878,0,0,0,1,0.0,7.222339791
staker_00763,staker,small_persistent_staker,5.134914556,False,67,0.0,0.005001835,0,0,0,1,0.0,0.045219607
staker_00764,staker,small_persistent_staker,5.074436327,False,68,0.0,0.041882587,0,0,0,1,0.0,0.099319634
staker_00765,staker,small_persistent_staker,13.401985763,False,68,0.0,-0.063740837,0,0,0,1,0.0,0.0
staker_00766,staker,small_persistent_staker,9.122573314,False,68,0.0,-0.087986799,0,0,0,1,0.0,0.590669711
staker_00767,staker,small_persistent_staker,0.841474658,False,68,0.0,-0.006414933,0,0,0,1,0.0,0.020677212
staker_00768,staker,small_persistent_staker,15.07166907,False,68,0.0,-0.139258189,0,0,0,1,0.0,0.370944006
staker_00769,staker,small_persistent_staker,3.2113397,False,68,0.0,0.007018697,0,0,0,1,0.0,0.028265517
staker_00770,staker,small_persistent_staker,17.438882552,False,68,0.0,0.151334774,0,0,0,1,0.0,0.341177263
staker_00771,staker,small_persistent_staker,100.724005504,False,68,0.0,0.724005504,0,0,0,1,0.0,1.973543427
staker_00772,staker,small_persistent_staker,14.425053216,False,69,0.0,0.057029129,0,0,0,1,0.0,0.28375249
staker_00773,staker,small_persistent_staker,5.251827616,False,69,0.0,-0.011128891,0,0,0,1,0.0,0.020204248
staker_00774,staker,small_persistent_staker,34.185125482,False,69,0.0,0.135150138,0,0,0,1,0.0,0.672449129
staker_00775,staker,small_persistent_staker,18.169673895,False,69,0.0,0.121946194,0,0,0,1,0.0,0.356422542
staker_00776,staker,small_persistent_staker,7.640708257,False,69,0.0,0.032348575,0,0,0,1,0.0,0.185669107
staker_00777,staker,small_persistent_staker,12.752275582,False,69,0.0,-0.072121725,0,0,0,1,0.0,0.559801619
staker_00778,staker,small_persistent_staker,31.552631345,False,69,0.0,0.042722825,0,0,0,1,0.0,0.278140355
staker_00779,staker,small_persistent_staker,8.609525006,False,69,0.0,0.020365689,0,0,0,1,0.0,0.16962634
staker_00780,staker,small_persistent_staker,23.230120943,False,70,0.0,0.062419354,0,0,0,1,0.0,0.565583624
staker_00781,staker,small_persistent_staker,30.792014668,False,70,0.0,-0.085757478,0,0,0,1,0.0,0.0
staker_00782,staker,small_persistent_staker,4.88170721,False,70,0.0,-0.045019581,0,0,0,1,0.0,0.215139883
staker_00783,staker,small_persistent_staker,16.600987358,False,70,0.0,-0.105651794,0,0,0,1,0.0,0.44966454
staker_00784,staker,small_persistent_staker,14.251819604,False,70,0.0,-0.155373001,0,0,0,1,0.0,0.750082112
staker_00785,staker,small_persistent_staker,8.262074922,False,70,0.0,0.035118277,0,0,0,1,0.0,0.200841328
staker_00786,staker,small_persistent_staker,11.292215227,False,71,0.0,0.005352972,0,0,0,1,0.0,0.275709262
staker_00787,staker,small_persistent_staker,14.642729038,False,71,0.0,-0.024185765,0,0,0,1,0.0,0.0
staker_00788,staker,small_persistent_staker,5.95403755,False,71,0.0,-0.044984336,0,0,0,1,0.0,0.146540806
staker_00789,staker,staker_whale,100.664230587,False,72,0.0,0.664230587,0,0,0,1,0.0,1.978196817
staker_00790,staker,small_persistent_staker,3.883927065,False,72,0.0,0.029048599,0,0,0,1,0.0,0.094229344
staker_00791,staker,small_persistent_staker,32.967449887,False,72,0.0,-0.260892923,0,0,0,1,0.0,1.634407045
staker_00792,staker,small_persistent_staker,22.235478434,False,73,0.0,-0.007310703,0,0,0,1,0.0,0.0
staker_00793,staker,small_persistent_staker,13.78900144,False,73,0.0,-0.03707153,0,0,0,1,0.0,0.604709616
staker_00794,staker,small_persistent_staker,7.627577023,False,73,0.0,-0.051354307,0,0,0,1,0.0,0.207007421
staker_00795,staker,small_persistent_staker,5.062700254,False,73,0.0,-0.006413705,0,0,0,1,0.0,0.123945714
staker_00796,staker,small_persistent_staker,29.227994444,False,74,0.0,-0.269298847,0,0,0,1,0.0,0.795444831
staker_00797,staker,small_persistent_staker,40.042604162,False,74,0.0,0.44824018,0,0,0,1,0.0,0.783735674
staker_00798,staker,small_persistent_staker,1.283158844,False,74,0.0,-0.000733779,0,0,0,1,0.0,0.082580388
staker_00799,staker,small_persistent_staker,9.862184202,False,74,0.0,0.0563289,0,0,0,1,0.0,0.120472397
staker_00800,staker,small_persistent_staker,22.826433018,False,74,0.0,15.067983383,1,0,0,1,0.0,0.495988448
staker_00801,staker,small_persistent_staker,2.215196749,False,74,0.0,0.026503371,0,0,0,1,0.0,0.043323264
staker_00802,staker,small_persistent_staker,55.767045359,False,74,0.0,0.647856302,0,0,0,1,0.0,1.091035956
staker_00803,staker,staker_whale,99.087038785,False,74,0.0,-0.912961215,0,0,0,1,0.0,2.696670583
staker_00804,staker,small_persistent_staker,6.125155072,False,74,0.0,0.031310011,0,0,0,1,0.0,0.074867525
staker_00805,staker,small_persistent_staker,15.062728793,False,75,0.0,0.157849527,0,0,0,1,0.0,0.295132717
staker_00806,staker,small_persistent_staker,8.08591988,False,75,0.0,-0.004224808,0,0,0,1,0.0,0.0
staker_00807,staker,small_persistent_staker,9.431236508,False,75,0.0,0.039023522,0,0,0,1,0.0,0.229806764
staker_00808,staker,small_persistent_staker,8.956816076,False,75,0.0,0.0190087,0,0,0,1,0.0,0.218688459
staker_00809,staker,small_persistent_staker,42.898498541,False,75,0.0,0.385552177,0,0,0,1,0.0,1.040198154
staker_00810,staker,small_persistent_staker,16.806783974,False,75,0.0,0.060752823,0,0,0,1,0.0,0.409738496
staker_00811,staker,small_persistent_staker,17.284749411,False,75,0.0,0.19949322,0,0,0,1,0.0,0.338306536
staker_00812,staker,small_persistent_staker,6.027381325,False,75,0.0,0.039016952,0,0,0,1,0.0,0.073597479
staker_00813,staker,small_persistent_staker,12.744053833,False,76,0.0,0.0,0,0,0,1,0.0,0.0
staker_00814,staker,small_persistent_staker,15.156654125,False,76,0.0,-0.052111493,0,0,0,1,0.0,0.79401968
staker_00815,staker,small_persistent_staker,15.167537116,False,77,0.0,-0.014039655,0,0,0,1,0.0,0.371788345
staker_00816,staker,small_persistent_staker,6.302435697,False,77,0.0,0.051134042,0,0,0,1,0.0,0.123892029
staker_00817,staker,small_persistent_staker,16.666952046,False,77,0.0,-0.011190071,0,0,0,1,0.0,0.65935449
staker_00818,staker,staker_whale,115.370590269,False,77,0.0,1.521106215,0,0,0,1,0.0,2.256337062
staker_00819,staker,small_persistent_staker,13.664499245,False,78,0.0,0.060410567,0,0,0,1,0.0,0.333336417
staker_00820,staker,small_persistent_staker,27.092047094,False,78,0.0,-0.322690529,0,0,0,1,0.0,2.541059323
staker_00821,staker,small_persistent_staker,11.901040668,False,78,0.0,0.023143433,0,0,0,1,0.0,0.045784362
staker_00822,staker,small_persistent_staker,21.836826388,False,78,0.0,-0.677685047,0,0,0,1,0.0,1.54804841
staker_00823,staker,small_persistent_staker,3.058497799,False,79,0.0,0.003662349,0,0,0,1,0.0,0.062834285
staker_00824,staker,small_persistent_staker,21.316361656,False,79,0.0,0.102902008,0,0,0,1,0.0,0.337577701
staker_00825,staker,small_persistent_staker,62.294916821,False,79,0.0,-0.884444148,0,0,0,1,0.0,8.430419839
staker_00826,staker,staker_whale,99.682454739,False,80,0.0,-0.317545261,0,0,0,1,0.0,6.038969799
staker_00827,staker,small_persistent_staker,3.55399392,False,80,0.0,-0.028486568,0,0,0,1,0.0,0.073738925
staker_00828,staker,small_persistent_staker,83.627422696,False,81,0.0,-0.432000704,0,0,0,1,0.0,1.730888383
staker_00829,staker,small_persistent_staker,3.526561328,False,81,0.0,-0.026878001,0,0,0,1,0.0,0.073169748
staker_00830,staker,small_persistent_staker,12.663382193,False,81,0.0,0.074872022,0,0,0,1,0.0,0.200544329
staker_00831,staker,small_persistent_staker,9.508888071,False,81,0.0,0.052547586,0,0,0,1,0.0,0.150646536
staker_00832,staker,small_persistent_staker,28.279668974,False,81,0.0,-0.022906095,0,0,0,1,0.0,0.0
staker_00833,staker,small_persistent_staker,2.03795283,False,81,0.0,-0.000940445,0,0,0,1,0.0,0.0
staker_00834,staker,small_persistent_staker,11.604436287,False,81,0.0,0.092940564,0,0,0,1,0.0,0.183386688
staker_00835,staker,small_persistent_staker,3.341554937,False,82,0.0,0.015462055,0,0,0,1,0.0,0.016620324
staker_00836,staker,staker_whale,215.752445128,False,82,0.0,0.705524445,0,0,0,1,0.0,4.430127753
staker_00837,staker,small_persistent_staker,12.175004437,False,82,0.0,-0.020226289,0,0,0,1,0.0,0.486380158
staker_00838,staker,small_persistent_staker,30.944375146,False,82,0.0,0.127746182,0,0,0,1,0.0,0.491158365
staker_00839,staker,small_persistent_staker,6.321021437,False,82,0.0,-0.165676923,0,0,0,1,0.0,0.673508839
staker_00840,staker,small_persistent_staker,28.039342555,False,83,0.0,-0.031095614,0,0,0,1,0.0,0.578473512
staker_00841,staker,small_persistent_staker,20.338193497,False,83,0.0,-0.012172297,0,0,0,1,0.0,0.419378832
staker_00842,staker,small_persistent_staker,34.692173989,False,83,0.0,0.260725529,0,0,0,1,0.0,0.548962872
staker_00843,staker,small_persistent_staker,29.643403316,False,83,0.0,0.176496206,0,0,0,1,0.0,0.248599648
staker_00844,staker,small_persistent_staker,59.407060361,False,84,0.0,0.297829736,0,0,0,1,0.0,0.643730082
staker_00845,staker,small_persistent_staker,9.527032015,False,84,0.0,-0.144183532,0,0,0,1,0.0,0.416755106
staker_00846,staker,small_persistent_staker,7.837039083,False,84,0.0,0.011349272,0,0,0,1,0.0,0.026769958
staker_00847,staker,small_persistent_staker,79.032736904,False,84,0.0,-1.346948702,0,0,0,1,0.0,1.448940676
staker_00848,staker,small_persistent_staker,39.842715146,False,84,0.0,0.043479823,0,0,0,1,0.0,0.433434249
staker_00849,staker,small_persistent_staker,5.046800882,False,85,0.0,-0.123571081,0,0,0,1,0.0,0.285487273
staker_00850,staker,small_persistent_staker,22.295698051,False,85,0.0,-0.802570929,0,0,0,1,0.0,1.374613104
staker_00851,staker,small_persistent_staker,3.72974255,False,85,0.0,-0.051569269,0,0,0,1,0.0,0.086919509
staker_00852,staker,small_persistent_staker,28.052168692,False,85,0.0,0.170337195,0,0,0,1,0.0,0.303803428
staker_00853,staker,small_persistent_staker,12.622431025,False,85,0.0,-0.018433088,0,0,0,1,0.0,0.0
staker_00854,staker,small_persistent_staker,1.972392579,False,85,0.0,0.002136642,0,0,0,1,0.0,0.006743271
staker_00855,staker,small_persistent_staker,6.128119909,False,85,0.0,-0.031156894,0,0,0,1,0.0,0.095712507
staker_00856,staker,small_persistent_staker,44.884163559,False,86,0.0,0.271049357,0,0,0,1,0.0,0.486361151
staker_00857,staker,small_persistent_staker,13.498167371,False,86,0.0,-0.046951794,0,0,0,1,0.0,0.210594374
staker_00858,staker,small_persistent_staker,4.264769013,False,86,0.0,0.004257119,0,0,0,1,0.0,0.014589308
staker_00859,staker,small_persistent_staker,4.838784451,False,87,0.0,-0.084444953,0,0,0,1,0.0,0.088881651
staker_00860,staker,small_persistent_staker,13.215025783,False,87,0.0,-0.126073327,0,0,0,1,0.0,0.20752262
staker_00861,staker,small_persistent_staker,2.294449508,False,87,0.0,-0.061523128,0,0,0,1,0.0,0.140347975
staker_00862,staker,small_persistent_staker,14.81170799,False,87,0.0,0.083391397,0,0,0,1,0.0,0.229100978
staker_00863,staker,small_persistent_staker,4.871266813,False,87,0.0,-0.091480287,0,0,0,1,0.0,0.466289282
staker_00864,staker,small_persistent_staker,4.2241999,False,88,0.0,0.019092378,0,0,0,1,0.0,0.045886215
staker_00865,staker,small_persistent_staker,5.962098917,False,88,0.0,0.019864517,0,0,0,1,0.0,0.064841777
staker_00866,staker,small_persistent_staker,26.716921314,False,88,0.0,-0.150821988,0,0,0,1,0.0,1.485695852
staker_00867,staker,small_persistent_staker,19.114724972,False,88,0.0,0.063686426,0,0,0,1,0.0,0.207885302
staker_00868,staker,small_persistent_staker,11.08014981,False,89,0.0,-0.147435055,0,0,0,1,0.0,0.135778311
staker_00869,staker,small_persistent_staker,3.24883398,False,89,0.0,-0.001506746,0,0,0,1,0.0,0.0
staker_00870,staker,small_persistent_staker,32.059762338,False,89,0.0,-0.455882368,0,0,0,1,0.0,0.474217086
staker_00871,staker,small_persistent_staker,15.890952139,False,89,0.0,-0.023562961,0,0,0,1,0.0,0.0
staker_00872,staker,small_persistent_staker,4.666557754,False,89,0.0,-0.071639021,0,0,0,1,0.0,0.092516664
staker_00873,staker,small_persistent_staker,2.066708132,False,89,0.0,-0.019129906,0,0,0,1,0.0,0.056360102
staker_00874,staker,small_persistent_staker,2.051622284,False,89,0.0,-0.004005293,0,0,0,1,0.0,0.015332762
staker_00875,staker,small_persistent_staker,7.142215594,False,89,0.0,-0.079995451,0,0,0,1,0.0,0.225754256
staker_00876,staker,small_persistent_staker,6.882617293,False,90,0.0,-0.088470378,0,0,0,1,0.0,0.360516084
staker_00877,staker,small_persistent_staker,20.298385507,False,90,0.0,-0.428320781,0,0,0,1,0.0,1.652912663
staker_00878,staker,small_persistent_staker,19.61492505,False,90,0.0,-0.250009116,0,0,0,1,0.0,0.787296234
staker_00879,staker,small_persistent_staker,7.906424489,False,90,0.0,-0.291929495,0,0,0,1,0.0,0.459148702
staker_00880,staker,staker_whale,131.487627266,False,90,0.0,31.487627266,1,0,0,1,0.0,0.746237955
staker_00881,staker,small_persistent_staker,13.565689707,False,90,0.0,-0.284352343,0,0,0,1,0.0,1.313823838
staker_00882,staker,small_persistent_staker,5.68626921,False,90,0.0,0.006204361,0,0,0,1,0.0,0.0423868
staker_00883,staker,small_persistent_staker,16.046836923,False,90,0.0,-0.320913145,0,0,0,1,0.0,0.238822469
staker_00884,staker,small_persistent_staker,12.126363662,False,91,0.0,-0.108111073,0,0,0,1,0.0,0.148084951
staker_00885,staker,staker_whale,533.368829676,False,91,0.0,26.443164691,3,0,0,1,0.0,29.492349449
staker_00886,staker,small_persistent_staker,3.051010869,False,91,0.0,-0.037882575,0,0,0,1,0.0,0.037387681
staker_00887,staker,small_persistent_staker,16.952350801,False,91,0.0,0.055749869,0,0,0,1,0.0,0.126141169
staker_00888,staker,small_persistent_staker,40.110982243,False,91,0.0,0.273385428,0,0,0,1,0.0,0.297406624
staker_00889,staker,small_persistent_staker,33.310122264,False,91,0.0,-0.340312608,0,0,0,1,0.0,0.491198522
staker_00890,staker,small_persistent_staker,2.600480043,False,92,0.0,0.00676003,0,0,0,1,0.0,0.031413089
staker_00891,staker,small_persistent_staker,25.856143112,False,92,0.0,-0.115862986,0,0,0,1,0.0,0.314552429
staker_00892,staker,small_persistent_staker,33.486801297,False,92,0.0,-0.098881656,0,0,0,1,0.0,0.406763271
staker_00893,staker,small_persistent_staker,37.058592651,False,92,0.0,-0.44498751,0,0,0,1,0.0,0.547773537
staker_00894,staker,small_persistent_staker,12.223419329,False,92,0.0,-0.112703725,0,0,0,1,0.0,0.453263853
staker_00895,staker,small_persistent_staker,34.943997324,False,92,0.0,-0.274231845,0,0,0,1,0.0,0.426535382
staker_00896,staker,small_persistent_staker,9.174872118,False,92,0.0,-0.145321955,0,0,0,1,0.0,0.136129821
staker_00897,staker,small_persistent_staker,11.250382126,False,92,0.0,0.020074484,0,0,0,1,0.0,0.083890176
staker_00898,staker,staker_whale,98.264302221,False,92,0.0,-1.735697779,0,0,0,1,0.0,1.460589988
staker_00899,staker,small_persistent_staker,3.006820466,False,93,0.0,-0.048112382,0,0,0,1,0.0,0.059403761
staker_00900,staker,small_persistent_staker,8.155329822,False,93,0.0,-0.08850551,0,0,0,1,0.0,0.037977843
staker_00901,staker,small_persistent_staker,4.373593139,False,93,0.0,0.0,0,0,0,1,0.0,0.0
staker_00902,staker,small_persistent_staker,1.215913848,False,94,0.0,-0.01771506,0,0,0,1,0.0,0.035863079
staker_00903,staker,small_persistent_staker,7.761529598,False,94,0.0,-0.151323479,0,0,0,1,0.0,0.187301423
staker_00904,staker,small_persistent_staker,36.97204386,False,94,0.0,-0.273875374,0,0,0,1,0.0,0.0
staker_00905,staker,small_persistent_staker,13.362808023,False,95,0.0,-0.047705995,0,0,0,1,0.0,0.061834291
staker_00906,staker,small_persistent_staker,15.650976799,False,95,0.0,-0.100688065,0,0,0,1,0.0,0.0
staker_00907,staker,small_persistent_staker,24.939713343,False,95,0.0,-0.427557645,0,0,0,1,0.0,0.179835142
staker_00908,staker,small_persistent_staker,16.351147218,False,95,0.0,-0.334997479,0,0,0,1,0.0,0.118292393
staker_00909,staker,small_persistent_staker,8.2838139,False,95,0.0,-0.079145493,0,0,0,1,0.0,0.038560615
staker_00910,staker,small_persistent_staker,5.557750265,False,95,0.0,-0.039528993,0,0,0,1,0.0,0.025808392
staker_00911,staker,small_persistent_staker,31.744142343,False,95,0.0,-0.507377587,0,0,0,1,0.0,0.148707937
staker_00912,staker,small_persistent_staker,12.637615925,False,95,0.0,-0.030320833,0,0,0,1,0.0,0.058410356
staker_00913,staker,small_persistent_staker,6.79949642,False,95,0.0,-0.135365424,0,0,0,1,0.0,0.049163028
staker_00914,staker,small_persistent_staker,2.869100662,False,95,0.0,-0.062392987,0,0,0,1,0.0,0.020782116
staker_00915,staker,small_persistent_staker,7.178985153,False,96,0.0,-0.043973456,0,0,0,1,0.0,0.033318463
staker_00916,staker,small_persistent_staker,5.031071067,False,96,0.0,-0.017853475,0,0,0,1,0.0,0.0
staker_00917,staker,small_persistent_staker,20.138215198,False,96,0.0,-0.361253091,0,0,0,1,0.0,0.65610541
staker_00918,staker,small_persistent_staker,26.268749904,False,96,0.0,-0.487404354,0,0,0,1,0.0,0.189762493
staker_00919,staker,small_persistent_staker,27.403925819,False,96,0.0,-0.029445472,0,0,0,1,0.0,0.0
staker_00920,staker,small_persistent_staker,9.034553522,False,97,0.0,-0.119703564,0,0,0,1,0.0,0.26647193
staker_00921,staker,small_persistent_staker,3.684185724,False,97,0.0,-0.018885711,0,0,0,1,0.0,0.0
staker_00922,staker,small_persistent_staker,8.563411964,False,97,0.0,-0.052212317,0,0,0,1,0.0,0.0
staker_00923,staker,small_persistent_staker,2.942761549,False,97,0.0,-0.041138293,0,0,0,1,0.0,0.013771491
staker_00924,staker,small_persistent_staker,11.319540032,False,98,0.0,-0.151913099,0,0,0,1,0.0,0.052973012
staker_00925,staker,small_persistent_staker,6.280676169,False,98,0.0,-0.070234733,0,0,0,1,0.0,0.029327312
staker_00926,staker,small_persistent_staker,7.932069473,False,98,0.0,-0.139675958,0,0,0,1,0.0,0.191416896
staker_00927,staker,small_persistent_staker,4.494448849,False,98,0.0,-0.069454289,0,0,0,1,0.0,0.021075246
staker_00928,staker,small_persistent_staker,20.010935701,False,99,0.0,-0.306037993,0,0,0,1,0.0,0.316949084
staker_00929,staker,staker_whale,211.637225971,False,99,0.0,-5.927209601,0,0,0,1,0.0,9.593591462
staker_00930,staker,small_persistent_staker,11.141360171,False,99,0.0,-0.109370425,0,0,0,1,0.0,0.051977714
staker_00931,staker,small_persistent_staker,15.892234302,False,99,0.0,-0.240854861,0,0,0,1,0.0,0.517148385
staker_00932,staker,small_persistent_staker,5.349768454,False,99,0.0,-0.073002322,0,0,0,1,0.0,0.128657254
staker_00933,staker,small_persistent_staker,45.415914471,False,99,0.0,-0.161755607,0,0,0,1,0.0,0.210566158
staker_00934,staker,small_persistent_staker,20.169504036,False,99,0.0,-0.766351955,0,0,0,1,0.0,1.012649821
staker_00935,staker,small_persistent_staker,6.835672023,False,100,0.0,-0.057442646,0,0,0,1,0.0,0.031868093
staker_00936,staker,small_persistent_staker,13.190675737,False,100,0.0,0.003518763,0,0,0,1,0.0,0.060966567
staker_00937,staker,small_persistent_staker,14.330587665,False,100,0.0,0.0,0,0,0,1,0.0,0.0
staker_00938,staker,small_persistent_staker,2.577325616,False,100,0.0,-0.037212506,0,0,0,1,0.0,0.018584565
staker_00939,staker,small_persistent_staker,34.236758963,False,100,0.0,-0.044782671,0,0,0,1,0.0,0.0
staker_00940,staker,small_persistent_staker,2.645024818,False,101,0.0,-0.031739667,0,0,0,1,0.0,0.012383315
staker_00941,staker,small_persistent_staker,12.239173677,False,101,0.0,-0.110219497,0,0,0,1,0.0,0.293392473
staker_00942,staker,small_persistent_staker,14.623251196,False,101,0.0,-0.054306713,0,0,0,1,0.0,0.0
staker_00943,staker,small_persistent_staker,53.839561604,False,101,0.0,-0.755758661,0,0,0,1,0.0,1.592992871
staker_00944,staker,small_persistent_staker,5.722502264,False,101,0.0,-0.006461238,0,0,0,1,0.0,0.0
staker_00945,staker,small_persistent_staker,6.064898428,False,101,0.0,-0.065901718,0,0,0,1,0.0,0.270707816
staker_00946,staker,small_persistent_staker,15.866971448,False,101,0.0,-0.161679174,0,0,0,1,0.0,0.380802958
staker_00947,staker,small_persistent_staker,5.558091298,False,101,0.0,-0.083858597,0,0,0,1,0.0,0.026100931
staker_00948,staker,small_persistent_staker,12.469844133,False,101,0.0,-0.277648687,0,0,0,1,0.0,0.090670999
staker_00949,staker,small_persistent_staker,11.436046501,False,102,0.0,-0.172108976,0,0,0,1,0.0,0.372848729
staker_00950,staker,small_persistent_staker,4.268850355,False,102,0.0,0.004103988,0,0,0,1,0.0,0.019742469
staker_00951,staker,small_persistent_staker,16.045816118,False,102,0.0,-0.488217384,0,0,0,1,0.0,0.801344374
staker_00952,staker,small_persistent_staker,42.04976034,False,102,0.0,0.000541997,0,0,0,1,0.0,0.194655281
staker_00953,staker,small_persistent_staker,3.648065179,False,103,0.0,-0.003896771,0,0,0,1,0.0,0.016913874
staker_00954,staker,small_persistent_staker,2.230742723,False,103,0.0,-0.000461939,0,0,0,1,0.0,0.01033371
staker_00955,staker,small_persistent_staker,3.296849732,False,103,0.0,-0.028631638,0,0,0,1,0.0,0.015401796
staker_00956,staker,small_persistent_staker,8.864712341,False,103,0.0,-0.096256665,0,0,0,1,0.0,0.041502268
staker_00957,staker,small_persistent_staker,2.665588349,False,103,0.0,-0.031548939,0,0,0,1,0.0,0.064149974
staker_00958,staker,small_persistent_staker,35.526611786,False,103,0.0,-0.567459993,0,0,0,1,0.0,1.595546978
staker_00959,staker,small_persistent_staker,11.866761954,False,104,0.0,-0.019457129,0,0,0,1,0.0,0.0
staker_00960,staker,small_persistent_staker,16.015087455,False,104,0.0,-0.17716694,0,0,0,1,0.0,0.115340451
staker_00961,staker,small_persistent_staker,1.462474029,False,104,0.0,-0.026180706,0,0,0,1,0.0,0.065827646
staker_00962,staker,small_persistent_staker,13.706216205,False,104,0.0,-0.15902998,0,0,0,1,0.0,0.064236972
staker_00963,staker,staker_whale,114.695240311,False,104,0.0,-1.637853688,0,0,0,1,0.0,3.399322731
staker_00964,staker,small_persistent_staker,13.723279484,False,104,0.0,-0.005333214,0,0,0,1,0.0,0.0
staker_00965,staker,small_persistent_staker,15.617408345,False,105,0.0,-0.036062934,0,0,0,1,0.0,0.072549911
staker_00966,staker,small_persistent_staker,16.085712909,False,105,0.0,-0.196538443,0,0,0,1,0.0,0.387540643
staker_00967,staker,small_persistent_staker,30.820933102,False,105,0.0,-0.299486873,0,0,0,1,0.0,0.144235337
staker_00968,staker,small_persistent_staker,34.695578826,False,105,0.0,-0.407412336,0,0,0,1,0.0,0.162693555
staker_00969,staker,small_persistent_staker,13.566340826,False,106,0.0,-0.173388806,0,0,0,1,0.0,0.40174883
staker_00970,staker,small_persistent_staker,8.736618724,False,106,0.0,-0.111661052,0,0,0,1,0.0,0.258723144
staker_00971,staker,small_persistent_staker,8.727536054,False,106,0.0,-0.000717817,0,0,0,1,0.0,0.040464312
staker_00972,staker,staker_whale,142.621249536,False,106,0.0,-1.294962766,0,0,0,1,0.0,6.368122004
staker_00973,staker,small_persistent_staker,7.98123143,False,106,0.0,-0.270381852,0,0,0,1,0.0,0.400512222
staker_00974,staker,small_persistent_staker,15.603101526,False,107,0.0,-0.007352909,0,0,0,1,0.0,0.072415718
staker_00975,staker,staker_whale,125.066328195,False,107,0.0,14.844190535,1,0,0,1,0.0,19.0116965
staker_00976,staker,small_persistent_staker,16.648848018,False,107,0.0,-0.130077735,0,0,0,1,0.0,0.077836168
staker_00977,staker,small_persistent_staker,51.328102063,False,108,0.0,-0.593261945,0,0,0,1,0.0,1.894422297
staker_00978,staker,small_persistent_staker,11.310069645,False,108,0.0,-0.011958208,0,0,0,1,0.0,0.052540379
staker_00979,staker,small_persistent_staker,7.206312079,False,109,0.0,-0.059490842,0,0,0,1,0.0,0.033738071
staker_00980,staker,small_persistent_staker,14.047844156,False,109,0.0,-0.048385199,0,0,0,1,0.0,0.065454513
staker_00981,staker,small_persistent_staker,15.675786583,False,109,0.0,0.037128449,0,0,0,1,0.0,0.072616635
staker_00982,staker,small_persistent_staker,49.761766091,False,109,0.0,17.834617332,1,0,0,1,0.0,0.523779505
staker_00983,staker,small_persistent_staker,10.126120689,False,110,0.0,-0.022924378,0,0,0,1,0.0,0.0
staker_00984,staker,small_persistent_staker,21.110873852,False,110,0.0,-0.345882298,0,0,0,1,0.0,0.526318118
staker_00985,staker,small_persistent_staker,8.346772062,False,110,0.0,-0.135061693,0,0,0,1,0.0,0.162119342
staker_00986,staker,small_persistent_staker,4.85583874,False,110,0.0,-0.071425035,0,0,0,1,0.0,0.012240916
staker_00987,staker,small_persistent_staker,9.109408481,False,110,0.0,-0.109742935,0,0,0,1,0.0,0.176212221
staker_00988,staker,small_persistent_staker,16.137816693,False,110,0.0,-0.342985722,0,0,0,1,0.0,0.04094364
staker_00989,staker,small_persistent_staker,4.826778705,False,110,0.0,-0.053699596,0,0,0,1,0.0,0.093284065
staker_00990,staker,small_persistent_staker,2.925925864,False,110,0.0,-0.014881241,0,0,0,1,0.0,0.0
staker_00991,staker,small_persistent_staker,20.993208083,False,111,0.0,-0.212876573,0,0,0,1,0.0,0.0
staker_00992,staker,small_persistent_staker,16.317759168,False,111,0.0,-0.165466309,0,0,0,1,0.0,0.0
staker_00993,staker,small_persistent_staker,2.231258438,False,111,0.0,-0.023523363,0,0,0,1,0.0,0.0
staker_00994,staker,small_persistent_staker,6.267009676,False,111,0.0,-0.055232864,0,0,0,1,0.0,0.120915527
staker_00995,staker,small_persistent_staker,13.217304933,False,111,0.0,-0.215726987,0,0,0,1,0.0,0.033392428
staker_00996,staker,small_persistent_staker,9.20392357,False,111,0.0,-0.166289698,0,0,0,1,0.0,0.257342567
staker_00997,staker,small_persistent_staker,19.189009671,False,111,0.0,-0.236356028,0,0,0,1,0.0,0.0
staker_00998,staker,small_persistent_staker,12.008166131,False,111,0.0,0.0,0,0,0,1,0.0,0.0
staker_00999,staker,small_persistent_staker,14.594029473,False,111,0.0,-0.63008946,0,0,0,1,0.0,0.666740112
staker_01000,staker,staker_whale,97.955993198,False,112,0.0,-2.044006802,0,0,0,1,0.0,10.66817223
staker_01001,staker,small_persistent_staker,14.441395158,False,112,0.0,-0.056515246,0,0,0,1,0.0,0.0
staker_01002,staker,staker_whale,170.963327062,False,112,0.0,-2.31343758,0,0,0,1,0.0,4.761497939
staker_01003,staker,small_persistent_staker,46.320007639,False,112,0.0,-0.443726806,0,0,0,1,0.0,0.0
staker_01004,staker,small_persistent_staker,19.013635373,False,112,0.0,-0.267554268,0,0,0,1,0.0,0.0
staker_01005,staker,small_persistent_staker,21.976414706,False,112,0.0,-0.212539608,0,0,0,1,0.0,0.330715003
staker_01006,staker,small_persistent_staker,3.553317373,False,112,0.0,-0.010572275,0,0,0,1,0.0,0.0
staker_01007,staker,small_persistent_staker,9.224226083,False,112,0.0,-0.055003028,0,0,0,1,0.0,0.0
staker_01008,staker,small_persistent_staker,7.522662291,False,113,0.0,-0.088266568,0,0,0,1,0.0,0.113481674
staker_01009,staker,small_persistent_staker,10.25532941,False,113,0.0,-0.057089958,0,0,0,1,0.0,0.0
staker_01010,staker,staker_whale,98.877046021,False,113,0.0,-1.122953979,0,0,0,1,0.0,0.0
staker_01011,staker,small_persistent_staker,2.91983675,False,114,0.0,-0.009454245,0,0,0,1,0.0,0.0
staker_01012,staker,small_persistent_staker,10.105624069,False,114,0.0,-0.335482582,0,0,0,1,0.0,0.458022892
staker_01013,staker,small_persistent_staker,44.070916242,False,114,0.0,-0.516549212,0,0,0,1,0.0,0.0
staker_01014,staker,small_persistent_staker,14.197346134,False,114,0.0,-0.245775613,0,0,0,1,0.0,0.035962614
staker_01015,staker,small_persistent_staker,22.827295425,False,115,0.0,-0.364836789,0,0,0,1,0.0,0.918446853
staker_01016,staker,small_persistent_staker,6.074037981,False,115,0.0,-0.096484372,0,0,0,1,0.0,0.169830672
staker_01017,staker,small_persistent_staker,13.570524137,False,115,0.0,-0.144908682,0,0,0,1,0.0,0.034167681
staker_01018,staker,small_persistent_staker,6.373997325,False,115,0.0,-0.084323449,0,0,0,1,0.0,0.0
staker_01019,staker,small_persistent_staker,2.039778819,False,115,0.0,-0.029912215,0,0,0,1,0.0,0.005155983
staker_01020,staker,staker_whale,110.676810593,False,115,0.0,-1.42112406,0,0,0,1,0.0,0.0
staker_01021,staker,small_persistent_staker,14.593769152,False,116,0.0,-0.186366411,0,0,0,1,0.0,0.406940149
staker_01022,staker,small_persistent_staker,23.946860397,False,116,0.0,-0.046771429,0,0,0,1,0.0,0.0
staker_01023,staker,small_persistent_staker,15.839338503,False,116,0.0,-0.211977755,0,0,0,1,0.0,0.040001342
staker_01024,staker,small_persistent_staker,8.945371095,False,116,0.0,-0.247547086,0,0,0,1,0.0,0.403615447
staker_01025,staker,small_persistent_staker,1.400680223,False,117,0.0,-0.005252113,0,0,0,1,0.0,0.0
staker_01026,staker,small_persistent_staker,44.467584391,False,117,0.0,-0.490549137,0,0,0,1,0.0,0.495733403
staker_01027,staker,staker_whale,98.854890439,False,117,0.0,-1.145109561,0,0,0,1,0.0,2.462197568
staker_01028,staker,small_persistent_staker,40.199347549,False,117,0.0,-0.282384161,0,0,0,1,0.0,1.604771444
staker_01029,staker,small_persistent_staker,18.296959793,False,117,0.0,-0.22604731,0,0,0,1,0.0,0.355381825
staker_01030,staker,small_persistent_staker,15.835779796,False,117,0.0,-0.275661231,0,0,0,1,0.0,0.040177335
staker_01031,staker,small_persistent_staker,6.886032124,False,117,0.0,-0.265656098,0,0,0,1,0.0,0.314199715
staker_01032,staker,small_persistent_staker,19.408860235,False,117,0.0,-0.614034546,0,0,0,1,0.0,0.879678706
staker_01033,staker,small_persistent_staker,95.641696453,False,118,0.0,-0.284887938,0,0,0,1,0.0,0.0
staker_01034,staker,small_persistent_staker,2.753333832,False,118,0.0,-0.039717345,0,0,0,1,0.0,0.006967616
staker_01035,staker,small_persistent_staker,18.157575829,False,118,0.0,-0.155040761,0,0,0,1,0.0,0.351473584
staker_01036,staker,small_persistent_staker,3.811070483,False,118,0.0,-0.011352036,0,0,0,1,0.0,0.0
staker_01037,staker,small_persistent_staker,25.725832044,False,118,0.0,-0.455084528,0,0,0,1,0.0,0.065311575
staker_01038,staker,small_persistent_staker,26.822392616,False,118,0.0,-0.22351111,0,0,0,1,0.0,0.0
staker_01039,staker,small_persistent_staker,17.413506961,False,119,0.0,-0.18954196,0,0,0,1,0.0,0.0
staker_01040,staker,small_persistent_staker,5.303933093,False,119,0.0,-0.062555968,0,0,0,1,0.0,0.013394779
staker_01041,staker,small_persistent_staker,10.007196086,False,119,0.0,-0.093241523,0,0,0,1,0.0,0.278531112
staker_01042,staker,small_persistent_staker,3.748275254,False,120,0.0,-0.029279262,0,0,0,1,0.0,0.0
staker_01043,staker,staker_whale,125.38952822,False,120,0.0,-3.870517478,0,0,0,1,0.0,5.686251931
staker_01044,staker,staker_whale,292.234432952,False,120,0.0,-3.068003375,0,0,0,1,0.0,0.0
staker_01045,staker,small_persistent_staker,3.678222267,False,120,0.0,-0.038615567,0,0,0,1,0.0,0.0
staker_01046,staker,small_persistent_staker,3.382871921,False,120,0.0,-0.003201279,0,0,0,1,0.0,0.0
staker_01047,staker,small_persistent_staker,4.614530601,False,120,0.0,-0.080379566,0,0,0,1,0.0,0.011722996
staker_01048,staker,small_persistent_staker,22.931706828,False,120,0.0,-0.035810817,0,0,0,1,0.0,0.0
staker_01049,staker,small_persistent_staker,4.005685007,False,120,0.0,-0.0766501,0,0,0,1,0.0,0.276698928
staker_01050,staker,small_persistent_staker,4.570832796,False,121,0.0,-0.007403742,0,0,0,1,0.0,0.0
staker_01051,staker,small_persistent_staker,10.196094949,False,121,0.0,-0.073128158,0,0,0,1,0.0,0.197364344
staker_01052,staker,small_persistent_staker,10.234086978,False,122,0.0,-0.048031882,0,0,0,1,0.0,0.0
staker_01053,staker,small_persistent_staker,4.071771855,False,122,0.0,-0.006099244,0,0,0,1,0.0,0.0
staker_01054,staker,small_persistent_staker,79.492640299,False,122,0.0,-0.545207087,0,0,0,1,0.0,0.0
staker_01055,staker,small_persistent_staker,33.701881099,False,122,0.0,-0.158173833,0,0,0,1,0.0,0.0
staker_01056,staker,small_persistent_staker,9.784435831,False,123,0.0,-0.134315395,0,0,0,1,0.0,1.063949351
staker_01057,staker,small_persistent_staker,39.709424916,False,123,0.0,-0.498821837,0,0,0,1,0.0,0.100555108
staker_01058,staker,small_persistent_staker,13.602055175,False,123,0.0,-0.084877131,0,0,0,1,0.0,0.0
staker_01059,staker,small_persistent_staker,16.484910047,False,123,0.0,-0.140345456,0,0,0,1,0.0,0.45935192
staker_01060,staker,small_persistent_staker,32.326527785,False,124,0.0,-0.597228273,0,0,0,1,0.0,2.236113789
staker_01061,staker,small_persistent_staker,11.111098464,False,124,0.0,-0.083600169,0,0,0,1,0.0,0.309455094
staker_01062,staker,small_persistent_staker,22.932850445,False,124,0.0,-0.052215291,0,0,0,1,0.0,0.442465841
staker_01063,staker,small_persistent_staker,10.155172538,False,124,0.0,-0.02259796,0,0,0,1,0.0,0.0
staker_01064,staker,small_persistent_staker,9.527417966,False,124,0.0,-0.183073904,0,0,0,1,0.0,1.277795613
staker_01065,staker,small_persistent_staker,8.680030384,False,124,0.0,-0.003501254,0,0,0,1,0.0,0.0
staker_01066,staker,small_persistent_staker,4.270706031,False,125,0.0,-0.030370491,0,0,0,1,0.0,0.010765875
staker_01067,staker,small_persistent_staker,13.103924649,False,125,0.0,-0.112333825,0,0,0,1,0.0,0.254517511
staker_01068,staker,small_persistent_staker,5.438216539,False,125,0.0,-0.006090192,0,0,0,1,0.0,0.0
staker_01069,staker,small_persistent_staker,2.024180423,False,126,0.0,-0.006139586,0,0,0,1,0.0,0.0
staker_01070,staker,small_persistent_staker,5.540000025,False,126,0.0,-0.166893182,0,0,0,1,0.0,0.251804526
staker_01071,staker,small_persistent_staker,3.78973487,False,126,0.0,-0.079439537,0,0,0,1,0.0,0.170719092
staker_01072,staker,small_persistent_staker,11.209594209,False,126,0.0,-0.066265663,0,0,0,1,0.0,0.311997557
staker_01073,staker,small_persistent_staker,17.018922955,False,126,0.0,-0.14924047,0,0,0,1,0.0,0.042996901
staker_01074,staker,small_persistent_staker,6.87661171,False,126,0.0,-0.032970264,0,0,0,1,0.0,0.0
staker_01075,staker,small_persistent_staker,9.059423514,False,126,0.0,-0.075917679,0,0,0,1,0.0,0.022879055
staker_01076,staker,small_persistent_staker,10.086791457,False,127,0.0,-0.052439532,0,0,0,1,0.0,0.195479063
staker_01077,staker,small_persistent_staker,22.375204515,False,127,0.0,-0.118430652,0,0,0,1,0.0,0.0
staker_01078,staker,small_persistent_staker,6.480704134,False,127,0.0,-0.053143782,0,0,0,1,0.0,0.016372963
staker_01079,staker,small_persistent_staker,13.732927367,False,127,0.0,-0.249197896,0,0,0,1,0.0,1.375452202
staker_01080,staker,small_persistent_staker,4.135748299,False,127,0.0,-0.038140279,0,0,0,1,0.0,0.11555462
staker_01081,staker,small_persistent_staker,13.812804065,False,128,0.0,-0.103521023,0,0,0,1,0.0,0.034896907
staker_01082,staker,small_persistent_staker,3.029938389,False,128,0.0,-0.015508598,0,0,0,1,0.0,0.0
staker_01083,staker,small_persistent_staker,4.33907588,False,128,0.0,-0.034768306,0,0,0,1,0.0,0.010967955
staker_01084,staker,small_persistent_staker,2.712032922,False,128,0.0,-0.01840871,0,0,0,1,0.0,0.00684692
staker_01085,staker,small_persistent_staker,10.937744877,False,128,0.0,-0.014951444,0,0,0,1,0.0,0.0
staker_01086,staker,small_persistent_staker,5.724376067,False,128,0.0,-0.125056817,0,0,0,1,0.0,0.258420285
staker_01087,staker,small_persistent_staker,68.425729213,False,128,0.0,-0.434848945,0,0,0,1,0.0,0.172676419
staker_01088,staker,small_persistent_staker,3.068514617,False,129,0.0,-0.006940068,0,0,0,1,0.0,0.059357287
staker_01089,staker,small_persistent_staker,12.167933042,False,129,0.0,-0.09979723,0,0,0,1,0.0,0.030774567
staker_01090,staker,small_persistent_staker,21.832520149,False,129,0.0,-0.037883397,0,0,0,1,0.0,0.0
staker_01091,staker,small_persistent_staker,5.330902861,False,129,0.0,-0.012608192,0,0,0,1,0.0,0.213089382
staker_01092,staker,small_persistent_staker,3.557291551,False,129,0.0,-0.01305696,0,0,0,1,0.0,0.0089565
staker_01093,staker,staker_whale,204.10182242,False,130,0.0,19.865892783,1,0,0,1,0.0,3.803801651
staker_01094,staker,small_persistent_staker,23.421837618,False,130,0.0,-0.145430071,0,0,0,1,0.0,0.05915051
staker_01095,staker,small_persistent_staker,3.183961946,False,130,0.0,-0.005592693,0,0,0,1,0.0,0.0
staker_01096,staker,small_persistent_staker,7.832669159,False,130,0.0,-0.064762197,0,0,0,1,0.0,0.019821436
staker_01097,staker,small_persistent_staker,13.452827918,False,130,0.0,-0.094154417,0,0,0,1,0.0,0.540504336
staker_01098,staker,small_persistent_staker,23.55655928,False,131,0.0,-0.367007589,0,0,0,1,0.0,2.358281343
staker_01099,staker,small_persistent_staker,60.293569676,False,131,0.0,-0.300339298,0,0,0,1,0.0,0.152154428
staker_01100,staker,small_persistent_staker,12.082207205,False,131,0.0,-0.036594007,0,0,0,1,0.0,0.030430934
staker_01101,staker,small_persistent_staker,41.178192232,False,131,0.0,-0.132506452,0,0,0,1,0.0,0.0
staker_01102,staker,small_persistent_staker,3.711467311,False,131,0.0,-0.000266612,0,0,0,1,0.0,0.148163021
staker_01103,staker,small_persistent_staker,2.723218533,False,131,0.0,-0.021211743,0,0,0,1,0.0,0.006891406
staker_01104,staker,small_persistent_staker,5.362236012,False,131,0.0,-0.005536519,0,0,0,1,0.0,0.214267889
staker_01105,staker,small_persistent_staker,65.046592463,False,131,0.0,-0.174461235,0,0,0,1,0.0,0.163773427
staker_01106,staker,small_persistent_staker,4.735898363,False,131,0.0,-0.0715171,0,0,0,1,0.0,0.212675642
staker_01107,staker,small_persistent_staker,2.143460394,False,132,0.0,-0.062869766,0,0,0,1,0.0,0.097644899
staker_01108,staker,small_persistent_staker,19.232530523,False,132,0.0,-0.029660589,0,0,0,1,0.0,0.372281328
staker_01109,staker,small_persistent_staker,2.95716614,False,133,0.0,-0.032386056,0,0,0,1,0.0,0.00751254
staker_01110,staker,small_persistent_staker,3.050824948,False,133,0.0,-0.009138515,0,0,0,1,0.0,0.0
staker_01111,staker,small_persistent_staker,11.088426154,False,133,0.0,-0.049996573,0,0,0,1,0.0,0.357358844
staker_01112,staker,small_persistent_staker,10.430137852,False,133,0.0,-0.072497591,0,0,0,1,0.0,0.078747533
staker_01113,staker,small_persistent_staker,15.056142629,False,133,0.0,-0.067164874,0,0,0,1,0.0,0.0
staker_01114,staker,small_persistent_staker,3.538683921,False,133,0.0,-0.021086176,0,0,0,1,0.0,0.098830461
staker_01115,staker,staker_whale,140.235900263,False,133,0.0,-0.039768515,0,0,0,1,0.0,5.60364188
staker_01116,staker,small_persistent_staker,13.584928,False,133,0.0,-0.045699048,0,0,0,1,0.0,0.437317316
staker_01117,staker,small_persistent_staker,23.595556001,False,133,0.0,-0.13882903,0,0,0,1,0.0,0.059642886
staker_01118,staker,small_persistent_staker,47.237593551,False,134,0.0,13.96307636,1,0,0,1,0.0,1.329935437
staker_01119,staker,small_persistent_staker,2.648552363,False,134,0.0,0.002428138,0,0,0,1,0.0,0.051186878
staker_01120,staker,staker_whale,123.536928518,False,134,0.0,-1.52913027,0,0,0,1,0.0,15.86912634
staker_01121,staker,small_persistent_staker,1.90633973,False,134,0.0,-0.002822442,0,0,0,1,0.0,0.0
staker_01122,staker,small_persistent_staker,11.747362603,False,135,0.0,-0.025463756,0,0,0,1,0.0,0.02961352
staker_01123,staker,small_persistent_staker,26.980148935,False,135,0.0,-0.099021611,0,0,0,1,0.0,0.068115297
staker_01124,staker,small_persistent_staker,13.553453028,False,135,0.0,-0.020037695,0,0,0,1,0.0,0.0
staker_01125,staker,small_persistent_staker,9.168195238,False,135,0.0,-0.013554443,0,0,0,1,0.0,0.0
staker_01126,staker,small_persistent_staker,6.17553065,False,135,0.0,-0.057305581,0,0,0,1,0.0,0.015678157
staker_01127,staker,small_persistent_staker,4.461126382,False,135,0.0,-0.015079901,0,0,0,1,0.0,0.124396338
staker_01128,staker,small_persistent_staker,25.071097073,False,135,0.0,-0.032332198,0,0,0,1,0.0,0.063145491
staker_01129,staker,small_persistent_staker,18.895086287,False,136,0.0,-0.222708066,0,0,0,1,0.0,1.509731078
staker_01130,staker,small_persistent_staker,12.724020056,False,136,0.0,-0.083877414,0,0,0,1,0.0,0.032230603
staker_01131,staker,small_persistent_staker,21.377539627,False,136,0.0,-0.079307074,0,0,0,1,0.0,0.533129408
staker_01132,staker,small_persistent_staker,25.820706533,False,136,0.0,0.028925161,0,0,0,1,0.0,1.031761426
staker_01133,staker,small_persistent_staker,8.274636053,False,137,0.0,-0.031005406,0,0,0,1,0.0,0.332456246
staker_01134,staker,small_persistent_staker,98.011955935,False,137,0.0,-1.988044065,0,0,0,1,0.0,4.436131647
staker_01135,staker,staker_whale,231.918754605,False,137,0.0,0.942865714,0,0,0,1,0.0,4.474634629
staker_01136,staker,small_persistent_staker,3.145309655,False,137,0.0,-0.009754667,0,0,0,1,0.0,0.078440134
staker_01137,staker,small_persistent_staker,2.259482931,False,137,0.0,-0.005971952,0,0,0,1,0.0,0.005704392
staker_01138,staker,small_persistent_staker,4.519813456,False,137,0.0,-0.034345982,0,0,0,1,0.0,0.011467327
staker_01139,staker,small_persistent_staker,32.984556364,False,138,0.0,-0.017376229,0,0,0,1,0.0,0.0
staker_01140,staker,small_persistent_staker,9.197886447,False,138,0.0,-0.011291862,0,0,0,1,0.0,0.0
staker_01141,staker,small_persistent_staker,20.682550331,False,138,0.0,-0.041493693,0,0,0,1,0.0,0.829913362
staker_01142,staker,small_persistent_staker,1.770930292,False,138,0.0,0.008764842,0,0,0,1,0.0,0.034153447
staker_01143,staker,small_persistent_staker,8.632746963,False,138,0.0,0.038994205,0,0,0,1,0.0,0.166560003
staker_01144,staker,small_persistent_staker,9.513565359,False,139,0.0,0.032071005,0,0,0,1,0.0,0.183862594
staker_01145,staker,small_persistent_staker,4.626044519,False,139,0.0,-0.002449207,0,0,0,1,0.0,0.011665928
staker_01146,staker,small_persistent_staker,3.38919178,False,139,0.0,-0.016933472,0,0,0,1,0.0,0.008584999
staker_01147,staker,small_persistent_staker,45.404314976,False,139,0.0,0.244224884,0,0,0,1,0.0,1.809429955
staker_01148,staker,small_persistent_staker,23.583783009,False,139,0.0,-0.055752451,0,0,0,1,0.0,0.059582477
staker_01149,staker,small_persistent_staker,9.520399776,False,140,0.0,0.029112089,0,0,0,1,0.0,0.380553943
staker_01150,staker,small_persistent_staker,54.441260277,False,140,0.0,-0.149555786,0,0,0,1,0.0,0.13769029
staker_01151,staker,small_persistent_staker,14.31279804,False,140,0.0,-0.067975738,0,0,0,1,0.0,0.036271539
staker_01152,staker,small_persistent_staker,16.091789463,False,140,0.0,0.050861569,0,0,0,1,0.0,0.311279264
staker_01153,staker,small_persistent_staker,12.301794162,False,140,0.0,-0.066624094,0,0,0,1,0.0,0.031195927
staker_01154,staker,small_persistent_staker,8.395411612,False,140,0.0,-0.036039976,0,0,0,1,0.0,0.021266013
staker_01155,staker,small_persistent_staker,18.540893917,False,140,0.0,0.047121856,0,0,0,1,0.0,0.279518932
staker_01156,staker,small_persistent_staker,18.524194975,False,140,0.0,-0.55473104,0,0,0,1,0.0,0.847789671
staker_01157,staker,small_persistent_staker,6.914850123,False,140,0.0,-0.081708582,0,0,0,1,0.0,0.280527584
staker_01158,staker,small_persistent_staker,13.049058922,False,140,0.0,-0.009919084,0,0,0,1,0.0,0.0
staker_01159,staker,small_persistent_staker,12.726683057,False,140,0.0,0.016085589,0,0,0,1,0.0,0.316537995
staker_01160,staker,small_persistent_staker,10.344266001,False,141,0.0,-0.037674754,0,0,0,1,0.0,0.289410125
staker_01161,staker,small_persistent_staker,11.336487547,False,141,0.0,-0.138480059,0,0,0,1,0.0,1.13661267
staker_01162,staker,small_persistent_staker,9.490526571,False,141,0.0,-0.049822006,0,0,0,1,0.0,0.755409481
staker_01163,staker,small_persistent_staker,4.422295464,False,142,0.0,-0.001550391,0,0,0,1,0.0,0.11025286
staker_01164,staker,small_persistent_staker,11.942584784,False,142,0.0,-0.089072898,0,0,0,1,0.0,0.824378574
staker_01165,staker,small_persistent_staker,1.078674566,False,142,0.0,-0.002673776,0,0,0,1,0.0,0.008143992
staker_01166,staker,small_persistent_staker,27.580126868,False,142,0.0,0.0,0,0,0,1,0.0,0.0
staker_01167,staker,small_persistent_staker,8.029510926,False,142,0.0,-0.016207452,0,0,0,1,0.0,0.060594967
staker_01168,staker,small_persistent_staker,29.94575978,False,143,0.0,-0.22999392,0,0,0,1,0.0,0.0
staker_01169,staker,small_persistent_staker,2.330924311,False,143,0.0,0.004386943,0,0,0,1,0.0,0.0792852
staker_01170,staker,small_persistent_staker,100.382309655,False,143,0.0,0.382309655,0,0,0,1,0.0,3.750674419
staker_01171,staker,small_persistent_staker,14.414412854,False,143,0.0,0.0,0,0,0,1,0.0,0.0
staker_01172,staker,small_persistent_staker,10.717807545,False,143,0.0,-0.009839685,0,0,0,1,0.0,0.271398842
staker_01173,staker,small_persistent_staker,12.468253413,False,143,0.0,-0.112244014,0,0,0,1,0.0,0.0
staker_01174,staker,small_persistent_staker,2.53319302,False,143,0.0,-0.003114028,0,0,0,1,0.0,0.064166054
staker_01175,staker,small_persistent_staker,12.207832755,False,143,0.0,-0.055517832,0,0,0,1,0.0,0.061250312
staker_01176,staker,small_persistent_staker,6.89060413,False,144,0.0,-0.03212275,0,0,0,1,0.0,0.034588082
staker_01177,staker,small_persistent_staker,17.553067644,False,144,0.0,-0.04173205,0,0,0,1,0.0,0.0
staker_01178,staker,small_persistent_staker,50.450557033,False,144,0.0,0.0,0,0,0,1,0.0,0.0
staker_01179,staker,small_persistent_staker,2.240103868,False,144,0.0,-0.016424637,0,0,0,1,0.0,0.0
staker_01180,staker,small_persistent_staker,23.444688362,False,144,0.0,-0.126745156,0,0,0,1,0.0,0.0
staker_01181,staker,small_persistent_staker,87.999072825,False,144,0.0,-1.388305565,0,0,0,1,0.0,3.741256271
staker_01182,staker,small_persistent_staker,3.038151994,False,144,0.0,-0.011156266,0,0,0,1,0.0,0.077171148
staker_01183,staker,small_persistent_staker,2.574621692,False,144,0.0,-0.005996293,0,0,0,1,0.0,0.043507182
staker_01184,staker,small_persistent_staker,71.005009357,False,145,0.0,-0.31333279,0,0,0,1,0.0,0.0
staker_01185,staker,small_persistent_staker,3.453574112,False,145,0.0,-0.003153694,0,0,0,1,0.0,0.0
staker_01186,staker,small_persistent_staker,5.328935244,False,145,0.0,0.017371277,0,0,0,1,0.0,0.066810746
staker_01187,staker,small_persistent_staker,7.204966257,False,145,0.0,-0.017015609,0,0,0,1,0.0,0.0
staker_01188,staker,small_persistent_staker,32.502532936,False,145,0.0,-0.140689883,0,0,0,1,0.0,0.163149742
staker_01189,staker,small_persistent_staker,9.010360744,False,146,0.0,-0.012140941,0,0,0,1,0.0,0.267642244
staker_01190,staker,small_persistent_staker,7.011358839,False,146,0.0,0.023841952,0,0,0,1,0.0,0.08793937
staker_01191,staker,small_persistent_staker,39.281050578,False,146,0.0,-0.189894125,0,0,0,1,0.0,0.0
staker_01192,staker,small_persistent_staker,48.996343592,False,146,0.0,0.166610853,0,0,0,1,0.0,0.614532457
staker_01193,staker,staker_whale,130.512527921,False,147,0.0,-1.045284537,0,0,0,1,0.0,0.0
staker_01194,staker,small_persistent_staker,14.002467179,False,147,0.0,-0.225506416,0,0,0,1,0.0,0.59624505
staker_01195,staker,small_persistent_staker,9.582098029,False,147,0.0,-0.039820212,0,0,0,1,0.0,0.0
staker_01196,staker,small_persistent_staker,12.284472973,False,147,0.0,-0.218416514,0,0,0,1,0.0,0.523952755
staker_01197,staker,small_persistent_staker,7.911299627,False,147,0.0,0.029803246,0,0,0,1,0.0,0.0992268
staker_01198,staker,small_persistent_staker,2.596870322,False,147,0.0,0.00604207,0,0,0,1,0.0,0.043733712
staker_01199,staker,small_persistent_staker,31.400247027,False,147,0.0,-0.190889787,0,0,0,1,0.0,0.0
staker_01200,staker,small_persistent_staker,11.562565215,False,147,0.0,-0.048050416,0,0,0,1,0.0,0.0
staker_01201,staker,small_persistent_staker,20.807754227,False,147,0.0,0.048250871,0,0,0,1,0.0,0.779860504
staker_01202,staker,small_persistent_staker,23.948086283,False,147,0.0,0.024051629,0,0,0,1,0.0,0.606217585
staker_01203,staker,small_persistent_staker,13.75776864,False,147,0.0,0.031993251,0,0,0,1,0.0,0.307147452
staker_01204,staker,small_persistent_staker,12.717110215,False,148,0.0,0.015645027,0,0,0,1,0.0,0.284425129
staker_01205,staker,small_persistent_staker,24.162013568,False,148,0.0,-0.118001928,0,0,0,1,0.0,0.0
staker_01206,staker,small_persistent_staker,8.544088481,False,148,0.0,-0.0189379,0,0,0,1,0.0,0.0
staker_01207,staker,small_persistent_staker,2.85651458,False,148,0.0,0.007275026,0,0,0,1,0.0,0.048129438
staker_01208,staker,small_persistent_staker,3.226534967,False,148,0.0,-0.073551038,0,0,0,1,0.0,0.138392039
staker_01209,staker,small_persistent_staker,15.902625383,False,148,0.0,-0.014109956,0,0,0,1,0.0,0.356424983
staker_01210,staker,small_persistent_staker,11.380904579,False,148,0.0,-0.142339459,0,0,0,1,0.0,1.112490062
staker_01211,staker,small_persistent_staker,8.223604435,False,149,0.0,-0.025466823,0,0,0,1,0.0,0.310238609
staker_01212,staker,small_persistent_staker,25.795547831,False,149,0.0,0.136561014,0,0,0,1,0.0,0.323407906
staker_01213,staker,small_persistent_staker,1.677783765,False,149,0.0,-0.001847358,0,0,0,1,0.0,0.063169102
staker_01214,staker,small_persistent_staker,4.532952058,False,149,0.0,-0.018264705,0,0,0,1,0.0,0.171166318
staker_01215,staker,small_persistent_staker,8.914656529,False,149,0.0,0.011511176,0,0,0,1,0.0,0.264497642
staker_01216,staker,small_persistent_staker,7.903363029,False,149,0.0,0.033157593,0,0,0,1,0.0,0.099196694
staker_01217,staker,small_persistent_staker,9.965166887,False,150,0.0,-0.020392157,0,0,0,1,0.0,0.0
staker_01218,staker,small_persistent_staker,29.294963893,False,150,0.0,-0.399262642,0,0,0,1,0.0,1.246182915
staker_01219,staker,small_persistent_staker,11.271820153,False,150,0.0,-0.22172398,0,0,0,1,0.0,0.482351622
staker_01220,staker,small_persistent_staker,2.541212575,False,150,0.0,0.009576256,0,0,0,1,0.0,0.042796384
staker_01221,staker,small_persistent_staker,2.198760817,False,151,0.0,-0.009826567,0,0,0,1,0.0,0.083120883
staker_01222,staker,small_persistent_staker,14.366527547,False,151,0.0,-0.079811597,0,0,0,1,0.0,0.0
staker_01223,staker,small_persistent_staker,12.204903711,False,151,0.0,-0.028719706,0,0,0,1,0.0,0.310559494
staker_01224,staker,small_persistent_staker,13.144332244,False,151,0.0,-0.020712857,0,0,0,1,0.0,0.065979301
staker_01225,staker,small_persistent_staker,28.923165976,False,152,0.0,0.11252927,0,0,0,1,0.0,1.084855182
staker_01226,staker,small_persistent_staker,43.017901968,False,152,0.0,0.367302903,0,0,0,1,0.0,1.605994476
staker_01227,staker,small_persistent_staker,14.675823461,False,152,0.0,0.028804671,0,0,0,1,0.0,0.247825448
staker_01228,staker,small_persistent_staker,21.423774703,False,152,0.0,-0.022727286,0,0,0,1,0.0,0.107538798
staker_01229,staker,small_persistent_staker,22.474118167,False,152,0.0,0.053493547,0,0,0,1,0.0,0.844241349
staker_01230,staker,small_persistent_staker,24.447645921,False,152,0.0,-0.269724301,0,0,0,1,0.0,0.93072456
staker_01231,staker,small_persistent_staker,31.820605283,False,152,0.0,0.123802128,0,0,0,1,0.0,1.193532843
staker_01232,staker,small_persistent_staker,8.666858235,False,152,0.0,-0.048940434,0,0,0,1,0.0,0.0
staker_01233,staker,small_persistent_staker,7.565287227,False,153,0.0,-0.200715024,0,0,0,1,0.0,0.326396058
staker_01234,staker,small_persistent_staker,9.088305745,False,153,0.0,0.042235571,0,0,0,1,0.0,0.114220989
staker_01235,staker,small_persistent_staker,2.985935085,False,153,0.0,0.00473667,0,0,0,1,0.0,0.112319848
staker_01236,staker,staker_whale,197.295553457,False,153,0.0,0.42271038,0,0,0,1,0.0,4.418364084
staker_01237,staker,small_persistent_staker,4.571276394,False,153,0.0,0.0,0,0,0,1,0.0,0.0
staker_01238,staker,small_persistent_staker,6.203775738,False,153,0.0,0.035415291,0,0,0,1,0.0,0.211158271
staker_01239,staker,small_persistent_staker,5.311321003,False,154,0.0,0.010340725,0,0,0,1,0.0,0.134792629
staker_01240,staker,small_persistent_staker,6.108327066,False,154,0.0,-0.007369089,0,0,0,1,0.0,0.230548188
staker_01241,staker,small_persistent_staker,7.132365058,False,154,0.0,0.019380111,0,0,0,1,0.0,0.159726791
staker_01242,staker,small_persistent_staker,77.900843191,False,154,0.0,-0.250699114,0,0,0,1,0.0,0.0
staker_01243,staker,small_persistent_staker,19.409471528,False,154,0.0,0.071992472,0,0,0,1,0.0,0.167444987
staker_01244,staker,small_persistent_staker,19.041833631,False,154,0.0,0.023972707,0,0,0,1,0.0,0.7169312
staker_01245,staker,small_persistent_staker,18.231524998,False,155,0.0,0.176537543,0,0,0,1,0.0,0.306038427
staker_01246,staker,small_persistent_staker,23.597447523,False,155,0.0,0.030708227,0,0,0,1,0.0,0.599645608
staker_01247,staker,small_persistent_staker,9.631117979,False,155,0.0,-0.099378645,0,0,0,1,0.0,0.367059126
staker_01248,staker,small_persistent_staker,5.367563564,False,155,0.0,0.038197779,0,0,0,1,0.0,0.090334636
staker_01249,staker,small_persistent_staker,28.665026299,False,155,0.0,0.096656109,0,0,0,1,0.0,0.641943118
staker_01250,staker,small_persistent_staker,4.608167054,False,155,0.0,0.043812446,0,0,0,1,0.0,0.172179086
staker_01251,staker,small_persistent_staker,2.516225695,False,155,0.0,0.014299401,0,0,0,1,0.0,0.094379035
staker_01252,staker,small_persistent_staker,11.93636535,False,155,0.0,0.077055619,0,0,0,1,0.0,0.201019497
staker_01253,staker,small_persistent_staker,10.869443534,False,156,0.0,0.031616933,0,0,0,1,0.0,0.275848676
staker_01254,staker,small_persistent_staker,8.821537626,False,156,0.0,0.059642437,0,0,0,1,0.0,0.1485629
staker_01255,staker,small_persistent_staker,10.73424018,False,157,0.0,0.007370082,0,0,0,1,0.0,0.404953298
staker_01256,staker,small_persistent_staker,28.432859054,False,157,0.0,-0.411314884,0,0,0,1,0.0,1.214707727
staker_01257,staker,small_persistent_staker,8.679592989,False,157,0.0,0.017010544,0,0,0,1,0.0,0.043548089
staker_01258,staker,small_persistent_staker,4.665954508,False,157,0.0,-0.003095184,0,0,0,1,0.0,0.0
staker_01259,staker,small_persistent_staker,6.224795643,False,157,0.0,-0.015350177,0,0,0,1,0.0,0.0
staker_01260,staker,small_persistent_staker,4.783524872,False,157,0.0,0.044989595,0,0,0,1,0.0,0.080381071
staker_01261,staker,small_persistent_staker,100.593135139,False,157,0.0,0.593135139,0,0,0,1,0.0,2.546396681
staker_01262,staker,small_persistent_staker,13.460037178,False,157,0.0,0.146271001,0,0,0,1,0.0,0.22584506
staker_01263,staker,small_persistent_staker,42.853124257,False,157,0.0,0.168102968,0,0,0,1,0.0,1.272902013
staker_01264,staker,small_persistent_staker,13.869880596,False,157,0.0,0.125463054,0,0,0,1,0.0,0.173891598
staker_01265,staker,small_persistent_staker,3.937311132,False,157,0.0,-0.007987831,0,0,0,1,0.0,0.148940167
staker_01266,staker,small_persistent_staker,15.779097257,False,158,0.0,-0.089795216,0,0,0,1,0.0,0.668726143
staker_01267,staker,small_persistent_staker,14.944774467,False,158,0.0,0.11762115,0,0,0,1,0.0,0.251683905
staker_01268,staker,small_persistent_staker,10.94743144,False,158,0.0,0.05166817,0,0,0,1,0.0,0.277633402
staker_01269,staker,small_persistent_staker,17.581510198,False,158,0.0,0.108469445,0,0,0,1,0.0,0.296596591
staker_01270,staker,small_persistent_staker,12.668603609,False,158,0.0,0.0,0,0,0,1,0.0,0.0
staker_01271,staker,small_persistent_staker,28.436001685,False,159,0.0,0.250890642,0,0,0,1,0.0,0.634544332
staker_01272,staker,small_persistent_staker,16.828542459,False,159,0.0,0.140584418,0,0,0,1,0.0,0.375703653
staker_01273,staker,small_persistent_staker,5.255098705,False,159,0.0,0.016422593,0,0,0,1,0.0,0.197994764
staker_01274,staker,small_persistent_staker,41.866165977,False,159,0.0,-0.109425079,0,0,0,1,0.0,2.784355664
staker_01275,staker,small_persistent_staker,11.353973604,False,160,0.0,0.132992027,0,0,0,1,0.0,0.190686439
staker_01276,staker,small_persistent_staker,14.806881722,False,160,0.0,-0.130064807,0,0,0,1,0.0,0.630165763
staker_01277,staker,small_persistent_staker,23.332984883,False,160,0.0,0.081526208,0,0,0,1,0.0,0.879349279
staker_01278,staker,small_persistent_staker,14.222331566,False,161,0.0,0.159498552,0,0,0,1,0.0,0.239139947
staker_01279,staker,small_persistent_staker,29.613323433,False,161,0.0,0.178479682,0,0,0,1,0.0,1.113943834
staker_01280,staker,small_persistent_staker,8.688555006,False,161,0.0,-0.104007988,0,0,0,1,0.0,0.371192179
staker_01281,staker,small_persistent_staker,24.09220339,False,161,0.0,0.204429848,0,0,0,1,0.0,0.40621409
staker_01282,staker,small_persistent_staker,3.506223911,False,161,0.0,0.036160264,0,0,0,1,0.0,0.059008796
staker_01283,staker,small_persistent_staker,4.19014954,False,161,0.0,0.051974004,0,0,0,1,0.0,0.156606747
staker_01284,staker,small_persistent_staker,3.554612689,False,162,0.0,0.047876529,0,0,0,1,0.0,0.059668518
staker_01285,staker,small_persistent_staker,24.738940051,False,162,0.0,0.27627916,0,0,0,1,0.0,0.551795515
staker_01286,staker,small_persistent_staker,9.216899852,False,162,0.0,0.005208558,0,0,0,1,0.0,0.348821932
staker_01287,staker,small_persistent_staker,4.641840053,False,162,0.0,0.047559843,0,0,0,1,0.0,0.173973014
staker_01288,staker,small_persistent_staker,3.697252229,False,162,0.0,0.023717725,0,0,0,1,0.0,0.093830207
staker_01289,staker,small_persistent_staker,2.644885139,False,162,0.0,0.01603681,0,0,0,1,0.0,0.067146608
staker_01290,staker,small_persistent_staker,11.152527785,False,162,0.0,0.024360305,0,0,0,1,0.0,0.421393722
staker_01291,staker,small_persistent_staker,32.536966644,False,162,0.0,0.246202312,0,0,0,1,0.0,0.549440266
staker_01292,staker,small_persistent_staker,2.921596287,False,163,0.0,0.003958801,0,0,0,1,0.0,0.034757035
staker_01293,staker,small_persistent_staker,31.783893883,False,163,0.0,0.040124936,0,0,0,1,0.0,1.036752074
staker_01294,staker,small_persistent_staker,4.79622687,False,164,0.0,0.011775798,0,0,0,1,0.0,0.156332037
staker_01295,staker,small_persistent_staker,8.575454917,False,164,0.0,-0.147881499,0,0,0,1,0.0,0.323024538
staker_01296,staker,small_persistent_staker,2.220469689,False,164,0.0,0.003352825,0,0,0,1,0.0,0.045242785
staker_01297,staker,small_persistent_staker,13.578255603,False,164,0.0,0.038889119,0,0,0,1,0.0,0.335186501
staker_01298,staker,small_persistent_staker,4.506438154,False,164,0.0,-0.05696623,0,0,0,1,0.0,0.236109132
staker_01299,staker,small_persistent_staker,11.030482166,False,165,0.0,-0.300233344,0,0,0,1,0.0,0.424820507
staker_01300,staker,small_persistent_staker,29.455037153,False,165,0.0,0.063205268,0,0,0,1,0.0,0.116392504
staker_01301,staker,small_persistent_staker,10.689447532,False,165,0.0,0.022463906,0,0,0,1,0.0,0.087996461
staker_01302,staker,small_persistent_staker,16.86447915,False,165,0.0,-0.074502071,0,0,0,1,0.0,0.282992441
staker_01303,staker,small_persistent_staker,9.197104097,False,165,0.0,-0.089132458,0,0,0,1,0.0,0.26865996
staker_01304,staker,small_persistent_staker,16.124497231,False,166,0.0,-0.006509012,0,0,0,1,0.0,0.0
staker_01305,staker,small_persistent_staker,3.917493346,False,166,0.0,-0.07467901,0,0,0,1,0.0,0.547344178
staker_01306,staker,small_persistent_staker,19.010755132,False,166,0.0,-0.140839611,0,0,0,1,0.0,0.476347261
staker_01307,staker,small_persistent_staker,12.379380463,False,167,0.0,0.027738865,0,0,0,1,0.0,0.052793383
staker_01308,staker,staker_whale,237.508430622,False,167,0.0,-4.359082167,0,0,0,1,0.0,6.0182683
staker_01309,staker,small_persistent_staker,12.592108449,False,167,0.0,-0.046294613,0,0,0,1,0.0,0.12323336
staker_01310,staker,small_persistent_staker,5.15833437,False,167,0.0,-0.009936595,0,0,0,1,0.0,0.022090222
staker_01311,staker,small_persistent_staker,3.234112797,False,168,0.0,-0.002265465,0,0,0,1,0.0,0.0
staker_01312,staker,small_persistent_staker,17.45318036,False,168,0.0,-0.15746054,0,0,0,1,0.0,1.20498765
staker_01313,staker,small_persistent_staker,24.419374378,False,169,0.0,-0.076877194,0,0,0,1,0.0,0.23919051
staker_01314,staker,small_persistent_staker,10.906918137,False,169,0.0,0.016329779,0,0,0,1,0.0,0.271364839
staker_01315,staker,small_persistent_staker,1.237117791,False,169,0.0,0.003964046,0,0,0,1,0.0,0.005278132
staker_01316,staker,small_persistent_staker,12.219872378,False,169,0.0,-0.199821915,0,0,0,1,0.0,0.36324105
staker_01317,staker,small_persistent_staker,5.950418708,False,170,0.0,-0.02981614,0,0,0,1,0.0,0.076111733
staker_01318,staker,small_persistent_staker,12.702716654,False,170,0.0,-0.263010597,0,0,0,1,0.0,0.888345766
staker_01319,staker,small_persistent_staker,11.242420185,False,170,0.0,-0.044770966,0,0,0,1,0.0,0.281424381
staker_01320,staker,small_persistent_staker,3.719136946,False,171,0.0,-0.019932066,0,0,0,1,0.0,0.031439272
staker_01321,staker,small_persistent_staker,14.732901733,False,171,0.0,-0.257741774,0,0,0,1,0.0,0.308239445
staker_01322,staker,small_persistent_staker,11.025619211,False,171,0.0,-0.054421311,0,0,0,1,0.0,0.06054395
staker_01323,staker,small_persistent_staker,57.320339985,False,171,0.0,-0.354101804,0,0,0,1,0.0,0.484944907
staker_01324,staker,small_persistent_staker,2.422722085,False,171,0.0,0.0,0,0,0,1,0.0,0.0
staker_01325,staker,small_persistent_staker,10.15093697,False,171,0.0,-0.200217336,0,0,0,1,0.0,0.662040239
staker_01326,staker,small_persistent_staker,12.09544604,False,171,0.0,-0.222915711,0,0,0,1,0.0,0.974601886
staker_01327,staker,small_persistent_staker,4.186024619,False,171,0.0,-0.072816629,0,0,0,1,0.0,0.272387426
staker_01328,staker,small_persistent_staker,27.363171957,False,172,0.0,-0.195651893,0,0,0,1,0.0,0.231823955
staker_01329,staker,small_persistent_staker,2.95532299,False,172,0.0,-0.01496942,0,0,0,1,0.0,0.016237428
staker_01330,staker,small_persistent_staker,20.241796056,False,172,0.0,-0.139428236,0,0,0,1,0.0,0.11141619
staker_01331,staker,small_persistent_staker,7.399567648,False,172,0.0,-0.083106591,0,0,0,1,0.0,0.409974115
staker_01332,staker,small_persistent_staker,24.084251946,False,172,0.0,-0.050852131,0,0,0,1,0.0,0.414076317
staker_01333,staker,small_persistent_staker,44.560807864,False,172,0.0,-0.437289979,0,0,0,1,0.0,0.378522576
staker_01334,staker,small_persistent_staker,13.742437151,False,172,0.0,-0.031067856,0,0,0,1,0.0,0.0
staker_01335,staker,small_persistent_staker,10.693806055,False,173,0.0,-0.052711772,0,0,0,1,0.0,0.136800556
staker_01336,staker,small_persistent_staker,17.324540192,False,173,0.0,-0.266476716,0,0,0,1,0.0,1.126144558
staker_01337,staker,small_persistent_staker,15.641511245,False,173,0.0,-0.332701345,0,0,0,1,0.0,0.630741952
staker_01338,staker,small_persistent_staker,17.613552762,False,173,0.0,-0.030921071,0,0,0,1,0.0,0.0
staker_01339,staker,small_persistent_staker,7.690748726,False,173,0.0,-0.006787598,0,0,0,1,0.0,0.158426299
staker_01340,staker,small_persistent_staker,5.299962796,False,173,0.0,-0.035470681,0,0,0,1,0.0,0.0
staker_01341,staker,small_persistent_staker,6.900591716,False,173,0.0,-0.014397505,0,0,0,1,0.0,0.0
staker_01342,staker,small_persistent_staker,5.602918826,False,173,0.0,-0.150258915,0,0,0,1,0.0,0.143251488
staker_01343,staker,small_persistent_staker,23.460518731,False,174,0.0,-0.206482952,0,0,0,1,0.0,0.487363044
staker_01344,staker,small_persistent_staker,15.6247847,False,174,0.0,-0.096038614,0,0,0,1,0.0,0.086029244
staker_01345,staker,small_persistent_staker,1.176669906,False,174,0.0,-0.021835288,0,0,0,1,0.0,0.029858301
staker_01346,staker,small_persistent_staker,49.441531539,False,175,0.0,-0.754885037,0,0,0,1,0.0,1.251334637
staker_01347,staker,small_persistent_staker,2.914966828,False,175,0.0,0.0,0,0,0,1,0.0,0.0
staker_01348,staker,small_persistent_staker,22.990813741,False,175,0.0,-0.126640623,0,0,0,1,0.0,0.126586214
staker_01349,staker,small_persistent_staker,31.808850291,False,175,0.0,-0.093270365,0,0,0,1,0.0,0.657361833
staker_01350,staker,small_persistent_staker,9.265814118,False,176,0.0,-0.009230051,0,0,0,1,0.0,0.0
staker_01351,staker,small_persistent_staker,3.375095071,False,176,0.0,-0.034676043,0,0,0,1,0.0,0.187242977
staker_01352,staker,staker_whale,108.271200638,False,176,0.0,-0.251502573,0,0,0,1,0.0,0.914953339
staker_01353,staker,small_persistent_staker,7.695528821,False,176,0.0,-0.118202308,0,0,0,1,0.0,0.161100074
staker_01354,staker,small_persistent_staker,14.168288085,False,176,0.0,-0.007422212,0,0,0,1,0.0,0.07766826
staker_01355,staker,small_persistent_staker,7.800076584,False,177,0.0,-0.014405965,0,0,0,1,0.0,0.0
staker_01356,staker,small_persistent_staker,8.816670937,False,177,0.0,-0.096236314,0,0,0,1,0.0,0.183823103
staker_01357,staker,small_persistent_staker,7.449150907,False,177,0.0,-0.23381303,0,0,0,1,0.0,0.191701415
staker_01358,staker,small_persistent_staker,42.915865247,False,177,0.0,-0.197087305,0,0,0,1,0.0,0.236292501
staker_01359,staker,small_persistent_staker,11.134257534,False,177,0.0,-0.012755491,0,0,0,1,0.0,0.0
staker_01360,staker,small_persistent_staker,11.044845509,False,177,0.0,-0.224602441,0,0,0,1,0.0,0.281189543
staker_01361,staker,small_persistent_staker,1.014115919,False,177,0.0,-0.000104634,0,0,0,1,0.0,0.020917661
staker_01362,staker,small_persistent_staker,41.2489032,False,177,0.0,-0.095901847,0,0,0,1,0.0,0.348692591
staker_01363,staker,small_persistent_staker,17.823740291,False,177,0.0,-0.122187992,0,0,0,1,0.0,1.688026898
staker_01364,staker,small_persistent_staker,9.177824261,False,177,0.0,-0.006119963,0,0,0,1,0.0,0.050335155
staker_01365,staker,small_persistent_staker,6.211900378,False,178,0.0,-0.004358888,0,0,0,1,0.0,0.034092611
staker_01366,staker,small_persistent_staker,6.73033578,False,178,0.0,0.020674652,0,0,0,1,0.0,0.138474647
staker_01367,staker,small_persistent_staker,7.774593191,False,178,0.0,-0.079662741,0,0,0,1,0.0,0.504199482
staker_01368,staker,small_persistent_staker,10.685545257,False,178,0.0,-0.246796496,0,0,0,1,0.0,0.272959805
staker_01369,staker,small_persistent_staker,4.245213313,False,178,0.0,0.0,0,0,0,1,0.0,0.0
staker_01370,staker,small_persistent_staker,8.569001595,False,178,0.0,-0.074188341,0,0,0,1,0.0,0.178379005
staker_01371,staker,small_persistent_staker,36.061090366,False,178,0.0,-0.081957718,0,0,0,1,0.0,0.0
staker_01372,staker,small_persistent_staker,12.161899142,False,178,0.0,-0.329884997,0,0,0,1,0.0,0.311896118
staker_01373,staker,small_persistent_staker,7.115485693,False,179,0.0,-0.01866191,0,0,0,1,0.0,0.03914547
staker_01374,staker,small_persistent_staker,12.932760627,False,179,0.0,-0.006141723,0,0,0,1,0.0,0.109248744
staker_01375,staker,small_persistent_staker,8.44735773,False,179,0.0,-0.133795438,0,0,0,1,0.0,0.177183634
staker_01376,staker,small_persistent_staker,16.302699906,False,179,0.0,-0.014216792,0,0,0,1,0.0,0.336911665
staker_01377,staker,small_persistent_staker,68.456159864,False,179,0.0,-1.644446562,0,0,0,1,0.0,1.751118536
staker_01378,staker,small_persistent_staker,40.543302574,False,179,0.0,-0.343819743,0,0,0,1,0.0,2.625984529
staker_01379,staker,small_persistent_staker,3.010717445,False,180,0.0,-0.012310171,0,0,0,1,0.0,0.062463193
staker_01380,staker,small_persistent_staker,13.961249099,False,180,0.0,0.038340352,0,0,0,1,0.0,0.076449299
staker_01381,staker,small_persistent_staker,18.43561286,False,180,0.0,-0.050521866,0,0,0,1,0.0,0.101505517
staker_01382,staker,small_persistent_staker,9.151105062,False,180,0.0,0.0,0,0,0,1,0.0,0.0
staker_01383,staker,small_persistent_staker,10.330210594,False,180,0.0,0.031430948,0,0,0,1,0.0,0.212798141
staker_01384,staker,staker_whale,508.480054382,False,180,0.0,36.553717181,2,0,0,1,0.0,27.82534015
staker_01385,staker,small_persistent_staker,5.571295012,False,181,0.0,-0.087591501,0,0,0,1,0.0,0.141533871
staker_01386,staker,small_persistent_staker,3.320788672,False,181,0.0,0.001289335,0,0,0,1,0.0,0.028062556
staker_01387,staker,small_persistent_staker,12.959162009,False,181,0.0,-0.029847011,0,0,0,1,0.0,0.268528013
staker_01388,staker,small_persistent_staker,5.334737461,False,181,0.0,-0.011791079,0,0,0,1,0.0,0.0
staker_01389,staker,small_persistent_staker,16.90337723,False,182,0.0,-0.01010318,0,0,0,1,0.0,0.216387991
staker_01390,staker,small_persistent_staker,4.688030015,False,182,0.0,-0.130095361,0,0,0,1,0.0,0.120572847
staker_01391,staker,small_persistent_staker,22.711380102,False,182,0.0,0.051472781,0,0,0,1,0.0,0.124559025
staker_01392,staker,small_persistent_staker,97.421274887,False,182,0.0,0.266771839,0,0,0,1,0.0,0.534047646
staker_01393,staker,small_persistent_staker,2.253926715,False,182,0.0,0.006374957,0,0,0,1,0.0,0.046490616
staker_01394,staker,small_persistent_staker,2.6726525,False,182,0.0,-0.009916712,0,0,0,1,0.0,0.055488954
staker_01395,staker,small_persistent_staker,6.250960801,False,182,0.0,0.031489447,0,0,0,1,0.0,0.128649787
staker_01396,staker,small_persistent_staker,3.904142976,False,183,0.0,-0.063743091,0,0,0,1,0.0,0.099339515
staker_01397,staker,small_persistent_staker,4.369213959,False,183,0.0,-0.002476734,0,0,0,1,0.0,0.090468304
staker_01398,staker,small_persistent_staker,36.461218671,False,183,0.0,-0.044136233,0,0,0,1,0.0,0.0
staker_01399,staker,small_persistent_staker,7.490138291,False,183,0.0,-0.222677394,0,0,0,1,0.0,0.19309712
staker_01400,staker,small_persistent_staker,17.831086556,False,183,0.0,-0.224544099,0,0,0,1,0.0,0.452038583
staker_01401,staker,small_persistent_staker,29.019570013,False,183,0.0,0.006978122,0,0,0,1,0.0,0.245513071
staker_01402,staker,staker_whale,132.00045551,False,184,0.0,16.896635136,1,0,0,1,0.0,7.503110834
staker_01403,staker,small_persistent_staker,42.28346967,False,184,0.0,0.208950456,0,0,0,1,0.0,0.871305184
staker_01404,staker,small_persistent_staker,6.075503937,False,184,0.0,0.010648987,0,0,0,1,0.0,0.051358534
staker_01405,staker,small_persistent_staker,8.136826025,False,184,0.0,-0.004146939,0,0,0,1,0.0,0.0
staker_01406,staker,small_persistent_staker,18.813231528,False,184,0.0,-0.009509285,0,0,0,1,0.0,0.103584665
staker_01407,staker,small_persistent_staker,12.164129612,False,184,0.0,-0.006199457,0,0,0,1,0.0,0.0
staker_01408,staker,small_persistent_staker,6.304882392,False,184,0.0,0.011051036,0,0,0,1,0.0,0.053297557
staker_01409,staker,small_persistent_staker,10.424772287,False,185,0.0,-0.074731498,0,0,0,1,0.0,0.217541036
staker_01410,staker,small_persistent_staker,23.60217776,False,185,0.0,0.092172438,0,0,0,1,0.0,0.487107869
staker_01411,staker,small_persistent_staker,4.711237469,False,185,0.0,0.035267682,0,0,0,1,0.0,0.096882227
staker_01412,staker,small_persistent_staker,27.729580196,False,185,0.0,-0.054314642,0,0,0,1,0.0,0.235400083
staker_01413,staker,small_persistent_staker,8.705502086,False,185,0.0,0.042074031,0,0,0,1,0.0,0.04770058
staker_01414,staker,small_persistent_staker,10.514369163,False,185,0.0,0.046084343,0,0,0,1,0.0,0.057638068
staker_01415,staker,small_persistent_staker,5.993299633,False,185,0.0,-0.009976016,0,0,0,1,0.0,0.050862976
staker_01416,staker,small_persistent_staker,3.882642106,False,185,0.0,0.009963512,0,0,0,1,0.0,0.080238698
staker_01417,staker,small_persistent_staker,10.213587326,False,186,0.0,0.012350272,0,0,0,1,0.0,0.154343673
staker_01418,staker,small_persistent_staker,31.967320639,False,186,0.0,-0.447574666,0,0,0,1,0.0,1.406319692
staker_01419,staker,small_persistent_staker,11.724178531,False,186,0.0,-0.063966303,0,0,0,1,0.0,0.034778826
staker_01420,staker,small_persistent_staker,3.266065818,False,186,0.0,0.004916362,0,0,0,1,0.0,0.049340858
staker_01421,staker,small_persistent_staker,22.512628919,False,186,0.0,-0.075968578,0,0,0,1,0.0,0.0
staker_01422,staker,small_persistent_staker,2.273848496,False,186,0.0,-0.066762397,0,0,0,1,0.0,0.045532152
staker_01423,staker,small_persistent_staker,11.325182647,False,186,0.0,-0.11600118,0,0,0,1,0.0,0.173103941
staker_01424,staker,small_persistent_staker,9.866248048,False,186,0.0,-0.006542015,0,0,0,1,0.0,0.149374304
staker_01425,staker,small_persistent_staker,3.105330359,False,187,0.0,-0.028211796,0,0,0,1,0.0,0.047440814
staker_01426,staker,small_persistent_staker,2.166746194,False,187,0.0,-0.009123148,0,0,0,1,0.0,0.032941958
staker_01427,staker,small_persistent_staker,7.026644505,False,187,0.0,-0.091046903,0,0,0,1,0.0,0.417493727
staker_01428,staker,small_persistent_staker,5.177053424,False,188,0.0,0.007219718,0,0,0,1,0.0,0.078305006
staker_01429,staker,small_persistent_staker,84.182068794,False,188,0.0,-0.344386321,0,0,0,1,0.0,0.0
staker_01430,staker,small_persistent_staker,22.510318462,False,188,0.0,0.077022524,0,0,0,1,0.0,0.339786438
staker_01431,staker,small_persistent_staker,6.644211001,False,188,0.0,-0.029868379,0,0,0,1,0.0,0.101089098
staker_01432,staker,small_persistent_staker,3.381778572,False,188,0.0,-0.004826759,0,0,0,1,0.0,0.010002556
staker_01433,staker,small_persistent_staker,3.702689977,False,188,0.0,-0.015147594,0,0,0,1,0.0,0.0
staker_01434,staker,small_persistent_staker,5.810774334,False,188,0.0,0.003907566,0,0,0,1,0.0,0.06807132
staker_01435,staker,small_persistent_staker,9.77673217,False,188,0.0,-0.186978424,0,0,0,1,0.0,0.584693498
staker_01436,staker,small_persistent_staker,9.722703364,False,189,0.0,-0.021084513,0,0,0,1,0.0,0.070938577
staker_01437,staker,small_persistent_staker,2.304602691,False,189,0.0,-0.034482449,0,0,0,1,0.0,0.045574029
staker_01438,staker,small_persistent_staker,9.0094232,False,189,0.0,-0.003428675,0,0,0,1,0.0,0.136577974
staker_01439,staker,small_persistent_staker,28.642861552,False,189,0.0,-0.075960089,0,0,0,1,0.0,0.0
staker_01440,staker,small_persistent_staker,7.396706057,False,189,0.0,-0.024499122,0,0,0,1,0.0,0.054029269
staker_01441,staker,small_persistent_staker,28.092149884,False,189,0.0,-0.110204793,0,0,0,1,0.0,0.0
staker_01442,staker,small_persistent_staker,6.015507744,False,189,0.0,-0.111075852,0,0,0,1,0.0,0.208973752
staker_01443,staker,small_persistent_staker,7.772304655,False,189,0.0,-0.148332412,0,0,0,1,0.0,0.154323302
staker_01444,staker,small_persistent_staker,6.901662176,False,189,0.0,-4.5512e-05,0,0,0,1,0.0,0.104586347
staker_01445,staker,small_persistent_staker,4.781274087,False,190,0.0,-0.014147778,0,0,0,1,0.0,0.072719245
staker_01446,staker,small_persistent_staker,16.112506012,False,190,0.0,-0.065367987,0,0,0,1,0.0,0.047838489
staker_01447,staker,small_persistent_staker,7.985973313,False,190,0.0,-0.032398871,0,0,0,1,0.0,0.023710582
staker_01448,staker,small_persistent_staker,16.540092143,False,190,0.0,-0.242353665,0,0,0,1,0.0,0.254494147
staker_01449,staker,small_persistent_staker,8.835668355,False,190,0.0,-0.253229845,0,0,0,1,0.0,0.215535472
staker_01450,staker,small_persistent_staker,8.636959143,False,191,0.0,-0.103243753,0,0,0,1,0.0,0.132609928
staker_01451,staker,small_persistent_staker,12.274871845,False,191,0.0,-0.02918868,0,0,0,1,0.0,0.0
staker_01452,staker,small_persistent_staker,23.281068475,False,191,0.0,-0.541237831,0,0,0,1,0.0,0.464719921
staker_01453,staker,small_persistent_staker,8.932873649,False,192,0.0,-0.033417502,0,0,0,1,0.0,0.136116848
staker_01454,staker,small_persistent_staker,6.204691823,False,192,0.0,-0.027613105,0,0,0,1,0.0,0.337848339
staker_01455,staker,small_persistent_staker,6.084011989,False,192,0.0,-0.031883086,0,0,0,1,0.0,0.092845118
staker_01456,staker,staker_whale,123.682466345,False,192,0.0,-2.524177603,0,0,0,1,0.0,7.422931781
staker_01457,staker,small_persistent_staker,26.423940998,False,193,0.0,-0.052899111,0,0,0,1,0.0,0.07841222
staker_01458,staker,small_persistent_staker,12.499657469,False,193,0.0,-0.202631997,0,0,0,1,0.0,0.248038506
staker_01459,staker,small_persistent_staker,14.402178715,False,193,0.0,-0.092406645,0,0,0,1,0.0,0.220135425
staker_01460,staker,small_persistent_staker,13.835371253,False,193,0.0,-0.232727486,0,0,0,1,0.0,0.27470876
staker_01461,staker,small_persistent_staker,6.549250676,False,193,0.0,-0.019909935,0,0,0,1,0.0,0.099768633
staker_01462,staker,small_persistent_staker,3.595889184,False,193,0.0,-0.001527995,0,0,0,1,0.0,0.0
staker_01463,staker,small_persistent_staker,14.875033966,False,194,0.0,-0.031278553,0,0,0,1,0.0,0.044164399
staker_01464,staker,small_persistent_staker,34.743143438,False,194,0.0,-0.623884927,0,0,0,1,0.0,2.213034133
staker_01465,staker,small_persistent_staker,18.510450596,False,194,0.0,-0.182275312,0,0,0,1,0.0,0.284015004
staker_01466,staker,small_persistent_staker,3.980590583,False,195,0.0,-0.006578866,0,0,0,1,0.0,0.011818487
staker_01467,staker,small_persistent_staker,7.998294525,False,195,0.0,-0.016617147,0,0,0,1,0.0,0.023757236
staker_01468,staker,small_persistent_staker,11.815447966,False,196,0.0,-0.040415422,0,0,0,1,0.0,0.180309746
staker_01469,staker,small_persistent_staker,50.904566684,False,196,0.0,-0.313033239,0,0,0,1,0.0,0.778942212
staker_01470,staker,small_persistent_staker,5.242911314,False,196,0.0,0.023634159,0,0,0,1,0.0,0.07937731
staker_01471,staker,small_persistent_staker,27.905248583,False,196,0.0,-0.368850902,0,0,0,1,0.0,0.43000628
staker_01472,staker,small_persistent_staker,30.537093443,False,196,0.0,-0.234170605,0,0,0,1,0.0,1.813115866
staker_01473,staker,small_persistent_staker,5.630030003,False,197,0.0,-0.069443494,0,0,0,1,0.0,0.111482455
staker_01474,staker,small_persistent_staker,17.437643789,False,197,0.0,-0.073451194,0,0,0,1,0.0,0.266398717
staker_01475,staker,small_persistent_staker,33.420389487,False,197,0.0,-0.394376657,0,0,0,1,0.0,0.514428728
staker_01476,staker,small_persistent_staker,4.594939592,False,197,0.0,0.008945692,0,0,0,1,0.0,0.013604599
staker_01477,staker,small_persistent_staker,7.799099211,False,197,0.0,-0.005020339,0,0,0,1,0.0,0.118725153
staker_01478,staker,small_persistent_staker,22.146761199,False,198,0.0,-0.303635581,0,0,0,1,0.0,2.800849926
staker_01479,staker,small_persistent_staker,5.744021373,False,198,0.0,0.016185638,0,0,0,1,0.0,0.069938947
staker_01480,staker,small_persistent_staker,39.406724362,False,198,0.0,-0.446536652,0,0,0,1,0.0,4.717580502
staker_01481,staker,small_persistent_staker,15.51998077,False,198,0.0,0.050893497,0,0,0,1,0.0,0.188883153
staker_01482,staker,small_persistent_staker,4.55552568,False,199,0.0,-0.019444676,0,0,0,1,0.0,0.0
staker_01483,staker,small_persistent_staker,18.463813993,False,199,0.0,0.02429629,0,0,0,1,0.0,0.225236553
staker_01484,staker,small_persistent_staker,21.948518841,False,199,0.0,0.096386342,0,0,0,1,0.0,0.266921244
staker_01485,staker,staker_whale,226.464636679,False,199,0.0,-0.657749314,0,0,0,1,0.0,0.0
staker_01486,staker,small_persistent_staker,19.990371856,False,199,0.0,-0.07710568,0,0,0,1,0.0,0.0
staker_01487,staker,small_persistent_staker,6.284816639,False,199,0.0,-0.002088856,0,0,0,1,0.0,0.0
staker_01488,staker,small_persistent_staker,17.93833535,False,200,0.0,-0.063207594,0,0,0,1,0.0,0.0
staker_01489,staker,small_persistent_staker,45.105662993,False,200,0.0,-1.417630608,0,0,0,1,0.0,0.770245457
staker_01490,staker,staker_whale,99.608072305,False,200,0.0,-0.391927695,0,0,0,1,0.0,0.0
staker_01491,staker,staker_whale,363.244619341,False,200,0.0,1.90210581,0,0,0,1,0.0,4.415223537
staker_01492,staker,small_persistent_staker,15.054338612,False,201,0.0,-0.039075316,0,0,0,1,0.0,0.184482907
staker_01493,staker,small_persistent_staker,16.522060123,False,201,0.0,-0.064723671,0,0,0,1,0.0,0.0
staker_01494,staker,small_persistent_staker,5.771452484,False,201,0.0,-0.049695309,0,0,0,1,0.0,0.298378075
staker_01495,staker,small_persistent_staker,4.3173424,False,202,0.0,-0.045913198,0,0,0,1,0.0,0.0722974
staker_01496,staker,small_persistent_staker,3.702665563,False,202,0.0,0.010913404,0,0,0,1,0.0,0.032468337
staker_01497,staker,staker_whale,97.385977809,False,202,0.0,-2.614022191,0,0,0,1,0.0,2.079386718
staker_01498,staker,small_persistent_staker,9.705249788,False,202,0.0,0.038870786,0,0,0,1,0.0,0.118209066
staker_01499,staker,small_persistent_staker,20.877553425,False,202,0.0,18.212598835,1,0,0,1,0.0,0.094789167
staker_01500,staker,small_persistent_staker,9.674239177,False,202,0.0,0.053514737,0,0,0,1,0.0,0.117650761
staker_01501,staker,small_persistent_staker,4.491549306,False,202,0.0,-0.030159665,0,0,0,1,0.0,0.231888496
staker_01502,staker,small_persistent_staker,20.043388563,False,202,0.0,-0.319921423,0,0,0,1,0.0,0.337411901
staker_01503,staker,small_persistent_staker,22.546357185,False,202,0.0,-0.621033274,0,0,0,1,0.0,0.383874393
staker_01504,staker,small_persistent_staker,1.129769343,False,203,0.0,-0.001191499,0,0,0,1,0.0,0.0
staker_01505,staker,small_persistent_staker,26.185056602,False,203,0.0,0.112753004,0,0,0,1,0.0,0.229462135
staker_01506,staker,small_persistent_staker,16.156840084,False,204,0.0,-0.119660932,0,0,0,1,0.0,0.91101673
staker_01507,staker,small_persistent_staker,12.377899671,False,204,0.0,-0.078519342,0,0,0,1,0.0,0.697201819
staker_01508,staker,small_persistent_staker,77.28430243,False,204,0.0,0.238713919,0,0,0,1,0.0,0.943502311
staker_01509,staker,small_persistent_staker,15.021805928,False,204,0.0,-0.081248839,0,0,0,1,0.0,0.184952408
staker_01510,staker,staker_whale,173.793778946,False,204,0.0,-2.817568573,0,0,0,1,0.0,2.930480619
staker_01511,staker,small_persistent_staker,27.84891701,False,205,0.0,-0.243980772,0,0,0,1,0.0,1.572952152
staker_01512,staker,small_persistent_staker,3.593979766,False,205,0.0,0.017163226,0,0,0,1,0.0,0.043817291
staker_01513,staker,small_persistent_staker,78.655907058,False,205,0.0,-0.346510678,0,0,0,1,0.0,0.967808081
staker_01514,staker,small_persistent_staker,21.69744465,False,205,0.0,0.06225892,0,0,0,1,0.0,0.26503882
staker_01515,staker,small_persistent_staker,5.143567318,False,205,0.0,-0.081539049,0,0,0,1,0.0,0.086729942
staker_01516,staker,small_persistent_staker,17.771017987,False,205,0.0,-0.040687158,0,0,0,1,0.0,0.0
staker_01517,staker,small_persistent_staker,7.152952843,False,205,0.0,-0.063899726,0,0,0,1,0.0,0.088409044
staker_01518,staker,small_persistent_staker,5.764552596,False,205,0.0,-0.038863026,0,0,0,1,0.0,0.557517677
staker_01519,staker,small_persistent_staker,6.131582837,False,206,0.0,0.017988976,0,0,0,1,0.0,0.074933091
staker_01520,staker,small_persistent_staker,6.301870452,False,206,0.0,0.052361179,0,0,0,1,0.0,0.076598978
staker_01521,staker,small_persistent_staker,36.057666132,False,206,0.0,0.310541593,0,0,0,1,0.0,0.438145317
staker_01522,staker,small_persistent_staker,3.709600996,False,206,0.0,-0.010143086,0,0,0,1,0.0,0.045592155
staker_01523,staker,small_persistent_staker,8.274635736,False,206,0.0,-0.189286653,0,0,0,1,0.0,0.140563898
staker_01524,staker,small_persistent_staker,12.689220194,False,206,0.0,-0.146048923,0,0,0,1,0.0,0.157319312
staker_01525,staker,small_persistent_staker,4.32740763,False,206,0.0,-0.031269234,0,0,0,1,0.0,0.244175365
staker_01526,staker,small_persistent_staker,7.44894917,False,207,0.0,0.055691737,0,0,0,1,0.0,0.090656105
staker_01527,staker,small_persistent_staker,11.27738288,False,207,0.0,-0.162331638,0,0,0,1,0.0,0.190064703
staker_01528,staker,small_persistent_staker,17.027429441,False,207,0.0,0.057153383,0,0,0,1,0.0,0.208089484
staker_01529,staker,small_persistent_staker,27.143454588,False,207,0.0,-0.198171804,0,0,0,1,0.0,0.335262957
staker_01530,staker,small_persistent_staker,24.124932572,False,207,0.0,-0.46381797,0,0,0,1,0.0,0.408528863
staker_01531,staker,small_persistent_staker,11.968238252,False,207,0.0,0.022677974,0,0,0,1,0.0,0.146476432
staker_01532,staker,small_persistent_staker,5.683549257,False,208,0.0,-0.082225129,0,0,0,1,0.0,0.323271081
staker_01533,staker,small_persistent_staker,21.298339069,False,208,0.0,0.128787718,0,0,0,1,0.0,0.186763197
staker_01534,staker,small_persistent_staker,7.605965397,False,208,0.0,-0.03512069,0,0,0,1,0.0,0.093733362
staker_01535,staker,small_persistent_staker,20.363853517,False,209,0.0,-0.516822455,0,0,0,1,0.0,0.347165251
staker_01536,staker,small_persistent_staker,74.949650529,False,209,0.0,-0.703886923,0,0,0,1,0.0,1.257827063
staker_01537,staker,small_persistent_staker,12.511739661,False,209,0.0,-0.126412594,0,0,0,1,0.0,0.902226686
staker_01538,staker,small_persistent_staker,2.798430461,False,209,0.0,0.011353717,0,0,0,1,0.0,0.03419917
staker_01539,staker,small_persistent_staker,43.465759294,False,209,0.0,-0.39187387,0,0,0,1,0.0,0.729183588
staker_01540,staker,small_persistent_staker,2.360562645,False,209,0.0,-0.02826084,0,0,0,1,0.0,0.039716938
staker_01541,staker,small_persistent_staker,3.539509928,False,209,0.0,-0.052646346,0,0,0,1,0.0,0.47614449
staker_01542,staker,small_persistent_staker,6.47657889,False,209,0.0,-0.07072282,0,0,0,1,0.0,0.10885642
staker_01543,staker,small_persistent_staker,2.867103144,False,210,0.0,-0.033454635,0,0,0,1,0.0,0.305153833
staker_01544,staker,small_persistent_staker,29.861513606,False,210,0.0,-0.771116898,0,0,0,1,0.0,0.509625796
staker_01545,staker,small_persistent_staker,2.830260762,False,210,0.0,-0.008823432,0,0,0,1,0.0,0.159327388
staker_01546,staker,small_persistent_staker,3.7820661,False,210,0.0,0.017732471,0,0,0,1,0.0,0.046220023
staker_01547,staker,small_persistent_staker,8.436939479,False,210,0.0,-0.150713002,0,0,0,1,0.0,0.142870173
staker_01548,staker,small_persistent_staker,5.904929672,False,212,0.0,-0.015757178,0,0,0,1,0.0,0.046749164
staker_01549,staker,small_persistent_staker,22.11737661,False,212,0.0,-0.102264821,0,0,0,1,0.0,0.175444114
staker_01550,staker,small_persistent_staker,16.058105818,False,212,0.0,-0.188653497,0,0,0,1,0.0,0.128282821
staker_01551,staker,small_persistent_staker,99.540847472,False,212,0.0,-0.459152528,0,0,0,1,0.0,4.696590642
staker_01552,staker,small_persistent_staker,28.569176779,False,213,0.0,-0.314249773,0,0,0,1,0.0,0.228161126
staker_01553,staker,small_persistent_staker,64.100895951,False,213,0.0,-0.582147279,0,0,0,1,0.0,0.791961553
staker_01554,staker,small_persistent_staker,2.692013592,False,213,0.0,0.013896141,0,0,0,1,0.0,0.021155464
staker_01555,staker,small_persistent_staker,7.414480254,False,213,0.0,0.003895876,0,0,0,1,0.0,0.058539013
staker_01556,staker,small_persistent_staker,0.785763689,False,213,0.0,0.002295941,0,0,0,1,0.0,0.006188908
staker_01557,staker,small_persistent_staker,35.40732375,False,213,0.0,-0.365444587,0,0,0,1,0.0,0.437992026
staker_01558,staker,small_persistent_staker,7.36497037,False,214,0.0,-0.083959481,0,0,0,1,0.0,0.025487741
staker_01559,staker,small_persistent_staker,22.393707014,False,214,0.0,-0.490534869,0,0,0,1,0.0,0.177277659
staker_01560,staker,small_persistent_staker,3.765320895,False,214,0.0,0.01035853,0,0,0,1,0.0,0.012848222
staker_01561,staker,small_persistent_staker,3.016032462,False,215,0.0,-0.038944995,0,0,0,1,0.0,0.023681736
staker_01562,staker,small_persistent_staker,6.775564231,False,215,0.0,-0.132642728,0,0,0,1,0.0,0.053551405
staker_01563,staker,small_persistent_staker,17.308903374,False,215,0.0,0.023975246,0,0,0,1,0.0,0.05918247
staker_01564,staker,small_persistent_staker,9.65826416,False,215,0.0,-0.167789342,0,0,0,1,0.0,0.033643768
staker_01565,staker,small_persistent_staker,14.40810753,False,216,0.0,-0.292165278,0,0,0,1,0.0,0.063404483
staker_01566,staker,small_persistent_staker,6.715785459,False,216,0.0,-0.020124556,0,0,0,1,0.0,0.0
staker_01567,staker,small_persistent_staker,5.070922681,False,216,0.0,-0.112707786,0,0,0,1,0.0,0.266423905
staker_01568,staker,small_persistent_staker,7.915152797,False,216,0.0,-0.112344802,0,0,0,1,0.0,0.348287568
staker_01569,staker,small_persistent_staker,10.26848699,False,216,0.0,-0.145708922,0,0,0,1,0.0,0.0
staker_01570,staker,small_persistent_staker,7.093386933,False,216,0.0,-0.23401606,0,0,0,1,0.0,0.031604189
staker_01571,staker,small_persistent_staker,24.209927799,False,216,0.0,-0.458273884,0,0,0,1,0.0,0.106397656
staker_01572,staker,small_persistent_staker,4.359734613,False,216,0.0,-0.071415962,0,0,0,1,0.0,0.019112217
staker_01573,staker,small_persistent_staker,6.892522074,False,216,0.0,-0.173118886,0,0,0,1,0.0,0.332581213
staker_01574,staker,small_persistent_staker,10.963374212,False,217,0.0,-0.147171386,0,0,0,1,0.0,0.0
staker_01575,staker,small_persistent_staker,1.686523732,False,217,0.0,-0.004536102,0,0,0,1,0.0,0.0
staker_01576,staker,small_persistent_staker,10.862348016,False,217,0.0,-0.058874393,0,0,0,1,0.0,0.0
staker_01577,staker,small_persistent_staker,18.568840517,False,217,0.0,-0.015106757,0,0,0,1,0.0,0.0
staker_01578,staker,small_persistent_staker,9.698875975,False,217,0.0,-0.145888071,0,0,0,1,0.0,0.666236466
staker_01579,staker,small_persistent_staker,5.543354858,False,217,0.0,-0.069275763,0,0,0,1,0.0,0.15826484
staker_01580,staker,small_persistent_staker,44.937492358,False,217,0.0,-0.994948084,0,0,0,1,0.0,0.198174164
staker_01581,staker,small_persistent_staker,6.236476083,False,218,0.0,-0.128461293,0,0,0,1,0.0,0.027475529
staker_01582,staker,small_persistent_staker,1.377630829,False,218,0.0,-0.032094492,0,0,0,1,0.0,0.006085362
staker_01583,staker,small_persistent_staker,6.334059294,False,218,0.0,-0.064311039,0,0,0,1,0.0,0.0
staker_01584,staker,small_persistent_staker,12.018959204,False,218,0.0,-0.217436035,0,0,0,1,0.0,0.052820855
staker_01585,staker,small_persistent_staker,1.720029231,False,218,0.0,-0.008429246,0,0,0,1,0.0,0.0
staker_01586,staker,small_persistent_staker,29.942786518,False,218,0.0,-0.402137231,0,0,0,1,0.0,0.856107789
staker_01587,staker,small_persistent_staker,3.275935056,False,218,0.0,-0.085989322,0,0,0,1,0.0,0.014512421
staker_01588,staker,small_persistent_staker,0.869889965,False,219,0.0,-0.001931455,0,0,0,1,0.0,0.0
staker_01589,staker,small_persistent_staker,5.442410086,False,219,0.0,-0.114665177,0,0,0,1,0.0,0.241373835
staker_01590,staker,small_persistent_staker,1.639365921,False,219,0.0,-0.016153914,0,0,0,1,0.0,0.0
staker_01591,staker,small_persistent_staker,6.320733671,False,219,0.0,-0.035256557,0,0,0,1,0.0,0.0
staker_01592,staker,small_persistent_staker,7.161205933,False,219,0.0,-0.192273055,0,0,0,1,0.0,0.03175218
staker_01593,staker,small_persistent_staker,3.505625634,False,219,0.0,-0.065294452,0,0,0,1,0.0,0.015419164
staker_01594,staker,small_persistent_staker,16.087728661,False,220,0.0,-0.438284175,0,0,0,1,0.0,0.071391111
staker_01595,staker,small_persistent_staker,22.727497915,False,220,0.0,-0.512128953,0,0,0,1,0.0,0.100393409
staker_01596,staker,small_persistent_staker,9.595688289,False,220,0.0,-0.061065374,0,0,0,1,0.0,0.0
staker_01597,staker,small_persistent_staker,22.858679409,False,221,0.0,-0.414514148,0,0,0,1,0.0,3.777249476
staker_01598,staker,small_persistent_staker,18.71018634,False,221,0.0,-0.035119346,0,0,0,1,0.0,0.0
staker_01599,staker,small_persistent_staker,22.954332499,False,221,0.0,-0.297284011,0,0,0,1,0.0,0.656781134
staker_01600,staker,small_persistent_staker,4.454765549,False,221,0.0,-0.139460375,0,0,0,1,0.0,0.039179125
staker_01601,staker,small_persistent_staker,27.1929402,False,222,0.0,-0.042196247,0,0,0,1,0.0,0.0
staker_01602,staker,small_persistent_staker,5.671841998,False,222,0.0,-0.113702646,0,0,0,1,0.0,0.025012801
staker_01603,staker,small_persistent_staker,1.79106818,False,222,0.0,-0.019638302,0,0,0,1,0.0,0.05116307
staker_01604,staker,small_persistent_staker,9.400521578,False,222,0.0,-0.018108076,0,0,0,1,0.0,0.0
staker_01605,staker,small_persistent_staker,8.461528958,False,223,0.0,-0.248764407,0,0,0,1,0.0,0.037681381
staker_01606,staker,small_persistent_staker,24.830355662,False,223,0.0,-0.220026883,0,0,0,1,0.0,0.859206045
staker_01607,staker,small_persistent_staker,22.860996588,False,224,0.0,-0.561127398,0,0,0,1,0.0,4.265206738
staker_01608,staker,small_persistent_staker,6.755997525,False,224,0.0,0.0,0,0,0,1,0.0,0.0
staker_01609,staker,small_persistent_staker,47.194889291,False,224,0.0,-0.646766333,0,0,0,1,0.0,0.207038021
staker_01610,staker,small_persistent_staker,30.908759318,False,224,0.0,-0.470565486,0,0,0,1,0.0,0.0
staker_01611,staker,small_persistent_staker,2.858748423,False,224,0.0,-0.026371962,0,0,0,1,0.0,0.0
staker_01612,staker,small_persistent_staker,98.644561671,False,225,0.0,-1.355438329,0,0,0,1,0.0,0.0
staker_01613,staker,small_persistent_staker,14.106682152,False,225,0.0,-0.15158405,0,0,0,1,0.0,0.0
staker_01614,staker,small_persistent_staker,83.772802283,False,225,0.0,22.983741675,1,0,0,1,0.0,2.869547906
staker_01615,staker,small_persistent_staker,10.93535701,False,225,0.0,-0.335647523,0,0,0,1,0.0,0.04880385
staker_01616,staker,small_persistent_staker,15.737162058,False,225,0.0,-0.290609889,0,0,0,1,0.0,0.069400822
staker_01617,staker,small_persistent_staker,12.576137145,False,225,0.0,-0.247106597,0,0,0,1,0.0,0.055525101
staker_01618,staker,small_persistent_staker,19.898538212,False,226,0.0,-0.170709648,0,0,0,1,0.0,0.874476538
staker_01619,staker,small_persistent_staker,10.155920281,False,226,0.0,-0.290233939,0,0,0,1,0.0,0.045249135
staker_01620,staker,small_persistent_staker,6.853788817,False,227,0.0,-0.184691331,0,0,0,1,0.0,0.030500333
staker_01621,staker,small_persistent_staker,15.481810537,False,227,0.0,-0.133674626,0,0,0,1,0.0,1.148417297
staker_01622,staker,small_persistent_staker,3.634197236,False,227,0.0,-0.018933761,0,0,0,1,0.0,0.0
staker_01623,staker,small_persistent_staker,11.435124191,False,228,0.0,-0.119513293,0,0,0,1,0.0,0.0
staker_01624,staker,small_persistent_staker,1.385628046,False,228,0.0,-0.00722448,0,0,0,1,0.0,0.0
staker_01625,staker,small_persistent_staker,2.756031705,False,228,0.0,-0.027798277,0,0,0,1,0.0,0.07888748
staker_01626,staker,small_persistent_staker,43.128294636,False,228,0.0,-0.245413815,0,0,0,1,0.0,0.0
staker_01627,staker,small_persistent_staker,8.170458291,False,228,0.0,-0.188980017,0,0,0,1,0.0,0.036245326
staker_01628,staker,small_persistent_staker,7.730551461,False,228,0.0,-0.141314014,0,0,0,1,0.0,0.03413128
staker_01629,staker,small_persistent_staker,4.94120458,False,228,0.0,-0.032538879,0,0,0,1,0.0,0.17098075
staker_01630,staker,small_persistent_staker,2.459647684,False,228,0.0,-0.063305223,0,0,0,1,0.0,0.010939162
staker_01631,staker,small_persistent_staker,8.285781614,False,228,0.0,-0.115072551,0,0,0,1,0.0,0.366405153
staker_01632,staker,small_persistent_staker,15.324600126,False,228,0.0,-0.137198373,0,0,0,1,0.0,0.438152592
staker_01633,staker,small_persistent_staker,6.614011379,False,228,0.0,-0.085848126,0,0,0,1,0.0,0.0
staker_01634,staker,small_persistent_staker,13.052844562,False,228,0.0,-0.060476524,0,0,0,1,0.0,0.0
staker_01635,staker,small_persistent_staker,14.186833275,False,229,0.0,-0.150270713,0,0,0,1,0.0,0.062192281
staker_01636,staker,small_persistent_staker,6.998499756,False,229,0.0,-0.089698033,0,0,0,1,0.0,0.0
staker_01637,staker,small_persistent_staker,8.514994987,False,229,0.0,-0.029464204,0,0,0,1,0.0,0.333479848
staker_01638,staker,small_persistent_staker,3.492505301,False,229,0.0,-0.054557066,0,0,0,1,0.0,0.015386643
staker_01639,staker,small_persistent_staker,2.067293976,False,230,0.0,-0.00614428,0,0,0,1,0.0,0.0
staker_01640,staker,small_persistent_staker,5.286099435,False,230,0.0,-0.019495123,0,0,0,1,0.0,0.0
staker_01641,staker,small_persistent_staker,8.551473496,False,230,0.0,-0.160616943,0,0,0,1,0.0,0.037809948
staker_01642,staker,small_persistent_staker,14.92255172,False,230,0.0,-0.203597151,0,0,0,1,0.0,0.660351693
staker_01643,staker,small_persistent_staker,7.994218185,False,230,0.0,-0.161385156,0,0,0,1,0.0,0.035394828
staker_01644,staker,small_persistent_staker,8.007781809,False,231,0.0,-0.03024015,0,0,0,1,0.0,0.0
staker_01645,staker,small_persistent_staker,15.61808339,False,231,0.0,-0.414659038,0,0,0,1,0.0,0.069615226
staker_01646,staker,small_persistent_staker,27.198028715,False,231,0.0,-0.202242449,0,0,0,1,0.0,0.0
staker_01647,staker,small_persistent_staker,2.943461398,False,232,0.0,-0.039888218,0,0,0,1,0.0,0.012960319
staker_01648,staker,small_persistent_staker,14.519419039,False,232,0.0,-0.268495981,0,0,0,1,0.0,0.064241915
staker_01649,staker,small_persistent_staker,50.500929491,False,232,0.0,-0.376028917,0,0,0,1,0.0,0.0
staker_01650,staker,small_persistent_staker,34.075614444,False,232,0.0,-0.189600252,0,0,0,1,0.0,0.972871449
staker_01651,staker,small_persistent_staker,7.101524114,False,232,0.0,-0.026051565,0,0,0,1,0.0,0.278588594
staker_01652,staker,staker_whale,143.912808201,False,232,0.0,-2.266806482,0,0,0,1,0.0,0.635035999
staker_01653,staker,small_persistent_staker,33.059198055,False,232,0.0,-0.074632017,0,0,0,1,0.0,0.0
staker_01654,staker,small_persistent_staker,14.688812125,False,233,0.0,-0.084055244,0,0,0,1,0.0,0.419595825
staker_01655,staker,small_persistent_staker,12.365201065,False,233,0.0,-0.175865304,0,0,0,1,0.0,0.054501739
staker_01656,staker,small_persistent_staker,8.299403597,False,233,0.0,-0.109319738,0,0,0,1,0.0,0.0
staker_01657,staker,small_persistent_staker,18.558758598,False,234,0.0,-0.131308431,0,0,0,1,0.0,0.0
staker_01658,staker,small_persistent_staker,11.263225942,False,234,0.0,-0.159594126,0,0,0,1,0.0,0.591764622
staker_01659,staker,small_persistent_staker,14.329463045,False,234,0.0,-0.312238543,0,0,0,1,0.0,0.063653549
staker_01660,staker,small_persistent_staker,4.3419021,False,234,0.0,-0.045766057,0,0,0,1,0.0,0.191879274
staker_01661,staker,small_persistent_staker,14.228119285,False,234,0.0,-0.18162513,0,0,0,1,0.0,0.630159621
staker_01662,staker,small_persistent_staker,17.481148837,False,234,0.0,-0.100417293,0,0,0,1,0.0,0.0
staker_01663,staker,small_persistent_staker,10.291309506,False,234,0.0,-0.198530314,0,0,0,1,0.0,1.422263515
staker_01664,staker,small_persistent_staker,2.06697118,False,234,0.0,-0.021115121,0,0,0,1,0.0,0.009077777
staker_01665,staker,small_persistent_staker,14.782913393,False,234,0.0,-0.151014689,0,0,0,1,0.0,0.064923979
staker_01666,staker,small_persistent_staker,10.878681368,False,234,0.0,-0.062794418,0,0,0,1,0.0,0.310883338
staker_01667,staker,small_persistent_staker,12.302823694,False,234,0.0,-0.144300252,0,0,0,1,0.0,0.05411281
staker_01668,staker,small_persistent_staker,39.660061737,False,235,0.0,-0.842046782,0,0,0,1,0.0,0.176175736
staker_01669,staker,small_persistent_staker,6.139775812,False,235,0.0,-0.024397318,0,0,0,1,0.0,0.212584805
staker_01670,staker,small_persistent_staker,1.256039686,False,235,0.0,-0.012226945,0,0,0,1,0.0,0.0
staker_01671,staker,small_persistent_staker,19.636871592,False,235,0.0,-0.271627145,0,0,0,1,0.0,0.379102927
staker_01672,staker,small_persistent_staker,4.23357836,False,236,0.0,-0.081022406,0,0,0,1,0.0,0.018780761
staker_01673,staker,small_persistent_staker,5.636324399,False,236,0.0,-0.001535328,0,0,0,1,0.0,0.0
staker_01674,staker,small_persistent_staker,4.443944962,False,236,0.0,-0.041582242,0,0,0,1,0.0,0.265014034
staker_01675,staker,small_persistent_staker,14.925689285,False,237,0.0,-0.00658553,0,0,0,1,0.0,0.0
staker_01676,staker,small_persistent_staker,13.526819236,False,237,0.0,-0.082469017,0,0,0,1,0.0,0.53313382
staker_01677,staker,small_persistent_staker,28.527235662,False,237,0.0,0.00759386,0,0,0,1,0.0,1.117235913
staker_01678,staker,small_persistent_staker,49.264590907,False,237,0.0,-0.207775408,0,0,0,1,0.0,0.0
staker_01679,staker,small_persistent_staker,11.890037405,False,237,0.0,-0.242385447,0,0,0,1,0.0,0.142755533
staker_01680,staker,small_persistent_staker,4.163928336,False,237,0.0,-0.089347369,0,0,0,1,0.0,0.018518866
staker_01681,staker,small_persistent_staker,13.379734011,False,238,0.0,-0.12465948,0,0,0,1,0.0,0.0
staker_01682,staker,small_persistent_staker,9.933886702,False,238,0.0,-0.028377614,0,0,0,1,0.0,0.283616155
staker_01683,staker,small_persistent_staker,15.85843808,False,238,0.0,-0.147753658,0,0,0,1,0.0,0.0
staker_01684,staker,small_persistent_staker,16.315379719,False,239,0.0,-0.149520181,0,0,0,1,0.0,0.071761659
staker_01685,staker,small_persistent_staker,3.097768019,False,239,0.0,-0.011305292,0,0,0,1,0.0,0.136309951
staker_01686,staker,small_persistent_staker,2.01260598,False,240,0.0,-0.00790176,0,0,0,1,0.0,0.169827462
staker_01687,staker,small_persistent_staker,20.029572774,False,240,0.0,-0.122413034,0,0,0,1,0.0,0.0
staker_01688,staker,small_persistent_staker,5.984884843,False,240,0.0,-0.039037739,0,0,0,1,0.0,0.527622693
staker_01689,staker,small_persistent_staker,14.730710615,False,240,0.0,-0.191669439,0,0,0,1,0.0,0.065069471
staker_01690,staker,small_persistent_staker,3.744673698,False,240,0.0,-0.03252725,0,0,0,1,0.0,0.016470594
staker_01691,staker,small_persistent_staker,3.402436953,False,240,0.0,-0.018160212,0,0,0,1,0.0,0.014915613
staker_01692,staker,small_persistent_staker,6.652105815,False,240,0.0,-0.102247504,0,0,0,1,0.0,0.029452553
staker_01693,staker,small_persistent_staker,3.297975267,False,240,0.0,-0.00146583,0,0,0,1,0.0,0.129446264
staker_01694,staker,small_persistent_staker,17.792856826,False,240,0.0,-0.010706837,0,0,0,1,0.0,1.217703892
staker_01695,staker,small_persistent_staker,91.142897004,False,241,0.0,-0.444209228,0,0,0,1,0.0,8.025575298
staker_01696,staker,small_persistent_staker,2.991465884,False,241,0.0,-0.018233569,0,0,0,1,0.0,0.132075809
staker_01697,staker,small_persistent_staker,9.970176965,False,241,0.0,-0.136505046,0,0,0,1,0.0,0.443515448
staker_01698,staker,small_persistent_staker,16.776256038,False,241,0.0,-0.112715831,0,0,0,1,0.0,0.073678393
staker_01699,staker,small_persistent_staker,2.562230938,False,242,0.0,-0.001040227,0,0,0,1,0.0,0.088715188
staker_01700,staker,small_persistent_staker,6.411942484,False,242,0.0,-0.100779042,0,0,0,1,0.0,0.028430009
staker_01701,staker,small_persistent_staker,5.260539104,False,242,0.0,-0.019122715,0,0,0,1,0.0,0.0
staker_01702,staker,staker_whale,161.429519961,False,242,0.0,-1.34702947,0,0,0,1,0.0,9.644709159
staker_01703,staker,small_persistent_staker,6.346223218,False,242,0.0,-0.051329465,0,0,0,1,0.0,0.027927262
staker_01704,staker,small_persistent_staker,5.040982078,False,242,0.0,-0.116359462,0,0,0,1,0.0,0.022513364
staker_01705,staker,small_persistent_staker,17.552257166,False,242,0.0,-0.063804642,0,0,0,1,0.0,0.0
staker_01706,staker,small_persistent_staker,13.992611574,False,242,0.0,-0.023095261,0,0,0,1,0.0,0.399871054
staker_01707,staker,small_persistent_staker,2.806891841,False,242,0.0,-0.017252238,0,0,0,1,0.0,0.0
staker_01708,staker,small_persistent_staker,5.981489675,False,243,0.0,-0.065225966,0,0,0,1,0.0,0.026408969
staker_01709,staker,small_persistent_staker,21.868138963,False,243,0.0,-0.440388922,0,0,0,1,0.0,0.09743227
staker_01710,staker,small_persistent_staker,4.630593619,False,243,0.0,-0.032778253,0,0,0,1,0.0,0.020367229
staker_01711,staker,small_persistent_staker,47.222884696,False,243,0.0,-0.11551971,0,0,0,1,0.0,0.0
staker_01712,staker,small_persistent_staker,19.423939315,False,243,0.0,-0.233057981,0,0,0,1,0.0,0.863599347
staker_01713,staker,small_persistent_staker,7.664363705,False,243,0.0,-0.112990304,0,0,0,1,0.0,0.033967515
staker_01714,staker,small_persistent_staker,24.194774651,False,244,0.0,-0.316931163,0,0,0,1,0.0,0.107123656
staker_01715,staker,small_persistent_staker,77.200825482,False,244,0.0,-1.087637071,0,0,0,1,0.0,0.34214454
staker_01716,staker,small_persistent_staker,17.482739428,False,244,0.0,0.020145222,0,0,0,1,0.0,0.68664233
staker_01717,staker,small_persistent_staker,13.174426888,False,244,0.0,-0.303044458,0,0,0,1,0.0,0.058900674
staker_01718,staker,small_persistent_staker,7.489340722,False,244,0.0,-0.072554181,0,0,0,1,0.0,0.033047795
staker_01719,staker,small_persistent_staker,2.830422831,False,245,0.0,-0.01988474,0,0,0,1,0.0,0.0
staker_01720,staker,small_persistent_staker,15.077738267,False,245,0.0,-0.079765492,0,0,0,1,0.0,0.899557958
staker_01721,staker,small_persistent_staker,21.000365272,False,245,0.0,-0.00944069,0,0,0,1,0.0,0.0
staker_01722,staker,small_persistent_staker,10.089987694,False,245,0.0,-0.2161801,0,0,0,1,0.0,0.045062561
staker_01723,staker,small_persistent_staker,4.249765761,False,246,0.0,-0.046526366,0,0,0,1,0.0,0.189047474
staker_01724,staker,small_persistent_staker,41.569464779,False,246,0.0,-0.118981918,0,0,0,1,0.0,0.182359993
staker_01725,staker,staker_whale,198.575858367,False,246,0.0,-1.573502403,0,0,0,1,0.0,10.433082705
staker_01726,staker,small_persistent_staker,6.53259255,False,246,0.0,0.020101511,0,0,0,1,0.0,0.549122472
staker_01727,staker,small_persistent_staker,99.453155445,False,246,0.0,-0.546844555,0,0,0,1,0.0,0.437435328
staker_01728,staker,small_persistent_staker,9.397973845,False,246,0.0,-0.151474961,0,0,0,1,0.0,0.041772663
staker_01729,staker,staker_whale,147.206083767,False,246,0.0,27.951018784,1,0,0,1,0.0,8.224713806
staker_01730,staker,small_persistent_staker,18.427974444,False,246,0.0,-0.266495345,0,0,0,1,0.0,0.081776215
staker_01731,staker,small_persistent_staker,12.210689401,False,246,0.0,-0.239846334,0,0,0,1,0.0,0.054463042
staker_01732,staker,small_persistent_staker,4.865930164,False,247,0.0,0.013514186,0,0,0,1,0.0,0.168376026
staker_01733,staker,small_persistent_staker,9.121007219,False,247,0.0,-0.20201079,0,0,0,1,0.0,0.040802787
staker_01734,staker,small_persistent_staker,11.221688702,False,247,0.0,-0.123041064,0,0,0,1,0.0,0.049650938
staker_01735,staker,small_persistent_staker,28.680295432,False,247,0.0,-0.508135659,0,0,0,1,0.0,0.252063169
staker_01736,staker,small_persistent_staker,4.653633522,False,248,0.0,-0.006449226,0,0,0,1,0.0,0.0
staker_01737,staker,small_persistent_staker,12.392652517,False,248,0.0,0.051007052,0,0,0,1,0.0,0.486156435
staker_01738,staker,small_persistent_staker,7.799344232,False,248,0.0,-0.054834628,0,0,0,1,0.0,0.345905141
staker_01739,staker,small_persistent_staker,6.638322036,False,248,0.0,-0.097963435,0,0,0,1,0.0,0.079701785
staker_01740,staker,small_persistent_staker,5.458194336,False,248,0.0,-0.039672101,0,0,0,1,0.0,0.024070615
staker_01741,staker,small_persistent_staker,11.234298971,False,248,0.0,-0.171110842,0,0,0,1,0.0,0.049934868
staker_01742,staker,small_persistent_staker,10.347594845,False,248,0.0,0.02921137,0,0,0,1,0.0,0.454430941
staker_01743,staker,small_persistent_staker,15.960354803,False,248,0.0,-0.000945707,0,0,0,1,0.0,1.185986765
staker_01744,staker,small_persistent_staker,77.057956016,False,249,0.0,-0.858954615,0,0,0,1,0.0,0.341367421
staker_01745,staker,small_persistent_staker,1.552268245,False,249,0.0,-0.007764684,0,0,0,1,0.0,0.006834773
staker_01746,staker,staker_whale,115.816839025,False,250,0.0,15.816839025,1,0,0,1,0.0,4.485667874
staker_01747,staker,small_persistent_staker,8.497433504,False,250,0.0,-0.147367982,0,0,0,1,0.0,0.037900897
staker_01748,staker,staker_whale,391.008766421,False,250,0.0,50.089616598,2,0,0,1,0.0,12.358677928
staker_01749,staker,small_persistent_staker,16.606769179,False,250,0.0,-0.03488981,0,0,0,1,0.0,0.0
staker_01750,staker,small_persistent_staker,1.592388902,False,251,0.0,-0.029425913,0,0,0,1,0.0,0.007115192
staker_01751,staker,small_persistent_staker,3.431035258,False,251,0.0,-0.043486351,0,0,0,1,0.0,0.04119409
staker_01752,staker,small_persistent_staker,1.989280663,False,251,0.0,0.012649107,0,0,0,1,0.0,0.147173502
staker_01753,staker,small_persistent_staker,4.674547506,False,252,0.0,-0.044458744,0,0,0,1,0.0,0.646024528
staker_01754,staker,small_persistent_staker,0.741874039,False,252,0.0,-0.008125961,0,0,0,1,0.0,0.00329215
staker_01755,staker,staker_whale,149.776073287,False,252,0.0,-2.248964427,0,0,0,1,0.0,0.667318916
staker_01756,staker,small_persistent_staker,9.709251467,False,252,0.0,0.023323037,0,0,0,1,0.0,0.427683791
staker_01757,staker,small_persistent_staker,7.648511365,False,252,0.0,-0.04026976,0,0,0,1,0.0,0.033750158
staker_01758,staker,small_persistent_staker,6.828559657,False,252,0.0,-0.072509498,0,0,0,1,0.0,0.030292471
staker_01759,staker,small_persistent_staker,4.521354904,False,253,0.0,0.040424812,0,0,0,1,0.0,0.177073592
staker_01760,staker,small_persistent_staker,29.243967767,False,253,0.0,-0.073043939,0,0,0,1,0.0,0.0
staker_01761,staker,small_persistent_staker,42.503259013,False,253,0.0,0.409502059,0,0,0,1,0.0,1.663425354
staker_01762,staker,small_persistent_staker,11.895180702,False,253,0.0,-0.01698335,0,0,0,1,0.0,0.052319831
staker_01763,staker,small_persistent_staker,6.733865312,False,253,0.0,0.007130625,0,0,0,1,0.0,0.767204148
staker_01764,staker,small_persistent_staker,5.698546084,False,253,0.0,0.010588964,0,0,0,1,0.0,0.224771861
staker_01765,staker,small_persistent_staker,14.483952662,False,253,0.0,0.064719922,0,0,0,1,0.0,0.413912256
staker_01766,staker,small_persistent_staker,3.514362045,False,254,0.0,-0.022398838,0,0,0,1,0.0,0.015538591
staker_01767,staker,staker_whale,99.565076217,False,254,0.0,-0.434923783,0,0,0,1,0.0,0.439345243
staker_01768,staker,small_persistent_staker,11.180162806,False,254,0.0,-0.112376349,0,0,0,1,0.0,0.049613234
staker_01769,staker,small_persistent_staker,1.974978821,False,254,0.0,-0.017272779,0,0,0,1,0.0,0.008752863
staker_01770,staker,small_persistent_staker,24.857893947,False,254,0.0,-0.017412715,0,0,0,1,0.0,0.0
staker_01771,staker,small_persistent_staker,5.7190204,False,255,0.0,0.056799081,0,0,0,1,0.0,0.223978764
staker_01772,staker,small_persistent_staker,11.604013991,False,255,0.0,0.0,0,0,0,1,0.0,0.0
staker_01773,staker,small_persistent_staker,45.58773435,False,255,0.0,0.0,0,0,0,1,0.0,0.0
staker_01774,staker,small_persistent_staker,6.529479162,False,256,0.0,0.030274718,0,0,0,1,0.0,0.186824806
staker_01775,staker,small_persistent_staker,9.891515793,False,256,0.0,0.020471494,0,0,0,1,0.0,0.043415717
staker_01776,staker,small_persistent_staker,22.846224558,False,256,0.0,0.011517836,0,0,0,1,0.0,1.010281806
staker_01777,staker,small_persistent_staker,15.820913106,False,256,0.0,-0.058607553,0,0,0,1,0.0,1.813644822
staker_01778,staker,small_persistent_staker,10.281862259,False,256,0.0,0.079203506,0,0,0,1,0.0,0.355783797
staker_01779,staker,small_persistent_staker,2.731880482,False,256,0.0,0.015817296,0,0,0,1,0.0,0.107481497
staker_01780,staker,small_persistent_staker,7.290698718,False,256,0.0,-0.003847825,0,0,0,1,0.0,0.032083532
staker_01781,staker,small_persistent_staker,3.888173304,False,256,0.0,-0.00212455,0,0,0,1,0.0,0.0
staker_01782,staker,small_persistent_staker,4.763496388,False,256,0.0,0.010314844,0,0,0,1,0.0,0.487158189
staker_01783,staker,small_persistent_staker,14.006374511,False,256,0.0,0.097029128,0,0,0,1,0.0,0.550428011
staker_01784,staker,small_persistent_staker,3.264167325,False,257,0.0,0.0,0,0,0,1,0.0,0.0
staker_01785,staker,small_persistent_staker,14.257333029,False,257,0.0,-0.007813936,0,0,0,1,0.0,0.0
staker_01786,staker,staker_whale,208.833172222,False,257,0.0,-0.785273078,0,0,0,1,0.0,9.279270366
staker_01787,staker,small_persistent_staker,8.38635756,False,257,0.0,0.008122636,0,0,0,1,0.0,0.036870043
staker_01788,staker,small_persistent_staker,5.23633451,False,257,0.0,-0.058838144,0,0,0,1,0.0,0.023302431
staker_01789,staker,small_persistent_staker,1.823157844,False,257,0.0,0.009891689,0,0,0,1,0.0,0.080268637
staker_01790,staker,small_persistent_staker,12.147651004,False,257,0.0,-0.074144044,0,0,0,1,0.0,0.053784373
staker_01791,staker,small_persistent_staker,61.798628341,False,258,0.0,-0.343134602,0,0,0,1,0.0,0.273616724
staker_01792,staker,small_persistent_staker,2.074560066,False,258,0.0,0.013539175,0,0,0,1,0.0,0.091286106
staker_01793,staker,small_persistent_staker,14.525791878,False,258,0.0,-0.009315642,0,0,0,1,0.0,0.762644085
staker_01794,staker,small_persistent_staker,4.288762963,False,258,0.0,-0.033611411,0,0,0,1,0.0,0.019031869
staker_01795,staker,small_persistent_staker,31.219104969,False,258,0.0,-0.424248318,0,0,0,1,0.0,0.139329016
staker_01796,staker,small_persistent_staker,2.685368656,False,258,0.0,-0.015478823,0,0,0,1,0.0,0.11962511
staker_01797,staker,small_persistent_staker,34.920905132,False,259,0.0,-0.338725908,0,0,0,1,0.0,1.400291286
staker_01798,staker,small_persistent_staker,4.439103174,False,259,0.0,0.015608481,0,0,0,1,0.0,0.107346315
staker_01799,staker,small_persistent_staker,2.785392844,False,259,0.0,0.004613559,0,0,0,1,0.0,0.067482032
staker_01800,staker,small_persistent_staker,11.115468533,False,260,0.0,-0.050618106,0,0,0,1,0.0,0.443757523
staker_01801,staker,small_persistent_staker,7.605951151,False,260,0.0,0.024905407,0,0,0,1,0.0,0.184100455
staker_01802,staker,small_persistent_staker,3.979151826,False,260,0.0,-0.007723553,0,0,0,1,0.0,0.333821853
staker_01803,staker,small_persistent_staker,11.252438874,False,260,0.0,0.003045813,0,0,0,1,0.0,0.273183734
staker_01804,staker,small_persistent_staker,8.53397256,False,260,0.0,0.051979543,0,0,0,1,0.0,0.297573268
staker_01805,staker,small_persistent_staker,16.714396533,False,260,0.0,-0.131754603,0,0,0,1,0.0,0.0
staker_01806,staker,small_persistent_staker,12.671635351,False,260,0.0,0.0,0,0,0,1,0.0,0.0
staker_01807,staker,small_persistent_staker,8.383333209,False,260,0.0,0.042930008,0,0,0,1,0.0,0.253500605
staker_01808,staker,small_persistent_staker,30.676863803,False,261,0.0,-0.12345326,0,0,0,1,0.0,1.224697731
staker_01809,staker,small_persistent_staker,5.393098314,False,261,0.0,0.013177001,0,0,0,1,0.0,0.188843012
staker_01810,staker,small_persistent_staker,15.196902097,False,261,0.0,-0.154863295,0,0,0,1,0.0,0.0
staker_01811,staker,small_persistent_staker,25.889741025,False,261,0.0,-0.122528966,0,0,0,1,0.0,0.385646022
staker_01812,staker,small_persistent_staker,10.979126262,False,262,0.0,-0.007421483,0,0,0,1,0.0,0.0
staker_01813,staker,small_persistent_staker,1.335271876,False,262,0.0,0.007298294,0,0,0,1,0.0,0.046641811
staker_01814,staker,small_persistent_staker,19.460804657,False,262,0.0,-0.272220304,0,0,0,1,0.0,0.0
staker_01815,staker,small_persistent_staker,12.783005961,False,262,0.0,-0.032263688,0,0,0,1,0.0,0.509873505
staker_01816,staker,small_persistent_staker,30.859155157,False,262,0.0,0.173130074,0,0,0,1,0.0,1.979117082
staker_01817,staker,small_persistent_staker,2.143336998,False,262,0.0,0.013380089,0,0,0,1,0.0,0.064811598
staker_01818,staker,small_persistent_staker,21.583082762,False,262,0.0,0.089786932,0,0,0,1,0.0,2.105236254
staker_01819,staker,small_persistent_staker,17.466618113,False,262,0.0,0.000887245,0,0,0,1,0.0,0.694898638
staker_01820,staker,small_persistent_staker,10.549640079,False,262,0.0,-0.000298189,0,0,0,1,0.0,0.941582506
staker_01821,staker,small_persistent_staker,99.193061168,False,262,0.0,-0.806938832,0,0,0,1,0.0,0.0
staker_01822,staker,small_persistent_staker,22.064367186,False,263,0.0,-0.293526172,0,0,0,1,0.0,0.0
staker_01823,staker,small_persistent_staker,0.996119583,False,263,0.0,0.005574084,0,0,0,1,0.0,0.079558204
staker_01824,staker,small_persistent_staker,88.190269115,False,264,0.0,-0.133528636,0,0,0,1,0.0,0.0
staker_01825,staker,small_persistent_staker,9.145230294,False,264,0.0,0.085561239,0,0,0,1,0.0,0.318532297
staker_01826,staker,staker_whale,261.268820386,False,264,0.0,18.65502635,1,0,0,1,0.0,25.060275
staker_01827,staker,small_persistent_staker,5.283092722,False,264,0.0,0.044908318,0,0,0,1,0.0,0.159557739
staker_01828,staker,small_persistent_staker,99.915720405,False,264,0.0,-0.084279595,0,0,0,1,0.0,8.934363911
staker_01829,staker,small_persistent_staker,12.342936969,False,264,0.0,0.101848325,0,0,0,1,0.0,0.43038902
staker_01830,staker,small_persistent_staker,8.202726812,False,265,0.0,0.067023113,0,0,0,1,0.0,0.286174728
staker_01831,staker,small_persistent_staker,26.026993552,False,265,0.0,0.181548046,0,0,0,1,0.0,1.815612823
staker_01832,staker,small_persistent_staker,17.002093558,False,265,0.0,0.022212344,0,0,0,1,0.0,2.729926215
staker_01833,staker,staker_whale,144.3960343,False,266,0.0,44.3960343,2,0,0,1,0.0,13.125205371
staker_01834,staker,small_persistent_staker,5.406101146,False,266,0.0,-0.020429607,0,0,0,1,0.0,0.216334055
staker_01835,staker,small_persistent_staker,9.783544636,False,266,0.0,-0.011129957,0,0,0,1,0.0,0.0
staker_01836,staker,small_persistent_staker,9.877097828,False,266,0.0,0.055492154,0,0,0,1,0.0,0.345649859
staker_01837,staker,small_persistent_staker,3.154988524,False,266,0.0,-0.002184383,0,0,0,1,0.0,0.151666722
staker_01838,staker,small_persistent_staker,17.533461174,False,266,0.0,-0.26079622,0,0,0,1,0.0,0.0
staker_01839,staker,small_persistent_staker,14.785800689,False,266,0.0,-0.033999026,0,0,0,1,0.0,0.59080608
staker_01840,staker,small_persistent_staker,18.024049369,False,267,0.0,-0.039118876,0,0,0,1,0.0,0.0
staker_01841,staker,small_persistent_staker,17.060126521,False,267,0.0,0.097603851,0,0,0,1,0.0,0.413445614
staker_01842,staker,small_persistent_staker,6.656187333,False,267,0.0,0.034040856,0,0,0,1,0.0,0.233183056
staker_01843,staker,small_persistent_staker,2.935297068,False,267,0.0,-0.034903092,0,0,0,1,0.0,0.0
staker_01844,staker,staker_whale,116.718431638,False,267,0.0,16.718431638,1,0,0,1,0.0,8.130374658
staker_01845,staker,small_persistent_staker,22.929227193,False,267,0.0,-0.327966658,0,0,0,1,0.0,0.0
staker_01846,staker,small_persistent_staker,7.266111904,False,267,0.0,0.044886465,0,0,0,1,0.0,0.25427819
staker_01847,staker,small_persistent_staker,1.05623709,False,268,0.0,0.000451229,0,0,0,1,0.0,0.103737403
staker_01848,staker,small_persistent_staker,1.83261669,False,268,0.0,0.000815067,0,0,0,1,0.0,0.088097616
staker_01849,staker,small_persistent_staker,4.900704743,False,268,0.0,-0.043007538,0,0,0,1,0.0,0.615132073
staker_01850,staker,small_persistent_staker,9.603225829,False,268,0.0,-0.004475924,0,0,0,1,0.0,0.0
staker_01851,staker,staker_whale,178.661239766,False,268,0.0,17.938356296,1,0,0,1,0.0,4.25769681
staker_01852,staker,small_persistent_staker,2.241878203,False,269,0.0,-0.00378662,0,0,0,1,0.0,0.0
staker_01853,staker,small_persistent_staker,3.701924297,False,269,0.0,0.025006748,0,0,0,1,0.0,0.089714714
staker_01854,staker,small_persistent_staker,7.839531907,False,269,0.0,0.076946148,0,0,0,1,0.0,0.237056792
staker_01855,staker,small_persistent_staker,5.81085901,False,269,0.0,-0.031911568,0,0,0,1,0.0,0.0
staker_01856,staker,small_persistent_staker,3.286477161,False,269,0.0,-0.005963614,0,0,0,1,0.0,0.131466998
staker_01857,staker,small_persistent_staker,29.586079007,False,269,0.0,0.272488682,0,0,0,1,0.0,0.895189555
staker_01858,staker,small_persistent_staker,9.250727387,False,269,0.0,0.069252,0,0,0,1,0.0,0.224022819
staker_01859,staker,small_persistent_staker,10.128072493,False,269,0.0,0.103870947,0,0,0,1,0.0,0.353345718
staker_01860,staker,small_persistent_staker,7.58054234,False,270,0.0,-0.034400774,0,0,0,1,0.0,0.0
staker_01861,staker,small_persistent_staker,43.367399613,False,270,0.0,0.523266197,0,0,0,1,0.0,3.017682155
staker_01862,staker,staker_whale,99.833709696,False,270,0.0,-0.166290304,0,0,0,1,0.0,4.371711362
staker_01863,staker,small_persistent_staker,17.100840102,False,270,0.0,-0.205306057,0,0,0,1,0.0,0.0
staker_01864,staker,small_persistent_staker,31.909630487,False,270,0.0,0.271246311,0,0,0,1,0.0,0.772365924
staker_01865,staker,small_persistent_staker,44.055403626,False,271,0.0,0.114216568,0,0,0,1,0.0,1.756549054
staker_01866,staker,small_persistent_staker,2.520652566,False,271,0.0,0.029984256,0,0,0,1,0.0,0.087893278
staker_01867,staker,small_persistent_staker,4.004889867,False,271,0.0,-0.027354617,0,0,0,1,0.0,0.030291109
staker_01868,staker,small_persistent_staker,22.883689644,False,271,0.0,0.248801924,0,0,0,1,0.0,1.595222157
staker_01869,staker,small_persistent_staker,17.224642459,False,271,0.0,0.165931669,0,0,0,1,0.0,0.521533154
staker_01870,staker,small_persistent_staker,2.257495822,False,271,0.0,0.01880449,0,0,0,1,0.0,0.079001254
staker_01871,staker,small_persistent_staker,8.878057348,False,271,0.0,0.076392768,0,0,0,1,0.0,0.214997951
staker_01872,staker,small_persistent_staker,51.345051523,False,272,0.0,0.465289334,0,0,0,1,0.0,4.287598752
staker_01873,staker,small_persistent_staker,9.528258306,False,272,0.0,-0.058331269,0,0,0,1,0.0,0.0
staker_01874,staker,staker_whale,159.014392924,False,273,0.0,17.509944569,1,0,0,1,0.0,13.382856626
staker_01875,staker,small_persistent_staker,5.979037385,False,273,0.0,-0.034539512,0,0,0,1,0.0,0.045222635
staker_01876,staker,small_persistent_staker,11.742975075,False,274,0.0,-0.091174644,0,0,0,1,0.0,0.050901312
staker_01877,staker,staker_whale,99.2295632,False,274,0.0,-0.7704368,0,0,0,1,0.0,0.430122259
staker_01878,staker,small_persistent_staker,11.36323001,False,274,0.0,-0.04582545,0,0,0,1,0.0,0.0
staker_01879,staker,small_persistent_staker,17.20415292,False,274,0.0,-0.047052718,0,0,0,1,0.0,0.0
staker_01880,staker,small_persistent_staker,3.29009549,False,274,0.0,0.031184315,0,0,0,1,0.0,0.079734201
staker_01881,staker,staker_whale,100.682164028,False,275,0.0,0.682164028,0,0,0,1,0.0,11.039287818
staker_01882,staker,small_persistent_staker,17.898486893,False,275,0.0,0.046528577,0,0,0,1,0.0,0.266610634
staker_01883,staker,staker_whale,99.718960257,False,275,0.0,-0.281039743,0,0,0,1,0.0,0.0
staker_01884,staker,small_persistent_staker,20.452255932,False,275,0.0,0.274492461,0,0,0,1,0.0,0.618123097
staker_01885,staker,small_persistent_staker,42.305863853,False,275,0.0,-0.304320114,0,0,0,1,0.0,0.0
staker_01886,staker,small_persistent_staker,4.848851089,False,276,0.0,0.057032939,0,0,0,1,0.0,0.117365425
staker_01887,staker,small_persistent_staker,27.484371108,False,276,0.0,-0.072008065,0,0,0,1,0.0,0.0
staker_01888,staker,small_persistent_staker,6.546626166,False,276,0.0,0.057505245,0,0,0,1,0.0,0.158937258
staker_01889,staker,small_persistent_staker,31.493915811,False,276,0.0,0.098377695,0,0,0,1,0.0,1.258423357
staker_01890,staker,small_persistent_staker,2.051449163,False,276,0.0,-0.008453487,0,0,0,1,0.0,0.0155162
staker_01891,staker,small_persistent_staker,4.979107487,False,276,0.0,0.055520461,0,0,0,1,0.0,0.398128106
staker_01892,staker,small_persistent_staker,28.671681725,False,277,0.0,-0.180612926,0,0,0,1,0.0,0.0
staker_01893,staker,small_persistent_staker,1.083532533,False,277,0.0,0.003254167,0,0,0,1,0.0,0.05221297
staker_01894,staker,small_persistent_staker,5.734420595,False,277,0.0,0.054073333,0,0,0,1,0.0,0.511095499
staker_01895,staker,small_persistent_staker,7.325083944,False,277,0.0,0.081216163,0,0,0,1,0.0,0.256492805
staker_01896,staker,small_persistent_staker,24.173736182,False,277,0.0,0.278514646,0,0,0,1,0.0,0.58565988
staker_01897,staker,small_persistent_staker,8.96501718,False,277,0.0,0.126112522,0,0,0,1,0.0,0.312970296
staker_01898,staker,small_persistent_staker,2.332086249,False,277,0.0,0.028168101,0,0,0,1,0.0,0.149801652
staker_01899,staker,small_persistent_staker,10.716749727,False,277,0.0,-0.054674755,0,0,0,1,0.0,0.0
staker_01900,staker,small_persistent_staker,60.465993279,False,278,0.0,0.726022789,0,0,0,1,0.0,2.397503168
staker_01901,staker,small_persistent_staker,40.644509112,False,278,0.0,0.223363437,0,0,0,1,0.0,2.096592054
staker_01902,staker,small_persistent_staker,22.110215103,False,279,0.0,0.260855917,0,0,0,1,0.0,0.536039734
staker_01903,staker,staker_whale,181.569631277,False,279,0.0,0.0,0,0,0,1,0.0,0.0
staker_01904,staker,small_persistent_staker,7.009889629,False,279,0.0,0.10041853,0,0,0,1,0.0,0.169513029
staker_01905,staker,small_persistent_staker,4.854088533,False,279,0.0,0.072355984,0,0,0,1,0.0,0.191982902
staker_01906,staker,small_persistent_staker,13.650112086,False,279,0.0,0.15802508,0,0,0,1,0.0,0.478197907
staker_01907,staker,small_persistent_staker,11.414302185,False,279,0.0,-0.04704194,0,0,0,1,0.0,0.0
staker_01908,staker,small_persistent_staker,19.065233116,False,279,0.0,0.23221247,0,0,0,1,0.0,0.462038602
staker_01909,staker,small_persistent_staker,2.889705928,False,279,0.0,-0.023716376,0,0,0,1,0.0,0.0
staker_01910,staker,small_persistent_staker,6.723121899,False,279,0.0,-0.033719859,0,0,0,1,0.0,0.029142166
staker_01911,staker,small_persistent_staker,11.165931044,False,280,0.0,0.070477559,0,0,0,1,0.0,0.537045837
staker_01912,staker,staker_whale,177.972261861,False,280,0.0,-1.481873054,0,0,0,1,0.0,0.0
staker_01913,staker,small_persistent_staker,18.87824613,False,280,0.0,-0.082360468,0,0,0,1,0.0,0.0
staker_01914,staker,small_persistent_staker,6.598637847,False,280,0.0,-0.030046527,0,0,0,1,0.0,0.028602575
staker_01915,staker,small_persistent_staker,4.562550765,False,280,0.0,0.068011748,0,0,0,1,0.0,0.159372508
staker_01916,staker,small_persistent_staker,10.149474602,False,280,0.0,0.0,0,0,0,1,0.0,0.0
staker_01917,staker,small_persistent_staker,15.17277787,False,280,0.0,0.202719961,0,0,0,1,0.0,0.367435806
staker_01918,staker,small_persistent_staker,48.864856208,False,280,0.0,-0.040749863,0,0,0,1,0.0,0.0
staker_01919,staker,small_persistent_staker,6.084374481,False,280,0.0,-0.01501657,0,0,0,1,0.0,0.0
staker_01920,staker,small_persistent_staker,6.194136447,False,280,0.0,0.09094278,0,0,0,1,0.0,0.245151264
staker_01921,staker,small_persistent_staker,21.070571428,False,281,0.0,-0.100713944,0,0,0,1,0.0,0.0
staker_01922,staker,small_persistent_staker,21.649757665,False,281,0.0,0.230353826,0,0,0,1,0.0,1.194701446
staker_01923,staker,small_persistent_staker,5.557896698,False,281,0.0,0.063019115,0,0,0,1,0.0,0.572708567
staker_01924,staker,small_persistent_staker,4.033843095,False,281,0.0,0.060210668,0,0,0,1,0.0,0.258868396
staker_01925,staker,small_persistent_staker,4.400890992,False,281,0.0,0.078413751,0,0,0,1,0.0,0.153348372
staker_01926,staker,small_persistent_staker,3.213444139,False,281,0.0,-0.01398089,0,0,0,1,0.0,0.0
staker_01927,staker,small_persistent_staker,5.141406912,False,282,0.0,0.070064608,0,0,0,1,0.0,0.330489819
staker_01928,staker,small_persistent_staker,36.411556429,False,282,0.0,0.441873111,0,0,0,1,0.0,2.726214085
staker_01929,staker,small_persistent_staker,3.76108088,False,282,0.0,0.063689449,0,0,0,1,0.0,0.131215671
staker_01930,staker,small_persistent_staker,36.974895168,False,282,0.0,0.629074381,0,0,0,1,0.0,1.117482432
staker_01931,staker,small_persistent_staker,5.610026003,False,283,0.0,0.087588999,0,0,0,1,0.0,0.39162303
staker_01932,staker,small_persistent_staker,4.970787759,False,283,0.0,0.022630756,0,0,0,1,0.0,0.199033689
staker_01933,staker,small_persistent_staker,4.469385854,False,283,0.0,-0.028327664,0,0,0,1,0.0,0.0
staker_01934,staker,small_persistent_staker,8.061684963,False,284,0.0,0.07802378,0,0,0,1,0.0,0.321280529
staker_01935,staker,small_persistent_staker,6.977387954,False,284,0.0,-0.045062727,0,0,0,1,0.0,0.0
staker_01936,staker,small_persistent_staker,8.919490665,False,284,0.0,0.170760169,0,0,0,1,0.0,0.310798286
staker_01937,staker,small_persistent_staker,3.379724273,False,284,0.0,-0.01011852,0,0,0,1,0.0,0.0
staker_01938,staker,small_persistent_staker,9.980243783,False,285,0.0,-0.023768533,0,0,0,1,0.0,0.0
staker_01939,staker,small_persistent_staker,4.20161667,False,285,0.0,0.055496046,0,0,0,1,0.0,0.147380739
staker_01940,staker,small_persistent_staker,74.970276543,False,285,0.0,0.485355643,0,0,0,1,0.0,3.6141419
staker_01941,staker,small_persistent_staker,18.189093731,False,285,0.0,0.201905484,0,0,0,1,0.0,1.005235067
staker_01942,staker,small_persistent_staker,2.655944192,False,285,0.0,0.039132705,0,0,0,1,0.0,0.170811112
staker_01943,staker,staker_whale,151.849212001,False,285,0.0,-0.240719188,0,0,0,1,0.0,19.092674653
staker_01944,staker,small_persistent_staker,8.14890156,False,286,0.0,0.173305333,0,0,0,1,0.0,0.283671154
staker_01945,staker,small_persistent_staker,12.160236205,False,286,0.0,0.092042516,0,0,0,1,0.0,0.48623142
staker_01946,staker,small_persistent_staker,1.480856017,False,286,0.0,0.025835574,0,0,0,1,0.0,0.051751282
staker_01947,staker,small_persistent_staker,18.719663558,False,286,0.0,0.335167849,0,0,0,1,0.0,0.653888558
staker_01948,staker,small_persistent_staker,31.985097655,False,286,0.0,0.332596645,0,0,0,1,0.0,1.275289486
staker_01949,staker,small_persistent_staker,3.113024741,False,286,0.0,0.048288269,0,0,0,1,0.0,0.109004682
staker_01950,staker,staker_whale,101.677511066,False,286,0.0,1.677511066,0,0,0,1,0.0,6.531258948
staker_01951,staker,small_persistent_staker,2.525999674,False,286,0.0,0.034816998,0,0,0,1,0.0,0.08860487
staker_01952,staker,small_persistent_staker,16.614419526,False,286,0.0,-0.002360507,0,0,0,1,0.0,2.01788987
staker_01953,staker,small_persistent_staker,10.463246429,False,286,0.0,0.18883373,0,0,0,1,0.0,0.671048499
staker_01954,staker,small_persistent_staker,16.538979387,False,286,0.0,0.154408986,0,0,0,1,0.0,0.795472405
staker_01955,staker,small_persistent_staker,8.708201944,False,287,0.0,0.124675829,0,0,0,1,0.0,0.346042299
staker_01956,staker,small_persistent_staker,10.720904099,False,287,0.0,0.079019469,0,0,0,1,0.0,0.469467662
staker_01957,staker,small_persistent_staker,14.065679071,False,287,0.0,0.244923147,0,0,0,1,0.0,1.050460172
staker_01958,staker,small_persistent_staker,17.738952236,False,287,0.0,0.215527846,0,0,0,1,0.0,0.706451636
staker_01959,staker,small_persistent_staker,1.709626622,False,287,0.0,-0.006956656,0,0,0,1,0.0,0.0
staker_01960,staker,small_persistent_staker,5.921610219,False,287,0.0,0.077895628,0,0,0,1,0.0,0.235587613
staker_01961,staker,small_persistent_staker,16.542277828,False,287,0.0,0.211522376,0,0,0,1,0.0,0.658369543
staker_01962,staker,small_persistent_staker,18.394586472,False,288,0.0,0.311290414,0,0,0,1,0.0,0.445785738
staker_01963,staker,small_persistent_staker,64.555301378,False,288,0.0,-0.031672918,0,0,0,1,0.0,0.0
staker_01964,staker,small_persistent_staker,10.753505834,False,288,0.0,0.183810717,0,0,0,1,0.0,0.691235738
staker_01965,staker,small_persistent_staker,17.662409778,False,288,0.0,0.299883133,0,0,0,1,0.0,1.413067388
staker_01966,staker,small_persistent_staker,36.003761791,False,288,0.0,0.217757853,0,0,0,1,0.0,1.44371269
staker_01967,staker,small_persistent_staker,7.559625679,False,288,0.0,0.154123979,0,0,0,1,0.0,0.263738373
staker_01968,staker,small_persistent_staker,7.728246753,False,289,0.0,0.102983258,0,0,0,1,0.0,0.307776496
staker_01969,staker,small_persistent_staker,18.831123309,False,289,0.0,0.333483493,0,0,0,1,0.0,0.456223785
staker_01970,staker,small_persistent_staker,3.841962693,False,290,0.0,0.046276949,0,0,0,1,0.0,0.184690969
staker_01971,staker,small_persistent_staker,1.572021588,False,290,0.0,0.025680986,0,0,0,1,0.0,0.062441203
staker_01972,staker,small_persistent_staker,4.831287122,False,290,0.0,0.094437786,0,0,0,1,0.0,0.402988858
staker_01973,staker,small_persistent_staker,4.303367436,False,290,0.0,0.089727876,0,0,0,1,0.0,0.130127984
staker_01974,staker,small_persistent_staker,12.611541116,False,290,0.0,0.227851491,0,0,0,1,0.0,0.50005314
staker_01975,staker,small_persistent_staker,12.674354802,False,290,0.0,0.20244982,0,0,0,1,0.0,0.444580246
staker_01976,staker,small_persistent_staker,14.825042617,False,290,0.0,0.339411888,0,0,0,1,0.0,0.516362599
staker_01977,staker,small_persistent_staker,4.912668949,False,290,0.0,0.078470972,0,0,0,1,0.0,0.172322426
staker_01978,staker,small_persistent_staker,12.207309668,False,290,0.0,0.187339528,0,0,0,1,0.0,0.673637587
staker_01979,staker,small_persistent_staker,2.857996641,False,291,0.0,0.054850303,0,0,0,1,0.0,0.069211472
staker_01980,staker,small_persistent_staker,7.104070211,False,291,0.0,0.12886554,0,0,0,1,0.0,0.456882391
staker_01981,staker,small_persistent_staker,1.666308581,False,292,0.0,0.03551445,0,0,0,1,0.0,0.058205112
staker_01982,staker,small_persistent_staker,29.243485182,False,292,0.0,0.645630064,0,0,0,1,0.0,0.884283255
staker_01983,staker,small_persistent_staker,3.948297937,False,292,0.0,0.084809907,0,0,0,1,0.0,0.119464126
staker_01984,staker,small_persistent_staker,12.948075577,False,292,0.0,0.166175258,0,0,0,1,0.0,0.667908974
staker_01985,staker,small_persistent_staker,3.528926778,False,292,0.0,0.089447884,0,0,0,1,0.0,0.122759366
staker_01986,staker,small_persistent_staker,18.206143538,False,292,0.0,0.398437918,0,0,0,1,0.0,0.635579612
staker_01987,staker,small_persistent_staker,6.676189243,False,292,0.0,0.113964363,0,0,0,1,0.0,0.558983769
staker_01988,staker,small_persistent_staker,7.357360115,False,292,0.0,0.181464248,0,0,0,1,0.0,0.25611683
staker_01989,staker,small_persistent_staker,5.372946174,False,293,0.0,0.139854066,0,0,0,1,0.0,0.186906533
staker_01990,staker,small_persistent_staker,5.288977471,False,293,0.0,0.115676121,0,0,0,1,0.0,0.127897961
staker_01991,staker,small_persistent_staker,25.154121785,False,293,0.0,0.321668148,0,0,0,1,0.0,1.004695524
staker_01992,staker,small_persistent_staker,27.584209739,False,293,0.0,0.717997866,0,0,0,1,0.0,0.959560888
staker_01993,staker,small_persistent_staker,22.171146352,False,293,0.0,0.359908599,0,0,0,1,0.0,1.224762749
staker_01994,staker,small_persistent_staker,4.300047516,False,293,0.0,-0.007152553,0,0,0,1,0.0,0.0
staker_01995,staker,staker_whale,101.878065311,False,293,0.0,1.878065311,0,0,0,1,0.0,2.472269683
staker_01996,staker,small_persistent_staker,26.293446439,False,294,0.0,0.406606575,0,0,0,1,0.0,1.047866843
staker_01997,staker,small_persistent_staker,4.943612057,False,294,0.0,0.041811056,0,0,0,1,0.0,0.582947768
staker_01998,staker,small_persistent_staker,7.100528746,False,294,0.0,0.183358509,0,0,0,1,0.0,0.247176281
staker_01999,staker,small_persistent_staker,3.296845976,False,294,0.0,0.049418179,0,0,0,1,0.0,0.323615782
staker_02000,staker,small_persistent_staker,3.900218682,False,294,0.0,0.067472629,0,0,0,1,0.0,0.215324739
staker_02001,staker,small_persistent_staker,3.279482388,False,295,0.0,0.068171881,0,0,0,1,0.0,0.079476996
staker_02002,staker,small_persistent_staker,6.392413128,False,296,0.0,0.100862958,0,0,0,1,0.0,0.254973056
staker_02003,staker,small_persistent_staker,11.2644405,False,296,0.0,0.272516231,0,0,0,1,0.0,0.393243561
staker_02004,staker,small_persistent_staker,13.014957713,False,296,0.0,0.157236347,0,0,0,1,0.0,0.570196195
staker_02005,staker,small_persistent_staker,17.160845791,False,296,0.0,0.117814532,0,0,0,1,0.0,0.129796591
staker_02006,staker,small_persistent_staker,43.856077613,False,296,0.0,0.701326239,0,0,0,1,0.0,2.10743678
staker_02007,staker,small_persistent_staker,14.477670454,False,296,0.0,0.297259107,0,0,0,1,0.0,0.35116115
staker_02008,staker,small_persistent_staker,14.851670283,False,296,0.0,0.348946729,0,0,0,1,0.0,0.359142832
staker_02009,staker,small_persistent_staker,9.83345509,False,296,0.0,0.217224256,0,0,0,1,0.0,0.238134607
staker_02010,staker,small_persistent_staker,6.436936408,False,296,0.0,0.136742645,0,0,0,1,0.0,0.225393714
staker_02011,staker,small_persistent_staker,10.929767878,False,296,0.0,0.170436958,0,0,0,1,0.0,0.605171842
staker_02012,staker,small_persistent_staker,3.335697823,False,296,0.0,0.035173244,0,0,0,1,0.0,0.133757947
staker_02013,staker,small_persistent_staker,20.475831843,False,297,0.0,0.127705923,0,0,0,1,0.0,0.732857801
staker_02014,staker,small_persistent_staker,13.72319184,False,297,0.0,-0.009612963,0,0,0,1,0.0,0.0
staker_02015,staker,small_persistent_staker,9.609198499,False,297,0.0,0.07476254,0,0,0,1,0.0,0.379658893
staker_02016,staker,small_persistent_staker,2.876266894,False,297,0.0,0.045414733,0,0,0,1,0.0,0.228389712
staker_02017,staker,small_persistent_staker,65.351415861,False,297,0.0,1.136429558,0,0,0,1,0.0,4.606722251
staker_02018,staker,small_persistent_staker,24.891999712,False,297,0.0,0.468799022,0,0,0,1,0.0,1.970434148
staker_02019,staker,small_persistent_staker,1.189425061,False,297,0.0,0.01934974,0,0,0,1,0.0,0.023778107
staker_02020,staker,small_persistent_staker,3.206851226,False,298,0.0,0.013367144,0,0,0,1,0.0,0.431729978
staker_02021,staker,small_persistent_staker,17.328243447,False,298,0.0,0.322115364,0,0,0,1,0.0,0.612921502
staker_02022,staker,small_persistent_staker,14.829932324,False,298,0.0,0.258158671,0,0,0,1,0.0,1.123787822
staker_02023,staker,small_persistent_staker,6.872835988,False,298,0.0,0.146657769,0,0,0,1,0.0,0.178540059
staker_02024,staker,small_persistent_staker,8.300332379,False,298,0.0,0.182805015,0,0,0,1,0.0,0.21547211
staker_02025,staker,small_persistent_staker,3.340144646,False,299,0.0,0.035755526,0,0,0,1,0.0,0.341547922
staker_02026,staker,small_persistent_staker,4.787871808,False,300,0.0,-0.01078415,0,0,0,1,0.0,0.120230234
staker_02027,staker,small_persistent_staker,14.471018817,False,300,0.0,0.128730501,0,0,0,1,0.0,0.136486953
staker_02028,staker,small_persistent_staker,28.883003183,False,300,0.0,0.209998376,0,0,0,1,0.0,0.272863783
staker_02029,staker,small_persistent_staker,22.645243917,False,300,0.0,0.213469736,0,0,0,1,0.0,0.213469736
staker_02030,staker,small_persistent_staker,17.699747747,False,300,0.0,0.157452452,0,0,0,1,0.0,0.166939499
staker_02031,staker,small_persistent_staker,2.104113937,False,300,0.0,0.019133478,0,0,0,1,0.0,0.042474935
staker_02032,staker,small_persistent_staker,5.208977162,False,301,0.0,-0.00044239,0,0,0,1,0.0,0.289919864
staker_02033,staker,small_persistent_staker,6.850893006,False,301,0.0,-0.052008879,0,0,0,1,0.0,0.408620044
staker_02034,staker,small_persistent_staker,21.788701169,False,301,0.0,-0.144996433,0,0,0,1,0.0,0.674301534
staker_02035,staker,small_persistent_staker,33.871128541,False,301,0.0,0.045915879,0,0,0,1,0.0,0.363726952
staker_02036,staker,small_persistent_staker,98.944810721,False,302,0.0,-1.055189279,0,0,0,1,0.0,1.913292129
staker_02037,staker,small_persistent_staker,26.333342654,False,302,0.0,0.125993176,0,0,0,1,0.0,0.28196212
staker_02038,staker,small_persistent_staker,4.989748638,False,302,0.0,-0.019126363,0,0,0,1,0.0,0.425411191
staker_02039,staker,small_persistent_staker,19.093350479,False,302,0.0,-0.060287943,0,0,0,1,0.0,0.294972806
staker_02040,staker,small_persistent_staker,9.385139039,False,302,0.0,-0.011074064,0,0,0,1,0.0,0.10109287
staker_02041,staker,small_persistent_staker,3.720267573,False,302,0.0,0.007334693,0,0,0,1,0.0,0.022602455
staker_02042,staker,small_persistent_staker,11.390523444,False,302,0.0,-0.040911943,0,0,0,1,0.0,0.176048148
staker_02043,staker,small_persistent_staker,24.177578976,False,302,0.0,-0.284956141,0,0,0,1,0.0,0.376731693
staker_02044,staker,small_persistent_staker,13.505985362,False,302,0.0,0.036063273,0,0,0,1,0.0,0.081998064
staker_02045,staker,small_persistent_staker,11.723611553,False,303,0.0,-0.015518652,0,0,0,1,0.0,0.59253576
staker_02046,staker,small_persistent_staker,5.266028934,False,303,0.0,-0.006488842,0,0,0,1,0.0,0.0
staker_02047,staker,small_persistent_staker,9.587675299,False,303,0.0,-0.02636084,0,0,0,1,0.0,0.148119812
staker_02048,staker,small_persistent_staker,8.279924832,False,303,0.0,-0.018078565,0,0,0,1,0.0,0.127844194
staker_02049,staker,small_persistent_staker,0.824372669,False,303,0.0,-0.005887293,0,0,0,1,0.0,0.060868773
staker_02050,staker,small_persistent_staker,5.098273952,False,304,0.0,-0.048256868,0,0,0,1,0.0,0.121143479
staker_02051,staker,small_persistent_staker,36.971246971,False,304,0.0,-0.032017981,0,0,0,1,0.0,0.398473518
staker_02052,staker,small_persistent_staker,2.888460541,False,304,0.0,0.008060315,0,0,0,1,0.0,0.03101789
staker_02053,staker,small_persistent_staker,4.961866394,False,304,0.0,-0.044362576,0,0,0,1,0.0,0.077167274
staker_02054,staker,small_persistent_staker,17.819446682,False,304,0.0,-0.045330159,0,0,0,1,0.0,1.155578266
staker_02055,staker,small_persistent_staker,5.944738279,False,304,0.0,0.017069774,0,0,0,1,0.0,0.036117208
staker_02056,staker,small_persistent_staker,3.409159192,False,304,0.0,-0.028931853,0,0,0,1,0.0,0.065840089
staker_02057,staker,small_persistent_staker,11.06277529,False,305,0.0,0.031834873,0,0,0,1,0.0,0.615050772
staker_02058,staker,small_persistent_staker,4.513482744,False,305,0.0,-0.004730261,0,0,0,1,0.0,0.228268357
staker_02059,staker,small_persistent_staker,21.258814788,False,305,0.0,-0.019564543,0,0,0,1,0.0,0.229236245
staker_02060,staker,small_persistent_staker,4.804599323,False,305,0.0,-0.022963035,0,0,0,1,0.0,0.14868939
staker_02061,staker,small_persistent_staker,6.800742667,False,305,0.0,-0.025945668,0,0,0,1,0.0,0.105273205
staker_02062,staker,small_persistent_staker,18.74182752,False,305,0.0,-0.150989035,0,0,0,1,0.0,0.361955405
staker_02063,staker,small_persistent_staker,9.771206618,False,305,0.0,-0.017836996,0,0,0,1,0.0,0.150955184
staker_02064,staker,small_persistent_staker,3.25320324,False,306,0.0,-0.029236691,0,0,0,1,0.0,0.050633623
staker_02065,staker,small_persistent_staker,8.878520022,False,306,0.0,0.018530206,0,0,0,1,0.0,0.494158303
staker_02066,staker,small_persistent_staker,4.639831349,False,306,0.0,0.009624094,0,0,0,1,0.0,0.071423749
staker_02067,staker,small_persistent_staker,21.165597471,False,306,0.0,-0.112681495,0,0,0,1,0.0,0.328230332
staker_02068,staker,small_persistent_staker,22.230570095,False,306,0.0,-0.013571615,0,0,0,1,0.0,0.239714795
staker_02069,staker,small_persistent_staker,26.071414751,False,306,0.0,-0.034782275,0,0,0,1,0.0,0.0
staker_02070,staker,staker_whale,197.905688932,False,306,0.0,0.570801181,0,0,0,1,0.0,2.126586529
staker_02071,staker,small_persistent_staker,2.724183921,False,306,0.0,-0.00105322,0,0,0,1,0.0,0.0
staker_02072,staker,small_persistent_staker,35.730045106,False,307,0.0,-0.176337686,0,0,0,1,0.0,0.554091827
staker_02073,staker,small_persistent_staker,10.645817165,False,307,0.0,0.0,0,0,0,1,0.0,0.0
staker_02074,staker,small_persistent_staker,10.6093964,False,307,0.0,0.007195737,0,0,0,1,0.0,0.778536821
staker_02075,staker,small_persistent_staker,27.532755944,False,307,0.0,-0.059822385,0,0,0,1,0.0,0.425796779
staker_02076,staker,small_persistent_staker,4.034366692,False,307,0.0,0.00341008,0,0,0,1,0.0,0.043456544
staker_02077,staker,small_persistent_staker,31.659113062,False,307,0.0,0.109735822,0,0,0,1,0.0,0.192445916
staker_02078,staker,small_persistent_staker,11.656794765,False,307,0.0,0.007379082,0,0,0,1,0.0,0.179768763
staker_02079,staker,small_persistent_staker,5.115606367,False,307,0.0,-0.008372206,0,0,0,1,0.0,0.304093672
staker_02080,staker,small_persistent_staker,19.340769485,False,307,0.0,-0.106631708,0,0,0,1,0.0,1.428054268
staker_02081,staker,small_persistent_staker,1.862808898,False,308,0.0,0.000884229,0,0,0,1,0.0,0.094177509
staker_02082,staker,small_persistent_staker,3.281903357,False,308,0.0,0.010425938,0,0,0,1,0.0,0.149590892
staker_02083,staker,small_persistent_staker,36.554821387,False,308,0.0,-0.259436711,0,0,0,1,0.0,3.134497462
staker_02084,staker,small_persistent_staker,22.50834955,False,308,0.0,0.459858933,0,0,0,1,0.0,4.72551934
staker_02085,staker,small_persistent_staker,58.768228318,False,309,0.0,-0.59988763,0,0,0,1,0.0,0.917010891
staker_02086,staker,small_persistent_staker,6.039402192,False,309,0.0,0.010814711,0,0,0,1,0.0,0.065053964
staker_02087,staker,small_persistent_staker,9.209399133,False,309,0.0,-0.00506711,0,0,0,1,0.0,0.099432505
staker_02088,staker,small_persistent_staker,0.746770612,False,309,0.0,-0.003229388,0,0,0,1,0.0,0.066771913
staker_02089,staker,small_persistent_staker,81.276112202,False,310,0.0,-0.350269831,0,0,0,1,0.0,1.261376668
staker_02090,staker,small_persistent_staker,19.030030091,False,311,0.0,-0.100031709,0,0,0,1,0.0,0.08912558
staker_02091,staker,small_persistent_staker,13.251390277,False,312,0.0,-0.142481079,0,0,0,1,0.0,0.232996848
staker_02092,staker,small_persistent_staker,2.460002822,False,312,0.0,-0.02247014,0,0,0,1,0.0,0.043184555
staker_02093,staker,small_persistent_staker,10.589686315,False,312,0.0,-0.045360903,0,0,0,1,0.0,0.621336702
staker_02094,staker,small_persistent_staker,5.050654757,False,312,0.0,-0.050424485,0,0,0,1,0.0,0.106362635
staker_02095,staker,small_persistent_staker,19.085920992,False,312,0.0,-0.024973604,0,0,0,1,0.0,0.08909865
staker_02096,staker,small_persistent_staker,16.262014014,False,313,0.0,-0.092019475,0,0,0,1,0.0,0.152082556
staker_02097,staker,small_persistent_staker,6.250012671,False,313,0.0,0.002781059,0,0,0,1,0.0,0.02914112
staker_02098,staker,small_persistent_staker,7.403237984,False,313,0.0,-0.034132406,0,0,0,1,0.0,0.069163017
staker_02099,staker,small_persistent_staker,8.994674839,False,313,0.0,-0.002057577,0,0,0,1,0.0,0.304579415
staker_02100,staker,small_persistent_staker,12.161782349,False,313,0.0,-0.041683586,0,0,0,1,0.0,0.41314161
staker_02101,staker,small_persistent_staker,5.464390299,False,313,0.0,-0.030920545,0,0,0,1,0.0,0.051103046
staker_02102,staker,small_persistent_staker,10.531755001,False,313,0.0,-0.006638345,0,0,0,1,0.0,0.559196468
staker_02103,staker,small_persistent_staker,2.893371461,False,313,0.0,-0.030708527,0,0,0,1,0.0,0.027192164
staker_02104,staker,small_persistent_staker,13.449439691,False,314,0.0,-0.143857907,0,0,0,1,0.0,0.126486643
staker_02105,staker,small_persistent_staker,5.691420551,False,314,0.0,-0.065944033,0,0,0,1,0.0,0.453554098
staker_02106,staker,small_persistent_staker,3.488816925,False,314,0.0,-0.001345041,0,0,0,1,0.0,0.172951068
staker_02107,staker,small_persistent_staker,4.147245576,False,314,0.0,-0.016725254,0,0,0,1,0.0,0.27956656
staker_02108,staker,small_persistent_staker,2.905461915,False,314,0.0,0.002454956,0,0,0,1,0.0,0.128690733
staker_02109,staker,small_persistent_staker,25.651619799,False,314,0.0,-0.087989681,0,0,0,1,0.0,0.239508977
staker_02110,staker,small_persistent_staker,9.897018717,False,315,0.0,-0.0362672,0,0,0,1,0.0,0.046396049
staker_02111,staker,small_persistent_staker,16.879437094,False,315,0.0,-0.032166241,0,0,0,1,0.0,0.078990133
staker_02112,staker,small_persistent_staker,19.850122976,False,315,0.0,-0.126744401,0,0,0,1,0.0,2.746212418
staker_02113,staker,small_persistent_staker,11.500074746,False,315,0.0,-0.102155588,0,0,0,1,0.0,0.108035239
staker_02114,staker,small_persistent_staker,1.394104079,False,316,0.0,-0.013916154,0,0,0,1,0.0,0.006504
staker_02115,staker,small_persistent_staker,17.303055198,False,316,0.0,-0.087744428,0,0,0,1,0.0,0.080332477
staker_02116,staker,small_persistent_staker,10.708070311,False,316,0.0,-0.178291294,0,0,0,1,0.0,0.050286842
staker_02117,staker,small_persistent_staker,27.206724582,False,317,0.0,-0.49012135,0,0,0,1,0.0,2.675266675
staker_02118,staker,small_persistent_staker,13.28899083,False,317,0.0,-0.037870931,0,0,0,1,0.0,0.0
staker_02119,staker,small_persistent_staker,6.486030743,False,317,0.0,-0.025321292,0,0,0,1,0.0,0.0
staker_02120,staker,small_persistent_staker,24.181986266,False,317,0.0,-0.068913761,0,0,0,1,0.0,0.0
staker_02121,staker,small_persistent_staker,22.08606487,False,317,0.0,0.252296259,0,0,0,1,0.0,4.254635433
staker_02122,staker,small_persistent_staker,16.897648694,False,317,0.0,-0.065967973,0,0,0,1,0.0,0.0
staker_02123,staker,small_persistent_staker,5.848813413,False,317,0.0,-0.065963756,0,0,0,1,0.0,0.075156669
staker_02124,staker,small_persistent_staker,23.591918134,False,317,0.0,-0.28032382,0,0,0,1,0.0,0.110349133
staker_02125,staker,small_persistent_staker,82.532545094,False,317,0.0,-0.88483208,0,0,0,1,0.0,1.661553543
staker_02126,staker,small_persistent_staker,2.348876067,False,317,0.0,-0.00555133,0,0,0,1,0.0,0.068543496
staker_02127,staker,small_persistent_staker,34.486817924,False,318,0.0,-0.183424416,0,0,0,1,0.0,0.0
staker_02128,staker,small_persistent_staker,5.984917256,False,318,0.0,-0.063081449,0,0,0,1,0.0,0.027972426
staker_02129,staker,small_persistent_staker,18.7437567,False,318,0.0,-0.123405962,0,0,0,1,0.0,0.0
staker_02130,staker,staker_whale,182.028194897,False,318,0.0,18.130168713,1,0,0,1,0.0,8.729232286
staker_02131,staker,small_persistent_staker,2.294045031,False,318,0.0,-0.037411238,0,0,0,1,0.0,0.010783152
staker_02132,staker,small_persistent_staker,16.837551013,False,318,0.0,-0.045855434,0,0,0,1,0.0,0.815419743
staker_02133,staker,small_persistent_staker,40.864523298,False,318,0.0,-0.395577166,0,0,0,1,0.0,0.822300993
staker_02134,staker,small_persistent_staker,52.20814108,False,318,0.0,-0.146285808,0,0,0,1,0.0,2.07091543
staker_02135,staker,small_persistent_staker,32.389377275,False,318,0.0,-0.452034219,0,0,0,1,0.0,0.417535755
staker_02136,staker,small_persistent_staker,4.528264018,False,319,0.0,-0.015918125,0,0,0,1,0.0,0.132421693
staker_02137,staker,small_persistent_staker,10.486446311,False,319,0.0,-0.093793638,0,0,0,1,0.0,0.048954621
staker_02138,staker,small_persistent_staker,4.326332794,False,319,0.0,-0.028842754,0,0,0,1,0.0,0.0
staker_02139,staker,small_persistent_staker,24.192878323,False,319,0.0,-0.034895763,0,0,0,1,0.0,0.95874299
staker_02140,staker,small_persistent_staker,2.270538756,False,320,0.0,-0.008574279,0,0,0,1,0.0,0.142154866
staker_02141,staker,small_persistent_staker,10.241421445,False,320,0.0,-0.067463529,0,0,0,1,0.0,0.553970207
staker_02142,staker,small_persistent_staker,9.469977179,False,320,0.0,-0.082702223,0,0,0,1,0.0,0.70683238
staker_02143,staker,small_persistent_staker,6.364425315,False,320,0.0,-0.028046331,0,0,0,1,0.0,0.186413057
staker_02144,staker,small_persistent_staker,2.719749599,False,320,0.0,-0.002815737,0,0,0,1,0.0,0.094659937
staker_02145,staker,small_persistent_staker,14.503023625,False,321,0.0,-0.025771993,0,0,0,1,0.0,0.702853748
staker_02146,staker,small_persistent_staker,5.698950367,False,321,0.0,-0.034799153,0,0,0,1,0.0,0.026562648
staker_02147,staker,small_persistent_staker,3.894006314,False,321,0.0,-0.035249868,0,0,0,1,0.0,0.050037592
staker_02148,staker,small_persistent_staker,5.670300649,False,321,0.0,-0.03157203,0,0,0,1,0.0,0.275837219
staker_02149,staker,small_persistent_staker,9.649564505,False,321,0.0,-0.042100759,0,0,0,1,0.0,0.337144955
staker_02150,staker,small_persistent_staker,27.577977341,False,322,0.0,-0.23033679,0,0,0,1,0.0,0.555479917
staker_02151,staker,small_persistent_staker,1.882298958,False,322,0.0,-0.015494622,0,0,0,1,0.0,0.008797526
staker_02152,staker,small_persistent_staker,2.603927749,False,322,0.0,-0.002737198,0,0,0,1,0.0,0.0
staker_02153,staker,small_persistent_staker,18.316153414,False,322,0.0,-0.170599917,0,0,0,1,0.0,0.235573086
staker_02154,staker,small_persistent_staker,48.02805149,False,322,0.0,-0.403646725,0,0,0,1,0.0,0.617155668
staker_02155,staker,small_persistent_staker,37.468059733,False,322,0.0,-0.356896326,0,0,0,1,0.0,0.175343649
staker_02156,staker,small_persistent_staker,9.111916349,False,322,0.0,-0.034865424,0,0,0,1,0.0,0.0
staker_02157,staker,small_persistent_staker,43.448834287,False,323,0.0,-0.379079568,0,0,0,1,0.0,0.558816894
staker_02158,staker,small_persistent_staker,32.506717837,False,323,0.0,-0.105325552,0,0,0,1,0.0,0.0
staker_02159,staker,small_persistent_staker,10.963642317,False,324,0.0,-0.131429415,0,0,0,1,0.0,0.051487049
staker_02160,staker,small_persistent_staker,1.828931313,False,324,0.0,-0.003601243,0,0,0,1,0.0,0.0
staker_02161,staker,small_persistent_staker,7.126632676,False,324,0.0,-0.04275123,0,0,0,1,0.0,0.033269765
staker_02162,staker,staker_whale,210.002554538,False,324,0.0,-0.00332112,0,0,0,1,0.0,6.137684632
staker_02163,staker,small_persistent_staker,20.18287396,False,325,0.0,0.000813744,0,0,0,1,0.0,0.978657509
staker_02164,staker,small_persistent_staker,10.727851,False,325,0.0,-0.055356721,0,0,0,1,0.0,0.522893456
staker_02165,staker,small_persistent_staker,35.398124863,False,325,0.0,-0.094765099,0,0,0,1,0.0,0.164817716
staker_02166,staker,small_persistent_staker,11.69449589,False,325,0.0,-0.09678734,0,0,0,1,0.0,0.150514041
staker_02167,staker,small_persistent_staker,18.542214207,False,325,0.0,0.021622742,0,0,0,1,0.0,0.645807368
staker_02168,staker,small_persistent_staker,5.16467901,False,325,0.0,-0.032261379,0,0,0,1,0.0,0.280080385
staker_02169,staker,small_persistent_staker,24.98655519,False,325,0.0,0.064065875,0,0,0,1,0.0,0.869039591
staker_02170,staker,small_persistent_staker,12.178813561,False,325,0.0,-0.008531141,0,0,0,1,0.0,0.0
staker_02171,staker,small_persistent_staker,5.666865301,False,326,0.0,0.004159403,0,0,0,1,0.0,0.197595142
staker_02172,staker,small_persistent_staker,11.766707774,False,326,0.0,-0.068260963,0,0,0,1,0.0,0.740844973
staker_02173,staker,small_persistent_staker,21.802909792,False,326,0.0,-0.115915804,0,0,0,1,0.0,0.101855368
staker_02174,staker,small_persistent_staker,3.74744873,False,326,0.0,0.002315004,0,0,0,1,0.0,0.168444694
staker_02175,staker,small_persistent_staker,4.692890869,False,327,0.0,0.009508903,0,0,0,1,0.0,0.18623971
staker_02176,staker,small_persistent_staker,10.30427858,False,327,0.0,0.036031398,0,0,0,1,0.0,0.300693294
staker_02177,staker,small_persistent_staker,6.440549015,False,327,0.0,-0.035960849,0,0,0,1,0.0,0.030113638
staker_02178,staker,staker_whale,536.223158268,False,327,0.0,-2.84940808,0,0,0,1,0.0,10.800690416
staker_02179,staker,small_persistent_staker,12.530836736,False,327,0.0,-0.01736559,0,0,0,1,0.0,0.058345008
staker_02180,staker,small_persistent_staker,9.349549403,False,327,0.0,-0.026818022,0,0,0,1,0.0,0.455260024
staker_02181,staker,small_persistent_staker,5.766622609,False,327,0.0,-0.018239233,0,0,0,1,0.0,0.280878108
staker_02182,staker,staker_whale,136.843190468,False,327,0.0,14.215844125,1,0,0,1,0.0,6.035440029
staker_02183,staker,small_persistent_staker,13.463605964,False,327,0.0,-0.064786966,0,0,0,1,0.0,0.271050677
staker_02184,staker,small_persistent_staker,13.152275577,False,328,0.0,0.00301645,0,0,0,1,0.0,0.523145946
staker_02185,staker,small_persistent_staker,9.929159359,False,328,0.0,-0.008979238,0,0,0,1,0.0,0.046231301
staker_02186,staker,small_persistent_staker,3.025133139,False,328,0.0,0.010981476,0,0,0,1,0.0,0.105288705
staker_02187,staker,small_persistent_staker,14.69338585,False,328,0.0,0.005302771,0,0,0,1,0.0,0.068327603
staker_02188,staker,small_persistent_staker,11.445470757,False,328,0.0,0.016199916,0,0,0,1,0.0,0.05316791
staker_02189,staker,small_persistent_staker,12.708449444,False,328,0.0,-0.062048662,0,0,0,1,0.0,0.163302307
staker_02190,staker,small_persistent_staker,30.810892097,False,328,0.0,0.072799771,0,0,0,1,0.0,1.493174909
staker_02191,staker,small_persistent_staker,3.611374214,False,329,0.0,-0.011620022,0,0,0,1,0.0,0.016859234
staker_02192,staker,small_persistent_staker,98.56586677,False,329,0.0,-0.997625025,0,0,0,1,0.0,0.463308557
staker_02193,staker,small_persistent_staker,1.941932339,False,329,0.0,0.003369768,0,0,0,1,0.0,0.009020903
staker_02194,staker,small_persistent_staker,36.518110456,False,329,0.0,0.070151407,0,0,0,1,0.0,2.284741119
staker_02195,staker,small_persistent_staker,3.990120387,False,329,0.0,0.009193881,0,0,0,1,0.0,0.018524836
staker_02196,staker,small_persistent_staker,6.019666888,False,329,0.0,-0.009574419,0,0,0,1,0.0,0.120896843
staker_02197,staker,small_persistent_staker,4.765023018,False,329,0.0,-0.009762093,0,0,0,1,0.0,0.0957428
staker_02198,staker,small_persistent_staker,17.762302663,False,330,0.0,0.038912383,0,0,0,1,0.0,0.082511636
staker_02199,staker,small_persistent_staker,36.308643867,False,330,0.0,-0.09562053,0,0,0,1,0.0,0.730302436
staker_02200,staker,small_persistent_staker,21.198811898,False,330,0.0,-0.161352847,0,0,0,1,0.0,0.179412552
staker_02201,staker,small_persistent_staker,4.666498829,False,330,0.0,-0.021941979,0,0,0,1,0.0,0.02182714
staker_02202,staker,small_persistent_staker,2.594721807,False,330,0.0,-0.019749491,0,0,0,1,0.0,0.021959988
staker_02203,staker,small_persistent_staker,16.65397779,False,330,0.0,0.073338947,0,0,0,1,0.0,0.579635893
staker_02204,staker,small_persistent_staker,0.7474346,False,331,0.0,-0.0025654,0,0,0,1,0.0,0.003493375
staker_02205,staker,small_persistent_staker,12.526410081,False,332,0.0,-0.161907256,0,0,0,1,0.0,0.0
staker_02206,staker,small_persistent_staker,8.485702333,False,332,0.0,-0.075361314,0,0,0,1,0.0,0.0
staker_02207,staker,small_persistent_staker,6.839516362,False,332,0.0,-0.078750496,0,0,0,1,0.0,0.056094379
staker_02208,staker,small_persistent_staker,8.536894408,False,333,0.0,-0.017259868,0,0,0,1,0.0,0.344431665
staker_02209,staker,small_persistent_staker,10.824246557,False,333,0.0,-0.07003798,0,0,0,1,0.0,0.477252258
staker_02210,staker,small_persistent_staker,40.987239112,False,333,0.0,0.038918983,0,0,0,1,0.0,1.236569873
staker_02211,staker,small_persistent_staker,5.245643742,False,333,0.0,0.00409278,0,0,0,1,0.0,0.128836548
staker_02212,staker,small_persistent_staker,7.113810565,False,334,0.0,-0.040651005,0,0,0,1,0.0,0.892935481
staker_02213,staker,small_persistent_staker,24.78700268,False,334,0.0,-0.014133795,0,0,0,1,0.0,0.0
staker_02214,staker,small_persistent_staker,7.376378271,False,334,0.0,-0.06266204,0,0,0,1,0.0,0.060400644
staker_02215,staker,small_persistent_staker,9.091470898,False,334,0.0,-0.016131524,0,0,0,1,0.0,0.366973048
staker_02216,staker,small_persistent_staker,13.17714434,False,334,0.0,0.037959394,0,0,0,1,0.0,0.39705906
staker_02217,staker,small_persistent_staker,9.889997762,False,335,0.0,-0.038962652,0,0,0,1,0.0,0.0
staker_02218,staker,small_persistent_staker,67.109882917,False,335,0.0,12.754763973,1,0,0,1,0.0,2.204917324
staker_02219,staker,small_persistent_staker,31.984746665,False,335,0.0,-0.056204533,0,0,0,1,0.0,0.0
staker_02220,staker,staker_whale,103.053276567,False,335,0.0,-0.711880036,0,0,0,1,0.0,0.0
staker_02221,staker,small_persistent_staker,15.759783147,False,336,0.0,-0.093955446,0,0,0,1,0.0,0.0
staker_02222,staker,small_persistent_staker,13.053496507,False,336,0.0,-0.129714113,0,0,0,1,0.0,1.013014253
staker_02223,staker,small_persistent_staker,29.956310284,False,336,0.0,-0.002204269,0,0,0,1,0.0,0.737724443
staker_02224,staker,small_persistent_staker,7.68350564,False,336,0.0,-0.086911083,0,0,0,1,0.0,0.0
staker_02225,staker,staker_whale,275.951238781,False,336,0.0,-2.81611805,0,0,0,1,0.0,1.041967048
staker_02226,staker,small_persistent_staker,2.166677458,False,337,0.0,-0.02711463,0,0,0,1,0.0,0.307605346
staker_02227,staker,small_persistent_staker,14.77734883,False,337,0.0,-0.038687601,0,0,0,1,0.0,0.859213049
staker_02228,staker,small_persistent_staker,3.921847675,False,337,0.0,-0.044329519,0,0,0,1,0.0,0.0
staker_02229,staker,small_persistent_staker,18.241014801,False,337,0.0,-0.136679841,0,0,0,1,0.0,0.068725597
staker_02230,staker,small_persistent_staker,10.081903516,False,337,0.0,0.015127717,0,0,0,1,0.0,0.248016011
staker_02231,staker,small_persistent_staker,8.967472387,False,338,0.0,-0.079883059,0,0,0,1,0.0,0.073630265
staker_02232,staker,small_persistent_staker,19.78554334,False,338,0.0,-0.106590309,0,0,0,1,0.0,0.23093457
staker_02233,staker,small_persistent_staker,10.954904824,False,338,0.0,-0.043689973,0,0,0,1,0.0,0.169363444
staker_02234,staker,small_persistent_staker,4.969058706,False,338,0.0,-0.044708444,0,0,0,1,0.0,0.018762719
staker_02235,staker,small_persistent_staker,12.461351724,False,338,0.0,-0.100342299,0,0,0,1,0.0,0.04700887
staker_02236,staker,staker_whale,99.117056254,False,338,0.0,-0.882943746,0,0,0,1,0.0,0.813831901
staker_02237,staker,small_persistent_staker,68.52435968,False,338,0.0,-0.35232617,0,0,0,1,0.0,0.0
staker_02238,staker,small_persistent_staker,16.88186579,False,338,0.0,0.087735727,0,0,0,1,0.0,0.50869123
staker_02239,staker,small_persistent_staker,4.635068186,False,338,0.0,-0.030790775,0,0,0,1,0.0,0.037972249
staker_02240,staker,small_persistent_staker,5.536057625,False,339,0.0,-0.030839001,0,0,0,1,0.0,0.0
staker_02241,staker,small_persistent_staker,1.8495775,False,339,0.0,0.002178093,0,0,0,1,0.0,0.045572143
staker_02242,staker,small_persistent_staker,17.042304652,False,339,0.0,-0.086755175,0,0,0,1,0.0,0.0
staker_02243,staker,small_persistent_staker,20.131705682,False,340,0.0,-0.173518803,0,0,0,1,0.0,0.0
staker_02244,staker,small_persistent_staker,51.017057066,False,340,0.0,-0.029571836,0,0,0,1,0.0,2.245244662
staker_02245,staker,small_persistent_staker,9.776637923,False,340,0.0,0.026667267,0,0,0,1,0.0,0.680361432
staker_02246,staker,small_persistent_staker,70.504070162,False,340,0.0,-0.237482967,0,0,0,1,0.0,0.0
staker_02247,staker,small_persistent_staker,20.562470331,False,340,0.0,0.0,0,0,0,1,0.0,0.0
staker_02248,staker,small_persistent_staker,27.650677261,False,340,0.0,-0.225764676,0,0,0,1,0.0,0.0
staker_02249,staker,small_persistent_staker,3.446535968,False,340,0.0,-0.045455473,0,0,0,1,0.0,0.29384305
staker_02250,staker,small_persistent_staker,48.229532352,False,341,0.0,0.223565344,0,0,0,1,0.0,1.941929467
staker_02251,staker,small_persistent_staker,8.359612252,False,341,0.0,0.031336853,0,0,0,1,0.0,0.293169907
staker_02252,staker,small_persistent_staker,6.811297877,False,341,0.0,0.015111378,0,0,0,1,0.0,0.167825053
staker_02253,staker,small_persistent_staker,7.530416317,False,341,0.0,-0.067564543,0,0,0,1,0.0,0.0
staker_02254,staker,small_persistent_staker,4.484602212,False,341,0.0,0.014193015,0,0,0,1,0.0,0.180836256
staker_02255,staker,small_persistent_staker,11.961494353,False,341,0.0,0.063343551,0,0,0,1,0.0,0.418835785
staker_02256,staker,small_persistent_staker,4.192650795,False,342,0.0,-0.033149319,0,0,0,1,0.0,0.0
staker_02257,staker,small_persistent_staker,7.956599275,False,342,0.0,0.048799882,0,0,0,1,0.0,0.240047663
staker_02258,staker,small_persistent_staker,2.027037319,False,343,0.0,-0.007251591,0,0,0,1,0.0,0.0
staker_02259,staker,small_persistent_staker,26.662223273,False,343,0.0,-0.171411703,0,0,0,1,0.0,0.100674156
staker_02260,staker,small_persistent_staker,58.467333413,False,343,0.0,0.144811032,0,0,0,1,0.0,4.076114735
staker_02261,staker,small_persistent_staker,12.188075673,False,344,0.0,-0.04360484,0,0,0,1,0.0,0.045920295
staker_02262,staker,small_persistent_staker,3.632180301,False,344,0.0,-0.007924187,0,0,0,1,0.0,0.042394388
staker_02263,staker,small_persistent_staker,6.153488481,False,344,0.0,-0.028009,0,0,0,1,0.0,0.050467913
staker_02264,staker,small_persistent_staker,8.94545283,False,345,0.0,0.033493496,0,0,0,1,0.0,0.361330318
staker_02265,staker,small_persistent_staker,57.293053298,False,345,0.0,0.465802037,0,0,0,1,0.0,2.004997977
staker_02266,staker,small_persistent_staker,1.650684723,False,345,0.0,-0.004745982,0,0,0,1,0.0,0.006219188
staker_02267,staker,small_persistent_staker,12.090829535,False,346,0.0,-0.063273667,0,0,0,1,0.0,0.0
staker_02268,staker,small_persistent_staker,23.94351834,False,346,0.0,0.08985032,0,0,0,1,0.0,1.3903421
staker_02269,staker,small_persistent_staker,6.47311605,False,346,0.0,0.013078116,0,0,0,1,0.0,0.285096624
staker_02270,staker,small_persistent_staker,12.79233676,False,346,0.0,0.031248285,0,0,0,1,0.0,0.743796658
staker_02271,staker,small_persistent_staker,2.751114043,False,347,0.0,0.00365596,0,0,0,1,0.0,0.136242292
staker_02272,staker,small_persistent_staker,10.858606149,False,347,0.0,-0.014908286,0,0,0,1,0.0,0.0
staker_02273,staker,small_persistent_staker,11.833250255,False,347,0.0,-0.089632659,0,0,0,1,0.0,1.109136936
staker_02274,staker,small_persistent_staker,37.697872444,False,347,0.0,0.12016802,0,0,0,1,0.0,1.863421543
staker_02275,staker,small_persistent_staker,29.045365917,False,347,0.0,-0.074845588,0,0,0,1,0.0,0.238117412
staker_02276,staker,small_persistent_staker,25.754930906,False,348,0.0,0.121683034,0,0,0,1,0.0,1.132124885
staker_02277,staker,small_persistent_staker,3.214296578,False,348,0.0,0.020409887,0,0,0,1,0.0,0.186302936
staker_02278,staker,small_persistent_staker,9.371199447,False,348,0.0,0.049119021,0,0,0,1,0.0,0.283815977
staker_02279,staker,small_persistent_staker,6.467763619,False,348,0.0,0.047237307,0,0,0,1,0.0,0.159107745
staker_02280,staker,small_persistent_staker,9.934465663,False,348,0.0,0.091661216,0,0,0,1,0.0,0.399563926
staker_02281,staker,small_persistent_staker,16.029240845,False,348,0.0,0.090810244,0,0,0,1,0.0,0.647012947
staker_02282,staker,small_persistent_staker,4.941613042,False,349,0.0,0.016873015,0,0,0,1,0.0,0.381019876
staker_02283,staker,small_persistent_staker,1.510082913,False,349,0.0,-0.005957429,0,0,0,1,0.0,0.0
staker_02284,staker,small_persistent_staker,56.20322594,False,349,0.0,0.418008529,0,0,0,1,0.0,1.383129945
staker_02285,staker,small_persistent_staker,6.145367565,False,349,0.0,-0.030169355,0,0,0,1,0.0,0.0
staker_02286,staker,small_persistent_staker,15.375697185,False,349,0.0,-0.060658672,0,0,0,1,0.0,0.0
staker_02287,staker,small_persistent_staker,14.595306155,False,349,0.0,-0.012848655,0,0,0,1,0.0,0.0
staker_02288,staker,small_persistent_staker,6.890351328,False,349,0.0,-0.010845598,0,0,0,1,0.0,0.0
staker_02289,staker,small_persistent_staker,11.229865977,False,350,0.0,0.007708316,0,0,0,1,0.0,0.091890126
staker_02290,staker,small_persistent_staker,22.13912076,False,350,0.0,0.168625845,0,0,0,1,0.0,0.669567478
staker_02291,staker,small_persistent_staker,9.937973856,False,351,0.0,0.070664116,0,0,0,1,0.0,0.244863904
staker_02292,staker,small_persistent_staker,55.284711867,False,351,0.0,0.0,0,0,0,1,0.0,0.0
staker_02293,staker,small_persistent_staker,28.573185697,False,351,0.0,0.056830739,0,0,0,1,0.0,0.233593791
staker_02294,staker,small_persistent_staker,7.225795881,False,351,0.0,0.072021057,0,0,0,1,0.0,0.290809104
staker_02295,staker,small_persistent_staker,19.83047709,False,351,0.0,0.129524062,0,0,0,1,0.0,1.150781174
staker_02296,staker,small_persistent_staker,7.210926467,False,351,0.0,-0.005843524,0,0,0,1,0.0,0.027183604
staker_02297,staker,small_persistent_staker,6.212528156,False,351,0.0,-0.016216484,0,0,0,1,0.0,0.0
staker_02298,staker,small_persistent_staker,5.850060424,False,351,0.0,-0.020683507,0,0,0,1,0.0,0.0
staker_02299,staker,small_persistent_staker,13.596537397,False,352,0.0,0.105421225,0,0,0,1,0.0,0.477581611
staker_02300,staker,small_persistent_staker,6.508559626,False,352,0.0,0.02102024,0,0,0,1,0.0,0.100622698
staker_02301,staker,small_persistent_staker,2.332812902,False,352,0.0,0.0,0,0,0,1,0.0,0.0
staker_02302,staker,small_persistent_staker,10.022408488,False,352,0.0,0.256241344,0,0,0,1,0.0,1.911356521
staker_02303,staker,small_persistent_staker,7.106661875,False,352,0.0,-0.003029867,0,0,0,1,0.0,0.0
staker_02304,staker,small_persistent_staker,5.916913027,False,352,0.0,0.048445385,0,0,0,1,0.0,0.238725245
staker_02305,staker,small_persistent_staker,2.606598016,False,352,0.0,0.004640793,0,0,0,1,0.0,0.021328894
staker_02306,staker,small_persistent_staker,1.450155322,False,352,0.0,0.015559275,0,0,0,1,0.0,0.100731736
staker_02307,staker,small_persistent_staker,6.443568243,False,353,0.0,0.017412359,0,0,0,1,0.0,0.099713124
staker_02308,staker,small_persistent_staker,7.427864774,False,353,0.0,0.081556277,0,0,0,1,0.0,0.182507698
staker_02309,staker,small_persistent_staker,12.402921089,False,353,0.0,0.141177152,0,0,0,1,0.0,0.304624107
staker_02310,staker,small_persistent_staker,3.296485678,False,353,0.0,0.003361706,0,0,0,1,0.0,0.02700607
staker_02311,staker,small_persistent_staker,1.659685153,False,353,0.0,0.013644331,0,0,0,1,0.0,0.040893344
staker_02312,staker,small_persistent_staker,9.89869839,False,353,0.0,0.021058741,0,0,0,1,0.0,0.577623309
staker_02313,staker,small_persistent_staker,17.158433855,False,353,0.0,-0.005062511,0,0,0,1,0.0,1.382805897
staker_02314,staker,small_persistent_staker,4.222089884,False,354,0.0,0.033759498,0,0,0,1,0.0,0.245011834
staker_02315,staker,small_persistent_staker,3.093207608,False,354,0.0,0.023433738,0,0,0,1,0.0,0.135969975
staker_02316,staker,small_persistent_staker,3.779424244,False,354,0.0,0.011408479,0,0,0,1,0.0,0.292213181
staker_02317,staker,small_persistent_staker,29.676037559,False,354,0.0,0.389381126,0,0,0,1,0.0,0.894210404
staker_02318,staker,small_persistent_staker,7.40591764,False,354,0.0,0.061251135,0,0,0,1,0.0,0.325318464
staker_02319,staker,small_persistent_staker,6.634673749,False,354,0.0,0.029712838,0,0,0,1,0.0,0.102524088
staker_02320,staker,small_persistent_staker,22.960561679,False,355,0.0,0.0843377,0,0,0,1,0.0,0.187781536
staker_02321,staker,small_persistent_staker,9.115396952,False,355,0.0,0.11025982,0,0,0,1,0.0,0.633180286
staker_02322,staker,small_persistent_staker,5.62364041,False,355,0.0,0.027561318,0,0,0,1,0.0,0.393478401
staker_02323,staker,small_persistent_staker,8.111990725,False,355,0.0,0.104137434,0,0,0,1,0.0,0.199133066
staker_02324,staker,small_persistent_staker,70.028067321,False,355,0.0,-0.018991927,0,0,0,1,0.0,0.574987568
staker_02325,staker,small_persistent_staker,13.295777581,False,355,0.0,0.14772638,0,0,0,1,0.0,0.401690872
staker_02326,staker,small_persistent_staker,8.194737601,False,355,0.0,0.088021569,0,0,0,1,0.0,0.201591507
staker_02327,staker,small_persistent_staker,23.750587222,False,355,0.0,-0.034561602,0,0,0,1,0.0,0.0
staker_02328,staker,small_persistent_staker,15.726903162,False,355,0.0,-0.030572797,0,0,0,1,0.0,0.0
staker_02329,staker,small_persistent_staker,6.889988116,False,356,0.0,0.028834245,0,0,0,1,0.0,0.106621396
staker_02330,staker,staker_whale,140.241661051,False,356,0.0,-1.047445612,0,0,0,1,0.0,13.898826368
staker_02331,staker,small_persistent_staker,11.396259834,False,356,0.0,0.04769276,0,0,0,1,0.0,0.176355185
staker_02332,staker,small_persistent_staker,3.972106275,False,357,0.0,0.046522756,0,0,0,1,0.0,0.097714281
staker_02333,staker,small_persistent_staker,38.834009715,False,357,0.0,0.0,0,0,0,1,0.0,0.0
staker_02334,staker,small_persistent_staker,16.471050572,False,357,0.0,0.0,0,0,0,1,0.0,0.0
staker_02335,staker,small_persistent_staker,29.811668358,False,357,0.0,0.266486802,0,0,0,1,0.0,1.731091354
staker_02336,staker,staker_whale,179.364770731,False,357,0.0,24.42185872,1,0,0,1,0.0,40.15047757
staker_02337,staker,small_persistent_staker,14.154577905,False,357,0.0,0.07257553,0,0,0,1,0.0,0.624724074
staker_02338,staker,small_persistent_staker,7.425944114,False,357,0.0,0.048201448,0,0,0,1,0.0,0.114700778
staker_02339,staker,small_persistent_staker,24.810006676,False,357,0.0,-0.116136647,0,0,0,1,0.0,2.453127907
staker_02340,staker,small_persistent_staker,9.328416835,False,357,0.0,0.043222977,0,0,0,1,0.0,0.144355666
staker_02341,staker,small_persistent_staker,6.133530486,False,358,0.0,0.023807812,0,0,0,1,0.0,0.304583101
staker_02342,staker,small_persistent_staker,23.422935641,False,358,0.0,0.027692104,0,0,0,1,0.0,0.192321412
staker_02343,staker,small_persistent_staker,5.163659292,False,358,0.0,0.076986083,0,0,0,1,0.0,0.180578249
staker_02344,staker,small_persistent_staker,7.815971598,False,358,0.0,0.03056513,0,0,0,1,0.0,0.064000204
staker_02345,staker,small_persistent_staker,9.937946806,False,358,0.0,0.077178705,0,0,0,1,0.0,0.491580958
staker_02346,staker,small_persistent_staker,5.804528836,False,358,0.0,0.025910558,0,0,0,1,0.0,0.406904584
staker_02347,staker,small_persistent_staker,4.616620494,False,358,0.0,0.021197218,0,0,0,1,0.0,0.357112277
staker_02348,staker,small_persistent_staker,28.431146638,False,358,0.0,0.346254347,0,0,0,1,0.0,0.699409547
staker_02349,staker,small_persistent_staker,5.607363525,False,359,0.0,0.087625036,0,0,0,1,0.0,0.168963353
staker_02350,staker,small_persistent_staker,8.042494554,False,359,0.0,0.057072086,0,0,0,1,0.0,0.398285158
staker_02351,staker,small_persistent_staker,4.014829131,False,359,0.0,0.050596519,0,0,0,1,0.0,0.121348146
staker_02352,staker,small_persistent_staker,13.733783967,False,360,0.0,0.019104051,0,0,0,1,0.0,0.108627144
staker_02353,staker,small_persistent_staker,42.372501572,False,360,0.0,0.15637405,0,0,0,1,0.0,0.495428415
staker_02354,staker,small_persistent_staker,4.03016175,False,360,0.0,0.029384137,0,0,0,1,0.0,0.147602134
staker_02355,staker,small_persistent_staker,10.229825617,False,360,0.0,0.079188308,0,0,0,1,0.0,0.374491131
staker_02356,staker,small_persistent_staker,43.320851806,False,360,0.0,0.027347217,0,0,0,1,0.0,0.191613535
staker_02357,staker,small_persistent_staker,35.209449173,False,360,0.0,0.017135973,0,0,0,1,0.0,2.33736249
staker_02358,staker,small_persistent_staker,25.747981063,False,360,0.0,0.202288737,0,0,0,1,0.0,0.537840269
staker_02359,staker,small_persistent_staker,1.878216483,False,360,0.0,0.019557031,0,0,0,1,0.0,0.058763626
staker_02360,staker,small_persistent_staker,38.811237932,False,360,0.0,0.309222578,0,0,0,1,0.0,1.217284868
staker_02361,staker,small_persistent_staker,8.922844945,False,361,0.0,0.027247569,0,0,0,1,0.0,0.655868909
staker_02362,staker,small_persistent_staker,17.086707866,False,361,0.0,0.040905848,0,0,0,1,0.0,0.200154983
staker_02363,staker,small_persistent_staker,21.044697087,False,361,0.0,0.257308891,0,0,0,1,0.0,0.657589901
staker_02364,staker,small_persistent_staker,3.131983082,False,361,0.0,0.03829407,0,0,0,1,0.0,0.097866006
staker_02365,staker,small_persistent_staker,9.272702498,False,361,0.0,-0.00637949,0,0,0,1,0.0,0.0
staker_02366,staker,small_persistent_staker,11.849581233,False,362,0.0,0.124889593,0,0,0,1,0.0,0.3137686
staker_02367,staker,staker_whale,129.232795927,False,362,0.0,0.243592011,0,0,0,1,0.0,0.571612787
staker_02368,staker,small_persistent_staker,20.445685949,False,362,0.0,0.18008732,0,0,0,1,0.0,0.542334819
staker_02369,staker,small_persistent_staker,22.214328814,False,362,0.0,-0.003296162,0,0,0,1,0.0,0.098456911
staker_02370,staker,small_persistent_staker,9.098044865,False,362,0.0,0.074585136,0,0,0,1,0.0,0.285645232
staker_02371,staker,small_persistent_staker,21.209416349,False,362,0.0,-0.010125346,0,0,0,1,0.0,0.0
staker_02372,staker,small_persistent_staker,4.212104648,False,362,0.0,0.042616935,0,0,0,1,0.0,0.168955105
staker_02373,staker,small_persistent_staker,41.127953941,False,363,0.0,0.269854102,0,0,0,1,0.0,2.237135046
staker_02374,staker,small_persistent_staker,4.355697116,False,363,0.0,0.019630683,0,0,0,1,0.0,0.050974252
staker_02375,staker,small_persistent_staker,18.886437873,False,363,0.0,0.143618521,0,0,0,1,0.0,1.124997737
staker_02376,staker,small_persistent_staker,2.143951891,False,363,0.0,0.025354355,0,0,0,1,0.0,0.044682403
staker_02377,staker,small_persistent_staker,14.965867879,False,363,0.0,0.081041278,0,0,0,1,0.0,0.174984151
staker_02378,staker,small_persistent_staker,38.70433047,False,364,0.0,0.356141998,0,0,0,1,0.0,1.764850936
staker_02379,staker,small_persistent_staker,15.494122264,False,364,0.0,0.133985592,0,0,0,1,0.0,0.922383454
staker_02380,staker,small_persistent_staker,46.843205565,False,364,0.0,0.469799744,0,0,0,1,0.0,0.978490788
staker_02381,staker,small_persistent_staker,13.741310047,False,364,0.0,0.151685822,0,0,0,1,0.0,0.364017678
staker_02382,staker,small_persistent_staker,1.90440823,False,365,0.0,0.009687694,0,0,0,1,0.0,0.051402922
staker_02383,staker,small_persistent_staker,55.890322571,False,365,0.0,0.0,0,0,0,1,0.0,0.0
staker_02384,staker,small_persistent_staker,13.378670797,False,365,0.0,0.062174709,0,0,0,1,0.0,0.296320098
staker_02385,staker,small_persistent_staker,73.291935162,False,365,0.0,0.326334083,0,0,0,1,0.0,4.513114009
staker_02386,staker,small_persistent_staker,1.344230536,False,365,0.0,0.00988368,0,0,0,1,0.0,0.036200234
staker_02387,staker,small_persistent_staker,3.242000885,False,365,0.0,-0.003019457,0,0,0,1,0.0,0.134351878
staker_02388,staker,small_persistent_staker,27.540577491,False,365,0.0,-0.067472923,0,0,0,1,0.0,1.707630407
staker_02389,staker,small_persistent_staker,5.187625396,False,365,0.0,-0.018911949,0,0,0,1,0.0,0.542143386
staker_02390,staker,small_persistent_staker,24.939045884,False,365,0.0,0.150608153,0,0,0,1,0.0,0.551594973
staker_02391,staker,small_persistent_staker,7.267254501,False,366,0.0,0.060189072,0,0,0,1,0.0,0.119618855
staker_02392,staker,small_persistent_staker,7.504159565,False,366,0.0,-0.001256183,0,0,0,1,0.0,0.464409016
staker_02393,staker,small_persistent_staker,2.62978968,False,366,0.0,0.029152681,0,0,0,1,0.0,0.05789201
staker_02394,staker,small_persistent_staker,99.878495491,False,366,0.0,-0.121504509,0,0,0,1,0.0,0.0
staker_02395,staker,small_persistent_staker,38.215934011,False,366,0.0,0.127703207,0,0,0,1,0.0,0.277896146
staker_02396,staker,small_persistent_staker,21.193086278,False,367,0.0,0.014218256,0,0,0,1,0.0,0.877648686
staker_02397,staker,small_persistent_staker,98.92123103,False,367,0.0,0.548468686,0,0,0,1,0.0,2.190976169
staker_02398,staker,small_persistent_staker,7.771882816,False,367,0.0,0.049370404,0,0,0,1,0.0,0.277987816
staker_02399,staker,small_persistent_staker,3.27840233,False,367,0.0,0.023276481,0,0,0,1,0.0,0.088389783
staker_02400,staker,small_persistent_staker,2.577070263,False,368,0.0,0.018631656,0,0,0,1,0.0,0.042515196
staker_02401,staker,small_persistent_staker,22.489576484,False,368,0.0,0.245463845,0,0,0,1,0.0,0.72175354
staker_02402,staker,small_persistent_staker,1.899523699,False,368,0.0,-0.005202882,0,0,0,1,0.0,0.0
staker_02403,staker,small_persistent_staker,41.371682171,False,368,0.0,0.278196029,0,0,0,1,0.0,0.682876504
staker_02404,staker,small_persistent_staker,8.713308046,False,368,0.0,0.090174338,0,0,0,1,0.0,0.234316849
staker_02405,staker,small_persistent_staker,5.295995599,False,369,0.0,0.018785954,0,0,0,1,0.0,0.038568778
staker_02406,staker,small_persistent_staker,36.09691653,False,369,0.0,0.144003179,0,0,0,1,0.0,0.262763852
staker_02407,staker,small_persistent_staker,1.675506752,False,369,0.0,0.014630386,0,0,0,1,0.0,0.059857747
staker_02408,staker,small_persistent_staker,15.196419069,False,369,0.0,0.160186296,0,0,0,1,0.0,0.335287792
staker_02409,staker,small_persistent_staker,2.747334312,False,370,0.0,0.026039053,0,0,0,1,0.0,0.04527524
staker_02410,staker,staker_whale,100.821303198,False,370,0.0,0.821303198,0,0,0,1,0.0,2.720534959
staker_02411,staker,small_persistent_staker,16.977193919,False,370,0.0,0.105760811,0,0,0,1,0.0,0.608469967
staker_02412,staker,small_persistent_staker,10.41331849,False,370,0.0,-0.030907656,0,0,0,1,0.0,0.723789202
staker_02413,staker,small_persistent_staker,6.004170838,False,370,0.0,0.051150872,0,0,0,1,0.0,0.161953989
staker_02414,staker,small_persistent_staker,15.311741616,False,370,0.0,0.153761186,0,0,0,1,0.0,0.252189174
staker_02415,staker,small_persistent_staker,17.869715963,False,371,0.0,0.075359864,0,0,0,1,0.0,0.130195979
staker_02416,staker,small_persistent_staker,5.448919765,False,371,0.0,0.065020778,0,0,0,1,0.0,0.146531455
staker_02417,staker,small_persistent_staker,16.925292809,False,371,0.0,0.17288818,0,0,0,1,0.0,0.842341549
staker_02418,staker,small_persistent_staker,1.291863962,False,371,0.0,0.009455473,0,0,0,1,0.0,0.034902806
staker_02419,staker,small_persistent_staker,9.759372955,False,371,0.0,0.089964221,0,0,0,1,0.0,0.215855133
staker_02420,staker,small_persistent_staker,8.102222567,False,371,0.0,0.112359819,0,0,0,1,0.0,0.178361773
staker_02421,staker,small_persistent_staker,3.780237776,False,372,0.0,0.044608888,0,0,0,1,0.0,0.101715219
staker_02422,staker,small_persistent_staker,2.739526356,False,372,0.0,0.023788488,0,0,0,1,0.0,0.088296909
staker_02423,staker,small_persistent_staker,17.080807414,False,372,0.0,0.184784722,0,0,0,1,0.0,0.549341154
staker_02424,staker,small_persistent_staker,6.829399786,False,372,0.0,0.052898138,0,0,0,1,0.0,0.244602348
staker_02425,staker,small_persistent_staker,49.440233599,False,372,0.0,0.359818701,0,0,0,1,0.0,2.727447326
staker_02426,staker,small_persistent_staker,1.897991113,False,372,0.0,0.019470243,0,0,0,1,0.0,0.041953359
staker_02427,staker,small_persistent_staker,10.858693671,False,373,0.0,0.162718964,0,0,0,1,0.0,0.239042539
staker_02428,staker,small_persistent_staker,6.014838088,False,373,0.0,0.032661789,0,0,0,1,0.0,0.216081902
staker_02429,staker,small_persistent_staker,10.05444307,False,373,0.0,0.131233916,0,0,0,1,0.0,0.270382431
staker_02430,staker,small_persistent_staker,13.788479369,False,373,0.0,-0.113861398,0,0,0,1,0.0,1.253088862
staker_02431,staker,small_persistent_staker,24.94596728,False,373,0.0,0.227864434,0,0,0,1,0.0,0.892841401
staker_02432,staker,small_persistent_staker,29.972908077,False,373,0.0,0.081002211,0,0,0,1,0.0,1.242978474
staker_02433,staker,small_persistent_staker,27.432371523,False,374,0.0,0.207006363,0,0,0,1,0.0,0.357068253
staker_02434,staker,small_persistent_staker,37.845509501,False,374,0.0,0.317009102,0,0,0,1,0.0,1.085795508
staker_02435,staker,staker_whale,341.531263999,False,374,0.0,1.539583475,0,0,0,1,0.0,12.901871759
staker_02436,staker,small_persistent_staker,45.30084759,False,375,0.0,-0.131981175,0,0,0,1,0.0,0.0
staker_02437,staker,small_persistent_staker,12.436626295,False,375,0.0,0.053104504,0,0,0,1,0.0,0.309928513
staker_02438,staker,small_persistent_staker,2.089498301,False,375,0.0,-0.004807325,0,0,0,1,0.0,0.059868982
staker_02439,staker,small_persistent_staker,14.819093796,False,376,0.0,-0.021965548,0,0,0,1,0.0,0.0
staker_02440,staker,small_persistent_staker,5.57730523,False,376,0.0,-9.1188e-05,0,0,0,1,0.0,0.159511483
staker_02441,staker,small_persistent_staker,6.654758,False,376,0.0,0.031419647,0,0,0,1,0.0,0.189425037
staker_02442,staker,small_persistent_staker,3.624815004,False,376,0.0,0.02527627,0,0,0,1,0.0,0.07122283
staker_02443,staker,small_persistent_staker,15.326734093,False,376,0.0,0.083041409,0,0,0,1,0.0,0.435963995
staker_02444,staker,small_persistent_staker,10.143957485,False,376,0.0,-0.014112658,0,0,0,1,0.0,0.345617047
staker_02445,staker,small_persistent_staker,6.339651801,False,376,0.0,0.025650795,0,0,0,1,0.0,0.158095907
staker_02446,staker,small_persistent_staker,22.2052487,False,377,0.0,0.152541567,0,0,0,1,0.0,0.43660945
staker_02447,staker,small_persistent_staker,5.56725916,False,377,0.0,-0.026628734,0,0,0,1,0.0,0.304617119
staker_02448,staker,small_persistent_staker,1.669213578,False,377,0.0,-0.011487461,0,0,0,1,0.0,0.138312563
staker_02449,staker,small_persistent_staker,2.558721868,False,377,0.0,0.015608219,0,0,0,1,0.0,0.06371484
staker_02450,staker,small_persistent_staker,4.233449498,False,377,0.0,-0.005272661,0,0,0,1,0.0,0.121298167
staker_02451,staker,small_persistent_staker,13.926757324,False,377,0.0,0.116594706,0,0,0,1,0.0,0.206189881
staker_02452,staker,small_persistent_staker,11.416139512,False,377,0.0,0.008095067,0,0,0,1,0.0,0.487649228
staker_02453,staker,small_persistent_staker,16.394938959,False,378,0.0,-0.023166272,0,0,0,1,0.0,0.0
staker_02454,staker,small_persistent_staker,3.010089305,False,378,0.0,0.009599955,0,0,0,1,0.0,0.044818095
staker_02455,staker,staker_whale,100.115382747,False,378,0.0,0.115382747,0,0,0,1,0.0,4.276505998
staker_02456,staker,small_persistent_staker,17.147337568,False,378,0.0,0.005997371,0,0,0,1,0.0,0.583821816
staker_02457,staker,small_persistent_staker,17.818056637,False,378,0.0,0.142636658,0,0,0,1,0.0,0.350101291
staker_02458,staker,small_persistent_staker,20.319955831,False,378,0.0,-0.062986569,0,0,0,1,0.0,0.694228474
staker_02459,staker,small_persistent_staker,2.958912491,False,378,0.0,-0.002370683,0,0,0,1,0.0,0.08477972
staker_02460,staker,small_persistent_staker,1.552397925,False,379,0.0,0.006716482,0,0,0,1,0.0,0.023097924
staker_02461,staker,small_persistent_staker,2.391935384,False,379,0.0,0.01201286,0,0,0,1,0.0,0.035564424
staker_02462,staker,small_persistent_staker,2.576621861,False,379,0.0,0.0,0,0,0,1,0.0,0.0
staker_02463,staker,small_persistent_staker,2.910427712,False,379,0.0,0.01803986,0,0,0,1,0.0,0.072529681
staker_02464,staker,small_persistent_staker,6.343159012,False,381,0.0,0.064767371,0,0,0,1,0.0,0.0939124
staker_02465,staker,small_persistent_staker,6.975964127,False,381,0.0,0.046453849,0,0,0,1,0.0,0.064425414
staker_02466,staker,small_persistent_staker,42.278627541,False,381,0.0,0.261885168,0,0,0,1,0.0,2.292286548
staker_02467,staker,small_persistent_staker,6.086132154,False,381,0.0,0.021965337,0,0,0,1,0.0,0.291525451
staker_02468,staker,small_persistent_staker,15.024935196,False,382,0.0,0.043379766,0,0,0,1,0.0,0.429714637
staker_02469,staker,small_persistent_staker,3.897904383,False,382,0.0,0.03392661,0,0,0,1,0.0,0.035940761
staker_02470,staker,small_persistent_staker,14.578626992,False,382,0.0,0.073613792,0,0,0,1,0.0,0.217065417
staker_02471,staker,small_persistent_staker,32.022249822,False,382,0.0,-0.348127202,0,0,0,1,0.0,2.670071375
staker_02472,staker,small_persistent_staker,16.368743354,False,383,0.0,-0.039025937,0,0,0,1,0.0,0.545302237
staker_02473,staker,small_persistent_staker,26.893807549,False,383,0.0,-0.057108976,0,0,0,1,0.0,0.0
staker_02474,staker,small_persistent_staker,4.487594385,False,383,0.0,-0.013882098,0,0,0,1,0.0,0.047020711
staker_02475,staker,small_persistent_staker,50.834541659,False,383,0.0,-0.198427275,0,0,0,1,0.0,2.28947152
staker_02476,staker,small_persistent_staker,8.373214687,False,384,0.0,-0.057191946,0,0,0,1,0.0,0.378405367
staker_02477,staker,small_persistent_staker,42.88364651,False,384,0.0,-0.280697119,0,0,0,1,0.0,1.062077245
staker_02478,staker,small_persistent_staker,4.96650338,False,384,0.0,-0.017885838,0,0,0,1,0.0,0.052091938
staker_02479,staker,small_persistent_staker,9.983309057,False,384,0.0,-0.031925998,0,0,0,1,0.0,0.0
staker_02480,staker,small_persistent_staker,7.580668896,False,384,0.0,-0.010948106,0,0,0,1,0.0,0.340755641
staker_02481,staker,small_persistent_staker,20.016965885,False,384,0.0,-0.137474592,0,0,0,1,0.0,0.387221769
staker_02482,staker,small_persistent_staker,64.230478226,False,385,0.0,0.037038379,0,0,0,1,0.0,0.360533262
staker_02483,staker,small_persistent_staker,28.144943496,False,385,0.0,-0.024406093,0,0,0,1,0.0,0.937056598
staker_02484,staker,small_persistent_staker,1.4394823,False,385,0.0,-0.009448112,0,0,0,1,0.0,0.048198834
staker_02485,staker,small_persistent_staker,29.977239236,False,385,0.0,-0.081995979,0,0,0,1,0.0,0.999923857
staker_02486,staker,small_persistent_staker,6.422657823,False,385,0.0,-0.100079229,0,0,0,1,0.0,0.541416951
staker_02487,staker,staker_whale,99.784447592,False,386,0.0,-0.215552408,0,0,0,1,0.0,0.0
staker_02488,staker,small_persistent_staker,2.85713692,False,386,0.0,-0.005560975,0,0,0,1,0.0,0.016088027
staker_02489,staker,small_persistent_staker,3.021256517,False,386,0.0,-0.023995542,0,0,0,1,0.0,0.058568183
staker_02490,staker,small_persistent_staker,22.776117225,False,386,0.0,0.0,0,0,0,1,0.0,0.0
staker_02491,staker,small_persistent_staker,6.234454913,False,387,0.0,0.004473151,0,0,0,1,0.0,0.280086665
staker_02492,staker,small_persistent_staker,26.105765841,False,387,0.0,-0.067717951,0,0,0,1,0.0,0.273978819
staker_02493,staker,small_persistent_staker,7.696040129,False,387,0.0,-0.096701623,0,0,0,1,0.0,0.406499737
staker_02494,staker,small_persistent_staker,5.448531272,False,387,0.0,-0.011317596,0,0,0,1,0.0,0.030701196
staker_02495,staker,small_persistent_staker,6.873689867,False,387,0.0,0.007377491,0,0,0,1,0.0,0.03860986
staker_02496,staker,small_persistent_staker,5.045630467,False,387,0.0,-0.014159158,0,0,0,1,0.0,0.168516118
staker_02497,staker,small_persistent_staker,45.349179811,False,387,0.0,-0.007947937,0,0,0,1,0.0,0.712012604
staker_02498,staker,small_persistent_staker,26.900115599,False,388,0.0,0.09097398,0,0,0,1,0.0,0.150807222
staker_02499,staker,small_persistent_staker,3.374341462,False,388,0.0,-0.030572627,0,0,0,1,0.0,0.177680883
staker_02500,staker,small_persistent_staker,2.782696773,False,388,0.0,0.00285242,0,0,0,1,0.0,0.029109885
staker_02501,staker,small_persistent_staker,11.806517435,False,388,0.0,0.022168156,0,0,0,1,0.0,0.123402973
staker_02502,staker,small_persistent_staker,100.302283252,False,388,0.0,0.302283252,0,0,0,1,0.0,1.570387017
staker_02503,staker,small_persistent_staker,33.184590388,False,388,0.0,0.081092536,0,0,0,1,0.0,0.346652152
staker_02504,staker,small_persistent_staker,46.30211522,False,388,0.0,12.039876749,1,0,0,1,0.0,0.910324091
staker_02505,staker,small_persistent_staker,64.32161328,False,389,0.0,18.268026766,1,0,0,1,0.0,0.570512438
staker_02506,staker,small_persistent_staker,27.76776189,False,389,0.0,-0.054963522,0,0,0,1,0.0,0.686429908
staker_02507,staker,small_persistent_staker,10.847125036,False,389,0.0,-0.03558049,0,0,0,1,0.0,0.489791458
staker_02508,staker,small_persistent_staker,11.181678421,False,389,0.0,-0.030226479,0,0,0,1,0.0,0.215990171
staker_02509,staker,small_persistent_staker,9.985719025,False,389,0.0,-0.191000353,0,0,0,1,0.0,0.603915122
staker_02510,staker,small_persistent_staker,9.804315331,False,389,0.0,0.00395382,0,0,0,1,0.0,0.055167771
staker_02511,staker,small_persistent_staker,9.635088725,False,390,0.0,-0.053990086,0,0,0,1,0.0,0.506223394
staker_02512,staker,small_persistent_staker,11.159966151,False,390,0.0,0.02966889,0,0,0,1,0.0,0.062686089
staker_02513,staker,small_persistent_staker,12.066585703,False,390,0.0,-0.082042636,0,0,0,1,0.0,0.299878161
staker_02514,staker,small_persistent_staker,11.814466097,False,390,0.0,-0.025472073,0,0,0,1,0.0,0.456775437
staker_02515,staker,small_persistent_staker,5.459729553,False,390,0.0,0.022135382,0,0,0,1,0.0,0.030624655
staker_02516,staker,small_persistent_staker,34.100982351,False,390,0.0,-0.025798193,0,0,0,1,0.0,0.536570997
staker_02517,staker,small_persistent_staker,2.156990265,False,390,0.0,0.006206,0,0,0,1,0.0,0.033816505
staker_02518,staker,small_persistent_staker,3.354838446,False,390,0.0,0.007008308,0,0,0,1,0.0,0.064526642
staker_02519,staker,small_persistent_staker,6.621303373,False,390,0.0,-0.024222497,0,0,0,1,0.0,0.128086985
staker_02520,staker,small_persistent_staker,4.735404217,False,390,0.0,0.016987479,0,0,0,1,0.0,0.2124671
staker_02521,staker,small_persistent_staker,24.343997075,False,391,0.0,-0.077806756,0,0,0,1,0.0,0.24505657
staker_02522,staker,small_persistent_staker,13.033143082,False,391,0.0,-0.220293673,0,0,0,1,0.0,1.33227555
staker_02523,staker,small_persistent_staker,7.567964112,False,391,0.0,-0.100621882,0,0,0,1,0.0,0.30042954
staker_02524,staker,small_persistent_staker,5.227131188,False,391,0.0,-0.053052592,0,0,0,1,0.0,0.071629616
staker_02525,staker,small_persistent_staker,5.827883008,False,391,0.0,-0.104002566,0,0,0,1,0.0,0.396074854
staker_02526,staker,small_persistent_staker,6.458397049,False,391,0.0,-0.017186837,0,0,0,1,0.0,0.253691709
staker_02527,staker,small_persistent_staker,7.964235319,False,391,0.0,-0.058368579,0,0,0,1,0.0,0.108832582
staker_02528,staker,small_persistent_staker,21.285546511,False,391,0.0,-0.096807464,0,0,0,1,0.0,0.103174994
staker_02529,staker,small_persistent_staker,54.466102224,False,392,0.0,-0.232382333,0,0,0,1,0.0,0.0
staker_02530,staker,small_persistent_staker,18.623630697,False,392,0.0,-0.09766753,0,0,0,1,0.0,0.187939657
staker_02531,staker,small_persistent_staker,1.678587231,False,392,0.0,-0.020368936,0,0,0,1,0.0,0.066589135
staker_02532,staker,small_persistent_staker,7.011425265,False,392,0.0,-0.152804992,0,0,0,1,0.0,0.353749363
staker_02533,staker,small_persistent_staker,1.497877734,False,392,0.0,-0.005455064,0,0,0,1,0.0,0.007257181
staker_02534,staker,small_persistent_staker,5.881354795,False,393,0.0,-0.110478408,0,0,0,1,0.0,0.320530273
staker_02535,staker,small_persistent_staker,19.138693695,False,393,0.0,-0.160545439,0,0,0,1,0.0,0.532634251
staker_02536,staker,small_persistent_staker,4.913988708,False,394,0.0,-0.05007361,0,0,0,1,0.0,0.094192343
staker_02537,staker,small_persistent_staker,43.687030012,False,394,0.0,-0.058993242,0,0,0,1,0.0,0.211413284
staker_02538,staker,small_persistent_staker,8.934643052,False,394,0.0,-0.023704676,0,0,0,1,0.0,0.090030836
staker_02539,staker,small_persistent_staker,14.335718002,False,394,0.0,-0.099712524,0,0,0,1,0.0,0.273910145
staker_02540,staker,small_persistent_staker,13.390708029,False,394,0.0,0.0,0,0,0,1,0.0,0.0
staker_02541,staker,small_persistent_staker,29.761326828,False,395,0.0,17.434193095,1,0,0,1,0.0,3.308873427
staker_02542,staker,small_persistent_staker,18.169072711,False,395,0.0,0.002997649,0,0,0,1,0.0,0.182695809
staker_02543,staker,small_persistent_staker,3.792543185,False,395,0.0,-0.00693433,0,0,0,1,0.0,0.05165904
staker_02544,staker,small_persistent_staker,8.062774527,False,395,0.0,-0.081261257,0,0,0,1,0.0,0.378358146
staker_02545,staker,small_persistent_staker,9.466604838,False,396,0.0,-0.005368313,0,0,0,1,0.0,0.09532615
staker_02546,staker,small_persistent_staker,7.893407432,False,396,0.0,-0.019351907,0,0,0,1,0.0,0.0
staker_02547,staker,small_persistent_staker,38.773066868,False,396,0.0,-0.035392214,0,0,0,1,0.0,1.524883693
staker_02548,staker,small_persistent_staker,2.8400942,False,396,0.0,0.002644979,0,0,0,1,0.0,0.111490643
staker_02549,staker,small_persistent_staker,9.218042695,False,396,0.0,-0.005227359,0,0,0,1,0.0,0.092823196
staker_02550,staker,small_persistent_staker,11.676182384,False,396,0.0,-0.027308913,0,0,0,1,0.0,0.159236272
staker_02551,staker,small_persistent_staker,14.180692347,False,397,0.0,-0.042151945,0,0,0,1,0.0,0.193649836
staker_02552,staker,small_persistent_staker,5.200364576,False,397,0.0,-0.017277031,0,0,0,1,0.0,0.205158105
staker_02553,staker,small_persistent_staker,12.724792122,False,397,0.0,-0.165278477,0,0,0,1,0.0,0.863827239
staker_02554,staker,small_persistent_staker,2.516740315,False,397,0.0,-0.004325641,0,0,0,1,0.0,0.012209285
staker_02555,staker,small_persistent_staker,14.349372903,False,397,0.0,-0.02466295,0,0,0,1,0.0,0.069612103
staker_02556,staker,small_persistent_staker,4.343080452,False,397,0.0,-0.002384445,0,0,0,1,0.0,0.04376349
staker_02557,staker,small_persistent_staker,11.63050574,False,397,0.0,-0.125652425,0,0,0,1,0.0,1.151693932
staker_02558,staker,small_persistent_staker,3.496466281,False,398,0.0,-0.005162158,0,0,0,1,0.0,0.096937371
staker_02559,staker,small_persistent_staker,19.691643279,False,398,0.0,-0.008877999,0,0,0,1,0.0,0.095449049
staker_02560,staker,small_persistent_staker,4.911175627,False,398,0.0,-0.034884815,0,0,0,1,0.0,0.136924321
staker_02561,staker,small_persistent_staker,7.516400658,False,398,0.0,-0.044058352,0,0,0,1,0.0,0.351890597
staker_02562,staker,small_persistent_staker,8.973659708,False,398,0.0,-0.022845615,0,0,0,1,0.0,0.171140349
staker_02563,staker,small_persistent_staker,45.519431783,False,398,0.0,-0.020522486,0,0,0,1,0.0,0.220641133
staker_02564,staker,small_persistent_staker,18.005344725,False,399,0.0,-0.021951195,0,0,0,1,0.0,0.245706715
staker_02565,staker,small_persistent_staker,22.846876464,False,399,0.0,-0.015975111,0,0,0,1,0.0,0.0
staker_02566,staker,small_persistent_staker,6.360577261,False,399,0.0,0.007518556,0,0,0,1,0.0,0.064049292
staker_02567,staker,small_persistent_staker,11.081241131,False,399,0.0,-0.03046953,0,0,0,1,0.0,1.089703494
staker_02568,staker,small_persistent_staker,4.454047233,False,399,0.0,0.005247437,0,0,0,1,0.0,0.060635826
staker_02569,staker,small_persistent_staker,7.607856004,False,400,0.0,-0.048883461,0,0,0,1,0.0,0.301590479
staker_02570,staker,small_persistent_staker,99.292009866,False,400,0.0,-0.707990134,0,0,0,1,0.0,3.938889141
staker_02571,staker,small_persistent_staker,7.681156482,False,400,0.0,-0.072540282,0,0,0,1,0.0,0.384757864
staker_02572,staker,small_persistent_staker,26.649431319,False,400,0.0,-0.007306191,0,0,0,1,0.0,0.268931717
staker_02573,staker,small_persistent_staker,7.559545836,False,401,0.0,0.005526893,0,0,0,1,0.0,0.036673093
staker_02574,staker,small_persistent_staker,12.049970695,False,401,0.0,0.017585958,0,0,0,1,0.0,0.164227478
staker_02575,staker,small_persistent_staker,20.539808519,False,401,0.0,0.082284491,0,0,0,1,0.0,0.206534312
staker_02576,staker,small_persistent_staker,14.90650002,False,401,0.0,-0.017884219,0,0,0,1,0.0,0.203699769
staker_02577,staker,small_persistent_staker,19.793604464,False,401,0.0,-0.010283972,0,0,0,1,0.0,0.270299091
staker_02578,staker,small_persistent_staker,7.307883721,False,401,0.0,-0.012461028,0,0,0,1,0.0,0.09991384
staker_02579,staker,staker_whale,210.392328498,False,401,0.0,-2.676689928,0,0,0,1,0.0,10.580424929
staker_02580,staker,small_persistent_staker,10.522761482,False,401,0.0,0.015096261,0,0,0,1,0.0,0.106082897
staker_02581,staker,small_persistent_staker,6.109676263,False,401,0.0,-0.004444958,0,0,0,1,0.0,0.169601934
staker_02582,staker,small_persistent_staker,12.356641506,False,402,0.0,-0.054698875,0,0,0,1,0.0,0.064733369
staker_02583,staker,small_persistent_staker,3.785539141,False,402,0.0,-0.032968871,0,0,0,1,0.0,0.158776753
staker_02584,staker,small_persistent_staker,3.242868174,False,402,0.0,-0.014355134,0,0,0,1,0.0,0.016988579
staker_02585,staker,small_persistent_staker,2.821434647,False,402,0.0,-0.02955133,0,0,0,1,0.0,0.118546379
staker_02586,staker,small_persistent_staker,1.202605346,False,403,0.0,-0.015537938,0,0,0,1,0.0,0.041927052
staker_02587,staker,small_persistent_staker,3.111438299,False,403,0.0,-0.008357021,0,0,0,1,0.0,0.027322086
staker_02588,staker,small_persistent_staker,19.242237024,False,403,0.0,-0.049659746,0,0,0,1,0.0,0.0
staker_02589,staker,small_persistent_staker,6.178881991,False,403,0.0,-0.016595877,0,0,0,1,0.0,0.054257848
staker_02590,staker,small_persistent_staker,11.267815023,False,403,0.0,-0.180345381,0,0,0,1,0.0,0.557641931
staker_02591,staker,small_persistent_staker,1.692636175,False,403,0.0,-0.009887706,0,0,0,1,0.0,0.024087069
staker_02592,staker,small_persistent_staker,8.185408295,False,404,0.0,-0.072244375,0,0,0,1,0.0,0.284379926
staker_02593,staker,small_persistent_staker,9.997988083,False,404,0.0,-0.002971923,0,0,0,1,0.0,0.087634642
staker_02594,staker,small_persistent_staker,6.237001826,False,404,0.0,-0.050985337,0,0,0,1,0.0,0.055099261
staker_02595,staker,small_persistent_staker,13.214384741,False,404,0.0,-0.041682697,0,0,0,1,0.0,0.069226872
staker_02596,staker,small_persistent_staker,42.743057067,False,404,0.0,-0.335583914,0,0,0,1,0.0,0.609816404
staker_02597,staker,staker_whale,100.043873889,False,404,0.0,0.043873889,0,0,0,1,0.0,0.522227819
staker_02598,staker,small_persistent_staker,8.238030433,False,404,0.0,-0.130135448,0,0,0,1,0.0,0.373576529
staker_02599,staker,staker_whale,317.72820002,False,405,0.0,-1.561849748,0,0,0,1,0.0,2.798869268
staker_02600,staker,small_persistent_staker,8.336363764,False,405,0.0,-0.003987749,0,0,0,1,0.0,0.0
staker_02601,staker,small_persistent_staker,2.944630244,False,405,0.0,-0.019112671,0,0,0,1,0.0,0.067607389
staker_02602,staker,small_persistent_staker,15.667906145,False,405,0.0,-0.121148567,0,0,0,1,0.0,0.360171847
staker_02603,staker,small_persistent_staker,20.025499334,False,405,0.0,-0.009579316,0,0,0,1,0.0,0.0
staker_02604,staker,small_persistent_staker,5.903216196,False,405,0.0,-0.061416,0,0,0,1,0.0,0.718874016
staker_02605,staker,small_persistent_staker,3.047204067,False,405,0.0,-0.008113757,0,0,0,1,0.0,0.069696349
staker_02606,staker,small_persistent_staker,6.039875215,False,405,0.0,-0.037819462,0,0,0,1,0.0,0.544894713
staker_02607,staker,small_persistent_staker,26.178190886,False,406,0.0,-0.447460773,0,0,0,1,0.0,1.298784609
staker_02608,staker,small_persistent_staker,13.504548104,False,406,0.0,-0.094410995,0,0,0,1,0.0,0.19266977
staker_02609,staker,small_persistent_staker,13.179337426,False,406,0.0,-0.028774298,0,0,0,1,0.0,0.301440822
staker_02610,staker,small_persistent_staker,5.256616847,False,406,0.0,-0.006082026,0,0,0,1,0.0,0.0
staker_02611,staker,small_persistent_staker,0.748186283,False,406,0.0,-0.001813717,0,0,0,1,0.0,0.025850824
staker_02612,staker,small_persistent_staker,40.356422123,False,406,0.0,-0.177494804,0,0,0,1,0.0,1.13624885
staker_02613,staker,small_persistent_staker,6.798476361,False,406,0.0,-0.029900922,0,0,0,1,0.0,0.191413424
staker_02614,staker,small_persistent_staker,2.823008762,False,406,0.0,0.001570836,0,0,0,1,0.0,0.024744314
staker_02615,staker,staker_whale,99.37531109,False,406,0.0,-0.62468891,0,0,0,1,0.0,1.416797922
staker_02616,staker,small_persistent_staker,14.826027408,False,406,0.0,-0.134201053,0,0,0,1,0.0,0.211956206
staker_02617,staker,small_persistent_staker,9.153960427,False,407,0.0,-0.010460298,0,0,0,1,0.0,0.047933588
staker_02618,staker,small_persistent_staker,3.076422161,False,407,0.0,-0.00566778,0,0,0,1,0.0,0.027049195
staker_02619,staker,small_persistent_staker,18.36440814,False,407,0.0,-0.04767023,0,0,0,1,0.0,0.635067743
staker_02620,staker,small_persistent_staker,3.962908527,False,407,0.0,-0.036333172,0,0,0,1,0.0,0.137941483
staker_02621,staker,small_persistent_staker,7.852604013,False,407,0.0,-0.035305533,0,0,0,1,0.0,0.069226275
staker_02622,staker,small_persistent_staker,18.664011161,False,407,0.0,-0.029505331,0,0,0,1,0.0,0.0
staker_02623,staker,small_persistent_staker,7.256609749,False,408,0.0,-0.081542026,0,0,0,1,0.0,0.456630952
staker_02624,staker,small_persistent_staker,55.319799702,False,408,0.0,-0.376975244,0,0,0,1,0.0,2.135673393
staker_02625,staker,small_persistent_staker,32.245549552,False,408,0.0,0.010782365,0,0,0,1,0.0,0.16867765
staker_02626,staker,small_persistent_staker,10.38087654,False,408,0.0,-0.01538012,0,0,0,1,0.0,0.0
staker_02627,staker,small_persistent_staker,11.658850838,False,408,0.0,-0.154839278,0,0,0,1,0.0,0.528454836
staker_02628,staker,small_persistent_staker,7.691091263,False,408,0.0,0.2579383,0,0,0,1,0.0,1.680875052
staker_02629,staker,small_persistent_staker,3.203847949,False,409,0.0,-0.016227806,0,0,0,1,0.0,0.073608575
staker_02630,staker,small_persistent_staker,6.272057878,False,409,0.0,-0.004275796,0,0,0,1,0.0,0.03285775
staker_02631,staker,small_persistent_staker,3.866467048,False,409,0.0,-0.003956467,0,0,0,1,0.0,0.0
staker_02632,staker,small_persistent_staker,64.024020463,False,409,0.0,-0.767350114,0,0,0,1,0.0,6.805655017
staker_02633,staker,staker_whale,122.260367278,False,410,0.0,-0.240823249,0,0,0,1,0.0,2.8013413
staker_02634,staker,small_persistent_staker,15.059703211,False,410,0.0,-0.179603767,0,0,0,1,0.0,0.682259678
staker_02635,staker,small_persistent_staker,12.497096564,False,410,0.0,-0.002382079,0,0,0,1,0.0,0.285836453
staker_02636,staker,small_persistent_staker,5.978288192,False,410,0.0,0.007713111,0,0,0,1,0.0,0.052466908
staker_02637,staker,small_persistent_staker,6.217920974,False,410,0.0,0.007260784,0,0,0,1,0.0,0.032526172
staker_02638,staker,small_persistent_staker,18.041159578,False,410,0.0,0.340607976,0,0,0,1,0.0,2.896130646
staker_02639,staker,small_persistent_staker,2.167338896,False,410,0.0,0.001525871,0,0,0,1,0.0,0.011342692
staker_02640,staker,small_persistent_staker,11.305375325,False,410,0.0,-0.003273924,0,0,0,1,0.0,0.0
staker_02641,staker,small_persistent_staker,3.185492331,False,410,0.0,0.004109882,0,0,0,1,0.0,0.027956654
staker_02642,staker,small_persistent_staker,10.639818812,False,410,0.0,-0.022325367,0,0,0,1,0.0,0.368232453
staker_02643,staker,small_persistent_staker,6.119677424,False,411,0.0,-0.012918006,0,0,0,1,0.0,0.172301608
staker_02644,staker,small_persistent_staker,52.173890324,False,411,0.0,-0.478872191,0,0,0,1,0.0,1.818965331
staker_02645,staker,small_persistent_staker,6.391026275,False,411,0.0,0.015007279,0,0,0,1,0.0,0.220268737
staker_02646,staker,small_persistent_staker,7.45097434,False,411,0.0,-0.132998987,0,0,0,1,0.0,0.370786418
staker_02647,staker,small_persistent_staker,5.729568387,False,411,0.0,-0.062595614,0,0,0,1,0.0,0.25938872
staker_02648,staker,small_persistent_staker,3.874151341,False,411,0.0,-0.065535573,0,0,0,1,0.0,0.379159758
staker_02649,staker,small_persistent_staker,20.538043111,False,411,0.0,-0.059777204,0,0,0,1,0.0,0.181057419
staker_02650,staker,small_persistent_staker,8.392046045,False,411,0.0,-0.046315322,0,0,0,1,0.0,0.193023232
staker_02651,staker,small_persistent_staker,11.088280311,False,412,0.0,-0.143378024,0,0,0,1,0.0,0.645010661
staker_02652,staker,small_persistent_staker,14.928107217,False,412,0.0,0.027068817,0,0,0,1,0.0,0.078089475
staker_02653,staker,small_persistent_staker,2.88448061,False,412,0.0,-0.019414204,0,0,0,1,0.0,0.121322274
staker_02654,staker,small_persistent_staker,1.653572468,False,412,0.0,0.004471679,0,0,0,1,0.0,0.056990897
staker_02655,staker,small_persistent_staker,23.560352824,False,412,0.0,-0.055757748,0,0,0,1,0.0,0.816143762
staker_02656,staker,small_persistent_staker,9.197365644,False,412,0.0,-0.026092695,0,0,0,1,0.0,0.318751386
staker_02657,staker,small_persistent_staker,9.816642747,False,412,0.0,-0.158207689,0,0,0,1,0.0,0.446860185
staker_02658,staker,small_persistent_staker,21.898930827,False,412,0.0,0.022540697,0,0,0,1,0.0,0.500589984
staker_02659,staker,small_persistent_staker,2.211518567,False,412,0.0,-0.001069966,0,0,0,1,0.0,0.062187157
staker_02660,staker,small_persistent_staker,37.290449986,False,412,0.0,0.146237336,0,0,0,1,0.0,0.194655701
staker_02661,staker,small_persistent_staker,8.779352668,False,413,0.0,0.033244802,0,0,0,1,0.0,0.076953025
staker_02662,staker,small_persistent_staker,18.066878772,False,413,0.0,-0.008586813,0,0,0,1,0.0,0.508335354
staker_02663,staker,small_persistent_staker,5.62680508,False,413,0.0,0.016412733,0,0,0,1,0.0,0.128457807
staker_02664,staker,small_persistent_staker,13.011370366,False,413,0.0,0.044521784,0,0,0,1,0.0,0.067994093
staker_02665,staker,small_persistent_staker,4.719939376,False,413,0.0,-1.8069e-05,0,0,0,1,0.0,0.041528759
staker_02666,staker,small_persistent_staker,9.584574892,False,413,0.0,-0.105328027,0,0,0,1,0.0,1.019476315
staker_02667,staker,small_persistent_staker,12.983764398,False,413,0.0,-0.034441494,0,0,0,1,0.0,0.114541272
staker_02668,staker,small_persistent_staker,19.300810166,False,413,0.0,0.059693266,0,0,0,1,0.0,0.100894391
staker_02669,staker,small_persistent_staker,10.890480055,False,413,0.0,0.049940295,0,0,0,1,0.0,0.374860753
staker_02670,staker,small_persistent_staker,21.580549718,False,413,0.0,0.042068134,0,0,0,1,0.0,0.112941052
staker_02671,staker,small_persistent_staker,11.829151109,False,414,0.0,-0.145638033,0,0,0,1,0.0,0.349458069
staker_02672,staker,small_persistent_staker,2.973881331,False,414,0.0,-0.027231267,0,0,0,1,0.0,0.109150018
staker_02673,staker,small_persistent_staker,2.54633617,False,414,0.0,-0.060914443,0,0,0,1,0.0,0.113326779
staker_02674,staker,small_persistent_staker,27.996450404,False,414,0.0,16.586508028,1,0,0,1,0.0,0.972123347
staker_02675,staker,small_persistent_staker,39.096861165,False,414,0.0,-0.896258367,0,0,0,1,0.0,1.738341298
staker_02676,staker,small_persistent_staker,16.041403141,False,415,0.0,-0.155591285,0,0,0,1,0.0,0.284628735
staker_02677,staker,small_persistent_staker,3.476941954,False,415,0.0,-0.012497748,0,0,0,1,0.0,0.0
staker_02678,staker,small_persistent_staker,12.001771755,False,415,0.0,-0.0685567,0,0,0,1,0.0,0.107784312
staker_02679,staker,small_persistent_staker,51.886337545,False,415,0.0,-0.460695529,0,0,0,1,0.0,1.729068538
staker_02680,staker,small_persistent_staker,11.939048931,False,416,0.0,-0.016077795,0,0,0,1,0.0,0.042334047
staker_02681,staker,small_persistent_staker,6.038508461,False,416,0.0,-0.019402079,0,0,0,1,0.0,0.05413023
staker_02682,staker,small_persistent_staker,4.299111875,False,416,0.0,-0.032756467,0,0,0,1,0.0,0.380395689
staker_02683,staker,small_persistent_staker,1.965327022,False,416,0.0,-0.019734627,0,0,0,1,0.0,0.072293655
staker_02684,staker,small_persistent_staker,8.373544675,False,416,0.0,-0.105053841,0,0,0,1,0.0,0.334298236
staker_02685,staker,small_persistent_staker,10.021541923,False,416,0.0,-0.019385286,0,0,0,1,0.0,0.0
staker_02686,staker,small_persistent_staker,3.287996832,False,417,0.0,-0.018982165,0,0,0,1,0.0,0.029562867
staker_02687,staker,small_persistent_staker,6.105729756,False,418,0.0,-0.019281496,0,0,0,1,0.0,0.179126641
staker_02688,staker,small_persistent_staker,6.865675665,False,418,0.0,0.094295379,0,0,0,1,0.0,0.976814775
staker_02689,staker,small_persistent_staker,19.895106317,False,418,0.0,-0.061798589,0,0,0,1,0.0,0.070724555
staker_02690,staker,small_persistent_staker,1.503975488,False,418,0.0,-0.019092407,0,0,0,1,0.0,0.055512
staker_02691,staker,small_persistent_staker,2.911685375,False,418,0.0,-0.002839754,0,0,0,1,0.0,0.085235614
staker_02692,staker,small_persistent_staker,9.708346248,False,418,0.0,-0.076099429,0,0,0,1,0.0,0.323652036
staker_02693,staker,small_persistent_staker,3.780037816,False,419,0.0,-0.073423326,0,0,0,1,0.0,0.237746047
staker_02694,staker,small_persistent_staker,1.815129166,False,419,0.0,-0.013734615,0,0,0,1,0.0,0.032206529
staker_02695,staker,small_persistent_staker,6.313161666,False,419,0.0,-0.013709199,0,0,0,1,0.0,0.0
staker_02696,staker,small_persistent_staker,6.242932892,False,419,0.0,-0.006373446,0,0,0,1,0.0,0.0
staker_02697,staker,small_persistent_staker,2.499018412,False,419,0.0,-0.004350921,0,0,0,1,0.0,0.022401632
staker_02698,staker,small_persistent_staker,7.952276393,False,419,0.0,-0.034781818,0,0,0,1,0.0,0.028324364
staker_02699,staker,small_persistent_staker,11.457474096,False,419,0.0,-0.03555976,0,0,0,1,0.0,0.040757543
staker_02700,staker,small_persistent_staker,12.940138607,False,420,0.0,-0.022082384,0,0,0,1,0.0,0.0
staker_02701,staker,small_persistent_staker,6.923469753,False,420,0.0,0.012745676,0,0,0,1,0.0,0.024518756
staker_02702,staker,small_persistent_staker,31.598439473,False,420,0.0,-0.058020504,0,0,0,1,0.0,0.722864502
staker_02703,staker,small_persistent_staker,5.500548033,False,420,0.0,-0.019873665,0,0,0,1,0.0,0.019586062
staker_02704,staker,small_persistent_staker,53.877082025,False,420,0.0,-0.269309152,0,0,0,1,0.0,0.192107533
staker_02705,staker,small_persistent_staker,4.008902169,False,420,0.0,-0.038714103,0,0,0,1,0.0,0.147694658
staker_02706,staker,small_persistent_staker,93.159633039,False,420,0.0,27.231846651,1,0,0,1,0.0,2.614378442
staker_02707,staker,small_persistent_staker,33.16935947,False,420,0.0,-0.419228988,0,0,0,1,0.0,1.32690869
staker_02708,staker,small_persistent_staker,2.523403574,False,421,0.0,-0.008729227,0,0,0,1,0.0,0.044636712
staker_02709,staker,small_persistent_staker,9.487816508,False,421,0.0,-0.144412333,0,0,0,1,0.0,0.420283242
staker_02710,staker,small_persistent_staker,39.867565932,False,421,0.0,-0.126114213,0,0,0,1,0.0,1.171612732
staker_02711,staker,small_persistent_staker,23.640390032,False,421,0.0,-0.317280627,0,0,0,1,0.0,2.179252236
staker_02712,staker,small_persistent_staker,14.501798557,False,422,0.0,0.023130446,0,0,0,1,0.0,0.051421167
staker_02713,staker,small_persistent_staker,3.968397569,False,422,0.0,-0.016851388,0,0,0,1,0.0,0.116800587
staker_02714,staker,small_persistent_staker,28.205074372,False,423,0.0,-0.264656175,0,0,0,1,0.0,1.625588845
staker_02715,staker,small_persistent_staker,10.835368794,False,423,0.0,0.011719291,0,0,0,1,0.0,0.038467069
staker_02716,staker,staker_whale,182.917034982,False,423,0.0,19.064754754,1,0,0,1,0.0,6.138958022
staker_02717,staker,small_persistent_staker,9.50532681,False,423,0.0,-0.136812729,0,0,0,1,0.0,0.503376197
staker_02718,staker,small_persistent_staker,5.256088091,False,423,0.0,-0.012126884,0,0,0,1,0.0,0.092975413
staker_02719,staker,small_persistent_staker,23.190264261,False,423,0.0,0.065938908,0,0,0,1,0.0,0.082183464
staker_02720,staker,small_persistent_staker,13.437888702,False,424,0.0,-0.067642593,0,0,0,1,0.0,1.138243503
staker_02721,staker,small_persistent_staker,3.89283178,False,424,0.0,0.0,0,0,0,1,0.0,0.0
staker_02722,staker,small_persistent_staker,6.109948617,False,424,0.0,-0.046140464,0,0,0,1,0.0,0.033211288
staker_02723,staker,small_persistent_staker,19.345325945,False,425,0.0,-0.057674671,0,0,0,1,0.0,0.3737932
staker_02724,staker,small_persistent_staker,5.026616536,False,425,0.0,-0.014985969,0,0,0,1,0.0,0.097125015
staker_02725,staker,small_persistent_staker,4.816128082,False,425,0.0,-0.012896169,0,0,0,1,0.0,0.067868614
staker_02726,staker,small_persistent_staker,11.490388542,False,426,0.0,-0.025514766,0,0,0,1,0.0,0.296138756
staker_02727,staker,small_persistent_staker,12.853674155,False,426,0.0,-0.007224727,0,0,0,1,0.0,0.0
staker_02728,staker,small_persistent_staker,5.475960526,False,426,0.0,-0.024625296,0,0,0,1,0.0,0.0
staker_02729,staker,small_persistent_staker,5.407311597,False,426,0.0,-0.044529771,0,0,0,1,0.0,0.179485753
staker_02730,staker,small_persistent_staker,8.504549462,False,426,0.0,-0.060463119,0,0,0,1,0.0,0.120442264
staker_02731,staker,small_persistent_staker,21.473091592,False,426,0.0,-0.019500137,0,0,0,1,0.0,0.302231477
staker_02732,staker,small_persistent_staker,3.391122403,False,427,0.0,0.002630579,0,0,0,1,0.0,0.087186194
staker_02733,staker,small_persistent_staker,31.81176479,False,427,0.0,-0.08471681,0,0,0,1,0.0,0.0
staker_02734,staker,small_persistent_staker,2.330500196,False,427,0.0,-0.010054487,0,0,0,1,0.0,0.012649958
staker_02735,staker,small_persistent_staker,6.580235419,False,427,0.0,-0.020709615,0,0,0,1,0.0,0.03567602
staker_02736,staker,small_persistent_staker,10.694601537,False,428,0.0,-0.010790314,0,0,0,1,0.0,0.275629148
staker_02737,staker,staker_whale,236.256039673,False,428,0.0,25.074921351,1,0,0,1,0.0,54.639913775
staker_02738,staker,small_persistent_staker,4.684972331,False,428,0.0,0.015284842,0,0,0,1,0.0,0.12022932
staker_02739,staker,small_persistent_staker,7.577125689,False,428,0.0,-0.01892543,0,0,0,1,0.0,0.041080853
staker_02740,staker,small_persistent_staker,9.756465206,False,428,0.0,-0.024125019,0,0,0,1,0.0,0.137702335
staker_02741,staker,small_persistent_staker,2.681666013,False,428,0.0,-0.009825648,0,0,0,1,0.0,0.014556086
staker_02742,staker,small_persistent_staker,4.513106455,False,429,0.0,-0.025917939,0,0,0,1,0.0,0.324763466
staker_02743,staker,small_persistent_staker,11.12276438,False,429,0.0,-0.052922392,0,0,0,1,0.0,0.0
staker_02744,staker,small_persistent_staker,2.841852058,False,429,0.0,-0.005360566,0,0,0,1,0.0,0.0
staker_02745,staker,small_persistent_staker,5.332564603,False,429,0.0,-0.066376455,0,0,0,1,0.0,0.345432367
staker_02746,staker,small_persistent_staker,12.564641661,False,429,0.0,-0.067939006,0,0,0,1,0.0,0.325453621
staker_02747,staker,small_persistent_staker,25.829118411,False,429,0.0,-0.333337968,0,0,0,1,0.0,0.941899885
staker_02748,staker,small_persistent_staker,2.661732943,False,430,0.0,-0.005182304,0,0,0,1,0.0,0.0
staker_02749,staker,small_persistent_staker,33.756285766,False,431,0.0,-0.130649567,0,0,0,1,0.0,0.478059831
staker_02750,staker,small_persistent_staker,20.921308429,False,431,0.0,-0.254884888,0,0,0,1,0.0,0.763437318
staker_02751,staker,small_persistent_staker,6.392468259,False,431,0.0,-0.087297644,0,0,0,1,0.0,0.260269615
staker_02752,staker,small_persistent_staker,30.522278533,False,431,0.0,-0.029676652,0,0,0,1,0.0,0.0
staker_02753,staker,small_persistent_staker,4.956565366,False,431,0.0,-0.005355472,0,0,0,1,0.0,0.128010656
staker_02754,staker,small_persistent_staker,5.281168714,False,432,0.0,-0.039204458,0,0,0,1,0.0,0.191905206
staker_02755,staker,small_persistent_staker,3.510558154,False,432,0.0,-0.011946702,0,0,0,1,0.0,0.116400969
staker_02756,staker,small_persistent_staker,25.910770404,False,432,0.0,0.001212622,0,0,0,1,0.0,0.365703511
staker_02757,staker,small_persistent_staker,11.337619458,False,432,0.0,-0.196954974,0,0,0,1,0.0,0.463537526
staker_02758,staker,small_persistent_staker,4.927871024,False,432,0.0,-0.06636908,0,0,0,1,0.0,0.180141626
staker_02759,staker,small_persistent_staker,13.764078525,False,432,0.0,-0.03087996,0,0,0,1,0.0,0.19471057
staker_02760,staker,small_persistent_staker,3.866395284,False,432,0.0,0.006210696,0,0,0,1,0.0,0.054485031
staker_02761,staker,small_persistent_staker,14.637992469,False,432,0.0,-0.05698449,0,0,0,1,0.0,0.079673405
staker_02762,staker,small_persistent_staker,3.337826758,False,432,0.0,-0.008493317,0,0,0,1,0.0,0.018143119
staker_02763,staker,small_persistent_staker,10.950265867,False,432,0.0,-0.156594462,0,0,0,1,0.0,0.400623086
staker_02764,staker,small_persistent_staker,10.539177572,False,432,0.0,4.2602e-05,0,0,0,1,0.0,0.272032272
staker_02765,staker,small_persistent_staker,77.424218662,False,433,0.0,0.152777047,0,0,0,1,0.0,1.995433987
staker_02766,staker,small_persistent_staker,12.648769934,False,433,0.0,-0.038522305,0,0,0,1,0.0,0.32763274
staker_02767,staker,small_persistent_staker,4.694169758,False,433,0.0,-0.001378578,0,0,0,1,0.0,0.0
staker_02768,staker,small_persistent_staker,9.064665174,False,433,0.0,0.011801309,0,0,0,1,0.0,0.233778377
staker_02769,staker,small_persistent_staker,11.111744458,False,433,0.0,-0.163490722,0,0,0,1,0.0,0.988609747
staker_02770,staker,small_persistent_staker,42.24030494,False,433,0.0,-0.323488071,0,0,0,1,0.0,1.535988173
staker_02771,staker,small_persistent_staker,7.779731489,False,434,0.0,0.006086663,0,0,0,1,0.0,0.04217932
staker_02772,staker,small_persistent_staker,40.785628571,False,434,0.0,-0.072684759,0,0,0,1,0.0,0.221694702
staker_02773,staker,small_persistent_staker,4.745131831,False,434,0.0,-0.029677694,0,0,0,1,0.0,0.172357873
staker_02774,staker,small_persistent_staker,11.913031306,False,435,0.0,0.009716295,0,0,0,1,0.0,0.393919469
staker_02775,staker,small_persistent_staker,7.321017347,False,435,0.0,-0.017769961,0,0,0,1,0.0,0.039847703
staker_02776,staker,small_persistent_staker,16.974905452,False,435,0.0,-0.078456221,0,0,0,1,0.0,0.564351289
staker_02777,staker,small_persistent_staker,11.051051404,False,435,0.0,-0.093448335,0,0,0,1,0.0,0.598460993
staker_02778,staker,small_persistent_staker,23.285022873,False,435,0.0,-0.147028498,0,0,0,1,0.0,0.77544291
staker_02779,staker,small_persistent_staker,11.331868209,False,435,0.0,-0.044739488,0,0,0,1,0.0,0.294078158
staker_02780,staker,small_persistent_staker,4.399513143,False,435,0.0,0.0,0,0,0,1,0.0,0.0
staker_02781,staker,small_persistent_staker,26.3888662,False,435,0.0,0.156744793,0,0,0,1,0.0,0.67808385
staker_02782,staker,small_persistent_staker,5.410823841,False,435,0.0,0.008152554,0,0,0,1,0.0,0.076368137
staker_02783,staker,small_persistent_staker,14.869977064,False,436,0.0,-0.025534215,0,0,0,1,0.0,0.0
staker_02784,staker,small_persistent_staker,3.286287068,False,436,0.0,-0.019970233,0,0,0,1,0.0,0.177614918
staker_02785,staker,small_persistent_staker,3.033313874,False,436,0.0,-0.002107537,0,0,0,1,0.0,0.016487906
staker_02786,staker,small_persistent_staker,7.201261018,False,436,0.0,-0.099337144,0,0,0,1,0.0,0.293929931
staker_02787,staker,small_persistent_staker,28.865433733,False,436,0.0,0.012208448,0,0,0,1,0.0,0.746125485
staker_02788,staker,small_persistent_staker,28.336646032,False,437,0.0,0.065902231,0,0,0,1,0.0,0.548219495
staker_02789,staker,small_persistent_staker,7.009140582,False,437,0.0,0.043543375,0,0,0,1,0.0,0.180205907
staker_02790,staker,small_persistent_staker,28.298695211,False,437,0.0,0.117350694,0,0,0,1,0.0,0.153144491
staker_02791,staker,small_persistent_staker,24.573888082,False,437,0.0,-0.040413982,0,0,0,1,0.0,0.348218514
staker_02792,staker,small_persistent_staker,15.307874485,False,437,0.0,-0.086175257,0,0,0,1,0.0,0.827349168
staker_02793,staker,small_persistent_staker,11.196513092,False,438,0.0,0.011427343,0,0,0,1,0.0,0.060817258
staker_02794,staker,small_persistent_staker,77.436687744,False,438,0.0,-0.054243652,0,0,0,1,0.0,0.0
staker_02795,staker,small_persistent_staker,8.909796261,False,438,0.0,-0.00912058,0,0,0,1,0.0,0.048495298
staker_02796,staker,small_persistent_staker,11.495933826,False,438,0.0,-0.019828933,0,0,0,1,0.0,0.062615265
staker_02797,staker,small_persistent_staker,14.010849063,False,438,0.0,0.055860897,0,0,0,1,0.0,0.361233471
staker_02798,staker,small_persistent_staker,2.495073958,False,438,0.0,-0.024598796,0,0,0,1,0.0,0.135496455
staker_02799,staker,small_persistent_staker,19.531197149,False,438,0.0,0.014733456,0,0,0,1,0.0,0.505195693
staker_02800,staker,small_persistent_staker,11.289165744,False,439,0.0,0.320346161,0,0,0,1,0.0,1.877871112
staker_02801,staker,small_persistent_staker,2.060592234,False,439,0.0,0.00157281,0,0,0,1,0.0,0.029165991
staker_02802,staker,small_persistent_staker,8.236384707,False,440,0.0,-0.113504284,0,0,0,1,0.0,0.289743142
staker_02803,staker,small_persistent_staker,7.468217385,False,440,0.0,0.007124635,0,0,0,1,0.0,0.064737052
staker_02804,staker,small_persistent_staker,9.134362468,False,440,0.0,-0.103547695,0,0,0,1,0.0,0.254704794
staker_02805,staker,small_persistent_staker,39.144039756,False,440,0.0,-0.044720893,0,0,0,1,0.0,0.0
staker_02806,staker,small_persistent_staker,60.429944189,False,440,0.0,-0.719152737,0,0,0,1,0.0,6.111180897
staker_02807,staker,small_persistent_staker,5.867717943,False,440,0.0,-0.011725612,0,0,0,1,0.0,0.162106194
staker_02808,staker,small_persistent_staker,3.378673708,False,440,0.0,-0.000866142,0,0,0,1,0.0,0.029322977
staker_02809,staker,small_persistent_staker,21.500818865,False,440,0.0,-0.141619016,0,0,0,1,0.0,0.440463642
staker_02810,staker,small_persistent_staker,28.443324717,False,441,0.0,-0.032169709,0,0,0,1,0.0,0.247240728
staker_02811,staker,small_persistent_staker,7.142872445,False,441,0.0,-0.04368054,0,0,0,1,0.0,0.198281537
staker_02812,staker,small_persistent_staker,15.188565482,False,441,0.0,-0.247603826,0,0,0,1,0.0,0.743146621
staker_02813,staker,small_persistent_staker,7.58274273,False,441,0.0,-0.013830516,0,0,0,1,0.0,0.209594255
staker_02814,staker,small_persistent_staker,99.425379588,False,441,0.0,-0.574620412,0,0,0,1,0.0,0.0
staker_02815,staker,small_persistent_staker,7.257150163,False,441,0.0,0.0,0,0,0,1,0.0,0.0
staker_02816,staker,small_persistent_staker,9.14368713,False,442,0.0,0.019147537,0,0,0,1,0.0,0.079260595
staker_02817,staker,small_persistent_staker,15.253894291,False,442,0.0,-0.276198356,0,0,0,1,0.0,0.539513598
staker_02818,staker,small_persistent_staker,11.914733708,False,442,0.0,-0.030579156,0,0,0,1,0.0,0.0
staker_02819,staker,staker_whale,99.961694181,False,442,0.0,-0.038305819,0,0,0,1,0.0,2.037510105
staker_02820,staker,small_persistent_staker,2.535901141,False,442,0.0,-0.025851525,0,0,0,1,0.0,0.078456086
staker_02821,staker,small_persistent_staker,77.322051022,False,442,0.0,-0.356096054,0,0,0,1,0.0,2.144164632
staker_02822,staker,small_persistent_staker,7.800318809,False,442,0.0,-0.010814912,0,0,0,1,0.0,0.108695909
staker_02823,staker,small_persistent_staker,59.849950022,False,442,0.0,-0.11160237,0,0,0,1,0.0,0.0
staker_02824,staker,small_persistent_staker,2.94867715,False,442,0.0,0.006174741,0,0,0,1,0.0,0.025560138
staker_02825,staker,staker_whale,282.385160018,False,443,0.0,-2.204776134,0,0,0,1,0.0,7.861092768
staker_02826,staker,small_persistent_staker,27.35794801,False,443,0.0,0.00068182,0,0,0,1,0.0,0.237806201
staker_02827,staker,small_persistent_staker,3.232622128,False,443,0.0,-0.008801245,0,0,0,1,0.0,0.0895363
staker_02828,staker,small_persistent_staker,11.747590659,False,443,0.0,0.017445722,0,0,0,1,0.0,0.239170308
staker_02829,staker,small_persistent_staker,10.824572485,False,443,0.0,0.021436276,0,0,0,1,0.0,0.22026918
staker_02830,staker,small_persistent_staker,27.589857596,False,444,0.0,0.028054507,0,0,0,1,0.0,0.562361554
staker_02831,staker,small_persistent_staker,7.193241148,False,444,0.0,-0.003327472,0,0,0,1,0.0,0.0
staker_02832,staker,small_persistent_staker,16.309141543,False,444,0.0,-0.008275,0,0,0,1,0.0,0.451043985
staker_02833,staker,staker_whale,99.861549177,False,444,0.0,-0.138450823,0,0,0,1,0.0,7.933271702
staker_02834,staker,small_persistent_staker,5.325834221,False,444,0.0,-0.020260178,0,0,0,1,0.0,0.147776072
staker_02835,staker,small_persistent_staker,3.836266778,False,444,0.0,-0.027246033,0,0,0,1,0.0,0.106794737
staker_02836,staker,small_persistent_staker,12.259392512,False,444,0.0,0.0,0,0,0,1,0.0,0.0
staker_02837,staker,small_persistent_staker,8.162735464,False,444,0.0,0.032498113,0,0,0,1,0.0,0.165886568
staker_02838,staker,small_persistent_staker,2.790912643,False,444,0.0,-0.003368348,0,0,0,1,0.0,0.199192032
staker_02839,staker,small_persistent_staker,2.752889179,False,445,0.0,-0.002709855,0,0,0,1,0.0,0.076205158
staker_02840,staker,small_persistent_staker,3.765218961,False,445,0.0,-0.035351609,0,0,0,1,0.0,0.223273497
staker_02841,staker,small_persistent_staker,5.339353148,False,445,0.0,0.014654859,0,0,0,1,0.0,0.046339404
staker_02842,staker,small_persistent_staker,10.657070664,False,445,0.0,0.047336638,0,0,0,1,0.0,0.216577504
staker_02843,staker,small_persistent_staker,9.496072001,False,445,0.0,0.023196164,0,0,0,1,0.0,0.132065703
staker_02844,staker,small_persistent_staker,4.083479404,False,445,0.0,-0.023978193,0,0,0,1,0.0,0.126029324
staker_02845,staker,small_persistent_staker,18.042643827,False,446,0.0,-0.015450523,0,0,0,1,0.0,0.499740304
staker_02846,staker,small_persistent_staker,14.837063001,False,446,0.0,0.000759562,0,0,0,1,0.0,0.410580355
staker_02847,staker,small_persistent_staker,6.742763962,False,446,0.0,-0.024049037,0,0,0,1,0.0,0.138228353
staker_02848,staker,small_persistent_staker,32.566925146,False,446,0.0,-0.050720506,0,0,0,1,0.0,0.902661812
staker_02849,staker,small_persistent_staker,5.740178575,False,446,0.0,0.036263689,0,0,0,1,0.0,0.116516115
staker_02850,staker,small_persistent_staker,41.333589544,False,447,0.0,30.012709754,1,0,0,1,0.0,0.895694323
staker_02851,staker,small_persistent_staker,13.231126404,False,447,0.0,-0.052100819,0,0,0,1,0.0,0.367857973
staker_02852,staker,small_persistent_staker,1.669599667,False,448,0.0,-0.010734281,0,0,0,1,0.0,0.072990401
staker_02853,staker,small_persistent_staker,7.736953472,False,448,0.0,0.032130796,0,0,0,1,0.0,0.067190196
staker_02854,staker,small_persistent_staker,16.178348208,False,448,0.0,0.077352988,0,0,0,1,0.0,0.140409334
staker_02855,staker,staker_whale,99.912830724,False,448,0.0,-0.22831661,0,0,0,1,0.0,10.058667025
staker_02856,staker,small_persistent_staker,16.840279894,False,448,0.0,-0.041049269,0,0,0,1,0.0,0.467802782
staker_02857,staker,small_persistent_staker,3.324061714,False,449,0.0,-0.021371238,0,0,0,1,0.0,0.14542082
staker_02858,staker,staker_whale,100.420752796,False,449,0.0,0.420752796,0,0,0,1,0.0,7.151459175
staker_02859,staker,small_persistent_staker,15.58621391,False,449,0.0,0.027417458,0,0,0,1,0.0,0.431455763
staker_02860,staker,small_persistent_staker,4.722018572,False,449,0.0,0.00775829,0,0,0,1,0.0,0.041139682
staker_02861,staker,small_persistent_staker,8.679860387,False,450,0.0,0.0494926,0,0,0,1,0.0,0.176780432
staker_02862,staker,small_persistent_staker,24.406928919,False,450,0.0,0.059988632,0,0,0,1,0.0,0.675629771
staker_02863,staker,small_persistent_staker,18.534775547,False,450,0.0,0.097947479,0,0,0,1,0.0,0.257923224
staker_02864,staker,small_persistent_staker,8.757673271,False,450,0.0,0.046280141,0,0,0,1,0.0,0.12186861
staker_02865,staker,small_persistent_staker,37.237743994,False,450,0.0,-0.089853655,0,0,0,1,0.0,1.149276696
staker_02866,staker,small_persistent_staker,3.320808281,False,450,0.0,-0.032205881,0,0,0,1,0.0,0.117103224
staker_02867,staker,small_persistent_staker,5.390480624,False,450,0.0,-0.021558218,0,0,0,1,0.0,0.235417789
staker_02868,staker,small_persistent_staker,13.820947189,False,450,0.0,-0.134038384,0,0,0,1,0.0,0.487374561
staker_02869,staker,small_persistent_staker,10.556860848,False,450,0.0,0.024722613,0,0,0,1,0.0,0.091974627
staker_02870,staker,small_persistent_staker,16.47556005,False,450,0.0,-0.159153646,0,0,0,1,0.0,0.512164993
staker_02871,staker,small_persistent_staker,22.086734721,False,450,0.0,0.173720259,0,0,0,1,0.0,0.448855978
staker_02872,staker,small_persistent_staker,13.520870596,False,450,0.0,-0.056019562,0,0,0,1,0.0,0.418017886
staker_02873,staker,small_persistent_staker,4.740959995,False,450,0.0,-0.032651052,0,0,0,1,0.0,0.394275745
staker_02874,staker,small_persistent_staker,2.414860865,False,451,0.0,-0.020819672,0,0,0,1,0.0,0.04591914
staker_02875,staker,small_persistent_staker,50.417243251,False,451,0.0,-0.930129107,0,0,0,1,0.0,2.020267058
staker_02876,staker,small_persistent_staker,17.562145705,False,451,0.0,0.018253304,0,0,0,1,0.0,0.20436962
staker_02877,staker,small_persistent_staker,8.979411442,False,451,0.0,0.178611659,0,0,0,1,0.0,1.371478998
staker_02878,staker,small_persistent_staker,9.707600019,False,452,0.0,-0.091065974,0,0,0,1,0.0,0.114212552
staker_02879,staker,small_persistent_staker,10.787227523,False,452,0.0,0.298630619,0,0,0,1,0.0,1.746627305
staker_02880,staker,small_persistent_staker,1.609174792,False,452,0.0,-0.009106829,0,0,0,1,0.0,0.030526993
staker_02881,staker,staker_whale,167.393407408,False,453,0.0,-2.339202554,0,0,0,1,0.0,5.857420209
staker_02882,staker,small_persistent_staker,12.944075775,False,453,0.0,-0.106835902,0,0,0,1,0.0,0.152227054
staker_02883,staker,small_persistent_staker,5.669819921,False,453,0.0,-0.049181878,0,0,0,1,0.0,0.066706972
staker_02884,staker,small_persistent_staker,12.685275256,False,453,0.0,-0.046877734,0,0,0,1,0.0,0.0
staker_02885,staker,small_persistent_staker,13.88921394,False,453,0.0,-0.170862213,0,0,0,1,0.0,0.265412705
staker_02886,staker,small_persistent_staker,4.77217949,False,453,0.0,-0.079528849,0,0,0,1,0.0,0.191137479
staker_02887,staker,small_persistent_staker,6.550127457,False,453,0.0,-0.118613102,0,0,0,1,0.0,0.294233169
staker_02888,staker,small_persistent_staker,9.920331813,False,454,0.0,-0.050158424,0,0,0,1,0.0,0.0
staker_02889,staker,small_persistent_staker,55.120125614,False,454,0.0,-0.955246733,0,0,0,1,0.0,1.458729004
staker_02890,staker,small_persistent_staker,0.756768049,False,454,0.0,-0.001664967,0,0,0,1,0.0,0.0
staker_02891,staker,small_persistent_staker,17.023903805,False,454,0.0,-0.249499719,0,0,0,1,0.0,0.378391799
staker_02892,staker,small_persistent_staker,19.153638983,False,454,0.0,-0.108366136,0,0,0,1,0.0,0.363818495
staker_02893,staker,small_persistent_staker,17.919040945,False,454,0.0,-0.01320146,0,0,0,1,0.0,0.209283427
staker_02894,staker,small_persistent_staker,22.898323572,False,455,0.0,-0.127263964,0,0,0,1,0.0,0.0
staker_02895,staker,small_persistent_staker,18.237190452,False,455,0.0,-0.290562886,0,0,0,1,0.0,0.406128199
staker_02896,staker,small_persistent_staker,6.356642713,False,455,0.0,0.02247237,0,0,0,1,0.0,0.073971864
staker_02897,staker,small_persistent_staker,18.340008828,False,455,0.0,-0.016415891,0,0,0,1,0.0,0.095900405
staker_02898,staker,small_persistent_staker,6.787267115,False,455,0.0,-0.06814649,0,0,0,1,0.0,0.503228983
staker_02899,staker,small_persistent_staker,3.834220649,False,455,0.0,-0.014784906,0,0,0,1,0.0,0.0
staker_02900,staker,small_persistent_staker,6.090368749,False,455,0.0,0.125818309,0,0,0,1,0.0,0.812778151
staker_02901,staker,small_persistent_staker,6.029169286,False,455,0.0,0.0,0,0,0,1,0.0,0.0
staker_02902,staker,small_persistent_staker,7.040334317,False,456,0.0,-0.030583865,0,0,0,1,0.0,0.0
staker_02903,staker,small_persistent_staker,3.881596935,False,456,0.0,-0.0051035,0,0,0,1,0.0,0.0
staker_02904,staker,small_persistent_staker,35.488670308,False,456,0.0,-0.288316237,0,0,0,1,0.0,0.67660896
staker_02905,staker,small_persistent_staker,24.908153263,False,456,0.0,-0.256712599,0,0,0,1,0.0,0.870032876
staker_02906,staker,small_persistent_staker,2.368546463,False,456,0.0,-0.002202901,0,0,0,1,0.0,0.0
staker_02907,staker,small_persistent_staker,14.001620772,False,456,0.0,-0.134403711,0,0,0,1,0.0,0.488729251
staker_02908,staker,staker_whale,221.278142612,False,457,0.0,-0.570490866,0,0,0,1,0.0,2.593754302
staker_02909,staker,small_persistent_staker,15.9617294,False,457,0.0,-0.052218743,0,0,0,1,0.0,0.0
staker_02910,staker,small_persistent_staker,9.941418806,False,457,0.0,-0.069219445,0,0,0,1,0.0,0.189416098
staker_02911,staker,small_persistent_staker,36.711481425,False,457,0.0,0.171477089,0,0,0,1,0.0,0.427209273
staker_02912,staker,small_persistent_staker,9.465425542,False,457,0.0,-0.051125228,0,0,0,1,0.0,0.180067232
staker_02913,staker,small_persistent_staker,16.290243349,False,457,0.0,-0.02694809,0,0,0,1,0.0,0.308745423
staker_02914,staker,small_persistent_staker,11.63785509,False,457,0.0,0.054359711,0,0,0,1,0.0,0.135429011
staker_02915,staker,small_persistent_staker,3.682613809,False,457,0.0,-0.015903105,0,0,0,1,0.0,0.212822389
staker_02916,staker,small_persistent_staker,8.277561319,False,457,0.0,-0.034008365,0,0,0,1,0.0,0.759593995
staker_02917,staker,small_persistent_staker,11.454118842,False,457,0.0,-0.193057809,0,0,0,1,0.0,0.30352534
staker_02918,staker,small_persistent_staker,17.337402779,False,458,0.0,-0.037689551,0,0,0,1,0.0,0.328900734
staker_02919,staker,small_persistent_staker,24.273056528,False,458,0.0,-0.158732125,0,0,0,1,0.0,0.46248003
staker_02920,staker,small_persistent_staker,30.055407216,False,459,0.0,0.0493211,0,0,0,1,0.0,0.157067542
staker_02921,staker,small_persistent_staker,42.169633395,False,459,0.0,-0.587419074,0,0,0,1,0.0,1.689777459
staker_02922,staker,small_persistent_staker,16.096538949,False,459,0.0,-0.097225407,0,0,0,1,0.0,0.355658304
staker_02923,staker,small_persistent_staker,17.251350572,False,459,0.0,0.011224193,0,0,0,1,0.0,1.078638459
staker_02924,staker,small_persistent_staker,10.844039976,False,459,0.0,0.0,0,0,0,1,0.0,0.0
staker_02925,staker,small_persistent_staker,32.790920105,False,459,0.0,-0.263100196,0,0,0,1,0.0,0.625934529
staker_02926,staker,small_persistent_staker,5.578631153,False,459,0.0,-0.08204454,0,0,0,1,0.0,0.147635931
staker_02927,staker,small_persistent_staker,9.410458706,False,460,0.0,-0.086613788,0,0,0,1,0.0,0.247824886
staker_02928,staker,small_persistent_staker,65.469978905,False,460,0.0,-0.881001824,0,0,0,1,0.0,1.731420311
staker_02929,staker,small_persistent_staker,4.523945252,False,460,0.0,0.015719819,0,0,0,1,0.0,0.052778686
staker_02930,staker,small_persistent_staker,3.2287867,False,460,0.0,-0.00399759,0,0,0,1,0.0,0.037846844
staker_02931,staker,small_persistent_staker,19.477860279,False,460,0.0,-0.070345172,0,0,0,1,0.0,0.370376039
staker_02932,staker,small_persistent_staker,4.615705864,False,460,0.0,0.01603867,0,0,0,1,0.0,0.053849212
staker_02933,staker,small_persistent_staker,21.567373035,False,461,0.0,0.030898684,0,0,0,1,0.0,0.408331415
staker_02934,staker,small_persistent_staker,14.875220579,False,462,0.0,-0.004130259,0,0,0,1,0.0,1.052631848
staker_02935,staker,small_persistent_staker,5.35295977,False,462,0.0,-0.006193181,0,0,0,1,0.0,0.101678108
staker_02936,staker,small_persistent_staker,15.15847413,False,462,0.0,-0.016945205,0,0,0,1,0.0,0.0
staker_02937,staker,small_persistent_staker,9.56545294,False,463,0.0,-0.068401843,0,0,0,1,0.0,0.212106612
staker_02938,staker,small_persistent_staker,3.661932943,False,463,0.0,0.019755782,0,0,0,1,0.0,0.042722004
staker_02939,staker,small_persistent_staker,3.738898905,False,463,0.0,-0.026575332,0,0,0,1,0.0,0.149179933
staker_02940,staker,small_persistent_staker,4.208925815,False,463,0.0,-0.035934021,0,0,0,1,0.0,0.110982913
staker_02941,staker,small_persistent_staker,27.526406869,False,463,0.0,-0.115635481,0,0,0,1,0.0,0.324235586
staker_02942,staker,small_persistent_staker,21.895884373,False,463,0.0,0.094101199,0,0,0,1,0.0,0.255730523
staker_02943,staker,small_persistent_staker,11.583003042,False,463,0.0,-0.057554739,0,0,0,1,0.0,0.220977158
staker_02944,staker,small_persistent_staker,5.177289364,False,463,0.0,0.024807286,0,0,0,1,0.0,0.060437576
staker_02945,staker,small_persistent_staker,10.186322705,False,463,0.0,0.041716521,0,0,0,1,0.0,0.053233039
staker_02946,staker,small_persistent_staker,2.528392905,False,464,0.0,0.012273979,0,0,0,1,0.0,0.029530081
staker_02947,staker,small_persistent_staker,19.771178085,False,464,0.0,-0.17551405,0,0,0,1,0.0,0.692619091
staker_02948,staker,small_persistent_staker,8.07963117,False,464,0.0,-0.085486539,0,0,0,1,0.0,0.362487253
staker_02949,staker,small_persistent_staker,2.739618679,False,464,0.0,-0.005603134,0,0,0,1,0.0,0.032218915
staker_02950,staker,staker_whale,123.117399675,False,464,0.0,4.519904103,0,0,0,1,0.0,22.983909551
staker_02951,staker,staker_whale,105.166119704,False,464,0.0,0.489259341,0,0,0,1,0.0,0.549591085
staker_02952,staker,small_persistent_staker,3.747682446,False,465,0.0,0.016049931,0,0,0,1,0.0,0.264439902
staker_02953,staker,small_persistent_staker,14.290277063,False,465,0.0,0.046672718,0,0,0,1,0.0,0.074827162
staker_02954,staker,small_persistent_staker,17.974874005,False,465,0.0,-0.13288191,0,0,0,1,0.0,0.473969837
staker_02955,staker,small_persistent_staker,7.779135638,False,465,0.0,-0.076109657,0,0,0,1,0.0,0.173143889
staker_02956,staker,small_persistent_staker,7.942521029,False,466,0.0,-0.004702761,0,0,0,1,0.0,0.0
staker_02957,staker,small_persistent_staker,33.415407858,False,466,0.0,-0.032290361,0,0,0,1,0.0,0.215932586
staker_02958,staker,small_persistent_staker,3.506316598,False,466,0.0,-0.000603625,0,0,0,1,0.0,0.022640074
staker_02959,staker,small_persistent_staker,9.558905469,False,466,0.0,-0.126313358,0,0,0,1,0.0,0.201571111
staker_02960,staker,small_persistent_staker,30.430181567,False,466,0.0,-0.104542007,0,0,0,1,0.0,0.417706036
staker_02961,staker,small_persistent_staker,11.452106805,False,467,0.0,0.001404528,0,0,0,1,0.0,0.073967534
staker_02962,staker,small_persistent_staker,5.068385213,False,467,0.0,-0.052508566,0,0,0,1,0.0,0.150315647
staker_02963,staker,small_persistent_staker,2.162285234,False,467,0.0,-0.039147191,0,0,0,1,0.0,0.150231801
staker_02964,staker,small_persistent_staker,1.478787139,False,468,0.0,-0.009820275,0,0,0,1,0.0,0.101655366
staker_02965,staker,small_persistent_staker,36.545211811,False,468,0.0,-0.298438898,0,0,0,1,0.0,0.616095334
staker_02966,staker,small_persistent_staker,3.048708623,False,469,0.0,-0.015757114,0,0,0,1,0.0,0.019822641
staker_02967,staker,small_persistent_staker,2.653956443,False,469,0.0,0.002658936,0,0,0,1,0.0,0.017150043
staker_02968,staker,small_persistent_staker,10.931875534,False,469,0.0,-0.026909342,0,0,0,1,0.0,0.113102016
staker_02969,staker,small_persistent_staker,32.772372288,False,469,0.0,-0.308478915,0,0,0,1,0.0,0.689843101
staker_02970,staker,small_persistent_staker,7.420378983,False,469,0.0,-0.024806958,0,0,0,1,0.0,0.048159536
staker_02971,staker,small_persistent_staker,5.370786552,False,469,0.0,0.021302456,0,0,0,1,0.0,0.03460339
staker_02972,staker,small_persistent_staker,4.193427874,False,470,0.0,-0.072258381,0,0,0,1,0.0,0.060966246
staker_02973,staker,small_persistent_staker,7.749478697,False,470,0.0,-0.110146757,0,0,0,1,0.0,0.056523212
staker_02974,staker,small_persistent_staker,14.720103684,False,470,0.0,-0.099420624,0,0,0,1,0.0,0.817370175
staker_02975,staker,small_persistent_staker,3.841699437,False,471,0.0,-0.027894564,0,0,0,1,0.0,0.348305165
staker_02976,staker,small_persistent_staker,28.587801009,False,471,0.0,-0.360897728,0,0,0,1,0.0,0.295437675
staker_02977,staker,small_persistent_staker,7.97413423,False,471,0.0,-0.066227979,0,0,0,1,0.0,0.030792967
staker_02978,staker,staker_whale,119.387712257,False,471,0.0,-1.395435475,0,0,0,1,0.0,0.869174921
staker_02979,staker,small_persistent_staker,18.20815086,False,471,0.0,-0.369435369,0,0,0,1,0.0,0.265684175
staker_02980,staker,small_persistent_staker,21.310006432,False,471,0.0,-0.436519316,0,0,0,1,0.0,0.704187191
staker_02981,staker,small_persistent_staker,10.057478191,False,472,0.0,-0.066813499,0,0,0,1,0.0,0.072903595
staker_02982,staker,staker_whale,99.881508833,False,472,0.0,-0.118491167,0,0,0,1,0.0,0.0
staker_02983,staker,small_persistent_staker,10.876434695,False,472,0.0,-0.120468902,0,0,0,1,0.0,0.0
staker_02984,staker,small_persistent_staker,53.955927579,False,472,0.0,-0.224787601,0,0,0,1,0.0,0.0
staker_02985,staker,small_persistent_staker,6.662964276,False,473,0.0,0.115244963,0,0,0,1,0.0,0.795674754
staker_02986,staker,small_persistent_staker,10.292770219,False,473,0.0,-0.059147912,0,0,0,1,0.0,0.074584177
staker_02987,staker,small_persistent_staker,3.391013008,False,473,0.0,-0.018735785,0,0,0,1,0.0,0.200007409
staker_02988,staker,small_persistent_staker,9.618105967,False,473,0.0,-0.10173756,0,0,0,1,0.0,0.598587128
staker_02989,staker,small_persistent_staker,5.403238296,False,473,0.0,-0.022835569,0,0,0,1,0.0,0.29982726
staker_02990,staker,small_persistent_staker,15.79776261,False,473,0.0,-0.137105515,0,0,0,1,0.0,0.0
staker_02991,staker,small_persistent_staker,17.389703098,False,474,0.0,-0.171777278,0,0,0,1,0.0,0.0
staker_02992,staker,small_persistent_staker,29.339232076,False,474,0.0,-0.47507379,0,0,0,1,0.0,0.967211155
staker_02993,staker,small_persistent_staker,10.562434963,False,474,0.0,-0.177756412,0,0,0,1,0.0,0.109811344
staker_02994,staker,small_persistent_staker,3.145328958,False,474,0.0,-0.048763164,0,0,0,1,0.0,0.088534375
staker_02995,staker,small_persistent_staker,15.554036673,False,474,0.0,-0.053648704,0,0,0,1,0.0,0.112522067
staker_02996,staker,small_persistent_staker,8.565997392,False,474,0.0,-0.081255519,0,0,0,1,0.0,0.687215339
staker_02997,staker,small_persistent_staker,3.039410005,False,474,0.0,-0.006627472,0,0,0,1,0.0,0.0
staker_02998,staker,small_persistent_staker,26.557356921,False,475,0.0,-0.086604334,0,0,0,1,0.0,0.192221564
staker_02999,staker,small_persistent_staker,2.427528417,False,475,0.0,-0.025137148,0,0,0,1,0.0,0.195055019
staker_03000,staker,small_persistent_staker,2.585922549,False,475,0.0,-0.050723371,0,0,0,1,0.0,0.037803384
staker_03001,staker,small_persistent_staker,12.162440429,False,475,0.0,-0.006798729,0,0,0,1,0.0,0.673327384
staker_03002,staker,small_persistent_staker,2.835594278,False,475,0.0,0.095950261,0,0,0,1,0.0,0.511525757
staker_03003,staker,small_persistent_staker,98.971156098,False,475,0.0,-1.028843902,0,0,0,1,0.0,6.166596559
staker_03004,staker,small_persistent_staker,8.371595145,False,475,0.0,-0.054451704,0,0,0,1,0.0,0.060789305
staker_03005,staker,small_persistent_staker,4.32984468,False,475,0.0,-0.062669099,0,0,0,1,0.0,0.100370462
staker_03006,staker,small_persistent_staker,39.721629871,False,475,0.0,-0.126749076,0,0,0,1,0.0,0.0
staker_03007,staker,small_persistent_staker,20.742541607,False,475,0.0,-0.27151541,0,0,0,1,0.0,0.215005319
staker_03008,staker,staker_whale,98.971156098,False,475,0.0,-1.028843902,0,0,0,1,0.0,6.166596559
staker_03009,staker,small_persistent_staker,15.955193241,False,476,0.0,-0.156479727,0,0,0,1,0.0,0.116307393
staker_03010,staker,small_persistent_staker,24.90443588,False,476,0.0,-0.23521051,0,0,0,1,0.0,0.257372318
staker_03011,staker,small_persistent_staker,0.859363432,False,476,0.0,-0.008198692,0,0,0,1,0.0,0.050987661
staker_03012,staker,small_persistent_staker,6.393679356,False,476,0.0,-0.055207136,0,0,0,1,0.0,0.379008752
staker_03013,staker,small_persistent_staker,11.05831786,False,476,0.0,-0.094652309,0,0,0,1,0.0,0.0
staker_03014,staker,small_persistent_staker,6.813891733,False,476,0.0,-0.01135584,0,0,0,1,0.0,0.0
staker_03015,staker,small_persistent_staker,23.183125234,False,477,0.0,-0.297769244,0,0,0,1,0.0,0.652021751
staker_03016,staker,small_persistent_staker,3.702389128,False,477,0.0,-0.039788363,0,0,0,1,0.0,0.103913466
staker_03017,staker,small_persistent_staker,4.421016636,False,477,0.0,-0.013627714,0,0,0,1,0.0,0.260758681
staker_03018,staker,small_persistent_staker,22.627289782,False,477,0.0,-0.291680272,0,0,0,1,0.0,0.328967363
staker_03019,staker,small_persistent_staker,52.177184298,False,477,0.0,-0.420501494,0,0,0,1,0.0,0.0
staker_03020,staker,staker_whale,365.873276374,False,477,0.0,-5.36879307,0,0,0,1,0.0,5.328621846
staker_03021,staker,small_persistent_staker,2.207929774,False,477,0.0,-0.03311364,0,0,0,1,0.0,0.02295453
staker_03022,staker,small_persistent_staker,21.58868118,False,478,0.0,-0.300111673,0,0,0,1,0.0,0.608040144
staker_03023,staker,small_persistent_staker,11.273130363,False,478,0.0,-0.087434877,0,0,0,1,0.0,0.668256075
staker_03024,staker,small_persistent_staker,3.165189768,False,478,0.0,0.047391307,0,0,0,1,0.0,0.346223584
staker_03025,staker,small_persistent_staker,6.918654402,False,478,0.0,-0.125292844,0,0,0,1,0.0,0.101143227
staker_03026,staker,small_persistent_staker,26.991848886,False,478,0.0,-0.163855025,0,0,0,1,0.0,0.196203259
staker_03027,staker,small_persistent_staker,8.088383797,False,479,0.0,-0.029523087,0,0,0,1,0.0,0.0
staker_03028,staker,small_persistent_staker,17.427964451,False,479,0.0,-0.218164015,0,0,0,1,0.0,0.180867119
staker_03029,staker,small_persistent_staker,3.846191906,False,479,0.0,-0.030701047,0,0,0,1,0.0,0.028019347
staker_03030,staker,small_persistent_staker,12.135200578,False,479,0.0,-0.170700175,0,0,0,1,0.0,0.341942352
staker_03031,staker,small_persistent_staker,14.6405396,False,479,0.0,-0.20668384,0,0,0,1,0.0,0.482855115
staker_03032,staker,small_persistent_staker,17.310849501,False,479,0.0,-0.129080838,0,0,0,1,0.0,0.734480776
staker_03033,staker,small_persistent_staker,60.577552322,False,479,0.0,19.780332373,1,0,0,1,0.0,4.294885972
staker_03034,staker,small_persistent_staker,12.719854338,False,479,0.0,-0.029584984,0,0,0,1,0.0,0.647735031
staker_03035,staker,small_persistent_staker,8.936683988,False,479,0.0,-0.167228553,0,0,0,1,0.0,0.562398946
staker_03036,staker,small_persistent_staker,9.923421887,False,480,0.0,0.028157803,0,0,0,1,0.0,0.959766341
staker_03037,staker,small_persistent_staker,12.747879417,False,480,0.0,-0.169327497,0,0,0,1,0.0,0.295833913
staker_03038,staker,small_persistent_staker,66.265855537,False,480,0.0,-0.972969962,0,0,0,1,0.0,0.966241177
staker_03039,staker,small_persistent_staker,21.396072612,False,480,0.0,-0.330580044,0,0,0,1,0.0,0.604015348
staker_03040,staker,staker_whale,99.603605991,False,480,0.0,-0.396394009,0,0,0,1,0.0,7.970863059
staker_03041,staker,small_persistent_staker,4.941568613,False,480,0.0,-0.024969035,0,0,0,1,0.0,0.0
staker_03042,staker,small_persistent_staker,14.348050609,False,480,0.0,-0.06240425,0,0,0,1,0.0,0.0
staker_03043,staker,small_persistent_staker,30.371681006,False,481,0.0,-0.347466687,0,0,0,1,0.0,0.9998662
staker_03044,staker,small_persistent_staker,10.771659917,False,481,0.0,-0.015390617,0,0,0,1,0.0,0.0
staker_03045,staker,small_persistent_staker,6.534582393,False,481,0.0,-0.061876451,0,0,0,1,0.0,0.067667818
staker_03046,staker,small_persistent_staker,6.164571819,False,481,0.0,-0.023944632,0,0,0,1,0.0,0.044763278
staker_03047,staker,small_persistent_staker,8.997020035,False,482,0.0,-0.059030431,0,0,0,1,0.0,0.065542914
staker_03048,staker,small_persistent_staker,4.061422405,False,482,0.0,-0.011477762,0,0,0,1,0.0,0.029477502
staker_03049,staker,small_persistent_staker,13.49513001,False,482,0.0,-0.00501834,0,0,0,1,0.0,0.749350481
staker_03050,staker,small_persistent_staker,0.862951505,False,482,0.0,-0.005005974,0,0,0,1,0.0,0.008908844
staker_03051,staker,small_persistent_staker,6.072997331,False,482,0.0,0.007595187,0,0,0,1,0.0,0.336671264
staker_03052,staker,small_persistent_staker,5.690861865,False,482,0.0,-0.008727045,0,0,0,1,0.0,0.0
staker_03053,staker,small_persistent_staker,9.786259171,False,482,0.0,-0.062988042,0,0,0,1,0.0,0.0
staker_03054,staker,small_persistent_staker,3.402349562,False,482,0.0,-0.001596628,0,0,0,1,0.0,0.0
staker_03055,staker,small_persistent_staker,12.627624635,False,482,0.0,-0.061090044,0,0,0,1,0.0,0.0
staker_03056,staker,small_persistent_staker,1.55250845,False,482,0.0,-0.024522434,0,0,0,1,0.0,0.022683114
staker_03057,staker,small_persistent_staker,27.828527988,False,483,0.0,-0.280095871,0,0,0,1,0.0,0.644643677
staker_03058,staker,small_persistent_staker,7.63905014,False,483,0.0,0.003049594,0,0,0,1,0.0,0.055291276
staker_03059,staker,small_persistent_staker,2.587879629,False,483,0.0,0.054133455,0,0,0,1,0.0,0.328200159
staker_03060,staker,small_persistent_staker,10.768245132,False,483,0.0,-0.051531894,0,0,0,1,0.0,0.0
staker_03061,staker,small_persistent_staker,2.787171038,False,483,0.0,-0.001057489,0,0,0,1,0.0,0.0
staker_03062,staker,small_persistent_staker,10.791285938,False,483,0.0,-0.088165882,0,0,0,1,0.0,0.302874679
staker_03063,staker,small_persistent_staker,7.672814237,False,484,0.0,0.0,0,0,0,1,0.0,0.0
staker_03064,staker,small_persistent_staker,49.878405201,False,484,0.0,-0.232401968,0,0,0,1,0.0,0.362983437
staker_03065,staker,small_persistent_staker,7.080396914,False,484,0.0,-0.014773286,0,0,0,1,0.0,0.0
staker_03066,staker,staker_whale,115.728568931,False,484,0.0,9.407466494,1,0,0,1,0.0,3.706104015
staker_03067,staker,small_persistent_staker,5.672081721,False,484,0.0,0.004414746,0,0,0,1,0.0,0.041054402
staker_03068,staker,small_persistent_staker,12.228141097,False,485,0.0,0.2692147,0,0,0,1,0.0,1.462056787
staker_03069,staker,small_persistent_staker,2.328130563,False,485,0.0,-0.003296013,0,0,0,1,0.0,0.008993924
staker_03070,staker,small_persistent_staker,24.539938905,False,485,0.0,-0.239572736,0,0,0,1,0.0,0.356960943
staker_03071,staker,small_persistent_staker,16.463449119,False,486,0.0,-0.109026705,0,0,0,1,0.0,0.120210916
staker_03072,staker,small_persistent_staker,13.648191336,False,486,0.0,-0.167327928,0,0,0,1,0.0,0.385291132
staker_03073,staker,small_persistent_staker,17.105935274,False,487,0.0,-0.039568193,0,0,0,1,0.0,0.0
staker_03074,staker,small_persistent_staker,2.648613711,False,487,0.0,-0.015673737,0,0,0,1,0.0,0.019339342
staker_03075,staker,staker_whale,142.070520248,False,487,0.0,-0.405677414,0,0,0,1,0.0,1.466692014
staker_03076,staker,small_persistent_staker,5.12076142,False,487,0.0,-0.001867321,0,0,0,1,0.0,0.037183777
staker_03077,staker,small_persistent_staker,10.634499662,False,487,0.0,-0.022479926,0,0,0,1,0.0,0.077356134
staker_03078,staker,small_persistent_staker,10.598010408,False,488,0.0,-0.043491818,0,0,0,1,0.0,0.109600764
staker_03079,staker,small_persistent_staker,21.554105326,False,488,0.0,-0.187729843,0,0,0,1,0.0,0.607066324
staker_03080,staker,staker_whale,102.298299897,False,488,0.0,2.298299897,0,0,0,1,0.0,11.596827196
staker_03081,staker,small_persistent_staker,13.432945501,False,488,0.0,-0.027994881,0,0,0,1,0.0,1.168966061
staker_03082,staker,small_persistent_staker,6.61723629,False,489,0.0,-0.037780035,0,0,0,1,0.0,0.068590486
staker_03083,staker,small_persistent_staker,4.530728471,False,489,0.0,0.020652556,0,0,0,1,0.0,0.032776503
staker_03084,staker,small_persistent_staker,24.341812418,False,489,0.0,-0.044284771,0,0,0,1,0.0,0.0
staker_03085,staker,small_persistent_staker,4.386308766,False,489,0.0,-0.034443837,0,0,0,1,0.0,0.063848476
staker_03086,staker,small_persistent_staker,15.037777925,False,489,0.0,0.060870132,0,0,0,1,0.0,0.108843105
staker_03087,staker,staker_whale,100.218489751,False,489,0.0,0.218489751,0,0,0,1,0.0,5.916659663
staker_03088,staker,small_persistent_staker,33.903260835,False,490,0.0,13.067465048,1,0,0,1,0.0,1.286299515
staker_03089,staker,small_persistent_staker,31.338416341,False,490,0.0,-0.058997101,0,0,0,1,0.0,1.951726571
staker_03090,staker,small_persistent_staker,5.191438694,False,490,0.0,-0.012235584,0,0,0,1,0.0,0.037843647
staker_03091,staker,small_persistent_staker,2.649687903,False,490,0.0,-0.011131877,0,0,0,1,0.0,0.061289745
staker_03092,staker,small_persistent_staker,2.762176741,False,491,0.0,-0.029118592,0,0,0,1,0.0,0.091383382
staker_03093,staker,small_persistent_staker,16.283412548,False,491,0.0,0.014054846,0,0,0,1,0.0,0.963678728
staker_03094,staker,small_persistent_staker,9.502907129,False,492,0.0,0.009983365,0,0,0,1,0.0,0.761874841
staker_03095,staker,small_persistent_staker,4.513290796,False,492,0.0,0.026431852,0,0,0,1,0.0,0.032667099
staker_03096,staker,staker_whale,353.578438794,False,492,0.0,16.955086219,1,0,0,1,0.0,25.355292773
staker_03097,staker,small_persistent_staker,10.889077797,False,492,0.0,0.028775609,0,0,0,1,0.0,0.079069695
staker_03098,staker,small_persistent_staker,19.169167427,False,492,0.0,-0.098573613,0,0,0,1,0.0,0.539342004
staker_03099,staker,small_persistent_staker,3.22058279,False,492,0.0,0.006797761,0,0,0,1,0.0,0.190494658
staker_03100,staker,small_persistent_staker,10.840669723,False,492,0.0,-0.015513987,0,0,0,1,0.0,0.817714262
staker_03101,staker,small_persistent_staker,11.554041891,False,492,0.0,-0.061524104,0,0,0,1,0.0,0.932232019
staker_03102,staker,small_persistent_staker,6.254536279,False,493,0.0,-0.00077516,0,0,0,1,0.0,0.045564035
staker_03103,staker,small_persistent_staker,6.217990287,False,493,0.0,-0.044982676,0,0,0,1,0.0,0.064697837
staker_03104,staker,small_persistent_staker,12.318267348,False,493,0.0,0.054254162,0,0,0,1,0.0,0.627968626
staker_03105,staker,small_persistent_staker,1.931879364,False,493,0.0,0.013204657,0,0,0,1,0.0,0.013975733
staker_03106,staker,small_persistent_staker,3.506141416,False,493,0.0,-0.020607664,0,0,0,1,0.0,0.036432065
staker_03107,staker,small_persistent_staker,9.984249687,False,493,0.0,-0.017158794,0,0,0,1,0.0,0.072850813
staker_03108,staker,small_persistent_staker,16.672646997,False,494,0.0,0.007081959,0,0,0,1,0.0,0.056568275
staker_03109,staker,small_persistent_staker,3.620356308,False,494,0.0,-0.053179461,0,0,0,1,0.0,0.213648711
staker_03110,staker,small_persistent_staker,4.261531926,False,494,0.0,-0.043932478,0,0,0,1,0.0,0.0276786
staker_03111,staker,small_persistent_staker,13.183361484,False,494,0.0,-0.124523024,0,0,0,1,0.0,0.140511304
staker_03112,staker,small_persistent_staker,4.55014591,False,494,0.0,0.015604082,0,0,0,1,0.0,0.213780223
staker_03113,staker,small_persistent_staker,22.056510783,False,494,0.0,-0.240582434,0,0,0,1,0.0,1.387933297
staker_03114,staker,small_persistent_staker,4.449514001,False,495,0.0,0.000556234,0,0,0,1,0.0,0.015107238
staker_03115,staker,small_persistent_staker,2.48138223,False,495,0.0,-0.018030898,0,0,0,1,0.0,0.190339939
staker_03116,staker,small_persistent_staker,2.406156891,False,495,0.0,-0.012510222,0,0,0,1,0.0,0.00821302
staker_03117,staker,small_persistent_staker,90.750514558,False,495,0.0,-0.790596527,0,0,0,1,0.0,1.750976759
staker_03118,staker,staker_whale,100.195451176,False,495,0.0,0.195451176,0,0,0,1,0.0,5.523373797
staker_03119,staker,small_persistent_staker,18.396776497,False,495,0.0,-0.169113547,0,0,0,1,0.0,0.446418027
staker_03120,staker,small_persistent_staker,8.284308509,False,495,0.0,-0.05320677,0,0,0,1,0.0,0.053620969
staker_03121,staker,small_persistent_staker,24.985450341,False,495,0.0,12.206832195,1,0,0,1,0.0,0.043392102
staker_03122,staker,small_persistent_staker,1.857023154,False,496,0.0,-0.000952381,0,0,0,1,0.0,0.0
staker_03123,staker,staker_whale,109.771981652,False,496,0.0,1.658842777,0,0,0,1,0.0,13.209180827
staker_03124,staker,small_persistent_staker,1.095241663,False,496,0.0,-0.016335611,0,0,0,1,0.0,0.007939768
staker_03125,staker,small_persistent_staker,3.465567169,False,496,0.0,-0.038919837,0,0,0,1,0.0,0.025031829
staker_03126,staker,small_persistent_staker,7.99863301,False,496,0.0,-0.063954481,0,0,0,1,0.0,0.024392032
staker_03127,staker,small_persistent_staker,69.774471411,False,497,0.0,-1.097161017,0,0,0,1,0.0,0.50648109
staker_03128,staker,small_persistent_staker,8.425400749,False,497,0.0,-0.010449127,0,0,0,1,0.0,0.368159775
staker_03129,staker,small_persistent_staker,13.636471104,False,497,0.0,-0.011493475,0,0,0,1,0.0,0.595628376
staker_03130,staker,small_persistent_staker,51.038955959,False,498,0.0,-0.38601127,0,0,0,1,0.0,0.155741724
staker_03131,staker,small_persistent_staker,7.567797413,False,498,0.0,-0.086644124,0,0,0,1,0.0,0.418381194
staker_03132,staker,small_persistent_staker,3.246797289,False,498,0.0,-0.020226663,0,0,0,1,0.0,0.009894259
staker_03133,staker,small_persistent_staker,8.750134349,False,498,0.0,-0.08854826,0,0,0,1,0.0,0.182087375
staker_03134,staker,small_persistent_staker,98.94819326,False,498,0.0,-1.05180674,0,0,0,1,0.0,1.569536544
staker_03135,staker,small_persistent_staker,6.132602978,False,498,0.0,-0.033253566,0,0,0,1,0.0,0.215547304
staker_03136,staker,small_persistent_staker,25.630609106,False,498,0.0,-0.056048184,0,0,0,1,0.0,2.140748961
staker_03137,staker,small_persistent_staker,14.459163222,False,498,0.0,-0.084252956,0,0,0,1,0.0,0.044045078
staker_03138,staker,small_persistent_staker,4.749125475,False,499,0.0,-0.046841513,0,0,0,1,0.0,0.014533478
staker_03139,staker,small_persistent_staker,10.778604366,False,499,0.0,-0.116311523,0,0,0,1,0.0,0.077949234
staker_03140,staker,small_persistent_staker,5.112033598,False,499,0.0,-0.048849105,0,0,0,1,0.0,0.036924274
staker_03141,staker,small_persistent_staker,7.502269164,False,499,0.0,-0.064144883,0,0,0,1,0.0,0.413819717
staker_03142,staker,small_persistent_staker,17.952505272,False,499,0.0,0.037718656,0,0,0,1,0.0,0.782737796
staker_03143,staker,small_persistent_staker,16.705273973,False,500,0.0,-0.184655587,0,0,0,1,0.0,0.924047573
staker_03144,staker,small_persistent_staker,54.88453448,False,500,0.0,-0.668823447,0,0,0,1,0.0,0.397597553
staker_03145,staker,staker_whale,149.720386861,False,500,0.0,-0.931801011,0,0,0,1,0.0,0.0
staker_03146,staker,small_persistent_staker,36.483634921,False,500,0.0,-0.063826973,0,0,0,1,0.0,0.0
staker_03147,staker,small_persistent_staker,18.152945934,False,500,0.0,0.626413363,0,0,0,1,0.0,3.332472196
staker_03148,staker,small_persistent_staker,4.206293654,False,500,0.0,-0.023751454,0,0,0,1,0.0,0.0
staker_03149,staker,small_persistent_staker,5.607220396,False,500,0.0,0.006599687,0,0,0,1,0.0,0.270757592
staker_03150,staker,small_persistent_staker,21.099682656,False,500,0.0,0.038947049,0,0,0,1,0.0,1.018164657
staker_03151,staker,small_persistent_staker,20.635255935,False,501,0.0,-0.301926797,0,0,0,1,0.0,0.149934022
staker_03152,staker,small_persistent_staker,28.129419642,False,501,0.0,-0.302065171,0,0,0,1,0.0,0.086235662
staker_03153,staker,small_persistent_staker,8.284684142,False,501,0.0,-0.047004839,0,0,0,1,0.0,0.171902325
staker_03154,staker,small_persistent_staker,21.020046677,False,501,0.0,0.057201701,0,0,0,1,0.0,1.014012394
staker_03155,staker,small_persistent_staker,1.450706362,False,501,0.0,-0.010522702,0,0,0,1,0.0,0.00443206
staker_03156,staker,small_persistent_staker,4.802400336,False,501,0.0,-0.002697288,0,0,0,1,0.0,0.186166549
staker_03157,staker,small_persistent_staker,1.421143355,False,501,0.0,-0.014032977,0,0,0,1,0.0,0.010277493
staker_03158,staker,small_persistent_staker,2.588377104,False,501,0.0,0.012262622,0,0,0,1,0.0,0.124611522
staker_03159,staker,small_persistent_staker,4.784062187,False,502,0.0,-0.02484401,0,0,0,1,0.0,0.075644657
staker_03160,staker,small_persistent_staker,6.121719548,False,502,0.0,-0.058180458,0,0,0,1,0.0,0.09721055
staker_03161,staker,small_persistent_staker,17.099032862,False,502,0.0,0.339375301,0,0,0,1,0.0,1.747926989
staker_03162,staker,small_persistent_staker,21.808054617,False,502,0.0,-0.189553353,0,0,0,1,0.0,0.5587745
staker_03163,staker,small_persistent_staker,4.760598615,False,502,0.0,-0.027615127,0,0,0,1,0.0,0.098861306
staker_03164,staker,staker_whale,134.907830941,False,503,0.0,34.907830941,2,0,0,1,0.0,4.924830955
staker_03165,staker,small_persistent_staker,15.922244254,False,503,0.0,-0.207405175,0,0,0,1,0.0,0.115642491
staker_03166,staker,small_persistent_staker,5.632888787,False,503,0.0,0.004719722,0,0,0,1,0.0,0.470318708
staker_03167,staker,small_persistent_staker,1.444689117,False,504,0.0,-0.005240686,0,0,0,1,0.0,0.004405616
staker_03168,staker,small_persistent_staker,5.903347078,False,504,0.0,-0.07573379,0,0,0,1,0.0,0.04289322
staker_03169,staker,small_persistent_staker,12.804130821,False,504,0.0,-0.118782057,0,0,0,1,0.0,0.267104615
staker_03170,staker,small_persistent_staker,39.396207733,False,504,0.0,-0.152116696,0,0,0,1,0.0,0.0
staker_03171,staker,small_persistent_staker,14.093347259,False,504,0.0,-0.150936687,0,0,0,1,0.0,0.362217897
staker_03172,staker,small_persistent_staker,15.244307221,False,504,0.0,-0.075572862,0,0,0,1,0.0,0.046549498
staker_03173,staker,small_persistent_staker,2.24956226,False,504,0.0,-0.009642967,0,0,0,1,0.0,0.046695675
staker_03174,staker,small_persistent_staker,11.52225778,False,505,0.0,-0.057316521,0,0,0,1,0.0,0.239445388
staker_03175,staker,small_persistent_staker,15.348867389,False,505,0.0,-0.162947069,0,0,0,1,0.0,0.851026011
staker_03176,staker,small_persistent_staker,5.644228935,False,505,0.0,0.026141514,0,0,0,1,0.0,0.272362125
staker_03177,staker,small_persistent_staker,26.726222849,False,506,0.0,-0.036799465,0,0,0,1,0.0,0.081412635
staker_03178,staker,small_persistent_staker,5.091833956,False,506,0.0,-0.015811855,0,0,0,1,0.0,0.015537367
staker_03179,staker,small_persistent_staker,24.940470486,False,506,0.0,-0.058157348,0,0,0,1,0.0,1.699423683
staker_03180,staker,small_persistent_staker,8.353725963,False,506,0.0,-0.017860769,0,0,0,1,0.0,0.0
staker_03181,staker,small_persistent_staker,5.712546676,False,506,0.0,-0.039572066,0,0,0,1,0.0,0.041312272
staker_03182,staker,small_persistent_staker,13.46423486,False,506,0.0,-0.055608322,0,0,0,1,0.0,0.863093899
staker_03183,staker,small_persistent_staker,3.922293955,False,507,0.0,0.0,0,0,0,1,0.0,0.0
staker_03184,staker,small_persistent_staker,27.219953968,False,507,0.0,-0.185289838,0,0,0,1,0.0,0.432242391
staker_03185,staker,small_persistent_staker,1.195339886,False,508,0.0,-0.00413468,0,0,0,1,0.0,0.003651889
staker_03186,staker,small_persistent_staker,3.490918836,False,509,0.0,0.001820107,0,0,0,1,0.0,0.181519057
staker_03187,staker,small_persistent_staker,22.744200936,False,509,0.0,-0.207020838,0,0,0,1,0.0,0.4756343
staker_03188,staker,small_persistent_staker,30.348544008,False,509,0.0,-0.199622551,0,0,0,1,0.0,0.093066025
staker_03189,staker,small_persistent_staker,7.755460221,False,510,0.0,-0.012923532,0,0,0,1,0.0,0.02368181
staker_03190,staker,small_persistent_staker,18.013079416,False,511,0.0,0.103316501,0,0,0,1,0.0,0.787652074
staker_03191,staker,small_persistent_staker,69.04102089,False,511,0.0,-0.226529091,0,0,0,1,0.0,0.211282308
staker_03192,staker,small_persistent_staker,37.731998932,False,511,0.0,0.142876613,0,0,0,1,0.0,2.069298678
staker_03193,staker,small_persistent_staker,9.466696529,False,512,0.0,-0.00073621,0,0,0,1,0.0,0.69241452
staker_03194,staker,small_persistent_staker,2.364251348,False,512,0.0,-0.002877328,0,0,0,1,0.0,0.007223036
staker_03195,staker,small_persistent_staker,28.532771792,False,512,0.0,-0.158194069,0,0,0,1,0.0,0.206698669
staker_03196,staker,small_persistent_staker,2.893600619,False,512,0.0,-0.011060014,0,0,0,1,0.0,0.020926081
staker_03197,staker,small_persistent_staker,10.961298787,False,512,0.0,-0.00048904,0,0,0,1,0.0,0.227531044
staker_03198,staker,staker_whale,102.874934356,False,512,0.0,2.874934356,0,0,0,1,0.0,12.323151674
staker_03199,staker,small_persistent_staker,2.822602218,False,512,0.0,-0.006643877,0,0,0,1,0.0,0.044741355
staker_03200,staker,small_persistent_staker,24.92526316,False,513,0.0,-0.072304514,0,0,0,1,0.0,0.076330796
staker_03201,staker,small_persistent_staker,19.124073975,False,513,0.0,-0.029283759,0,0,0,1,0.0,0.058485332
staker_03202,staker,small_persistent_staker,15.58247468,False,513,0.0,0.122937255,0,0,0,1,0.0,0.680628003
staker_03203,staker,small_persistent_staker,7.939306551,False,513,0.0,-0.062283132,0,0,0,1,0.0,0.057686329
staker_03204,staker,small_persistent_staker,22.041242973,False,513,0.0,-0.004087717,0,0,0,1,0.0,0.348866393
staker_03205,staker,small_persistent_staker,6.240405321,False,513,0.0,0.039479877,0,0,0,1,0.0,0.301970298
staker_03206,staker,small_persistent_staker,15.14126374,False,513,0.0,-0.043922574,0,0,0,1,0.0,0.046368406
staker_03207,staker,small_persistent_staker,6.368503071,False,514,0.0,-0.044856122,0,0,0,1,0.0,0.0
staker_03208,staker,small_persistent_staker,38.747527093,False,515,0.0,-0.05269575,0,0,0,1,0.0,0.685796308
staker_03209,staker,small_persistent_staker,5.486264599,False,515,0.0,0.229679181,0,0,0,1,0.0,0.936641969
staker_03210,staker,small_persistent_staker,13.964471814,False,515,0.0,-0.105527312,0,0,0,1,0.0,0.248688094
staker_03211,staker,small_persistent_staker,5.159181685,False,515,0.0,-0.011784193,0,0,0,1,0.0,0.065881472
staker_03212,staker,small_persistent_staker,11.980219025,False,515,0.0,-0.063776105,0,0,0,1,0.0,0.0
staker_03213,staker,small_persistent_staker,12.471810439,False,516,0.0,-0.049679962,0,0,0,1,0.0,0.28118246
staker_03214,staker,small_persistent_staker,20.454144578,False,516,0.0,-0.052642552,0,0,0,1,0.0,1.435335084
staker_03215,staker,staker_whale,99.680116285,False,516,0.0,-0.319883715,0,0,0,1,0.0,0.414747513
staker_03216,staker,small_persistent_staker,26.925235035,False,516,0.0,15.089656377,1,0,0,1,0.0,0.415439866
staker_03217,staker,small_persistent_staker,19.144710033,False,517,0.0,0.882513846,0,0,0,1,0.0,3.350623394
staker_03218,staker,small_persistent_staker,24.604639061,False,517,0.0,-0.101088015,0,0,0,1,0.0,0.315113671
staker_03219,staker,small_persistent_staker,52.970784702,False,517,0.0,-0.09692483,0,0,0,1,0.0,0.0
staker_03220,staker,small_persistent_staker,15.132267604,False,517,0.0,-0.138734857,0,0,0,1,0.0,0.063380469
staker_03221,staker,small_persistent_staker,5.185288858,False,517,0.0,-0.039234284,0,0,0,1,0.0,0.117404021
staker_03222,staker,small_persistent_staker,29.331913103,False,517,0.0,-0.018307839,0,0,0,1,0.0,0.0
staker_03223,staker,small_persistent_staker,62.523423892,False,517,0.0,-0.256877119,0,0,0,1,0.0,0.800742721
staker_03224,staker,small_persistent_staker,29.500550171,False,518,0.0,-0.065510494,0,0,0,1,0.0,0.0
staker_03225,staker,small_persistent_staker,8.513150822,False,518,0.0,-0.015862515,0,0,0,1,0.0,0.151011036
staker_03226,staker,small_persistent_staker,6.176367912,False,518,0.0,-0.013715572,0,0,0,1,0.0,0.0
staker_03227,staker,small_persistent_staker,15.967154798,False,519,0.0,0.030778224,0,0,0,1,0.0,0.782334966
staker_03228,staker,staker_whale,102.970547276,False,519,0.0,2.970547276,0,0,0,1,0.0,11.561616299
staker_03229,staker,small_persistent_staker,11.492590595,False,519,0.0,-0.071634611,0,0,0,1,0.0,0.260212378
staker_03230,staker,small_persistent_staker,4.576238767,False,519,0.0,0.036159125,0,0,0,1,0.0,0.186022421
staker_03231,staker,small_persistent_staker,21.324284112,False,519,0.0,0.101008398,0,0,0,1,0.0,0.763005475
staker_03232,staker,small_persistent_staker,21.706276247,False,519,0.0,-0.092460291,0,0,0,1,0.0,0.0
staker_03233,staker,small_persistent_staker,1.329838628,False,519,0.0,-0.006370171,0,0,0,1,0.0,0.0
staker_03234,staker,small_persistent_staker,4.31908374,False,519,0.0,0.125619214,0,0,0,1,0.0,0.504330238
staker_03235,staker,small_persistent_staker,9.12817835,False,519,0.0,-0.052249313,0,0,0,1,0.0,0.206573365
staker_03236,staker,small_persistent_staker,13.620903246,False,519,0.0,-0.032761134,0,0,0,1,0.0,0.056742991
staker_03237,staker,small_persistent_staker,24.816932599,False,519,0.0,-0.024177509,0,0,0,1,0.0,0.0
staker_03238,staker,small_persistent_staker,5.571168497,False,519,0.0,-0.021000681,0,0,0,1,0.0,0.125832178
staker_03239,staker,small_persistent_staker,16.198841308,False,520,0.0,0.080298158,0,0,0,1,0.0,0.791676553
staker_03240,staker,small_persistent_staker,18.447142301,False,520,0.0,-0.014626936,0,0,0,1,0.0,0.235904845
staker_03241,staker,small_persistent_staker,27.290398679,False,520,0.0,1.265492047,0,0,0,1,0.0,5.764182741
staker_03242,staker,small_persistent_staker,1.843255615,False,520,0.0,-0.00789651,0,0,0,1,0.0,0.0
staker_03243,staker,small_persistent_staker,3.582425873,False,520,0.0,0.017116478,0,0,0,1,0.0,0.185692915
staker_03244,staker,small_persistent_staker,31.108834719,False,520,0.0,0.090837846,0,0,0,1,0.0,0.99908764
staker_03245,staker,small_persistent_staker,38.547261545,False,520,0.0,0.012741184,0,0,0,1,0.0,0.492394848
staker_03246,staker,small_persistent_staker,15.951486919,False,521,0.0,-0.072633857,0,0,0,1,0.0,0.066659202
staker_03247,staker,small_persistent_staker,33.213468767,False,521,0.0,-0.192584522,0,0,0,1,0.0,0.592464146
staker_03248,staker,small_persistent_staker,14.86447015,False,521,0.0,0.154115814,0,0,0,1,0.0,0.672103018
staker_03249,staker,small_persistent_staker,8.008670792,False,521,0.0,0.030473253,0,0,0,1,0.0,0.415725779
staker_03250,staker,small_persistent_staker,27.567468246,False,521,0.0,-0.090481362,0,0,0,1,0.0,0.0
staker_03251,staker,small_persistent_staker,16.116509795,False,521,0.0,-0.019521078,0,0,0,1,0.0,0.0
staker_03252,staker,small_persistent_staker,28.905304651,False,521,0.0,0.071856323,0,0,0,1,0.0,0.511367931
staker_03253,staker,small_persistent_staker,26.527645926,False,521,0.0,0.009604086,0,0,0,1,0.0,0.110313167
staker_03254,staker,staker_whale,100.051282016,False,521,0.0,0.051282016,0,0,0,1,0.0,1.773523322
staker_03255,staker,small_persistent_staker,32.519601572,False,522,0.0,1.394721444,0,0,0,1,0.0,4.918382558
staker_03256,staker,staker_whale,128.103222697,False,522,0.0,28.103222697,1,0,0,1,0.0,11.093936277
staker_03257,staker,small_persistent_staker,7.12921001,False,522,0.0,-0.023284877,0,0,0,1,0.0,0.0
staker_03258,staker,small_persistent_staker,26.456749693,False,522,0.0,0.046446863,0,0,0,1,0.0,0.468647842
staker_03259,staker,small_persistent_staker,6.260229706,False,522,0.0,-0.014066841,0,0,0,1,0.0,0.141395533
staker_03260,staker,small_persistent_staker,35.35458959,False,523,0.0,19.494688414,1,0,0,1,0.0,1.116626882
staker_03261,staker,small_persistent_staker,22.687285953,False,523,0.0,0.226529361,0,0,0,1,0.0,1.105035314
staker_03262,staker,small_persistent_staker,31.702178984,False,523,0.0,1.323068806,0,0,0,1,0.0,4.461244052
staker_03263,staker,small_persistent_staker,7.628267143,False,523,0.0,0.09037482,0,0,0,1,0.0,0.309528304
staker_03264,staker,small_persistent_staker,31.294946828,False,524,0.0,-0.104362251,0,0,0,1,0.0,0.708572404
staker_03265,staker,small_persistent_staker,3.82924206,False,524,0.0,0.004767696,0,0,0,1,0.0,0.048985685
staker_03266,staker,small_persistent_staker,2.649773682,False,524,0.0,0.009860125,0,0,0,1,0.0,0.033813268
staker_03267,staker,small_persistent_staker,26.323543416,False,524,0.0,-0.049910034,0,0,0,1,0.0,0.0
staker_03268,staker,small_persistent_staker,31.821188537,False,525,0.0,-0.016769041,0,0,0,1,0.0,0.0
staker_03269,staker,small_persistent_staker,2.369775857,False,525,0.0,0.006052587,0,0,0,1,0.0,0.030292238
staker_03270,staker,small_persistent_staker,31.49651354,False,525,0.0,0.034374844,0,0,0,1,0.0,0.403202266
staker_03271,staker,small_persistent_staker,30.68920046,False,525,0.0,-0.134444364,0,0,0,1,0.0,0.12853962
staker_03272,staker,small_persistent_staker,16.388752058,False,525,0.0,-0.022104506,0,0,0,1,0.0,0.0
staker_03273,staker,small_persistent_staker,5.23314294,False,525,0.0,0.018670864,0,0,0,1,0.0,0.066825939
staker_03274,staker,staker_whale,103.621441935,False,525,0.0,3.621441935,0,0,0,1,0.0,11.318617672
staker_03275,staker,small_persistent_staker,13.471250464,False,526,0.0,-0.030425902,0,0,0,1,0.0,0.305012703
staker_03276,staker,small_persistent_staker,21.761863505,False,526,0.0,-0.026243188,0,0,0,1,0.0,0.4922092
staker_03277,staker,small_persistent_staker,6.135352382,False,527,0.0,0.020684217,0,0,0,1,0.0,0.078426637
staker_03278,staker,small_persistent_staker,1.956799866,False,527,0.0,0.012461849,0,0,0,1,0.0,0.101647578
staker_03279,staker,small_persistent_staker,2.555269373,False,527,0.0,0.004701194,0,0,0,1,0.0,0.179646112
staker_03280,staker,small_persistent_staker,23.174341862,False,527,0.0,0.04279224,0,0,0,1,0.0,0.09654143
staker_03281,staker,small_persistent_staker,18.273261801,False,527,0.0,0.018230515,0,0,0,1,0.0,0.324819867
staker_03282,staker,small_persistent_staker,11.817077199,False,527,0.0,0.011789433,0,0,0,1,0.0,0.21005672
staker_03283,staker,small_persistent_staker,8.566913488,False,527,0.0,-0.022097751,0,0,0,1,0.0,0.035846947
staker_03284,staker,small_persistent_staker,3.810389859,False,528,0.0,0.028871253,0,0,0,1,0.0,0.122324268
staker_03285,staker,staker_whale,271.925907652,False,528,0.0,1.05985291,0,0,0,1,0.0,3.475959193
staker_03286,staker,small_persistent_staker,4.3171043,False,529,0.0,0.133983066,0,0,0,1,0.0,0.485998917
staker_03287,staker,small_persistent_staker,41.855183191,False,529,0.0,-0.149785162,0,0,0,1,0.0,0.0
staker_03288,staker,small_persistent_staker,19.467764324,False,529,0.0,-0.107656902,0,0,0,1,0.0,0.0
staker_03289,staker,small_persistent_staker,9.326138171,False,529,0.0,0.08533507,0,0,0,1,0.0,0.340431456
staker_03290,staker,small_persistent_staker,4.55587129,False,530,0.0,-0.01839312,0,0,0,1,0.0,0.21937106
staker_03291,staker,small_persistent_staker,24.084272436,False,530,0.0,-0.087756259,0,0,0,1,0.0,0.0
staker_03292,staker,small_persistent_staker,8.195826507,False,530,0.0,-0.000958838,0,0,0,1,0.0,0.070704409
staker_03293,staker,small_persistent_staker,9.226127006,False,531,0.0,-0.051017536,0,0,0,1,0.0,0.0
staker_03294,staker,small_persistent_staker,8.497145558,False,531,0.0,0.269369812,0,0,0,1,0.0,0.918795699
staker_03295,staker,small_persistent_staker,15.619102926,False,531,0.0,0.491759797,0,0,0,1,0.0,1.646566607
staker_03296,staker,small_persistent_staker,7.661855387,False,531,0.0,-0.014438481,0,0,0,1,0.0,0.141091315
staker_03297,staker,staker_whale,162.944330606,False,531,0.0,14.351805914,1,0,0,1,0.0,10.338804069
staker_03298,staker,small_persistent_staker,10.614839982,False,531,0.0,-0.052640865,0,0,0,1,0.0,0.0
staker_03299,staker,small_persistent_staker,7.550087671,False,531,0.0,0.0,0,0,0,1,0.0,0.0
staker_03300,staker,small_persistent_staker,10.601533951,False,532,0.0,-0.018904488,0,0,0,1,0.0,0.0
staker_03301,staker,small_persistent_staker,29.447871955,False,532,0.0,0.799177672,0,0,0,1,0.0,2.806121571
staker_03302,staker,small_persistent_staker,17.291182411,False,532,0.0,-0.077680811,0,0,0,1,0.0,0.319408914
staker_03303,staker,small_persistent_staker,3.674636483,False,532,0.0,0.043290186,0,0,0,1,0.0,0.151022434
staker_03304,staker,small_persistent_staker,23.595303935,False,533,0.0,0.11373444,0,0,0,1,0.0,1.55410787
staker_03305,staker,small_persistent_staker,10.057231757,False,533,0.0,-0.003352764,0,0,0,1,0.0,0.086948345
staker_03306,staker,small_persistent_staker,29.76686128,False,533,0.0,17.097118326,1,0,0,1,0.0,1.098154411
staker_03307,staker,small_persistent_staker,25.241369542,False,534,0.0,0.021771816,0,0,0,1,0.0,0.218076635
staker_03308,staker,small_persistent_staker,6.068297142,False,534,0.0,-0.025317296,0,0,0,1,0.0,0.0
staker_03309,staker,small_persistent_staker,8.41475527,False,534,0.0,0.020821471,0,0,0,1,0.0,0.114254291
staker_03310,staker,small_persistent_staker,7.112436795,False,534,0.0,0.02752831,0,0,0,1,0.0,0.096436453
staker_03311,staker,small_persistent_staker,20.000851883,False,535,0.0,-0.020505296,0,0,0,1,0.0,0.963066732
staker_03312,staker,small_persistent_staker,4.660818734,False,535,0.0,-0.002949756,0,0,0,1,0.0,0.0
staker_03313,staker,small_persistent_staker,2.621833895,False,536,0.0,0.019964082,0,0,0,1,0.0,0.073303
staker_03314,staker,small_persistent_staker,29.675106855,False,536,0.0,0.42993746,0,0,0,1,0.0,1.320484377
staker_03315,staker,small_persistent_staker,16.617527994,False,536,0.0,0.041122095,0,0,0,1,0.0,0.143506931
staker_03316,staker,small_persistent_staker,18.892355786,False,536,0.0,0.0,0,0,0,1,0.0,0.0
staker_03317,staker,staker_whale,100.052785302,False,536,0.0,0.052785302,0,0,0,1,0.0,1.362757251
staker_03318,staker,staker_whale,199.592945762,False,536,0.0,25.908061986,1,0,0,1,0.0,25.779966298
staker_03319,staker,small_persistent_staker,5.577631546,False,536,0.0,0.0,0,0,0,1,0.0,0.0
staker_03320,staker,small_persistent_staker,11.568440963,False,536,0.0,0.050277126,0,0,0,1,0.0,0.156964613
staker_03321,staker,small_persistent_staker,6.127621868,False,537,0.0,0.0611648,0,0,0,1,0.0,0.402473856
staker_03322,staker,small_persistent_staker,13.111752608,False,537,0.0,-0.02463852,0,0,0,1,0.0,0.0
staker_03323,staker,small_persistent_staker,13.657355441,False,537,0.0,-0.025663772,0,0,0,1,0.0,0.0
staker_03324,staker,small_persistent_staker,28.020084337,False,537,0.0,0.407782756,0,0,0,1,0.0,1.151937798
staker_03325,staker,small_persistent_staker,3.282187312,False,538,0.0,0.04791787,0,0,0,1,0.0,0.119809484
staker_03326,staker,small_persistent_staker,82.861307885,False,538,0.0,0.575532685,0,0,0,1,0.0,0.713306396
staker_03327,staker,small_persistent_staker,10.298951122,False,538,0.0,0.061128771,0,0,0,1,0.0,0.088748075
staker_03328,staker,small_persistent_staker,7.623897206,False,538,0.0,0.251651159,0,0,0,1,0.0,0.826762246
staker_03329,staker,small_persistent_staker,17.469566007,False,538,0.0,0.121538484,0,0,0,1,0.0,1.065258185
staker_03330,staker,small_persistent_staker,14.298194525,False,538,0.0,0.082769476,0,0,0,1,0.0,0.813437835
staker_03331,staker,small_persistent_staker,3.526471726,False,538,0.0,0.013722978,0,0,0,1,0.0,0.047932981
staker_03332,staker,small_persistent_staker,5.787335222,False,538,0.0,0.078531049,0,0,0,1,0.0,0.211475542
staker_03333,staker,small_persistent_staker,26.866147511,False,539,0.0,0.433710384,0,0,0,1,0.0,1.104161192
staker_03334,staker,small_persistent_staker,13.423675963,False,539,0.0,0.183028085,0,0,0,1,0.0,0.59904759
staker_03335,staker,small_persistent_staker,2.276439347,False,539,0.0,0.109066677,0,0,0,1,0.0,0.310695788
staker_03336,staker,small_persistent_staker,27.406739968,False,539,0.0,0.451309842,0,0,0,1,0.0,1.219546475
staker_03337,staker,small_persistent_staker,18.517922137,False,539,0.0,0.095822294,0,0,0,1,0.0,0.159806558
staker_03338,staker,small_persistent_staker,17.565218132,False,539,0.0,0.116479911,0,0,0,1,0.0,0.151362918
staker_03339,staker,small_persistent_staker,39.788741723,False,540,0.0,0.743635653,0,0,0,1,0.0,1.63195565
staker_03340,staker,small_persistent_staker,10.034860625,False,540,0.0,0.078566178,0,0,0,1,0.0,0.480457312
staker_03341,staker,small_persistent_staker,7.469428342,False,540,0.0,0.012587038,0,0,0,1,0.0,0.137815632
staker_03342,staker,small_persistent_staker,61.926528776,False,541,0.0,2.900665405,0,0,0,1,0.0,9.379843847
staker_03343,staker,small_persistent_staker,34.485694157,False,541,0.0,0.090895712,0,0,0,1,0.0,0.635936169
staker_03344,staker,small_persistent_staker,3.196406085,False,541,0.0,0.028628903,0,0,0,1,0.0,0.210644281
staker_03345,staker,small_persistent_staker,3.034160823,False,541,0.0,0.040954785,0,0,0,1,0.0,0.199036011
staker_03346,staker,small_persistent_staker,22.351416742,False,541,0.0,1.200559048,0,0,0,1,0.0,3.929094751
staker_03347,staker,small_persistent_staker,8.361937302,False,541,0.0,0.044975354,0,0,0,1,0.0,0.553044097
staker_03348,staker,small_persistent_staker,0.827411843,False,541,0.0,0.039894663,0,0,0,1,0.0,0.116532475
staker_03349,staker,small_persistent_staker,26.953596666,False,541,0.0,0.08359071,0,0,0,1,0.0,1.297185286
staker_03350,staker,small_persistent_staker,19.192631369,False,541,0.0,0.140378974,0,0,0,1,0.0,0.260412268
staker_03351,staker,small_persistent_staker,22.027834065,False,541,0.0,0.167198416,0,0,0,1,0.0,1.05535127
staker_03352,staker,small_persistent_staker,6.680724169,False,541,0.0,0.029106343,0,0,0,1,0.0,0.057757236
staker_03353,staker,small_persistent_staker,10.669483541,False,542,0.0,0.485419852,0,0,0,1,0.0,1.787890613
staker_03354,staker,small_persistent_staker,2.357722579,False,542,0.0,-0.005051006,0,0,0,1,0.0,0.0
staker_03355,staker,small_persistent_staker,2.799921566,False,542,0.0,-0.022355122,0,0,0,1,0.0,0.110780877
staker_03356,staker,small_persistent_staker,29.163067417,False,542,0.0,0.24986835,0,0,0,1,0.0,0.949663927
staker_03357,staker,small_persistent_staker,7.465522258,False,543,0.0,0.068649519,0,0,0,1,0.0,0.268612686
staker_03358,staker,small_persistent_staker,8.26735273,False,543,0.0,0.025341894,0,0,0,1,0.0,0.323744578
staker_03359,staker,small_persistent_staker,5.027576319,False,543,0.0,-0.012494996,0,0,0,1,0.0,0.0
staker_03360,staker,small_persistent_staker,2.045422825,False,543,0.0,-0.010760367,0,0,0,1,0.0,0.010169226
staker_03361,staker,small_persistent_staker,19.219755387,False,543,0.0,0.128347441,0,0,0,1,0.0,0.538334932
staker_03362,staker,small_persistent_staker,7.19899568,False,544,0.0,0.029799333,0,0,0,1,0.0,0.260427203
staker_03363,staker,small_persistent_staker,11.32169454,False,544,0.0,0.055581016,0,0,0,1,0.0,0.26119119
staker_03364,staker,small_persistent_staker,47.523283211,False,544,0.0,26.406082762,1,0,0,1,0.0,3.143112919
staker_03365,staker,small_persistent_staker,8.985507867,False,544,0.0,0.049337062,0,0,0,1,0.0,0.51269827
staker_03366,staker,small_persistent_staker,7.924636983,False,545,0.0,0.091946659,0,0,0,1,0.0,0.257709528
staker_03367,staker,small_persistent_staker,5.154746446,False,545,0.0,-0.006983563,0,0,0,1,0.0,0.025554241
staker_03368,staker,small_persistent_staker,6.302614717,False,546,0.0,0.020818482,0,0,0,1,0.0,0.360812877
staker_03369,staker,small_persistent_staker,18.174837898,False,546,0.0,0.058536616,0,0,0,1,0.0,0.658829747
staker_03370,staker,small_persistent_staker,26.335262386,False,546,0.0,-0.063701792,0,0,0,1,0.0,0.130748965
staker_03371,staker,small_persistent_staker,20.187343912,False,546,0.0,0.228692486,0,0,0,1,0.0,0.656953141
staker_03372,staker,small_persistent_staker,7.297873231,False,546,0.0,0.070216838,0,0,0,1,0.0,0.262845873
staker_03373,staker,small_persistent_staker,1.98036082,False,546,0.0,0.0,0,0,0,1,0.0,0.0
staker_03374,staker,small_persistent_staker,11.046783976,False,547,0.0,0.025449306,0,0,0,1,0.0,0.054605221
staker_03375,staker,small_persistent_staker,2.983240385,False,547,0.0,0.028418,0,0,0,1,0.0,0.083467976
staker_03376,staker,small_persistent_staker,20.968003425,False,548,0.0,0.026682902,0,0,0,1,0.0,0.325897512
staker_03377,staker,small_persistent_staker,11.980956029,False,548,0.0,0.396694662,0,0,0,1,0.0,1.24815668
staker_03378,staker,small_persistent_staker,3.414148982,False,548,0.0,-0.003120224,0,0,0,1,0.0,0.016942726
staker_03379,staker,small_persistent_staker,19.767102134,False,548,0.0,0.050895674,0,0,0,1,0.0,0.097752405
staker_03380,staker,small_persistent_staker,23.542117363,False,549,0.0,-0.078271779,0,0,0,1,0.0,0.117160416
staker_03381,staker,staker_whale,302.769885388,False,549,0.0,-0.723595176,0,0,0,1,0.0,2.961174114
staker_03382,staker,small_persistent_staker,45.538990158,False,549,0.0,0.306376765,0,0,0,1,0.0,1.647395327
staker_03383,staker,small_persistent_staker,8.249022677,False,549,0.0,-0.008142307,0,0,0,1,0.0,0.080564838
staker_03384,staker,small_persistent_staker,14.47978362,False,549,0.0,-0.005406084,0,0,0,1,0.0,0.570638784
staker_03385,staker,small_persistent_staker,11.430330522,False,549,0.0,0.174418408,0,0,0,1,0.0,0.844472242
staker_03386,staker,small_persistent_staker,6.986408707,False,550,0.0,0.026174885,0,0,0,1,0.0,0.337036015
staker_03387,staker,staker_whale,103.6945447,False,550,0.0,3.6945447,0,0,0,1,0.0,10.037120166
staker_03388,staker,small_persistent_staker,29.437490831,False,550,0.0,0.302749418,0,0,0,1,0.0,1.061803024
staker_03389,staker,small_persistent_staker,12.279811588,False,550,0.0,0.029934317,0,0,0,1,0.0,0.705113527
staker_03390,staker,small_persistent_staker,12.991345089,False,550,0.0,0.002383362,0,0,0,1,0.0,0.064469594
staker_03391,staker,small_persistent_staker,47.048051444,False,550,0.0,0.191119556,0,0,0,1,0.0,2.697125511
staker_03392,staker,small_persistent_staker,7.394628308,False,550,0.0,0.027125783,0,0,0,1,0.0,0.036567965
staker_03393,staker,small_persistent_staker,8.06833175,False,550,0.0,0.015075312,0,0,0,1,0.0,0.389963545
staker_03394,staker,small_persistent_staker,17.445508849,False,550,0.0,0.039635828,0,0,0,1,0.0,0.086392553
staker_03395,staker,small_persistent_staker,31.798303166,False,550,0.0,0.003322035,0,0,0,1,0.0,0.310427216
staker_03396,staker,small_persistent_staker,31.143043832,False,550,0.0,0.946840833,0,0,0,1,0.0,3.116204371
staker_03397,staker,small_persistent_staker,9.642428435,False,551,0.0,-0.064609456,0,0,0,1,0.0,0.046363554
staker_03398,staker,small_persistent_staker,9.36485437,False,551,0.0,-0.026796392,0,0,0,1,0.0,0.491537184
staker_03399,staker,small_persistent_staker,23.643911344,False,551,0.0,-0.088657272,0,0,0,1,0.0,0.0
staker_03400,staker,small_persistent_staker,3.882363188,False,551,0.0,-0.016216734,0,0,0,1,0.0,0.0
staker_03401,staker,small_persistent_staker,13.163205411,False,551,0.0,-0.037664912,0,0,0,1,0.0,0.690902888
staker_03402,staker,small_persistent_staker,15.150683007,False,552,0.0,0.0,0,0,0,1,0.0,0.0
staker_03403,staker,small_persistent_staker,8.656760654,False,552,0.0,-0.019300739,0,0,0,1,0.0,0.0
staker_03404,staker,small_persistent_staker,11.533466928,False,552,0.0,0.091531454,0,0,0,1,0.0,0.265803478
staker_03405,staker,small_persistent_staker,2.69190789,False,552,0.0,-0.016658735,0,0,0,1,0.0,0.0
staker_03406,staker,small_persistent_staker,11.798407244,False,552,0.0,0.027733242,0,0,0,1,0.0,0.368890032
staker_03407,staker,small_persistent_staker,13.337911135,False,552,0.0,-0.020380276,0,0,0,1,0.0,0.0
staker_03408,staker,small_persistent_staker,5.372473139,False,552,0.0,0.03095171,0,0,0,1,0.0,0.124086959
staker_03409,staker,small_persistent_staker,27.187999046,False,553,0.0,-0.089839201,0,0,0,1,0.0,0.130397123
staker_03410,staker,small_persistent_staker,6.185838789,False,553,0.0,0.175901323,0,0,0,1,0.0,0.615894442
staker_03411,staker,small_persistent_staker,3.441854102,False,553,0.0,-0.004845723,0,0,0,1,0.0,0.149179015
staker_03412,staker,small_persistent_staker,15.8705839,False,553,0.0,0.159944151,0,0,0,1,0.0,0.438452987
staker_03413,staker,small_persistent_staker,8.062046577,False,553,0.0,-0.003456061,0,0,0,1,0.0,0.0
staker_03414,staker,staker_whale,152.074404181,False,553,0.0,1.372484635,0,0,0,1,0.0,3.502295583
staker_03415,staker,small_persistent_staker,32.535276944,False,553,0.0,20.027097731,1,0,0,1,0.0,0.802183989
staker_03416,staker,staker_whale,152.981368649,False,553,0.0,1.291122965,0,0,0,1,0.0,4.233375753
staker_03417,staker,small_persistent_staker,5.099385388,False,553,0.0,-0.047950412,0,0,0,1,0.0,0.176636602
staker_03418,staker,small_persistent_staker,21.976362437,False,554,0.0,-0.177587553,0,0,0,1,0.0,0.760563544
staker_03419,staker,small_persistent_staker,28.713778979,False,554,0.0,-0.182458377,0,0,0,1,0.0,0.0
staker_03420,staker,small_persistent_staker,16.858321609,False,555,0.0,0.470191868,0,0,0,1,0.0,1.681341655
staker_03421,staker,small_persistent_staker,5.503100209,False,555,0.0,-0.004774421,0,0,0,1,0.0,0.189222377
staker_03422,staker,small_persistent_staker,36.377883423,False,555,0.0,0.196865064,0,0,0,1,0.0,1.897376589
staker_03423,staker,small_persistent_staker,19.712995701,False,556,0.0,1.127284843,0,0,0,1,0.0,3.600160456
staker_03424,staker,small_persistent_staker,30.864163489,False,556,0.0,-0.078839103,0,0,0,1,0.0,0.0
staker_03425,staker,small_persistent_staker,3.889090763,False,556,0.0,0.017457815,0,0,0,1,0.0,0.229621842
staker_03426,staker,small_persistent_staker,14.710068645,False,556,0.0,0.155245075,0,0,0,1,0.0,0.406940082
staker_03427,staker,small_persistent_staker,20.951109962,False,556,0.0,0.669831246,0,0,0,1,0.0,2.082217178
staker_03428,staker,small_persistent_staker,5.361792938,False,556,0.0,0.026040297,0,0,0,1,0.0,0.183437552
staker_03429,staker,small_persistent_staker,7.085005368,False,556,0.0,-0.040666973,0,0,0,1,0.0,0.034125441
staker_03430,staker,small_persistent_staker,24.539613943,False,557,0.0,-0.107715348,0,0,0,1,0.0,0.118117541
staker_03431,staker,small_persistent_staker,50.491835199,False,557,0.0,-0.221631262,0,0,0,1,0.0,0.243034443
staker_03432,staker,small_persistent_staker,17.505934988,False,557,0.0,0.014676179,0,0,0,1,0.0,0.918523009
staker_03433,staker,small_persistent_staker,12.360346162,False,557,0.0,-0.001447306,0,0,0,1,0.0,0.059241495
staker_03434,staker,small_persistent_staker,14.404483493,False,558,0.0,-0.041489853,0,0,0,1,0.0,0.0
staker_03435,staker,small_persistent_staker,5.510639583,False,558,0.0,0.142176198,0,0,0,1,0.0,0.551751712
staker_03436,staker,small_persistent_staker,10.434934918,False,558,0.0,0.0,0,0,0,1,0.0,0.0
staker_03437,staker,small_persistent_staker,28.816297632,False,559,0.0,-0.030543553,0,0,0,1,0.0,0.0
staker_03438,staker,small_persistent_staker,4.670394405,False,559,0.0,0.068205397,0,0,0,1,0.0,0.322411091
staker_03439,staker,small_persistent_staker,26.001002537,False,559,0.0,-0.092746703,0,0,0,1,0.0,0.125151703
staker_03440,staker,small_persistent_staker,1.429975104,False,559,0.0,0.020883037,0,0,0,1,0.0,0.098715396
staker_03441,staker,small_persistent_staker,11.583447719,False,559,0.0,0.109483317,0,0,0,1,0.0,0.267540621
staker_03442,staker,staker_whale,100.369771746,False,559,0.0,0.369771746,0,0,0,1,0.0,3.443026929
staker_03443,staker,small_persistent_staker,2.87878637,False,559,0.0,0.09129825,0,0,0,1,0.0,0.265739969
staker_03444,staker,small_persistent_staker,12.772139353,False,559,0.0,-0.054162388,0,0,0,1,0.0,0.061517933
staker_03445,staker,small_persistent_staker,23.585455049,False,560,0.0,0.193023989,0,0,0,1,0.0,1.230156514
staker_03446,staker,small_persistent_staker,21.619247295,False,560,0.0,-0.060767244,0,0,0,1,0.0,0.746896246
staker_03447,staker,small_persistent_staker,19.020863353,False,560,0.0,0.167474129,0,0,0,1,0.0,0.593417537
staker_03448,staker,small_persistent_staker,14.099089856,False,561,0.0,0.154899826,0,0,0,1,0.0,0.885369194
staker_03449,staker,small_persistent_staker,6.405616771,False,561,0.0,0.006922597,0,0,0,1,0.0,0.030722158
staker_03450,staker,small_persistent_staker,12.923402327,False,562,0.0,-0.003373828,0,0,0,1,0.0,0.499213376
staker_03451,staker,staker_whale,105.011959863,False,562,0.0,5.011959863,0,0,0,1,0.0,21.918840169
staker_03452,staker,small_persistent_staker,38.032657904,False,562,0.0,-0.067391451,0,0,0,1,0.0,1.313942573
staker_03453,staker,small_persistent_staker,4.576392692,False,562,0.0,0.034769545,0,0,0,1,0.0,0.270201902
staker_03454,staker,small_persistent_staker,7.970710831,False,563,0.0,0.058293891,0,0,0,1,0.0,0.377375276
staker_03455,staker,small_persistent_staker,1.159209221,False,563,0.0,0.011265109,0,0,0,1,0.0,0.036186154
staker_03456,staker,small_persistent_staker,12.341134777,False,563,0.0,-0.016601515,0,0,0,1,0.0,0.0
staker_03457,staker,small_persistent_staker,3.730820498,False,563,0.0,-0.003068335,0,0,0,1,0.0,0.0
staker_03458,staker,small_persistent_staker,17.014961966,False,563,0.0,0.169022851,0,0,0,1,0.0,0.308621147
staker_03459,staker,small_persistent_staker,2.113059429,False,563,0.0,0.024479832,0,0,0,1,0.0,0.065837407
staker_03460,staker,small_persistent_staker,33.973161492,False,563,0.0,0.465085846,0,0,0,1,0.0,0.782954905
staker_03461,staker,small_persistent_staker,9.9714749,False,563,0.0,0.04879146,0,0,0,1,0.0,0.522594566
staker_03462,staker,small_persistent_staker,17.108724885,False,564,0.0,0.228998197,0,0,0,1,0.0,0.532280218
staker_03463,staker,small_persistent_staker,3.711735115,False,564,0.0,0.026782939,0,0,0,1,0.0,0.127185188
staker_03464,staker,small_persistent_staker,11.886925447,False,564,0.0,0.007616288,0,0,0,1,0.0,0.057115729
staker_03465,staker,small_persistent_staker,7.820794005,False,564,0.0,0.015270585,0,0,0,1,0.0,0.269405657
staker_03466,staker,small_persistent_staker,39.515730021,False,565,0.0,0.387645596,0,0,0,1,0.0,1.351129776
staker_03467,staker,small_persistent_staker,5.783747003,False,565,0.0,0.080091889,0,0,0,1,0.0,0.179941763
staker_03468,staker,small_persistent_staker,7.755666096,False,565,0.0,0.07963392,0,0,0,1,0.0,0.140742179
staker_03469,staker,small_persistent_staker,2.641451609,False,565,0.0,0.089360578,0,0,0,1,0.0,0.227186849
staker_03470,staker,small_persistent_staker,19.320178994,False,565,0.0,0.15381567,0,0,0,1,0.0,0.278997715
staker_03471,staker,small_persistent_staker,26.47149147,False,566,0.0,0.397464717,0,0,0,1,0.0,0.610069336
staker_03472,staker,small_persistent_staker,42.100350062,False,566,0.0,0.356982755,0,0,0,1,0.0,0.607960283
staker_03473,staker,small_persistent_staker,36.594754605,False,566,0.0,0.394658451,0,0,0,1,0.0,0.664085512
staker_03474,staker,small_persistent_staker,12.015450595,False,566,0.0,0.106727327,0,0,0,1,0.0,0.173441465
staker_03475,staker,small_persistent_staker,20.255259948,False,566,0.0,0.246754137,0,0,0,1,0.0,0.367053137
staker_03476,staker,small_persistent_staker,4.981586033,False,566,0.0,0.017226106,0,0,0,1,0.0,0.023892324
staker_03477,staker,small_persistent_staker,7.542469024,False,567,0.0,0.04524133,0,0,0,1,0.0,0.326910458
staker_03478,staker,small_persistent_staker,9.811959503,False,567,0.0,0.015165271,0,0,0,1,0.0,0.338692847
staker_03479,staker,small_persistent_staker,6.943399408,False,567,0.0,0.010731652,0,0,0,1,0.0,0.239674829
staker_03480,staker,small_persistent_staker,5.506469609,False,567,0.0,0.045116094,0,0,0,1,0.0,0.260996786
staker_03481,staker,small_persistent_staker,12.83331376,False,567,0.0,0.043866096,0,0,0,1,0.0,0.061593331
staker_03482,staker,small_persistent_staker,11.463117965,False,567,0.0,0.119308285,0,0,0,1,0.0,0.392175962
staker_03483,staker,small_persistent_staker,4.962133292,False,568,0.0,0.02164407,0,0,0,1,0.0,0.047977778
staker_03484,staker,small_persistent_staker,22.322952501,False,568,0.0,0.13878316,0,0,0,1,0.0,0.656945101
staker_03485,staker,small_persistent_staker,38.599452723,False,568,0.0,-0.100446846,0,0,0,1,0.0,1.305560651
staker_03486,staker,small_persistent_staker,12.628259523,False,568,0.0,0.132297567,0,0,0,1,0.0,0.231274762
staker_03487,staker,small_persistent_staker,13.120569654,False,568,0.0,0.123885682,0,0,0,1,0.0,0.240542105
staker_03488,staker,small_persistent_staker,19.904558177,False,568,0.0,0.017616914,0,0,0,1,0.0,0.115492668
staker_03489,staker,small_persistent_staker,3.168959027,False,568,0.0,0.030909703,0,0,0,1,0.0,0.083602576
staker_03490,staker,small_persistent_staker,18.340121432,False,569,0.0,0.80611277,0,0,0,1,0.0,2.378245613
staker_03491,staker,small_persistent_staker,32.050284826,False,569,0.0,0.117376551,0,0,0,1,0.0,0.946280224
staker_03492,staker,small_persistent_staker,9.299110111,False,569,0.0,0.081775195,0,0,0,1,0.0,0.245731395
staker_03493,staker,small_persistent_staker,9.624512939,False,569,0.0,0.09131466,0,0,0,1,0.0,0.254152218
staker_03494,staker,small_persistent_staker,13.156302722,False,569,0.0,0.35234104,0,0,0,1,0.0,1.255067941
staker_03495,staker,small_persistent_staker,1.302482355,False,569,0.0,0.017372927,0,0,0,1,0.0,0.029819833
staker_03496,staker,small_persistent_staker,15.190445947,False,570,0.0,0.129536379,0,0,0,1,0.0,0.203243022
staker_03497,staker,small_persistent_staker,7.093614191,False,570,0.0,0.090078377,0,0,0,1,0.0,0.162624718
staker_03498,staker,small_persistent_staker,6.356825546,False,570,0.0,-0.011653383,0,0,0,1,0.0,0.0
staker_03499,staker,small_persistent_staker,2.486179043,False,570,0.0,0.005626939,0,0,0,1,0.0,0.014425613
staker_03500,staker,small_persistent_staker,18.342689355,False,571,0.0,0.120472221,0,0,0,1,0.0,0.486348752
staker_03501,staker,small_persistent_staker,11.130498141,False,571,0.0,-0.007796806,0,0,0,1,0.0,0.0
staker_03502,staker,small_persistent_staker,8.58289552,False,571,0.0,0.42320037,0,0,0,1,0.0,1.320422394
staker_03503,staker,small_persistent_staker,12.297175138,False,571,0.0,0.035356474,0,0,0,1,0.0,0.363770511
staker_03504,staker,small_persistent_staker,20.47203719,False,572,0.0,0.208773596,0,0,0,1,0.0,0.969527569
staker_03505,staker,small_persistent_staker,37.668786888,False,572,0.0,0.345363657,0,0,0,1,0.0,0.504239918
staker_03506,staker,small_persistent_staker,10.27730313,False,572,0.0,0.078586454,0,0,0,1,0.0,0.302776553
staker_03507,staker,small_persistent_staker,22.040583094,False,572,0.0,0.168535583,0,0,0,1,0.0,0.649331026
staker_03508,staker,small_persistent_staker,5.33556617,False,572,0.0,0.035282017,0,0,0,1,0.0,0.227251799
staker_03509,staker,small_persistent_staker,4.370385933,False,572,0.0,0.033418605,0,0,0,1,0.0,0.128754633
staker_03510,staker,small_persistent_staker,6.789641446,False,572,0.0,0.091019216,0,0,0,1,0.0,0.124289615
staker_03511,staker,small_persistent_staker,9.715124599,False,572,0.0,0.089072445,0,0,0,1,0.0,0.130048086
staker_03512,staker,small_persistent_staker,13.495094819,False,572,0.0,0.185539686,0,0,0,1,0.0,0.355479238
staker_03513,staker,small_persistent_staker,5.78416948,False,572,0.0,0.06796261,0,0,0,1,0.0,0.152671734
staker_03514,staker,small_persistent_staker,4.200734285,False,572,0.0,0.199985803,0,0,0,1,0.0,0.66699788
staker_03515,staker,small_persistent_staker,2.371620657,False,573,0.0,0.032371399,0,0,0,1,0.0,0.043434014
staker_03516,staker,small_persistent_staker,13.787773015,False,573,0.0,0.167150025,0,0,0,1,0.0,0.316855754
staker_03517,staker,staker_whale,142.828576872,False,573,0.0,1.079016943,0,0,0,1,0.0,1.380978157
staker_03518,staker,small_persistent_staker,3.577696041,False,573,0.0,0.050431976,0,0,0,1,0.0,0.065492481
staker_03519,staker,small_persistent_staker,7.176174398,False,574,0.0,0.245974533,0,0,0,1,0.0,0.629358281
staker_03520,staker,small_persistent_staker,8.588128487,False,574,0.0,0.040375659,0,0,0,1,0.0,0.409490094
staker_03521,staker,small_persistent_staker,8.291186351,False,574,0.0,0.051028562,0,0,0,1,0.0,0.244936167
staker_03522,staker,small_persistent_staker,5.142849971,False,574,0.0,0.041631748,0,0,0,1,0.0,0.049725087
staker_03523,staker,small_persistent_staker,5.099248661,False,574,0.0,0.078135045,0,0,0,1,0.0,0.093280331
staker_03524,staker,small_persistent_staker,17.669460793,False,575,0.0,0.329339148,0,0,0,1,0.0,1.135649328
staker_03525,staker,small_persistent_staker,10.565313185,False,575,0.0,0.063526401,0,0,0,1,0.0,0.312320431
staker_03526,staker,small_persistent_staker,37.868625432,False,575,0.0,1.977068309,0,0,0,1,0.0,5.99426569
staker_03527,staker,small_persistent_staker,30.021522527,False,575,0.0,1.356554759,0,0,0,1,0.0,3.577489563
staker_03528,staker,small_persistent_staker,26.215622377,False,575,0.0,0.372106605,0,0,0,1,0.0,0.601828282
staker_03529,staker,small_persistent_staker,7.535164891,False,575,0.0,0.051427378,0,0,0,1,0.0,0.358698697
staker_03530,staker,small_persistent_staker,16.672245196,False,575,0.0,0.232846103,0,0,0,1,0.0,0.439842433
staker_03531,staker,small_persistent_staker,16.148669737,False,576,0.0,0.283026183,0,0,0,1,0.0,0.369717582
staker_03532,staker,small_persistent_staker,10.158869385,False,576,0.0,0.458755793,0,0,0,1,0.0,1.211421148
staker_03533,staker,small_persistent_staker,23.830557222,False,576,0.0,0.41766113,0,0,0,1,0.0,0.545591441
staker_03534,staker,small_persistent_staker,5.042770032,False,577,0.0,0.02153116,0,0,0,1,0.0,0.119428692
staker_03535,staker,staker_whale,253.214000978,False,577,0.0,42.405138506,2,0,0,1,0.0,35.792579886
staker_03536,staker,small_persistent_staker,23.800394231,False,577,0.0,0.10344372,0,0,0,1,0.0,0.992475143
staker_03537,staker,small_persistent_staker,8.353061969,False,577,0.0,0.067384552,0,0,0,1,0.0,0.143884903
staker_03538,staker,small_persistent_staker,2.399644372,False,577,0.0,-0.018369463,0,0,0,1,0.0,0.057511749
staker_03539,staker,small_persistent_staker,15.210205175,False,577,0.0,0.066827219,0,0,0,1,0.0,0.737666602
staker_03540,staker,small_persistent_staker,4.176938844,False,578,0.0,7.7119e-05,0,0,0,1,0.0,0.158028198
staker_03541,staker,small_persistent_staker,33.407587796,False,578,0.0,0.133912416,0,0,0,1,0.0,0.291307335
staker_03542,staker,small_persistent_staker,11.340753815,False,578,0.0,-0.042154801,0,0,0,1,0.0,0.225463915
staker_03543,staker,small_persistent_staker,13.191645139,False,578,0.0,0.031695274,0,0,0,1,0.0,0.049310817
staker_03544,staker,small_persistent_staker,7.634294051,False,578,0.0,-0.00419764,0,0,0,1,0.0,0.12870655
staker_03545,staker,small_persistent_staker,5.688349009,False,578,0.0,-0.048441763,0,0,0,1,0.0,0.113629948
staker_03546,staker,small_persistent_staker,36.955331396,False,578,0.0,10.359103855,1,0,0,1,0.0,0.526797658
staker_03547,staker,small_persistent_staker,8.795650526,False,579,0.0,0.207127556,0,0,0,1,0.0,0.754580343
staker_03548,staker,small_persistent_staker,10.423775772,False,579,0.0,-0.018631036,0,0,0,1,0.0,0.395240762
staker_03549,staker,small_persistent_staker,16.101644569,False,580,0.0,0.516236784,0,0,0,1,0.0,1.887104464
staker_03550,staker,small_persistent_staker,8.045136225,False,580,0.0,-0.036062999,0,0,0,1,0.0,0.129353545
staker_03551,staker,small_persistent_staker,4.404575866,False,580,0.0,-0.002570031,0,0,0,1,0.0,0.0
staker_03552,staker,small_persistent_staker,3.702359323,False,580,0.0,0.012147826,0,0,0,1,0.0,0.035550554
staker_03553,staker,small_persistent_staker,8.620266608,False,580,0.0,0.177892508,0,0,0,1,0.0,0.589784124
staker_03554,staker,small_persistent_staker,22.58481568,False,581,0.0,0.044162821,0,0,0,1,0.0,0.112570091
staker_03555,staker,small_persistent_staker,9.460977931,False,581,0.0,0.039642592,0,0,0,1,0.0,0.123105705
staker_03556,staker,small_persistent_staker,4.291006136,False,581,0.0,0.151880245,0,0,0,1,0.0,0.473470886
staker_03557,staker,small_persistent_staker,8.406786241,False,581,0.0,-0.01925998,0,0,0,1,0.0,0.286430757
staker_03558,staker,small_persistent_staker,7.172528275,False,581,0.0,-0.016090949,0,0,0,1,0.0,0.293140705
staker_03559,staker,small_persistent_staker,8.575472231,False,581,0.0,-0.007125552,0,0,0,1,0.0,0.0
staker_03560,staker,small_persistent_staker,24.578003596,False,581,0.0,0.446482045,0,0,0,1,0.0,2.023316328
staker_03561,staker,staker_whale,98.617236226,False,582,0.0,-1.382763774,0,0,0,1,0.0,1.6021608
staker_03562,staker,small_persistent_staker,84.509125846,False,582,0.0,1.887940385,0,0,0,1,0.0,6.929800763
staker_03563,staker,small_persistent_staker,5.769150845,False,582,0.0,0.015556975,0,0,0,1,0.0,0.028743919
staker_03564,staker,small_persistent_staker,10.54127457,False,582,0.0,-0.005109777,0,0,0,1,0.0,0.0
staker_03565,staker,small_persistent_staker,21.759304122,False,582,0.0,0.056893819,0,0,0,1,0.0,0.283676875
staker_03566,staker,small_persistent_staker,19.734925139,False,582,0.0,0.08302287,0,0,0,1,0.0,0.189497413
staker_03567,staker,small_persistent_staker,12.828596476,False,583,0.0,-0.019703566,0,0,0,1,0.0,0.205950211
staker_03568,staker,small_persistent_staker,8.939644706,False,583,0.0,0.018713876,0,0,0,1,0.0,0.044588967
staker_03569,staker,small_persistent_staker,15.652498926,False,583,0.0,-0.197791237,0,0,0,1,0.0,0.254070234
staker_03570,staker,small_persistent_staker,5.485594611,False,583,0.0,-0.014334712,0,0,0,1,0.0,0.088160426
staker_03571,staker,small_persistent_staker,4.6776481,False,583,0.0,-0.012065856,0,0,0,1,0.0,0.136452631
staker_03572,staker,small_persistent_staker,12.927112909,False,583,0.0,-0.065691737,0,0,0,1,0.0,0.324280156
staker_03573,staker,small_persistent_staker,3.988237223,False,584,0.0,-0.072509023,0,0,0,1,0.0,0.04457185
staker_03574,staker,small_persistent_staker,18.5407557,False,584,0.0,0.019700084,0,0,0,1,0.0,0.085678615
staker_03575,staker,small_persistent_staker,6.180808991,False,584,0.0,0.0,0,0,0,1,0.0,0.0
staker_03576,staker,small_persistent_staker,26.941006863,False,584,0.0,-0.090343447,0,0,0,1,0.0,1.070862746
staker_03577,staker,small_persistent_staker,5.200494011,False,584,0.0,-0.007088845,0,0,0,1,0.0,0.041864426
staker_03578,staker,staker_whale,107.292307837,True,584,0.0,7.292307837,0,0,0,0,0.0,27.378657559
staker_03579,staker,small_persistent_staker,8.839028204,False,584,0.0,0.240385225,0,0,0,1,0.0,0.850774954
staker_03580,staker,small_persistent_staker,22.932972698,False,584,0.0,0.008319684,0,0,0,1,0.0,0.106049707
staker_03581,staker,small_persistent_staker,6.563957054,False,585,0.0,-0.036956731,0,0,0,1,0.0,0.053102764
staker_03582,staker,small_persistent_staker,6.641136441,False,585,0.0,0.121745147,0,0,0,1,0.0,0.42169243
staker_03583,staker,small_persistent_staker,1.965008707,False,585,0.0,0.004786184,0,0,0,1,0.0,0.009074364
staker_03584,staker,small_persistent_staker,9.922201319,False,585,0.0,-0.079653477,0,0,0,1,0.0,0.109859968
staker_03585,staker,small_persistent_staker,13.140638486,False,585,0.0,-0.103411611,0,0,0,1,0.0,0.382744884
staker_03586,staker,small_persistent_staker,4.192600279,False,585,0.0,-0.02135581,0,0,0,1,0.0,0.121780733
staker_03587,staker,small_persistent_staker,18.036483386,False,585,0.0,-0.258717056,0,0,0,1,0.0,0.20095374
staker_03588,staker,small_persistent_staker,10.492798852,False,585,0.0,-0.01761046,0,0,0,1,0.0,0.084553716
staker_03589,staker,small_persistent_staker,1.668719369,False,585,0.0,-0.002352222,0,0,0,1,0.0,0.007735811
staker_03590,staker,small_persistent_staker,2.740376535,False,585,0.0,-0.004107156,0,0,0,1,0.0,0.0
staker_03591,staker,small_persistent_staker,8.890888239,False,585,0.0,-0.035803654,0,0,0,1,0.0,0.07181309
staker_03592,staker,small_persistent_staker,19.9824195,False,586,0.0,-0.092249401,0,0,0,1,0.0,0.161569062
staker_03593,staker,small_persistent_staker,100.806863896,False,586,0.0,0.806863896,0,0,0,1,0.0,5.080148574
staker_03594,staker,small_persistent_staker,22.480899208,False,586,0.0,-0.27771944,0,0,0,1,0.0,0.250093015
staker_03595,staker,small_persistent_staker,6.929838429,False,587,0.0,-0.018043223,0,0,0,1,0.0,0.201010628
staker_03596,staker,small_persistent_staker,9.811743912,False,587,0.0,0.0,0,0,0,1,0.0,0.0
staker_03597,staker,small_persistent_staker,2.717597425,False,587,0.0,-0.039255464,0,0,0,1,0.0,0.030314509
staker_03598,staker,small_persistent_staker,6.425468614,False,587,0.0,0.009300557,0,0,0,1,0.0,0.051673375
staker_03599,staker,small_persistent_staker,9.817691387,False,587,0.0,0.001464047,0,0,0,1,0.0,0.045491835
staker_03600,staker,small_persistent_staker,9.07931435,False,587,0.0,0.159345335,0,0,0,1,0.0,0.538905888
staker_03601,staker,small_persistent_staker,5.752228426,False,587,0.0,-0.033234192,0,0,0,1,0.0,0.138974244
staker_03602,staker,small_persistent_staker,15.830087976,False,587,0.0,-0.165200569,0,0,0,1,0.0,0.175885092
staker_03603,staker,small_persistent_staker,2.961819658,False,588,0.0,-0.007623599,0,0,0,1,0.0,0.085943696
staker_03604,staker,small_persistent_staker,3.818980087,False,588,0.0,-0.03173345,0,0,0,1,0.0,0.076647029
staker_03605,staker,small_persistent_staker,14.287597426,False,588,0.0,0.011935122,0,0,0,1,0.0,0.115016395
staker_03606,staker,small_persistent_staker,38.701290114,False,588,0.0,-0.209461192,0,0,0,1,0.0,0.428034674
staker_03607,staker,small_persistent_staker,28.55565975,False,589,0.0,1.185832853,0,0,0,1,0.0,4.009625556
staker_03608,staker,small_persistent_staker,2.823921477,False,589,0.0,-0.007233199,0,0,0,1,0.0,0.031165466
staker_03609,staker,small_persistent_staker,8.240112436,False,589,0.0,0.008295131,0,0,0,1,0.0,0.066368178
staker_03610,staker,small_persistent_staker,43.391978161,False,589,0.0,1.050088926,0,0,0,1,0.0,3.020469944
staker_03611,staker,small_persistent_staker,19.7593184,False,589,0.0,-0.056769422,0,0,0,1,0.0,0.159765164
staker_03612,staker,small_persistent_staker,9.651346998,False,589,0.0,0.017890933,0,0,0,1,0.0,0.077668746
staker_03613,staker,small_persistent_staker,100.100769135,False,589,0.0,0.100769135,0,0,0,1,0.0,0.806239687
staker_03614,staker,small_persistent_staker,2.653431255,False,590,0.0,-0.005375524,0,0,0,1,0.0,0.0
staker_03615,staker,small_persistent_staker,5.705716332,False,590,0.0,-0.013303731,0,0,0,1,0.0,0.0
staker_03616,staker,small_persistent_staker,20.640081288,False,590,0.0,-0.105247069,0,0,0,1,0.0,0.724609404
staker_03617,staker,small_persistent_staker,7.29713856,False,590,0.0,-0.024781073,0,0,0,1,0.0,0.0
staker_03618,staker,small_persistent_staker,11.224290259,False,591,0.0,-0.133141831,0,0,0,1,0.0,0.275160743
staker_03619,staker,small_persistent_staker,2.746397633,False,591,0.0,-0.002801075,0,0,0,1,0.0,0.009373366
staker_03620,staker,small_persistent_staker,9.352076204,False,591,0.0,0.154348638,0,0,0,1,0.0,0.636667688
staker_03621,staker,small_persistent_staker,6.226565587,False,591,0.0,-0.039548287,0,0,0,1,0.0,0.021364254
staker_03622,staker,small_persistent_staker,5.607482134,False,592,0.0,-0.042254208,0,0,0,1,0.0,0.109294321
staker_03623,staker,small_persistent_staker,23.809672086,False,592,0.0,-0.216668031,0,0,0,1,0.0,0.152518137
staker_03624,staker,staker_whale,207.999685078,False,592,0.0,-0.134878091,0,0,0,1,0.0,0.0
staker_03625,staker,small_persistent_staker,57.50743601,False,593,0.0,-0.760969602,0,0,0,1,0.0,0.370125097
staker_03626,staker,small_persistent_staker,8.6562868,False,593,0.0,0.204655159,0,0,0,1,0.0,0.562222473
staker_03627,staker,small_persistent_staker,32.457371187,False,594,0.0,-0.034465614,0,0,0,1,0.0,0.0
staker_03628,staker,small_persistent_staker,90.669628159,False,594,0.0,-0.849559077,0,0,0,1,0.0,0.581513848
staker_03629,staker,small_persistent_staker,4.768291324,False,594,0.0,-0.073044141,0,0,0,1,0.0,0.030761895
staker_03630,staker,small_persistent_staker,5.84802905,False,594,0.0,-0.004514541,0,0,0,1,0.0,0.019987214
staker_03631,staker,small_persistent_staker,13.571168742,False,594,0.0,-0.238576512,0,0,0,1,0.0,0.087747262
staker_03632,staker,small_persistent_staker,16.513666636,False,594,0.0,-0.048649957,0,0,0,1,0.0,0.056562511
staker_03633,staker,small_persistent_staker,11.267778566,False,594,0.0,-0.037874392,0,0,0,1,0.0,0.274359575
staker_03634,staker,small_persistent_staker,1.869057194,False,594,0.0,0.045195641,0,0,0,1,0.0,0.162925985
staker_03635,staker,small_persistent_staker,30.566960278,False,595,0.0,0.654291553,0,0,0,1,0.0,1.99180231
staker_03636,staker,small_persistent_staker,9.816572661,False,595,0.0,0.012793266,0,0,0,1,0.0,0.033503645
staker_03637,staker,small_persistent_staker,3.209493331,False,595,0.0,-0.014471361,0,0,0,1,0.0,0.011017646
staker_03638,staker,small_persistent_staker,3.50167632,False,595,0.0,0.08430441,0,0,0,1,0.0,0.227553393
staker_03639,staker,small_persistent_staker,13.935064607,False,595,0.0,-0.05848229,0,0,0,1,0.0,0.088974721
staker_03640,staker,small_persistent_staker,21.002805758,False,595,0.0,-0.094700051,0,0,0,1,0.0,0.072099066
staker_03641,staker,small_persistent_staker,3.756552665,False,595,0.0,-0.024663456,0,0,0,1,0.0,0.012922009
staker_03642,staker,small_persistent_staker,3.310258321,False,595,0.0,-0.024705559,0,0,0,1,0.0,0.021204594
staker_03643,staker,small_persistent_staker,11.445285821,False,595,0.0,-0.193405148,0,0,0,1,0.0,0.074001916
staker_03644,staker,small_persistent_staker,9.038367885,False,596,0.0,0.271051484,0,0,0,1,0.0,0.828273314
staker_03645,staker,small_persistent_staker,98.591876541,False,596,0.0,-0.357207866,0,0,0,1,0.0,0.338283101
staker_03646,staker,small_persistent_staker,14.922506548,False,596,0.0,-0.212522284,0,0,0,1,0.0,0.096270246
staker_03647,staker,small_persistent_staker,29.47715546,False,596,0.0,-0.073509262,0,0,0,1,0.0,0.101026609
staker_03648,staker,small_persistent_staker,5.260524672,False,596,0.0,-0.027655905,0,0,0,1,0.0,0.033636833
staker_03649,staker,staker_whale,102.274079234,False,597,0.0,2.274079234,0,0,0,1,0.0,6.664377009
staker_03650,staker,small_persistent_staker,53.509161118,False,597,0.0,-0.737264658,0,0,0,1,0.0,0.345206087
staker_03651,staker,small_persistent_staker,5.928168704,False,597,0.0,0.0,0,0,0,1,0.0,0.0
staker_03652,staker,staker_whale,99.873455024,False,597,0.0,-0.126544976,0,0,0,1,0.0,0.0
staker_03653,staker,small_persistent_staker,6.49428423,False,597,0.0,-0.001742822,0,0,0,1,0.0,0.022218505
staker_03654,staker,small_persistent_staker,6.499758173,False,598,0.0,0.243336484,0,0,0,1,0.0,0.82610015
staker_03655,staker,small_persistent_staker,1.083260519,False,598,0.0,-0.00531657,0,0,0,1,0.0,0.006931434
staker_03656,staker,small_persistent_staker,4.679759349,False,598,0.0,0.007784453,0,0,0,1,0.0,0.015989102
staker_03657,staker,small_persistent_staker,5.971517862,False,598,0.0,0.183255503,0,0,0,1,0.0,0.547406878
staker_03658,staker,small_persistent_staker,2.195363855,False,598,0.0,0.074097038,0,0,0,1,0.0,0.236204287
staker_03659,staker,small_persistent_staker,16.630040614,False,599,0.0,-0.062799036,0,0,0,1,0.0,0.324132821
staker_03660,staker,small_persistent_staker,5.527112598,False,599,0.0,-0.023376132,0,0,0,1,0.0,0.035366206
staker_03661,staker,small_persistent_staker,3.671344474,False,599,0.0,0.087879825,0,0,0,1,0.0,0.265707228
staker_03662,staker,small_persistent_staker,18.108166541,False,599,0.0,0.0,0,0,0,1,0.0,0.0
staker_03663,staker,small_persistent_staker,12.721053571,False,599,0.0,0.248298358,0,0,0,1,0.0,0.6968428
staker_03664,staker,small_persistent_staker,10.373912695,False,599,0.0,-0.080051613,0,0,0,1,0.0,0.066609819
staker_03665,staker,small_persistent_staker,2.502342409,False,599,0.0,0.0,0,0,0,1,0.0,0.0
staker_03666,staker,small_persistent_staker,3.541341798,False,600,0.0,0.238295445,0,0,0,1,0.0,0.807084197
staker_03667,staker,small_persistent_staker,8.294343302,False,600,0.0,-0.054625047,0,0,0,1,0.0,0.024521038
staker_03668,staker,small_persistent_staker,13.898758598,False,600,0.0,0.250701388,0,0,0,1,0.0,0.899103134
staker_03669,staker,small_persistent_staker,89.30537889,False,600,0.0,1.405347043,0,0,0,1,0.0,4.594143347
staker_03670,staker,small_persistent_staker,31.169833246,False,600,0.0,-0.553023915,0,0,0,1,0.0,0.093170478
staker_03671,staker,small_persistent_staker,25.473716844,False,601,0.0,0.781038766,0,0,0,1,0.0,2.658789225
staker_03672,staker,small_persistent_staker,11.246486956,False,601,0.0,-0.073954897,0,0,0,1,0.0,0.0
staker_03673,staker,small_persistent_staker,6.612176865,False,601,0.0,-0.070524698,0,0,0,1,0.0,0.079029424
staker_03674,staker,small_persistent_staker,6.946872447,False,601,0.0,-0.042443585,0,0,0,1,0.0,0.145708872
staker_03675,staker,small_persistent_staker,16.434912924,False,602,0.0,-0.005381443,0,0,0,1,0.0,0.0
staker_03676,staker,small_persistent_staker,4.239942579,False,602,0.0,-0.013196895,0,0,0,1,0.0,0.0
staker_03677,staker,small_persistent_staker,27.42644677,False,602,0.0,0.623369105,0,0,0,1,0.0,1.692763889
staker_03678,staker,small_persistent_staker,10.293684373,False,602,0.0,0.0,0,0,0,1,0.0,0.0
staker_03679,staker,small_persistent_staker,6.983695077,False,602,0.0,-0.122512163,0,0,0,1,0.0,0.020893552
staker_03680,staker,small_persistent_staker,15.571272201,False,602,0.0,-0.207675646,0,0,0,1,0.0,0.110748968
staker_03681,staker,small_persistent_staker,3.956603324,False,602,0.0,-0.015118465,0,0,0,1,0.0,0.01167759
staker_03682,staker,small_persistent_staker,3.981547287,False,602,0.0,0.094980878,0,0,0,1,0.0,0.245458352
staker_03683,staker,small_persistent_staker,68.414130295,False,602,0.0,-0.091899458,0,0,0,1,0.0,0.0
staker_03684,staker,small_persistent_staker,44.304618844,False,602,0.0,-0.260919672,0,0,0,1,0.0,0.0
staker_03685,staker,small_persistent_staker,27.25615667,False,603,0.0,-0.444614852,0,0,0,1,0.0,0.081472016
staker_03686,staker,small_persistent_staker,4.633687318,False,603,0.0,-0.012900955,0,0,0,1,0.0,0.0
staker_03687,staker,small_persistent_staker,4.949427804,False,603,0.0,-0.029563214,0,0,0,1,0.0,0.103903741
staker_03688,staker,small_persistent_staker,9.82373679,False,603,0.0,0.413124496,0,0,0,1,0.0,1.300774835
staker_03689,staker,small_persistent_staker,15.912569461,False,603,0.0,0.229016716,0,0,0,1,0.0,1.106964972
staker_03690,staker,small_persistent_staker,5.568550704,False,603,0.0,-0.045947088,0,0,0,1,0.0,0.117165771
staker_03691,staker,small_persistent_staker,3.759491649,False,603,0.0,-0.023507444,0,0,0,1,0.0,0.011126353
staker_03692,staker,small_persistent_staker,9.536855968,False,604,0.0,-0.042357801,0,0,0,1,0.0,0.0
staker_03693,staker,small_persistent_staker,13.177837312,False,604,0.0,-0.141703507,0,0,0,1,0.0,0.278102764
staker_03694,staker,small_persistent_staker,15.066639184,False,604,0.0,-0.139143239,0,0,0,1,0.0,0.317486179
staker_03695,staker,small_persistent_staker,6.000632149,False,604,0.0,-0.035637019,0,0,0,1,0.0,0.0
staker_03696,staker,small_persistent_staker,11.232104936,False,604,0.0,0.236926831,0,0,0,1,0.0,0.694996127
staker_03697,staker,small_persistent_staker,4.407635901,False,604,0.0,-0.032670146,0,0,0,1,0.0,0.013066393
staker_03698,staker,small_persistent_staker,6.269625537,False,606,0.0,-0.032513985,0,0,0,1,0.0,0.131709219
staker_03699,staker,small_persistent_staker,12.18400441,False,606,0.0,-0.076599883,0,0,0,1,0.0,0.256235935
staker_03700,staker,staker_whale,346.052272835,False,606,0.0,28.511842507,1,0,0,1,0.0,33.704336905
staker_03701,staker,small_persistent_staker,79.574924254,False,607,0.0,-0.620487964,0,0,0,1,0.0,0.95140894
staker_03702,staker,small_persistent_staker,27.989328925,False,607,0.0,-0.208724924,0,0,0,1,0.0,0.334531363
staker_03703,staker,small_persistent_staker,29.279575887,False,607,0.0,-0.275070338,0,0,0,1,0.0,0.087113366
staker_03704,staker,small_persistent_staker,12.734381714,False,607,0.0,-0.137652716,0,0,0,1,0.0,0.090571895
staker_03705,staker,small_persistent_staker,7.778455042,False,607,0.0,-0.026203604,0,0,0,1,0.0,0.023004508
staker_03706,staker,small_persistent_staker,8.153253442,False,607,0.0,-0.013761962,0,0,0,1,0.0,0.17080306
staker_03707,staker,small_persistent_staker,6.552402235,False,607,0.0,-0.056664221,0,0,0,1,0.0,0.138220478
staker_03708,staker,small_persistent_staker,6.876126711,False,607,0.0,-0.005978295,0,0,0,1,0.0,0.143930743
staker_03709,staker,small_persistent_staker,5.043770409,False,608,0.0,0.117534895,0,0,0,1,0.0,0.31208762
staker_03710,staker,small_persistent_staker,6.742582131,False,608,0.0,-0.018586651,0,0,0,1,0.0,0.01994095
staker_03711,staker,small_persistent_staker,8.84312066,False,608,0.0,-0.034573102,0,0,0,1,0.0,0.026183291
staker_03712,staker,small_persistent_staker,10.541446951,False,608,0.0,-0.036463167,0,0,0,1,0.0,0.031197798
staker_03713,staker,small_persistent_staker,27.78478862,False,609,0.0,-0.358602521,0,0,0,1,0.0,0.083052162
staker_03714,staker,small_persistent_staker,8.351345261,False,609,0.0,0.375124707,0,0,0,1,0.0,1.106214427
staker_03715,staker,small_persistent_staker,6.194334569,False,609,0.0,-0.01784288,0,0,0,1,0.0,0.01833236
staker_03716,staker,small_persistent_staker,15.40249435,False,609,0.0,-0.187870366,0,0,0,1,0.0,0.046007728
staker_03717,staker,small_persistent_staker,34.761989276,False,609,0.0,-0.076127824,0,0,0,1,0.0,0.0
staker_03718,staker,small_persistent_staker,9.322896797,False,609,0.0,-0.059322543,0,0,0,1,0.0,0.027687268
staker_03719,staker,small_persistent_staker,10.331089688,False,609,0.0,-0.142574155,0,0,0,1,0.0,0.03090816
staker_03720,staker,small_persistent_staker,13.012827462,False,610,0.0,0.343866946,0,0,0,1,0.0,0.839047718
staker_03721,staker,small_persistent_staker,3.19343125,False,610,0.0,-0.022157069,0,0,0,1,0.0,0.00949453
staker_03722,staker,small_persistent_staker,2.002358886,False,610,0.0,-0.01842895,0,0,0,1,0.0,0.005966694
staker_03723,staker,small_persistent_staker,20.128582,False,610,0.0,-0.093782445,0,0,0,1,0.0,0.05970971
staker_03724,staker,staker_whale,126.045755562,False,610,0.0,5.406459987,0,0,0,1,0.0,21.280343076
staker_03725,staker,small_persistent_staker,10.732602441,False,610,0.0,-0.017399977,0,0,0,1,0.0,0.225213715
staker_03726,staker,small_persistent_staker,19.178708748,False,610,0.0,-0.236862807,0,0,0,1,0.0,0.057327527
staker_03727,staker,small_persistent_staker,12.957175915,False,610,0.0,-0.049732181,0,0,0,1,0.0,0.272496133
staker_03728,staker,small_persistent_staker,1.228313706,False,611,0.0,-0.002216371,0,0,0,1,0.0,0.01972662
staker_03729,staker,small_persistent_staker,6.459173785,False,611,0.0,0.141155178,0,0,0,1,0.0,0.332136469
staker_03730,staker,small_persistent_staker,13.565377822,False,611,0.0,0.376785204,0,0,0,1,0.0,0.836877598
staker_03731,staker,small_persistent_staker,11.825311178,False,611,0.0,-0.049266586,0,0,0,1,0.0,0.03507877
staker_03732,staker,small_persistent_staker,7.0904922,False,611,0.0,0.239229692,0,0,0,1,0.0,0.769350468
staker_03733,staker,small_persistent_staker,2.316491831,False,612,0.0,-0.001329048,0,0,0,1,0.0,0.048609434
staker_03734,staker,small_persistent_staker,9.731335542,False,612,0.0,-0.109882218,0,0,0,1,0.0,0.029088163
staker_03735,staker,small_persistent_staker,62.994806597,False,612,0.0,1.758638542,0,0,0,1,0.0,4.343584655
staker_03736,staker,small_persistent_staker,9.183018573,False,612,0.0,0.333800039,0,0,0,1,0.0,0.859331754
staker_03737,staker,small_persistent_staker,13.582617282,False,612,0.0,-0.103549505,0,0,0,1,0.0,0.040452864
staker_03738,staker,small_persistent_staker,6.137309422,False,613,0.0,0.155991361,0,0,0,1,0.0,0.396783967
staker_03739,staker,small_persistent_staker,6.338851124,False,613,0.0,-0.027906295,0,0,0,1,0.0,0.075788192
staker_03740,staker,small_persistent_staker,15.438483244,False,613,0.0,0.038632371,0,0,0,1,0.0,0.323157565
staker_03741,staker,small_persistent_staker,4.245665421,False,613,0.0,-0.002334419,0,0,0,1,0.0,0.0
staker_03742,staker,small_persistent_staker,6.385478306,False,613,0.0,0.010769856,0,0,0,1,0.0,0.133769819
staker_03743,staker,small_persistent_staker,8.77086461,False,614,0.0,0.229933028,0,0,0,1,0.0,0.487020869
staker_03744,staker,small_persistent_staker,1.610571347,False,614,0.0,0.000223784,0,0,0,1,0.0,0.033810855
staker_03745,staker,small_persistent_staker,18.738975625,False,615,0.0,-0.12181103,0,0,0,1,0.0,0.133278911
staker_03746,staker,small_persistent_staker,13.020400374,False,615,0.0,-0.093273036,0,0,0,1,0.0,0.038818501
staker_03747,staker,small_persistent_staker,6.886716319,False,615,0.0,-0.038859292,0,0,0,1,0.0,0.020500775
staker_03748,staker,small_persistent_staker,40.007328627,False,616,0.0,-0.231443909,0,0,0,1,0.0,0.0
staker_03749,staker,small_persistent_staker,18.090608661,False,616,0.0,-0.218288643,0,0,0,1,0.0,0.0
staker_03750,staker,small_persistent_staker,4.532482954,False,616,0.0,0.108241118,0,0,0,1,0.0,0.300301387
staker_03751,staker,small_persistent_staker,36.271110561,False,616,0.0,-0.19753019,0,0,0,1,0.0,0.65606712
staker_03752,staker,small_persistent_staker,4.869111566,False,616,0.0,-0.035646632,0,0,0,1,0.0,0.088236099
staker_03753,staker,small_persistent_staker,138.163104989,False,616,0.0,38.897669276,1,0,0,1,0.0,7.390740406
staker_03754,staker,small_persistent_staker,10.772927411,False,616,0.0,-0.054737118,0,0,0,1,0.0,0.0
staker_03755,staker,small_persistent_staker,42.489371461,False,617,0.0,-0.441821683,0,0,0,1,0.0,0.0
staker_03756,staker,small_persistent_staker,14.816565687,False,617,0.0,-0.037921873,0,0,0,1,0.0,0.267391041
staker_03757,staker,small_persistent_staker,8.813635306,False,617,0.0,0.286281592,0,0,0,1,0.0,0.754220941
staker_03758,staker,small_persistent_staker,10.319993825,False,618,0.0,0.252981011,0,0,0,1,0.0,0.684117558
staker_03759,staker,small_persistent_staker,9.547888227,False,618,0.0,-0.014991154,0,0,0,1,0.0,0.0
staker_03760,staker,small_persistent_staker,4.700617318,False,618,0.0,-0.018321203,0,0,0,1,0.0,0.0
staker_03761,staker,small_persistent_staker,19.026353196,False,618,0.0,-0.081092898,0,0,0,1,0.0,0.344146196
staker_03762,staker,small_persistent_staker,3.221467295,False,619,0.0,0.080521567,0,0,0,1,0.0,0.21355268
staker_03763,staker,staker_whale,215.702895811,False,619,0.0,30.021734289,1,0,0,1,0.0,32.415872776
staker_03764,staker,small_persistent_staker,6.578623079,False,619,0.0,-0.02238021,0,0,0,1,0.0,0.0
staker_03765,staker,small_persistent_staker,13.466593719,False,620,0.0,0.525406758,0,0,0,1,0.0,1.558295498
staker_03766,staker,small_persistent_staker,11.690631376,False,620,0.0,-0.019232285,0,0,0,1,0.0,0.21109085
staker_03767,staker,small_persistent_staker,37.096770583,False,620,0.0,-0.154897785,0,0,0,1,0.0,0.0
staker_03768,staker,small_persistent_staker,13.84398697,False,621,0.0,0.388288143,0,0,0,1,0.0,0.915836029
staker_03769,staker,small_persistent_staker,15.205576249,False,621,0.0,-0.112125218,0,0,0,1,0.0,0.0
staker_03770,staker,small_persistent_staker,26.00341427,False,621,0.0,-0.137855489,0,0,0,1,0.0,0.0
staker_03771,staker,small_persistent_staker,8.422745142,False,621,0.0,-0.062108934,0,0,0,1,0.0,0.0
staker_03772,staker,small_persistent_staker,34.132042437,False,621,0.0,15.67167351,1,0,0,1,0.0,3.320224296
staker_03773,staker,small_persistent_staker,28.417989397,False,621,0.0,-0.118659483,0,0,0,1,0.0,0.0
staker_03774,staker,small_persistent_staker,4.104733394,False,621,0.0,-0.018872444,0,0,0,1,0.0,0.0
staker_03775,staker,small_persistent_staker,10.367898494,False,621,0.0,0.290792823,0,0,0,1,0.0,0.685878642
staker_03776,staker,small_persistent_staker,11.859686194,False,622,0.0,0.010671658,0,0,0,1,0.0,0.155302735
staker_03777,staker,staker_whale,327.172967299,False,622,0.0,7.383394336,0,0,0,1,0.0,21.775630073
staker_03778,staker,small_persistent_staker,23.682214588,False,622,0.0,-0.209282854,0,0,0,1,0.0,0.0
staker_03779,staker,staker_whale,105.091228893,False,623,0.0,4.621403695,0,0,0,1,0.0,13.691916568
staker_03780,staker,small_persistent_staker,39.41941701,False,623,0.0,-0.187099691,0,0,0,1,0.0,0.0
staker_03781,staker,small_persistent_staker,19.209621886,False,623,0.0,0.759322912,0,0,0,1,0.0,1.948620276
staker_03782,staker,small_persistent_staker,14.215094494,False,623,0.0,-0.067470297,0,0,0,1,0.0,0.0
staker_03783,staker,small_persistent_staker,30.174612141,False,623,0.0,-0.246829906,0,0,0,1,0.0,0.0
staker_03784,staker,small_persistent_staker,15.594961094,False,623,0.0,0.422843321,0,0,0,1,0.0,1.033797779
staker_03785,staker,staker_whale,103.032853847,False,623,0.0,3.032853847,0,0,0,1,0.0,6.813800119
staker_03786,staker,small_persistent_staker,12.732490243,False,623,0.0,0.331752074,0,0,0,1,0.0,0.787362767
staker_03787,staker,small_persistent_staker,15.442889132,False,624,0.0,0.384663599,0,0,0,1,0.0,1.026624341
staker_03788,staker,small_persistent_staker,79.224173562,False,624,0.0,-0.134316233,0,0,0,1,0.0,0.711638084
staker_03789,staker,small_persistent_staker,4.635649102,False,624,0.0,0.121450008,0,0,0,1,0.0,0.244493002
staker_03790,staker,small_persistent_staker,76.785303622,False,624,0.0,24.968641332,1,0,0,1,0.0,5.244014752
staker_03791,staker,small_persistent_staker,9.022763206,False,624,0.0,0.27432429,0,0,0,1,0.0,0.531145732
staker_03792,staker,small_persistent_staker,5.153879644,False,625,0.0,-0.015310467,0,0,0,1,0.0,0.0
staker_03793,staker,small_persistent_staker,1.401037149,False,625,0.0,0.040794588,0,0,0,1,0.0,0.073719751
staker_03794,staker,small_persistent_staker,28.808381055,False,625,0.0,1.093940283,0,0,0,1,0.0,2.462243528
staker_03795,staker,small_persistent_staker,2.669162403,False,626,0.0,0.000384342,0,0,0,1,0.0,0.023964266
staker_03796,staker,small_persistent_staker,26.157291891,False,626,0.0,0.829233979,0,0,0,1,0.0,1.729121621
staker_03797,staker,small_persistent_staker,3.354507526,False,626,0.0,0.01805969,0,0,0,1,0.0,0.060369587
staker_03798,staker,small_persistent_staker,4.207639064,False,626,0.0,0.175005083,0,0,0,1,0.0,0.487394705
staker_03799,staker,small_persistent_staker,3.286797837,False,627,0.0,-0.00230237,0,0,0,1,0.0,0.0
staker_03800,staker,small_persistent_staker,1.444764693,False,627,0.0,0.041728902,0,0,0,1,0.0,0.089294287
staker_03801,staker,small_persistent_staker,36.214724878,False,627,0.0,1.019209898,0,0,0,1,0.0,2.239970242
staker_03802,staker,small_persistent_staker,14.230981342,False,627,0.0,0.65342541,0,0,0,1,0.0,1.437384635
staker_03803,staker,small_persistent_staker,12.613210246,False,628,0.0,-0.021066503,0,0,0,1,0.0,0.0
staker_03804,staker,small_persistent_staker,12.74330372,False,628,0.0,-0.005358119,0,0,0,1,0.0,0.0
staker_03805,staker,small_persistent_staker,12.561364594,False,628,0.0,0.499275397,0,0,0,1,0.0,1.073615994
staker_03806,staker,small_persistent_staker,22.823517233,False,628,0.0,-0.092181059,0,0,0,1,0.0,0.0
staker_03807,staker,small_persistent_staker,3.866179145,False,629,0.0,0.017823581,0,0,0,1,0.0,0.050648815
staker_03808,staker,small_persistent_staker,4.605882303,False,629,0.0,-0.01036178,0,0,0,1,0.0,0.0
staker_03809,staker,small_persistent_staker,2.789442697,False,629,0.0,0.052678981,0,0,0,1,0.0,0.110165936
staker_03810,staker,small_persistent_staker,4.779314552,False,630,0.0,0.150479222,0,0,0,1,0.0,0.251609749
staker_03811,staker,small_persistent_staker,6.818228968,False,630,0.0,-0.035097902,0,0,0,1,0.0,0.0
staker_03812,staker,small_persistent_staker,2.687404824,False,630,0.0,0.00081726,0,0,0,1,0.0,0.048721313
staker_03813,staker,staker_whale,105.174690108,False,630,0.0,3.556005697,0,0,0,1,0.0,6.479168661
staker_03814,staker,small_persistent_staker,1.861013437,False,630,0.0,0.007028329,0,0,0,1,0.0,0.033622053
staker_03815,staker,small_persistent_staker,1.658701004,False,630,0.0,0.015740886,0,0,0,1,0.0,0.047663358
staker_03816,staker,small_persistent_staker,99.914777406,False,631,0.0,-0.085222594,0,0,0,1,0.0,0.412947132
staker_03817,staker,small_persistent_staker,2.628985658,False,631,0.0,0.137577946,0,0,0,1,0.0,0.329232007
staker_03818,staker,small_persistent_staker,35.337348104,False,631,0.0,-0.120763542,0,0,0,1,0.0,0.0
staker_03819,staker,small_persistent_staker,25.733298629,False,632,0.0,-0.026595381,0,0,0,1,0.0,0.0
staker_03820,staker,small_persistent_staker,5.154587457,False,632,0.0,0.041729054,0,0,0,1,0.0,0.092817006
staker_03821,staker,small_persistent_staker,10.291923681,False,633,0.0,0.030142689,0,0,0,1,0.0,0.18638568
staker_03822,staker,small_persistent_staker,25.66439081,False,633,0.0,1.127311998,0,0,0,1,0.0,2.438715601
staker_03823,staker,small_persistent_staker,2.669140572,False,633,0.0,0.019375774,0,0,0,1,0.0,0.034952428
staker_03824,staker,small_persistent_staker,27.577938614,False,633,0.0,0.004030074,0,0,0,1,0.0,0.113979443
staker_03825,staker,small_persistent_staker,5.157238112,False,633,0.0,0.031710405,0,0,0,1,0.0,0.067609638
staker_03826,staker,small_persistent_staker,34.814761683,False,633,0.0,0.222980407,0,0,0,1,0.0,0.628293733
staker_03827,staker,staker_whale,265.733451798,False,633,0.0,35.125283315,2,0,0,1,0.0,14.873628542
staker_03828,staker,small_persistent_staker,10.65865645,False,633,0.0,-0.033233516,0,0,0,1,0.0,0.0
staker_03829,staker,small_persistent_staker,53.098092108,False,633,0.0,2.875130502,0,0,0,1,0.0,6.883686972
staker_03830,staker,small_persistent_staker,36.279148729,False,633,0.0,1.620966361,0,0,0,1,0.0,3.289741932
staker_03831,staker,small_persistent_staker,11.939400693,False,634,0.0,0.055540151,0,0,0,1,0.0,0.215958323
staker_03832,staker,small_persistent_staker,17.095963743,False,634,0.0,0.04036061,0,0,0,1,0.0,0.309941323
staker_03833,staker,small_persistent_staker,15.859699486,False,634,0.0,0.89054073,0,0,0,1,0.0,2.951399606
staker_03834,staker,small_persistent_staker,6.398394402,False,634,0.0,0.07975684,0,0,0,1,0.0,0.183685753
staker_03835,staker,small_persistent_staker,5.801800209,False,634,0.0,-0.011035849,0,0,0,1,0.0,0.0
staker_03836,staker,small_persistent_staker,9.744156239,False,634,0.0,0.36381924,0,0,0,1,0.0,0.572751187
staker_03837,staker,small_persistent_staker,8.33209899,False,634,0.0,0.0,0,0,0,1,0.0,0.0
staker_03838,staker,small_persistent_staker,12.281400144,False,635,0.0,0.103929625,0,0,0,1,0.0,0.221392244
staker_03839,staker,small_persistent_staker,8.603844089,False,635,0.0,0.31436718,0,0,0,1,0.0,0.529858827
staker_03840,staker,small_persistent_staker,8.689843771,False,635,0.0,0.033736325,0,0,0,1,0.0,0.157372178
staker_03841,staker,small_persistent_staker,9.757701693,False,635,0.0,0.086874533,0,0,0,1,0.0,0.175820268
staker_03842,staker,small_persistent_staker,41.295634809,False,635,0.0,0.177633421,0,0,0,1,0.0,0.747544952
staker_03843,staker,small_persistent_staker,11.684022476,False,635,0.0,0.045360537,0,0,0,1,0.0,0.211596447
staker_03844,staker,small_persistent_staker,7.222695111,False,635,0.0,0.298743373,0,0,0,1,0.0,0.764382651
staker_03845,staker,staker_whale,135.925331285,False,635,0.0,4.244314659,0,0,0,1,0.0,6.596638655
staker_03846,staker,small_persistent_staker,22.081872782,False,635,0.0,0.755721474,0,0,0,1,0.0,1.302725634
staker_03847,staker,small_persistent_staker,3.79184257,False,635,0.0,-0.002867279,0,0,0,1,0.0,0.0
staker_03848,staker,small_persistent_staker,36.964852294,False,635,0.0,0.403850657,0,0,0,1,0.0,0.664696515
staker_03849,staker,small_persistent_staker,7.321430163,False,636,0.0,0.245021292,0,0,0,1,0.0,0.452504058
staker_03850,staker,small_persistent_staker,15.958950198,False,636,0.0,0.522344265,0,0,0,1,0.0,0.987100514
staker_03851,staker,small_persistent_staker,7.441235337,False,637,0.0,0.062398289,0,0,0,1,0.0,0.134252231
staker_03852,staker,small_persistent_staker,7.869191499,False,637,0.0,0.248191922,0,0,0,1,0.0,0.382067185
staker_03853,staker,small_persistent_staker,33.768143902,False,637,0.0,0.381902818,0,0,0,1,0.0,0.607436827
staker_03854,staker,small_persistent_staker,31.935441142,False,637,0.0,-0.022370468,0,0,0,1,0.0,0.0
staker_03855,staker,small_persistent_staker,17.833298766,False,637,0.0,0.552114498,0,0,0,1,0.0,1.186306413
staker_03856,staker,small_persistent_staker,25.483835979,False,637,0.0,0.247169525,0,0,0,1,0.0,0.632456054
staker_03857,staker,small_persistent_staker,15.825454438,False,638,0.0,0.143688869,0,0,0,1,0.0,0.285517454
staker_03858,staker,small_persistent_staker,4.207562511,False,638,0.0,-0.00494533,0,0,0,1,0.0,0.0
staker_03859,staker,small_persistent_staker,0.780985766,False,638,0.0,0.030985766,0,0,0,1,0.0,0.045881132
staker_03860,staker,small_persistent_staker,14.173150974,False,638,0.0,0.060304996,0,0,0,1,0.0,0.25695218
staker_03861,staker,small_persistent_staker,6.196528216,False,638,0.0,0.083060457,0,0,0,1,0.0,0.178059422
staker_03862,staker,small_persistent_staker,41.597650696,False,638,0.0,0.106313644,0,0,0,1,0.0,0.171922823
staker_03863,staker,small_persistent_staker,3.654239584,False,639,0.0,0.040335677,0,0,0,1,0.0,0.065844335
staker_03864,staker,small_persistent_staker,11.097834984,False,639,0.0,0.071539885,0,0,0,1,0.0,0.200896065
staker_03865,staker,small_persistent_staker,7.050133974,False,639,0.0,0.022940937,0,0,0,1,0.0,0.029138158
staker_03866,staker,small_persistent_staker,11.000106842,False,639,0.0,0.134736832,0,0,0,1,0.0,0.197964054
staker_03867,staker,small_persistent_staker,16.753310053,False,639,0.0,0.236137417,0,0,0,1,0.0,0.481412269
staker_03868,staker,small_persistent_staker,25.958520162,False,639,0.0,0.329497758,0,0,0,1,0.0,0.466953741
staker_03869,staker,small_persistent_staker,19.356688758,False,639,0.0,0.062986118,0,0,0,1,0.0,0.08000107
staker_03870,staker,small_persistent_staker,14.399025117,False,640,0.0,0.795085999,0,0,0,1,0.0,1.805983253
staker_03871,staker,small_persistent_staker,1.183479309,False,640,0.0,0.041530569,0,0,0,1,0.0,0.073185019
staker_03872,staker,small_persistent_staker,42.04849811,False,640,0.0,2.003414845,0,0,0,1,0.0,4.657002384
staker_03873,staker,small_persistent_staker,12.014956408,False,640,0.0,0.119704327,0,0,0,1,0.0,0.216831064
staker_03874,staker,small_persistent_staker,21.433553764,False,640,0.0,1.139454659,0,0,0,1,0.0,2.163424939
staker_03875,staker,small_persistent_staker,23.887008725,False,640,0.0,1.162684033,0,0,0,1,0.0,2.266664974
staker_03876,staker,small_persistent_staker,10.682433559,False,641,0.0,0.108016955,0,0,0,1,0.0,0.140043072
staker_03877,staker,small_persistent_staker,4.213146262,False,641,0.0,0.126721306,0,0,0,1,0.0,0.281163085
staker_03878,staker,small_persistent_staker,7.20715138,False,641,0.0,0.288373765,0,0,0,1,0.0,0.423925475
staker_03879,staker,small_persistent_staker,2.358265945,False,641,0.0,0.01628273,0,0,0,1,0.0,0.042707954
staker_03880,staker,small_persistent_staker,9.363722216,False,641,0.0,0.140122785,0,0,0,1,0.0,0.269069858
staker_03881,staker,small_persistent_staker,6.135028371,False,641,0.0,0.24209544,0,0,0,1,0.0,0.377819368
staker_03882,staker,small_persistent_staker,4.318752702,False,641,0.0,0.0,0,0,0,1,0.0,0.0
staker_03883,staker,small_persistent_staker,8.388003461,False,641,0.0,0.414276539,0,0,0,1,0.0,0.850375129
staker_03884,staker,small_persistent_staker,12.54191909,False,641,0.0,0.590659887,0,0,0,1,0.0,1.390426581
staker_03885,staker,small_persistent_staker,21.021001243,False,642,0.0,0.221654082,0,0,0,1,0.0,0.518285047
staker_03886,staker,small_persistent_staker,67.783348116,False,642,0.0,0.329141647,0,0,0,1,0.0,0.329141647
staker_03887,staker,small_persistent_staker,6.067953555,False,642,0.0,0.253952098,0,0,0,1,0.0,0.527753005
staker_03888,staker,small_persistent_staker,18.119681337,False,642,0.0,0.851490646,0,0,0,1,0.0,1.762622404
staker_03889,staker,small_persistent_staker,29.524747017,False,642,0.0,0.15914955,0,0,0,1,0.0,0.265930303
staker_03890,staker,small_persistent_staker,13.428189733,False,642,0.0,0.657772638,0,0,0,1,0.0,1.303519499
staker_03891,staker,small_persistent_staker,12.780372125,False,642,0.0,0.385408563,0,0,0,1,0.0,0.569020298
staker_03892,staker,small_persistent_staker,7.343747352,False,642,0.0,0.024354661,0,0,0,1,0.0,0.035714851
staker_03893,staker,small_persistent_staker,33.293435321,False,642,0.0,0.056714321,0,0,0,1,0.0,0.466226275
staker_03894,staker,small_persistent_staker,38.72764528,False,642,0.0,0.285352538,0,0,0,1,0.0,0.539247146
staker_03895,staker,small_persistent_staker,6.74786399,False,643,0.0,0.19954164,0,0,0,1,0.0,0.357343545
staker_03896,staker,small_persistent_staker,3.610345738,False,643,0.0,0.095109061,0,0,0,1,0.0,0.158889389
staker_03897,staker,small_persistent_staker,25.727610609,False,643,0.0,1.043272585,0,0,0,1,0.0,2.109923545
staker_03898,staker,small_persistent_staker,10.104238378,False,643,0.0,0.291338681,0,0,0,1,0.0,0.507851785
staker_03899,staker,small_persistent_staker,11.236502753,False,643,0.0,0.338606085,0,0,0,1,0.0,0.645355712
staker_03900,staker,small_persistent_staker,5.577407862,False,643,0.0,0.039000573,0,0,0,1,0.0,0.110444399
staker_03901,staker,small_persistent_staker,9.510945693,False,643,0.0,0.005109256,0,0,0,1,0.0,0.039507042
staker_03902,staker,small_persistent_staker,8.752463461,False,643,0.0,-0.005590242,0,0,0,1,0.0,0.0
staker_03903,staker,small_persistent_staker,9.412183326,False,644,0.0,0.296520906,0,0,0,1,0.0,0.472068644
staker_03904,staker,small_persistent_staker,2.202424931,False,644,0.0,0.067029924,0,0,0,1,0.0,0.126535386
staker_03905,staker,small_persistent_staker,2.575490007,False,645,0.0,0.078799988,0,0,0,1,0.0,0.136389046
staker_03906,staker,small_persistent_staker,19.859830345,False,645,0.0,-0.005086598,0,0,0,1,0.0,0.181032315
staker_03907,staker,small_persistent_staker,9.969056761,False,645,0.0,0.205362292,0,0,0,1,0.0,0.578801472
staker_03908,staker,small_persistent_staker,5.157732627,False,645,0.0,0.156630242,0,0,0,1,0.0,0.347911071
staker_03909,staker,small_persistent_staker,15.03910934,False,645,0.0,0.456875589,0,0,0,1,0.0,0.755479445
staker_03910,staker,small_persistent_staker,5.742547878,False,646,0.0,0.195309579,0,0,0,1,0.0,0.287533033
staker_03911,staker,small_persistent_staker,19.281925807,False,646,0.0,0.580995255,0,0,0,1,0.0,0.846593328
staker_03912,staker,small_persistent_staker,43.346266232,False,646,0.0,1.241266497,0,0,0,1,0.0,2.49724666
staker_03913,staker,small_persistent_staker,17.705721987,False,646,0.0,0.830440642,0,0,0,1,0.0,2.153377759
staker_03914,staker,small_persistent_staker,8.316322579,False,647,0.0,0.060928414,0,0,0,1,0.0,0.075294999
staker_03915,staker,small_persistent_staker,2.46341184,False,647,0.0,-0.003153505,0,0,0,1,0.0,0.02249681
staker_03916,staker,small_persistent_staker,6.393793232,False,647,0.0,0.171596895,0,0,0,1,0.0,0.254522937
staker_03917,staker,staker_whale,131.218739548,False,647,0.0,0.521478149,0,0,0,1,0.0,1.192050913
staker_03918,staker,small_persistent_staker,31.690666975,False,647,0.0,0.1535138,0,0,0,1,0.0,0.28764101
staker_03919,staker,small_persistent_staker,8.291807977,False,647,0.0,0.507912455,0,0,0,1,0.0,1.218949141
staker_03920,staker,staker_whale,256.060543524,False,647,0.0,8.176105292,0,0,0,1,0.0,13.552614827
staker_03921,staker,small_persistent_staker,12.871370902,False,647,0.0,0.174171288,0,0,0,1,0.0,0.337763557
staker_03922,staker,small_persistent_staker,4.153598977,False,647,0.0,0.016506873,0,0,0,1,0.0,0.037733189
staker_03923,staker,small_persistent_staker,7.493485931,False,647,0.0,0.330794942,0,0,0,1,0.0,0.694095333
staker_03924,staker,small_persistent_staker,9.967048464,False,648,0.0,0.007453697,0,0,0,1,0.0,0.116940495
staker_03925,staker,small_persistent_staker,2.895992236,False,648,0.0,0.007932722,0,0,0,1,0.0,0.01425613
staker_03926,staker,small_persistent_staker,42.52219813,False,648,0.0,0.031799541,0,0,0,1,0.0,0.498900645
staker_03927,staker,small_persistent_staker,6.100672918,False,648,0.0,0.148419847,0,0,0,1,0.0,0.299396872
staker_03928,staker,small_persistent_staker,16.421280074,False,648,0.0,0.004202557,0,0,0,1,0.0,0.081038494
staker_03929,staker,small_persistent_staker,4.020848578,False,648,0.0,0.169560706,0,0,0,1,0.0,0.355688731
staker_03930,staker,small_persistent_staker,9.020244369,False,649,0.0,-0.04536718,0,0,0,1,0.0,0.044768653
staker_03931,staker,small_persistent_staker,6.596728731,False,649,0.0,0.027741247,0,0,0,1,0.0,0.103502415
staker_03932,staker,small_persistent_staker,14.114085971,False,649,0.0,0.349124665,0,0,0,1,0.0,0.692663457
staker_03933,staker,small_persistent_staker,25.445694257,False,649,0.0,1.038205521,0,0,0,1,0.0,2.621204722
staker_03934,staker,small_persistent_staker,23.304168118,True,650,0.0,1.762625735,0,0,0,0,0.0,5.425905831
staker_03935,staker,small_persistent_staker,10.170264351,False,651,0.0,0.237805232,0,0,0,1,0.0,0.546610154
staker_03936,staker,small_persistent_staker,10.554747735,False,651,0.0,0.272525174,0,0,0,1,0.0,0.421798004
staker_03937,staker,small_persistent_staker,7.820583711,False,651,0.0,0.222222308,0,0,0,1,0.0,0.382859232
staker_03938,staker,small_persistent_staker,48.172508862,False,651,0.0,0.055707428,0,0,0,1,0.0,0.23792801
staker_03939,staker,small_persistent_staker,8.724137276,False,652,0.0,-0.03300051,0,0,0,1,0.0,0.0
staker_03940,staker,small_persistent_staker,37.898572608,False,652,0.0,-0.017251446,0,0,0,1,0.0,0.0
staker_03941,staker,small_persistent_staker,17.215464927,False,652,0.0,0.010298595,0,0,0,1,0.0,0.185452458
staker_03942,staker,small_persistent_staker,10.429768226,False,653,0.0,0.393873081,0,0,0,1,0.0,1.024984558
staker_03943,staker,small_persistent_staker,16.350264045,False,653,0.0,-0.109496419,0,0,0,1,0.0,0.0
staker_03944,staker,small_persistent_staker,5.041107821,False,653,0.0,0.098727976,0,0,0,1,0.0,0.156013305
staker_03945,staker,small_persistent_staker,3.428232289,False,653,0.0,-0.012375085,0,0,0,1,0.0,0.0
staker_03946,staker,staker_whale,163.363577978,False,654,0.0,-0.787831206,0,0,0,1,0.0,0.0
staker_03947,staker,small_persistent_staker,16.877915084,False,654,0.0,-0.027492616,0,0,0,1,0.0,0.114772703
staker_03948,staker,small_persistent_staker,6.563829231,False,654,0.0,0.130912861,0,0,0,1,0.0,0.20313882
staker_03949,staker,small_persistent_staker,19.222008082,False,654,0.0,-0.04078897,0,0,0,1,0.0,0.0
staker_03950,staker,small_persistent_staker,1.681102013,False,654,0.0,0.04086628,0,0,0,1,0.0,0.069631593
staker_03951,staker,small_persistent_staker,9.95398856,False,654,0.0,-0.021122296,0,0,0,1,0.0,0.0
staker_03952,staker,small_persistent_staker,7.134142718,False,654,0.0,0.196139969,0,0,0,1,0.0,0.294533387
staker_03953,staker,small_persistent_staker,26.970384236,False,654,0.0,1.057768008,0,0,0,1,0.0,2.259894244
staker_03954,staker,small_persistent_staker,4.594932569,False,655,0.0,0.0,0,0,0,1,0.0,0.0
staker_03955,staker,small_persistent_staker,68.842332995,False,655,0.0,16.684446651,1,0,0,1,0.0,4.761154334
staker_03956,staker,small_persistent_staker,56.098167563,False,655,0.0,1.881210106,0,0,0,1,0.0,4.123349648
staker_03957,staker,small_persistent_staker,4.367819012,False,655,0.0,-0.024134607,0,0,0,1,0.0,0.0
staker_03958,staker,small_persistent_staker,68.757029688,False,656,0.0,1.895166073,0,0,0,1,0.0,3.028957776
staker_03959,staker,small_persistent_staker,4.508279994,False,656,0.0,0.082110736,0,0,0,1,0.0,0.221011861
staker_03960,staker,small_persistent_staker,19.900191203,False,656,0.0,-0.012244544,0,0,0,1,0.0,0.135324696
staker_03961,staker,small_persistent_staker,3.086117545,False,656,0.0,-0.011744895,0,0,0,1,0.0,0.0
staker_03962,staker,small_persistent_staker,27.137896303,False,656,0.0,0.568168981,0,0,0,1,0.0,0.839869537
staker_03963,staker,small_persistent_staker,6.740419464,False,657,0.0,-0.014138997,0,0,0,1,0.0,0.0
staker_03964,staker,small_persistent_staker,19.482389283,False,657,0.0,-0.017032566,0,0,0,1,0.0,0.0
staker_03965,staker,small_persistent_staker,2.704102828,False,657,0.0,0.064518188,0,0,0,1,0.0,0.119656996
staker_03966,staker,small_persistent_staker,13.725350776,False,657,0.0,0.32877542,0,0,0,1,0.0,0.482136266
staker_03967,staker,small_persistent_staker,3.25531994,False,657,0.0,0.122348247,0,0,0,1,0.0,0.320630367
staker_03968,staker,small_persistent_staker,4.397684047,False,657,0.0,0.105341601,0,0,0,1,0.0,0.154479328
staker_03969,staker,small_persistent_staker,6.937879718,False,658,0.0,0.387461078,0,0,0,1,0.0,0.921402362
staker_03970,staker,small_persistent_staker,4.605214531,False,658,0.0,0.018485149,0,0,0,1,0.0,0.049585486
staker_03971,staker,small_persistent_staker,2.90133959,False,658,0.0,0.099746951,0,0,0,1,0.0,0.197646935
staker_03972,staker,small_persistent_staker,7.031713808,False,658,0.0,-0.015563864,0,0,0,1,0.0,0.0
staker_03973,staker,small_persistent_staker,17.22101355,False,658,0.0,-0.038116669,0,0,0,1,0.0,0.0
staker_03974,staker,small_persistent_staker,11.749589361,False,658,0.0,0.251870112,0,0,0,1,0.0,0.574751541
staker_03975,staker,small_persistent_staker,22.335221259,False,658,0.0,0.921418657,0,0,0,1,0.0,1.871506075
staker_03976,staker,small_persistent_staker,16.416862294,False,658,0.0,0.018515923,0,0,0,1,0.0,0.111566448
staker_03977,staker,small_persistent_staker,11.039932474,False,658,0.0,-0.018239434,0,0,0,1,0.0,0.0
staker_03978,staker,small_persistent_staker,13.478893612,False,658,0.0,0.378549545,0,0,0,1,0.0,0.654864046
staker_03979,staker,small_persistent_staker,7.661317357,False,658,0.0,0.008640894,0,0,0,1,0.0,0.052065124
staker_03980,staker,small_persistent_staker,3.258970992,False,659,0.0,0.06426899,0,0,0,1,0.0,0.159766307
staker_03981,staker,small_persistent_staker,10.041288978,False,659,0.0,-0.022739423,0,0,0,1,0.0,0.0
staker_03982,staker,small_persistent_staker,4.448483634,False,659,0.0,0.164194671,0,0,0,1,0.0,0.326516596
staker_03983,staker,small_persistent_staker,7.648023036,False,659,0.0,0.285948782,0,0,0,1,0.0,0.643700782
staker_03984,staker,small_persistent_staker,13.032085128,False,659,0.0,0.330988952,0,0,0,1,0.0,0.457505934
staker_03985,staker,small_persistent_staker,3.562127828,False,660,0.0,-0.01072867,0,0,0,1,0.0,0.0
staker_03986,staker,small_persistent_staker,7.027454124,False,660,0.0,0.013773785,0,0,0,1,0.0,0.047757488
staker_03987,staker,small_persistent_staker,8.908530989,False,660,0.0,0.246000084,0,0,0,1,0.0,0.433386314
staker_03988,staker,staker_whale,149.063670471,False,660,0.0,3.228924565,0,0,0,1,0.0,7.296110538
staker_03989,staker,small_persistent_staker,25.616333307,False,660,0.0,1.004978212,0,0,0,1,0.0,1.985714197
staker_03990,staker,small_persistent_staker,18.587488999,False,660,0.0,0.468415299,0,0,0,1,0.0,0.652930675
staker_03991,staker,small_persistent_staker,5.768095901,False,661,0.0,-0.015736728,0,0,0,1,0.0,0.0
staker_03992,staker,small_persistent_staker,1.437233635,False,661,0.0,0.033956376,0,0,0,1,0.0,0.044456358
staker_03993,staker,small_persistent_staker,7.436762123,False,662,0.0,0.0,0,0,0,1,0.0,0.0
staker_03994,staker,small_persistent_staker,11.545046491,False,662,0.0,0.433300594,0,0,0,1,0.0,0.97273976
staker_03995,staker,small_persistent_staker,9.225465536,False,662,0.0,0.40725848,0,0,0,1,0.0,0.771959753
staker_03996,staker,small_persistent_staker,13.525865031,False,662,0.0,0.501760437,0,0,0,1,0.0,1.1928399
staker_03997,staker,small_persistent_staker,4.812638484,False,662,0.0,0.023312088,0,0,0,1,0.0,0.05186123
staker_03998,staker,small_persistent_staker,3.216188304,False,662,0.0,0.116848123,0,0,0,1,0.0,0.236497348
staker_03999,staker,small_persistent_staker,6.523812256,False,663,0.0,0.234906089,0,0,0,1,0.0,0.444652162
staker_04000,staker,small_persistent_staker,10.385035382,False,663,0.0,-0.031656871,0,0,0,1,0.0,0.0
staker_04001,staker,small_persistent_staker,13.685082574,False,664,0.0,0.540433474,0,0,0,1,0.0,1.004055893
staker_04002,staker,small_persistent_staker,4.711017934,False,664,0.0,0.103338797,0,0,0,1,0.0,0.230950793
staker_04003,staker,small_persistent_staker,6.15776885,False,664,0.0,0.176105397,0,0,0,1,0.0,0.255159309
staker_04004,staker,small_persistent_staker,11.683063979,False,664,0.0,0.45129643,0,0,0,1,0.0,1.092195352
staker_04005,staker,small_persistent_staker,6.346275093,False,664,0.0,0.204100044,0,0,0,1,0.0,0.262006238
staker_04006,staker,small_persistent_staker,37.760933216,False,665,0.0,-0.070419584,0,0,0,1,0.0,0.0
staker_04007,staker,small_persistent_staker,1.710597571,False,665,0.0,0.029108053,0,0,0,1,0.0,0.037143584
staker_04008,staker,small_persistent_staker,2.156753152,False,665,0.0,0.04549982,0,0,0,1,0.0,0.10589652
staker_04009,staker,small_persistent_staker,22.322646473,False,665,0.0,0.164877252,0,0,0,1,0.0,0.240353468
staker_04010,staker,small_persistent_staker,18.663626082,False,665,0.0,0.072342084,0,0,0,1,0.0,0.126915842
staker_04011,staker,small_persistent_staker,7.846006332,False,666,0.0,0.209509158,0,0,0,1,0.0,0.242587172
staker_04012,staker,small_persistent_staker,13.970099811,False,666,0.0,0.443231052,0,0,0,1,0.0,0.615830115
staker_04013,staker,small_persistent_staker,4.210993354,False,666,0.0,0.123791254,0,0,0,1,0.0,0.147728153
staker_04014,staker,small_persistent_staker,8.857029465,False,667,0.0,0.288158438,0,0,0,1,0.0,0.430140857
staker_04015,staker,small_persistent_staker,2.32039585,False,667,0.0,0.064731435,0,0,0,1,0.0,0.113230018
staker_04016,staker,small_persistent_staker,9.97443596,False,668,0.0,0.324790892,0,0,0,1,0.0,0.412414059
staker_04017,staker,small_persistent_staker,5.316770474,False,668,0.0,0.145943415,0,0,0,1,0.0,0.164386856
staker_04018,staker,small_persistent_staker,3.810225366,False,668,0.0,0.116057922,0,0,0,1,0.0,0.15788421
staker_04019,staker,small_persistent_staker,53.135929481,False,668,0.0,1.7481559,0,0,0,1,0.0,2.196250756
staker_04020,staker,small_persistent_staker,16.823537421,False,668,0.0,0.719711137,0,0,0,1,0.0,1.413930257
staker_04021,staker,small_persistent_staker,44.263138157,True,668,0.0,3.480002896,0,0,0,0,0.0,10.103586412
staker_04022,staker,small_persistent_staker,72.153653192,False,668,0.0,2.95302847,0,0,0,1,0.0,5.296044033
staker_04023,staker,small_persistent_staker,6.141830133,False,669,0.0,0.059554921,0,0,0,1,0.0,0.066099714
staker_04024,staker,small_persistent_staker,55.786521609,False,670,0.0,16.727934893,1,0,0,1,0.0,2.300571784
staker_04025,staker,small_persistent_staker,74.907730428,False,670,0.0,2.107297118,0,0,0,1,0.0,3.659938445
staker_04026,staker,small_persistent_staker,2.503599585,False,670,0.0,0.096804906,0,0,0,1,0.0,0.221323626
staker_04027,staker,small_persistent_staker,7.502807293,False,670,0.0,0.046244536,0,0,0,1,0.0,0.05102037
staker_04028,staker,small_persistent_staker,25.432807596,False,670,0.0,1.179115986,0,0,0,1,0.0,2.131801041
staker_04029,staker,small_persistent_staker,14.525320596,False,670,0.0,0.493069773,0,0,0,1,0.0,0.600370534
staker_04030,staker,small_persistent_staker,58.643305095,False,671,0.0,39.599089403,2,0,0,1,0.0,2.25466081
staker_04031,staker,small_persistent_staker,11.938517193,False,671,0.0,0.448555233,0,0,0,1,0.0,0.796232349
staker_04032,staker,small_persistent_staker,6.691350078,False,671,0.0,0.15438929,0,0,0,1,0.0,0.281978891
staker_04033,staker,small_persistent_staker,8.194114537,False,671,0.0,0.201263647,0,0,0,1,0.0,0.233144023
staker_04034,staker,small_persistent_staker,32.66511596,False,672,0.0,0.862585882,0,0,0,1,0.0,1.698496176
staker_04035,staker,small_persistent_staker,9.510963583,False,672,0.0,0.033513362,0,0,0,1,0.0,0.037958624
staker_04036,staker,small_persistent_staker,11.979660458,False,672,0.0,0.340157243,0,0,0,1,0.0,0.415776635
staker_04037,staker,small_persistent_staker,38.428194279,False,672,0.0,1.55046489,0,0,0,1,0.0,5.488201657
staker_04038,staker,small_persistent_staker,20.715968863,False,672,0.0,0.763459798,0,0,0,1,0.0,1.607254654
staker_04039,staker,small_persistent_staker,13.68753303,False,672,0.0,0.408296333,0,0,0,1,0.0,0.778713373
staker_04040,staker,small_persistent_staker,5.510424874,False,672,0.0,0.141581075,0,0,0,1,0.0,0.156703863
staker_04041,staker,staker_whale,159.449027938,False,672,0.0,4.066209231,0,0,0,1,0.0,5.550455574
staker_04042,staker,small_persistent_staker,8.047667134,False,673,0.0,0.237621961,0,0,0,1,0.0,0.464462161
staker_04043,staker,small_persistent_staker,17.699849094,False,673,0.0,0.328529427,0,0,0,1,0.0,0.360299818
staker_04044,staker,small_persistent_staker,3.528294392,False,673,0.0,0.13631064,0,0,0,1,0.0,0.258616692
staker_04045,staker,small_persistent_staker,20.944001505,False,673,0.0,0.392454942,0,0,0,1,0.0,0.801555138
staker_04046,staker,small_persistent_staker,1.490385202,False,674,0.0,0.035257261,0,0,0,1,0.0,0.04598824
staker_04047,staker,small_persistent_staker,16.192161746,False,674,0.0,0.240753139,0,0,0,1,0.0,0.622430502
staker_04048,staker,small_persistent_staker,15.693449055,False,674,0.0,0.291841771,0,0,0,1,0.0,0.319595172
staker_04049,staker,small_persistent_staker,12.585498869,False,674,0.0,0.0,0,0,0,1,0.0,0.0
staker_04050,staker,small_persistent_staker,14.984762681,False,675,0.0,0.577319546,0,0,0,1,0.0,1.099516535
staker_04051,staker,small_persistent_staker,3.855387271,False,675,0.0,0.097133336,0,0,0,1,0.0,0.129356077
staker_04052,staker,small_persistent_staker,16.912480115,True,675,0.0,1.202168703,0,0,0,0,0.0,3.691235941
staker_04053,staker,small_persistent_staker,3.855977448,False,676,0.0,0.09469694,0,0,0,1,0.0,0.14688668
staker_04054,staker,small_persistent_staker,1.085200343,False,676,0.0,0.02661914,0,0,0,1,0.0,0.036447742
staker_04055,staker,small_persistent_staker,11.721020887,False,676,0.0,0.399000401,0,0,0,1,0.0,0.787804625
staker_04056,staker,small_persistent_staker,6.45336022,False,676,0.0,0.153418452,0,0,0,1,0.0,0.199267747
staker_04057,staker,small_persistent_staker,9.257807018,False,676,0.0,0.128939084,0,0,0,1,0.0,0.356503351
staker_04058,staker,small_persistent_staker,15.679326926,False,677,0.0,0.255895235,0,0,0,1,0.0,0.497686383
staker_04059,staker,small_persistent_staker,78.812559013,False,677,0.0,1.36799866,0,0,0,1,0.0,1.927939554
staker_04060,staker,small_persistent_staker,6.483940789,False,677,0.0,0.153683961,0,0,0,1,0.0,0.464093573
staker_04061,staker,small_persistent_staker,7.430635945,False,677,0.0,0.229650841,0,0,0,1,0.0,0.499128433
staker_04062,staker,small_persistent_staker,17.068250227,False,677,0.0,0.202146833,0,0,0,1,0.0,0.544238803
staker_04063,staker,small_persistent_staker,10.857709574,False,677,0.0,0.141192396,0,0,0,1,0.0,0.345802723
staker_04064,staker,small_persistent_staker,10.805944185,False,677,0.0,0.187565502,0,0,0,1,0.0,0.264338672
staker_04065,staker,small_persistent_staker,13.134509371,False,677,0.0,0.202551108,0,0,0,1,0.0,0.238221676
staker_04066,staker,small_persistent_staker,20.799703271,False,678,0.0,0.257489842,0,0,0,1,0.0,0.66322004
staker_04067,staker,small_persistent_staker,7.685703425,False,678,0.0,0.129536189,0,0,0,1,0.0,0.243956259
staker_04068,staker,small_persistent_staker,1.461899137,False,678,0.0,0.028419656,0,0,0,1,0.0,0.035705049
staker_04069,staker,small_persistent_staker,1.953761355,False,678,0.0,0.038849468,0,0,0,1,0.0,0.047696548
staker_04070,staker,small_persistent_staker,8.932373461,False,678,0.0,0.262918878,0,0,0,1,0.0,0.683558266
staker_04071,staker,small_persistent_staker,4.670724677,False,678,0.0,0.04054165,0,0,0,1,0.0,0.149488768
staker_04072,staker,small_persistent_staker,12.467709183,False,679,0.0,0.50088054,0,0,0,1,0.0,1.473201055
staker_04073,staker,small_persistent_staker,8.886223598,False,679,0.0,0.107980437,0,0,0,1,0.0,0.12113338
staker_04074,staker,small_persistent_staker,1.049032282,False,679,0.0,0.01573853,0,0,0,1,0.0,0.02850942
staker_04075,staker,small_persistent_staker,60.703273981,False,679,0.0,0.910725346,0,0,0,1,0.0,1.649725334
staker_04076,staker,small_persistent_staker,6.387653311,False,679,0.0,0.189513174,0,0,0,1,0.0,0.399706019
staker_04077,staker,small_persistent_staker,5.254796611,False,680,0.0,0.038243004,0,0,0,1,0.0,0.055540969
staker_04078,staker,small_persistent_staker,11.936408299,False,680,0.0,0.016322814,0,0,0,1,0.0,0.159636224
staker_04079,staker,small_persistent_staker,11.122403001,False,680,0.0,0.002007656,0,0,0,1,0.0,0.199301509
staker_04080,staker,small_persistent_staker,22.85815257,False,680,0.0,0.252766406,0,0,0,1,0.0,1.320569495
staker_04081,staker,small_persistent_staker,14.854788068,False,680,0.0,0.059901545,0,0,0,1,0.0,0.157522073
staker_04082,staker,small_persistent_staker,6.788230824,False,680,0.0,0.0,0,0,0,1,0.0,0.0
staker_04083,staker,small_persistent_staker,52.123337961,False,681,0.0,0.604603875,0,0,0,1,0.0,1.959067774
staker_04084,staker,small_persistent_staker,11.860457097,False,681,0.0,0.207481879,0,0,0,1,0.0,0.635037427
staker_04085,staker,small_persistent_staker,2.981400996,False,681,0.0,0.0,0,0,0,1,0.0,0.0
staker_04086,staker,small_persistent_staker,8.429830303,False,681,0.0,0.125883657,0,0,0,1,0.0,0.397485072
staker_04087,staker,small_persistent_staker,7.600490535,False,681,0.0,0.150767084,0,0,0,1,0.0,0.405978141
staker_04088,staker,small_persistent_staker,55.959258188,False,682,0.0,0.135492594,0,0,0,1,0.0,0.238058711
staker_04089,staker,small_persistent_staker,2.392781626,False,682,0.0,0.031121566,0,0,0,1,0.0,0.089852633
staker_04090,staker,small_persistent_staker,22.692928973,False,682,0.0,-0.098592594,0,0,0,1,0.0,0.408865205
staker_04091,staker,small_persistent_staker,22.84035662,False,683,0.0,-0.002148181,0,0,0,1,0.0,0.207907233
staker_04092,staker,small_persistent_staker,22.421874129,False,683,0.0,-0.133633613,0,0,0,1,0.0,0.307134244
staker_04093,staker,small_persistent_staker,85.869402693,False,683,0.0,24.289807518,1,0,0,1,0.0,1.019346776
staker_04094,staker,small_persistent_staker,11.496927627,False,683,0.0,0.0,0,0,0,1,0.0,0.0
staker_04095,staker,small_persistent_staker,15.317604058,False,683,0.0,0.042467832,0,0,0,1,0.0,0.097236353
staker_04096,staker,small_persistent_staker,13.737743604,False,683,0.0,0.010219675,0,0,0,1,0.0,0.087384777
staker_04097,staker,small_persistent_staker,3.213971291,False,683,0.0,-0.026057309,0,0,0,1,0.0,0.04411888
staker_04098,staker,small_persistent_staker,2.781503434,False,683,0.0,-0.000547245,0,0,0,1,0.0,0.017709594
staker_04099,staker,small_persistent_staker,4.121013006,False,683,0.0,-0.022760602,0,0,0,1,0.0,0.0719854
staker_04100,staker,small_persistent_staker,4.259825025,False,684,0.0,-0.004332945,0,0,0,1,0.0,0.058094706
staker_04101,staker,small_persistent_staker,18.837553472,False,684,0.0,0.075213634,0,0,0,1,0.0,0.119497332
staker_04102,staker,small_persistent_staker,30.504358363,False,684,0.0,0.16274376,0,0,0,1,0.0,0.871170543
staker_04103,staker,small_persistent_staker,9.743600866,False,684,0.0,0.012350463,0,0,0,1,0.0,0.061978328
staker_04104,staker,small_persistent_staker,5.439853128,False,684,0.0,0.01305852,0,0,0,1,0.0,0.049419335
staker_04105,staker,small_persistent_staker,51.710028229,False,684,0.0,0.462654119,0,0,0,1,0.0,1.724786981
staker_04106,staker,small_persistent_staker,5.638904192,False,684,0.0,0.047524402,0,0,0,1,0.0,0.188184063
staker_04107,staker,small_persistent_staker,9.338937571,False,685,0.0,0.025582723,0,0,0,1,0.0,0.084871871
staker_04108,staker,small_persistent_staker,2.146318236,False,685,0.0,-0.015868636,0,0,0,1,0.0,0.029478176
staker_04109,staker,small_persistent_staker,82.187483883,False,685,0.0,0.262484057,0,0,0,1,0.0,0.522145781
staker_04110,staker,small_persistent_staker,10.04614298,False,686,0.0,0.193424321,0,0,0,1,0.0,1.103558158
staker_04111,staker,small_persistent_staker,19.285491655,False,686,0.0,0.088654074,0,0,0,1,0.0,0.122424556
staker_04112,staker,small_persistent_staker,9.257432626,False,686,0.0,0.025876751,0,0,0,1,0.0,0.084177506
staker_04113,staker,staker_whale,100.152170381,False,686,0.0,0.152170381,0,0,0,1,0.0,1.364177588
staker_04114,staker,small_persistent_staker,15.854079258,False,686,0.0,0.227028237,0,0,0,1,0.0,0.783514269
staker_04115,staker,small_persistent_staker,2.245005905,False,686,0.0,0.009404205,0,0,0,1,0.0,0.030497577
staker_04116,staker,small_persistent_staker,4.866803815,False,686,0.0,0.021208823,0,0,0,1,0.0,0.044184329
staker_04117,staker,small_persistent_staker,10.951151342,False,686,0.0,0.050341687,0,0,0,1,0.0,0.069518054
staker_04118,staker,small_persistent_staker,24.034480142,False,686,0.0,0.09964175,0,0,0,1,0.0,0.152640348
staker_04119,staker,small_persistent_staker,91.700528215,False,686,0.0,15.397540978,1,0,0,1,0.0,6.103438681
staker_04120,staker,small_persistent_staker,11.462040464,False,687,0.0,0.14445033,0,0,0,1,0.0,0.612359443
staker_04121,staker,small_persistent_staker,52.41926444,False,687,0.0,1.306439455,0,0,0,1,0.0,5.529239087
staker_04122,staker,small_persistent_staker,9.505422417,False,687,0.0,0.195551959,0,0,0,1,0.0,0.745185376
staker_04123,staker,small_persistent_staker,18.881352724,False,687,0.0,0.29446153,0,0,0,1,0.0,0.728884911
staker_04124,staker,small_persistent_staker,13.856012771,False,688,0.0,0.091840445,0,0,0,1,0.0,0.449072193
staker_04125,staker,small_persistent_staker,2.660250093,False,688,0.0,-0.010285025,0,0,0,1,0.0,0.019287011
staker_04126,staker,small_persistent_staker,9.299308805,False,688,0.0,0.192565024,0,0,0,1,0.0,1.192575684
staker_04127,staker,small_persistent_staker,5.533404897,False,689,0.0,-0.029986806,0,0,0,1,0.0,0.015169214
staker_04128,staker,small_persistent_staker,3.906144223,False,689,0.0,0.060747845,0,0,0,1,0.0,0.263895885
staker_04129,staker,small_persistent_staker,13.952007933,False,689,0.0,-0.139868234,0,0,0,1,0.0,0.101827765
staker_04130,staker,small_persistent_staker,10.791804983,False,689,0.0,-0.035499064,0,0,0,1,0.0,0.185928485
staker_04131,staker,small_persistent_staker,22.705143971,False,690,0.0,0.385277403,0,0,0,1,0.0,1.635711917
staker_04132,staker,small_persistent_staker,9.610694061,False,690,0.0,-0.089551834,0,0,0,1,0.0,0.070142986
staker_04133,staker,small_persistent_staker,26.874881112,False,690,0.0,-0.006454825,0,0,0,1,0.0,0.073346332
staker_04134,staker,small_persistent_staker,39.693612948,False,690,0.0,-0.031843395,0,0,0,1,0.0,0.0
staker_04135,staker,small_persistent_staker,12.165227136,False,691,0.0,0.13242877,0,0,0,1,0.0,0.699615661
staker_04136,staker,small_persistent_staker,17.740605865,False,691,0.0,-0.007877771,0,0,0,1,0.0,0.048449087
staker_04137,staker,small_persistent_staker,18.803281519,False,691,0.0,0.504076235,0,0,0,1,0.0,1.7444822
staker_04138,staker,small_persistent_staker,7.149431748,False,691,0.0,0.049406057,0,0,0,1,0.0,0.232037212
staker_04139,staker,small_persistent_staker,12.108472018,False,691,0.0,-0.013369306,0,0,0,1,0.0,0.087693396
staker_04140,staker,small_persistent_staker,18.27876795,False,691,0.0,-0.086826411,0,0,0,1,0.0,0.132862764
staker_04141,staker,small_persistent_staker,34.67057094,False,691,0.0,22.419901853,1,0,0,1,0.0,0.400366312
staker_04142,staker,small_persistent_staker,8.519073519,False,692,0.0,0.10711561,0,0,0,1,0.0,0.366717464
staker_04143,staker,small_persistent_staker,14.240165367,False,692,0.0,-0.128844108,0,0,0,1,0.0,0.103986414
staker_04144,staker,small_persistent_staker,57.82292093,False,692,0.0,-0.551559245,0,0,0,1,0.0,0.42244755
staker_04145,staker,small_persistent_staker,6.180995386,False,692,0.0,0.06843565,0,0,0,1,0.0,0.226187607
staker_04146,staker,small_persistent_staker,24.819970446,False,692,0.0,0.438250629,0,0,0,1,0.0,1.675746107
staker_04147,staker,small_persistent_staker,9.216675855,False,692,0.0,-0.097890918,0,0,0,1,0.0,0.067408153
staker_04148,staker,small_persistent_staker,7.555256881,False,692,0.0,-0.076307439,0,0,0,1,0.0,0.055228511
staker_04149,staker,staker_whale,156.244430584,False,692,0.0,3.523516589,0,0,0,1,0.0,21.494977914
staker_04150,staker,small_persistent_staker,18.38285195,False,692,0.0,-0.018511043,0,0,0,1,0.0,0.050248813
staker_04151,staker,small_persistent_staker,6.951211368,False,693,0.0,0.005288089,0,0,0,1,0.0,0.018977423
staker_04152,staker,small_persistent_staker,2.499568149,False,693,0.0,-0.003841177,0,0,0,1,0.0,0.006839733
staker_04153,staker,small_persistent_staker,12.016123004,False,693,0.0,0.0,0,0,0,1,0.0,0.0
staker_04154,staker,small_persistent_staker,11.433838241,False,693,0.0,0.08000357,0,0,0,1,0.0,0.309204887
staker_04155,staker,small_persistent_staker,3.302760254,False,693,0.0,-0.000732703,0,0,0,1,0.0,0.023919638
staker_04156,staker,small_persistent_staker,8.783668109,False,693,0.0,0.081660894,0,0,0,1,0.0,0.379564323
staker_04157,staker,small_persistent_staker,10.120299807,False,693,0.0,0.09946069,0,0,0,1,0.0,0.371006247
staker_04158,staker,staker_whale,107.782575954,False,694,0.0,1.232843841,0,0,0,1,0.0,3.947592696
staker_04159,staker,small_persistent_staker,18.660411043,False,694,0.0,0.25511185,0,0,0,1,0.0,1.351576573
staker_04160,staker,small_persistent_staker,8.593569449,False,694,0.0,0.107069762,0,0,0,1,0.0,1.01427512
staker_04161,staker,small_persistent_staker,4.307396436,False,694,0.0,0.045305483,0,0,0,1,0.0,0.157907475
staker_04162,staker,small_persistent_staker,7.088053755,False,694,0.0,-0.004218751,0,0,0,1,0.0,0.051388917
staker_04163,staker,small_persistent_staker,4.288719258,False,694,0.0,0.045023282,0,0,0,1,0.0,0.201909357
staker_04164,staker,small_persistent_staker,13.088696248,False,694,0.0,-0.001263122,0,0,0,1,0.0,0.094846728
staker_04165,staker,small_persistent_staker,33.140480306,False,695,0.0,0.418069475,0,0,0,1,0.0,1.071671383
staker_04166,staker,small_persistent_staker,18.577832064,False,695,0.0,0.165621856,0,0,0,1,0.0,0.5020482
staker_04167,staker,staker_whale,105.18449692,True,695,0.0,5.18449692,0,0,0,0,0.0,19.867588609
staker_04168,staker,small_persistent_staker,2.573648114,False,695,0.0,-0.011696535,0,0,0,1,0.0,0.018742839
staker_04169,staker,small_persistent_staker,2.67352849,False,695,0.0,0.004693851,0,0,0,1,0.0,0.019348112
staker_04170,staker,small_persistent_staker,28.54823552,False,695,0.0,0.34166989,0,0,0,1,0.0,1.045593919
staker_04171,staker,small_persistent_staker,6.155130222,False,695,0.0,-0.014518595,0,0,0,1,0.0,0.016877317
staker_04172,staker,small_persistent_staker,9.469429996,False,696,0.0,-0.011277822,0,0,0,1,0.0,0.025945348
staker_04173,staker,small_persistent_staker,2.515596796,False,696,0.0,0.006028354,0,0,0,1,0.0,0.006867802
staker_04174,staker,small_persistent_staker,41.410776994,False,696,0.0,0.376209489,0,0,0,1,0.0,1.954207509
staker_04175,staker,small_persistent_staker,3.393593692,False,696,0.0,0.059085935,0,0,0,1,0.0,0.145683093
staker_04176,staker,small_persistent_staker,10.88962998,False,696,0.0,0.146863427,0,0,0,1,0.0,0.469346474
staker_04177,staker,small_persistent_staker,10.633188639,False,696,0.0,0.172104639,0,0,0,1,0.0,0.668738993
staker_04178,staker,small_persistent_staker,3.805797179,False,696,0.0,-0.008454232,0,0,0,1,0.0,0.027663174
staker_04179,staker,small_persistent_staker,31.304435786,False,696,0.0,0.372511977,0,0,0,1,0.0,1.14708484
staker_04180,staker,small_persistent_staker,27.715746522,False,697,0.0,-0.093747284,0,0,0,1,0.0,0.125243147
staker_04181,staker,small_persistent_staker,17.126456477,False,697,0.0,0.315632132,0,0,0,1,0.0,1.186397803
staker_04182,staker,small_persistent_staker,32.726894071,False,697,0.0,-0.010920881,0,0,0,1,0.0,0.0
staker_04183,staker,small_persistent_staker,16.332031125,False,697,0.0,-0.016135784,0,0,0,1,0.0,0.073625787
staker_04184,staker,small_persistent_staker,7.587509497,False,697,0.0,0.020774827,0,0,0,1,0.0,0.147896513
staker_04185,staker,small_persistent_staker,9.709296029,False,697,0.0,-0.015238287,0,0,0,1,0.0,0.0
staker_04186,staker,small_persistent_staker,8.077997713,False,697,0.0,0.047736745,0,0,0,1,0.0,0.196536999
staker_04187,staker,small_persistent_staker,7.782501768,False,697,0.0,0.064078483,0,0,0,1,0.0,0.345509779
staker_04188,staker,staker_whale,366.361691109,False,697,0.0,5.160093037,0,0,0,1,0.0,38.71582085
staker_04189,staker,small_persistent_staker,5.058871066,False,697,0.0,-0.020667084,0,0,0,1,0.0,0.022876265
staker_04190,staker,small_persistent_staker,18.440309512,False,697,0.0,-0.072486598,0,0,0,1,0.0,0.0
staker_04191,staker,small_persistent_staker,11.449674838,False,697,0.0,-0.01165563,0,0,0,1,0.0,0.0
staker_04192,staker,small_persistent_staker,5.181788629,False,698,0.0,0.000849779,0,0,0,1,0.0,0.02334072
staker_04193,staker,small_persistent_staker,2.411568508,False,698,0.0,-0.024912366,0,0,0,1,0.0,0.010976624
staker_04194,staker,small_persistent_staker,14.855433319,False,698,0.0,-0.030535009,0,0,0,1,0.0,0.067062985
staker_04195,staker,staker_whale,184.016972596,False,698,0.0,4.832520569,0,0,0,1,0.0,16.594711347
staker_04196,staker,small_persistent_staker,12.464382609,False,698,0.0,0.038274412,0,0,0,1,0.0,0.242957024
staker_04197,staker,small_persistent_staker,4.311059984,False,698,0.0,0.039032232,0,0,0,1,0.0,0.191298126
staker_04198,staker,small_persistent_staker,6.513021797,False,698,0.0,0.071686761,0,0,0,1,0.0,0.288438042
staker_04199,staker,small_persistent_staker,6.085498671,False,698,0.0,-0.070346667,0,0,0,1,0.0,0.027732785
staker_04200,staker,small_persistent_staker,6.377235835,False,698,0.0,-0.009923379,0,0,0,1,0.0,0.028774881
staker_04201,staker,small_persistent_staker,18.930033155,False,699,0.0,0.183992369,0,0,0,1,0.0,0.561719863
staker_04202,staker,small_persistent_staker,13.754130049,False,699,0.0,-0.137593315,0,0,0,1,0.0,0.062604034
staker_04203,staker,small_persistent_staker,4.848722502,False,699,0.0,0.016451459,0,0,0,1,0.0,0.094511796
staker_04204,staker,small_persistent_staker,33.133266773,False,699,0.0,0.917294483,0,0,0,1,0.0,3.177643246
staker_04205,staker,small_persistent_staker,3.577136211,False,699,0.0,0.026296515,0,0,0,1,0.0,0.106399917
staker_04206,staker,small_persistent_staker,2.816360191,False,700,0.0,0.056665711,0,0,0,1,0.0,0.219629631
staker_04207,staker,small_persistent_staker,2.50545375,False,700,0.0,-0.003018276,0,0,0,1,0.0,0.0
staker_04208,staker,small_persistent_staker,7.304297641,False,700,0.0,0.160631249,0,0,0,1,0.0,0.986390208
staker_04209,staker,small_persistent_staker,7.971424747,False,700,0.0,-0.068460222,0,0,0,1,0.0,0.036245376
staker_04210,staker,small_persistent_staker,11.106545737,False,701,0.0,0.324307803,0,0,0,1,0.0,0.999803063
staker_04211,staker,small_persistent_staker,4.497499275,False,701,0.0,0.051878636,0,0,0,1,0.0,0.199317404
staker_04212,staker,small_persistent_staker,17.803108754,False,702,0.0,0.144478034,0,0,0,1,0.0,0.433148124
staker_04213,staker,small_persistent_staker,15.102371885,False,702,0.0,0.134480531,0,0,0,1,0.0,0.752305508
staker_04214,staker,small_persistent_staker,9.033390634,False,702,0.0,0.081532413,0,0,0,1,0.0,0.366416985
staker_04215,staker,small_persistent_staker,12.11072791,False,702,0.0,0.200120095,0,0,0,1,0.0,0.487524366
staker_04216,staker,small_persistent_staker,3.01821811,False,702,0.0,-0.026998439,0,0,0,1,0.0,0.013744971
staker_04217,staker,small_persistent_staker,32.229277421,False,702,0.0,0.511353845,0,0,0,1,0.0,1.298276362
staker_04218,staker,small_persistent_staker,21.322688586,False,702,0.0,0.247746225,0,0,0,1,0.0,0.86263842
staker_04219,staker,small_persistent_staker,29.429531895,False,702,0.0,0.877989579,0,0,0,1,0.0,2.649224774
staker_04220,staker,small_persistent_staker,4.409196258,False,703,0.0,-0.00095513,0,0,0,1,0.0,0.019913917
staker_04221,staker,small_persistent_staker,1.822831851,False,703,0.0,0.102790605,0,0,0,1,0.0,0.337127291
staker_04222,staker,small_persistent_staker,15.865102383,False,703,0.0,-0.146581629,0,0,0,1,0.0,0.072300316
staker_04223,staker,small_persistent_staker,5.369528498,False,703,0.0,0.007049511,0,0,0,1,0.0,0.024214125
staker_04224,staker,small_persistent_staker,1.87649098,False,704,0.0,0.005171063,0,0,0,1,0.0,0.008455812
staker_04225,staker,small_persistent_staker,62.082419044,False,704,0.0,-0.070424452,0,0,0,1,0.0,0.0
staker_04226,staker,small_persistent_staker,2.938807917,False,704,0.0,0.041366285,0,0,0,1,0.0,0.118729531
staker_04227,staker,small_persistent_staker,27.33132961,False,704,0.0,0.384712304,0,0,0,1,0.0,1.104201442
staker_04228,staker,small_persistent_staker,6.99223367,False,704,0.0,0.123163435,0,0,0,1,0.0,0.281476416
staker_04229,staker,staker_whale,215.784392527,False,704,0.0,5.697553563,0,0,0,1,0.0,20.7775266
staker_04230,staker,small_persistent_staker,11.841117592,False,705,0.0,0.191857109,0,0,0,1,0.0,0.825360141
staker_04231,staker,small_persistent_staker,2.023787885,False,705,0.0,0.038671607,0,0,0,1,0.0,0.131456627
staker_04232,staker,small_persistent_staker,80.627459625,False,705,0.0,1.005893382,0,0,0,1,0.0,4.008698504
staker_04233,staker,small_persistent_staker,16.60221816,False,705,0.0,0.16273204,0,0,0,1,0.0,0.403930558
staker_04234,staker,small_persistent_staker,19.284188194,False,706,0.0,0.074932015,0,0,0,1,0.0,0.086898087
staker_04235,staker,small_persistent_staker,4.653304261,False,706,0.0,0.045690798,0,0,0,1,0.0,0.113273802
staker_04236,staker,small_persistent_staker,23.828092924,False,706,0.0,0.049444211,0,0,0,1,0.0,0.107568928
staker_04237,staker,small_persistent_staker,7.346548673,False,706,0.0,0.082617192,0,0,0,1,0.0,0.297994443
staker_04238,staker,small_persistent_staker,3.427602776,False,707,0.0,0.100627969,0,0,0,1,0.0,0.329482552
staker_04239,staker,small_persistent_staker,2.690630311,False,707,0.0,0.038457788,0,0,0,1,0.0,0.091273494
staker_04240,staker,small_persistent_staker,9.290007032,False,707,0.0,0.148084699,0,0,0,1,0.0,0.375119371
staker_04241,staker,small_persistent_staker,5.03110676,False,707,0.0,0.075114332,0,0,0,1,0.0,0.275855234
staker_04242,staker,small_persistent_staker,12.601466357,False,707,0.0,0.046497708,0,0,0,1,0.0,0.056808175
staker_04243,staker,small_persistent_staker,63.267222114,False,707,0.0,0.691147204,0,0,0,1,0.0,1.538711836
staker_04244,staker,small_persistent_staker,18.110846006,False,708,0.0,0.315522203,0,0,0,1,0.0,1.334879585
staker_04245,staker,small_persistent_staker,2.672744342,False,708,0.0,0.022456091,0,0,0,1,0.0,0.10672052
staker_04246,staker,small_persistent_staker,36.26831123,False,708,0.0,0.287677727,0,0,0,1,0.0,1.448850672
staker_04247,staker,small_persistent_staker,14.931789145,False,708,0.0,0.248525175,0,0,0,1,0.0,0.902560404
staker_04248,staker,small_persistent_staker,14.809386718,False,709,0.0,0.180317061,0,0,0,1,0.0,0.531887556
staker_04249,staker,small_persistent_staker,10.571396829,False,709,0.0,-0.078737084,0,0,0,1,0.0,0.0
staker_04250,staker,small_persistent_staker,14.873769364,False,709,0.0,0.227336951,0,0,0,1,0.0,0.532518835
staker_04251,staker,small_persistent_staker,7.292445019,False,709,0.0,-0.054701192,0,0,0,1,0.0,0.027535289
staker_04252,staker,small_persistent_staker,13.457395608,False,709,0.0,-0.092051507,0,0,0,1,0.0,0.0
staker_04253,staker,small_persistent_staker,7.345003449,False,709,0.0,0.058472478,0,0,0,1,0.0,0.185485647
staker_04254,staker,small_persistent_staker,5.162565963,False,709,0.0,-0.00915973,0,0,0,1,0.0,0.051516799
staker_04255,staker,small_persistent_staker,2.110712386,False,709,0.0,0.044522643,0,0,0,1,0.0,0.231689181
staker_04256,staker,small_persistent_staker,21.437308388,False,710,0.0,0.398465497,0,0,0,1,0.0,1.29428737
staker_04257,staker,small_persistent_staker,38.448946689,False,710,0.0,-0.052178101,0,0,0,1,0.0,0.383678709
staker_04258,staker,small_persistent_staker,3.025363371,False,710,0.0,0.020846731,0,0,0,1,0.0,0.060062291
staker_04259,staker,small_persistent_staker,3.043904436,False,710,0.0,0.030236179,0,0,0,1,0.0,0.15353888
staker_04260,staker,small_persistent_staker,23.156472771,False,710,0.0,0.177826816,0,0,0,1,0.0,0.585187209
staker_04261,staker,small_persistent_staker,15.657580788,False,711,0.0,0.189027984,0,0,0,1,0.0,0.394060549
staker_04262,staker,small_persistent_staker,44.04096893,False,711,0.0,0.688528554,0,0,0,1,0.0,1.57739497
staker_04263,staker,small_persistent_staker,5.335183889,False,711,0.0,0.079607325,0,0,0,1,0.0,0.34769251
staker_04264,staker,small_persistent_staker,25.444199222,False,711,0.0,-0.092667123,0,0,0,1,0.0,0.0
staker_04265,staker,small_persistent_staker,72.90204438,False,711,0.0,-0.265507381,0,0,0,1,0.0,0.0
staker_04266,staker,small_persistent_staker,19.023465514,False,711,0.0,0.194956804,0,0,0,1,0.0,0.685082424
staker_04267,staker,small_persistent_staker,19.450181628,False,711,0.0,0.46612704,0,0,0,1,0.0,1.547608859
staker_04268,staker,small_persistent_staker,8.27948899,False,711,0.0,-0.040638743,0,0,0,1,0.0,0.0
staker_04269,staker,small_persistent_staker,6.779943251,False,712,0.0,0.067531935,0,0,0,1,0.0,0.171096155
staker_04270,staker,small_persistent_staker,7.162750433,False,712,0.0,0.203688011,0,0,0,1,0.0,0.614098551
staker_04271,staker,small_persistent_staker,29.366530257,False,712,0.0,1.370346207,0,0,0,1,0.0,4.769995093
staker_04272,staker,small_persistent_staker,13.582468141,False,712,0.0,0.162281552,0,0,0,1,0.0,0.400007605
staker_04273,staker,small_persistent_staker,22.793042287,False,712,0.0,0.001937977,0,0,0,1,0.0,0.227326963
staker_04274,staker,small_persistent_staker,23.2692842,False,712,0.0,-0.087741386,0,0,0,1,0.0,0.0
staker_04275,staker,small_persistent_staker,7.368748656,False,712,0.0,0.09480963,0,0,0,1,0.0,0.481496395
staker_04276,staker,small_persistent_staker,31.058348214,False,712,0.0,0.002640735,0,0,0,1,0.0,0.309761194
staker_04277,staker,small_persistent_staker,8.503080135,False,713,0.0,0.0840386,0,0,0,1,0.0,0.306658123
staker_04278,staker,small_persistent_staker,11.657700651,False,713,0.0,0.101911674,0,0,0,1,0.0,0.466355837
staker_04279,staker,small_persistent_staker,12.786853099,False,713,0.0,-0.112244384,0,0,0,1,0.0,0.0
staker_04280,staker,small_persistent_staker,8.549815876,False,713,0.0,0.092939798,0,0,0,1,0.0,0.215669216
staker_04281,staker,staker_whale,105.495767849,False,713,0.0,5.495767849,0,0,0,1,0.0,18.630063116
staker_04282,staker,small_persistent_staker,14.724592049,False,714,0.0,-0.059249707,0,0,0,1,0.0,0.0
staker_04283,staker,small_persistent_staker,38.933474724,False,714,0.0,-0.109372202,0,0,0,1,0.0,0.0
staker_04284,staker,small_persistent_staker,9.132078178,False,714,0.0,0.086962025,0,0,0,1,0.0,0.230776742
staker_04285,staker,small_persistent_staker,28.541063594,False,714,0.0,0.29157643,0,0,0,1,0.0,0.720756318
staker_04286,staker,small_persistent_staker,3.921262483,False,714,0.0,0.059380252,0,0,0,1,0.0,0.255881336
staker_04287,staker,small_persistent_staker,31.262790021,False,714,0.0,-0.194047948,0,0,0,1,0.0,0.0
staker_04288,staker,small_persistent_staker,16.791903043,False,715,0.0,0.235258433,0,0,0,1,0.0,0.84553753
staker_04289,staker,small_persistent_staker,13.375012245,False,715,0.0,0.143652947,0,0,0,1,0.0,0.337763326
staker_04290,staker,small_persistent_staker,73.431971172,False,715,0.0,0.927437352,0,0,0,1,0.0,2.928955794
staker_04291,staker,small_persistent_staker,26.049013229,False,715,0.0,0.314279937,0,0,0,1,0.0,1.039602521
staker_04292,staker,small_persistent_staker,6.243567551,False,715,0.0,0.127484759,0,0,0,1,0.0,0.377154989
staker_04293,staker,small_persistent_staker,43.176989616,False,716,0.0,0.074775666,0,0,0,1,0.0,0.43085944
staker_04294,staker,small_persistent_staker,6.082915876,False,716,0.0,0.085365177,0,0,0,1,0.0,0.218826391
staker_04295,staker,small_persistent_staker,3.222225391,False,716,0.0,0.069878588,0,0,0,1,0.0,0.325013459
staker_04296,staker,small_persistent_staker,15.973684417,False,716,0.0,0.266117734,0,0,0,1,0.0,0.573105641
staker_04297,staker,small_persistent_staker,3.019714775,False,716,0.0,0.031174063,0,0,0,1,0.0,0.059927782
staker_04298,staker,small_persistent_staker,19.148277011,False,716,0.0,0.275486937,0,0,0,1,0.0,0.688591853
staker_04299,staker,small_persistent_staker,4.207345417,False,717,0.0,0.026440123,0,0,0,1,0.0,0.063178263
staker_04300,staker,small_persistent_staker,10.030900764,False,717,0.0,0.272347082,0,0,0,1,0.0,0.798137066
staker_04301,staker,small_persistent_staker,19.32247002,False,717,0.0,0.636320561,0,0,0,1,0.0,1.653402288
staker_04302,staker,small_persistent_staker,7.540509911,False,717,0.0,0.137162831,0,0,0,1,0.0,0.270255663
staker_04303,staker,small_persistent_staker,24.032586939,False,717,0.0,0.332198432,0,0,0,1,0.0,0.958579535
staker_04304,staker,small_persistent_staker,62.464614716,False,718,0.0,0.643494523,0,0,0,1,0.0,1.240754464
staker_04305,staker,staker_whale,101.211836944,False,718,0.0,1.211836944,0,0,0,1,0.0,4.046054351
staker_04306,staker,small_persistent_staker,8.350917293,False,718,0.0,-0.047393087,0,0,0,1,0.0,0.0
staker_04307,staker,small_persistent_staker,4.92140369,False,719,0.0,-0.024465394,0,0,0,1,0.0,0.0
staker_04308,staker,small_persistent_staker,6.470439647,False,719,0.0,0.15314428,0,0,0,1,0.0,0.787246646
staker_04309,staker,small_persistent_staker,22.713311808,False,719,0.0,0.303359587,0,0,0,1,0.0,0.907353995
staker_04310,staker,small_persistent_staker,58.232175491,False,719,0.0,26.316701615,1,0,0,1,0.0,4.466085879
staker_04311,staker,small_persistent_staker,7.359034591,False,720,0.0,0.123662127,0,0,0,1,0.0,0.293116489
staker_04312,staker,small_persistent_staker,5.413523954,False,720,0.0,-0.023861946,0,0,0,1,0.0,0.0
staker_04313,staker,small_persistent_staker,10.446920117,False,720,0.0,-0.012282768,0,0,0,1,0.0,0.0
staker_04314,staker,small_persistent_staker,50.017769953,True,720,0.0,17.648836698,1,0,0,0,0.0,6.472755967
staker_04315,staker,small_persistent_staker,32.741085816,False,720,0.0,-0.074262536,0,0,0,1,0.0,0.0
staker_04316,staker,small_persistent_staker,99.817048031,False,720,0.0,-0.182951969,0,0,0,1,0.0,0.376895713
staker_04317,staker,small_persistent_staker,3.426470938,False,721,0.0,-0.001800315,0,0,0,1,0.0,0.0
staker_04318,staker,small_persistent_staker,35.105605399,False,721,0.0,1.096238493,0,0,0,1,0.0,4.569288249
staker_04319,staker,small_persistent_staker,8.066633777,False,721,0.0,0.128838715,0,0,0,1,0.0,0.237776982
staker_04320,staker,small_persistent_staker,4.665771228,False,721,0.0,0.081894324,0,0,0,1,0.0,0.167713684
staker_04321,staker,small_persistent_staker,10.642390229,False,722,0.0,0.153007933,0,0,0,1,0.0,0.425441239
staker_04322,staker,small_persistent_staker,68.122853454,False,722,0.0,2.300200069,0,0,0,1,0.0,5.840514202
staker_04323,staker,small_persistent_staker,48.318721286,False,722,0.0,0.728025472,0,0,0,1,0.0,1.93024184
staker_04324,staker,small_persistent_staker,1.558431735,False,722,0.0,0.02749838,0,0,0,1,0.0,0.056042818
staker_04325,staker,small_persistent_staker,15.70196121,False,722,0.0,0.262413853,0,0,0,1,0.0,0.565194908
staker_04326,staker,small_persistent_staker,28.502770402,False,722,0.0,0.143412859,0,0,0,1,0.0,0.284426677
staker_04327,staker,small_persistent_staker,3.525084196,False,722,0.0,0.060107283,0,0,0,1,0.0,0.088807653
staker_04328,staker,small_persistent_staker,4.593262234,False,723,0.0,0.114957749,0,0,0,1,0.0,0.298254839
staker_04329,staker,small_persistent_staker,5.620807734,False,723,0.0,0.360485191,0,0,0,1,0.0,0.985509227
staker_04330,staker,small_persistent_staker,2.365496343,False,723,0.0,0.040110061,0,0,0,1,0.0,0.059635833
staker_04331,staker,small_persistent_staker,8.393499402,False,723,0.0,0.144147245,0,0,0,1,0.0,0.379572423
staker_04332,staker,small_persistent_staker,3.462579461,False,724,0.0,0.069100191,0,0,0,1,0.0,0.124360513
staker_04333,staker,small_persistent_staker,6.90276453,False,724,0.0,0.139415771,0,0,0,1,0.0,0.347166643
staker_04334,staker,small_persistent_staker,27.608958105,False,724,0.0,0.407559301,0,0,0,1,0.0,1.104471555
staker_04335,staker,small_persistent_staker,8.232394778,False,725,0.0,0.129696787,0,0,0,1,0.0,0.297104002
staker_04336,staker,small_persistent_staker,6.233082782,False,726,0.0,0.100717463,0,0,0,1,0.0,0.157516231
staker_04337,staker,small_persistent_staker,9.051134706,False,726,0.0,0.106694882,0,0,0,1,0.0,0.13583595
staker_04338,staker,small_persistent_staker,12.252423255,False,726,0.0,0.229427162,0,0,0,1,0.0,0.488708195
staker_04339,staker,small_persistent_staker,7.005447699,False,727,0.0,0.150620238,0,0,0,1,0.0,0.251604643
staker_04340,staker,small_persistent_staker,4.938597648,False,727,0.0,0.0,0,0,0,1,0.0,0.0
staker_04341,staker,small_persistent_staker,26.433731387,False,727,0.0,0.677012821,0,0,0,1,0.0,2.447349487
staker_04342,staker,small_persistent_staker,5.775512507,False,727,0.0,0.067600614,0,0,0,1,0.0,0.086726144
staker_04343,staker,small_persistent_staker,1.60158359,False,727,0.0,0.034819839,0,0,0,1,0.0,0.080549814
staker_04344,staker,small_persistent_staker,5.412206211,False,727,0.0,0.127433656,0,0,0,1,0.0,0.193976189
staker_04345,staker,small_persistent_staker,8.694760561,False,728,0.0,0.177850553,0,0,0,1,0.0,0.31278471
staker_04346,staker,small_persistent_staker,4.242563756,False,728,0.0,0.034930192,0,0,0,1,0.0,0.042336176
staker_04347,staker,small_persistent_staker,3.626475967,False,728,0.0,0.100011278,0,0,0,1,0.0,0.235478392
staker_04348,staker,small_persistent_staker,5.815971213,False,728,0.0,0.121903709,0,0,0,1,0.0,0.171206577
staker_04349,staker,small_persistent_staker,2.376290235,False,729,0.0,0.045764747,0,0,0,1,0.0,0.070109312
staker_04350,staker,small_persistent_staker,4.012390105,False,729,0.0,0.081779501,0,0,0,1,0.0,0.144426701
staker_04351,staker,small_persistent_staker,6.963129942,False,729,0.0,0.209567692,0,0,0,1,0.0,0.451199326
staker_04352,staker,small_persistent_staker,23.434763848,False,729,0.0,0.534043694,0,0,0,1,0.0,1.178624632
staker_04353,staker,small_persistent_staker,4.309724024,False,730,0.0,0.088811728,0,0,0,1,0.0,0.217388624
staker_04354,staker,small_persistent_staker,18.659303143,False,730,0.0,0.384318166,0,0,0,1,0.0,0.671968029
staker_04355,staker,small_persistent_staker,4.488743462,False,730,0.0,0.086121415,0,0,0,1,0.0,0.161883649
staker_04356,staker,staker_whale,101.737967981,False,730,0.0,1.737967981,0,0,0,1,0.0,2.020853542
staker_04357,staker,small_persistent_staker,3.488830438,False,730,0.0,0.077830654,0,0,0,1,0.0,0.138963028
staker_04358,staker,small_persistent_staker,11.671603667,False,731,0.0,0.17912189,0,0,0,1,0.0,0.251352561
staker_04359,staker,small_persistent_staker,18.006438488,False,731,0.0,0.310166881,0,0,0,1,0.0,0.747471844
staker_04360,staker,small_persistent_staker,1.409717757,False,731,0.0,0.014491731,0,0,0,1,0.0,0.015888317
staker_04361,staker,small_persistent_staker,6.359098535,False,731,0.0,0.211743622,0,0,0,1,0.0,0.522607796
staker_04362,staker,small_persistent_staker,4.205299755,False,731,0.0,0.082131357,0,0,0,1,0.0,0.135467207
staker_04363,staker,small_persistent_staker,3.539303177,False,732,0.0,0.030044191,0,0,0,1,0.0,0.054442048
staker_04364,staker,small_persistent_staker,15.857270106,False,732,0.0,-0.008568168,0,0,0,1,0.0,0.0
staker_04365,staker,staker_whale,103.752643052,False,732,0.0,1.717112052,0,0,0,1,0.0,9.478529411
staker_04366,staker,staker_whale,101.363697048,False,733,0.0,1.363697048,0,0,0,1,0.0,4.103773153
staker_04367,staker,small_persistent_staker,16.016504441,False,733,0.0,0.267750584,0,0,0,1,0.0,0.885803584
staker_04368,staker,small_persistent_staker,20.491272904,False,733,0.0,0.245556019,0,0,0,1,0.0,0.401696642
staker_04369,staker,small_persistent_staker,44.373943975,False,733,0.0,0.225088042,0,0,0,1,0.0,0.225088042
staker_04370,staker,small_persistent_staker,85.785751376,False,733,0.0,1.055266175,0,0,0,1,0.0,2.57379341
staker_04371,staker,small_persistent_staker,22.156944734,False,733,0.0,0.112391707,0,0,0,1,0.0,0.112391707
staker_04372,staker,small_persistent_staker,10.245011591,False,733,0.0,0.190729587,0,0,0,1,0.0,0.984946553
staker_04373,staker,staker_whale,165.48874234,False,734,0.0,1.472522619,0,0,0,1,0.0,3.483244225
staker_04374,staker,small_persistent_staker,17.543689946,False,734,0.0,0.055791652,0,0,0,1,0.0,0.08596058
staker_04375,staker,small_persistent_staker,5.844383015,False,734,0.0,0.040500753,0,0,0,1,0.0,0.207529646
staker_04376,staker,small_persistent_staker,4.610880809,False,734,0.0,0.033601954,0,0,0,1,0.0,0.097208558
staker_04377,staker,small_persistent_staker,26.35547626,False,734,0.0,0.093616438,0,0,0,1,0.0,0.129088394
staker_04378,staker,small_persistent_staker,3.504701938,False,734,0.0,0.032615541,0,0,0,1,0.0,0.073737371
staker_04379,staker,small_persistent_staker,39.883131707,False,734,0.0,0.482243059,0,0,0,1,0.0,2.005036802
staker_04380,staker,small_persistent_staker,11.659424267,False,734,0.0,0.058756446,0,0,0,1,0.0,0.291752465
staker_04381,staker,small_persistent_staker,23.974905142,False,734,0.0,0.176510515,0,0,0,1,0.0,0.349072382
staker_04382,staker,staker_whale,203.523192584,False,734,0.0,5.008977172,0,0,0,1,0.0,14.458974152
staker_04383,staker,small_persistent_staker,13.318675455,False,735,0.0,0.092231673,0,0,0,1,0.0,0.19409196
staker_04384,staker,small_persistent_staker,8.613011692,False,735,0.0,0.063698851,0,0,0,1,0.0,0.125457221
staker_04385,staker,small_persistent_staker,6.606360266,False,735,0.0,0.066539538,0,0,0,1,0.0,0.332949833
staker_04386,staker,small_persistent_staker,0.755133371,False,735,0.0,0.005133371,0,0,0,1,0.0,0.007781734
staker_04387,staker,small_persistent_staker,10.297411015,False,735,0.0,0.037393627,0,0,0,1,0.0,0.050455259
staker_04388,staker,small_persistent_staker,2.432930591,False,736,0.0,0.020146903,0,0,0,1,0.0,0.060742739
staker_04389,staker,small_persistent_staker,12.936856287,False,736,0.0,0.098113648,0,0,0,1,0.0,0.39224408
staker_04390,staker,small_persistent_staker,29.316092261,False,736,0.0,0.772135115,0,0,0,1,0.0,2.081155314
staker_04391,staker,small_persistent_staker,14.050345409,False,736,0.0,0.079905588,0,0,0,1,0.0,0.145035063
staker_04392,staker,small_persistent_staker,46.238046421,False,736,0.0,0.673072039,0,0,0,1,0.0,2.321089589
staker_04393,staker,small_persistent_staker,5.363974703,False,736,0.0,0.06169991,0,0,0,1,0.0,0.219545354
staker_04394,staker,small_persistent_staker,17.912114103,False,736,0.0,0.226441598,0,0,0,1,0.0,0.375978619
staker_04395,staker,small_persistent_staker,21.731724121,False,737,0.0,0.314816727,0,0,0,1,0.0,2.413998131
staker_04396,staker,staker_whale,182.79307211,False,737,0.0,19.539637289,1,0,0,1,0.0,13.81787981
staker_04397,staker,small_persistent_staker,10.990006468,False,737,0.0,0.027258658,0,0,0,1,0.0,0.059575548
staker_04398,staker,small_persistent_staker,15.375205663,False,737,0.0,0.106613923,0,0,0,1,0.0,0.554353229
staker_04399,staker,small_persistent_staker,18.640690608,False,737,0.0,0.050387515,0,0,0,1,0.0,0.374701248
staker_04400,staker,small_persistent_staker,30.10651922,False,737,0.0,0.085341656,0,0,0,1,0.0,0.488098529
staker_04401,staker,small_persistent_staker,34.686121437,False,737,0.0,0.051822883,0,0,0,1,0.0,0.18821534
staker_04402,staker,small_persistent_staker,7.310780815,False,738,0.0,0.016931137,0,0,0,1,0.0,0.118625606
staker_04403,staker,small_persistent_staker,5.346706486,False,738,0.0,0.002260516,0,0,0,1,0.0,0.136358002
staker_04404,staker,small_persistent_staker,6.608364887,False,738,0.0,0.012028241,0,0,0,1,0.0,0.035858597
staker_04405,staker,small_persistent_staker,9.72619849,False,738,0.0,0.180785349,0,0,0,1,0.0,1.142495695
staker_04406,staker,small_persistent_staker,4.995990444,False,738,0.0,-0.004482692,0,0,0,1,0.0,0.0
staker_04407,staker,small_persistent_staker,6.616014905,False,738,0.0,0.008233734,0,0,0,1,0.0,0.107467535
staker_04408,staker,staker_whale,134.253111986,False,738,0.0,0.704585794,0,0,0,1,0.0,4.104220712
staker_04409,staker,small_persistent_staker,54.797706867,False,739,0.0,-0.028704338,0,0,0,1,0.0,0.0
staker_04410,staker,small_persistent_staker,12.151826008,False,739,0.0,0.066137138,0,0,0,1,0.0,0.196632413
staker_04411,staker,small_persistent_staker,1.44011138,False,739,0.0,0.018137418,0,0,0,1,0.0,0.065164059
staker_04412,staker,small_persistent_staker,5.038266764,False,739,0.0,0.043266133,0,0,0,1,0.0,0.181479289
staker_04413,staker,small_persistent_staker,9.571146566,False,739,0.0,0.017851832,0,0,0,1,0.0,0.192688489
staker_04414,staker,small_persistent_staker,2.582772041,False,739,0.0,0.0,0,0,0,1,0.0,0.0
staker_04415,staker,small_persistent_staker,3.562525285,False,739,0.0,0.018739885,0,0,0,1,0.0,0.108948458
staker_04416,staker,small_persistent_staker,10.838507373,False,739,0.0,0.013258215,0,0,0,1,0.0,0.276298104
staker_04417,staker,small_persistent_staker,4.782753607,False,740,0.0,0.063801664,0,0,0,1,0.0,0.48786527
staker_04418,staker,small_persistent_staker,17.091443433,False,740,0.0,0.106935283,0,0,0,1,0.0,0.276480247
staker_04419,staker,staker_whale,261.606392742,False,740,0.0,2.165932516,0,0,0,1,0.0,11.895470576
staker_04420,staker,small_persistent_staker,4.720390892,False,741,0.0,0.029646301,0,0,0,1,0.0,0.336386176
staker_04421,staker,small_persistent_staker,64.04673471,False,741,0.0,0.354633481,0,0,0,1,0.0,2.559835816
staker_04422,staker,small_persistent_staker,6.478327731,False,741,0.0,-0.001669339,0,0,0,1,0.0,0.027619917
staker_04423,staker,small_persistent_staker,9.354009769,False,741,0.0,0.010695034,0,0,0,1,0.0,0.375515193
staker_04424,staker,small_persistent_staker,2.603858323,False,741,0.0,-0.003898328,0,0,0,1,0.0,0.038228755
staker_04425,staker,small_persistent_staker,7.644808457,False,741,0.0,-0.019609905,0,0,0,1,0.0,0.11235756
staker_04426,staker,small_persistent_staker,21.309334901,False,741,0.0,-0.072742766,0,0,0,1,0.0,0.0
staker_04427,staker,small_persistent_staker,20.348160926,False,741,0.0,-0.104785219,0,0,0,1,0.0,0.299832684
staker_04428,staker,small_persistent_staker,10.419345066,False,741,0.0,0.074816882,0,0,0,1,0.0,0.507140306
staker_04429,staker,small_persistent_staker,23.812172027,False,742,0.0,-0.041668572,0,0,0,1,0.0,0.257232689
staker_04430,staker,small_persistent_staker,4.528659646,False,742,0.0,0.12848512,0,0,0,1,0.0,0.586940981
staker_04431,staker,small_persistent_staker,17.111541242,False,742,0.0,0.003504226,0,0,0,1,0.0,0.072953911
staker_04432,staker,small_persistent_staker,12.383279542,False,742,0.0,-0.019647459,0,0,0,1,0.0,0.05288988
staker_04433,staker,small_persistent_staker,1.269288933,False,742,0.0,-0.00143386,0,0,0,1,0.0,0.005418751
staker_04434,staker,small_persistent_staker,2.863462682,False,743,0.0,-0.007789984,0,0,0,1,0.0,0.042134429
staker_04435,staker,small_persistent_staker,5.405844497,False,743,0.0,0.003264578,0,0,0,1,0.0,0.058292248
staker_04436,staker,staker_whale,105.563550979,False,744,0.0,-0.083455069,0,0,0,1,0.0,0.451077811
staker_04437,staker,small_persistent_staker,9.205791964,False,744,0.0,-0.00302401,0,0,0,1,0.0,0.039318602
staker_04438,staker,small_persistent_staker,18.129192463,False,744,0.0,0.303953166,0,0,0,1,0.0,2.03089721
staker_04439,staker,small_persistent_staker,6.522073169,False,745,0.0,0.068295656,0,0,0,1,0.0,0.259976219
staker_04440,staker,small_persistent_staker,9.138737295,False,745,0.0,0.164599714,0,0,0,1,0.0,0.610618836
staker_04441,staker,small_persistent_staker,2.322835959,False,745,0.0,0.001051152,0,0,0,1,0.0,0.058600106
staker_04442,staker,small_persistent_staker,17.314091422,False,745,0.0,0.135197814,0,0,0,1,0.0,0.69201391
staker_04443,staker,small_persistent_staker,46.332680544,False,745,0.0,0.564910768,0,0,0,1,0.0,3.11413348
staker_04444,staker,small_persistent_staker,21.488462104,False,745,0.0,0.001630597,0,0,0,1,0.0,0.232130646
staker_04445,staker,small_persistent_staker,6.239050512,False,746,0.0,0.016968384,0,0,0,1,0.0,0.067247886
staker_04446,staker,small_persistent_staker,11.157873293,False,746,0.0,0.013485921,0,0,0,1,0.0,0.223347801
staker_04447,staker,small_persistent_staker,6.388836359,False,746,0.0,-0.018137881,0,0,0,1,0.0,0.094178544
staker_04448,staker,small_persistent_staker,23.012292416,False,747,0.0,0.445274081,0,0,0,1,0.0,1.403067447
staker_04449,staker,small_persistent_staker,3.976645195,False,747,0.0,0.04747548,0,0,0,1,0.0,0.158455504
staker_04450,staker,small_persistent_staker,2.037536978,False,747,0.0,0.018309886,0,0,0,1,0.0,0.164848756
staker_04451,staker,small_persistent_staker,6.137329333,False,747,0.0,-0.002013792,0,0,0,1,0.0,0.090307748
staker_04452,staker,small_persistent_staker,18.254493449,False,748,0.0,0.067290251,0,0,0,1,0.0,0.19684167
staker_04453,staker,small_persistent_staker,3.973382722,False,748,0.0,0.055587774,0,0,0,1,0.0,0.267060831
staker_04454,staker,small_persistent_staker,15.185882552,False,748,0.0,0.058359927,0,0,0,1,0.0,0.064743994
staker_04455,staker,small_persistent_staker,3.212150413,False,748,0.0,0.009539605,0,0,0,1,0.0,0.080978853
staker_04456,staker,small_persistent_staker,38.287067503,False,748,0.0,0.268990418,0,0,0,1,0.0,0.41147293
staker_04457,staker,small_persistent_staker,13.530624057,False,748,0.0,0.072465838,0,0,0,1,0.0,0.145658808
staker_04458,staker,small_persistent_staker,71.7250273,False,749,0.0,0.056947336,0,0,0,1,0.0,1.055398095
staker_04459,staker,small_persistent_staker,8.998626645,False,749,0.0,0.201097001,0,0,0,1,0.0,0.547586253
staker_04460,staker,small_persistent_staker,14.250035003,False,749,0.0,0.125859185,0,0,0,1,0.0,0.636506074
staker_04461,staker,small_persistent_staker,27.974887887,False,749,0.0,0.123784701,0,0,0,1,0.0,0.410140767
staker_04462,staker,staker_whale,111.437422083,False,749,0.0,0.218907564,0,0,0,1,0.0,2.233027725
staker_04463,staker,small_persistent_staker,3.282744693,False,749,0.0,0.040137106,0,0,0,1,0.0,0.130914686
staker_04464,staker,small_persistent_staker,17.829631558,False,749,0.0,0.196022925,0,0,0,1,0.0,0.711926519
staker_04465,staker,small_persistent_staker,18.540550377,False,750,0.0,-0.009568217,0,0,0,1,0.0,0.120910781
staker_04466,staker,small_persistent_staker,5.563144811,False,750,0.0,0.024063729,0,0,0,1,0.0,0.199061904
staker_04467,staker,small_persistent_staker,6.701463398,False,750,0.0,0.02587707,0,0,0,1,0.0,0.04351187
staker_04468,staker,small_persistent_staker,9.383025903,False,751,0.0,0.010033054,0,0,0,1,0.0,0.196213092
staker_04469,staker,small_persistent_staker,5.993815781,False,752,0.0,0.006112845,0,0,0,1,0.0,0.125398395
staker_04470,staker,small_persistent_staker,43.586108457,False,752,0.0,-0.040571192,0,0,0,1,0.0,0.0
staker_04471,staker,small_persistent_staker,6.102983546,False,752,0.0,0.020468555,0,0,0,1,0.0,0.039680297
staker_04472,staker,small_persistent_staker,7.364615775,False,752,0.0,0.034742466,0,0,0,1,0.0,0.047817646
staker_04473,staker,small_persistent_staker,3.467550444,False,753,0.0,0.023339201,0,0,0,1,0.0,0.108204972
staker_04474,staker,small_persistent_staker,38.860300333,False,753,0.0,-0.153844589,0,0,0,1,0.0,0.406287783
staker_04475,staker,small_persistent_staker,40.388129979,False,753,0.0,0.296820983,0,0,0,1,0.0,1.259527561
staker_04476,staker,small_persistent_staker,40.405522272,False,753,0.0,-0.025032406,0,0,0,1,0.0,0.263880506
staker_04477,staker,small_persistent_staker,44.525847415,False,753,0.0,-0.126842243,0,0,0,1,0.0,0.465006789
staker_04478,staker,small_persistent_staker,6.746675885,False,754,0.0,0.075256176,0,0,0,1,0.0,0.425334619
staker_04479,staker,small_persistent_staker,3.465493948,False,754,0.0,0.006759031,0,0,0,1,0.0,0.036035216
staker_04480,staker,small_persistent_staker,12.056690638,False,754,0.0,-0.006199124,0,0,0,1,0.0,0.125678565
staker_04481,staker,small_persistent_staker,6.946187062,False,754,0.0,0.125134004,0,0,0,1,0.0,0.394378224
staker_04482,staker,small_persistent_staker,74.101089069,False,754,0.0,0.050647378,0,0,0,1,0.0,0.483530024
staker_04483,staker,small_persistent_staker,37.487414409,False,754,0.0,-0.042624226,0,0,0,1,0.0,0.591360458
staker_04484,staker,small_persistent_staker,5.857757171,False,755,0.0,0.064012313,0,0,0,1,0.0,0.259995029
staker_04485,staker,small_persistent_staker,10.72998512,False,755,0.0,0.096503879,0,0,0,1,0.0,0.383004541
staker_04486,staker,small_persistent_staker,8.880106422,False,755,0.0,0.041611505,0,0,0,1,0.0,0.318351404
staker_04487,staker,small_persistent_staker,85.873123265,False,755,0.0,0.533466227,0,0,0,1,0.0,2.265523299
staker_04488,staker,small_persistent_staker,10.33633475,False,755,0.0,0.072746869,0,0,0,1,0.0,0.742346014
staker_04489,staker,small_persistent_staker,7.216033603,False,755,0.0,0.025970011,0,0,0,1,0.0,0.150788803
staker_04490,staker,small_persistent_staker,10.095300129,False,756,0.0,0.0,0,0,0,1,0.0,0.0
staker_04491,staker,small_persistent_staker,3.168235908,False,756,0.0,0.009701492,0,0,0,1,0.0,0.179656969
staker_04492,staker,small_persistent_staker,4.328177987,False,756,0.0,-0.007623422,0,0,0,1,0.0,0.0
staker_04493,staker,small_persistent_staker,4.020544797,False,756,0.0,0.056168744,0,0,0,1,0.0,0.202098788
staker_04494,staker,small_persistent_staker,6.829614226,True,756,0.0,0.224249838,0,0,0,0,0.0,1.006438933
staker_04495,staker,small_persistent_staker,25.073805208,False,756,0.0,-0.212468847,0,0,0,1,0.0,0.097742012
staker_04496,staker,small_persistent_staker,8.371888944,False,756,0.0,-0.024364812,0,0,0,1,0.0,0.1204473
staker_04497,staker,small_persistent_staker,17.391481373,False,756,0.0,0.026946533,0,0,0,1,0.0,0.508687198
staker_04498,staker,small_persistent_staker,3.554883561,False,757,0.0,-0.002378676,0,0,0,1,0.0,0.0
staker_04499,staker,small_persistent_staker,6.704079064,False,757,0.0,-0.024906677,0,0,0,1,0.0,0.096567453
staker_04500,staker,small_persistent_staker,4.771043731,False,757,0.0,-0.027173041,0,0,0,1,0.0,0.018554359
staker_04501,staker,small_persistent_staker,16.039793558,False,757,0.0,-0.009044609,0,0,0,1,0.0,0.97439527
staker_04502,staker,small_persistent_staker,8.283612465,False,757,0.0,0.06904443,0,0,0,1,0.0,0.786178142
staker_04503,staker,small_persistent_staker,5.338711915,False,757,0.0,-0.019826038,0,0,0,1,0.0,0.020721081
staker_04504,staker,small_persistent_staker,17.964279315,False,757,0.0,0.255710246,0,0,0,1,0.0,1.00765434
staker_04505,staker,staker_whale,133.388844303,False,757,0.0,-0.089254359,0,0,0,1,0.0,0.0
staker_04506,staker,small_persistent_staker,18.746335115,False,757,0.0,0.019920927,0,0,0,1,0.0,0.54879726
staker_04507,staker,small_persistent_staker,25.595025818,False,757,0.0,0.023778576,0,0,0,1,0.0,0.633158318
staker_04508,staker,small_persistent_staker,5.645902025,False,758,0.0,-0.029169212,0,0,0,1,0.0,0.0
staker_04509,staker,small_persistent_staker,5.33953041,False,758,0.0,-0.037770582,0,0,0,1,0.0,0.049370728
staker_04510,staker,small_persistent_staker,3.125256974,False,759,0.0,0.011052555,0,0,0,1,0.0,0.077215082
staker_04511,staker,small_persistent_staker,13.78017993,False,759,0.0,-0.087763389,0,0,0,1,0.0,0.127415234
staker_04512,staker,small_persistent_staker,25.735284553,False,759,0.0,0.153895579,0,0,0,1,0.0,0.750716646
staker_04513,staker,small_persistent_staker,8.313069933,False,759,0.0,-0.045231607,0,0,0,1,0.0,0.076794008
staker_04514,staker,small_persistent_staker,8.592162943,False,759,0.0,-0.053665557,0,0,0,1,0.0,0.0
staker_04515,staker,small_persistent_staker,2.602537139,False,759,0.0,0.020062393,0,0,0,1,0.0,0.147149506
staker_04516,staker,small_persistent_staker,32.258158457,False,759,0.0,-0.060395274,0,0,0,1,0.0,0.464437953
staker_04517,staker,small_persistent_staker,28.690782628,False,760,0.0,-0.029953558,0,0,0,1,0.0,0.0
staker_04518,staker,small_persistent_staker,6.014671514,False,760,0.0,-0.011984418,0,0,0,1,0.0,0.086637032
staker_04519,staker,small_persistent_staker,3.491107215,False,760,0.0,-0.015595912,0,0,0,1,0.0,0.032229954
staker_04520,staker,small_persistent_staker,5.120587317,False,760,0.0,0.014220276,0,0,0,1,0.0,0.149904729
staker_04521,staker,small_persistent_staker,19.264391601,False,760,0.0,0.288547428,0,0,0,1,0.0,2.013523539
staker_04522,staker,small_persistent_staker,2.726808141,False,760,0.0,-0.015393649,0,0,0,1,0.0,0.010622127
staker_04523,staker,small_persistent_staker,3.567984129,False,760,0.0,-0.014674258,0,0,0,1,0.0,0.0
staker_04524,staker,small_persistent_staker,20.747534282,False,761,0.0,0.109961071,0,0,0,1,0.0,0.788314647
staker_04525,staker,small_persistent_staker,31.17714426,False,761,0.0,-0.038876627,0,0,0,1,0.0,0.0
staker_04526,staker,small_persistent_staker,0.809844502,False,761,0.0,0.005631411,0,0,0,1,0.0,0.023623743
staker_04527,staker,small_persistent_staker,26.450792778,False,762,0.0,0.433840725,0,0,0,1,0.0,1.484511942
staker_04528,staker,small_persistent_staker,18.501776608,False,762,0.0,0.207177708,0,0,0,1,0.0,0.815085389
staker_04529,staker,staker_whale,187.868059574,False,762,0.0,21.622919268,1,0,0,1,0.0,14.991656355
staker_04530,staker,small_persistent_staker,19.117391244,False,763,0.0,0.095303476,0,0,0,1,0.0,0.559168709
staker_04531,staker,small_persistent_staker,4.947569978,False,763,0.0,-0.019030092,0,0,0,1,0.0,0.0
staker_04532,staker,small_persistent_staker,16.373216701,False,763,0.0,0.276399585,0,0,0,1,0.0,0.823428511
staker_04533,staker,small_persistent_staker,20.31168325,False,763,0.0,-0.020851899,0,0,0,1,0.0,0.292684734
staker_04534,staker,small_persistent_staker,6.00882876,False,763,0.0,-0.027337382,0,0,0,1,0.0,0.0
staker_04535,staker,small_persistent_staker,7.77001161,False,763,0.0,-0.035349947,0,0,0,1,0.0,0.0
staker_04536,staker,small_persistent_staker,17.161219487,False,763,0.0,0.04575759,0,0,0,1,0.0,0.341507194
staker_04537,staker,small_persistent_staker,23.255005487,False,764,0.0,-0.120123968,0,0,0,1,0.0,0.090715518
staker_04538,staker,small_persistent_staker,3.070724354,False,764,0.0,-0.002499939,0,0,0,1,0.0,0.028298956
staker_04539,staker,small_persistent_staker,7.729173223,False,764,0.0,-0.020119579,0,0,0,1,0.0,0.0
staker_04540,staker,small_persistent_staker,7.746368877,False,764,0.0,0.05826721,0,0,0,1,0.0,0.468459616
staker_04541,staker,small_persistent_staker,7.452059489,False,765,0.0,-0.008076242,0,0,0,1,0.0,0.068724249
staker_04542,staker,small_persistent_staker,5.535255628,False,765,0.0,0.093325688,0,0,0,1,0.0,0.31090639
staker_04543,staker,small_persistent_staker,6.031167525,False,765,0.0,0.033542646,0,0,0,1,0.0,0.149103658
staker_04544,staker,small_persistent_staker,15.046567253,False,765,0.0,-0.071208131,0,0,0,1,0.0,0.058695198
staker_04545,staker,small_persistent_staker,5.644596343,False,765,0.0,-0.002149431,0,0,0,1,0.0,0.021923653
staker_04546,staker,small_persistent_staker,9.972189048,True,766,0.0,0.373384402,0,0,0,0,0.0,1.469541173
staker_04547,staker,small_persistent_staker,5.248833846,False,766,0.0,0.006976145,0,0,0,1,0.0,0.154293219
staker_04548,staker,small_persistent_staker,25.388547984,False,766,0.0,0.270220038,0,0,0,1,0.0,2.296868202
staker_04549,staker,small_persistent_staker,4.106856482,False,766,0.0,-0.000100178,0,0,0,1,0.0,0.037847666
staker_04550,staker,small_persistent_staker,5.787772648,False,766,0.0,0.042088248,0,0,0,1,0.0,0.169123275
staker_04551,staker,small_persistent_staker,9.198812979,False,767,0.0,0.110135654,0,0,0,1,0.0,0.519744077
staker_04552,staker,small_persistent_staker,3.868209002,False,767,0.0,0.008101918,0,0,0,1,0.0,0.055672571
staker_04553,staker,small_persistent_staker,20.196235902,False,767,0.0,-0.03378787,0,0,0,1,0.0,0.078618226
staker_04554,staker,small_persistent_staker,61.074923059,True,768,0.0,2.349753875,0,0,0,0,0.0,9.000241936
staker_04555,staker,small_persistent_staker,11.753743836,False,768,0.0,-0.008687983,0,0,0,1,0.0,0.0
staker_04556,staker,staker_whale,163.083201925,False,768,0.0,21.359512334,1,0,0,1,0.0,2.83462699
staker_04557,staker,small_persistent_staker,1.335846371,False,769,0.0,0.007241377,0,0,0,1,0.0,0.026583259
staker_04558,staker,small_persistent_staker,24.394483053,False,769,0.0,0.017430849,0,0,0,1,0.0,0.094814718
staker_04559,staker,small_persistent_staker,6.656664095,False,769,0.0,0.058234948,0,0,0,1,0.0,0.252923829
staker_04560,staker,small_persistent_staker,12.395893538,False,770,0.0,0.051539205,0,0,0,1,0.0,0.36401241
staker_04561,staker,small_persistent_staker,10.618952975,False,771,0.0,0.088331859,0,0,0,1,0.0,0.310746261
staker_04562,staker,small_persistent_staker,28.958192362,False,771,0.0,0.608359333,0,0,0,1,0.0,1.624326125
staker_04563,staker,small_persistent_staker,2.153969021,False,771,0.0,0.046489303,0,0,0,1,0.0,0.120749719
staker_04564,staker,small_persistent_staker,14.626687705,False,772,0.0,0.331104609,0,0,0,1,0.0,0.819650505
staker_04565,staker,small_persistent_staker,5.617747649,False,772,0.0,0.010023776,0,0,0,1,0.0,0.051844182
staker_04566,staker,small_persistent_staker,15.633249545,False,772,0.0,0.027894488,0,0,0,1,0.0,0.144273665
staker_04567,staker,small_persistent_staker,53.860176016,False,772,0.0,0.171346347,0,0,0,1,0.0,0.496360652
staker_04568,staker,small_persistent_staker,30.625625389,False,772,0.0,0.065783541,0,0,0,1,0.0,0.44190712
staker_04569,staker,small_persistent_staker,6.950015425,False,773,0.0,0.04516053,0,0,0,1,0.0,0.144803231
staker_04570,staker,small_persistent_staker,2.274000947,False,773,0.0,0.039411677,0,0,0,1,0.0,0.118951882
staker_04571,staker,small_persistent_staker,9.736073795,False,773,0.0,-0.006820026,0,0,0,1,0.0,0.0
staker_04572,staker,small_persistent_staker,5.921749357,False,774,0.0,0.107823976,0,0,0,1,0.0,0.275230479
staker_04573,staker,small_persistent_staker,9.474309262,False,774,0.0,0.06815207,0,0,0,1,0.0,0.19739677
staker_04574,staker,small_persistent_staker,19.665231696,False,774,0.0,0.158957178,0,0,0,1,0.0,0.409356925
staker_04575,staker,small_persistent_staker,8.304093605,False,774,0.0,0.066340109,0,0,0,1,0.0,0.210486804
staker_04576,staker,small_persistent_staker,27.027080367,False,774,0.0,0.027759486,0,0,0,1,0.0,0.689872641
staker_04577,staker,staker_whale,114.95830398,False,774,0.0,-0.080780945,0,0,0,1,0.0,0.613353771
staker_04578,staker,small_persistent_staker,32.944923719,False,775,0.0,-0.073875918,0,0,0,1,0.0,0.0
staker_04579,staker,small_persistent_staker,9.02774411,False,775,0.0,0.0725792,0,0,0,1,0.0,0.308208105
staker_04580,staker,small_persistent_staker,41.649693288,False,775,0.0,0.422666757,0,0,0,1,0.0,2.932962408
staker_04581,staker,small_persistent_staker,66.894649618,False,775,0.0,-0.271241419,0,0,0,1,0.0,0.0
staker_04582,staker,staker_whale,99.84615335,False,775,0.0,-0.15384665,0,0,0,1,0.0,0.0
staker_04583,staker,small_persistent_staker,6.677161941,False,776,0.0,-0.020519566,0,0,0,1,0.0,0.0
staker_04584,staker,small_persistent_staker,17.689123851,False,776,0.0,0.101477845,0,0,0,1,0.0,0.449962507
staker_04585,staker,small_persistent_staker,10.727409957,False,776,0.0,0.030001326,0,0,0,1,0.0,0.112790802
staker_04586,staker,small_persistent_staker,21.158506603,False,776,0.0,1.000525692,0,0,0,1,0.0,2.909314716
staker_04587,staker,small_persistent_staker,8.374716124,False,777,0.0,0.039678499,0,0,0,1,0.0,0.213349015
staker_04588,staker,small_persistent_staker,5.101012599,True,777,0.0,0.199767565,0,0,0,0,0.0,0.732635247
staker_04589,staker,small_persistent_staker,14.69232938,False,777,0.0,0.069610667,0,0,0,1,0.0,0.374292567
staker_04590,staker,small_persistent_staker,6.947147854,False,778,0.0,0.053631174,0,0,0,1,0.0,0.491172425
staker_04591,staker,small_persistent_staker,6.441366186,False,778,0.0,-0.00690155,0,0,0,1,0.0,0.034457317
staker_04592,staker,small_persistent_staker,5.630970082,False,778,0.0,0.061479163,0,0,0,1,0.0,0.318722865
staker_04593,staker,small_persistent_staker,2.436608674,False,778,0.0,0.017270017,0,0,0,1,0.0,0.061956307
staker_04594,staker,small_persistent_staker,14.47883886,False,779,0.0,0.196475599,0,0,0,1,0.0,1.254245174
staker_04595,staker,small_persistent_staker,1.929714098,True,779,0.0,0.077747724,0,0,0,0,0.0,0.277156062
staker_04596,staker,staker_whale,135.388445949,False,779,0.0,1.186849382,0,0,0,1,0.0,3.439146306
staker_04597,staker,small_persistent_staker,30.394853261,False,780,0.0,0.390009328,0,0,0,1,0.0,1.03571133
staker_04598,staker,small_persistent_staker,39.561187172,False,781,0.0,0.380991075,0,0,0,1,0.0,0.82580884
staker_04599,staker,small_persistent_staker,18.656359578,False,781,0.0,0.392586686,0,0,0,1,0.0,0.868365745
staker_04600,staker,small_persistent_staker,9.957211912,False,781,0.0,0.106064312,0,0,0,1,0.0,0.611436289
staker_04601,staker,small_persistent_staker,13.078006079,False,781,0.0,0.216747527,0,0,0,1,0.0,0.52628203
staker_04602,staker,small_persistent_staker,5.649001554,False,781,0.0,0.051687065,0,0,0,1,0.0,0.347411422
staker_04603,staker,small_persistent_staker,4.509972673,False,781,0.0,0.098723397,0,0,0,1,0.0,0.236006755
staker_04604,staker,small_persistent_staker,37.691996568,False,781,0.0,0.355543818,0,0,0,1,0.0,1.133430498
staker_04605,staker,small_persistent_staker,16.908494713,False,781,0.0,0.149552358,0,0,0,1,0.0,0.961073639
staker_04606,staker,small_persistent_staker,7.474111854,False,781,0.0,0.014576805,0,0,0,1,0.0,0.039945006
staker_04607,staker,small_persistent_staker,4.350024914,False,782,0.0,0.051212856,0,0,0,1,0.0,0.24662376
staker_04608,staker,small_persistent_staker,17.633290941,False,782,0.0,0.177140218,0,0,0,1,0.0,1.32849086
staker_04609,staker,small_persistent_staker,9.802627958,False,782,0.0,0.113916316,0,0,0,1,0.0,0.24873885
staker_04610,staker,small_persistent_staker,50.948024459,False,782,0.0,0.744060459,0,0,0,1,0.0,2.687059233
staker_04611,staker,small_persistent_staker,66.582740416,False,782,0.0,0.734656688,0,0,0,1,0.0,1.690521633
staker_04612,staker,staker_whale,101.988817425,False,782,0.0,1.988817425,0,0,0,1,0.0,4.756511843
staker_04613,staker,small_persistent_staker,43.858869869,False,783,0.0,0.375660266,0,0,0,1,0.0,0.703663338
staker_04614,staker,small_persistent_staker,40.468904248,False,783,0.0,0.509460992,0,0,0,1,0.0,1.026498209
staker_04615,staker,staker_whale,106.06161208,False,783,0.0,0.708272988,0,0,0,1,0.0,2.706369386
staker_04616,staker,staker_whale,244.903907465,False,783,0.0,3.904343844,0,0,0,1,0.0,21.215067514
staker_04617,staker,small_persistent_staker,15.860191561,False,783,0.0,0.368861822,0,0,0,1,0.0,0.829638895
staker_04618,staker,small_persistent_staker,18.239120793,False,783,0.0,0.227786395,0,0,0,1,0.0,0.38001119
staker_04619,staker,small_persistent_staker,3.185179659,False,783,0.0,0.039779362,0,0,0,1,0.0,0.066363062
staker_04620,staker,small_persistent_staker,15.946143082,True,784,0.0,0.597439002,0,0,0,0,0.0,2.20843718
staker_04621,staker,small_persistent_staker,11.273832411,False,784,0.0,0.017242248,0,0,0,1,0.0,0.058519148
staker_04622,staker,small_persistent_staker,42.609122624,False,785,0.0,-0.093004532,0,0,0,1,0.0,0.0
staker_04623,staker,small_persistent_staker,43.847510091,False,785,0.0,0.440665235,0,0,0,1,0.0,0.878293694
staker_04624,staker,small_persistent_staker,13.06320746,False,785,0.0,0.204547049,0,0,0,1,0.0,0.616847638
staker_04625,staker,small_persistent_staker,7.774782975,False,785,0.0,0.071739822,0,0,0,1,0.0,0.155863303
staker_04626,staker,small_persistent_staker,3.513137575,False,786,0.0,0.023596008,0,0,0,1,0.0,0.054702698
staker_04627,staker,small_persistent_staker,3.072846867,False,786,0.0,0.030503919,0,0,0,1,0.0,0.088537656
staker_04628,staker,small_persistent_staker,6.070122045,False,786,0.0,0.094249775,0,0,0,1,0.0,0.251387846
staker_04629,staker,small_persistent_staker,3.660559736,False,786,0.0,0.030239229,0,0,0,1,0.0,0.105648861
staker_04630,staker,small_persistent_staker,0.984013658,True,786,0.0,0.038192646,0,0,0,0,0.0,0.136279496
staker_04631,staker,small_persistent_staker,3.423203058,False,786,0.0,0.04143901,0,0,0,1,0.0,0.162341515
staker_04632,staker,small_persistent_staker,2.455275361,False,787,0.0,0.048137652,0,0,0,1,0.0,0.101298402
staker_04633,staker,small_persistent_staker,9.504357594,False,787,0.0,-0.010600573,0,0,0,1,0.0,0.0
staker_04634,staker,small_persistent_staker,8.909081404,False,787,0.0,0.059519877,0,0,0,1,0.0,0.42497828
staker_04635,staker,small_persistent_staker,12.784983536,False,787,0.0,0.103347498,0,0,0,1,0.0,0.256873695
staker_04636,staker,small_persistent_staker,11.84663703,False,787,0.0,0.098492791,0,0,0,1,0.0,0.184233385
staker_04637,staker,small_persistent_staker,9.273350691,False,788,0.0,0.068632602,0,0,0,1,0.0,0.477638549
staker_04638,staker,small_persistent_staker,9.355777793,False,788,0.0,0.067690812,0,0,0,1,0.0,0.188252186
staker_04639,staker,small_persistent_staker,3.333367549,False,788,0.0,0.024117541,0,0,0,1,0.0,0.067072321
staker_04640,staker,small_persistent_staker,21.063116985,False,788,0.0,0.13456064,0,0,0,1,0.0,0.225822076
staker_04641,staker,small_persistent_staker,26.28133847,False,788,0.0,0.322672388,0,0,0,1,0.0,1.247374205
staker_04642,staker,small_persistent_staker,85.280074753,False,788,0.0,0.76465317,0,0,0,1,0.0,2.461976534
staker_04643,staker,small_persistent_staker,15.319272351,False,789,0.0,0.169857864,0,0,0,1,0.0,1.177282989
staker_04644,staker,small_persistent_staker,19.447731211,False,789,0.0,0.183901832,0,0,0,1,0.0,0.561442494
staker_04645,staker,small_persistent_staker,26.508957895,False,789,0.0,0.249683114,0,0,0,1,0.0,0.412254975
staker_04646,staker,small_persistent_staker,9.501461581,False,789,0.0,0.073992273,0,0,0,1,0.0,0.453235819
staker_04647,staker,small_persistent_staker,8.778051971,False,790,0.0,0.071544951,0,0,0,1,0.0,0.176627482
staker_04648,staker,small_persistent_staker,36.143994952,False,790,0.0,0.366909377,0,0,0,1,0.0,1.043166124
staker_04649,staker,small_persistent_staker,49.664670573,False,790,0.0,0.434195873,0,0,0,1,0.0,0.998730575
staker_04650,staker,small_persistent_staker,7.31088604,False,790,0.0,0.0,0,0,0,1,0.0,0.0
staker_04651,staker,small_persistent_staker,18.171165942,False,791,0.0,0.24889445,0,0,0,1,0.0,0.764533242
staker_04652,staker,small_persistent_staker,2.277666245,False,791,0.0,0.005973791,0,0,0,1,0.0,0.01261979
staker_04653,staker,small_persistent_staker,13.175881274,False,791,0.0,0.068395561,0,0,0,1,0.0,0.609238356
staker_04654,staker,small_persistent_staker,7.444004578,False,791,0.0,-0.002704123,0,0,0,1,0.0,0.0
staker_04655,staker,small_persistent_staker,2.974708142,False,791,0.0,0.020297131,0,0,0,1,0.0,0.137321569
staker_04656,staker,small_persistent_staker,28.374526008,False,791,0.0,0.380433991,0,0,0,1,0.0,1.028501967
staker_04657,staker,small_persistent_staker,0.777719078,True,791,0.0,0.027719078,0,0,0,0,0.0,0.103817422
staker_04658,staker,small_persistent_staker,6.646025701,False,792,0.0,0.033492897,0,0,0,1,0.0,0.069032185
staker_04659,staker,small_persistent_staker,29.780541604,False,792,0.0,0.043290557,0,0,0,1,0.0,0.44600514
staker_04660,staker,small_persistent_staker,7.828635638,False,792,0.0,-0.00942991,0,0,0,1,0.0,0.0
staker_04661,staker,small_persistent_staker,11.059492243,False,792,0.0,0.182673136,0,0,0,1,0.0,0.464154923
staker_04662,staker,small_persistent_staker,8.894550903,False,792,0.0,-0.007266477,0,0,0,1,0.0,0.538284947
staker_04663,staker,small_persistent_staker,2.504996844,False,792,0.0,0.017571404,0,0,0,1,0.0,0.037306896
staker_04664,staker,small_persistent_staker,6.632053263,False,792,0.0,0.028696918,0,0,0,1,0.0,0.099038437
staker_04665,staker,small_persistent_staker,6.824954755,False,792,0.0,0.04791595,0,0,0,1,0.0,0.161469183
staker_04666,staker,small_persistent_staker,8.77972355,False,792,0.0,0.143712139,0,0,0,1,0.0,0.317402017
staker_04667,staker,small_persistent_staker,20.30054344,False,793,0.0,0.094576195,0,0,0,1,0.0,1.034717935
staker_04668,staker,small_persistent_staker,12.200142499,False,794,0.0,-0.01265548,0,0,0,1,0.0,0.0
staker_04669,staker,small_persistent_staker,11.922694127,False,794,0.0,0.061434128,0,0,0,1,0.0,0.178045162
staker_04670,staker,small_persistent_staker,7.923717907,False,794,0.0,0.079029647,0,0,0,1,0.0,0.60385112
staker_04671,staker,small_persistent_staker,4.762272535,False,794,0.0,0.016039003,0,0,0,1,0.0,0.071244026
staker_04672,staker,small_persistent_staker,11.375280049,False,795,0.0,0.460363917,0,0,0,1,0.0,1.457888953
staker_04673,staker,small_persistent_staker,16.019276656,False,795,0.0,0.080086364,0,0,0,1,0.0,0.166599176
staker_04674,staker,small_persistent_staker,5.643143231,False,795,0.0,0.028963185,0,0,0,1,0.0,0.084304002
staker_04675,staker,staker_whale,148.53884409,False,795,0.0,24.834560496,1,0,0,1,0.0,10.600837058
staker_04676,staker,small_persistent_staker,15.916238764,False,795,0.0,0.072230846,0,0,0,1,0.0,0.237917784
staker_04677,staker,small_persistent_staker,19.953230528,True,795,0.0,0.74129209,0,0,0,0,0.0,2.663549105
staker_04678,staker,small_persistent_staker,4.406378532,False,795,0.0,0.039259039,0,0,0,1,0.0,0.104175972
staker_04679,staker,small_persistent_staker,16.544863581,False,796,0.0,0.093618225,0,0,0,1,0.0,0.172065237
staker_04680,staker,small_persistent_staker,13.058802959,False,796,0.0,0.029711985,0,0,0,1,0.0,0.195777932
staker_04681,staker,small_persistent_staker,5.054156144,False,796,0.0,0.052262236,0,0,0,1,0.0,0.36170467
staker_04682,staker,small_persistent_staker,57.666506882,False,796,0.0,18.723532846,1,0,0,1,0.0,0.937406223
staker_04683,staker,small_persistent_staker,4.680113687,False,796,0.0,0.020354215,0,0,0,1,0.0,0.025943849
staker_04684,staker,small_persistent_staker,41.601312745,False,796,0.0,18.341657219,1,0,0,1,0.0,0.714171153
staker_04685,staker,small_persistent_staker,10.413724139,False,796,0.0,0.146992739,0,0,0,1,0.0,0.378041302
staker_04686,staker,small_persistent_staker,12.639920192,False,797,0.0,0.142708728,0,0,0,1,0.0,0.534673749
staker_04687,staker,small_persistent_staker,5.641558107,False,797,0.0,0.022641259,0,0,0,1,0.0,0.0844902
staker_04688,staker,small_persistent_staker,37.588806007,False,798,0.0,-0.15223788,0,0,0,1,0.0,0.355247421
staker_04689,staker,small_persistent_staker,18.124240984,False,798,0.0,0.085999557,0,0,0,1,0.0,0.32855094
staker_04690,staker,small_persistent_staker,28.338154297,False,798,0.0,0.079317858,0,0,0,1,0.0,0.26599367
staker_04691,staker,small_persistent_staker,3.87145096,False,798,0.0,0.007978066,0,0,0,1,0.0,0.018806496
staker_04692,staker,small_persistent_staker,11.59958921,False,798,0.0,0.000298607,0,0,0,1,0.0,0.47345533
staker_04693,staker,small_persistent_staker,8.255203194,False,798,0.0,0.002932462,0,0,0,1,0.0,0.077676651
staker_04694,staker,small_persistent_staker,11.989397406,False,798,0.0,-0.041917927,0,0,0,1,0.0,0.113247894
staker_04695,staker,small_persistent_staker,10.206958188,False,799,0.0,0.068725604,0,0,0,1,0.0,0.375359285
staker_04696,staker,small_persistent_staker,10.527716457,False,799,0.0,0.039096246,0,0,0,1,0.0,0.05108158
staker_04697,staker,small_persistent_staker,20.241779071,False,799,0.0,0.288503417,0,0,0,1,0.0,0.620914169
staker_04698,staker,small_persistent_staker,10.210092693,False,799,0.0,0.143587312,0,0,0,1,0.0,0.372703647
staker_04699,staker,small_persistent_staker,16.121360539,False,799,0.0,0.0,0,0,0,1,0.0,0.0
staker_04700,staker,small_persistent_staker,11.399841185,False,799,0.0,0.111819495,0,0,0,1,0.0,0.351265262
staker_04701,staker,small_persistent_staker,3.782679523,False,799,0.0,0.015031658,0,0,0,1,0.0,0.068658574
staker_04702,staker,small_persistent_staker,66.216342381,False,799,0.0,1.030699588,0,0,0,1,0.0,2.413441993
staker_04703,staker,staker_whale,151.574269627,False,799,0.0,0.362481705,0,0,0,1,0.0,7.629525681
staker_04704,staker,small_persistent_staker,22.637987409,False,800,0.0,0.097430963,0,0,0,1,0.0,0.834936265
staker_04705,staker,small_persistent_staker,16.909397005,False,800,0.0,0.032416743,0,0,0,1,0.0,0.159012587
staker_04706,staker,small_persistent_staker,10.384212392,False,800,0.0,0.0663901,0,0,0,1,0.0,0.382187726
staker_04707,staker,small_persistent_staker,19.645665486,True,800,0.0,0.668730493,0,0,0,0,0.0,2.517245819
staker_04708,staker,small_persistent_staker,2.409424535,False,801,0.0,0.011458414,0,0,0,1,0.0,0.022600027
staker_04709,staker,small_persistent_staker,7.770170536,False,801,0.0,0.074642937,0,0,0,1,0.0,0.189052543
staker_04710,staker,staker_whale,163.929128514,False,801,0.0,14.792773828,1,0,0,1,0.0,6.095088172
staker_04711,staker,small_persistent_staker,6.615286528,False,801,0.0,0.041189104,0,0,0,1,0.0,0.360373484
staker_04712,staker,small_persistent_staker,8.664353375,False,801,0.0,0.064933791,0,0,0,1,0.0,0.318630235
staker_04713,staker,small_persistent_staker,36.535329045,False,801,0.0,-0.069547615,0,0,0,1,0.0,0.344988693
staker_04714,staker,small_persistent_staker,1.188019896,False,802,0.0,-0.00011296,0,0,0,1,0.0,0.005380658
staker_04715,staker,small_persistent_staker,33.097813082,False,802,0.0,-0.029690531,0,0,0,1,0.0,0.0
staker_04716,staker,small_persistent_staker,4.064984925,False,802,0.0,-0.027588138,0,0,0,1,0.0,0.0185339
staker_04717,staker,small_persistent_staker,26.303128927,False,802,0.0,-0.04041568,0,0,0,1,0.0,0.0
staker_04718,staker,small_persistent_staker,6.331257839,False,803,0.0,-0.018234053,0,0,0,1,0.0,0.0
staker_04719,staker,small_persistent_staker,30.500304287,False,803,0.0,0.039462175,0,0,0,1,0.0,0.137998734
staker_04720,staker,small_persistent_staker,14.470951042,False,803,0.0,0.203940865,0,0,0,1,0.0,1.240635181
staker_04721,staker,small_persistent_staker,11.206886965,False,803,0.0,-0.010960086,0,0,0,1,0.0,0.454301097
staker_04722,staker,small_persistent_staker,5.200405665,False,803,0.0,0.000641572,0,0,0,1,0.0,0.166572026
staker_04723,staker,small_persistent_staker,17.87901425,False,803,0.0,-0.065713797,0,0,0,1,0.0,0.081296169
staker_04724,staker,small_persistent_staker,4.792127468,False,803,0.0,-0.024322963,0,0,0,1,0.0,0.239472245
staker_04725,staker,small_persistent_staker,18.424858749,False,804,0.0,0.024771274,0,0,0,1,0.0,0.589745857
staker_04726,staker,small_persistent_staker,45.459715649,False,804,0.0,-0.220605157,0,0,0,1,0.0,0.207056528
staker_04727,staker,small_persistent_staker,7.538180863,False,804,0.0,0.020670272,0,0,0,1,0.0,0.240945633
staker_04728,staker,small_persistent_staker,9.062191073,False,804,0.0,0.09881755,0,0,0,1,0.0,0.287287352
staker_04729,staker,small_persistent_staker,16.024681269,False,804,0.0,-0.056764017,0,0,0,1,0.0,0.072892838
staker_04730,staker,small_persistent_staker,2.010861956,False,804,0.0,0.015744098,0,0,0,1,0.0,0.063946027
staker_04731,staker,small_persistent_staker,7.281837131,False,804,0.0,0.03093576,0,0,0,1,0.0,0.232400474
staker_04732,staker,small_persistent_staker,11.43750794,False,804,0.0,0.124718902,0,0,0,1,0.0,0.362589063
staker_04733,staker,small_persistent_staker,20.026923988,False,805,0.0,-0.022250697,0,0,0,1,0.0,0.090935544
staker_04734,staker,small_persistent_staker,16.772810886,False,805,0.0,0.024140117,0,0,0,1,0.0,0.075965695
staker_04735,staker,small_persistent_staker,3.349235288,False,805,0.0,0.011620341,0,0,0,1,0.0,0.2050229
staker_04736,staker,small_persistent_staker,21.007043089,False,805,0.0,-0.03606706,0,0,0,1,0.0,0.0
staker_04737,staker,small_persistent_staker,35.7062291,False,806,0.0,0.033356834,0,0,0,1,0.0,0.475418038
staker_04738,staker,small_persistent_staker,3.504294582,False,806,0.0,0.022404223,0,0,0,1,0.0,0.068382402
staker_04739,staker,small_persistent_staker,20.543102265,False,806,0.0,-0.077723522,0,0,0,1,0.0,0.836594097
staker_04740,staker,staker_whale,277.998812095,True,806,0.0,23.375759582,1,0,0,0,0.0,33.587013718
staker_04741,staker,small_persistent_staker,3.50264723,False,806,0.0,-0.002176974,0,0,0,1,0.0,0.0
staker_04742,staker,small_persistent_staker,23.303991875,False,807,0.0,0.094465871,0,0,0,1,0.0,0.105400769
staker_04743,staker,small_persistent_staker,4.566953367,False,807,0.0,0.004618486,0,0,0,1,0.0,0.020718803
staker_04744,staker,small_persistent_staker,4.790548701,False,807,0.0,0.01882621,0,0,0,1,0.0,0.063633029
staker_04745,staker,small_persistent_staker,5.339728335,False,807,0.0,0.036401904,0,0,0,1,0.0,0.170298608
staker_04746,staker,small_persistent_staker,7.060449929,False,807,0.0,0.010977292,0,0,0,1,0.0,0.094007834
staker_04747,staker,small_persistent_staker,24.93576868,False,807,0.0,-0.012102067,0,0,0,1,0.0,1.012772891
staker_04748,staker,small_persistent_staker,6.33202646,False,807,0.0,-0.012409681,0,0,0,1,0.0,0.316202597
staker_04749,staker,small_persistent_staker,7.105246205,False,807,0.0,0.05702403,0,0,0,1,0.0,0.226330104
staker_04750,staker,small_persistent_staker,11.85601278,False,807,0.0,-0.003513535,0,0,0,1,0.0,0.425999186
staker_04751,staker,small_persistent_staker,36.637156959,False,807,0.0,0.169191587,0,0,0,1,0.0,1.171046854
staker_04752,staker,small_persistent_staker,9.606085579,False,808,0.0,0.004728536,0,0,0,1,0.0,0.308460827
staker_04753,staker,small_persistent_staker,3.177283117,False,808,0.0,0.035951224,0,0,0,1,0.0,0.082384742
staker_04754,staker,small_persistent_staker,3.372095896,False,808,0.0,0.003368875,0,0,0,1,0.0,0.015305517
staker_04755,staker,small_persistent_staker,2.014854538,False,808,0.0,0.00201293,0,0,0,1,0.0,0.00914517
staker_04756,staker,small_persistent_staker,43.688619495,False,808,0.0,0.076526776,0,0,0,1,0.0,0.581860673
staker_04757,staker,small_persistent_staker,9.959980027,False,808,0.0,7.8191e-05,0,0,0,1,0.0,0.045251943
staker_04758,staker,small_persistent_staker,3.075481758,False,808,0.0,0.012799686,0,0,0,1,0.0,0.013915028
staker_04759,staker,small_persistent_staker,2.621751856,False,809,0.0,-0.006578099,0,0,0,1,0.0,0.023020285
staker_04760,staker,small_persistent_staker,9.582275928,False,809,0.0,-0.007963414,0,0,0,1,0.0,0.0
staker_04761,staker,small_persistent_staker,1.162554942,False,809,0.0,-0.004575629,0,0,0,1,0.0,0.0
staker_04762,staker,small_persistent_staker,10.460587873,False,809,0.0,-0.037028689,0,0,0,1,0.0,0.0
staker_04763,staker,small_persistent_staker,4.829416697,False,810,0.0,-0.020145224,0,0,0,1,0.0,0.0
staker_04764,staker,small_persistent_staker,16.689504488,False,810,0.0,-0.034976111,0,0,0,1,0.0,0.0
staker_04765,staker,small_persistent_staker,16.123949892,False,811,0.0,-0.024305549,0,0,0,1,0.0,0.729125264
staker_04766,staker,small_persistent_staker,4.048532941,False,811,0.0,-0.018240249,0,0,0,1,0.0,0.0
staker_04767,staker,small_persistent_staker,57.314540556,False,811,0.0,-0.032413578,0,0,0,1,0.0,0.502691965
staker_04768,staker,small_persistent_staker,11.369382708,False,812,0.0,0.023116637,0,0,0,1,0.0,0.644586591
staker_04769,staker,small_persistent_staker,20.13742588,False,812,0.0,0.203614067,0,0,0,1,0.0,0.548109545
staker_04770,staker,small_persistent_staker,7.543220019,False,812,0.0,0.017294231,0,0,0,1,0.0,0.206936425
staker_04771,staker,small_persistent_staker,6.617883278,False,812,0.0,-0.011078757,0,0,0,1,0.0,0.0
staker_04772,staker,small_persistent_staker,9.816757662,False,812,0.0,-0.038838843,0,0,0,1,0.0,0.0
staker_04773,staker,small_persistent_staker,8.166121745,False,812,0.0,0.033868517,0,0,0,1,0.0,0.223608292
staker_04774,staker,small_persistent_staker,8.61391702,True,812,0.0,0.25594059,0,0,0,0,0.0,1.025325146
staker_04775,staker,small_persistent_staker,5.292905878,False,812,0.0,-0.020522788,0,0,0,1,0.0,0.191058333
staker_04776,staker,small_persistent_staker,34.245838374,False,812,0.0,0.352786334,0,0,0,1,0.0,0.732575475
staker_04777,staker,small_persistent_staker,18.211708134,False,813,0.0,0.012408301,0,0,0,1,0.0,0.159730485
staker_04778,staker,small_persistent_staker,2.079807236,False,813,0.0,-0.004967402,0,0,0,1,0.0,0.057364107
staker_04779,staker,small_persistent_staker,18.803981529,False,813,0.0,0.023549413,0,0,0,1,0.0,0.16483093
staker_04780,staker,small_persistent_staker,5.753158112,False,813,0.0,-0.014098752,0,0,0,1,0.0,0.0
staker_04781,staker,small_persistent_staker,5.449830175,False,813,0.0,0.03063289,0,0,0,1,0.0,0.333585064
staker_04782,staker,small_persistent_staker,8.394281182,False,813,0.0,0.000429254,0,0,0,1,0.0,0.073670638
staker_04783,staker,small_persistent_staker,5.002645132,False,813,0.0,-0.024786042,0,0,0,1,0.0,0.0
staker_04784,staker,small_persistent_staker,13.35592741,False,813,0.0,0.151696375,0,0,0,1,0.0,0.363324127
staker_04785,staker,small_persistent_staker,15.059335086,True,813,0.0,0.45767808,0,0,0,0,0.0,1.792531193
staker_04786,staker,small_persistent_staker,37.440052405,False,813,0.0,0.018474078,0,0,0,1,0.0,1.346534061
staker_04787,staker,small_persistent_staker,6.420963152,False,814,0.0,-0.006922226,0,0,0,1,0.0,0.0
staker_04788,staker,small_persistent_staker,7.617882032,False,814,0.0,0.044319016,0,0,0,1,0.0,0.501605995
staker_04789,staker,small_persistent_staker,3.37695235,False,814,0.0,-0.006784736,0,0,0,1,0.0,0.093141255
staker_04790,staker,small_persistent_staker,36.239809556,False,814,0.0,0.12206694,0,0,0,1,0.0,0.994182408
staker_04791,staker,small_persistent_staker,13.442231062,False,814,0.0,-0.002401862,0,0,0,1,0.0,0.48395897
staker_04792,staker,small_persistent_staker,3.073670171,False,814,0.0,0.026750509,0,0,0,1,0.0,0.083869968
staker_04793,staker,small_persistent_staker,2.592896686,False,815,0.0,0.000123275,0,0,0,1,0.0,0.081276748
staker_04794,staker,small_persistent_staker,67.691098872,False,815,0.0,0.842097335,0,0,0,1,0.0,1.447314957
staker_04795,staker,small_persistent_staker,6.914600153,False,815,0.0,0.09176684,0,0,0,1,0.0,0.187917922
staker_04796,staker,small_persistent_staker,14.859462953,False,815,0.0,0.008083913,0,0,0,1,0.0,0.130473475
staker_04797,staker,small_persistent_staker,21.942602307,False,815,0.0,0.175519306,0,0,0,1,0.0,0.599519996
staker_04798,staker,small_persistent_staker,54.577179215,False,815,0.0,23.656846037,1,0,0,1,0.0,1.960088373
staker_04799,staker,small_persistent_staker,39.245443501,False,815,0.0,17.622204601,1,0,0,1,0.0,3.634346229
staker_04800,staker,small_persistent_staker,21.958827415,False,815,0.0,0.854031325,0,0,0,1,0.0,2.48699461
staker_04801,staker,small_persistent_staker,7.221487832,False,816,0.0,0.087094643,0,0,0,1,0.0,0.522062181
staker_04802,staker,small_persistent_staker,4.532616974,False,816,0.0,-0.00777444,0,0,0,1,0.0,0.16361414
staker_04803,staker,small_persistent_staker,9.223283972,False,816,0.0,0.011349551,0,0,0,1,0.0,0.28891
staker_04804,staker,small_persistent_staker,42.312503951,False,816,0.0,0.413420652,0,0,0,1,0.0,1.154563816
staker_04805,staker,small_persistent_staker,9.347359877,False,817,0.0,0.109910146,0,0,0,1,0.0,0.676220957
staker_04806,staker,small_persistent_staker,3.594276588,False,817,0.0,0.00583892,0,0,0,1,0.0,0.112587062
staker_04807,staker,small_persistent_staker,8.586392669,True,817,0.0,0.276346266,0,0,0,0,0.0,1.022048889
staker_04808,staker,small_persistent_staker,1.722243067,True,817,0.0,0.055429033,0,0,0,0,0.0,0.205000712
staker_04809,staker,small_persistent_staker,49.800560417,False,818,0.0,-0.024248697,0,0,0,1,0.0,2.258014398
staker_04810,staker,small_persistent_staker,9.294874069,False,818,0.0,0.040732482,0,0,0,1,0.0,0.255258521
staker_04811,staker,small_persistent_staker,9.57413922,False,818,0.0,0.051972148,0,0,0,1,0.0,0.262651512
staker_04812,staker,small_persistent_staker,4.713880135,False,818,0.0,0.058610932,0,0,0,1,0.0,0.128407062
staker_04813,staker,small_persistent_staker,14.006583103,False,818,0.0,0.411164633,0,0,0,1,0.0,1.392853895
staker_04814,staker,small_persistent_staker,13.549932368,False,818,0.0,0.0,0,0,0,1,0.0,0.0
staker_04815,staker,small_persistent_staker,14.33815309,False,818,0.0,0.16204489,0,0,0,1,0.0,0.391021942
staker_04816,staker,small_persistent_staker,5.315539761,False,819,0.0,0.070289063,0,0,0,1,0.0,0.144737354
staker_04817,staker,small_persistent_staker,6.470043089,False,819,0.0,0.063727395,0,0,0,1,0.0,0.17677576
staker_04818,staker,small_persistent_staker,11.72573573,False,820,0.0,0.164303009,0,0,0,1,0.0,0.319156367
staker_04819,staker,small_persistent_staker,15.804483389,False,820,0.0,0.219099381,0,0,0,1,0.0,0.338200347
staker_04820,staker,small_persistent_staker,14.510821464,False,820,0.0,0.200680202,0,0,0,1,0.0,1.049029131
staker_04821,staker,small_persistent_staker,0.756655117,False,820,0.0,0.006655117,0,0,0,1,0.0,0.011347121
staker_04822,staker,small_persistent_staker,3.506218393,False,820,0.0,0.030498926,0,0,0,1,0.0,0.095948143
staker_04823,staker,small_persistent_staker,6.973143263,False,821,0.0,0.10170471,0,0,0,1,0.0,0.149167139
staker_04824,staker,small_persistent_staker,13.107850195,False,821,0.0,0.03841605,0,0,0,1,0.0,0.115124988
staker_04825,staker,staker_whale,137.52780832,False,821,0.0,20.972398436,1,0,0,1,0.0,12.977619801
staker_04826,staker,small_persistent_staker,14.531079529,False,821,0.0,0.164661451,0,0,0,1,0.0,0.396743032
staker_04827,staker,small_persistent_staker,10.356868283,False,821,0.0,0.105046577,0,0,0,1,0.0,0.222549456
staker_04828,staker,small_persistent_staker,2.410497003,False,821,0.0,0.015313028,0,0,0,1,0.0,0.136663008
staker_04829,staker,small_persistent_staker,9.073947585,False,821,0.0,-0.015834553,0,0,0,1,0.0,0.0
staker_04830,staker,small_persistent_staker,12.430346639,False,821,0.0,0.077841084,0,0,0,1,0.0,0.34112682
staker_04831,staker,small_persistent_staker,7.355456061,False,822,0.0,0.032210447,0,0,0,1,0.0,0.064553609
staker_04832,staker,small_persistent_staker,31.554686247,False,822,0.0,0.415528548,0,0,0,1,0.0,0.860541424
staker_04833,staker,small_persistent_staker,6.924578725,False,822,0.0,0.023403089,0,0,0,1,0.0,0.249403256
staker_04834,staker,small_persistent_staker,3.850644952,False,822,0.0,0.024113437,0,0,0,1,0.0,0.105747526
staker_04835,staker,small_persistent_staker,15.57854021,True,822,0.0,0.538835518,0,0,0,0,0.0,1.854332818
staker_04836,staker,small_persistent_staker,15.514139015,False,823,0.0,0.074071536,0,0,0,1,0.0,0.426949741
staker_04837,staker,small_persistent_staker,6.049176833,False,823,0.0,0.243372387,0,0,0,1,0.0,0.686878951
staker_04838,staker,small_persistent_staker,4.901814897,False,823,0.0,0.031075918,0,0,0,1,0.0,0.153292438
staker_04839,staker,small_persistent_staker,7.39888382,False,823,0.0,0.050845319,0,0,0,1,0.0,0.064811338
staker_04840,staker,small_persistent_staker,16.314967519,False,824,0.0,0.072847056,0,0,0,1,0.0,0.667939802
staker_04841,staker,small_persistent_staker,10.901939594,False,824,0.0,0.074525259,0,0,0,1,0.0,0.618862352
staker_04842,staker,small_persistent_staker,19.570447157,False,824,0.0,0.087382918,0,0,0,1,0.0,0.801220142
staker_04843,staker,small_persistent_staker,3.286629381,False,824,0.0,0.01941463,0,0,0,1,0.0,0.090384861
staker_04844,staker,small_persistent_staker,1.668193751,False,824,0.0,0.00569181,0,0,0,1,0.0,0.045991776
staker_04845,staker,small_persistent_staker,35.60934034,False,824,0.0,-0.052167246,0,0,0,1,0.0,0.0
staker_04846,staker,small_persistent_staker,4.020353595,False,825,0.0,0.031723094,0,0,0,1,0.0,0.03521673
staker_04847,staker,small_persistent_staker,14.847396696,False,825,0.0,0.056089067,0,0,0,1,0.0,0.069044756
staker_04848,staker,small_persistent_staker,99.967552404,False,825,0.0,-0.032447596,0,0,0,1,0.0,0.0
staker_04849,staker,staker_whale,100.723862272,False,825,0.0,0.723862272,0,0,0,1,0.0,2.768045479
staker_04850,staker,small_persistent_staker,7.197741266,False,825,0.0,0.089594129,0,0,0,1,0.0,0.154665808
staker_04851,staker,small_persistent_staker,9.893049713,False,825,0.0,0.071097407,0,0,0,1,0.0,0.271876107
staker_04852,staker,small_persistent_staker,5.932175291,False,825,0.0,0.021043516,0,0,0,1,0.0,0.26883191
staker_04853,staker,small_persistent_staker,22.202882638,False,825,0.0,0.367279077,0,0,0,1,0.0,0.475119776
staker_04854,staker,small_persistent_staker,15.031088525,False,825,0.0,0.090210301,0,0,0,1,0.0,0.131917178
staker_04855,staker,small_persistent_staker,27.721694955,False,825,0.0,0.409790437,0,0,0,1,0.0,0.594278327
staker_04856,staker,small_persistent_staker,20.117926168,False,826,0.0,0.154523926,0,0,0,1,0.0,0.629139618
staker_04857,staker,small_persistent_staker,7.075459444,False,826,0.0,0.11763061,0,0,0,1,0.0,0.19265838
staker_04858,staker,small_persistent_staker,15.603090418,False,827,0.0,0.111718365,0,0,0,1,0.0,0.488474599
staker_04859,staker,small_persistent_staker,5.919331342,False,827,0.0,0.03493853,0,0,0,1,0.0,0.185546923
staker_04860,staker,small_persistent_staker,6.887500732,True,827,0.0,0.254877292,0,0,0,0,0.0,0.819827691
staker_04861,staker,small_persistent_staker,17.480024721,True,827,0.0,0.646861836,0,0,0,0,0.0,2.08066886
staker_04862,staker,small_persistent_staker,12.96236712,False,828,0.0,0.002858787,0,0,0,1,0.0,0.297104407
staker_04863,staker,small_persistent_staker,8.874315876,False,828,0.0,0.011163905,0,0,0,1,0.0,0.23695739
staker_04864,staker,small_persistent_staker,32.868417565,False,828,0.0,25.078569543,1,0,0,1,0.0,0.561582661
staker_04865,staker,small_persistent_staker,17.04624954,False,828,0.0,0.129736858,0,0,0,1,0.0,1.04375821
staker_04866,staker,small_persistent_staker,3.095608782,False,828,0.0,0.012780268,0,0,0,1,0.0,0.012780268
staker_04867,staker,small_persistent_staker,6.4596617,False,828,0.0,0.2587471,0,0,0,1,0.0,0.702766917
staker_04868,staker,small_persistent_staker,5.930740424,False,829,0.0,-0.02041921,0,0,0,1,0.0,0.1615918
staker_04869,staker,staker_whale,136.545980955,True,829,0.0,20.405549309,1,0,0,0,0.0,14.414634477
staker_04870,staker,small_persistent_staker,23.311222145,False,829,0.0,0.115612662,0,0,0,1,0.0,0.297545085
staker_04871,staker,small_persistent_staker,99.946425385,False,829,0.0,-0.053574615,0,0,0,1,0.0,2.24962237
staker_04872,staker,small_persistent_staker,48.654725873,False,829,0.0,0.150480122,0,0,0,1,0.0,0.305159108
staker_04873,staker,small_persistent_staker,14.673581124,False,829,0.0,0.10928059,0,0,0,1,0.0,0.982945189
staker_04874,staker,small_persistent_staker,16.007228136,False,829,0.0,-0.04504524,0,0,0,1,0.0,0.300216496
staker_04875,staker,small_persistent_staker,29.189228551,True,829,0.0,17.355081028,1,0,0,0,0.0,1.543754786
staker_04876,staker,small_persistent_staker,4.647404692,False,829,0.0,-0.003297894,0,0,0,1,0.0,0.086979433
staker_04877,staker,small_persistent_staker,3.298914392,False,830,0.0,-0.010123006,0,0,0,1,0.0,0.120402391
staker_04878,staker,small_persistent_staker,20.514285402,False,830,0.0,0.193122202,0,0,0,1,0.0,0.260855302
staker_04879,staker,small_persistent_staker,4.457655113,False,830,0.0,0.045103847,0,0,0,1,0.0,0.082583233
staker_04880,staker,small_persistent_staker,53.470987512,True,830,0.0,23.851947943,1,0,0,0,0.0,4.478279457
staker_04881,staker,small_persistent_staker,22.950515529,False,830,0.0,0.005172353,0,0,0,1,0.0,1.101681907
staker_04882,staker,small_persistent_staker,5.100765383,False,831,0.0,-0.005664047,0,0,0,1,0.0,0.0
staker_04883,staker,small_persistent_staker,6.476505232,False,831,0.0,-0.012146163,0,0,0,1,0.0,0.236230578
staker_04884,staker,small_persistent_staker,7.178481016,False,831,0.0,-0.024871396,0,0,0,1,0.0,0.162254455
staker_04885,staker,small_persistent_staker,29.728654814,False,831,0.0,0.321233977,0,0,0,1,0.0,0.377708079
staker_04886,staker,small_persistent_staker,50.759656358,False,831,0.0,-0.223175442,0,0,0,1,0.0,1.38609826
staker_04887,staker,small_persistent_staker,5.421914294,False,831,0.0,-0.014358137,0,0,0,1,0.0,0.101800887
staker_04888,staker,small_persistent_staker,5.233326315,False,832,0.0,-0.008544687,0,0,0,1,0.0,0.118146834
staker_04889,staker,small_persistent_staker,7.050217805,False,832,0.0,0.023962944,0,0,0,1,0.0,0.131658239
staker_04890,staker,small_persistent_staker,4.271888341,True,832,0.0,0.129617925,0,0,0,0,0.0,0.472134365
staker_04891,staker,small_persistent_staker,32.211833219,False,832,0.0,0.220668771,0,0,0,1,0.0,0.411152731
staker_04892,staker,small_persistent_staker,19.786727553,True,832,0.0,0.600370225,0,0,0,0,0.0,2.186853519
staker_04893,staker,small_persistent_staker,13.424441149,False,832,0.0,0.136969535,0,0,0,1,0.0,0.170771534
staker_04894,staker,small_persistent_staker,6.216125893,False,832,0.0,0.174618106,0,0,0,1,0.0,0.564387227
staker_04895,staker,small_persistent_staker,6.575634271,False,833,0.0,-0.020080745,0,0,0,1,0.0,0.148732486
staker_04896,staker,small_persistent_staker,6.169117331,False,833,0.0,0.055835727,0,0,0,1,0.0,0.39320478
staker_04897,staker,small_persistent_staker,18.993639376,False,833,0.0,-0.005205742,0,0,0,1,0.0,0.0
staker_04898,staker,small_persistent_staker,7.922625418,False,833,0.0,0.012840429,0,0,0,1,0.0,0.215286466
staker_04899,staker,small_persistent_staker,30.133577682,False,833,0.0,0.005089414,0,0,0,1,0.0,1.09809774
staker_04900,staker,small_persistent_staker,16.142313536,False,833,0.0,0.004386564,0,0,0,1,0.0,0.302538105
staker_04901,staker,small_persistent_staker,20.187778439,False,834,0.0,0.097841492,0,0,0,1,0.0,0.376729757
staker_04902,staker,small_persistent_staker,22.559761577,False,834,0.0,0.215999546,0,0,0,1,0.0,0.41899385
staker_04903,staker,small_persistent_staker,100.630811973,False,834,0.0,0.630811973,0,0,0,1,0.0,0.630811973
staker_04904,staker,small_persistent_staker,4.08009966,False,834,0.0,0.041844003,0,0,0,1,0.0,0.051939068
staker_04905,staker,small_persistent_staker,7.224285214,False,834,0.0,0.0,0,0,0,1,0.0,0.0
staker_04906,staker,small_persistent_staker,16.292331367,False,834,0.0,0.629417256,0,0,0,1,0.0,1.707657445
staker_04907,staker,small_persistent_staker,9.168485052,False,834,0.0,0.343456238,0,0,0,1,0.0,1.006631475
staker_04908,staker,small_persistent_staker,27.828795066,False,834,0.0,0.243031555,0,0,0,1,0.0,0.354801419
staker_04909,staker,small_persistent_staker,6.773163815,False,835,0.0,-0.047922537,0,0,0,1,0.0,0.0843498
staker_04910,staker,small_persistent_staker,8.545797533,False,835,0.0,0.02457792,0,0,0,1,0.0,0.055494924
staker_04911,staker,small_persistent_staker,3.931777668,False,835,0.0,0.013102795,0,0,0,1,0.0,0.025520591
staker_04912,staker,small_persistent_staker,71.619201933,False,835,0.0,-0.162251313,0,0,0,1,0.0,2.981596927
staker_04913,staker,small_persistent_staker,7.675860403,False,836,0.0,-0.006872474,0,0,0,1,0.0,0.095055795
staker_04914,staker,small_persistent_staker,2.915845456,False,836,0.0,-0.010175054,0,0,0,1,0.0,0.087710591
staker_04915,staker,small_persistent_staker,9.350044921,False,836,0.0,-0.070067435,0,0,0,1,0.0,0.282377934
staker_04916,staker,small_persistent_staker,31.725627371,False,836,0.0,-0.144917914,0,0,0,1,0.0,0.662814373
staker_04917,staker,small_persistent_staker,2.749571719,False,836,0.0,0.032144539,0,0,0,1,0.0,0.193000367
staker_04918,staker,small_persistent_staker,19.480025508,False,836,0.0,0.185395187,0,0,0,1,0.0,1.293563972
staker_04919,staker,small_persistent_staker,14.1187944,True,837,0.0,0.2701175,0,0,0,0,0.0,1.384476549
staker_04920,staker,small_persistent_staker,49.558217296,False,837,0.0,-0.513181723,0,0,0,1,0.0,0.291350314
staker_04921,staker,small_persistent_staker,4.97649135,False,837,0.0,-0.009661813,0,0,0,1,0.0,0.0
staker_04922,staker,small_persistent_staker,19.429165628,True,837,0.0,0.37171429,0,0,0,0,0.0,1.905206877
staker_04923,staker,small_persistent_staker,47.11075962,False,838,0.0,-0.291194211,0,0,0,1,0.0,2.089789038
staker_04924,staker,small_persistent_staker,6.378788085,False,838,0.0,-0.076103785,0,0,0,1,0.0,0.150525425
staker_04925,staker,small_persistent_staker,47.912573082,False,839,0.0,-0.465589373,0,0,0,1,0.0,0.463669159
staker_04926,staker,small_persistent_staker,4.267808284,False,839,0.0,-0.041472333,0,0,0,1,0.0,0.04130129
staker_04927,staker,small_persistent_staker,7.792693661,False,839,0.0,-0.074129649,0,0,0,1,0.0,0.045812862
staker_04928,staker,small_persistent_staker,20.514944254,False,839,0.0,-0.2401196,0,0,0,1,0.0,0.198922045
staker_04929,staker,small_persistent_staker,19.533353145,False,839,0.0,-0.30409445,0,0,0,1,0.0,0.281700244
staker_04930,staker,small_persistent_staker,3.0824726,False,839,0.0,-0.004157964,0,0,0,1,0.0,0.017975156
staker_04931,staker,staker_whale,98.660163406,False,839,0.0,-1.339836594,0,0,0,1,0.0,0.958426561
staker_04932,staker,small_persistent_staker,34.243297465,False,840,0.0,-0.032298562,0,0,0,1,0.0,0.199686649
staker_04933,staker,small_persistent_staker,5.046506733,False,840,0.0,-0.017092543,0,0,0,1,0.0,0.0
staker_04934,staker,small_persistent_staker,31.05030485,False,840,0.0,-0.289028355,0,0,0,1,0.0,0.300486236
staker_04935,staker,small_persistent_staker,8.03201689,False,840,0.0,0.00298206,0,0,0,1,0.0,0.408774605
staker_04936,staker,small_persistent_staker,4.422136404,False,840,0.0,-0.050068864,0,0,0,1,0.0,0.063532969
staker_04937,staker,small_persistent_staker,13.7935888,False,840,0.0,-0.096663722,0,0,0,1,0.0,0.484209313
staker_04938,staker,small_persistent_staker,72.523765521,False,841,0.0,-0.256643924,0,0,0,1,0.0,0.424309368
staker_04939,staker,small_persistent_staker,12.876939869,False,841,0.0,-0.165570789,0,0,0,1,0.0,0.18541409
staker_04940,staker,small_persistent_staker,50.623538561,False,841,0.0,-0.080094937,0,0,0,1,0.0,2.238590011
staker_04941,staker,small_persistent_staker,14.369738135,False,841,0.0,-0.124982395,0,0,0,1,0.0,0.505634799
staker_04942,staker,small_persistent_staker,11.755449193,True,841,0.0,0.2472456,0,0,0,0,0.0,1.152728999
staker_04943,staker,small_persistent_staker,11.135161524,False,841,0.0,-0.020588856,0,0,0,1,0.0,0.065037961
staker_04944,staker,small_persistent_staker,63.862152997,False,842,0.0,0.028071213,0,0,0,1,0.0,0.372406289
staker_04945,staker,small_persistent_staker,12.170906592,False,842,0.0,-0.047339722,0,0,0,1,0.0,0.426512977
staker_04946,staker,small_persistent_staker,25.047504078,False,842,0.0,-0.021423664,0,0,0,1,0.0,0.0
staker_04947,staker,small_persistent_staker,9.067125138,False,842,0.0,-0.083333495,0,0,0,1,0.0,0.087857344
staker_04948,staker,small_persistent_staker,26.247579169,False,842,0.0,-0.022450114,0,0,0,1,0.0,0.0
staker_04949,staker,small_persistent_staker,9.96568867,False,842,0.0,0.181915506,0,0,0,1,0.0,0.78127833
staker_04950,staker,small_persistent_staker,21.63589571,False,843,0.0,-0.156823601,0,0,0,1,0.0,0.127196363
staker_04951,staker,small_persistent_staker,7.493110429,False,843,0.0,-0.043749666,0,0,0,1,0.0,0.043989976
staker_04952,staker,small_persistent_staker,29.417066783,False,843,0.0,-0.360243386,0,0,0,1,0.0,0.42380116
staker_04953,staker,small_persistent_staker,3.299972839,False,843,0.0,0.096222284,0,0,0,1,0.0,0.321272476
staker_04954,staker,small_persistent_staker,13.474756681,False,843,0.0,0.052740553,0,0,0,1,0.0,0.078339542
staker_04955,staker,small_persistent_staker,1.655249233,False,843,0.0,-0.003162988,0,0,0,1,0.0,0.0
staker_04956,staker,small_persistent_staker,15.025252132,False,843,0.0,0.006792961,0,0,0,1,0.0,0.087657413
staker_04957,staker,small_persistent_staker,44.912722942,False,843,0.0,1.222970629,0,0,0,1,0.0,4.381213408
staker_04958,staker,small_persistent_staker,8.115842362,False,843,0.0,0.174330358,0,0,0,1,0.0,0.634455956
staker_04959,staker,small_persistent_staker,25.538216827,False,844,0.0,0.446321318,0,0,0,1,0.0,1.875374299
staker_04960,staker,small_persistent_staker,3.498911139,False,844,0.0,-0.004004717,0,0,0,1,0.0,0.0
staker_04961,staker,small_persistent_staker,1.357662473,False,844,0.0,0.029088769,0,0,0,1,0.0,0.106183334
staker_04962,staker,small_persistent_staker,32.483120296,False,844,0.0,0.034070334,0,0,0,1,0.0,1.762927944
staker_04963,staker,small_persistent_staker,18.481112844,True,844,0.0,0.416491647,0,0,0,0,0.0,1.812241655
staker_04964,staker,small_persistent_staker,15.181454262,False,845,0.0,-0.128526707,0,0,0,1,0.0,0.358249062
staker_04965,staker,small_persistent_staker,14.098326964,False,845,0.0,-0.007992364,0,0,0,1,0.0,0.082402822
staker_04966,staker,small_persistent_staker,5.665313252,False,845,0.0,0.026916279,0,0,0,1,0.0,0.032936999
staker_04967,staker,small_persistent_staker,13.507367974,False,845,0.0,0.017452223,0,0,0,1,0.0,0.078802067
staker_04968,staker,small_persistent_staker,2.728476045,False,845,0.0,-0.014901056,0,0,0,1,0.0,0.064194219
staker_04969,staker,small_persistent_staker,33.367863635,False,845,0.0,0.094453384,0,0,0,1,0.0,1.808516894
staker_04970,staker,small_persistent_staker,4.81036451,False,845,0.0,-0.035169245,0,0,0,1,0.0,0.046584433
staker_04971,staker,small_persistent_staker,6.298254617,False,846,0.0,0.034311257,0,0,0,1,0.0,0.036616793
staker_04972,staker,small_persistent_staker,14.795654951,True,846,0.0,0.349969876,0,0,0,0,0.0,1.450848899
staker_04973,staker,small_persistent_staker,14.42696035,False,846,0.0,0.0,0,0,0,1,0.0,0.0
staker_04974,staker,small_persistent_staker,9.430061318,False,846,0.0,-0.100783506,0,0,0,1,0.0,0.135855521
staker_04975,staker,small_persistent_staker,19.578837882,False,846,0.0,-0.171790037,0,0,0,1,0.0,0.462482636
staker_04976,staker,small_persistent_staker,3.707629212,False,846,0.0,0.014570738,0,0,0,1,0.0,0.021588311
staker_04977,staker,small_persistent_staker,6.877831114,False,846,0.0,0.005731997,0,0,0,1,0.0,0.040171856
staker_04978,staker,small_persistent_staker,20.856992819,False,846,0.0,15.303376066,1,0,0,1,0.0,0.271408382
staker_04979,staker,small_persistent_staker,3.717417883,False,846,0.0,-0.031391187,0,0,0,1,0.0,0.053436649
staker_04980,staker,small_persistent_staker,3.791248717,False,847,0.0,-0.00631352,0,0,0,1,0.0,0.168176231
staker_04981,staker,small_persistent_staker,13.909444573,False,847,0.0,-0.001009508,0,0,0,1,0.0,0.081345526
staker_04982,staker,small_persistent_staker,3.580798722,False,847,0.0,-0.030667734,0,0,0,1,0.0,0.10116701
staker_04983,staker,small_persistent_staker,1.588340287,True,847,0.0,0.038140682,0,0,0,0,0.0,0.15575125
staker_04984,staker,small_persistent_staker,20.673708687,False,847,0.0,0.554786673,0,0,0,1,0.0,1.920717323
staker_04985,staker,small_persistent_staker,4.297874286,False,848,0.0,0.104796804,0,0,0,1,0.0,0.394458801
staker_04986,staker,small_persistent_staker,1.253230522,False,848,0.0,-0.015882354,0,0,0,1,0.0,0.016781079
staker_04987,staker,small_persistent_staker,7.673052008,True,848,0.0,0.140459367,0,0,0,0,0.0,0.708619737
staker_04988,staker,small_persistent_staker,8.168049111,False,848,0.0,-0.130621972,0,0,0,1,0.0,0.031156652
staker_04989,staker,small_persistent_staker,1.477468821,False,848,0.0,-0.024667806,0,0,0,1,0.0,0.012562137
staker_04990,staker,small_persistent_staker,11.573733237,False,848,0.0,-0.06184256,0,0,0,1,0.0,0.0
staker_04991,staker,small_persistent_staker,25.647865094,False,849,0.0,-0.433131823,0,0,0,1,0.0,0.218193719
staker_04992,staker,small_persistent_staker,19.173265181,False,849,0.0,-0.099065859,0,0,0,1,0.0,0.736751841
staker_04993,staker,small_persistent_staker,54.84170562,False,849,0.0,-0.713999276,0,0,0,1,0.0,0.208657907
staker_04994,staker,small_persistent_staker,27.296941077,False,849,0.0,0.104300699,0,0,0,1,0.0,1.583802412
staker_04995,staker,small_persistent_staker,5.721577169,False,849,0.0,-0.090629931,0,0,0,1,0.0,0.048624947
staker_04996,staker,small_persistent_staker,5.561327522,False,849,0.0,-0.072558203,0,0,0,1,0.0,0.047133109
staker_04997,staker,small_persistent_staker,4.624367446,False,850,0.0,-0.069420744,0,0,0,1,0.0,0.017639439
staker_04998,staker,small_persistent_staker,7.035403291,False,850,0.0,-0.087410662,0,0,0,1,0.0,0.026767813
staker_04999,staker,small_persistent_staker,6.789273557,False,850,0.0,-0.123534015,0,0,0,1,0.0,0.120916084
staker_05000,staker,small_persistent_staker,16.840527564,False,850,0.0,-0.136959942,0,0,0,1,0.0,0.492369863
staker_05001,staker,small_persistent_staker,16.506671262,False,850,0.0,-0.061434958,0,0,0,1,0.0,0.746158364
staker_05002,staker,small_persistent_staker,21.098783992,False,850,0.0,-0.21693084,0,0,0,1,0.0,0.178432132
staker_05003,staker,small_persistent_staker,20.373575083,False,850,0.0,0.29748792,0,0,0,1,0.0,1.37863661
staker_05004,staker,small_persistent_staker,4.701739146,False,850,0.0,-0.055084177,0,0,0,1,0.0,0.017876328
staker_05005,staker,small_persistent_staker,12.091678592,True,851,0.0,0.239432672,0,0,0,0,0.0,1.11668761
staker_05006,staker,small_persistent_staker,13.129829978,False,851,0.0,-0.169488274,0,0,0,1,0.0,0.0
staker_05007,staker,small_persistent_staker,33.769359217,False,851,0.0,-0.266724016,0,0,0,1,0.0,0.0
staker_05008,staker,small_persistent_staker,8.462801875,False,851,0.0,0.131969809,0,0,0,1,0.0,0.615458179
staker_05009,staker,small_persistent_staker,2.136519714,False,851,0.0,-0.029341992,0,0,0,1,0.0,0.008143953
staker_05010,staker,small_persistent_staker,4.766253388,False,851,0.0,-0.080611937,0,0,0,1,0.0,0.084826936
staker_05011,staker,small_persistent_staker,4.262258352,False,851,0.0,-0.040449609,0,0,0,1,0.0,0.016178803
staker_05012,staker,small_persistent_staker,10.22109424,False,851,0.0,0.236928281,0,0,0,1,0.0,0.890940503
staker_05013,staker,small_persistent_staker,8.383413138,False,852,0.0,-0.090154311,0,0,0,1,0.0,0.0318743
staker_05014,staker,small_persistent_staker,39.736497972,False,852,0.0,-0.199800369,0,0,0,1,0.0,1.529054501
staker_05015,staker,small_persistent_staker,10.92975243,False,852,0.0,-0.125577584,0,0,0,1,0.0,0.092631339
staker_05016,staker,small_persistent_staker,1.220584354,False,852,0.0,-0.004876547,0,0,0,1,0.0,0.0
staker_05017,staker,small_persistent_staker,13.567476501,False,852,0.0,-0.028645005,0,0,0,1,0.0,0.0
staker_05018,staker,small_persistent_staker,5.226147903,False,852,0.0,-0.064586468,0,0,0,1,0.0,0.092631486
staker_05019,staker,small_persistent_staker,3.552295159,False,853,0.0,-0.025811846,0,0,0,1,0.0,0.062671937
staker_05020,staker,small_persistent_staker,23.192596815,False,853,0.0,-0.069804601,0,0,0,1,0.0,0.0
staker_05021,staker,small_persistent_staker,45.866841293,False,853,0.0,-0.40633482,0,0,0,1,0.0,0.0
staker_05022,staker,small_persistent_staker,44.104777695,True,853,0.0,0.90786257,0,0,0,0,0.0,4.073153152
staker_05023,staker,small_persistent_staker,2.815563355,False,853,0.0,-0.02295475,0,0,0,1,0.0,0.0
staker_05024,staker,small_persistent_staker,4.168200114,False,853,0.0,-0.003108445,0,0,0,1,0.0,0.188113794
staker_05025,staker,small_persistent_staker,5.225205759,False,854,0.0,-0.023411854,0,0,0,1,0.0,0.201178386
staker_05026,staker,small_persistent_staker,33.206140062,True,854,0.0,0.706288417,0,0,0,0,0.0,3.066644956
staker_05027,staker,small_persistent_staker,17.16539418,True,854,0.0,0.365104738,0,0,0,0,0.0,1.585254094
staker_05028,staker,small_persistent_staker,3.381249298,False,854,0.0,-0.041839995,0,0,0,1,0.0,0.05999874
staker_05029,staker,small_persistent_staker,26.734845697,False,854,0.0,-0.21931787,0,0,0,1,0.0,0.22609623
staker_05030,staker,small_persistent_staker,1.144233326,False,855,0.0,-0.001327374,0,0,0,1,0.0,0.0
staker_05031,staker,small_persistent_staker,11.112753661,False,855,0.0,-0.095728833,0,0,0,1,0.0,0.042227545
staker_05032,staker,small_persistent_staker,7.23085626,False,855,0.0,-0.053997102,0,0,0,1,0.0,0.211800306
staker_05033,staker,small_persistent_staker,9.644428369,False,855,0.0,-0.026673103,0,0,0,1,0.0,0.370856381
staker_05034,staker,small_persistent_staker,14.11007851,False,855,0.0,-0.040194747,0,0,0,1,0.0,0.0
staker_05035,staker,small_persistent_staker,2.942849597,False,856,0.0,0.019787559,0,0,0,1,0.0,0.159275556
staker_05036,staker,small_persistent_staker,80.293819005,True,856,0.0,1.786459985,0,0,0,0,0.0,7.415274242
staker_05037,staker,small_persistent_staker,15.951178359,False,856,0.0,-0.128471972,0,0,0,1,0.0,0.060613159
staker_05038,staker,small_persistent_staker,18.408719074,False,856,0.0,-0.034608163,0,0,0,1,0.0,0.0
staker_05039,staker,small_persistent_staker,30.374743557,True,857,0.0,0.693734539,0,0,0,0,0.0,2.80516055
staker_05040,staker,small_persistent_staker,23.363695911,False,857,0.0,-0.204414278,0,0,0,1,0.0,0.19801093
staker_05041,staker,staker_whale,184.953079761,False,857,0.0,4.572967563,0,0,0,1,0.0,17.04777538
staker_05042,staker,small_persistent_staker,9.005950189,False,857,0.0,-0.039398383,0,0,0,1,0.0,0.158798411
staker_05043,staker,small_persistent_staker,1.880051423,False,858,0.0,-0.006785936,0,0,0,1,0.0,0.0
staker_05044,staker,small_persistent_staker,10.257530405,False,858,0.0,-0.082023484,0,0,0,1,0.0,0.13744718
staker_05045,staker,small_persistent_staker,14.515420838,False,858,0.0,-0.064216328,0,0,0,1,0.0,0.0
staker_05046,staker,small_persistent_staker,37.951737798,False,858,0.0,-0.278753394,0,0,0,1,0.0,0.671637346
staker_05047,staker,small_persistent_staker,6.134723547,False,858,0.0,-0.05082613,0,0,0,1,0.0,0.108668396
staker_05048,staker,staker_whale,162.335997365,False,858,0.0,-1.523203966,0,0,0,1,0.0,0.618482587
staker_05049,staker,small_persistent_staker,11.462820121,False,858,0.0,-0.090495031,0,0,0,1,0.0,0.202969873
staker_05050,staker,small_persistent_staker,4.068573265,False,859,0.0,-0.024447987,0,0,0,1,0.0,0.034431972
staker_05051,staker,small_persistent_staker,6.025269579,False,859,0.0,-0.054192398,0,0,0,1,0.0,0.051142628
staker_05052,staker,small_persistent_staker,12.787649351,True,859,0.0,0.307974491,0,0,0,0,0.0,1.180961723
staker_05053,staker,small_persistent_staker,6.297607564,False,859,0.0,-0.046073793,0,0,0,1,0.0,0.111510483
staker_05054,staker,small_persistent_staker,15.197569988,True,859,0.0,0.366014406,0,0,0,0,0.0,1.403522098
staker_05055,staker,small_persistent_staker,8.758144693,False,859,0.0,-0.017573592,0,0,0,1,0.0,0.296798462
staker_05056,staker,small_persistent_staker,4.579382034,False,860,0.0,0.086297395,0,0,0,1,0.0,0.310197617
staker_05057,staker,small_persistent_staker,15.726689842,False,860,0.0,-0.048484875,0,0,0,1,0.0,0.0
staker_05058,staker,small_persistent_staker,5.074088007,False,860,0.0,-0.052246303,0,0,0,1,0.0,0.043142292
staker_05059,staker,small_persistent_staker,6.478375123,False,860,0.0,0.0,0,0,0,1,0.0,0.0
staker_05060,staker,small_persistent_staker,16.958413007,False,860,0.0,-0.082103234,0,0,0,1,0.0,0.0
staker_05061,staker,small_persistent_staker,3.109986648,False,861,0.0,-0.003137148,0,0,0,1,0.0,0.105392099
staker_05062,staker,small_persistent_staker,3.753343913,False,861,0.0,-0.045680633,0,0,0,1,0.0,0.06684657
staker_05063,staker,small_persistent_staker,14.97150019,False,861,0.0,-0.063677406,0,0,0,1,0.0,0.0
staker_05064,staker,small_persistent_staker,88.228582484,False,861,0.0,0.120663561,0,0,0,1,0.0,3.390271296
staker_05065,staker,small_persistent_staker,17.683100312,False,862,0.0,-0.069276611,0,0,0,1,0.0,0.518234617
staker_05066,staker,small_persistent_staker,8.443965063,False,862,0.0,-0.048378627,0,0,0,1,0.0,0.0
staker_05067,staker,small_persistent_staker,21.280338568,False,862,0.0,-0.106941418,0,0,0,1,0.0,0.0
staker_05068,staker,small_persistent_staker,13.943384573,False,862,0.0,-0.080575955,0,0,0,1,0.0,0.186836287
staker_05069,staker,small_persistent_staker,32.249047857,False,862,0.0,-0.186977698,0,0,0,1,0.0,0.122698934
staker_05070,staker,small_persistent_staker,11.486534669,False,862,0.0,-0.049643021,0,0,0,1,0.0,0.0
staker_05071,staker,small_persistent_staker,3.24181205,False,862,0.0,0.012319716,0,0,0,1,0.0,0.146401075
staker_05072,staker,small_persistent_staker,40.540628756,False,863,0.0,-0.248835359,0,0,0,1,0.0,0.0
staker_05073,staker,small_persistent_staker,24.457895116,False,863,0.0,-0.193035232,0,0,0,1,0.0,0.207855948
staker_05074,staker,small_persistent_staker,31.9021496,True,863,0.0,0.840733624,0,0,0,0,0.0,2.946219163
staker_05075,staker,small_persistent_staker,10.819317807,False,863,0.0,-0.002050368,0,0,0,1,0.0,0.316123073
staker_05076,staker,small_persistent_staker,24.738530182,False,863,0.0,0.801071867,0,0,0,1,0.0,2.27050172
staker_05077,staker,small_persistent_staker,10.791486254,False,863,0.0,0.007952108,0,0,0,1,0.0,0.41548867
staker_05078,staker,small_persistent_staker,2.126733917,False,863,0.0,0.012344965,0,0,0,1,0.0,0.095917754
staker_05079,staker,small_persistent_staker,4.997897338,False,863,0.0,-0.021846794,0,0,0,1,0.0,0.066923129
staker_05080,staker,small_persistent_staker,14.486441381,False,863,0.0,-0.07351506,0,0,0,1,0.0,0.194113051
staker_05081,staker,small_persistent_staker,6.333617168,False,863,0.0,-0.004778184,0,0,0,1,0.0,0.214866914
staker_05082,staker,small_persistent_staker,27.36242872,False,864,0.0,-0.276786778,0,0,0,1,0.0,0.487321317
staker_05083,staker,small_persistent_staker,4.397107336,False,864,0.0,-0.010630142,0,0,0,1,0.0,0.016696948
staker_05084,staker,small_persistent_staker,5.54282633,False,864,0.0,-0.013927352,0,0,0,1,0.0,0.162442356
staker_05085,staker,small_persistent_staker,15.646947626,False,864,0.0,-0.138276075,0,0,0,1,0.0,0.278317451
staker_05086,staker,small_persistent_staker,16.181300227,False,864,0.0,0.005298276,0,0,0,1,0.0,0.548738618
staker_05087,staker,small_persistent_staker,12.130325527,False,864,0.0,0.020900052,0,0,0,1,0.0,0.410788118
staker_05088,staker,small_persistent_staker,14.082390902,False,864,0.0,0.067007016,0,0,0,1,0.0,0.636243312
staker_05089,staker,small_persistent_staker,5.857213701,False,864,0.0,-0.002696454,0,0,0,1,0.0,0.0
staker_05090,staker,small_persistent_staker,0.744302199,False,864,0.0,-0.005697801,0,0,0,1,0.0,0.006328409
staker_05091,staker,small_persistent_staker,3.777579871,False,865,0.0,0.125173686,0,0,0,1,0.0,0.328498006
staker_05092,staker,small_persistent_staker,7.239682457,False,865,0.0,-0.02863678,0,0,0,1,0.0,0.061357427
staker_05093,staker,small_persistent_staker,13.198007336,True,865,0.0,0.362717868,0,0,0,0,0.0,1.218858999
staker_05094,staker,small_persistent_staker,1.018939061,False,865,0.0,-0.001609216,0,0,0,1,0.0,0.003867718
staker_05095,staker,small_persistent_staker,15.021790766,False,865,0.0,0.032782336,0,0,0,1,0.0,0.508706311
staker_05096,staker,small_persistent_staker,70.582148936,False,865,0.0,0.068502833,0,0,0,1,0.0,2.062296922
staker_05097,staker,small_persistent_staker,3.487814655,False,865,0.0,-0.012413058,0,0,0,1,0.0,0.029548092
staker_05098,staker,staker_whale,102.825942254,True,865,0.0,2.825942254,0,0,0,0,0.0,9.496155127
staker_05099,staker,staker_whale,109.232415217,False,865,0.0,-0.542991706,0,0,0,1,0.0,0.0
staker_05100,staker,small_persistent_staker,9.867764015,False,866,0.0,-0.072167867,0,0,0,1,0.0,0.175398329
staker_05101,staker,small_persistent_staker,3.298856132,False,866,0.0,0.021288026,0,0,0,1,0.0,0.159794236
staker_05102,staker,small_persistent_staker,14.582488638,False,866,0.0,-0.081581971,0,0,0,1,0.0,0.258759669
staker_05103,staker,small_persistent_staker,11.192074362,False,866,0.0,0.081772671,0,0,0,1,0.0,0.504773365
staker_05104,staker,small_persistent_staker,3.015110438,False,866,0.0,-0.009668684,0,0,0,1,0.0,0.025543433
staker_05105,staker,small_persistent_staker,8.569539988,False,867,0.0,-0.029260758,0,0,0,1,0.0,0.0
staker_05106,staker,small_persistent_staker,4.975004336,False,867,0.0,-0.009767241,0,0,0,1,0.0,0.042124521
staker_05107,staker,small_persistent_staker,6.978527766,False,867,0.0,-0.035779185,0,0,0,1,0.0,0.059275398
staker_05108,staker,small_persistent_staker,9.679142999,False,868,0.0,0.024546902,0,0,0,1,0.0,0.328238119
staker_05109,staker,small_persistent_staker,23.485528475,False,868,0.0,0.072260043,0,0,0,1,0.0,0.904742092
staker_05110,staker,small_persistent_staker,23.427625396,False,868,0.0,0.0,0,0,0,1,0.0,0.0
staker_05111,staker,small_persistent_staker,0.956187945,False,868,0.0,-0.005735396,0,0,0,1,0.0,0.008134564
staker_05112,staker,small_persistent_staker,10.215380936,False,868,0.0,0.093714125,0,0,0,1,0.0,0.494162341
staker_05113,staker,small_persistent_staker,7.189532355,False,868,0.0,0.031512348,0,0,0,1,0.0,0.243359225
staker_05114,staker,small_persistent_staker,2.884522804,False,868,0.0,-0.010731445,0,0,0,1,0.0,0.024483896
staker_05115,staker,small_persistent_staker,6.015980601,False,868,0.0,0.001945732,0,0,0,1,0.0,0.106271353
staker_05116,staker,small_persistent_staker,31.659306618,False,868,0.0,-0.101970845,0,0,0,1,0.0,0.268591205
staker_05117,staker,small_persistent_staker,6.804848176,False,868,0.0,-0.035382622,0,0,0,1,0.0,0.120870696
staker_05118,staker,small_persistent_staker,11.900703264,False,868,0.0,-0.002413898,0,0,0,1,0.0,0.045190033
staker_05119,staker,small_persistent_staker,19.716637136,False,869,0.0,0.180876994,0,0,0,1,0.0,0.954447481
staker_05120,staker,small_persistent_staker,15.88241767,True,870,0.0,0.485102264,0,0,0,0,0.0,1.466768976
staker_05121,staker,small_persistent_staker,9.199468279,False,870,0.0,-0.030601648,0,0,0,1,0.0,0.035090954
staker_05122,staker,small_persistent_staker,11.852280796,False,870,0.0,-0.000807917,0,0,0,1,0.0,0.045063167
staker_05123,staker,small_persistent_staker,3.541068791,False,871,0.0,0.04061013,0,0,0,1,0.0,0.159593829
staker_05124,staker,small_persistent_staker,6.616029325,False,871,0.0,0.228659801,0,0,0,1,0.0,0.57669838
staker_05125,staker,small_persistent_staker,3.799254582,False,871,0.0,-0.000258978,0,0,0,1,0.0,0.01445514
staker_05126,staker,small_persistent_staker,18.297014244,False,871,0.0,-0.082263006,0,0,0,1,0.0,0.325455065
staker_05127,staker,small_persistent_staker,5.830709057,True,871,0.0,0.182046229,0,0,0,0,0.0,0.538476152
staker_05128,staker,small_persistent_staker,5.453793828,False,872,0.0,-0.013529631,0,0,0,1,0.0,0.096872677
staker_05129,staker,small_persistent_staker,12.340297502,False,873,0.0,0.014284335,0,0,0,1,0.0,0.21850719
staker_05130,staker,small_persistent_staker,26.869471848,False,873,0.0,0.020708497,0,0,0,1,0.0,0.475956641
staker_05131,staker,small_persistent_staker,44.27796158,False,873,0.0,15.394391155,1,0,0,1,0.0,1.566924229
staker_05132,staker,small_persistent_staker,33.946042689,True,873,0.0,1.096227102,0,0,0,0,0.0,3.134976255
staker_05133,staker,small_persistent_staker,1.343307309,True,874,0.0,0.043928759,0,0,0,0,0.0,0.124056773
staker_05134,staker,small_persistent_staker,11.629908512,False,874,0.0,0.087657707,0,0,0,1,0.0,0.393841717
staker_05135,staker,small_persistent_staker,11.317086899,False,874,0.0,0.004682805,0,0,0,1,0.0,0.096011895
staker_05136,staker,small_persistent_staker,24.226331839,False,874,0.0,0.021840116,0,0,0,1,0.0,0.205431055
staker_05137,staker,small_persistent_staker,5.23951073,False,874,0.0,0.02020688,0,0,0,1,0.0,0.153471447
staker_05138,staker,staker_whale,175.504582577,False,874,0.0,1.402316821,0,0,0,1,0.0,5.940672782
staker_05139,staker,small_persistent_staker,12.718220944,True,874,0.0,0.415910535,0,0,0,0,0.0,1.174549889
staker_05140,staker,small_persistent_staker,14.00540083,False,875,0.0,-0.058871311,0,0,0,1,0.0,0.0
staker_05141,staker,small_persistent_staker,12.650105409,False,875,0.0,0.411946108,0,0,0,1,0.0,1.117536032
staker_05142,staker,small_persistent_staker,10.107831313,False,875,0.0,-0.046472895,0,0,0,1,0.0,0.047311606
staker_05143,staker,small_persistent_staker,4.148937552,False,876,0.0,0.140025031,0,0,0,1,0.0,0.366214415
staker_05144,staker,small_persistent_staker,24.357310677,False,876,0.0,-0.048601623,0,0,0,1,0.0,0.113756438
staker_05145,staker,small_persistent_staker,17.531695436,False,876,0.0,0.009224427,0,0,0,1,0.0,0.243157316
staker_05146,staker,small_persistent_staker,1.65762976,False,876,0.0,-0.00435115,0,0,0,1,0.0,0.0
staker_05147,staker,small_persistent_staker,8.742269014,False,877,0.0,-0.007854617,0,0,0,1,0.0,0.040813068
staker_05148,staker,small_persistent_staker,7.720767153,False,877,0.0,0.001178018,0,0,0,1,0.0,0.036006362
staker_05149,staker,small_persistent_staker,6.909669061,False,877,0.0,0.02430556,0,0,0,1,0.0,0.24014272
staker_05150,staker,small_persistent_staker,5.620269349,False,877,0.0,-0.025411513,0,0,0,1,0.0,0.026333063
staker_05151,staker,small_persistent_staker,1.251749405,False,878,0.0,0.005006891,0,0,0,1,0.0,0.037709001
staker_05152,staker,small_persistent_staker,7.826038568,False,878,0.0,-0.050123667,0,0,0,1,0.0,0.109435037
staker_05153,staker,small_persistent_staker,8.42596848,False,878,0.0,-0.043234522,0,0,0,1,0.0,0.11767502
staker_05154,staker,small_persistent_staker,23.369765774,False,879,0.0,0.946317474,0,0,0,1,0.0,1.939375543
staker_05155,staker,small_persistent_staker,1.910414103,True,879,0.0,0.059773044,0,0,0,0,0.0,0.169388884
staker_05156,staker,small_persistent_staker,7.403225302,False,879,0.0,0.10141729,0,0,0,1,0.0,0.373801369
staker_05157,staker,small_persistent_staker,10.14131432,False,879,0.0,-0.00664881,0,0,0,1,0.0,0.0
staker_05158,staker,small_persistent_staker,13.478804365,False,879,0.0,0.489584143,0,0,0,1,0.0,1.188901279
staker_05159,staker,staker_whale,226.017966939,True,880,0.0,7.215101718,0,0,0,0,0.0,20.040121777
staker_05160,staker,small_persistent_staker,6.449634448,False,880,0.0,-0.012247397,0,0,0,1,0.0,0.0
staker_05161,staker,small_persistent_staker,9.533951611,False,880,0.0,0.047382021,0,0,0,1,0.0,0.287320226
staker_05162,staker,small_persistent_staker,9.638247507,True,880,0.0,0.307678797,0,0,0,0,0.0,0.854585396
staker_05163,staker,small_persistent_staker,6.314898414,False,881,0.0,0.102817103,0,0,0,1,0.0,0.318446412
staker_05164,staker,small_persistent_staker,16.944968986,False,881,0.0,0.123628167,0,0,0,1,0.0,0.430485059
staker_05165,staker,small_persistent_staker,10.175882458,True,881,0.0,0.33173728,0,0,0,0,0.0,0.902255367
staker_05166,staker,small_persistent_staker,7.954275211,False,882,0.0,0.261046474,0,0,0,1,0.0,0.578682455
staker_05167,staker,small_persistent_staker,18.94284116,True,882,0.0,0.626641938,0,0,0,0,0.0,1.67958702
staker_05168,staker,small_persistent_staker,8.487806558,True,882,0.0,0.280782355,0,0,0,0,0.0,0.752580334
staker_05169,staker,small_persistent_staker,8.077212534,False,882,0.0,-0.001270257,0,0,0,1,0.0,0.11253305
staker_05170,staker,small_persistent_staker,8.730891058,False,883,0.0,-0.016300145,0,0,0,1,0.0,0.121933494
staker_05171,staker,small_persistent_staker,19.363560165,False,883,0.0,0.090240165,0,0,0,1,0.0,0.090240165
staker_05172,staker,small_persistent_staker,12.39341626,False,883,0.0,0.057757144,0,0,0,1,0.0,0.057757144
staker_05173,staker,staker_whale,140.954943812,False,884,0.0,40.954943812,2,0,0,1,0.0,10.058234885
staker_05174,staker,small_persistent_staker,12.133687523,False,884,0.0,-0.038469778,0,0,0,1,0.0,0.0
staker_05175,staker,small_persistent_staker,11.586247554,True,885,0.0,0.346579211,0,0,0,0,0.0,0.974889863
staker_05176,staker,small_persistent_staker,7.392746817,False,885,0.0,0.253755511,0,0,0,1,0.0,0.583273901
staker_05177,staker,small_persistent_staker,69.191849544,False,885,0.0,-0.237594123,0,0,0,1,0.0,0.640202918
staker_05178,staker,small_persistent_staker,4.984710673,False,885,0.0,0.0167763,0,0,0,1,0.0,0.150073254
staker_05179,staker,small_persistent_staker,2.617911209,False,885,0.0,-0.006459675,0,0,0,1,0.0,0.036312951
staker_05180,staker,small_persistent_staker,7.736245706,True,885,0.0,0.231414176,0,0,0,0,0.0,0.650943067
staker_05181,staker,small_persistent_staker,4.650025108,False,885,0.0,-0.024382401,0,0,0,1,0.0,0.0
staker_05182,staker,small_persistent_staker,13.616494007,False,886,0.0,-0.064410522,0,0,0,1,0.0,0.0
staker_05183,staker,small_persistent_staker,7.552945395,False,886,0.0,-0.005952733,0,0,0,1,0.0,0.069735548
staker_05184,staker,small_persistent_staker,3.299044613,False,886,0.0,-0.007919932,0,0,0,1,0.0,0.03050881
staker_05185,staker,staker_whale,232.239409019,True,886,0.0,7.061982972,0,0,0,0,0.0,19.541084782
staker_05186,staker,small_persistent_staker,9.510889821,False,886,0.0,0.348731306,0,0,0,1,0.0,0.748954186
staker_05187,staker,small_persistent_staker,12.237157736,False,886,0.0,0.324902955,0,0,0,1,0.0,0.788806821
staker_05188,staker,small_persistent_staker,32.396026244,False,886,0.0,-0.038088528,0,0,0,1,0.0,0.299224929
staker_05189,staker,small_persistent_staker,6.773410075,False,887,0.0,0.059226937,0,0,0,1,0.0,0.249141833
staker_05190,staker,small_persistent_staker,1.022810136,True,887,0.0,0.031637224,0,0,0,0,0.0,0.086061275
staker_05191,staker,small_persistent_staker,5.270302585,True,887,0.0,0.163019254,0,0,0,0,0.0,0.443453719
staker_05192,staker,small_persistent_staker,4.044355061,False,887,0.0,-0.014639305,0,0,0,1,0.0,0.0
staker_05193,staker,small_persistent_staker,11.106505105,False,887,0.0,-0.035022883,0,0,0,1,0.0,0.0
staker_05194,staker,small_persistent_staker,17.999117751,False,887,0.0,-0.006278321,0,0,0,1,0.0,0.088643401
staker_05195,staker,small_persistent_staker,11.124924354,False,887,0.0,0.124288813,0,0,0,1,0.0,0.408198354
staker_05196,staker,small_persistent_staker,3.968033212,False,889,0.0,-0.020389561,0,0,0,1,0.0,0.03684969
staker_05197,staker,small_persistent_staker,18.402846879,False,889,0.0,-0.081614018,0,0,0,1,0.0,0.170780954
staker_05198,staker,small_persistent_staker,5.369811039,False,889,0.0,0.038099312,0,0,0,1,0.0,0.136552187
staker_05199,staker,small_persistent_staker,41.609938053,True,889,0.0,1.324408283,0,0,0,0,0.0,3.501142768
staker_05200,staker,staker_whale,199.714824065,False,889,0.0,0.135509555,0,0,0,1,0.0,1.843945894
staker_05201,staker,small_persistent_staker,9.720592997,False,889,0.0,-0.021621858,0,0,0,1,0.0,0.0
staker_05202,staker,small_persistent_staker,3.833850538,False,890,0.0,0.022000395,0,0,0,1,0.0,0.09767418
staker_05203,staker,small_persistent_staker,3.247121176,False,890,0.0,0.019225095,0,0,0,1,0.0,0.067490838
staker_05204,staker,staker_whale,136.04065184,False,890,0.0,4.088722854,0,0,0,1,0.0,8.754700723
staker_05205,staker,small_persistent_staker,5.308182259,True,891,0.0,0.174018536,0,0,0,0,0.0,0.44664099
staker_05206,staker,small_persistent_staker,12.190673262,False,891,0.0,-0.04199914,0,0,0,1,0.0,0.113131127
staker_05207,staker,small_persistent_staker,100.0,False,891,0.0,0.0,0,0,0,1,0.0,0.0
staker_05208,staker,small_persistent_staker,10.187171414,False,891,0.0,0.277002269,0,0,0,1,0.0,0.605939619
staker_05209,staker,small_persistent_staker,17.542811921,False,891,0.0,0.039668875,0,0,0,1,0.0,0.086335674
staker_05210,staker,small_persistent_staker,17.633230427,False,892,0.0,0.051243994,0,0,0,1,0.0,0.16271696
staker_05211,staker,small_persistent_staker,5.008942087,False,892,0.0,0.020574253,0,0,0,1,0.0,0.10442489
staker_05212,staker,small_persistent_staker,11.335653162,False,892,0.0,0.36154604,0,0,0,1,0.0,0.728979032
staker_05213,staker,small_persistent_staker,3.816538564,True,892,0.0,0.127701864,0,0,0,0,0.0,0.321131129
staker_05214,staker,small_persistent_staker,6.620567271,False,892,0.0,0.031288618,0,0,0,1,0.0,0.060982153
staker_05215,staker,small_persistent_staker,17.642651751,False,893,0.0,0.698190004,0,0,0,1,0.0,1.475888208
staker_05216,staker,small_persistent_staker,47.608065739,False,893,0.0,2.07860319,0,0,0,1,0.0,3.735526671
staker_05217,staker,small_persistent_staker,5.340992978,False,893,0.0,0.042722057,0,0,0,1,0.0,0.160725668
staker_05218,staker,small_persistent_staker,4.840028441,False,893,0.0,0.009162022,0,0,0,1,0.0,0.044732443
staker_05219,staker,small_persistent_staker,5.624932874,False,893,0.0,0.189649376,0,0,0,1,0.0,0.383765681
staker_05220,staker,small_persistent_staker,3.34945267,True,893,0.0,0.113807337,0,0,0,0,0.0,0.281829595
staker_05221,staker,small_persistent_staker,27.71414736,False,893,0.0,-0.061126794,0,0,0,1,0.0,0.257191105
staker_05222,staker,small_persistent_staker,5.766784483,False,893,0.0,0.026763605,0,0,0,1,0.0,0.120224156
staker_05223,staker,small_persistent_staker,27.62121003,False,893,0.0,0.052286081,0,0,0,1,0.0,0.255280361
staker_05224,staker,small_persistent_staker,1.52033334,False,893,0.0,0.011619486,0,0,0,1,0.0,0.031599859
staker_05225,staker,small_persistent_staker,78.811419308,False,893,0.0,2.657193755,0,0,0,1,0.0,5.376974037
staker_05226,staker,small_persistent_staker,10.486457831,True,893,0.0,0.356307719,0,0,0,0,0.0,0.882351374
staker_05227,staker,small_persistent_staker,11.238690714,False,894,0.0,0.013880647,0,0,0,1,0.0,0.103986852
staker_05228,staker,small_persistent_staker,20.630278577,False,894,0.0,-0.011679959,0,0,0,1,0.0,0.0
staker_05229,staker,small_persistent_staker,2.583413536,False,894,0.0,-0.001462615,0,0,0,1,0.0,0.0
staker_05230,staker,small_persistent_staker,13.408550986,False,894,0.0,0.185488776,0,0,0,1,0.0,0.536655486
staker_05231,staker,staker_whale,158.327943499,False,894,0.0,1.451872649,0,0,0,1,0.0,3.287280819
staker_05232,staker,small_persistent_staker,4.345940419,False,894,0.0,0.047659679,0,0,0,1,0.0,0.130451084
staker_05233,staker,small_persistent_staker,16.657272641,False,895,0.0,0.134876138,0,0,0,1,0.0,0.15315045
staker_05234,staker,small_persistent_staker,20.395653317,False,895,0.0,0.092196395,0,0,0,1,0.0,0.100375726
staker_05235,staker,small_persistent_staker,2.049376147,False,896,0.0,-0.000416951,0,0,0,1,0.0,0.01900773
staker_05236,staker,small_persistent_staker,13.042060189,False,896,0.0,0.133894819,0,0,0,1,0.0,0.331805901
staker_05237,staker,small_persistent_staker,3.876318043,False,896,0.0,0.030745445,0,0,0,1,0.0,0.035659992
staker_05238,staker,small_persistent_staker,23.754830198,False,896,0.0,0.929795594,0,0,0,1,0.0,1.875397796
staker_05239,staker,small_persistent_staker,9.320865794,False,896,0.0,0.056549651,0,0,0,1,0.0,0.194318554
staker_05240,staker,staker_whale,126.295067409,False,897,0.0,4.499782975,0,0,0,1,0.0,9.972082606
staker_05241,staker,small_persistent_staker,12.768310607,False,897,0.0,0.045876279,0,0,0,1,0.0,0.054781983
staker_05242,staker,small_persistent_staker,54.483677277,False,897,0.0,1.544102569,0,0,0,1,0.0,3.245680513
staker_05243,staker,small_persistent_staker,47.323667398,False,897,0.0,0.018420947,0,0,0,1,0.0,0.203693345
staker_05244,staker,small_persistent_staker,5.767203464,False,897,0.0,0.033595787,0,0,0,1,0.0,0.118440187
staker_05245,staker,small_persistent_staker,8.277264365,False,898,0.0,-0.012499958,0,0,0,1,0.0,0.035720196
staker_05246,staker,small_persistent_staker,10.433530528,False,898,0.0,-0.04639396,0,0,0,1,0.0,0.04515749
staker_05247,staker,small_persistent_staker,16.784944762,False,898,0.0,0.229623153,0,0,0,1,0.0,0.688652299
staker_05248,staker,small_persistent_staker,14.657686324,False,898,0.0,0.054569882,0,0,0,1,0.0,0.062924126
staker_05249,staker,small_persistent_staker,14.005041749,False,898,0.0,-0.00400944,0,0,0,1,0.0,0.060364327
staker_05250,staker,small_persistent_staker,1.88354022,False,899,0.0,-0.011957319,0,0,0,1,0.0,0.0
staker_05251,staker,small_persistent_staker,9.453706834,False,899,0.0,0.245702768,0,0,0,1,0.0,0.522999958
staker_05252,staker,small_persistent_staker,25.208972722,False,899,0.0,0.596659191,0,0,0,1,0.0,1.397940189
staker_05253,staker,small_persistent_staker,5.443037186,False,899,0.0,-0.0035843,0,0,0,1,0.0,0.06319454
staker_05254,staker,small_persistent_staker,31.014136579,True,899,0.0,0.840339244,0,0,0,0,0.0,2.332166797
staker_05255,staker,small_persistent_staker,22.009439995,False,899,0.0,0.010362576,0,0,0,1,0.0,0.460367775
staker_05256,staker,small_persistent_staker,27.972611441,False,899,0.0,-0.245452213,0,0,0,1,0.0,0.0
staker_05257,staker,small_persistent_staker,10.957830547,False,899,0.0,-0.020031025,0,0,0,1,0.0,0.0
staker_05258,staker,small_persistent_staker,13.248305418,False,900,0.0,-0.035026058,0,0,0,1,0.0,0.0
staker_05259,staker,small_persistent_staker,5.577390443,False,900,0.0,0.187788345,0,0,0,1,0.0,0.416805845
staker_05260,staker,small_persistent_staker,19.493293225,False,900,0.0,0.051244049,0,0,0,1,0.0,0.40708954
staker_05261,staker,small_persistent_staker,4.435710235,False,900,0.0,-0.002861945,0,0,0,1,0.0,0.0
staker_05262,staker,small_persistent_staker,5.11042016,False,901,0.0,0.118800755,0,0,0,1,0.0,0.257838447
staker_05263,staker,small_persistent_staker,32.412164743,False,901,0.0,0.251785935,0,0,0,1,0.0,0.894059215
staker_05264,staker,small_persistent_staker,7.18355478,False,901,0.0,0.023503862,0,0,0,1,0.0,0.150018264
staker_05265,staker,small_persistent_staker,15.323090454,False,901,0.0,0.129676502,0,0,0,1,0.0,0.422377231
staker_05266,staker,small_persistent_staker,19.296360367,False,901,0.0,0.532831178,0,0,0,1,0.0,1.067033995
staker_05267,staker,staker_whale,99.541661602,False,901,0.0,-0.458338398,0,0,0,1,0.0,0.0
staker_05268,staker,small_persistent_staker,13.918378164,False,901,0.0,0.083901305,0,0,0,1,0.0,0.384598751
staker_05269,staker,small_persistent_staker,6.108346711,False,901,0.0,0.042242293,0,0,0,1,0.0,0.188792683
staker_05270,staker,small_persistent_staker,2.215804997,False,901,0.0,0.055071271,0,0,0,1,0.0,0.12287541
staker_05271,staker,small_persistent_staker,2.528484859,False,902,0.0,0.097611232,0,0,0,1,0.0,0.176004612
staker_05272,staker,small_persistent_staker,12.942735055,True,902,0.0,0.373664474,0,0,0,0,0.0,0.973253499
staker_05273,staker,small_persistent_staker,6.984091427,False,902,0.0,0.02518634,0,0,0,1,0.0,0.113585206
staker_05274,staker,small_persistent_staker,5.494679045,False,902,0.0,0.041334484,0,0,0,1,0.0,0.169825854
staker_05275,staker,small_persistent_staker,13.30797345,False,902,0.0,0.451375529,0,0,0,1,0.0,0.995517436
staker_05276,staker,small_persistent_staker,26.260098946,False,903,0.0,-0.100462753,0,0,0,1,0.0,0.0
staker_05277,staker,small_persistent_staker,3.365513587,False,903,0.0,-0.009621834,0,0,0,1,0.0,0.015573232
staker_05278,staker,small_persistent_staker,3.353901183,True,903,0.0,0.099054682,0,0,0,0,0.0,0.252202958
staker_05279,staker,small_persistent_staker,3.67910698,False,903,0.0,-0.007645999,0,0,0,1,0.0,0.0
staker_05280,staker,staker_whale,219.900393556,True,903,0.0,6.494575226,0,0,0,0,0.0,16.535826982
staker_05281,staker,small_persistent_staker,16.377929379,False,903,0.0,-0.123179212,0,0,0,1,0.0,0.0
staker_05282,staker,small_persistent_staker,11.856548023,False,903,0.0,-0.039177403,0,0,0,1,0.0,0.0
staker_05283,staker,small_persistent_staker,21.471645867,False,903,0.0,0.001338108,0,0,0,1,0.0,0.249735715
staker_05284,staker,small_persistent_staker,11.505813929,False,904,0.0,0.405621305,0,0,0,1,0.0,0.860704932
staker_05285,staker,small_persistent_staker,7.665849588,False,904,0.0,0.257238967,0,0,0,1,0.0,0.53715473
staker_05286,staker,small_persistent_staker,40.214394245,False,904,0.0,0.147759261,0,0,0,1,0.0,0.841157758
staker_05287,staker,small_persistent_staker,5.012147215,False,904,0.0,0.187410241,0,0,0,1,0.0,0.349813267
staker_05288,staker,small_persistent_staker,9.93219397,False,904,0.0,0.007571075,0,0,0,1,0.0,0.115520886
staker_05289,staker,small_persistent_staker,30.326545948,False,905,0.0,15.590105854,1,0,0,1,0.0,0.918678034
staker_05290,staker,staker_whale,286.592992903,False,905,0.0,0.0,0,0,0,1,0.0,0.0
staker_05291,staker,small_persistent_staker,3.316962064,False,905,0.0,0.019499539,0,0,0,1,0.0,0.053920525
staker_05292,staker,small_persistent_staker,3.674849361,False,905,0.0,0.080157178,0,0,0,1,0.0,0.170158963
staker_05293,staker,small_persistent_staker,7.249965649,False,906,0.0,0.077753034,0,0,0,1,0.0,0.199983514
staker_05294,staker,small_persistent_staker,7.368007275,False,906,0.0,0.112733514,0,0,0,1,0.0,0.270507943
staker_05295,staker,small_persistent_staker,7.235081407,False,906,0.0,0.042179939,0,0,0,1,0.0,0.083806936
staker_05296,staker,small_persistent_staker,14.856190295,False,906,0.0,-0.076016829,0,0,0,1,0.0,0.0
staker_05297,staker,small_persistent_staker,6.024937471,False,906,0.0,0.164583993,0,0,0,1,0.0,0.334259264
staker_05298,staker,small_persistent_staker,17.312236389,False,906,0.0,0.58343264,0,0,0,1,0.0,1.298428423
staker_05299,staker,small_persistent_staker,9.564225139,True,906,0.0,0.298133817,0,0,0,0,0.0,0.719200041
staker_05300,staker,small_persistent_staker,12.73214177,False,907,0.0,0.049909257,0,0,0,1,0.0,0.14782222
staker_05301,staker,small_persistent_staker,6.454046746,False,907,0.0,-0.007896655,0,0,0,1,0.0,0.0
staker_05302,staker,small_persistent_staker,1.387027925,True,907,0.0,0.043756332,0,0,0,0,0.0,0.104300194
staker_05303,staker,small_persistent_staker,17.624832483,True,907,0.0,0.556007566,0,0,0,0,0.0,1.325332692
staker_05304,staker,small_persistent_staker,2.399457071,True,907,0.0,0.07569526,0,0,0,0,0.0,0.180431723
staker_05305,staker,small_persistent_staker,9.528429151,True,908,0.0,0.306298723,0,0,0,0,0.0,0.716508294
staker_05306,staker,small_persistent_staker,4.694254858,False,908,0.0,0.17902925,0,0,0,1,0.0,0.350807942
staker_05307,staker,small_persistent_staker,10.134617203,False,908,0.0,0.147685821,0,0,0,1,0.0,0.37273066
staker_05308,staker,small_persistent_staker,14.784281512,False,908,0.0,0.163626344,0,0,0,1,0.0,0.408079434
staker_05309,staker,small_persistent_staker,3.701653628,False,908,0.0,0.125906702,0,0,0,1,0.0,0.277815668
staker_05310,staker,small_persistent_staker,3.754062262,False,908,0.0,0.054705743,0,0,0,1,0.0,0.138066794
staker_05311,staker,small_persistent_staker,23.337055881,False,909,0.0,0.727266349,0,0,0,1,0.0,1.291681272
staker_05312,staker,small_persistent_staker,10.337927966,True,909,0.0,0.338363506,0,0,0,0,0.0,0.777380092
staker_05313,staker,small_persistent_staker,14.597886411,False,909,0.0,0.541337524,0,0,0,1,0.0,1.092775722
staker_05314,staker,small_persistent_staker,6.01415902,True,909,0.0,0.196845242,0,0,0,0,0.0,0.452246089
staker_05315,staker,small_persistent_staker,31.669660713,False,910,0.0,1.111556863,0,0,0,1,0.0,2.376864193
staker_05316,staker,small_persistent_staker,4.51447555,False,910,0.0,0.155399864,0,0,0,1,0.0,0.339056735
staker_05317,staker,small_persistent_staker,6.746575928,False,910,0.0,0.270968324,0,0,0,1,0.0,0.503684388
staker_05318,staker,small_persistent_staker,3.657090049,False,910,0.0,0.057339829,0,0,0,1,0.0,0.134500352
staker_05319,staker,small_persistent_staker,2.91542676,False,910,0.0,-0.001827449,0,0,0,1,0.0,0.0
staker_05320,staker,small_persistent_staker,70.837067079,False,910,0.0,2.060156144,0,0,0,1,0.0,3.93121815
staker_05321,staker,small_persistent_staker,13.344923547,False,910,0.0,0.104051435,0,0,0,1,0.0,0.278846608
staker_05322,staker,small_persistent_staker,5.628694086,False,910,0.0,0.024784441,0,0,0,1,0.0,0.065432244
staker_05323,staker,small_persistent_staker,21.175712174,False,911,0.0,0.799141444,0,0,0,1,0.0,1.341056964
staker_05324,staker,small_persistent_staker,53.476760599,False,911,0.0,1.027434867,0,0,0,1,0.0,2.171515094
staker_05325,staker,small_persistent_staker,16.113831295,True,911,0.0,0.545264999,0,0,0,0,0.0,1.211710093
staker_05326,staker,small_persistent_staker,19.277207009,False,911,0.0,0.086693156,0,0,0,1,0.0,0.224212298
staker_05327,staker,small_persistent_staker,36.918550925,False,911,0.0,0.331411074,0,0,0,1,0.0,0.770991118
staker_05328,staker,small_persistent_staker,8.714284682,False,911,0.0,0.148005895,0,0,0,1,0.0,0.320269365
staker_05329,staker,small_persistent_staker,7.88182094,True,911,0.0,0.266707588,0,0,0,0,0.0,0.592688468
staker_05330,staker,small_persistent_staker,6.964784957,True,912,0.0,0.238240531,0,0,0,0,0.0,0.523730209
staker_05331,staker,small_persistent_staker,13.529718872,True,912,0.0,0.46280358,0,0,0,0,0.0,1.01739286
staker_05332,staker,small_persistent_staker,10.30546422,True,912,0.0,0.352513292,0,0,0,0,0.0,0.774938919
staker_05333,staker,small_persistent_staker,2.425769977,False,912,0.0,0.092156057,0,0,0,1,0.0,0.169896125
staker_05334,staker,small_persistent_staker,16.531713181,False,912,0.0,0.637343509,0,0,0,1,0.0,1.237539072
staker_05335,staker,small_persistent_staker,24.544998085,False,912,0.0,0.163357485,0,0,0,1,0.0,0.284971388
staker_05336,staker,small_persistent_staker,6.634835632,True,913,0.0,0.231439655,0,0,0,0,0.0,0.498919044
staker_05337,staker,small_persistent_staker,45.131950377,False,913,0.0,0.358069622,0,0,0,1,0.0,0.523681441
staker_05338,staker,small_persistent_staker,15.949464433,False,913,0.0,0.600872512,0,0,0,1,0.0,1.118219651
staker_05339,staker,small_persistent_staker,15.449500081,False,913,0.0,0.496248943,0,0,0,1,0.0,0.856173659
staker_05340,staker,small_persistent_staker,17.263974481,False,913,0.0,0.168747596,0,0,0,1,0.0,0.280771253
staker_05341,staker,small_persistent_staker,3.689173053,False,913,0.0,0.140304879,0,0,0,1,0.0,0.276509203
staker_05342,staker,small_persistent_staker,7.750111708,False,913,0.0,0.157115855,0,0,0,1,0.0,0.314706507
staker_05343,staker,small_persistent_staker,34.364126177,False,913,0.0,1.189710164,0,0,0,1,0.0,2.037047287
staker_05344,staker,small_persistent_staker,42.993462934,False,914,0.0,0.444164012,0,0,0,1,0.0,0.498011035
staker_05345,staker,small_persistent_staker,20.013253096,False,914,0.0,0.782169152,0,0,0,1,0.0,1.499434843
staker_05346,staker,small_persistent_staker,4.35748246,False,914,0.0,0.05786318,0,0,0,1,0.0,0.090766303
staker_05347,staker,small_persistent_staker,23.551473211,False,915,0.0,1.043199632,0,0,0,1,0.0,1.641915197
staker_05348,staker,small_persistent_staker,18.561991518,False,915,0.0,0.20215933,0,0,0,1,0.0,0.215011213
staker_05349,staker,small_persistent_staker,10.072848737,False,915,0.0,0.141369057,0,0,0,1,0.0,0.278337389
staker_05350,staker,small_persistent_staker,16.717926242,False,915,0.0,0.671050988,0,0,0,1,0.0,1.251872662
staker_05351,staker,small_persistent_staker,2.625957723,False,915,0.0,0.039165963,0,0,0,1,0.0,0.08116134
staker_05352,staker,small_persistent_staker,8.716933307,False,916,0.0,0.086148464,0,0,0,1,0.0,0.101145555
staker_05353,staker,staker_whale,211.93671144,True,916,0.0,24.481086124,1,0,0,0,0.0,15.067453686
staker_05354,staker,small_persistent_staker,3.45417251,False,916,0.0,0.158655886,0,0,0,1,0.0,0.240567058
staker_05355,staker,small_persistent_staker,10.28844162,False,916,0.0,0.14625014,0,0,0,1,0.0,0.28444186
staker_05356,staker,small_persistent_staker,4.212489743,True,916,0.0,0.154929491,0,0,0,0,0.0,0.316766152
staker_05357,staker,small_persistent_staker,2.718921962,False,916,0.0,0.088756861,0,0,0,1,0.0,0.150890993
staker_05358,staker,small_persistent_staker,16.285178438,True,917,0.0,0.526023831,0,0,0,0,0.0,1.151672572
staker_05359,staker,small_persistent_staker,1.821264138,True,917,0.0,0.058828237,0,0,0,0,0.0,0.128798095
staker_05360,staker,small_persistent_staker,10.151618662,False,918,0.0,0.300189709,0,0,0,1,0.0,0.646060891
staker_05361,staker,small_persistent_staker,19.065586452,False,919,0.0,0.326093593,0,0,0,1,0.0,0.665630658
staker_05362,staker,small_persistent_staker,1.873875005,False,919,0.0,0.055828779,0,0,0,1,0.0,0.110172795
staker_05363,staker,small_persistent_staker,16.278702015,False,919,0.0,0.412045547,0,0,0,1,0.0,0.716284209
staker_05364,staker,small_persistent_staker,4.464649225,False,919,0.0,-0.005096032,0,0,0,1,0.0,0.020938935
staker_05365,staker,small_persistent_staker,5.054489044,True,919,0.0,0.131300417,0,0,0,0,0.0,0.323026074
staker_05366,staker,small_persistent_staker,2.687200052,True,919,0.0,0.069805372,0,0,0,0,0.0,0.171735595
staker_05367,staker,small_persistent_staker,15.364558766,False,920,0.0,0.403687325,0,0,0,1,0.0,0.737300625
staker_05368,staker,staker_whale,195.627733534,True,920,0.0,5.191567011,0,0,0,0,0.0,12.502323792
staker_05369,staker,small_persistent_staker,11.997295298,False,920,0.0,-0.029886811,0,0,0,1,0.0,0.0
staker_05370,staker,staker_whale,114.410586977,True,920,0.0,14.410586977,1,0,0,0,0.0,7.090366263
staker_05371,staker,small_persistent_staker,2.815846522,False,920,0.0,0.018225781,0,0,0,1,0.0,0.054472745
staker_05372,staker,small_persistent_staker,5.393096829,False,920,0.0,0.115947484,0,0,0,1,0.0,0.210907288
staker_05373,staker,small_persistent_staker,10.998808781,False,920,0.0,0.005645852,0,0,0,1,0.0,0.051528167
staker_05374,staker,small_persistent_staker,2.856216313,False,920,0.0,0.028896495,0,0,0,1,0.0,0.072127655
staker_05375,staker,small_persistent_staker,21.575444869,True,921,0.0,0.586079215,0,0,0,0,0.0,1.378859699
staker_05376,staker,small_persistent_staker,5.341884518,True,921,0.0,0.145107899,0,0,0,0,0.0,0.341393159
staker_05377,staker,small_persistent_staker,7.327724686,True,921,0.0,0.199051614,0,0,0,0,0.0,0.46830572
staker_05378,staker,small_persistent_staker,19.324101465,False,921,0.0,0.115509861,0,0,0,1,0.0,0.310504828
staker_05379,staker,small_persistent_staker,6.042574538,False,922,0.0,0.14690119,0,0,0,1,0.0,0.266635645
staker_05380,staker,small_persistent_staker,4.435941995,True,922,0.0,0.12303355,0,0,0,0,0.0,0.283495505
staker_05381,staker,small_persistent_staker,12.702442145,True,922,0.0,0.352309961,0,0,0,0,0.0,0.811797191
staker_05382,staker,small_persistent_staker,34.722790926,False,923,0.0,0.25289999,0,0,0,1,0.0,0.672408006
staker_05383,staker,small_persistent_staker,2.830835605,False,923,0.0,0.10057062,0,0,0,1,0.0,0.1658544
staker_05384,staker,small_persistent_staker,26.518026161,False,923,0.0,0.046263572,0,0,0,1,0.0,0.247142025
staker_05385,staker,small_persistent_staker,25.256067468,False,924,0.0,0.075691881,0,0,0,1,0.0,0.1183218
staker_05386,staker,small_persistent_staker,2.414161075,False,924,0.0,0.0,0,0,0,1,0.0,0.0
staker_05387,staker,small_persistent_staker,16.058353523,False,924,0.0,0.201963546,0,0,0,1,0.0,0.40551949
staker_05388,staker,small_persistent_staker,8.949823364,False,924,0.0,0.053797699,0,0,0,1,0.0,0.08310703
staker_05389,staker,small_persistent_staker,1.668963307,False,924,0.0,-0.000888543,0,0,0,1,0.0,0.0
staker_05390,staker,small_persistent_staker,11.562755022,False,925,0.0,0.137039544,0,0,0,1,0.0,0.292362706
staker_05391,staker,small_persistent_staker,8.928521741,False,925,0.0,0.084542229,0,0,0,1,0.0,0.172722868
staker_05392,staker,small_persistent_staker,22.362327248,True,925,0.0,0.659100196,0,0,0,0,0.0,1.429148367
staker_05393,staker,small_persistent_staker,3.167987622,False,925,0.0,0.092538248,0,0,0,1,0.0,0.15202254
staker_05394,staker,small_persistent_staker,3.859020104,True,925,0.0,0.113739544,0,0,0,0,0.0,0.246625149
staker_05395,staker,small_persistent_staker,25.58159063,False,926,0.0,-0.01168013,0,0,0,1,0.0,0.0
staker_05396,staker,small_persistent_staker,7.821963485,False,926,0.0,0.066192576,0,0,0,1,0.0,0.161234117
staker_05397,staker,small_persistent_staker,5.219440493,False,926,0.0,0.16973222,0,0,0,1,0.0,0.282045518
staker_05398,staker,small_persistent_staker,6.810973495,False,926,0.0,0.21526072,0,0,0,1,0.0,0.368395781
staker_05399,staker,small_persistent_staker,11.882656369,True,927,0.0,0.301294149,0,0,0,0,0.0,0.705186325
staker_05400,staker,small_persistent_staker,8.845584662,False,927,0.0,0.067749607,0,0,0,1,0.0,0.182565047
staker_05401,staker,small_persistent_staker,9.357145929,False,927,0.0,0.038642506,0,0,0,1,0.0,0.106727554
staker_05402,staker,small_persistent_staker,11.632244643,False,927,0.0,0.376226126,0,0,0,1,0.0,0.685376226
staker_05403,staker,small_persistent_staker,5.704526041,False,927,0.0,0.200371813,0,0,0,1,0.0,0.307568429
staker_05404,staker,small_persistent_staker,10.428710643,True,927,0.0,0.264428205,0,0,0,0,0.0,0.618900682
staker_05405,staker,small_persistent_staker,12.00840602,False,927,0.0,0.036511472,0,0,0,1,0.0,0.137117621
staker_05406,staker,small_persistent_staker,8.3899252,False,927,0.0,0.038335301,0,0,0,1,0.0,0.123318514
staker_05407,staker,small_persistent_staker,38.93421835,True,928,0.0,1.013770803,0,0,0,0,0.0,2.310584224
staker_05408,staker,small_persistent_staker,16.3045242,False,928,0.0,0.199810127,0,0,0,1,0.0,0.399328641
staker_05409,staker,small_persistent_staker,16.342892706,False,929,0.0,0.168306478,0,0,0,1,0.0,0.336876014
staker_05410,staker,small_persistent_staker,3.849333881,False,929,0.0,0.016294568,0,0,0,1,0.0,0.017756105
staker_05411,staker,small_persistent_staker,2.405084451,False,929,0.0,0.017310582,0,0,0,1,0.0,0.035306853
staker_05412,staker,small_persistent_staker,5.257258668,True,929,0.0,0.140454912,0,0,0,0,0.0,0.311996477
staker_05413,staker,small_persistent_staker,2.152647313,True,929,0.0,0.05751094,0,0,0,0,0.0,0.127750681
staker_05414,staker,small_persistent_staker,15.673925655,False,930,0.0,0.0,0,0,0,1,0.0,0.0
staker_05415,staker,small_persistent_staker,9.006552165,False,930,0.0,0.068234086,0,0,0,1,0.0,0.132216985
staker_05416,staker,small_persistent_staker,6.871793552,False,930,0.0,0.190819605,0,0,0,1,0.0,0.40752695
staker_05417,staker,staker_whale,252.505611432,False,930,0.0,8.425417968,0,0,0,1,0.0,13.663313024
staker_05418,staker,small_persistent_staker,57.848537689,True,931,0.0,1.306154558,0,0,0,0,0.0,3.172253357
staker_05419,staker,small_persistent_staker,6.492653521,False,931,0.0,0.144875338,0,0,0,1,0.0,0.252649384
staker_05420,staker,small_persistent_staker,3.062506403,False,931,0.0,0.054953492,0,0,0,1,0.0,0.091800062
staker_05421,staker,small_persistent_staker,5.192907874,False,931,0.0,0.150713934,0,0,0,1,0.0,0.282887204
staker_05422,staker,small_persistent_staker,3.547287199,False,931,0.0,0.074477815,0,0,0,1,0.0,0.124000007
staker_05423,staker,small_persistent_staker,31.864881765,False,932,0.0,0.295061319,0,0,0,1,0.0,0.634731403
staker_05424,staker,small_persistent_staker,45.434763889,False,932,0.0,0.073130268,0,0,0,1,0.0,0.45889571
staker_05425,staker,small_persistent_staker,14.857615432,True,932,0.0,0.342983784,0,0,0,0,0.0,0.814750421
staker_05426,staker,small_persistent_staker,21.624439272,False,932,0.0,0.62199348,0,0,0,1,0.0,1.073944505
staker_05427,staker,small_persistent_staker,2.473793205,False,932,0.0,0.035091135,0,0,0,1,0.0,0.063721236
staker_05428,staker,small_persistent_staker,4.237093917,True,932,0.0,0.097812096,0,0,0,0,0.0,0.232350478
staker_05429,staker,small_persistent_staker,83.578356536,True,933,0.0,1.982511202,0,0,0,0,0.0,4.583205258
staker_05430,staker,small_persistent_staker,7.536374437,False,933,0.0,-0.010562013,0,0,0,1,0.0,0.0
staker_05431,staker,small_persistent_staker,7.218112902,True,933,0.0,0.171216452,0,0,0,0,0.0,0.395821291
staker_05432,staker,small_persistent_staker,40.010142831,True,933,0.0,0.949056187,0,0,0,0,0.0,2.19404526
staker_05433,staker,small_persistent_staker,7.769911288,False,933,0.0,0.0,0,0,0,1,0.0,0.0
staker_05434,staker,small_persistent_staker,13.384498951,False,933,0.0,-0.026307373,0,0,0,1,0.0,0.0
staker_05435,staker,small_persistent_staker,4.606342533,True,933,0.0,0.109264241,0,0,0,0,0.0,0.252599048
staker_05436,staker,small_persistent_staker,6.325205457,False,933,0.0,0.015551877,0,0,0,1,0.0,0.043006225
staker_05437,staker,small_persistent_staker,13.71373152,False,934,0.0,0.061864228,0,0,0,1,0.0,0.093115499
staker_05438,staker,small_persistent_staker,5.925102406,False,934,0.0,0.165719337,0,0,0,1,0.0,0.323728801
staker_05439,staker,small_persistent_staker,57.791279776,False,934,0.0,1.279445773,0,0,0,1,0.0,2.021583956
staker_05440,staker,small_persistent_staker,2.279712265,True,934,0.0,0.055633609,0,0,0,0,0.0,0.125013098
staker_05441,staker,small_persistent_staker,3.066386565,False,935,0.0,0.011820258,0,0,0,1,0.0,0.020848921
staker_05442,staker,staker_whale,132.77699302,False,935,0.0,3.838108168,0,0,0,1,0.0,6.60673351
staker_05443,staker,small_persistent_staker,13.784067511,False,935,0.0,0.298463532,0,0,0,1,0.0,0.482755127
staker_05444,staker,small_persistent_staker,26.974919826,False,935,0.0,0.304549185,0,0,0,1,0.0,0.537325977
staker_05445,staker,small_persistent_staker,7.14863351,False,935,0.0,0.174577101,0,0,0,1,0.0,0.249655966
staker_05446,staker,small_persistent_staker,2.080392773,False,935,0.0,0.015364055,0,0,0,1,0.0,0.033387455
staker_05447,staker,small_persistent_staker,10.927144448,True,935,0.0,0.274126027,0,0,0,0,0.0,0.599214294
staker_05448,staker,small_persistent_staker,5.350603527,False,936,0.0,0.058245361,0,0,0,1,0.0,0.106684803
staker_05449,staker,small_persistent_staker,11.685953332,True,936,0.0,0.299575414,0,0,0,0,0.0,0.640825268
staker_05450,staker,staker_whale,133.925385796,False,937,0.0,25.811070006,1,0,0,1,0.0,3.414228756
staker_05451,staker,small_persistent_staker,2.44234917,True,937,0.0,0.063961393,0,0,0,0,0.0,0.133931654
staker_05452,staker,small_persistent_staker,4.426931398,True,937,0.0,0.115934569,0,0,0,0,0.0,0.242760639
staker_05453,staker,small_persistent_staker,7.787285871,False,937,0.0,0.066246006,0,0,0,1,0.0,0.124975274
staker_05454,staker,small_persistent_staker,16.634994451,True,937,0.0,0.435645085,0,0,0,0,0.0,0.912216957
staker_05455,staker,small_persistent_staker,9.845629216,False,937,0.0,0.122159128,0,0,0,1,0.0,0.196119668
staker_05456,staker,small_persistent_staker,10.979334803,True,937,0.0,0.287532001,0,0,0,0,0.0,0.602076268
staker_05457,staker,small_persistent_staker,0.776226323,False,937,0.0,0.026226323,0,0,0,1,0.0,0.038472927
staker_05458,staker,small_persistent_staker,10.70509022,False,937,0.0,0.361692396,0,0,0,1,0.0,0.530587715
staker_05459,staker,small_persistent_staker,4.197333184,False,938,0.0,0.143683366,0,0,0,1,0.0,0.208036866
staker_05460,staker,small_persistent_staker,3.775579102,False,938,0.0,0.119845113,0,0,0,1,0.0,0.187615477
staker_05461,staker,small_persistent_staker,2.326527646,True,938,0.0,0.0619719,0,0,0,0,0.0,0.127580323
staker_05462,staker,small_persistent_staker,2.129106744,False,938,0.0,0.01515201,0,0,0,1,0.0,0.021463626
staker_05463,staker,small_persistent_staker,2.087597064,False,938,0.0,0.062612042,0,0,0,1,0.0,0.103924009
staker_05464,staker,small_persistent_staker,10.496742315,False,938,0.0,0.040264482,0,0,0,1,0.0,0.071484297
staker_05465,staker,small_persistent_staker,6.668149905,False,938,0.0,0.0,0,0,0,1,0.0,0.0
staker_05466,staker,small_persistent_staker,17.431071758,False,938,0.0,0.476189563,0,0,0,1,0.0,0.955202518
staker_05467,staker,staker_whale,168.675326078,True,939,0.0,3.370607804,0,0,0,0,0.0,8.127276895
staker_05468,staker,small_persistent_staker,1.400107645,False,939,0.0,0.038575811,0,0,0,1,0.0,0.066940293
staker_05469,staker,small_persistent_staker,3.859857599,False,939,0.0,0.008447726,0,0,0,1,0.0,0.035794563
staker_05470,staker,small_persistent_staker,9.14560396,False,939,0.0,-0.018438504,0,0,0,1,0.0,0.0
staker_05471,staker,small_persistent_staker,13.499874596,True,940,0.0,0.27902657,0,0,0,0,0.0,0.65046395
staker_05472,staker,small_persistent_staker,6.173478487,False,940,0.0,0.139266513,0,0,0,1,0.0,0.29688242
staker_05473,staker,small_persistent_staker,4.497376805,False,940,0.0,0.082731275,0,0,0,1,0.0,0.127325539
staker_05474,staker,small_persistent_staker,26.525022752,False,940,0.0,0.59837374,0,0,0,1,0.0,1.275587655
staker_05475,staker,small_persistent_staker,9.537014619,False,940,0.0,-0.008196368,0,0,0,1,0.0,0.031467943
staker_05476,staker,small_persistent_staker,17.084096382,False,940,0.0,0.483657231,0,0,0,1,0.0,0.733962103
staker_05477,staker,small_persistent_staker,16.233656962,True,941,0.0,0.346005466,0,0,0,0,0.0,0.782185683
staker_05478,staker,small_persistent_staker,15.468445233,False,941,0.0,0.409095515,0,0,0,1,0.0,0.666264259
staker_05479,staker,small_persistent_staker,24.802081171,False,942,0.0,0.05804378,0,0,0,1,0.0,0.081681551
staker_05480,staker,small_persistent_staker,18.351599933,False,942,0.0,0.100133787,0,0,0,1,0.0,0.169969025
staker_05481,staker,small_persistent_staker,3.01280923,False,942,0.0,0.076913546,0,0,0,1,0.0,0.144635576
staker_05482,staker,small_persistent_staker,1.849042713,False,942,0.0,0.004327275,0,0,0,1,0.0,0.006089516
staker_05483,staker,staker_whale,102.244748435,True,942,0.0,2.244748435,0,0,0,0,0.0,4.92645487
staker_05484,staker,small_persistent_staker,1.85508665,True,943,0.0,0.041523062,0,0,0,0,0.0,0.08938357
staker_05485,staker,small_persistent_staker,26.634268574,True,943,0.0,0.596164273,0,0,0,0,0.0,1.283317961
staker_05486,staker,staker_whale,102.289584012,True,943,0.0,2.289584012,0,0,0,0,0.0,4.928615181
staker_05487,staker,small_persistent_staker,5.863079412,False,943,0.0,-0.003033943,0,0,0,1,0.0,0.0
staker_05488,staker,small_persistent_staker,15.136252458,False,943,0.0,0.387081843,0,0,0,1,0.0,0.726929862
staker_05489,staker,small_persistent_staker,19.424304762,False,943,0.0,0.336489152,0,0,0,1,0.0,0.45258072
staker_05490,staker,small_persistent_staker,3.287826545,True,944,0.0,0.075254983,0,0,0,0,0.0,0.158417223
staker_05491,staker,small_persistent_staker,7.161415997,True,944,0.0,0.163917479,0,0,0,0,0.0,0.345058238
staker_05492,staker,small_persistent_staker,17.472054197,False,944,0.0,0.466806264,0,0,0,1,0.0,0.753568425
staker_05493,staker,small_persistent_staker,14.757041223,False,944,0.0,0.10881912,0,0,0,1,0.0,0.13654381
staker_05494,staker,small_persistent_staker,5.359315336,False,944,0.0,0.132775453,0,0,0,1,0.0,0.257729335
staker_05495,staker,small_persistent_staker,20.747238245,True,944,0.0,0.474883039,0,0,0,0,0.0,0.9996634
staker_05496,staker,small_persistent_staker,6.700006582,False,945,0.0,0.032295246,0,0,0,1,0.0,0.066372813
staker_05497,staker,staker_whale,202.796120251,True,945,0.0,3.987050754,0,0,0,0,0.0,9.11657306
staker_05498,staker,small_persistent_staker,8.079358668,False,945,0.0,0.19448783,0,0,0,1,0.0,0.361568017
staker_05499,staker,small_persistent_staker,4.985887349,False,945,0.0,0.017951431,0,0,0,1,0.0,0.029795168
staker_05500,staker,small_persistent_staker,7.081161641,False,945,0.0,0.018120899,0,0,0,1,0.0,0.042360547
staker_05501,staker,small_persistent_staker,3.832005261,False,945,0.0,0.064588609,0,0,0,1,0.0,0.096139272
staker_05502,staker,small_persistent_staker,15.733302955,False,945,0.0,0.091048346,0,0,0,1,0.0,0.155708667
staker_05503,staker,small_persistent_staker,5.292023734,False,945,0.0,0.121612544,0,0,0,1,0.0,0.175860341
staker_05504,staker,small_persistent_staker,9.703833418,False,945,0.0,0.046774235,0,0,0,1,0.0,0.096129864
staker_05505,staker,small_persistent_staker,51.177246397,True,945,0.0,22.600213902,1,0,0,0,0.0,2.171130992
staker_05506,staker,small_persistent_staker,18.104576228,False,945,0.0,0.264074069,0,0,0,1,0.0,0.363076683
staker_05507,staker,small_persistent_staker,7.716255017,False,946,0.0,0.023952188,0,0,0,1,0.0,0.046159769
staker_05508,staker,small_persistent_staker,129.172117287,False,946,0.0,29.172117287,1,0,0,1,0.0,4.716333516
staker_05509,staker,small_persistent_staker,1.262321585,False,946,0.0,0.037247033,0,0,0,1,0.0,0.050101812
staker_05510,staker,small_persistent_staker,14.867608943,False,946,0.0,-0.0199599,0,0,0,1,0.0,0.0
staker_05511,staker,small_persistent_staker,13.500503444,False,946,0.0,0.3492859,0,0,0,1,0.0,0.603390945
staker_05512,staker,small_persistent_staker,3.542596794,False,946,0.0,-0.003656027,0,0,0,1,0.0,0.0
staker_05513,staker,small_persistent_staker,11.073677178,False,946,0.0,-0.011428244,0,0,0,1,0.0,0.0
staker_05514,staker,small_persistent_staker,8.06302477,False,946,0.0,0.185688475,0,0,0,1,0.0,0.322159024
staker_05515,staker,small_persistent_staker,35.40282382,False,946,0.0,0.757692737,0,0,0,1,0.0,1.589553082
staker_05516,staker,small_persistent_staker,6.512586501,False,946,0.0,0.129798151,0,0,0,1,0.0,0.189044662
staker_05517,staker,small_persistent_staker,3.910638255,True,947,0.0,0.081661942,0,0,0,0,0.0,0.175800303
staker_05518,staker,small_persistent_staker,3.457785927,False,947,0.0,0.015095494,0,0,0,1,0.0,0.020673278
staker_05519,staker,small_persistent_staker,3.448036416,True,947,0.0,0.072001891,0,0,0,0,0.0,0.155004326
staker_05520,staker,small_persistent_staker,5.593710434,False,947,0.0,0.156073826,0,0,0,1,0.0,0.249658939
staker_05521,staker,small_persistent_staker,4.22547557,False,947,0.0,0.109935399,0,0,0,1,0.0,0.16843094
staker_05522,staker,small_persistent_staker,8.013254628,True,947,0.0,0.16733277,0,0,0,0,0.0,0.360230862
staker_05523,staker,small_persistent_staker,34.233971873,True,947,0.0,0.714873746,0,0,0,0,0.0,1.538966847
staker_05524,staker,small_persistent_staker,2.402370205,True,947,0.0,0.050166291,0,0,0,0,0.0,0.107997054
staker_05525,staker,small_persistent_staker,3.042578486,False,947,0.0,0.088849137,0,0,0,1,0.0,0.120883138
staker_05526,staker,small_persistent_staker,12.839638045,True,948,0.0,0.272280822,0,0,0,0,0.0,0.577197918
staker_05527,staker,small_persistent_staker,15.693997015,False,948,0.0,0.278704817,0,0,0,1,0.0,0.393998264
staker_05528,staker,small_persistent_staker,3.970202034,False,948,0.0,0.109275799,0,0,0,1,0.0,0.158063061
staker_05529,staker,small_persistent_staker,10.599125322,True,948,0.0,0.224767906,0,0,0,0,0.0,0.476477066
staker_05530,staker,small_persistent_staker,4.341635703,True,948,0.0,0.092069896,0,0,0,0,0.0,0.195175524
staker_05531,staker,small_persistent_staker,13.939815965,False,949,0.0,0.335445108,0,0,0,1,0.0,0.62502004
staker_05532,staker,small_persistent_staker,15.048746685,False,949,0.0,0.299844432,0,0,0,1,0.0,0.377082978
staker_05533,staker,small_persistent_staker,1.701050899,False,949,0.0,0.029444786,0,0,0,1,0.0,0.042737704
staker_05534,staker,small_persistent_staker,3.689206792,True,949,0.0,0.079353981,0,0,0,0,0.0,0.16584599
staker_05535,staker,small_persistent_staker,3.025375868,True,949,0.0,0.065075132,0,0,0,0,0.0,0.136003885
staker_05536,staker,small_persistent_staker,14.011122107,False,949,0.0,0.176482141,0,0,0,1,0.0,0.221174416
staker_05537,staker,small_persistent_staker,65.7510826,True,950,0.0,1.027701679,0,0,0,0,0.0,2.569210059
staker_05538,staker,small_persistent_staker,7.197643044,False,950,0.0,0.167222997,0,0,0,1,0.0,0.279074202
staker_05539,staker,small_persistent_staker,12.4408203,False,950,0.0,0.243889287,0,0,0,1,0.0,0.340302182
staker_05540,staker,small_persistent_staker,1.224594492,True,950,0.0,0.01914064,0,0,0,0,0.0,0.047850778
staker_05541,staker,small_persistent_staker,21.776460485,True,950,0.0,0.340370137,0,0,0,0,0.0,0.850910725
staker_05542,staker,small_persistent_staker,3.646961226,True,950,0.0,0.057002684,0,0,0,0,0.0,0.142504261
staker_05543,staker,small_persistent_staker,5.735209921,True,950,0.0,0.0896424,0,0,0,0,0.0,0.224102151
staker_05544,staker,small_persistent_staker,25.78026737,True,950,0.0,0.402950385,0,0,0,0,0.0,1.007358657
staker_05545,staker,small_persistent_staker,29.841075937,False,951,0.0,0.58040676,0,0,0,1,0.0,0.816796147
staker_05546,staker,small_persistent_staker,37.531919929,True,951,0.0,0.604938475,0,0,0,0,0.0,1.466552069
staker_05547,staker,small_persistent_staker,43.668606274,True,951,0.0,0.70384942,0,0,0,0,0.0,1.706341829
staker_05548,staker,small_persistent_staker,4.4481747,False,951,0.0,0.083118996,0,0,0,1,0.0,0.173357833
staker_05549,staker,small_persistent_staker,2.559424675,False,951,0.0,0.004344952,0,0,0,1,0.0,0.010073712
staker_05550,staker,small_persistent_staker,9.783078315,False,951,0.0,0.201459607,0,0,0,1,0.0,0.33297593
staker_05551,staker,small_persistent_staker,3.607707987,True,951,0.0,0.05814894,0,0,0,0,0.0,0.140970449
staker_05552,staker,small_persistent_staker,11.12267304,True,951,0.0,0.179274945,0,0,0,0,0.0,0.434616166
staker_05553,staker,small_persistent_staker,7.955638409,False,952,0.0,0.210394096,0,0,0,1,0.0,0.269287962
staker_05554,staker,small_persistent_staker,12.453930083,False,952,0.0,0.215168469,0,0,0,1,0.0,0.486294118
staker_05555,staker,small_persistent_staker,3.062642637,False,952,0.0,0.037877655,0,0,0,1,0.0,0.058862386
staker_05556,staker,small_persistent_staker,6.072349515,True,952,0.0,0.100732786,0,0,0,0,0.0,0.237275811
staker_05557,staker,small_persistent_staker,19.964926123,True,952,0.0,0.331193491,0,0,0,0,0.0,0.780125391
staker_05558,staker,small_persistent_staker,6.789875176,True,952,0.0,0.112635652,0,0,0,0,0.0,0.265312979
staker_05559,staker,small_persistent_staker,12.108687374,False,953,0.0,0.254234877,0,0,0,1,0.0,0.41239096
staker_05560,staker,small_persistent_staker,2.815998262,False,953,0.0,0.064369493,0,0,0,1,0.0,0.095723259
staker_05561,staker,small_persistent_staker,14.992564475,False,953,0.0,0.222844689,0,0,0,1,0.0,0.287583724
staker_05562,staker,small_persistent_staker,14.522389058,False,953,0.0,0.331674497,0,0,0,1,0.0,0.564172123
staker_05563,staker,small_persistent_staker,9.068661979,True,953,0.0,0.155484347,0,0,0,0,0.0,0.354356106
staker_05564,staker,small_persistent_staker,20.48153931,False,953,0.0,0.328291803,0,0,0,1,0.0,0.392407307
staker_05565,staker,small_persistent_staker,2.866716546,False,953,0.0,-0.002008107,0,0,0,1,0.0,0.0
staker_05566,staker,small_persistent_staker,56.565969803,True,953,0.0,0.969836887,0,0,0,0,0.0,2.210303662
staker_05567,staker,small_persistent_staker,10.133381437,True,953,0.0,0.173739214,0,0,0,0,0.0,0.3959598
staker_05568,staker,small_persistent_staker,13.847613992,True,953,0.0,0.237420606,0,0,0,0,0.0,0.541092675
staker_05569,staker,small_persistent_staker,3.453252001,True,953,0.0,0.05920682,0,0,0,0,0.0,0.134935113
staker_05570,staker,small_persistent_staker,3.422941229,False,954,0.0,0.060130161,0,0,0,1,0.0,0.079228799
staker_05571,staker,small_persistent_staker,3.900462897,False,954,0.0,0.083557608,0,0,0,1,0.0,0.151852818
staker_05572,staker,small_persistent_staker,4.613231429,False,954,0.0,0.074929898,0,0,0,1,0.0,0.08842794
staker_05573,staker,small_persistent_staker,81.731425434,False,954,0.0,1.975671337,0,0,0,1,0.0,2.776475044
staker_05574,staker,small_persistent_staker,11.364466648,False,954,0.0,0.302513196,0,0,0,1,0.0,0.385091183
staker_05575,staker,small_persistent_staker,30.747338766,False,954,0.0,0.373734311,0,0,0,1,0.0,0.435164514
staker_05576,staker,small_persistent_staker,1.752286664,False,954,0.0,0.0,0,0,0,1,0.0,0.0
staker_05577,staker,small_persistent_staker,19.615062776,True,955,0.0,0.273711722,0,0,0,0,0.0,0.690366269
staker_05578,staker,small_persistent_staker,10.16786482,True,955,0.0,0.141884011,0,0,0,0,0.0,0.357865329
staker_05579,staker,small_persistent_staker,12.691783659,False,955,0.0,0.249599768,0,0,0,1,0.0,0.444108793
staker_05580,staker,small_persistent_staker,4.205858463,True,955,0.0,0.058689221,0,0,0,0,0.0,0.148028219
staker_05581,staker,small_persistent_staker,13.615144368,False,955,0.0,0.236266307,0,0,0,1,0.0,0.41128414
staker_05582,staker,staker_whale,214.639545452,False,955,0.0,4.448099951,0,0,0,1,0.0,6.461558848
staker_05583,staker,small_persistent_staker,10.158465584,False,955,0.0,0.206406708,0,0,0,1,0.0,0.305939254
staker_05584,staker,staker_whale,102.441982406,False,955,0.0,2.441982406,0,0,0,1,0.0,3.074130269
staker_05585,staker,small_persistent_staker,14.996126345,True,956,0.0,0.216617046,0,0,0,0,0.0,0.527799473
staker_05586,staker,small_persistent_staker,19.720562504,False,956,0.0,0.216403025,0,0,0,1,0.0,0.301961287
staker_05587,staker,small_persistent_staker,7.292126879,True,956,0.0,0.105333801,0,0,0,0,0.0,0.25665166
staker_05588,staker,small_persistent_staker,7.844965443,False,957,0.0,0.194445605,0,0,0,1,0.0,0.235415649
staker_05589,staker,small_persistent_staker,6.00398618,True,958,0.0,0.054201692,0,0,0,0,0.0,0.175984345
staker_05590,staker,small_persistent_staker,3.429139025,True,958,0.0,0.030956956,0,0,0,0,0.0,0.100512354
staker_05591,staker,small_persistent_staker,2.803473879,True,958,0.0,0.02530869,0,0,0,0,0.0,0.082173326
staker_05592,staker,small_persistent_staker,26.944825723,True,958,0.0,0.243247586,0,0,0,0,0.0,0.789786546
staker_05593,staker,small_persistent_staker,13.36829343,False,958,0.0,0.176150174,0,0,0,1,0.0,0.390200804
staker_05594,staker,small_persistent_staker,83.215516409,False,959,0.0,0.717244351,0,0,0,1,0.0,1.667723321
staker_05595,staker,small_persistent_staker,14.628459374,True,959,0.0,0.069040441,0,0,0,0,0.0,0.365758744
staker_05596,staker,small_persistent_staker,5.625406686,False,959,0.0,0.058983407,0,0,0,1,0.0,0.139838547
staker_05597,staker,small_persistent_staker,5.170454436,False,959,0.0,0.041193215,0,0,0,1,0.0,0.128856251
staker_05598,staker,small_persistent_staker,5.40742551,False,959,0.0,0.043746899,0,0,0,1,0.0,0.072176303
staker_05599,staker,small_persistent_staker,3.917137337,False,959,0.0,0.051615563,0,0,0,1,0.0,0.078142495
staker_05600,staker,small_persistent_staker,14.574189582,True,960,0.0,0.075049208,0,0,0,0,0.0,0.364401824
staker_05601,staker,small_persistent_staker,9.468522324,True,960,0.0,0.048757778,0,0,0,0,0.0,0.236743647
staker_05602,staker,small_persistent_staker,5.91462066,True,960,0.0,0.030457103,0,0,0,0,0.0,0.147884625
staker_05603,staker,small_persistent_staker,8.530554152,True,960,0.0,0.043927749,0,0,0,0,0.0,0.213291413
staker_05604,staker,small_persistent_staker,1.310451243,True,960,0.0,0.006748116,0,0,0,0,0.0,0.032765515
staker_05605,staker,staker_whale,250.477675977,False,961,0.0,0.562588136,0,0,0,1,0.0,1.273331071
staker_05606,staker,small_persistent_staker,8.885650814,True,961,0.0,0.051075511,0,0,0,0,0.0,0.222169977
staker_05607,staker,small_persistent_staker,9.236720591,True,961,0.0,0.053093491,0,0,0,0,0.0,0.230947855
staker_05608,staker,small_persistent_staker,7.664523447,True,961,0.0,0.044056362,0,0,0,0,0.0,0.191637847
staker_05609,staker,small_persistent_staker,12.180374343,False,961,0.0,0.1016242,0,0,0,1,0.0,0.303753779
staker_05610,staker,small_persistent_staker,5.179196431,False,961,0.0,0.0214298,0,0,0,1,0.0,0.026279104
staker_05611,staker,small_persistent_staker,21.445142765,True,961,0.0,0.123268587,0,0,0,0,0.0,0.536197851
staker_05612,staker,small_persistent_staker,10.440088249,False,962,0.0,-0.004728827,0,0,0,1,0.0,0.0
staker_05613,staker,small_persistent_staker,3.429507307,True,962,0.0,0.002340025,0,0,0,0,0.0,0.068375674
staker_05614,staker,small_persistent_staker,5.226607122,False,962,0.0,0.0,0,0,0,1,0.0,0.0
staker_05615,staker,small_persistent_staker,10.199954613,True,962,0.0,0.006959642,0,0,0,0,0.0,0.203361214
staker_05616,staker,small_persistent_staker,3.649992069,True,962,0.0,0.002490466,0,0,0,0,0.0,0.072771581
staker_05617,staker,small_persistent_staker,9.640929335,False,962,0.0,0.013322254,0,0,0,1,0.0,0.192081118
staker_05618,staker,small_persistent_staker,0.757286977,False,963,0.0,0.007286977,0,0,0,1,0.0,0.011303383
staker_05619,staker,small_persistent_staker,3.874906589,True,963,0.0,0.004397073,0,0,0,0,0.0,0.077255805
staker_05620,staker,small_persistent_staker,4.985601712,False,963,0.0,0.041360533,0,0,0,1,0.0,0.09868761
staker_05621,staker,small_persistent_staker,13.050333353,False,963,0.0,0.074094397,0,0,0,1,0.0,0.195567205
staker_05622,staker,small_persistent_staker,4.677085416,True,963,0.0,0.00530735,0,0,0,0,0.0,0.093249216
staker_05623,staker,small_persistent_staker,47.502364109,True,963,0.0,0.053903588,0,0,0,0,0.0,0.947076611
staker_05624,staker,small_persistent_staker,3.870738217,True,963,0.0,0.004392343,0,0,0,0,0.0,0.077172699
staker_05625,staker,small_persistent_staker,10.733477128,True,964,0.0,0.017357225,0,0,0,0,0.0,0.213998299
staker_05626,staker,small_persistent_staker,2.547584705,False,964,0.0,0.01733843,0,0,0,1,0.0,0.050528401
staker_05627,staker,small_persistent_staker,3.493461723,True,964,0.0,0.005649316,0,0,0,0,0.0,0.069650763
staker_05628,staker,small_persistent_staker,42.97153718,False,964,0.0,0.237580482,0,0,0,1,0.0,0.644362224
staker_05629,staker,small_persistent_staker,15.067404182,True,964,0.0,0.024365667,0,0,0,0,0.0,0.300405808
staker_05630,staker,small_persistent_staker,17.154785525,False,964,0.0,-0.040401527,0,0,0,1,0.0,0.0
staker_05631,staker,small_persistent_staker,115.19893886,True,964,0.0,17.994020639,1,0,0,0,0.0,1.941158496
staker_05632,staker,small_persistent_staker,42.147753488,True,964,0.0,0.068157601,0,0,0,0,0.0,0.840319261
staker_05633,staker,small_persistent_staker,19.356972154,True,965,0.0,0.044830344,0,0,0,0,0.0,0.385928909
staker_05634,staker,small_persistent_staker,19.943854616,True,965,0.0,0.046189551,0,0,0,0,0.0,0.397629857
staker_05635,staker,small_persistent_staker,4.924347145,False,965,0.0,0.028042554,0,0,0,1,0.0,0.040867232
staker_05636,staker,small_persistent_staker,23.090442566,True,965,0.0,0.053476983,0,0,0,0,0.0,0.460364836
staker_05637,staker,small_persistent_staker,19.595150851,True,965,0.0,0.045381961,0,0,0,0,0.0,0.390677588
staker_05638,staker,small_persistent_staker,8.592315839,False,965,0.0,0.105824551,0,0,0,1,0.0,0.12805285
staker_05639,staker,small_persistent_staker,13.780510451,True,966,0.0,0.039321898,0,0,0,0,0.0,0.274748412
staker_05640,staker,small_persistent_staker,8.700018845,True,966,0.0,0.024825006,0,0,0,0,0.0,0.173456301
staker_05641,staker,small_persistent_staker,40.040481987,False,966,0.0,0.361444337,0,0,0,1,0.0,0.793363148
staker_05642,staker,small_persistent_staker,5.898472769,True,966,0.0,0.016830954,0,0,0,0,0.0,0.117600581
staker_05643,staker,small_persistent_staker,7.87217157,False,966,0.0,0.083712708,0,0,0,1,0.0,0.117583567
staker_05644,staker,small_persistent_staker,27.534161178,False,967,0.0,0.115848729,0,0,0,1,0.0,0.548577037
staker_05645,staker,small_persistent_staker,20.276923395,True,967,0.0,0.071170204,0,0,0,0,0.0,0.404270403
staker_05646,staker,small_persistent_staker,2.246414904,True,967,0.0,0.007884717,0,0,0,0,0.0,0.044787813
staker_05647,staker,small_persistent_staker,9.775438338,True,967,0.0,0.034310922,0,0,0,0,0.0,0.194897437
staker_05648,staker,small_persistent_staker,7.199324674,False,967,0.0,0.097177564,0,0,0,1,0.0,0.107292849
staker_05649,staker,small_persistent_staker,21.623930995,True,967,0.0,0.075898082,0,0,0,0,0.0,0.431126317
staker_05650,staker,small_persistent_staker,16.825664943,True,968,0.0,0.066678344,0,0,0,0,0.0,0.335461066
staker_05651,staker,small_persistent_staker,8.135224457,True,968,0.0,0.032239041,0,0,0,0,0.0,0.162195734
staker_05652,staker,small_persistent_staker,31.060444048,False,968,0.0,0.212556993,0,0,0,1,0.0,0.466234063
staker_05653,staker,small_persistent_staker,12.331029124,False,968,0.0,0.080925335,0,0,0,1,0.0,0.245207719
staker_05654,staker,small_persistent_staker,40.616517028,True,968,0.0,0.160958994,0,0,0,0,0.0,0.809790291
staker_05655,staker,small_persistent_staker,6.021413382,True,968,0.0,0.023862229,0,0,0,0,0.0,0.120051704
staker_05656,staker,small_persistent_staker,12.861512915,False,969,0.0,0.183335301,0,0,0,1,0.0,0.191677473
staker_05657,staker,small_persistent_staker,17.559891947,True,969,0.0,0.075050756,0,0,0,0,0.0,0.35009969
staker_05658,staker,small_persistent_staker,11.320989266,True,969,0.0,0.048385765,0,0,0,0,0.0,0.225711801
staker_05659,staker,small_persistent_staker,23.413887216,False,969,0.0,0.197683126,0,0,0,1,0.0,0.464859004
staker_05660,staker,small_persistent_staker,13.022499504,False,969,0.0,0.103044298,0,0,0,1,0.0,0.25868678
staker_05661,staker,small_persistent_staker,37.649249056,False,969,0.0,0.287868108,0,0,0,1,0.0,0.312451693
staker_05662,staker,small_persistent_staker,43.844683681,True,970,0.0,0.011890113,0,0,0,0,0.0,0.698650233
staker_05663,staker,small_persistent_staker,8.810112568,True,970,0.0,0.002389189,0,0,0,0,0.0,0.140386169
staker_05664,staker,small_persistent_staker,16.990718881,True,970,0.0,0.004607664,0,0,0,0,0.0,0.270741369
staker_05665,staker,small_persistent_staker,9.525445556,True,970,0.0,0.002583178,0,0,0,0,0.0,0.151784759
staker_05666,staker,small_persistent_staker,6.00367443,False,970,0.0,0.036517577,0,0,0,1,0.0,0.065962582
staker_05667,staker,small_persistent_staker,13.857102491,False,970,0.0,0.013455209,0,0,0,1,0.0,0.220653684
staker_05668,staker,small_persistent_staker,11.672474109,False,970,0.0,0.086827085,0,0,0,1,0.0,0.184663452
staker_05669,staker,small_persistent_staker,14.243402704,True,970,0.0,0.003862627,0,0,0,0,0.0,0.226963814
staker_05670,staker,small_persistent_staker,6.502251107,False,970,0.0,0.01430863,0,0,0,1,0.0,0.103411217
staker_05671,staker,small_persistent_staker,4.376350594,True,971,0.0,-0.017738348,0,0,0,0,0.0,0.050810511
staker_05672,staker,small_persistent_staker,23.088398052,True,971,0.0,-0.093582549,0,0,0,0,0.0,0.268062003
staker_05673,staker,small_persistent_staker,9.26679206,True,971,0.0,-0.037560424,0,0,0,0,0.0,0.107589744
staker_05674,staker,small_persistent_staker,8.037470481,False,971,0.0,0.0,0,0,0,1,0.0,0.0
staker_05675,staker,small_persistent_staker,6.564318426,True,972,0.0,-0.022305856,0,0,0,0,0.0,0.076213358
staker_05676,staker,small_persistent_staker,2.053081029,True,972,0.0,-0.006976464,0,0,0,0,0.0,0.023836778
staker_05677,staker,small_persistent_staker,3.982567834,True,972,0.0,-0.013532949,0,0,0,0,0.0,0.046238596
staker_05678,staker,small_persistent_staker,16.357619436,False,972,0.0,0.100383331,0,0,0,1,0.0,0.108989799
staker_05679,staker,small_persistent_staker,21.233705286,True,972,0.0,-0.072153109,0,0,0,0,0.0,0.246528562
staker_05680,staker,small_persistent_staker,9.334385509,True,973,0.0,-0.094509776,0,0,0,0,0.0,0.045583416
staker_05681,staker,small_persistent_staker,4.197685823,True,973,0.0,-0.042501175,0,0,0,0,0.0,0.020498924
staker_05682,staker,small_persistent_staker,3.479606287,True,973,0.0,-0.035230687,0,0,0,0,0.0,0.016992264
staker_05683,staker,small_persistent_staker,24.419426141,True,974,0.0,-0.234272993,0,0,0,0,0.0,0.119249507
staker_05684,staker,small_persistent_staker,33.856420608,False,974,0.0,-0.21328089,0,0,0,1,0.0,0.164794544
staker_05685,staker,small_persistent_staker,21.018669318,False,974,0.0,-0.049510679,0,0,0,1,0.0,0.101906414
staker_05686,staker,small_persistent_staker,7.159557904,False,974,0.0,-0.040366403,0,0,0,1,0.0,0.0
staker_05687,staker,small_persistent_staker,20.054246386,True,974,0.0,-0.192394706,0,0,0,0,0.0,0.097932645
staker_05688,staker,small_persistent_staker,7.210085728,False,974,0.0,-0.036065501,0,0,0,1,0.0,0.0
staker_05689,staker,small_persistent_staker,3.823097839,False,975,0.0,-0.014275849,0,0,0,1,0.0,0.0
staker_05690,staker,small_persistent_staker,7.38317512,True,975,0.0,-0.066642414,0,0,0,0,0.0,0.036054901
staker_05691,staker,small_persistent_staker,17.901876842,True,975,0.0,-0.161586888,0,0,0,0,0.0,0.087421792
staker_05692,staker,small_persistent_staker,17.490166222,False,975,0.0,-0.078449679,0,0,0,1,0.0,0.085026876
staker_05693,staker,small_persistent_staker,5.389924916,True,975,0.0,-0.048650832,0,0,0,0,0.0,0.026321089
staker_05694,staker,small_persistent_staker,30.708277962,True,975,0.0,-0.277180718,0,0,0,0,0.0,0.149960404
staker_05695,staker,small_persistent_staker,12.908920181,True,976,0.0,-0.110631882,0,0,0,0,0.0,0.063039252
staker_05696,staker,small_persistent_staker,8.840532405,False,976,0.0,-0.009772534,0,0,0,1,0.0,0.0
staker_05697,staker,small_persistent_staker,10.425549579,True,976,0.0,-0.089348928,0,0,0,0,0.0,0.050911993
staker_05698,staker,small_persistent_staker,6.961712506,True,976,0.0,-0.05966319,0,0,0,0,0.0,0.033996736
staker_05699,staker,small_persistent_staker,59.304332861,False,976,0.0,-0.466380519,0,0,0,1,0.0,0.289403282
staker_05700,staker,small_persistent_staker,3.102603879,False,976,0.0,-0.024399465,0,0,0,1,0.0,0.015140609
staker_05701,staker,small_persistent_staker,12.623335023,True,976,0.0,-0.108184364,0,0,0,0,0.0,0.06164463
staker_05702,staker,small_persistent_staker,2.591551731,False,977,0.0,-0.003521482,0,0,0,1,0.0,0.0
staker_05703,staker,small_persistent_staker,3.328184276,True,977,0.0,-0.026173472,0,0,0,0,0.0,0.016252812
staker_05704,staker,small_persistent_staker,83.973828296,True,977,0.0,-0.660386108,0,0,0,0,0.0,0.410076698
staker_05705,staker,small_persistent_staker,3.378308601,True,977,0.0,-0.026567659,0,0,0,0,0.0,0.016497588
staker_05706,staker,small_persistent_staker,6.16006684,True,977,0.0,-0.048443934,0,0,0,0,0.0,0.03008199
staker_05707,staker,small_persistent_staker,11.985915745,False,978,0.0,-0.006473743,0,0,0,1,0.0,0.0
staker_05708,staker,small_persistent_staker,6.004386555,False,978,0.0,-0.007320317,0,0,0,1,0.0,0.029140206
staker_05709,staker,small_persistent_staker,32.136117743,True,978,0.0,-0.239623683,0,0,0,0,0.0,0.156933098
staker_05710,staker,small_persistent_staker,47.165248534,True,978,0.0,-0.351688733,0,0,0,0,0.0,0.23032616
staker_05711,staker,small_persistent_staker,2.602402966,True,979,0.0,-0.017989569,0,0,0,0,0.0,0.012708541
staker_05712,staker,small_persistent_staker,5.722210812,True,979,0.0,-0.039555791,0,0,0,0,0.0,0.02794377
staker_05713,staker,small_persistent_staker,3.517655255,True,979,0.0,-0.024316412,0,0,0,0,0.0,0.017178072
staker_05714,staker,small_persistent_staker,3.977670319,True,979,0.0,-0.027496347,0,0,0,0,0.0,0.019424503
staker_05715,staker,small_persistent_staker,5.23312956,False,981,0.0,-0.016858342,0,0,0,1,0.0,0.025488692
staker_05716,staker,small_persistent_staker,1.977503025,True,981,0.0,-0.011562292,0,0,0,0,0.0,0.009656912
staker_05717,staker,small_persistent_staker,5.260203286,True,981,0.0,-0.030755961,0,0,0,0,0.0,0.025687608
staker_05718,staker,small_persistent_staker,53.402315552,True,981,0.0,-0.31223879,0,0,0,0,0.0,0.260784171
staker_05719,staker,small_persistent_staker,6.987081229,True,981,0.0,-0.040852869,0,0,0,0,0.0,0.034120621
staker_05720,staker,small_persistent_staker,59.569563801,False,981,0.0,-0.141752854,0,0,0,1,0.0,0.0
staker_05721,staker,small_persistent_staker,12.307556809,True,981,0.0,-0.071961236,0,0,0,0,0.0,0.060102562
staker_05722,staker,small_persistent_staker,3.453901543,True,982,0.0,-0.018210561,0,0,0,0,0.0,0.016866738
staker_05723,staker,small_persistent_staker,6.019396596,True,982,0.0,-0.031737034,0,0,0,0,0.0,0.029395043
staker_05724,staker,small_persistent_staker,4.72531239,True,982,0.0,-0.024914025,0,0,0,0,0.0,0.023075529
staker_05725,staker,small_persistent_staker,8.314021329,False,982,0.0,0.020717021,0,0,0,1,0.0,0.040287002
staker_05726,staker,small_persistent_staker,18.765362355,True,982,0.0,-0.098939641,0,0,0,0,0.0,0.091638526
staker_05727,staker,small_persistent_staker,2.666036668,True,982,0.0,-0.014056574,0,0,0,0,0.0,0.013019289
staker_05728,staker,small_persistent_staker,32.702115568,True,983,0.0,-0.149408453,0,0,0,0,0.0,0.159697085
staker_05729,staker,small_persistent_staker,20.967260238,True,983,0.0,-0.095794595,0,0,0,0,0.0,0.102391245
staker_05730,staker,small_persistent_staker,22.739220486,True,983,0.0,-0.103890274,0,0,0,0,0.0,0.111044413
staker_05731,staker,small_persistent_staker,5.530352018,True,983,0.0,-0.025266908,0,0,0,0,0.0,0.027006849
staker_05732,staker,small_persistent_staker,8.081328162,False,984,0.0,0.030874818,0,0,0,1,0.0,0.039159448
staker_05733,staker,small_persistent_staker,12.295773471,True,984,0.0,-0.048364479,0,0,0,0,0.0,0.06004502
staker_05734,staker,small_persistent_staker,2.139615074,True,984,0.0,-0.008416011,0,0,0,0,0.0,0.010448568
staker_05735,staker,small_persistent_staker,7.036314867,True,985,0.0,-0.024339069,0,0,0,0,0.0,0.034361048
staker_05736,staker,small_persistent_staker,3.235334449,True,985,0.0,-0.011191231,0,0,0,0,0.0,0.01579939
staker_05737,staker,small_persistent_staker,3.295874829,True,985,0.0,-0.011400644,0,0,0,0,0.0,0.016095032
staker_05738,staker,small_persistent_staker,10.839922919,False,985,0.0,0.04048831,0,0,0,1,0.0,0.052556023
staker_05739,staker,small_persistent_staker,7.82971187,False,985,0.0,0.02471658,0,0,0,1,0.0,0.037983425
staker_05740,staker,small_persistent_staker,3.077580551,False,986,0.0,0.010183301,0,0,0,1,0.0,0.014935969
staker_05741,staker,small_persistent_staker,12.427225507,True,986,0.0,-0.036042516,0,0,0,0,0.0,0.060686951
staker_05742,staker,small_persistent_staker,8.493523013,True,986,0.0,-0.024633651,0,0,0,0,0.0,0.04147716
staker_05743,staker,small_persistent_staker,11.612572077,True,986,0.0,-0.033679787,0,0,0,0,0.0,0.056708683
staker_05744,staker,small_persistent_staker,9.602002771,False,986,0.0,0.046528135,0,0,0,1,0.0,0.046528135
staker_05745,staker,small_persistent_staker,5.489957868,True,986,0.0,-0.015922451,0,0,0,0,0.0,0.026809589
staker_05746,staker,small_persistent_staker,12.99454959,True,986,0.0,-0.037687918,0,0,0,0,0.0,0.063457414
staker_05747,staker,small_persistent_staker,14.215171864,True,986,0.0,-0.041228073,0,0,0,0,0.0,0.069418185
staker_05748,staker,small_persistent_staker,22.773843896,True,986,0.0,-0.066050674,0,0,0,0,0.0,0.111213492
staker_05749,staker,staker_whale,168.956274909,True,986,0.0,-0.490021621,0,0,0,0,0.0,0.82507887
staker_05750,staker,small_persistent_staker,6.574204011,True,987,0.0,-0.051171458,0,0,0,0,0.0,0.0
staker_05751,staker,small_persistent_staker,8.723502805,False,987,0.0,-0.016972967,0,0,0,1,0.0,0.0
staker_05752,staker,small_persistent_staker,5.683712865,True,987,0.0,-0.044240166,0,0,0,0,0.0,0.0
staker_05753,staker,small_persistent_staker,11.43252306,True,987,0.0,-0.088987028,0,0,0,0,0.0,0.0
staker_05754,staker,small_persistent_staker,3.599371961,True,987,0.0,-0.028016336,0,0,0,0,0.0,0.0
staker_05755,staker,small_persistent_staker,27.655122878,True,987,0.0,-0.215258449,0,0,0,0,0.0,0.0
staker_05756,staker,small_persistent_staker,7.829687731,True,988,0.0,-0.056539326,0,0,0,0,0.0,0.0
staker_05757,staker,small_persistent_staker,4.093029942,False,988,0.0,-0.008130779,0,0,0,1,0.0,0.0
staker_05758,staker,small_persistent_staker,9.009767775,True,988,0.0,-0.065060858,0,0,0,0,0.0,0.0
staker_05759,staker,small_persistent_staker,4.332116103,True,989,0.0,-0.028751315,0,0,0,0,0.0,0.0
staker_05760,staker,staker_whale,193.33176667,False,989,0.0,-0.907513395,0,0,0,1,0.0,0.0
staker_05761,staker,small_persistent_staker,7.824591173,True,989,0.0,-0.051930114,0,0,0,0,0.0,0.0
staker_05762,staker,small_persistent_staker,9.07525564,True,989,0.0,-0.060230502,0,0,0,0,0.0,0.0
staker_05763,staker,small_persistent_staker,5.254531996,True,989,0.0,-0.034873189,0,0,0,0,0.0,0.0
staker_05764,staker,small_persistent_staker,19.782902616,True,990,0.0,-0.123242851,0,0,0,0,0.0,0.0
staker_05765,staker,small_persistent_staker,24.941409887,True,990,0.0,-0.155379144,0,0,0,0,0.0,0.0
staker_05766,staker,small_persistent_staker,3.938183879,False,990,0.0,-0.021760061,0,0,0,1,0.0,0.0
staker_05767,staker,small_persistent_staker,11.272192055,True,991,0.0,-0.065679425,0,0,0,0,0.0,0.0
staker_05768,staker,small_persistent_staker,7.656847903,True,991,0.0,-0.044613981,0,0,0,0,0.0,0.0
staker_05769,staker,small_persistent_staker,26.62224206,True,991,0.0,-0.155119212,0,0,0,0,0.0,0.0
staker_05770,staker,small_persistent_staker,16.411257043,False,992,0.0,-0.031909848,0,0,0,1,0.0,0.0
staker_05771,staker,small_persistent_staker,1.961966344,True,992,0.0,-0.010249852,0,0,0,0,0.0,0.0
staker_05772,staker,small_persistent_staker,7.699197014,True,992,0.0,-0.040222724,0,0,0,0,0.0,0.0
staker_05773,staker,staker_whale,696.849808101,False,992,0.0,-3.150191899,0,0,0,1,0.0,0.0
staker_05774,staker,small_persistent_staker,9.801269937,True,992,0.0,-0.051204531,0,0,0,0,0.0,0.0
staker_05775,staker,small_persistent_staker,6.526141942,True,992,0.0,-0.034094361,0,0,0,0,0.0,0.0
staker_05776,staker,small_persistent_staker,11.963892247,True,993,0.0,-0.054084189,0,0,0,0,0.0,0.0
staker_05777,staker,small_persistent_staker,2.338444608,True,993,0.0,-0.010571215,0,0,0,0,0.0,0.0
staker_05778,staker,small_persistent_staker,19.992362783,True,993,0.0,-0.090377838,0,0,0,0,0.0,0.0
staker_05779,staker,small_persistent_staker,11.006207484,True,993,0.0,-0.049754861,0,0,0,0,0.0,0.0
staker_05780,staker,small_persistent_staker,3.789914343,True,993,0.0,-0.017132756,0,0,0,0,0.0,0.0
staker_05781,staker,small_persistent_staker,17.489191489,True,994,0.0,-0.073533259,0,0,0,0,0.0,0.0
staker_05782,staker,small_persistent_staker,6.431427528,True,994,0.0,-0.02704092,0,0,0,0,0.0,0.0
staker_05783,staker,small_persistent_staker,4.346701722,True,994,0.0,-0.018275696,0,0,0,0,0.0,0.0
staker_05784,staker,small_persistent_staker,28.258523182,True,994,0.0,-0.118812885,0,0,0,0,0.0,0.0
staker_05785,staker,small_persistent_staker,3.458784047,True,994,0.0,-0.014542448,0,0,0,0,0.0,0.0
staker_05786,staker,small_persistent_staker,5.446440066,True,995,0.0,-0.019976588,0,0,0,0,0.0,0.0
staker_05787,staker,small_persistent_staker,8.039948617,True,995,0.0,-0.029489124,0,0,0,0,0.0,0.0
staker_05788,staker,staker_whale,128.948240236,True,995,0.0,-0.472959565,0,0,0,0,0.0,0.0
staker_05789,staker,small_persistent_staker,19.211845721,True,995,0.0,-0.070465686,0,0,0,0,0.0,0.0
staker_05790,staker,small_persistent_staker,3.32137322,True,995,0.0,-0.012182215,0,0,0,0,0.0,0.0
staker_05791,staker,small_persistent_staker,2.828531382,True,995,0.0,-0.010374558,0,0,0,0,0.0,0.0
staker_05792,staker,small_persistent_staker,7.591997513,True,995,0.0,-0.027846117,0,0,0,0,0.0,0.0
staker_05793,staker,small_persistent_staker,30.087301395,True,995,0.0,-0.110354953,0,0,0,0,0.0,0.0
staker_05794,staker,small_persistent_staker,22.124772939,True,996,0.0,-0.072425939,0,0,0,0,0.0,0.0
staker_05795,staker,small_persistent_staker,50.763181155,True,996,0.0,-0.166174409,0,0,0,0,0.0,0.0
staker_05796,staker,small_persistent_staker,10.652706439,True,996,0.0,-0.034871873,0,0,0,0,0.0,0.0
staker_05797,staker,small_persistent_staker,4.102354435,True,996,0.0,-0.013429149,0,0,0,0,0.0,0.0
staker_05798,staker,small_persistent_staker,43.805190948,True,996,0.0,-0.143397273,0,0,0,0,0.0,0.0
staker_05799,staker,small_persistent_staker,1.225911032,True,996,0.0,-0.004013047,0,0,0,0,0.0,0.0
staker_05800,staker,small_persistent_staker,4.724363127,True,996,0.0,-0.015465308,0,0,0,0,0.0,0.0
staker_05801,staker,small_persistent_staker,36.82077488,True,996,0.0,-0.12053363,0,0,0,0,0.0,0.0
staker_05802,staker,small_persistent_staker,13.287223625,True,996,0.0,-0.043496024,0,0,0,0,0.0,0.0
staker_05803,staker,small_persistent_staker,1.609900275,True,996,0.0,-0.005270045,0,0,0,0,0.0,0.0
staker_05804,staker,small_persistent_staker,4.373704784,True,997,0.0,-0.011446071,0,0,0,0,0.0,0.0
staker_05805,staker,small_persistent_staker,13.225788615,True,997,0.0,-0.034612147,0,0,0,0,0.0,0.0
staker_05806,staker,small_persistent_staker,12.367565797,True,997,0.0,-0.032366161,0,0,0,0,0.0,0.0
staker_05807,staker,small_persistent_staker,11.610724825,True,997,0.0,-0.030385494,0,0,0,0,0.0,0.0
staker_05808,staker,small_persistent_staker,9.039193299,True,997,0.0,-0.023655745,0,0,0,0,0.0,0.0
staker_05809,staker,staker_whale,247.690345245,True,997,0.0,-0.648210473,0,0,0,0,0.0,0.0
staker_05810,staker,small_persistent_staker,23.033359604,True,997,0.0,-0.060278752,0,0,0,0,0.0,0.0
staker_05811,staker,small_persistent_staker,4.534341659,True,997,0.0,-0.011866461,0,0,0,0,0.0,0.0
staker_05812,staker,small_persistent_staker,21.538405686,True,998,0.0,-0.041647384,0,0,0,0,0.0,0.0
staker_05813,staker,small_persistent_staker,6.029907968,True,998,0.0,-0.011659632,0,0,0,0,0.0,0.0
staker_05814,staker,small_persistent_staker,7.200023553,False,998,0.0,-0.008872445,0,0,0,1,0.0,0.0
staker_05815,staker,small_persistent_staker,7.367291119,True,998,0.0,-0.014245641,0,0,0,0,0.0,0.0
staker_05816,staker,small_persistent_staker,6.073653797,True,998,0.0,-0.011744221,0,0,0,0,0.0,0.0
staker_05817,staker,small_persistent_staker,72.108064815,True,999,0.0,-0.088857326,0,0,0,0,0.0,0.0
staker_05818,staker,small_persistent_staker,3.89149906,True,999,0.0,-0.004795416,0,0,0,0,0.0,0.0
staker_05819,staker,small_persistent_staker,9.127858094,True,999,0.0,-0.011248077,0,0,0,0,0.0,0.0
staker_05820,staker,small_persistent_staker,6.61247325,True,999,0.0,-0.008148419,0,0,0,0,0.0,0.0
staker_05821,staker,small_persistent_staker,8.317949238,True,999,0.0,-0.010250042,0,0,0,0,0.0,0.0
staker_05822,staker,small_persistent_staker,13.728260922,True,999,0.0,-0.016917061,0,0,0,0,0.0,0.0
staker_05823,staker,small_persistent_staker,13.404658653,True,1000,0.0,-0.009389834,0,0,0,0,0.0,0.0
staker_05824,staker,small_persistent_staker,6.229902002,True,1000,0.0,-0.004363986,0,0,0,0,0.0,0.0
staker_05825,staker,small_persistent_staker,9.946971651,True,1000,0.0,-0.006967758,0,0,0,0,0.0,0.0
staker_05826,staker,small_persistent_staker,4.863428982,True,1000,0.0,-0.003406785,0,0,0,0,0.0,0.0
staker_05827,staker,small_persistent_staker,4.302882643,True,1000,0.0,-0.003014128,0,0,0,0,0.0,0.0
staker_05828,staker,small_persistent_staker,15.641927204,True,1001,0.0,0.0,0,0,0,0,0.0,0.0
staker_05829,staker,small_persistent_staker,4.640179685,True,1001,0.0,0.0,0,0,0,0,0.0,0.0
staker_05830,staker,small_persistent_staker,9.169827433,True,1001,0.0,0.0,0,0,0,0,0.0,0.0
staker_05831,staker,small_persistent_staker,25.612039095,True,1001,0.0,0.0,0,0,0,0,0.0,0.0
staker_05832,staker,small_persistent_staker,55.521420073,True,1001,0.0,0.0,0,0,0,0,0.0,0.0
staker_05833,staker,small_persistent_staker,5.618078718,True,1001,0.0,0.0,0,0,0,0,0.0,0.0
